date,open,high,low,close,volume
2016-09-19,1.557835365109855,1.6010131938657406,1.5507208890168647,1.5620059967041016,417128000.0
2016-09-20,1.5799155778091296,1.5799155778091296,1.5391910733361558,1.547777533531189,331112000.0
2016-09-21,1.55243822563152,1.5941440748627593,1.5521929149979499,1.5912001132965088,336212000.0
2016-09-22,1.6005226194395052,1.6054291830565643,1.5860482392219253,1.5951253175735474,308732000.0
2016-09-23,1.5970876404566758,1.6017487753022637,1.5862931563839782,1.5934076309204102,276132000.0
2016-09-26,1.5752540160692452,1.5848218342708116,1.5585717203760279,1.5784432888031006,230040000.0
2016-09-27,1.5723099733285213,1.634868754440531,1.5715740413423447,1.6324154138565063,402752000.0
2016-09-28,1.6348691726031181,1.639530427319634,1.6174508243428218,1.6383037567138672,319788000.0
2016-09-29,1.635604586720891,1.658665542274406,1.6203942737649946,1.6535135507583618,336684000.0
2016-09-30,1.662590637222484,1.6974273204173693,1.652777510093556,1.6809903383255005,429932000.0
2016-10-03,1.680990656423981,1.7052781682113252,1.676329402608423,1.679273247718811,242596000.0
2016-10-04,1.6817264914582428,1.7099392064200132,1.66308147727141,1.6755932569503784,281624000.0
2016-10-05,1.6898221701516163,1.70699520177056,1.6687239343246494,1.6738758087158203,305440000.0
2016-10-06,1.6537592038243998,1.6640629542976544,1.6255463698906325,1.6520419120788574,360212000.0
2016-10-07,1.6630813277073662,1.6674972701937008,1.6353592365651752,1.640020489692688,286260000.0
2016-10-10,1.648607269932626,1.6574391566350757,1.630698302820233,1.6461540460586548,287876000.0
2016-10-11,1.6407569558074753,1.6432101798247696,1.6098454675247087,1.6223572492599487,388540000.0
2016-10-12,1.615732876278411,1.638303091541023,1.6022398560385644,1.6297166347503662,419920000.0
2016-10-13,1.610580962327932,1.6142608555782894,1.5627418821464973,1.60322105884552,390116000.0
2016-10-14,1.6228475572531398,1.6338873556532372,1.6093545353095293,1.6189223527908325,330636000.0
2016-10-17,1.618677144673341,1.6338874591554564,1.6073920349021837,1.6095999479293823,195328000.0
2016-10-18,1.631924948939206,1.6434553700330958,1.6253010925019018,1.6341328620910645,269372000.0
2016-10-19,1.623092867901674,1.6383031803239287,1.6147516043024919,1.6306979656219482,199060000.0
2016-10-20,1.6498339178639039,1.667006952674459,1.6265277649611847,1.6616096496582031,312084000.0
2016-10-21,1.6557216577437601,1.659892172902414,1.6412472760543104,1.6569483280181885,279508000.0
2016-10-24,1.668233501029067,1.736680090614047,1.6679880733794157,1.7347174882888794,339836000.0
2016-10-25,1.731773734022629,1.7737249047952508,1.7234325854039223,1.7631757259368896,397460000.0
2016-10-26,1.7484558488069257,1.789671083186635,1.7467385571229148,1.7702901363372803,333792000.0
2016-10-27,1.7837828157191398,1.7872173984259272,1.7268666564692219,1.7339811325073242,388664000.0
2016-10-28,1.7423227264727843,1.7688181506600613,1.727848344041881,1.7310376167297363,290856000.0
2016-10-31,1.736680025910024,1.7572876420108012,1.7356986662931426,1.7457572221755981,252388000.0
2016-11-01,1.7521358113120602,1.7617036291359283,1.6753479580561519,1.6939929723739624,473224000.0
2016-11-02,1.7069951975619189,1.7300560354360406,1.6839342427060904,1.6868782043457031,295848000.0
2016-11-03,1.6947289671433494,1.6962009481693696,1.6348688343515114,1.6672521829605103,309664000.0
2016-11-04,1.656212702490444,1.6861428331372077,1.6333971676689194,1.6576846837997437,328780000.0
2016-11-07,1.70625963686759,1.7594959213075039,1.7050329663364836,1.7484561204910278,487580000.0
2016-11-08,1.7550796121182473,1.7607222251973114,1.7295655488782125,1.7457572221755981,429884000.0
2016-11-09,1.69840857149712,1.7393784885994006,1.6858969103828154,1.7163175344467163,456532000.0
2016-11-10,1.7538527190400337,1.7540980296512996,1.6378123772293787,1.662590503692627,869280000.0
2016-11-11,1.9506066756797877,2.177780746073237,1.9258284249353097,2.1581544876098633,2175344000.0
2016-11-14,2.1610981673731238,2.163551507851318,2.0514364683882085,2.051927089691162,1348796000.0
2016-11-15,2.067872743913456,2.145396502747528,2.0590408610939983,2.114485263824463,626092000.0
2016-11-16,2.1426987136539593,2.2707600061840796,2.1184112029365116,2.2479445934295654,987984000.0
2016-11-17,2.26462668403364,2.325468169156217,2.223902075534499,2.266589403152466,832988000.0
2016-11-18,2.2665900214801447,2.3141835749701913,2.252115636675008,2.290386915206909,576060000.0
2016-11-21,2.30829478291267,2.314673326292185,2.2668341339641387,2.2810633182525635,436436000.0
2016-11-22,2.2889148656189753,2.299709239038085,2.2663446419510276,2.2975013256073,330368000.0
2016-11-23,2.302660547062721,2.340251967502893,2.279319619094938,2.308803081512451,443236000.0
2016-11-25,2.31985965161683,2.3365669253011703,2.2950441847488516,2.313471555709839,195564000.0
2016-11-28,2.3063457693512066,2.3277212709806245,2.2997118798664973,2.3122425079345703,278736000.0
2016-11-29,2.3095397944578617,2.320350560410216,2.2734226791972123,2.2911126613616943,444568000.0
2016-11-30,2.2997118294696683,2.3134709639672266,2.2628575656018355,2.2653145790100098,440500000.0
2016-12-01,2.2628577188566243,2.264577581496087,2.0827627946240796,2.1532773971557617,1035524000.0
2016-12-02,2.1191260146603836,2.181778464081036,2.0913624132908195,2.1731791496276855,478292000.0
2016-12-05,2.211016192752038,2.2753885067965265,2.186692316508916,2.2574527263641357,602284000.0
2016-12-06,2.265561164623576,2.3029070355179715,2.249836599737189,2.294553279876709,498796000.0
2016-12-07,2.2810396817298964,2.3414806795401173,2.262858106204951,2.335829734802246,480804000.0
2016-12-08,2.3387775051212305,2.373911905852081,2.286198684399109,2.2967634201049805,381544000.0
2016-12-09,2.314454401134013,2.316174264196134,2.2287065745437715,2.25597882270813,382312000.0
2016-12-12,2.2075757042300665,2.2100327173808547,2.150820012603422,2.2011876106262207,601332000.0
2016-12-13,2.2134725516671514,2.267525672092586,2.2124898400836455,2.2400076389312744,387796000.0
2016-12-14,2.2736687206605763,2.38595187423518,2.2498361995495992,2.3697359561920166,983980000.0
2016-12-15,2.380791352846011,2.455483059448146,2.373420547073213,2.425262451171875,746548000.0
2016-12-16,2.4527805104876204,2.474156013509491,2.401184395992641,2.4670310020446777,1089528000.0
2016-12-19,2.449586465093681,2.517152696328942,2.4323876048612636,2.4970057010650635,744656000.0
2016-12-20,2.5694859392775564,2.607568711077909,2.5581838178236005,2.583981990814209,848056000.0
2016-12-21,2.595529798345775,2.60314639993633,2.5481105604546603,2.6001980304718018,576136000.0
2016-12-22,2.6245221021307383,2.674889713311406,2.6173968558575456,2.6316473484039307,718612000.0
2016-12-23,2.6137111549270036,2.6987220455059826,2.611008580529697,2.6972477436065674,647692000.0
2016-12-27,2.7532665888342787,2.8834852675921416,2.7326280019937825,2.882502555847168,1194272000.0
2016-12-28,2.9385216143073194,2.9466295733828805,2.6704676088567747,2.6842265129089355,2295764000.0
2016-12-29,2.577348649273519,2.739262264091254,2.5257525266353014,2.737787961959839,2175368000.0
2016-12-30,2.7358227976916383,2.7498274976996404,2.6117463901904694,2.6225569248199463,1212932000.0
2017-01-03,2.5650630519979716,2.6134652295042846,2.441723843949074,2.5063419342041016,1501996000.0
2017-01-04,2.5404947408476164,2.592090870887968,2.494549556389633,2.5648186206817627,1199220000.0
2017-01-05,2.568257595108628,2.599952274436208,2.4827553479805204,2.499708414077759,984296000.0
2017-01-06,2.5269804826720637,2.561377968368965,2.486440697603506,2.533123016357422,822856000.0
2017-01-09,2.5429513709050635,2.6535144230501206,2.5429513709050635,2.635824203491211,916248000.0
2017-01-10,2.648845876350075,2.6827517750167607,2.5952841023977884,2.615922689437866,880920000.0
2017-01-11,2.6043740454295943,2.609287836702926,2.5589202460046825,2.583735466003418,525664000.0
2017-01-12,2.5608868064079657,2.572434489434211,2.4967600620348613,2.5414767265319824,625616000.0
2017-01-13,2.545408036234708,2.579805527622623,2.5321404893184205,2.541231393814087,457820000.0
2017-01-17,2.5306663328205405,2.5355801260957644,2.4709622566343707,2.484229803085327,580612000.0
2017-01-18,2.462854022076797,2.5363169923629165,2.435090425394463,2.52943754196167,654424000.0
2017-01-19,2.532385163913235,2.615675929377803,2.530173946124554,2.583735466003418,644872000.0
2017-01-20,2.606340398414143,2.624030615664489,2.533614574554863,2.555481433868408,492024000.0
2017-01-23,2.5503222600549873,2.601918383946501,2.547865245985449,2.582016944885254,369904000.0
2017-01-24,2.592089838948761,2.6431945926340417,2.577347992957356,2.637052059173584,428052000.0
2017-01-25,2.6793123007448165,2.685454835570461,2.6124832089007715,2.6483547687530518,522760000.0
2017-01-26,2.651056147519184,2.701423738798449,2.6215726965981734,2.6940529346466064,458800000.0
2017-01-27,2.700933880547155,2.7490902807110773,2.6743987834380345,2.7461419105529785,471996000.0
2017-01-30,2.725257925965952,2.727469145141868,2.651303575269564,2.7031452655792236,496004000.0
2017-01-31,2.676855616489389,2.703882067743787,2.6584282456697395,2.682506561279297,362756000.0
2017-02-01,2.71690344721416,2.8038797632655403,2.6992134642053696,2.7997031211853027,590004000.0
2017-02-02,2.7837324545236743,2.8436823163113707,2.7532662849684155,2.835082769393921,483240000.0
2017-02-03,2.836557456779612,2.84761378429141,2.7984746810799326,2.810267925262451,372744000.0
2017-02-06,2.8009313748037066,2.882748102162136,2.8009313748037066,2.8822567462921143,506768000.0
2017-02-07,2.916408371837332,2.9709528554764972,2.896752731610534,2.926973342895508,746224000.0
2017-02-08,2.909038094409948,2.931396313082359,2.859407394644077,2.9141976833343506,449580000.0
2017-02-09,2.920339771583535,2.925253799333136,2.8402431343632077,2.8594071865081787,842568000.0
2017-02-10,2.9466293833349284,2.965547875186469,2.7665344322816066,2.791595458984375,1651092000.0
2017-02-13,2.7859445533395726,2.800440608971184,2.6584284228101196,2.662851095199585,1180724000.0
2017-02-14,2.653267443114901,2.7063378437794103,2.6114991611739393,2.672677516937256,850632000.0
2017-02-15,2.6756266405263682,2.6977390598695723,2.647617247985779,2.6780834197998047,373020000.0
2017-02-16,2.6876653555494925,2.6888938621951914,2.5960208217407694,2.6350865364074707,647176000.0
2017-02-17,2.6215731687609254,2.639017588035933,2.574645293254741,2.6345949172973633,563740000.0
2017-02-21,2.659164713683124,2.73287347508703,2.6589189186189808,2.728942394256592,551952000.0
2017-02-22,2.7409964331711696,2.7503446790315316,2.7058174585683568,2.724760055541992,433772000.0
2017-02-23,2.595361181442254,2.6172556352373433,2.452185863332219,2.4721121788024902,1592888000.0
2017-02-24,2.3879782029756456,2.5092590676893565,2.354275388339651,2.4959747791290283,1029904000.0
2017-02-27,2.514179555034169,2.583553095169672,2.498435150591279,2.568546772003174,715400000.0
2017-02-28,2.578140748695995,2.587981206216109,2.4792465436349347,2.496466875076294,625360000.0
2017-03-01,2.553294355853931,2.567562832422277,2.4873648818777494,2.528693914413452,504804000.0
2017-03-02,2.5159017676396047,2.529924139843571,2.432751721057641,2.435457706451416,754332000.0
2017-03-03,2.4248796613180583,2.4297996561416397,2.367068138527173,2.421435594558716,864692000.0
2017-03-06,2.385272372570663,2.413317113908869,2.341237356713993,2.4027388095855713,883568000.0
2017-03-07,2.4027389378502355,2.448495989322442,2.3899466237088065,2.4290614128112793,603400000.0
2017-03-08,2.4772789334462084,2.4920393882643728,2.4224197318084273,2.424633741378784,638712000.0
2017-03-09,2.408642870807444,2.4465275987310173,2.3960964286480624,2.4241411685943604,478060000.0
2017-03-10,2.450465231866173,2.462273364740741,2.4202064661452973,2.438410758972168,499740000.0
2017-03-13,2.4487411929104668,2.515408724310361,2.448003111894631,2.505568504333496,774136000.0
2017-03-14,2.518362427227322,2.5277104427764767,2.4716211764340454,2.503848075866699,522016000.0
2017-03-15,2.515409845519268,2.5336141315556318,2.467930522493065,2.52278995513916,615036000.0
2017-03-16,2.5333679845366004,2.554278488353498,2.519345613561585,2.553786277770996,523100000.0
2017-03-17,2.5712534552370663,2.6106145943346024,2.5537870128138374,2.609384536743164,1119688000.0
2017-03-20,2.6268498955250146,2.6964695311360014,2.610859388042298,2.692533254623413,748568000.0
2017-03-21,2.6753140153571193,2.70508079894123,2.5975761589864717,2.6054482460021973,913484000.0
2017-03-22,2.5943769281717475,2.663258717844418,2.5904408862328694,2.6585845947265625,616764000.0
2017-03-23,2.6507128047821245,2.670639358321993,2.6248823044614147,2.63447642326355,533940000.0
2017-03-24,2.6807255924036926,2.6885976775711313,2.6179940779295348,2.643824577331543,439500000.0
2017-03-27,2.5973300756279527,2.666949740211738,2.5481289448391373,2.6630136966705322,506644000.0
2017-03-28,2.664243481673808,2.678757831367182,2.6389049546972214,2.6492371559143066,432444000.0
2017-03-29,2.6566169448882717,2.6689172834919868,2.638412659595463,2.6406266689300537,349992000.0
2017-03-30,2.6477599822981066,2.706063464151477,2.642101907783463,2.691303014755249,525532000.0
2017-03-31,2.681709998365788,2.703358588155148,2.666703672181048,2.679741859436035,440808000.0
2017-04-03,2.6802339786178773,2.697454313879732,2.6425948771592234,2.6662116050720215,445232000.0
2017-04-04,2.543699671199006,2.5687923176445575,2.468421966471733,2.479246139526367,1271280000.0
2017-04-05,2.4605507276887484,2.518362258501397,2.447758410919178,2.46079683303833,747048000.0
2017-04-06,2.465963393356101,2.4908099500854295,2.4209441709249755,2.4787557125091553,635120000.0
2017-04-07,2.4851508263648068,2.5026172638052584,2.453170041939292,2.4681763648986816,429068000.0
2017-04-10,2.4689147610061846,2.4755567894207413,2.4010171410926637,2.4051992893218994,756332000.0
2017-04-11,2.3751862504537433,2.4329977713229933,2.370266255793701,2.413809299468994,618148000.0
2017-04-12,2.4138093046741247,2.428077547289405,2.388716651486409,2.3938827514648438,414092000.0
2017-04-13,2.369774765206873,2.391423121520562,2.3491101264953613,2.3491101264953613,506892000.0
2017-04-17,2.3619025495975485,2.441362442185588,2.356736448340385,2.4411165714263916,497292000.0
2017-04-18,2.4268482109292258,2.4487429092768376,2.401017703363412,2.4425926208496094,370116000.0
2017-04-19,2.4600586708681402,2.4841671407376023,2.4455443209562664,2.4521865844726562,380828000.0
2017-04-20,2.466700205318042,2.4957288965619684,2.445543598142899,2.4910547733306885,404016000.0
2017-04-21,2.4807220139285904,2.5040926270093156,2.468913889379416,2.5013866424560547,341896000.0
2017-04-24,2.532875598982098,2.545667911836018,2.5119653312191184,2.5326297283172607,371820000.0
2017-04-25,2.5471444903874434,2.5911795113567897,2.525742008579459,2.576665163040161,388440000.0
2017-04-26,2.59019599651629,2.5926558770287973,2.5569851461977886,2.558953285217285,327004000.0
2017-04-27,2.566332903343281,2.6071697273257985,2.5483744886970565,2.5988056659698486,319700000.0
2017-04-28,2.591916842654333,2.5988049741524346,2.560181935183158,2.565840244293213,348248000.0
2017-05-01,2.5766649312045447,2.6285722676432535,2.5695306930406367,2.623405933380127,307732000.0
2017-05-02,2.596591996546382,2.5978220540322865,2.5230360603899555,2.545668601989746,629972000.0
2017-05-03,2.538780222608575,2.5742050771097316,2.5240200034219415,2.5646109580993652,336904000.0
2017-05-04,2.5707609844770896,2.5818312660604823,2.5468983879355296,2.5547707080841064,209788000.0
2017-05-05,2.543208389613081,2.562150756282244,2.5277098550015924,2.55501651763916,228428000.0
2017-05-08,2.566824871406738,2.5683007994263565,2.516885670296576,2.5282020568847656,365240000.0
2017-05-09,2.5338600813612606,2.5813391668640393,2.5254957855917977,2.532383918762207,847672000.0
2017-05-10,2.811600889760647,2.9968433622158166,2.8049588611862966,2.983804941177368,2129096000.0
2017-05-11,2.953299892448665,3.208653959469508,2.9498558259892715,3.111973524093628,1939792000.0
2017-05-12,3.1151721068165155,3.1882358274213143,3.0942616001687777,3.1461687088012695,962620000.0
2017-05-15,3.1872521566212915,3.306564920017627,3.1828239026544836,3.304104804992676,1087540000.0
2017-05-16,3.3550270502767536,3.3811038870483237,3.2807335205995947,3.365605354309082,1120700000.0
2017-05-17,3.2989384674204794,3.31763496489297,3.1378046986034867,3.141986846923828,1271368000.0
2017-05-18,3.185775456842391,3.282455896465316,3.1255040565459296,3.273599624633789,1156032000.0
2017-05-19,3.3745678398059016,3.4038732342598763,3.3299939543738706,3.3492026329040527,1018372000.0
2017-05-22,3.3927911022420076,3.4349022770714446,3.3819552942697113,3.420619010925293,836608000.0
2017-05-23,3.440321249668926,3.442537590897353,3.342061498070772,3.374568462371826,681248000.0
2017-05-24,3.471350876427973,3.474059946987195,3.400426540218226,3.4124937057495117,815996000.0
2017-05-25,3.4477081466934005,3.4484470051772256,3.3600378669723026,3.404858112335205,608228000.0
2017-05-26,3.3967317272350885,3.577736339233551,3.376538060474399,3.493021249771118,779140000.0
2017-05-30,3.5388269272658746,3.602609499324451,3.5228198105537465,3.5676400661468506,989652000.0
2017-05-31,3.612459933020621,3.620094179153557,3.4981930752321353,3.5548341274261475,887316000.0
2017-06-01,3.570594557486202,3.5715797805110046,3.5097671932483245,3.555079936981201,503340000.0
2017-06-02,3.5521252264932444,3.5782292953979007,3.5314390629729058,3.5373494625091553,487456000.0
2017-06-05,3.521095992436869,3.6577728665797804,3.5095215578317074,3.6449670791625977,817376000.0
2017-06-06,3.6402883635619463,3.6863399765232385,3.615169515452656,3.6284677982330322,758728000.0
2017-06-07,3.652847436669714,3.6910184317670636,3.6373328150567654,3.67230224609375,612612000.0
2017-06-08,3.7791811608856847,3.9402384781996225,3.738054966861927,3.938760995864868,1161744000.0
2017-06-09,4.056969643144458,4.149565143391862,3.5154326111545537,3.684124231338501,3692928000.0
2017-06-12,3.592512937863152,3.7358390752595,3.499671093252213,3.693235158920288,1697532000.0
2017-06-13,3.8023303024767348,3.8114422661963125,3.586848495152453,3.7284510135650635,1672504000.0
2017-06-14,3.7314062864358495,3.7939575066201057,3.6570342670629152,3.7363314628601074,1184640000.0
2017-06-15,3.619109467765831,3.782629273760976,3.6077811625177807,3.7523388862609863,963824000.0
2017-06-16,3.7619431186039427,3.8097185756842524,3.6998843912445447,3.7338688373565674,924960000.0
2017-06-19,3.7779506158822778,3.8794119399690397,3.774256791827417,3.8742403984069824,778176000.0
2017-06-20,3.916351269364421,3.9830890448528065,3.8643894934567418,3.8685758113861084,1095444000.0
2017-06-21,3.8961581912282113,3.930881501950377,3.8343455829664097,3.927187442779541,682652000.0
2017-06-22,3.9353129254306634,3.9486114402463697,3.8762094067549966,3.900097131729126,469132000.0
2017-06-23,3.907732255351695,3.923493244177839,3.7732714735532724,3.7882938385009766,1088588000.0
2017-06-26,3.8210464772321058,3.8565086391354506,3.6528476314064036,3.7469208240509033,1063960000.0
2017-06-27,3.7294369769256828,3.73805621389512,3.604088141734593,3.6097521781921387,999492000.0
2017-06-28,3.6772277025340445,3.741749130094432,3.589311042592319,3.737070083618164,994948000.0
2017-06-29,3.7087495013575937,3.71170446597166,3.5481846811678057,3.612213611602783,1064424000.0
2017-06-30,3.6294527550057487,3.6429974021955376,3.5339020705275956,3.5600061416625977,731060000.0
2017-07-03,3.5720734924046695,3.5868492593926233,3.41273997646433,3.4312098026275635,709072000.0
2017-07-05,3.494499822662514,3.551633382157519,3.4755375026328075,3.522820472717285,820188000.0
2017-07-06,3.493759930454596,3.5801988622535945,3.4417979316486496,3.5334084033966064,746284000.0
2017-07-07,3.59005028245495,3.6324078348739786,3.567147541766869,3.6141841411590576,654972000.0
2017-07-10,3.6875709890259074,3.792479758989265,3.6614669200732775,3.7850918769836426,958492000.0
2017-07-11,3.7887855124868475,3.8464115493538045,3.7469204610340032,3.8387773036956787,757956000.0
2017-07-12,3.8983720735933107,4.014116369652678,3.855522047611484,4.002049446105957,1145208000.0
2017-07-13,4.014117266165911,4.095384655956342,3.9094548823963935,3.9557526111602783,1369132000.0
2017-07-14,3.9720067508002272,4.063617235487492,3.965111363227694,4.062139987945557,941948000.0
2017-07-17,4.096124039718156,4.124937176520044,3.9833346676498143,4.044900894165039,930792000.0
2017-07-18,3.9840732773099026,4.101541923262024,3.972252479888091,4.08701229095459,776640000.0
2017-07-19,4.096124912992245,4.122475349985745,4.0537675918855784,4.0658345222473145,687044000.0
2017-07-20,4.086273569817204,4.125183187116723,4.0365281428978,4.124937057495117,699596000.0
2017-07-21,4.1044984348153015,4.169266245721007,4.090214926737501,4.139714241027832,648332000.0
2017-07-24,4.146855064001216,4.1564592866837495,4.081102283044865,4.091691493988037,652524000.0
2017-07-25,4.068789402156191,4.086274473128825,4.028402058772977,4.071990966796875,496556000.0
2017-07-26,4.129369263554187,4.184778953378567,4.084302653201963,4.119026184082031,640404000.0
2017-07-27,4.143898701006594,4.155473367329983,3.8801490125108566,3.9830877780914307,782856000.0
2017-07-28,3.947380321870892,4.072729360478066,3.9225078406095464,4.048348903656006,513348000.0
2017-07-31,4.061891804755209,4.097846445853195,3.9555055981400353,4.002049446105957,559672000.0
2017-08-01,3.9926932279115017,4.052535614606998,3.964865545792006,4.050811767578125,431384000.0
2017-08-02,4.081841324294483,4.085781277513314,3.9715146490450417,4.048348903656006,478444000.0
2017-08-03,4.047856226828955,4.103512052865201,4.030863888614545,4.099818229675293,442420000.0
2017-08-04,4.122475710805803,4.188228509347416,4.0998195656127026,4.117796897888184,589096000.0
2017-08-07,4.146855293656474,4.244868441857209,4.137250600728978,4.244376182556152,717412000.0
2017-08-08,4.28229995565336,4.298799563471838,4.154734835063791,4.1938910484313965,755336000.0
2017-08-09,4.147840284935183,4.24092849162649,4.129124097794025,4.238465785980225,530784000.0
2017-08-10,4.2396984351788305,4.252011967857379,4.046873163593882,4.056970119476318,1328088000.0
2017-08-11,3.8698068626971676,3.9156121055431163,3.7656369544827846,3.840747594833374,1497196000.0
2017-08-14,3.9321107292707107,4.150793794088579,3.92053629862057,4.14709997177124,1279020000.0
2017-08-15,4.152272322117374,4.17837615242877,4.077900314121639,4.112131118774414,764532000.0
2017-08-16,4.127153740980362,4.150548737895191,4.034804401461206,4.0670647621154785,596632000.0
2017-08-17,4.058691364812007,4.0756832305013955,3.974222416676876,3.976438522338867,525444000.0
2017-08-18,4.030617575933094,4.047609913375762,3.9313726209973603,3.977177858352661,601204000.0
2017-08-21,4.001559394825823,4.012887466283256,3.875471717017157,3.919306755065918,623672000.0
2017-08-22,3.9557852433005176,4.012475928530424,3.9365596513816015,4.006560325622559,450456000.0
2017-08-23,3.973286154424343,4.097759235628306,3.9646588603591386,4.086667537689209,579520000.0
2017-08-24,4.118710884786994,4.123147941060815,4.045259691626048,4.0716328620910645,469700000.0
2017-08-25,4.095787391581279,4.105893233617583,4.031208917191864,4.0376176834106445,357200000.0
2017-08-28,4.056597588609993,4.069414653742885,4.00113908850356,4.0662102699279785,389496000.0
2017-08-29,4.00754446016497,4.081242404696236,3.999410334316359,4.05955171585083,324096000.0
2017-08-30,4.07927266179608,4.094801414045632,4.048955606717007,4.083709716796875,384400000.0
2017-08-31,4.103921513035186,4.1803307326422825,4.0965273605702075,4.176387310028076,612684000.0
2017-09-01,4.188956874900141,4.237020733205557,4.180329582520131,4.201527118682861,445432000.0
2017-09-05,4.150258797446492,4.155188544389192,4.031454998962617,4.0893778800964355,695364000.0
2017-09-06,4.122159896283915,4.135962810356963,4.052159000519317,4.086912631988525,397672000.0
2017-09-07,4.103673654398536,4.138180940189889,4.065715640028047,4.105892181396484,352868000.0
2017-09-08,4.094308592257942,4.109097366445899,4.010504754981762,4.0346598625183105,498856000.0
2017-09-11,4.080259264569538,4.176140654139937,4.074836353686888,4.165541648864746,567444000.0
2017-09-12,4.190189001927365,4.190189001927365,4.115505169124068,4.180576324462891,411488000.0
2017-09-13,4.155436671160119,4.228148824276696,4.123147896141856,4.199310779571533,580960000.0
2017-09-14,4.160365620097038,4.25328944439174,4.13596416618348,4.175401210784912,513712000.0
2017-09-15,4.2606836546972495,4.439383029937744,4.255507560152269,4.439383029937744,1364792000.0
2017-09-18,4.5633640950803915,4.712732289905315,4.5564626346703125,4.622766017913818,1684460000.0
2017-09-19,4.572481461586319,4.679454506728905,4.550544420646694,4.617834091186523,874280000.0
2017-09-20,4.621533013532898,4.668857372433986,4.540440397664032,4.5806169509887695,724920000.0
2017-09-21,4.477092597823015,4.5032198747177725,4.377760522599633,4.455402374267578,1075600000.0
2017-09-22,4.444064996457335,4.493607868316694,4.402163090762314,4.412022113800049,491232000.0
2017-09-25,4.381213021505902,4.382445693529425,4.194133651174554,4.214838027954102,874580000.0
2017-09-26,4.349170751522688,4.404136078485692,4.198816728052844,4.238500118255615,1125620000.0
2017-09-27,4.3287125392054975,4.3447339845095545,4.257972115591346,4.331423759460449,713720000.0
2017-09-28,4.338571619466589,4.342515511785984,4.282866784917443,4.330191612243652,435244000.0
2017-09-29,4.413995395407725,4.430016370605665,4.368889096171666,4.4063544273376465,619092000.0
2017-10-02,4.456388892786132,4.485473739443541,4.362726058358353,4.412022113800049,503480000.0
2017-10-03,4.418183588767618,4.45096597691381,4.377021196481145,4.421141624450684,390332000.0
2017-10-04,4.427305831164107,4.4802994529720275,4.390826349925435,4.458116054534912,427848000.0
2017-10-05,4.482516645364483,4.485967374309864,4.42582549395623,4.4556498527526855,437364000.0
2017-10-06,4.428045462545445,4.482024941530211,4.412024014315431,4.468714714050293,318800000.0
2017-10-09,4.50544133825388,4.602555430371248,4.4867086659659945,4.569526672363281,563492000.0
2017-10-10,4.718400688712322,4.755866025062479,4.615617830262761,4.656780242919922,974876000.0
2017-10-11,4.673293448992143,4.707801211423558,4.627448113519545,4.706322193145752,529508000.0
2017-10-12,4.709774072231793,4.759316965494428,4.681428722328736,4.7085418701171875,528292000.0
2017-10-13,4.770652941755351,4.806392899220946,4.723821759689926,4.7962870597839355,628728000.0
2017-10-16,4.826113488631211,4.881571986087256,4.763014021742257,4.8786139488220215,576640000.0
2017-10-17,4.857908710522161,4.902521847004452,4.839669207739079,4.874176502227783,478596000.0
2017-10-18,4.883049457348174,4.8837884963035805,4.764984693336063,4.869985580444336,567316000.0
2017-10-19,4.7925916189341695,4.8803388812461606,4.743541893149545,4.8754096031188965,570772000.0
2017-10-20,4.8924164033890305,4.919529075749701,4.844352068036117,4.8532257080078125,451620000.0
2017-10-23,4.874916135675638,4.9012897700471125,4.826112759314769,4.846324443817139,428696000.0
2017-10-24,4.8554434515344616,4.898824382684523,4.829562982720472,4.897099018096924,407244000.0
2017-10-25,4.857662009874665,4.910409273425949,4.711991404334285,4.773365020751953,828160000.0
2017-10-26,4.800971234910292,4.834985363451072,4.77706247731095,4.823400974273682,322744000.0
2017-10-27,4.875409404456083,4.975727379689853,4.849528462240865,4.975481033325195,572192000.0
2017-10-30,4.975480513632072,5.079741900316777,4.959705415535346,5.0242838859558105,504056000.0
2017-10-31,5.056079654790002,5.124108380250737,5.050410398448869,5.0974884033203125,411908000.0
2017-11-01,5.160095051692335,5.175376987141525,5.0430161321556355,5.1071014404296875,502576000.0
2017-11-02,5.077523577688236,5.122136709285966,5.019600222458373,5.07604455947876,342308000.0
2017-11-03,5.1071006699001265,5.143826484680176,5.061255340596038,5.143826484680176,353640000.0
2017-11-06,5.107102352179651,5.175624257465878,5.094778451134223,5.16699743270874,389944000.0
2017-11-07,5.189671519719113,5.247594861299797,5.177593970816381,5.2261505126953125,427700000.0
2017-11-08,5.221716046667525,5.225413592819289,5.108088314347517,5.155412673950195,522988000.0
2017-11-09,5.059530203692128,5.085657016917476,4.938754221318985,5.060762405395508,978564000.0
2017-11-10,5.25203171083334,5.389814971989079,5.216291754850505,5.327455043792725,1253256000.0
2017-11-13,5.327456576623527,5.352843884486151,5.225659588441793,5.240941524505615,582376000.0
2017-11-14,5.250060864829348,5.2944276531725345,5.206433585642095,5.27914571762085,529292000.0
2017-11-15,5.224180444166654,5.225413116147014,5.1218907657475885,5.175623416900635,501948000.0
2017-11-16,5.249567102014411,5.279637804175017,5.20692568701869,5.215798854827881,441768000.0
2017-11-17,5.2727375737671665,5.307984377038409,5.194602999228636,5.2096381187438965,515664000.0
2017-11-20,5.225165886505949,5.288758498093586,5.188440068497015,5.276680946350098,396100000.0
2017-11-21,5.316363629503131,5.336821654896491,5.284567562966016,5.325236797332764,399176000.0
2017-11-22,5.352370756388935,5.352370756388935,5.2687552089477245,5.301313400268555,356640000.0
2017-11-24,5.317592910836993,5.3523711740105515,5.293174030214423,5.351384162902832,180752000.0
2017-11-27,5.360017753001197,5.361250811275046,5.27862179332618,5.2818284034729,422896000.0
2017-11-28,5.287006863868924,5.296379704108994,5.136301867507722,5.197225093841553,512752000.0
2017-11-29,5.179959259648263,5.182672363477055,4.716744884725683,4.844758033752441,1396788000.0
2017-11-30,4.913328114727049,4.999163259213799,4.85043180242646,4.950572490692139,823768000.0
2017-12-01,4.916040837349313,4.936266563816445,4.7473301831448635,4.875836372375488,811548000.0
2017-12-04,4.934292438453037,4.940459139041359,4.550747466791511,4.604024410247803,1240844000.0
2017-12-05,4.498950597021288,4.7530033526278785,4.454059947393627,4.6306633949279785,981488000.0
2017-12-06,4.580345092739146,4.689859060043696,4.559132830419592,4.668153762817383,467032000.0
2017-12-07,4.734749822443466,4.775201267594271,4.689365675831851,4.735489845275879,542600000.0
2017-12-08,4.78531416171226,4.804306828533258,4.7147715836452955,4.72315788269043,466876000.0
2017-12-11,4.737216948042068,4.8043068705364815,4.721431360662924,4.801346778869629,372748000.0
2017-12-12,4.757935050891912,4.781120391490879,4.6836923752174675,4.70712423324585,455016000.0
2017-12-13,4.748070183575902,4.749303241559217,4.584785738024282,4.5921854972839355,554280000.0
2017-12-14,4.5857720652052345,4.67012762320997,4.5532138787023335,4.599338054656982,438164000.0
2017-12-15,4.6432429967173015,4.7451107138953725,4.578373136114201,4.724884986877441,670036000.0
2017-12-18,4.765335575664388,4.884222400517202,4.735737481037844,4.88126277923584,477704000.0
2017-12-19,4.871889246461135,4.87706893580662,4.808745963575377,4.837110996246338,373100000.0
2017-12-20,4.8763295508767195,4.885455402563136,4.798633730077489,4.854130744934082,288820000.0
2017-12-21,4.857583514434146,4.88249542230185,4.823298767625337,4.8316850662231445,300904000.0
2017-12-22,4.794934115410073,4.825765738247542,4.717238294132747,4.81639289855957,466276000.0
2017-12-26,4.761143874298311,4.877564148270511,4.731298782646505,4.869917869567871,355080000.0
2017-12-27,4.856597189242213,4.932319456543184,4.84204466001422,4.863256454467773,329488000.0
2017-12-28,4.886935040973131,4.917766661050343,4.862763156214111,4.868929386138916,240248000.0
2017-12-29,4.895076043031667,4.895076043031667,4.772736072540283,4.772736072540283,279964000.0
2018-01-02,4.82897320158344,4.92072854278765,4.7974020176095475,4.917028427124023,355616000.0
2018-01-03,5.034187351222553,5.270974459812394,5.025554534443815,5.240635871887207,914704000.0
2018-01-04,5.321785372687156,5.378268934306695,5.246062624210568,5.268261432647705,583268000.0
2018-01-05,5.2830602300766145,5.350149681258216,5.206350951554219,5.312905311584473,580124000.0
2018-01-08,5.4362330697756915,5.5496932390679286,5.391341943052711,5.4756975173950195,881216000.0
2018-01-09,5.4811231921568115,5.520587635932108,5.392821463925591,5.474216938018799,497000000.0
2018-01-10,5.3819687309479125,5.520587793610505,5.327705236820333,5.517134666442871,582664000.0
2018-01-11,5.549691790161697,5.581016916627212,5.505540698045821,5.5269999504089355,406032000.0
2018-01-12,5.5151599895743,5.549444733805357,5.459416465517084,5.4998674392700195,359916000.0
2018-01-16,5.526259614577801,5.611601231975617,5.344723025023054,5.429078102111816,702348000.0
2018-01-17,5.4436319805253985,5.5526524741965835,5.349904041570919,5.542786598205566,538408000.0
2018-01-18,5.523548107868718,5.5901445434121175,5.492469959463139,5.535881042480469,408632000.0
2018-01-19,5.625907839641956,5.699903545658723,5.599022849167659,5.675731658935547,609380000.0
2018-01-22,5.683624864195454,5.7657603578654495,5.626154764467906,5.764033794403076,550944000.0
2018-01-23,5.81731075179538,5.915478822223645,5.798812059154426,5.892786979675293,475228000.0
2018-01-24,5.895991684084595,5.931756473123044,5.760579273360163,5.816076278686523,579972000.0
2018-01-25,5.870340746651141,5.913505300502726,5.814844202411313,5.829643249511719,409884000.0
2018-01-26,5.873299628552618,6.002052299757263,5.860473664919984,6.001805782318115,516356000.0
2018-01-29,5.9872545657800655,6.1197073798196575,5.934717642105019,6.088628768920898,455116000.0
2018-01-30,5.9470491883376635,6.07802193636621,5.880452780095387,5.986760139465332,570832000.0
2018-01-31,6.061991242973582,6.148319894822336,6.029433051574925,6.0627312660217285,478576000.0
2018-02-01,5.883167169125468,6.089862691392032,5.871821247817131,5.932004451751709,519224000.0
2018-02-02,5.845676578607228,5.869601950904901,5.70187782729948,5.759840965270996,718464000.0
2018-02-05,5.599023095999776,5.75268771025319,5.056386326444,5.270974636077881,1165204000.0
2018-02-06,5.041588052269685,5.566958797851247,5.031721705276863,5.563999176025391,1114800000.0
2018-02-07,5.662659404856215,5.79560525767963,5.591623317199242,5.643420219421387,802932000.0
2018-02-08,5.768719942226253,5.801771162611393,5.364948763250677,5.3651957511901855,1144000000.0
2018-02-09,5.876507348422898,5.8922929356700235,5.365195739853088,5.724322319030762,1674604000.0
2018-02-12,5.805224873523904,5.808184965470186,5.550432559935962,5.6244282722473145,1093172000.0
2018-02-13,5.588170356666561,5.784012991390942,5.555858685964663,5.737888813018799,625524000.0
2018-02-14,5.6976838233451055,5.9835547195632675,5.68658442063882,5.954696178436279,744988000.0
2018-02-15,6.037819511452554,6.126121246790115,5.9571640538764745,6.0799970626831055,698900000.0
2018-02-16,6.052864074029387,6.166324213744753,6.005259855390745,6.014386177062988,637656000.0
2018-02-20,6.03683247375609,6.21244938936461,6.033132358722428,6.1436333656311035,686240000.0
2018-02-21,6.208009965335765,6.214916219731849,5.953217164356499,5.956916809082031,892292000.0
2018-02-22,5.990728629474634,6.062302201323417,5.911010217415333,5.976413726806641,534364000.0
2018-02-23,6.03614134197423,6.069706916809082,5.9855460736450565,6.069706916809082,415300000.0
2018-02-26,6.115859449796671,6.120301875973909,6.023553770604395,6.08574914932251,469312000.0
2018-02-27,6.059093040358581,6.143254341538218,6.049961518232413,6.0729146003723145,455436000.0
2018-02-28,6.083773609779952,6.123262569792871,5.96111097478095,5.972711086273193,523116000.0
2018-03-01,5.9704900571951,6.0242939219818235,5.630144306167082,5.731088161468506,1040120000.0
2018-03-02,5.623728079531313,5.844373156399444,5.475397537269043,5.837955951690674,913428000.0
2018-03-05,5.78785445140607,5.855479417365354,5.664697975165996,5.815990447998047,620776000.0
2018-03-06,5.901138067663236,5.995911870452835,5.858193828026805,5.97666072845459,636808000.0
2018-03-07,5.873989543534866,6.020839588107905,5.8727557192066815,5.96876335144043,581208000.0
2018-03-08,5.9961593222988165,5.9961593222988165,5.9082960537172715,5.952474594116211,411912000.0
2018-03-09,5.999860100273098,6.067731728206355,5.983818032172269,6.054898262023926,505524000.0
2018-03-12,6.09611443700057,6.2441978073361675,6.087969597429513,6.1642327308654785,605060000.0
2018-03-13,6.206930755721556,6.281219587830296,6.072421323424346,6.113637924194336,619772000.0
2018-03-14,6.1565811439989675,6.183729979108367,6.076862745441587,6.1390581130981445,505496000.0
2018-03-15,6.152634850782378,6.234820928300313,6.111911582761727,6.153868675231934,401952000.0
2018-03-16,6.170155762487886,6.201006541300326,6.132641110004963,6.182002544403076,399456000.0
2018-03-19,6.1252394177871,6.154115429457024,5.849309945747642,5.948032379150391,713772000.0
2018-03-20,5.9509927205505395,6.198539475828768,5.9509927205505395,6.159790992736816,554696000.0
2018-03-21,6.15337466684124,6.219519141423582,6.104260358488814,6.134617805480957,438688000.0
2018-03-22,6.0714351955950825,6.11783471313583,5.931742830766804,5.969010353088379,551196000.0
2018-03-23,5.9825855113898365,5.985053631232409,5.738741108190661,5.749847412109375,735620000.0
2018-03-26,5.873988239350757,6.0351526816287056,5.822159155652889,6.033918857574463,611424000.0
2018-03-27,6.1146243917264735,6.17015588887546,5.4260352393156515,5.565974235534668,1409000000.0
2018-03-28,5.531668190938318,5.661488041282639,5.355695506698765,5.4630560874938965,945904000.0
2018-03-29,5.53117509749563,5.812287421611704,5.447014258044291,5.715786457061768,916628000.0
2018-04-02,5.645444524777007,5.791306874794922,5.368034251339976,5.455650329589844,922092000.0
2018-04-03,5.622245798901898,5.685181177177983,5.4630556757831785,5.5617780685424805,667432000.0
2018-04-04,5.306581299585368,5.594110820550993,5.281653908568248,5.583745002746582,789168000.0
2018-04-05,5.641989764730009,5.655070368779842,5.3924687808298355,5.4637956619262695,701240000.0
2018-04-06,5.361372988784459,5.469227406439675,5.2587014806781305,5.287824630737305,662988000.0
2018-04-09,5.3507609498892466,5.478359862875979,5.296463259663421,5.316454887390137,499524000.0
2018-04-10,5.546230121596091,5.651863073109065,5.489217655227911,5.6249613761901855,761676000.0
2018-04-11,5.610153359377357,5.651369959907921,5.551166583719694,5.583745002746582,460244000.0
2018-04-12,5.676544635374441,5.807845479172479,5.6323660988398725,5.790075302124023,593920000.0
2018-04-13,5.853504861026074,5.861896373252153,5.665438672598812,5.713565826416016,503036000.0
2018-04-16,5.720230325559309,5.7466386895043025,5.619286438606236,5.713319778442383,350792000.0
2018-04-17,5.765394171822404,5.883861059278752,5.709862671219252,5.862635612487793,447224000.0
2018-04-18,5.812286239604914,5.904838571259422,5.744908435905625,5.833758354187012,391364000.0
2018-04-19,5.719734621822982,5.753053521866553,5.597565792408781,5.652850151062012,471996000.0
2018-04-20,5.64421386748931,5.72837472862254,5.613610217551775,5.644707679748535,386200000.0
2018-04-23,5.662475444237839,5.713564043088325,5.499583372585311,5.525497913360596,427508000.0
2018-04-24,5.5511667455195965,5.64692722765799,5.394198037519021,5.459354877471924,414596000.0
2018-04-25,5.4297394786826985,5.468735113883122,5.190337498409244,5.347306251525879,588492000.0
2018-04-26,5.508715603710221,5.566715224983749,5.4428182838610635,5.558570384979248,375824000.0
2018-04-27,5.6642049954776486,5.683949481422303,5.543763301693283,5.585967063903809,400848000.0
2018-04-30,5.6022549472281975,5.6518630564261825,5.531421861966759,5.55067253112793,327844000.0
2018-05-01,5.542528778860917,5.608672774903444,5.4840353406024684,5.605957984924316,253788000.0
2018-05-02,5.602503710795487,5.646928453432952,5.559312321897096,5.585474014282227,268248000.0
2018-05-03,5.617311497159467,5.776501675131052,5.572145804495262,5.750339984893799,443144000.0
2018-05-04,5.721709484176091,5.903358900861777,5.704433121841132,5.900150299072266,400660000.0
2018-05-07,6.004550013665405,6.194590959421235,5.994677536654166,6.13757848739624,687616000.0
2018-05-08,6.137824217780074,6.182743228106615,6.088956593850457,6.180028438568115,506616000.0
2018-05-09,6.200020716302519,6.31503234644177,6.172871874492293,6.312810897827148,596760000.0
2018-05-10,6.365628330888021,6.429304216047019,6.347858152211436,6.420172691345215,994080000.0
2018-05-11,6.238769573494749,6.411780841193314,6.183485203739903,6.281960487365723,1214456000.0
2018-05-14,6.319968918578257,6.379696185414173,6.278752312270738,6.302445411682129,523140000.0
2018-05-15,6.239014863309367,6.241730123647981,5.960370685970159,6.060574054718018,963528000.0
2018-05-16,6.022072436580242,6.133628779298271,5.985298263716982,6.071680545806885,553828000.0
2018-05-17,6.073408476923989,6.20717742641007,6.057365938004435,6.113637924194336,519784000.0
2018-05-18,6.165466756633866,6.228648809864714,6.065016250284316,6.069952487945557,483716000.0
2018-05-21,6.167195549605702,6.170897493173289,5.93544418491492,6.02799654006958,640624000.0
2018-05-22,6.041324076730589,6.066498139443173,5.929520583332928,5.989988327026367,518264000.0
2018-05-23,5.9339281044020975,6.114455273058823,5.933187163680392,6.11322021484375,442956000.0
2018-05-24,6.109516297200285,6.159155088782999,6.0564200960958585,6.11692476272583,437372000.0
2018-05-25,6.129519836755912,6.172490632698799,6.093957977403313,6.156191349029541,292112000.0
2018-05-29,6.1381623788229716,6.207064206292989,6.092475121415454,6.139150142669678,352684000.0
2018-05-30,6.172737036191554,6.256455793707795,6.148041055491183,6.247812271118164,390996000.0
2018-05-31,6.215955021628862,6.302390723741467,6.205335970678587,6.228055953979492,493868000.0
2018-06-01,6.272755019233718,6.368328355355675,6.264111496720964,6.362154006958008,421968000.0
2018-06-04,6.396235432700494,6.562685678984376,6.364130982871786,6.540706634521484,642024000.0
2018-06-05,6.543917371439187,6.5836780559166925,6.4992178664673546,6.546140193939209,391712000.0
2018-06-06,6.456246604314873,6.551325839817572,6.439947320258317,6.548115253448486,371356000.0
2018-06-07,6.544409598715337,6.556263706551306,6.402408069951201,6.49254846572876,369448000.0
2018-06-08,6.4199436268639305,6.51971485651706,6.40117469773452,6.477238178253174,360456000.0
2018-06-11,6.464643274833833,6.506132190042861,6.4234011828715065,6.436243057250977,265372000.0
2018-06-12,6.462666326623813,6.4967462976121695,6.412533427392816,6.484645366668701,319160000.0
2018-06-13,6.4861297310103065,6.560958167160066,6.471065031843488,6.480202674865723,338208000.0
2018-06-14,6.5251496092435515,6.648134966883712,6.510331733065747,6.591581344604492,430016000.0
2018-06-15,6.534531559200484,6.605655741064775,6.503661700048471,6.550830841064453,432260000.0
2018-06-18,6.506873987392737,6.564168547630911,6.479708824540797,6.546634674072266,356268000.0
2018-06-19,6.443650091088692,6.510823211166708,6.297944802704442,6.42512845993042,594932000.0
2018-06-20,6.466126500887742,6.530829532732184,6.42784769303673,6.477980613708496,369780000.0
2018-06-21,6.509838091753752,6.528112907143666,6.341905929897159,6.34956169128418,359516000.0
2018-06-22,6.370304891370609,6.383640883093514,6.182122422974086,6.1974334716796875,434160000.0
2018-06-25,6.091242648391281,6.094946881861181,5.816871243447103,5.905282497406006,665816000.0
2018-06-26,6.018386546449504,6.066543440149831,5.924788755851113,5.976156234741211,478884000.0
2018-06-27,6.019623159983516,6.08580805821022,5.8158818800001555,5.821315288543701,453892000.0
2018-06-28,5.8114381564570055,5.960107744597699,5.803782394767229,5.948253631591797,338012000.0
2018-06-29,6.013201754227096,6.025796332521215,5.84922070282554,5.8504557609558105,392300000.0
2018-07-02,5.781061068269142,5.98603693927105,5.760563434065278,5.982332706451416,357572000.0
2018-07-03,6.016906344835624,6.02283339951854,5.840577527851417,5.848974227905273,222732000.0
2018-07-05,5.90404569943324,5.999371745670493,5.8652732579561455,5.9944329261779785,306216000.0
2018-07-06,5.969984111615345,6.116430834087007,5.948745537945985,6.108034133911133,296352000.0
2018-07-09,6.182123284924595,6.191754574158034,6.076918631116165,6.15545129776001,303880000.0
2018-07-10,6.167799075238854,6.2762138368229605,6.12754474520081,6.254234790802002,360016000.0
2018-07-11,6.161625678746171,6.19619977926275,6.102355119236618,6.112974643707275,367508000.0
2018-07-12,6.158166704103899,6.25225769246666,6.1482881230165365,6.204347610473633,345508000.0
2018-07-13,6.222870128482694,6.222870128482694,6.115195848443232,6.15717887878418,246988000.0
2018-07-16,6.129521369934082,6.182370761216581,6.117173610231775,6.129521369934082,197036000.0
2018-07-17,6.08037541359184,6.280165176170636,6.0549384875144945,6.265100479125977,362136000.0
2018-07-18,6.257692424250856,6.271522063869391,6.165082826630943,6.215956211090088,277640000.0
2018-07-19,6.1971865460788935,6.257691683282383,6.18212232086535,6.224104881286621,235752000.0
2018-07-20,6.221636165334273,6.260408613393579,6.185086068664709,6.195952415466309,222352000.0
2018-07-23,6.169526821288511,6.171255525910372,6.008015408681831,6.1594014167785645,301584000.0
2018-07-24,6.207311771322909,6.293747477234228,6.124580298038588,6.142114639282227,354620000.0
2018-07-25,6.151497850629446,6.232747425900221,6.093709195612549,6.220152378082275,319112000.0
2018-07-26,6.200149896435694,6.330296861360285,6.183356496555523,6.293499946594238,325124000.0
2018-07-27,6.330050762963551,6.336965582285599,6.170021212442217,6.22385835647583,295420000.0
2018-07-30,6.237935315883295,6.24386237118974,5.9941865206363545,6.029007911682129,340340000.0
2018-07-31,6.018635951492422,6.121617776607149,5.979863502534976,6.047036170959473,283988000.0
2018-08-01,6.078399577405365,6.133471306202758,6.023080554331581,6.086795806884766,283556000.0
2018-08-02,6.015671956914451,6.193235380850384,5.956895992061863,6.189284324645996,269668000.0
2018-08-03,6.2137339108133105,6.249543071284841,6.196940977452303,6.225834846496582,214288000.0
2018-08-06,6.213238314749932,6.276953560080871,6.1668101149710575,6.273496150970459,207508000.0
2018-08-07,6.322149686163176,6.364132729638731,6.295478166559945,6.345610618591309,258132000.0
2018-08-08,6.346844012338107,6.426858550158742,6.312022622276411,6.381911754608154,262100000.0
2018-08-09,6.399692432306545,6.402408900905554,6.325851778497302,6.333507537841797,204280000.0
2018-08-10,6.251763793810978,6.3246166777627195,6.240650626054386,6.292264938354492,256396000.0
2018-08-13,6.300909046836272,6.4456270643349765,6.299180342158649,6.325110912322998,375208000.0
2018-08-14,6.43031627974937,6.470323786169073,6.347337974711382,6.456246852874756,466220000.0
2018-08-15,6.476989510210368,6.510823128530122,6.319676939292809,6.398210048675537,591136000.0
2018-08-16,6.467853330537111,6.470322975911704,6.2976983912102,6.3577094078063965,801260000.0
2018-08-17,6.2465778832406516,6.247318823920055,6.019128407167273,6.046047210693359,1143188000.0
2018-08-20,6.005547032156801,6.252999591248302,5.895403097132277,6.120629787445068,854388000.0
2018-08-21,6.1369290435151855,6.260408499235665,6.117172349441379,6.255963325500488,673988000.0
2018-08-22,6.22336372179802,6.495512219838571,6.219906312685981,6.490572929382324,749856000.0
2018-08-23,6.452047705061095,6.655048033237471,6.438218067769765,6.589850902557373,720684000.0
2018-08-24,6.59824909664087,6.737286912789674,6.593803922367403,6.722716331481934,531512000.0
2018-08-27,6.7523515863247425,6.887685178017274,6.720988070020905,6.813597679138184,505776000.0
2018-08-28,6.807667562941988,6.830388014236098,6.65628157515381,6.77605676651001,475384000.0
2018-08-29,6.768399753772489,6.906278362728588,6.747643945633702,6.881321907043457,420108000.0
2018-08-30,6.850188478041221,6.961134034555362,6.827703016747585,6.864520072937012,346608000.0
2018-08-31,6.844503745123495,6.948283240284816,6.834619759253662,6.935434341430664,306592000.0
2018-09-04,6.922336831894837,7.047613456523804,6.8939210843091026,7.0100555419921875,391720000.0
2018-09-05,6.992512159021578,7.027846509784896,6.798790389765232,6.879590034484863,393156000.0
2018-09-06,6.863282418912252,6.865753415361337,6.705883762590068,6.7387471199035645,322796000.0
2018-09-07,6.646826755029457,6.8427725357365325,6.602102813135006,6.717495918273926,295420000.0
2018-09-10,6.739983310567615,6.818065012731903,6.696247660172904,6.7884135246276855,220140000.0
2018-09-11,6.742207261454575,6.8296785672237945,6.721451454247189,6.740725040435791,243112000.0
2018-09-12,6.700940977831211,6.720461517566138,6.4718848654366425,6.6270599365234375,419092000.0
2018-09-13,6.692786472311084,6.795083252665484,6.67548997216593,6.704647064208984,305536000.0
2018-09-14,6.794838225891879,6.896393689207975,6.758021177420126,6.830419540405273,386936000.0
2018-09-17,6.804966976259421,6.853891562497653,6.749370748421825,6.768643856048584,205528000.0
2018-09-18,6.7725982694109215,6.875142015038867,6.690068979431646,6.69674015045166,299520000.0
2018-09-19,6.678208419188451,6.7382522577207355,6.628295523287287,6.720461368560791,224860000.0
2018-09-20,6.5986460418229385,6.640899004004836,6.525753284236876,6.579619884490967,430584000.0
2018-09-21,6.591479186009431,6.6369444822962675,6.476580447109337,6.509690761566162,435128000.0
2018-09-24,6.478803653530786,6.568745936813636,6.391826754239927,6.565286636352539,293912000.0
2018-09-25,6.631262004574622,6.657206762844947,6.545767310128303,6.6322503089904785,280388000.0
2018-09-26,6.637190838252575,6.67746717990424,6.579617994902832,6.595431804656982,268548000.0
2018-09-27,6.630519451204281,6.651769641806608,6.575911989638935,6.607292652130127,214428000.0
2018-09-28,6.738994228619711,6.966073277335361,6.711072394239323,6.9438347816467285,709396000.0
2018-10-01,7.021421956365308,7.216625936870903,6.9828752652292465,7.149910926818848,622060000.0
2018-10-02,7.122485789277666,7.233924781208511,7.05651163253007,7.078750133514404,383964000.0
2018-10-03,7.148922712280652,7.156335701221132,6.981146162855355,7.084925651550293,320552000.0
2018-10-04,7.048848876641652,7.07306397700173,6.824240388914814,6.901086807250977,391220000.0
2018-10-05,6.8763792494402605,6.938399709570502,6.6107530029433645,6.668078899383545,426636000.0
2018-10-08,6.58505205999663,6.700197714458358,6.426417733945185,6.567014217376709,408612000.0
2018-10-09,6.546508154164182,6.640898052408182,6.493630337263265,6.561334133148193,273500000.0
2018-10-10,6.455577424705536,6.501290152029572,6.06862824147266,6.070852279663086,684940000.0
2018-10-11,5.983875083899575,6.117059110065572,5.788424113329541,5.8099212646484375,725436000.0
2018-10-12,6.066404206318019,6.165983046094796,5.921607030514667,6.091854572296143,608236000.0
2018-10-15,6.078510596628613,6.078510596628613,5.815108478629611,5.816096782684326,449760000.0
2018-10-16,5.928526238278297,6.085430981888948,5.879354680244968,6.07431173324585,408712000.0
2018-10-17,6.136332125568738,6.174384905851646,5.956941928303111,6.005866527557373,329668000.0
2018-10-18,6.075051886774591,6.113351146909124,5.858350295551928,5.918641090393066,524020000.0
2018-10-19,5.973744497573199,5.993264568527614,5.626330310891647,5.662652969360352,613608000.0
2018-10-22,5.714789595901414,5.814615397268397,5.61076314788748,5.713306903839111,368844000.0
2018-10-23,5.446694347112891,5.539602052023681,5.3547754181295355,5.46226167678833,626436000.0
2018-10-24,5.423958824340909,5.470412414579065,4.913462776813619,4.927299976348877,884288000.0
2018-10-25,4.829945931009748,5.182795987035481,4.785715900332007,5.135601043701172,951720000.0
2018-10-26,4.900118740834724,5.061471019617927,4.771877235348383,4.899624824523926,664784000.0
2018-10-29,5.04046836668885,5.043927666110744,4.349099570865367,4.586556911468506,758016000.0
2018-10-30,4.6095390756333305,5.025892364016905,4.586559230158848,5.016008377075195,807192000.0
2018-10-31,5.180325571282585,5.252971359393127,5.040964292333446,5.209482669830322,745772000.0
2018-11-01,5.245804253494164,5.398755746051347,5.119539328840467,5.389366149902344,566528000.0
2018-11-02,5.379978423120496,5.485487583882957,5.194163515124323,5.310544967651367,452960000.0
2018-11-05,5.297446852435231,5.320674120491203,5.072344443286182,5.23270845413208,379332000.0
2018-11-06,5.224802648403968,5.308814644584688,5.178101615555267,5.215166091918945,299012000.0
2018-11-07,5.28163403301866,5.372070241015222,5.218130885168222,5.282622337341309,483812000.0
2018-11-08,5.223566020587555,5.224307366543288,5.036515905528873,5.089888572692871,511352000.0
2018-11-09,5.001182011826007,5.172170903514571,4.967577310306825,5.081981658935547,413240000.0
2018-11-12,4.990804506440388,5.012796045461431,4.661675123678761,4.683419704437256,617116000.0
2018-11-13,4.781022482432553,5.045906928294173,4.774844754820169,4.924830913543701,644712000.0
2018-11-14,5.097548498019646,5.111880088075978,4.764713354751783,4.872446060180664,526580000.0
2018-11-15,4.866514407587798,5.072838064354155,4.830685678075343,5.000933647155762,840708000.0
2018-11-16,4.0355393745942125,4.216906185200407,3.9932859463314143,4.062966823577881,1963520000.0
2018-11-19,3.9977339655585413,3.9984748403469115,3.5737205315327403,3.5754501819610596,1697820000.0
2018-11-20,3.312542274195283,3.811672043149815,3.294010270898075,3.6836774349212646,1692032000.0
2018-11-21,3.820567379554669,3.8373697318689537,3.5485169285988896,3.575697183609009,1025496000.0
2018-11-23,3.541103815128375,3.6962786589280987,3.5282549171959015,3.582862615585327,411968000.0
2018-11-26,3.7036921041454702,3.7921517085392544,3.6214097555911566,3.781773805618286,814832000.0
2018-11-27,3.7558290071386753,3.8796232094339067,3.7200004972496443,3.7985763549804688,738060000.0
2018-11-28,3.915944822493707,3.960421808996925,3.7837495966615347,3.955232858657837,804524000.0
2018-11-29,3.9574594349031225,3.994560522752154,3.8619858052927607,3.8921613693237305,549172000.0
2018-11-30,3.9018082849210147,4.052933809984979,3.8515979921217385,4.042298316955566,729564000.0
2018-12-03,4.2691100076797435,4.320557032680872,4.139008269364891,4.2057905197143555,890804000.0
2018-12-04,4.161268502328295,4.166215439909608,3.8708899653815085,3.8859779834747314,812112000.0
2018-12-06,3.745735623295295,3.920111172643788,3.730153193644054,3.9151644706726074,692308000.0
2018-12-07,3.919368571213714,3.929509650956116,3.60178260931714,3.651003360748291,681676000.0
2018-12-10,3.606235013243494,3.780857997862722,3.602524809979828,3.7561237812042236,629472000.0
2018-12-11,3.847640086361001,3.8558023450063783,3.5864478097089307,3.6653497219085693,671912000.0
2018-12-12,3.671039170327913,3.7788799331164524,3.5819963970973894,3.6829116344451904,654136000.0
2018-12-13,3.729658404997222,3.7937197381178542,3.6467990861594393,3.6826634407043457,471384000.0
2018-12-14,3.64110957786226,3.7247109734410984,3.598814351489918,3.62231183052063,471820000.0
2018-12-17,3.5923835734899243,3.6643597162474855,3.4934469535251655,3.5513248443603516,662868000.0
2018-12-18,3.595105195567536,3.7182811795598885,3.567897741740048,3.634432554244995,564372000.0
2018-12-19,3.6007927912193085,3.6542186236920204,3.3744756216447698,3.4259226322174072,745364000.0
2018-12-20,3.417514195372414,3.507299049622669,3.28197110544253,3.341580390930176,749588000.0
2018-12-21,3.368045546761011,3.4009420238946313,3.177345474829577,3.2048003673553467,863740000.0
2018-12-24,3.128618945125404,3.214941020052393,3.0793979566137915,3.143212080001831,463840000.0
2018-12-26,3.1892176004464607,3.2931009283476196,3.078408748802953,3.29211163520813,695100000.0
2018-12-27,3.23992317298767,3.2743035931787516,3.0962178191669945,3.244375228881836,637044000.0
2018-12-28,3.264904030953203,3.398221073910107,3.2231034462481607,3.305715322494507,628728000.0
2018-12-31,3.348999534086877,3.3814011207784276,3.2713343722678054,3.302004814147949,465140000.0
2019-01-02,3.2312652465181846,3.4251805962181145,3.2166721129482947,3.369281530380249,508752000.0
2019-01-03,3.3091776147748213,3.343063377594572,3.1582995781025156,3.165719747543335,705552000.0
2019-01-04,3.2386862301960746,3.4066309111298634,3.2080160158102617,3.3685405254364014,585620000.0
2019-01-07,3.425676183098107,3.5837272164281666,3.374476366534186,3.5468733310699463,709160000.0
2019-01-08,3.628249190607931,3.630475454630221,3.386102052478471,3.45857310295105,786016000.0
2019-01-09,3.509771901302659,3.573833471465944,3.4593144099664945,3.5265913009643555,617260000.0
2019-01-10,3.507298713645063,3.6007935267759525,3.4469473460181335,3.5921366214752197,523156000.0
2019-01-11,3.569875552926927,3.703934678034914,3.5421734584487603,3.6811792850494385,874764000.0
2019-01-14,3.6289902806288747,3.7462300105912045,3.6054927992140615,3.721001148223877,730168000.0
2019-01-15,3.753650026175904,3.792977375770266,3.6885994045834214,3.7069027423858643,617012000.0
2019-01-16,3.7341114855779662,3.7670077337333265,3.6759863673418907,3.6814277172088623,470104000.0
2019-01-17,3.6485311480787166,3.7924837114796404,3.6213234576052775,3.75266170501709,493436000.0
2019-01-18,3.8023764058608873,3.9074964658686007,3.7509293895857754,3.8815255165100098,651336000.0
2019-01-22,3.8513502383184717,3.8629752589078197,3.6495198025286726,3.6796953678131104,661552000.0
2019-01-23,3.7348520822329716,3.8234001796369337,3.6613917654151993,3.692556619644165,591020000.0
2019-01-24,3.7769005278220016,3.9215949145072884,3.772201031450973,3.904033899307251,708972000.0
2019-01-25,3.8446725308771024,3.979226097503505,3.7422733569135,3.961170196533203,1154572000.0
2019-01-28,3.3774447751453547,3.503341430693232,3.2401705388514066,3.4135565757751465,2511528000.0
2019-01-29,3.367550847567004,3.415782548644251,3.240417468264105,3.2550106048583984,1153932000.0
2019-01-30,3.3309436610046244,3.4125662312413483,3.25154711797746,3.3982205390930176,974228000.0
2019-01-31,3.395005804093513,3.591147461293076,3.3732397014718236,3.555530309677124,842852000.0
2019-02-01,3.574080821416264,3.6307219872380387,3.5265914436354735,3.5797696113586426,625048000.0
2019-02-04,3.595599598010807,3.726937832818774,3.5735862895215202,3.6898367404937744,528592000.0
2019-02-05,3.7017086512924178,3.7454880591567816,3.668070324166557,3.7088816165924072,542424000.0
2019-02-06,3.7420251267197253,3.848629364647908,3.7365837785660503,3.784320592880249,702464000.0
2019-02-07,3.738068282657456,3.7402943105003184,3.6035147240832255,3.6463046073913574,637120000.0
2019-02-08,3.579275006850071,3.675490733915483,3.5649293111998634,3.6648552417755127,461604000.0
2019-02-11,3.6208276550645118,3.6749953415540433,3.5740801382067535,3.62231183052063,495180000.0
2019-02-12,3.660650038347677,3.7546397285891064,3.646304108199021,3.7390570640563965,591060000.0
2019-02-13,3.768491240706484,3.854318683296899,3.7548873966883165,3.781352996826172,605372000.0
2019-02-14,3.7803641792337803,3.8503617588013825,3.737326613951409,3.82216477394104,827264000.0
2019-02-15,4.030424543723051,4.053179698268848,3.8689107835062084,3.8916661739349365,1516748000.0
2019-02-19,3.8810307732281477,3.954738534007125,3.8619855838206583,3.87435245513916,551892000.0
2019-02-20,3.9035389607620914,3.9886243049191528,3.892408823077938,3.9215948581695557,540988000.0
2019-02-21,3.934210579510265,3.9586971255938987,3.838242038540067,3.852835178375244,448548000.0
2019-02-22,3.9045288949113806,3.9562231237306023,3.8909250511661164,3.937425136566162,401740000.0
2019-02-25,4.020778715727318,4.0880553642867286,3.916400509384179,3.9250576496124268,656020000.0
2019-02-26,3.9203586006211872,3.97625767723932,3.8523396206545732,3.885730743408203,488464000.0
2019-02-27,3.871385136775386,3.8978504999850783,3.7870416374298284,3.843930244445801,500256000.0
2019-02-28,3.8377403961328027,3.860024087826007,3.797134736342679,3.81941819190979,324944000.0
2019-03-01,3.8691850877408642,3.915733096990201,3.811000076179193,3.8736419677734375,357188000.0
2019-03-04,3.912018758171207,3.9347976031872425,3.8253600213897,3.88181209564209,409992000.0
2019-03-05,3.8662130988863823,3.9135039508695773,3.81198958623039,3.8753743171691895,362924000.0
2019-03-06,3.866461784391751,3.8748799161657312,3.7619762189979404,3.764699697494507,403524000.0
2019-03-07,3.741177272800439,3.7508336480042734,3.649566737112525,3.695619583129883,450104000.0
2019-03-08,3.606485619695741,3.7404352313278832,3.5851922406276207,3.7297885417938232,422416000.0
2019-03-11,3.7533096983593306,4.012542584049862,3.7062663031150236,3.9897639751434326,859728000.0
2019-03-12,4.017494239799668,4.070232046156073,3.941482198135124,4.023931980133057,579576000.0
2019-03-13,4.061318860643894,4.20418172942845,4.053890807518709,4.1749653816223145,768900000.0
2019-03-14,4.184127258205856,4.196011956175132,4.091526164801752,4.099201679229736,519384000.0
2019-03-15,4.142283138474759,4.247016384503142,4.138816807769409,4.204430103302002,661484000.0
2019-03-18,4.235874755889158,4.289603356815503,4.156148673346275,4.183136940002441,486992000.0
2019-03-19,4.27747020210782,4.394830989700251,4.260633942280537,4.350511074066162,854972000.0
2019-03-20,4.379480733777656,4.432713945030418,4.2834133044747515,4.318077087402344,719148000.0
2019-03-21,4.341103778806309,4.580529035221039,4.336151742184459,4.554283618927002,824312000.0
2019-03-22,4.527048099584981,4.575576733359796,4.3809663334740065,4.394831657409668,747644000.0
2019-03-25,4.354226317013071,4.418353444907615,4.236618042843589,4.3027262687683105,525212000.0
2019-03-26,4.444102371215902,4.500059049764365,4.323027795717588,4.379232406616211,703508000.0
2019-03-27,4.404734708346293,4.451034773354926,4.300744330698513,4.370070934295654,474372000.0
2019-03-28,4.396070849418134,4.454256114503631,4.335657497839281,4.388643264770508,480264000.0
2019-03-29,4.455243791129899,4.470099896138313,4.40498200538238,4.445835113525391,456896000.0
2019-04-01,4.537445997432629,4.543388345149763,4.465890836997717,4.513181686401367,483824000.0
2019-04-02,4.537199956058425,4.575329599601486,4.49436573598606,4.531009674072266,440920000.0
2019-04-03,4.580527766879157,4.72908551863376,4.575575731628518,4.670157432556152,783504000.0
2019-04-04,4.654806651779727,4.703583209838008,4.598602512706384,4.6612443923950195,457376000.0
2019-04-05,4.704327064503946,4.7451806577978,4.667930587471102,4.727848529815674,481744000.0
2019-04-08,4.69739368045108,4.773653426197541,4.6733768262720625,4.748646259307861,424192000.0
2019-04-09,4.715220510599144,4.726362354526328,4.64391280391559,4.686004161834717,439972000.0
2019-04-10,4.685263529552577,4.782073368066904,4.680806884320184,4.756323337554932,444772000.0
2019-04-11,4.758797299610469,4.790242207370964,4.693184478335227,4.742455959320068,374600000.0
2019-04-12,4.781079380600011,4.785041102346566,4.6959063771907745,4.7045722007751465,471708000.0
2019-04-15,4.696898637705237,4.701850673879405,4.5334852219749955,4.573100566864014,440092000.0
2019-04-16,4.612220274177535,4.67882340302873,4.579537596114416,4.660006046295166,394964000.0
2019-04-17,4.69491689660104,4.7157148768882475,4.614943373173765,4.6372270584106445,351004000.0
2019-04-18,4.643913169936649,4.67783362459838,4.5849850753044725,4.612715721130371,380988000.0
2019-04-22,4.58919424088744,4.682042789821907,4.557749804332199,4.666444301605225,279936000.0
2019-04-23,4.679566808753351,4.7521127664669525,4.669910669150507,4.7209153175354,346856000.0
2019-04-24,4.731314342912897,4.773901097116765,4.670653554500126,4.733295440673828,318204000.0
2019-04-25,4.693184905223643,4.7154685960331095,4.548341387214284,4.627819538116455,499296000.0
2019-04-26,4.474310019505192,4.478767135766609,4.290841456651692,4.409440040588379,868988000.0
2019-04-29,4.41736259516939,4.467872324386639,4.3453120284149875,4.440141677856445,391920000.0
2019-04-30,4.407954333030912,4.50699270305737,4.388889511735497,4.481490612030029,362920000.0
2019-05-01,4.533732939797751,4.575824300781846,4.468119644225633,4.468367576599121,354280000.0
2019-05-02,4.478022409788027,4.577308198481457,4.4349407486340695,4.535712242126465,394684000.0
2019-05-03,4.544132641497214,4.554036242671163,4.469853507557636,4.531257629394531,336824000.0
2019-05-06,4.345311631039512,4.4651484378754125,4.308172308225487,4.45301628112793,422176000.0
2019-05-07,4.404735191064911,4.404735191064911,4.238102919582582,4.286136627197266,555220000.0
2019-05-08,4.258655490583237,4.386167402274485,4.246770788020269,4.306193828582764,419168000.0
2019-05-09,4.237360513333889,4.247016653445677,4.095240473162634,4.213838577270508,660248000.0
2019-05-10,4.183137637306675,4.248503014696945,4.060577318573798,4.1799187660217285,569500000.0
2019-05-13,4.0481968668301915,4.07122340919331,3.9073146067804436,3.9231607913970947,656912000.0
2019-05-14,3.962776755313163,4.047207428894488,3.924151952360946,4.012048721313477,524880000.0
2019-05-15,3.9565854517668084,3.9875349633837307,3.897410142342941,3.951138496398926,502320000.0
2019-05-16,3.9456920247122484,4.008829068263898,3.903353202214998,3.9662423133850098,781088000.0
2019-05-17,3.9243988357806634,4.053396399499504,3.8362546249082308,3.875622272491455,1022068000.0
2019-05-20,3.77707872150093,3.8320450886560913,3.7325113457262473,3.7572710514068604,572064000.0
2019-05-21,3.8179326268462255,3.8550719546521734,3.779307593697431,3.8392257690429688,361848000.0
2019-05-22,3.800600831718363,3.826598312997593,3.7575189202575143,3.7684133052825928,325868000.0
2019-05-23,3.706266993246436,3.706266993246436,3.5879161027604103,3.6475868225097656,591844000.0
2019-05-24,3.6664039766743515,3.7015626818101888,3.587173278101506,3.593858480453491,357584000.0
2019-05-28,3.611437590898888,3.6441202754816437,3.546814838291281,3.548795700073242,428356000.0
2019-05-29,3.501257225214244,3.5361682325482295,3.440101038310798,3.474764585494995,559800000.0
2019-05-30,3.4779868948997428,3.5136814493654405,3.4100680734583735,3.4482414722442627,394300000.0
2019-05-31,3.3994093624652377,3.4665844859095674,3.356030530779458,3.3577656745910645,389720000.0
2019-06-03,3.3689200673298636,3.407589187225042,3.2868723543429175,3.316122055053711,478644000.0
2019-06-04,3.3800744407478627,3.549871482743815,3.358013295155731,3.544666051864624,641836000.0
2019-06-05,3.6182869280306713,3.62374033925009,3.465841520483254,3.5020318031311035,511616000.0
2019-06-06,3.506245378096939,3.588541076371301,3.5037665336174677,3.5640010833740234,408140000.0
2019-06-07,3.5699493411010246,3.6408424792417895,3.5508625269591887,3.606635332107544,348856000.0
2019-06-10,3.6626563346899035,3.747678846182901,3.6626563346899035,3.6792643070220947,402780000.0
2019-06-11,3.7390019713748335,3.7766796371744182,3.6973585340959674,3.7367711067199707,383872000.0
2019-06-12,3.6933929368091096,3.6995900468198903,3.608866389264014,3.6239869594573975,358892000.0
2019-06-13,3.6460485388141843,3.693393377526362,3.6284491225164235,3.6750504970550537,308080000.0
2019-06-14,3.5820957802225886,3.606387791213942,3.5407000753888216,3.585318088531494,394428000.0
2019-06-17,3.583582468395753,3.6319189777669725,3.560777625103327,3.594985008239746,276040000.0
2019-06-18,3.6562115384735345,3.8448471865550116,3.6453049548652916,3.7895703315734863,581920000.0
2019-06-19,3.824769291230797,3.836171596785893,3.7694921980006133,3.7955195903778076,331644000.0
2019-06-20,3.885995259421755,3.899876409205698,3.805434711202738,3.8198115825653076,350168000.0
2019-06-21,3.804938523304347,3.8540184995073092,3.7553625891879383,3.761807441711426,434428000.0
2019-06-24,3.7831253019121576,3.8136144224712325,3.7360282095377864,3.784116744995117,282948000.0
2019-06-25,3.789074704454762,3.863934099675752,3.7521407284212343,3.7548673152923584,311868000.0
2019-06-26,3.882028529431721,4.0086947068727286,3.8691388251988896,3.947716236114502,584072000.0
2019-06-27,4.033235228451945,4.06521151620896,3.9972926952527104,4.0461249351501465,445440000.0
2019-06-28,4.089999897797798,4.099171575360324,4.02431217194455,4.070913314819336,397668000.0
2019-07-01,4.277643144213777,4.311850529253957,4.081570982217112,4.1190009117126465,709756000.0
2019-07-02,4.102391844578389,4.123461777611852,4.008198156968745,4.021335601806641,400228000.0
2019-07-03,4.044637279281551,4.050338668097319,3.9744878338248797,4.034226417541504,246636000.0
2019-07-05,3.9759749757305314,3.9804367057867256,3.908551648600757,3.9717609882354736,396552000.0
2019-07-08,3.912269678781106,3.931108513697286,3.866907971291888,3.8969011306762695,329788000.0
2019-07-09,3.8547619609457935,3.9273904821647414,3.842120234864202,3.8993802070617676,342860000.0
2019-07-10,3.942760157818433,4.02480788410655,3.9288790057787235,3.967548131942749,452076000.0
2019-07-11,4.040422992097374,4.162379467430619,4.003241278239525,4.121727466583252,682560000.0
2019-07-12,4.149491032461163,4.2255900997530675,4.149491032461163,4.154696464538574,506392000.0
2019-07-15,4.175767248607779,4.19187903335185,4.118011526072684,4.14626932144165,289840000.0
2019-07-16,4.131394099532422,4.168575808642415,4.086032159111046,4.141557216644287,341444000.0
2019-07-17,4.143292835270089,4.2136904899657095,4.114043138797341,4.20674991607666,348204000.0
2019-07-18,4.217161769338876,4.281114350306893,4.160645249121269,4.218400955200195,442192000.0
2019-07-19,4.256575058860179,4.263019677068063,4.1693214244778956,4.1752705574035645,344896000.0
2019-07-22,4.196586434552319,4.259547552006564,4.189149903404396,4.246657848358154,315940000.0
2019-07-23,4.285822791668884,4.356219965418641,4.270206029436413,4.354237079620361,428176000.0
2019-07-24,4.397369154134487,4.434303131051249,4.321518313945671,4.4286017417907715,366236000.0
2019-07-25,4.387203678215106,4.39984563572148,4.2744189216758555,4.297719478607178,392700000.0
2019-07-26,4.324741794860955,4.38621554030051,4.324741794860955,4.339614391326904,274160000.0
2019-07-29,4.332425018793409,4.349528713326907,4.245419617794768,4.33341646194458,248160000.0
2019-07-30,4.287063188651109,4.361178885207142,4.272686080572796,4.349032878875732,197772000.0
2019-07-31,4.317551148872514,4.318543064630112,4.140070092511964,4.182209491729736,359416000.0
2019-08-01,4.192620600599716,4.282848534973914,4.03596125562201,4.088016033172607,421212000.0
2019-08-02,3.9955577850341797,4.064716268579135,3.9482131799050997,3.9955577850341797,428348000.0
2019-08-05,3.812375298408641,3.8136147205570112,3.6909147646156164,3.7377638816833496,589156000.0
2019-08-06,3.8123750449167093,3.8577367578319723,3.728839936114921,3.776432514190674,361272000.0
2019-08-07,3.715701594784329,3.8265034966678293,3.6983501617180052,3.814605236053467,372560000.0
2019-08-08,3.87211392501999,3.9241684706234805,3.81485394849571,3.922929048538208,309300000.0
2019-08-09,3.8820297784586972,3.8855000663767365,3.7714758139362283,3.8217952251434326,341816000.0
2019-08-12,3.7697392622881742,3.8217937980162904,3.7323095734379366,3.7541229724884033,279200000.0
2019-08-13,3.752636680092983,3.914005764872741,3.713719815365377,3.8681480884552,351956000.0
2019-08-14,3.7801508866940603,3.7913054492057885,3.676289773160059,3.719916343688965,419880000.0
2019-08-15,3.738755269714888,3.7585855510051993,3.6534850128874288,3.687692165374756,477200000.0
2019-08-16,3.949947557940962,4.004232727881584,3.888721341218695,3.955152988433838,1007960000.0
2019-08-19,4.068185707308945,4.249137059084516,4.052073458158997,4.233272552490234,815112000.0
2019-08-20,4.227821051162303,4.228317009260872,4.140071927065026,4.161141872406006,463188000.0
2019-08-21,4.22707624393112,4.29945679431367,4.205510818927859,4.244427680969238,427244000.0
2019-08-22,4.254093989328787,4.296481125564764,4.211458637790211,4.25062370300293,303488000.0
2019-08-23,4.1742785788354055,4.228563996129451,4.006712380628328,4.026542663574219,568056000.0
2019-08-26,4.105119141208708,4.129163404115451,4.062979745491093,4.1011528968811035,318208000.0
2019-08-27,4.139328124982975,4.142054712480044,3.981429537678718,4.010679244995117,290968000.0
2019-08-28,3.984375851096152,4.052857853066355,3.945172019252945,4.000255584716797,255612000.0
2019-08-29,4.09156616161059,4.175928389541459,4.088092439516701,4.143672466278076,357976000.0
2019-08-30,4.189823581943815,4.239448592536736,4.138213722370114,4.156326770782471,290616000.0
2019-09-03,4.08362756168782,4.116627931832181,4.050627191543459,4.0734543800354,296140000.0
2019-09-04,4.133995447646927,4.194786060258999,4.133995447646927,4.187342166900635,227728000.0
2019-09-05,4.2893226591834,4.465987040468473,4.2875857975778615,4.459784030914307,695676000.0
2019-09-06,4.4364590608238235,4.493279507064552,4.394774390362867,4.432737350463867,376976000.0
2019-09-09,4.463753715638196,4.564988610694491,4.4622648419069675,4.478641033172607,417524000.0
2019-09-10,4.445888320844689,4.571687256838014,4.436211588828107,4.545138359069824,352812000.0
2019-09-11,4.5597769283241165,4.621807955255365,4.530746263849502,4.573671817779541,361512000.0
2019-09-12,4.620070320142071,4.674657444324101,4.564242310604144,4.5721821784973145,327840000.0
2019-09-13,4.505685658905281,4.542656191686492,4.47069997506587,4.514369964599609,324592000.0
2019-09-16,4.439436194793438,4.5059333627447185,4.429015028616985,4.471444129943848,231832000.0
2019-09-17,4.478144219521308,4.497001705724106,4.431744940740635,4.492783546447754,223048000.0
2019-09-18,4.485836191910457,4.50146794370118,4.379390729822373,4.465737819671631,258152000.0
2019-09-19,4.4716923888184725,4.4900538978931825,4.379638275420076,4.390307903289795,245476000.0
2019-09-20,4.389316468547482,4.412888093082189,4.274683134549825,4.284855842590332,350244000.0
2019-09-23,4.285103736213856,4.383608854453236,4.281381552536594,4.338201999664307,249712000.0
2019-09-24,4.369465611551954,4.3989922511248905,4.245403559873673,4.280885219573975,317268000.0
2019-09-25,4.280388956161692,4.441917996754072,4.2357265399009565,4.422316074371338,308432000.0
2019-09-26,4.41264023774946,4.421324545641973,4.349368310807681,4.400233745574951,234564000.0
2019-09-27,4.358547547226562,4.409164976470412,4.201236688798003,4.261779308319092,362056000.0
2019-09-30,4.287584600438513,4.329269267332629,4.256320627008765,4.319096088409424,186184000.0
2019-10-01,4.34217243287037,4.491047010934916,4.312645789053364,4.317359924316406,366008000.0
2019-10-02,4.295524850012319,4.307434891111473,4.221335790853704,4.293540000915527,293372000.0
2019-10-03,4.298005428034308,4.504940819375018,4.267734354712672,4.498737812042236,450588000.0
2019-10-04,4.500970957524564,4.544392958352677,4.435962660070018,4.5151143074035645,265524000.0
2019-10-07,4.579874825820831,4.673169354026785,4.57119051991119,4.573671817779541,480984000.0
2019-10-08,4.482114568803181,4.482114568803181,4.379391277573757,4.3975043296813965,444436000.0
2019-10-09,4.4741742246574345,4.5332279835979445,4.445392018572494,4.483850955963135,292412000.0
2019-10-10,4.481618912031136,4.592282081938289,4.476408327078359,4.541416645050049,309124000.0
2019-10-11,4.62528074598617,4.69798091317466,4.606423264592353,4.614859580993652,446404000.0
2019-10-14,4.606176435689826,4.649101996183618,4.5751609174816155,4.628259658813477,200040000.0
2019-10-15,4.718328018520987,4.944865345798221,4.704432656393893,4.87241268157959,664124000.0
2019-10-16,4.838420492650064,4.943129094185844,4.807404976671537,4.81881856918335,428944000.0
2019-10-17,4.863232267535024,4.908142667329887,4.766463550442048,4.820803165435791,263436000.0
2019-10-18,4.821299651818596,4.853804039838178,4.652327188895104,4.726516246795654,307440000.0
2019-10-21,4.787802639758155,4.876879481697929,4.768945154666601,4.863480567932129,261868000.0
2019-10-22,4.9203018050100775,5.025258402248578,4.845864750381245,4.8535566329956055,328720000.0
2019-10-23,4.771675887794921,4.854797253245495,4.739915931328009,4.840654373168945,279916000.0
2019-10-24,4.881839886966116,4.918065971041825,4.847847112152201,4.8845696449279785,232020000.0
2019-10-25,4.964963768071458,5.095973274992065,4.957271886168225,5.075130939483643,423092000.0
2019-10-28,5.11880100719679,5.183313342999633,5.089522349919318,5.130959510803223,330792000.0
2019-10-29,5.117062478727796,5.123513946836008,5.015580109240692,5.034933567047119,211236000.0
2019-10-30,5.061731622001463,5.067438654333333,4.968933070897511,5.036919116973877,205960000.0
2019-10-31,5.016076812063298,5.036919146033415,4.908142958818643,4.987790584564209,209732000.0
2019-11-01,4.952558157199556,5.059003637100088,4.92749765792349,5.026747703552246,283640000.0
2019-11-04,5.107633763062573,5.235417981160858,5.084558595545801,5.223011493682861,376716000.0
2019-11-05,5.222764879702714,5.248817800370786,5.153041963491564,5.200930118560791,300868000.0
2019-11-06,5.176862561539183,5.202419035813488,5.064462063223038,5.151802062988281,269012000.0
2019-11-07,5.238148828988384,5.252788157298014,5.124755913235387,5.1694183349609375,280340000.0
2019-11-08,5.152546979449829,5.187036225807821,5.115079985437128,5.155524253845215,189100000.0
2019-11-11,5.1547785599665294,5.188523361182357,5.068679459008743,5.165448188781738,243436000.0
2019-11-12,5.203659404546127,5.256758143748969,5.168673715892408,5.200930118560791,283504000.0
2019-11-13,5.169666076907561,5.197207870777653,5.10887592942984,5.1751251220703125,300188000.0
2019-11-14,5.184057865170301,5.207629962698635,5.1242601371146135,5.20539665222168,518080000.0
2019-11-15,5.203163831012112,5.254773705357175,4.978363292156554,5.066447734832764,1053628000.0
2019-11-18,5.0590027001184295,5.293727907130065,5.05602542646545,5.267179012298584,574588000.0
2019-11-19,5.236162679329766,5.259734296826919,5.10267189625571,5.160732746124268,414564000.0
2019-11-20,5.137905552880523,5.32350216574159,5.1252510770289295,5.239884376525879,472588000.0
2019-11-21,5.235418991269967,5.290998551465639,5.19348586004434,5.2150726318359375,288388000.0
2019-11-22,5.237651025737851,5.28405029690506,5.209116813293341,5.232688903808594,224100000.0
2019-11-25,5.360474040534517,5.493716868933194,5.347571573662198,5.4887542724609375,506476000.0
2019-11-26,5.47113661900779,5.475851227136171,5.3778420868291095,5.384293556213379,385244000.0
2019-11-27,5.42973391735485,5.46399996004786,5.392736101303444,5.419056415557861,215784000.0
2019-11-29,5.388265940558016,5.4165725647475265,5.357972055708968,5.381809711456299,141556000.0
2019-12-02,5.374857618547784,5.388266419499602,5.18068149080554,5.195827960968018,372036000.0
2019-12-03,5.012577294828823,5.1603199018521915,4.975331311183511,5.156347274780273,465232000.0
2019-12-04,5.239778035168698,5.262125719687644,5.171493654075639,5.200048923492432,273424000.0
2019-12-05,5.221901034014239,5.237544320755254,5.152623012378893,5.183165073394775,184884000.0
2019-12-06,5.252194284022518,5.30111093009585,5.2422617681542905,5.268333911895752,232236000.0
2019-12-09,5.245489883172307,5.322961801954157,5.236799168591819,5.268333911895752,211880000.0
2019-12-10,5.298378948189027,5.3649256652269965,5.245737847541008,5.313277721405029,256388000.0
2019-12-11,5.323706960460603,5.402172038649379,5.321223831413108,5.396708965301514,233796000.0
2019-12-12,5.367904214572435,5.5819448661305096,5.35896533106347,5.563818454742432,404348000.0
2019-12-13,5.566799639646705,5.6857388190319105,5.5079504769970145,5.561833381652832,454704000.0
2019-12-16,5.60925852527263,5.66289277086458,5.581199601512894,5.590635299682617,320976000.0
2019-12-17,5.609258882070009,5.6912002273833044,5.599823183300094,5.668604373931885,321196000.0
2019-12-18,5.703367757662373,5.75923696959187,5.694925214773759,5.6988983154296875,343548000.0
2019-12-19,5.733413138739753,5.860049864322609,5.728446881201196,5.8466410636901855,445360000.0
2019-12-20,5.912939646392922,5.969057035341422,5.893820074180725,5.943729877471924,603044000.0
2019-12-23,5.972285989550854,6.004317552818715,5.919396708211689,5.9300737380981445,355060000.0
2019-12-24,5.9146767160689135,5.94223882710578,5.880410205351006,5.925105571746826,138864000.0
2019-12-26,5.928582028747246,5.967317982505401,5.909710630228528,5.9392595291137695,182852000.0
2019-12-27,5.95440666121821,5.9678154624624895,5.855332044762571,5.88165283203125,254644000.0
2019-12-30,5.859801344894404,5.865015772917134,5.73738589814169,5.768672466278076,258056000.0
2019-12-31,5.733412765788655,5.852103755754159,5.714293196478144,5.842668056488037,231004000.0
2020-01-02,5.928334143962491,5.957137584686279,5.877928004293768,5.957137584686279,237536000.0
2020-01-03,5.837701968795054,5.905490008291012,5.812871155604805,5.861787796020508,205384000.0
2020-01-06,5.7686732819433395,5.89158508763454,5.742601138143197,5.886370658874512,262636000.0
2020-01-07,5.9146772215510675,6.003322975997539,5.869733680543367,5.957634449005127,314856000.0
2020-01-08,5.953414011589043,6.0100282182750675,5.913436722472884,5.968809127807617,277108000.0
2020-01-09,6.0549704262952675,6.106618363369138,5.9807266351536645,6.034360885620117,255112000.0
2020-01-10,6.141381945898443,6.171675359974287,6.052488017299634,6.066641330718994,316296000.0
2020-01-13,6.149575543562408,6.281923026165789,6.12697921604719,6.2568440437316895,319840000.0
2020-01-14,6.214135687983089,6.239463317637183,6.126979903415702,6.140140533447266,359088000.0
2020-01-15,6.152802399398932,6.175150079684374,6.071854219450912,6.097678184509277,263104000.0
2020-01-16,6.151065142101568,6.187069795920927,6.127724301895055,6.181110382080078,284192000.0
2020-01-17,6.200230549789076,6.207679936211552,6.142375022038857,6.1898016929626465,253792000.0
2020-01-21,6.153301311440246,6.190050958426522,6.122511079468189,6.156529426574707,217916000.0
2020-01-22,6.201720834154756,6.296822351590504,6.182849433154044,6.210411548614502,239240000.0
2020-01-23,6.250388957043602,6.287138126517481,6.161743200933652,6.278695583343506,244516000.0
2020-01-24,6.393909849337127,6.443571474503476,6.165467226066961,6.219598293304443,373512000.0
2020-01-27,5.915671254980269,6.015242695944172,5.766438652557308,5.964339733123779,470536000.0
2020-01-28,6.030141161151841,6.189554455199545,5.977003238599784,6.1572747230529785,310976000.0
2020-01-29,6.1428734134327065,6.178878079967121,6.057207105222648,6.0969367027282715,258848000.0
2020-01-30,5.9993496142246245,6.117047448911372,5.944474034228208,6.103638648986816,290504000.0
2020-01-31,6.05795012762334,6.069868955650473,5.8290111609015804,5.870726585388184,370420000.0
2020-02-03,5.852599959031598,5.98693422980452,5.846392374463058,5.96756649017334,255564000.0
2020-02-04,6.109102487177571,6.155536003954367,6.059192684593247,6.136415958404541,271544000.0
2020-02-05,6.257093118185327,6.267273804534784,6.143368372698854,6.226551532745361,208220000.0
2020-02-06,6.260817558047638,6.3132100105285645,6.179869362419789,6.3132100105285645,218284000.0
2020-02-07,6.273233053761534,6.2953325687371064,6.221833281757143,6.247160911560059,189752000.0
2020-02-10,6.269756755214002,6.530479123908256,6.264790497583461,6.5297346115112305,529608000.0
2020-02-11,6.637748408041317,6.766371455351388,6.575919776508791,6.651901721954346,638556000.0
2020-02-12,6.704542242184371,6.773820254487021,6.66580628678317,6.767364025115967,374644000.0
2020-02-13,6.7095085866977415,6.79070495481685,6.6821946441272795,6.72366189956665,528016000.0
2020-02-14,7.132872187223781,7.3243170050003235,7.101585618170038,7.1956939697265625,1041924000.0
2020-02-18,7.092647618588116,7.382422588449085,7.0732798741144425,7.364047527313232,620164000.0
2020-02-19,7.486215802253592,7.831859565685861,7.486215802253592,7.814229488372803,694332000.0
2020-02-20,7.76630358951414,7.854452522643423,7.358583160433912,7.665242671966553,810052000.0
2020-02-21,7.553257158608696,7.578336145082304,7.217297345134649,7.3019700050354,768180000.0
2020-02-24,6.709012959273748,6.999036101511777,6.654633708905705,6.785739898681641,856916000.0
2020-02-25,6.8607288806333,6.922557520223502,6.4053334902319055,6.506891250610352,1055496000.0
2020-02-26,6.507138012452967,6.839621511425255,6.505648514112078,6.645941734313965,747732000.0
2020-02-27,6.333136140736128,6.633767803366144,6.183814297198913,6.275991439819336,906416000.0
2020-02-28,6.02405600239772,6.769422982151024,6.007409613455132,6.7100419998168945,1133252000.0
2020-03-02,6.87973918151174,6.896882687253615,6.4846945394968625,6.868061542510986,890744000.0
2020-03-03,6.923717626796975,6.983346959381859,6.520970720175705,6.606191158294678,652792000.0
2020-03-04,6.7132741760855605,7.078255622261228,6.6387371701108036,7.068814277648926,597408000.0
2020-03-05,6.869800285651486,7.03626563028122,6.745572430670839,6.790046215057373,540328000.0
2020-03-06,6.610909007237286,6.668302495799002,6.410156667714396,6.609915256500244,515412000.0
2020-03-09,5.96045217762715,6.444940981492417,5.917718051294053,6.09809684753418,614160000.0
2020-03-10,6.373882454356786,6.4866814613342285,6.111762085086141,6.4866814613342285,580648000.0
2020-03-11,6.347049469826052,6.375373500467724,6.02679016858534,6.123687744140625,499964000.0
2020-03-12,5.601681521561961,5.86653526687341,5.361673438486858,5.374344825744629,816540000.0
2020-03-13,5.726904703049222,5.98828015680967,5.456336697644329,5.9838080406188965,634836000.0
2020-03-16,5.2774471896853195,5.617583378912327,4.820040356746659,4.879669666290283,726972000.0
2020-03-17,4.991723701502606,5.487393064419589,4.745504279805291,5.398197174072266,833632000.0
2020-03-18,4.971599992034838,5.216080282841234,4.489099029153582,5.039179801940918,874268000.0
2020-03-19,5.017811170475434,5.384780539879821,4.804885019488233,5.291361331939697,765512000.0
2020-03-20,5.441179660332024,5.7224315012787486,5.096571825269619,5.111976146697998,804636000.0
2020-03-23,5.11098266460325,5.378569879183568,4.932343026928404,5.284404754638672,643876000.0
2020-03-24,5.689635095889186,6.2774815275736024,5.666031976397878,6.191018581390381,1101644000.0
2020-03-25,6.305805100753528,6.50506657225424,6.053871050370559,6.102568626403809,793432000.0
2020-03-26,6.309284089634278,6.51500567196271,6.211392763360578,6.391274929046631,696108000.0
2020-03-27,6.211392945580001,6.53736691560444,6.178596798409605,6.279221534729004,638828000.0
2020-03-30,6.344564958091358,6.607928356954407,6.300588285202859,6.598735332489014,602252000.0
2020-03-31,6.638737263039747,6.842471369775912,6.403946662410681,6.549293518066406,949960000.0
2020-04-01,6.351769813017478,6.4978615949247445,5.994738920187565,6.039212226867676,656912000.0
2020-04-02,6.06828211430881,6.360466172613561,6.020330439771605,6.3472981452941895,675764000.0
2020-04-03,6.309781168533182,6.351273226478855,5.922935826420933,6.060083389282227,663212000.0
2020-04-06,6.341583727049638,6.705323069101554,6.284190233065796,6.668551445007324,727884000.0
2020-04-07,6.889676079722989,6.913279673254459,6.392764706231681,6.4357476234436035,784520000.0
2020-04-08,6.54457162490278,6.6573706324645965,6.474755537698199,6.6325249671936035,542444000.0
2020-04-09,6.757995142898604,6.7808528319552455,6.470283210937693,6.533142566680908,525564000.0
2020-04-13,6.473512640432895,6.713272402959416,6.385310990189265,6.70457649230957,398408000.0
2020-04-14,6.832531728016859,7.088937907231297,6.804953130241058,7.0548996925354,530948000.0
2020-04-15,6.887191708782641,7.06036545365664,6.841972969339748,6.977629661560059,366148000.0
2020-04-16,7.132667432102956,7.428826534022673,7.1194994029854035,7.321990489959717,745620000.0
2020-04-17,7.4039804904478155,7.425347792957144,7.129188706028905,7.262857913970947,539120000.0
2020-04-20,7.136643631616943,7.292176804167724,7.0876977207599525,7.131922721862793,449388000.0
2020-04-21,7.014153273806916,7.075272975745173,6.636500486196766,6.69612979888916,735160000.0
2020-04-22,6.887938858374896,7.1522960535006215,6.84247178837645,7.109561443328857,483356000.0
2020-04-23,7.151549634129626,7.283230864116009,7.031296775991979,7.056390762329102,424160000.0
2020-04-24,7.046203587942154,7.1970158065298095,6.971666595888947,7.195028305053711,352328000.0
2020-04-27,7.3291949610384926,7.540630723793758,7.304597615042217,7.38112211227417,479388000.0
2020-04-28,7.5282079052844395,7.558022799320895,7.233539699191487,7.2390055656433105,442904000.0
2020-04-29,7.3734203929741255,7.468082150925123,7.298386754372791,7.415409564971924,379160000.0
2020-04-30,7.361493734355101,7.4154088591523335,7.247949773360715,7.2618632316589355,375916000.0
2020-05-01,7.064838190964827,7.177885523416327,6.9776302758674795,7.0258307456970215,342096000.0
2020-05-04,6.978624506793331,7.250932158583061,6.978624506793331,7.237267017364502,317556000.0
2020-05-05,7.3411220220379825,7.460380664354772,7.237267230059776,7.2981390953063965,368896000.0
2020-05-06,7.377396350477383,7.50336340077888,7.339630972534059,7.398763179779053,323464000.0
2020-05-07,7.537650366405477,7.637778003139427,7.486468637437542,7.574670314788818,373732000.0
2020-05-08,7.646224187677115,7.77045203954479,7.612434291582904,7.764240741729736,339216000.0
2020-05-11,7.759270817320762,8.062387051955826,7.730698470823319,8.015677452087402,469060000.0
2020-05-12,8.073320725621777,8.122017838593292,7.7446137913889,7.754303455352783,493060000.0
2020-05-13,7.8685940883825465,8.028599377200452,7.54783760511146,7.731943607330322,625852000.0
2020-05-14,7.793310708554394,7.986360909028499,7.640013385344732,7.980895042419434,602312000.0
2020-05-15,7.8410132881203465,8.44799027470349,7.825360647564114,8.438301086425781,987660000.0
2020-05-18,8.706386193673236,8.861422715441426,8.626880430887004,8.696199417114258,774460000.0
2020-05-19,8.735952164581962,9.031365836913162,8.70862188133378,8.751108169555664,717320000.0
2020-05-20,8.935460067603975,8.987138893483177,8.83384159798782,8.914589881896973,587536000.0
2020-05-21,8.995589960902274,8.996583238062687,8.683529383710239,8.721046447753906,761068000.0
2020-05-22,8.770735645480487,9.036832475277743,8.659427960573646,8.970494270324707,1038764000.0
2020-05-26,9.100186813930394,9.125032953045377,8.61843140772294,8.663898468017578,770780000.0
2020-05-27,8.571721934524938,8.579423621709141,7.947352618383713,8.472588539123535,1175892000.0
2020-05-28,8.360286872605021,8.706386109655163,8.327490722077602,8.434576034545898,734896000.0
2020-05-29,8.501658565221103,8.82067584991455,8.432587896373802,8.82067584991455,745256000.0
2020-06-01,8.778687590097684,8.786140959756835,8.63582533566827,8.751853942871094,389876000.0
2020-06-02,8.741915542097436,8.78266169957155,8.604519169266093,8.770735740661621,391320000.0
2020-06-03,8.767754868250782,8.811482751931813,8.646259459334125,8.715330123901367,365440000.0
2020-06-04,8.678043432788487,8.892061426403298,8.627832561939305,8.716323852539062,424280000.0
2020-06-05,8.744161832358072,8.94550214316356,8.658156779655378,8.868943214416504,481748000.0
2020-06-08,8.826440228140672,8.838868493971896,8.63603657853043,8.75460433959961,387736000.0
2020-06-09,8.749630411526866,9.057607058117851,8.701159524507204,8.994221687316895,468488000.0
2020-06-10,9.11527853442806,9.44562653759529,9.10110934363464,9.313138961791992,632180000.0
2020-06-11,9.09762951041862,9.208242694149288,8.73571349742717,8.745904922485352,583652000.0
2020-06-12,9.110058437847792,9.134666537472798,8.653436526345065,8.88137435913086,570908000.0
2020-06-15,8.764792175424898,9.129691107047064,8.693700665475127,9.12123966217041,400004000.0
2020-06-16,9.172198011090448,9.213708995508652,8.788158348881796,9.016592979431152,535716000.0
2020-06-17,9.061587984964056,9.245777040629367,9.018336061726147,9.183137893676758,408304000.0
2020-06-18,9.174189555536868,9.229371931959877,9.062333258974562,9.165241241455078,254408000.0
2020-06-19,9.18959858782948,9.390938922555518,9.174435670130153,9.208240509033203,524160000.0
2020-06-22,9.246769799517342,9.47669600474337,9.22017234709144,9.472221374511719,398468000.0
2020-06-23,9.496334887853113,9.58731147203892,9.353656826229907,9.395913124084473,375108000.0
2020-06-24,9.422010504543877,9.501801913604517,9.092159424758266,9.182639122009277,449372000.0
2020-06-25,9.302201008306115,9.450596783301863,9.129694001574956,9.43568229675293,376072000.0
2020-06-26,9.445625718185534,9.445625718185534,9.072772071415052,9.10260009765625,592084000.0
2020-06-29,9.117266222856149,9.151817312552694,8.849059572517856,9.147342681884766,342248000.0
2020-06-30,9.260692369521378,9.471727334858345,9.21346457243952,9.443390846252441,367892000.0
2020-07-01,9.466259489767404,9.520945009112733,9.359126241090184,9.475456237792969,326648000.0
2020-07-02,9.58383127402163,9.681767761145823,9.523428968107915,9.557234764099121,364056000.0
2020-07-06,9.685991442309067,9.85203541147055,9.656908714808086,9.782933235168457,315892000.0
2020-07-07,9.889323129713429,10.012364587676132,9.794369726464941,9.8152494430542,357800000.0
2020-07-08,9.936548129608003,10.166475276441442,9.908460082794605,10.157526016235352,365480000.0
2020-07-09,10.320836753485086,10.50950040463489,10.174926255888597,10.44884967803955,494548000.0
2020-07-10,10.528143708751548,10.594262798531828,10.319345634913779,10.419270515441895,497676000.0
2020-07-13,10.534357598250097,10.730478013100093,9.967619466000675,9.99471378326416,457076000.0
2020-07-14,10.0173381601684,10.343212572839256,9.729494803197333,10.317609786987305,542676000.0
2020-07-15,10.35464256132505,10.373284483795743,9.998194021875896,10.168712615966797,403984000.0
2020-07-16,9.957678504058652,10.148330579277705,9.838862314759108,10.076743125915527,344964000.0
2020-07-17,10.16697211899285,10.189840238076629,10.030010888799213,10.143109321594238,266284000.0
2020-07-20,10.215443985468063,10.470972981230924,10.098616209013986,10.450590133666992,284852000.0
2020-07-21,10.45283007760043,10.499561960626455,10.227875286408675,10.269386291503906,277036000.0
2020-07-22,10.308160418707741,10.541815020884213,10.232595203292092,10.379002571105957,367292000.0
2020-07-23,10.390186231450889,10.48663114543935,9.973833257090856,10.071769714355469,411660000.0
2020-07-24,9.818480016011662,10.305426819954247,9.721041347995266,10.136151313781738,473292000.0
2020-07-27,10.173685827717728,10.38198611518215,10.159268204168063,10.361852645874023,292132000.0
2020-07-28,10.31487200985098,10.322577211722987,10.150816447226648,10.15703010559082,271636000.0
2020-07-29,10.33127653908729,10.456057943379921,10.287777140002785,10.405598640441895,284508000.0
2020-07-30,10.315616063796083,10.562196717208867,10.236322472403026,10.553248405456543,308880000.0
2020-07-31,10.502789580184212,10.704877134724839,10.373285104214844,10.553995132446289,386080000.0
2020-08-03,10.671071950475074,11.0352257339503,10.653920621227677,10.947232246398926,412720000.0
2020-08-04,10.986756094966408,11.163488388061523,10.843580218303728,11.163488388061523,310336000.0
2020-08-05,11.179644171241007,11.306662426415594,11.102338977036846,11.222148895263672,249924000.0
2020-08-06,11.284788588104904,11.292991603889252,11.114767787246265,11.270620346069336,244316000.0
2020-08-07,11.24775201691962,11.43890190925991,10.974326380325055,11.135398864746094,342516000.0
2020-08-10,11.269376954121983,11.342952810941906,10.794360663161397,11.101095199584961,427796000.0
2020-08-11,11.01036654783612,11.073006628875003,10.733957862179553,10.787898063659668,354512000.0
2020-08-12,10.92784561988187,11.401369537124475,10.895531365569134,11.374773025512695,464412000.0
2020-08-13,11.479915466163844,11.654660281162782,11.290754924571592,11.3775053024292,374460000.0
2020-08-14,11.464007430364193,11.637757569633939,11.375020209739501,11.49781322479248,366436000.0
2020-08-17,11.783417060907157,12.338720679866736,11.749612219421017,12.266386985778809,621300000.0
2020-08-18,12.378741454160556,12.424478648175024,12.017073893181932,12.190574645996094,503448000.0
2020-08-19,12.226116848644702,12.244510335338129,12.028752403813792,12.069021224975586,622624000.0
2020-08-20,11.906460065788977,12.30417023970523,11.810760432923727,12.07150936126709,921388000.0
2020-08-21,12.131913399248386,12.735439599242884,12.125450359088568,12.610906600952148,999868000.0
2020-08-24,12.810010684230033,12.838596552750959,12.435913860335274,12.647446632385254,490564000.0
2020-08-25,12.558454243567907,12.688207132771769,12.501780338944037,12.677021980285645,289076000.0
2020-08-26,12.72599264104994,12.79484639215565,12.605188035899838,12.6998929977417,321244000.0
2020-08-27,12.708342781689355,12.776451226157715,12.494573218918223,12.555970191955566,317604000.0
2020-08-28,12.60245349059197,13.072745800414442,12.570139242268583,13.072497367858887,537160000.0
2020-08-31,13.107294890616904,13.497299807575946,12.963125328470161,13.297947883605957,500840000.0
2020-09-01,13.406856687261872,13.917819141256148,13.363592772595911,13.746006965637207,511316000.0
2020-09-02,14.623963657510243,14.646839567379729,13.824574955850318,14.26865291595459,874012000.0
2020-09-03,13.753712472441025,13.809159857079546,12.808867526231621,12.944875717163086,945128000.0
2020-09-04,12.71438074626908,13.103508301994463,11.641236233560134,12.554006576538086,1463684000.0
2020-09-08,11.670827490333822,12.481902772745954,11.640742031689909,11.848359107971191,795728000.0
2020-09-09,12.332716222048454,12.739745856584113,12.165379076629385,12.646007537841797,736200000.0
2020-09-10,12.91876810424412,12.994355926622518,12.10097942091234,12.24494457244873,698684000.0
2020-09-11,12.417749916068434,12.58384353718645,11.831199804641813,12.098491668701172,636928000.0
2020-09-14,13.010020502713123,13.242750033631548,12.562710979011644,12.80240249633789,1201744000.0
2020-09-15,13.20794074712078,13.22658919691016,12.758145184218588,12.920509338378906,727556000.0
2020-09-16,12.88694376690276,13.021708500069288,12.44585062487237,12.446596145629883,556384000.0
2020-09-17,12.066420242616426,12.521438302822826,11.969449429392025,12.395873069763184,792512000.0
2020-09-18,12.525413979484178,12.563953411285826,11.923697276841326,12.123108863830566,698460000.0
2020-09-21,11.86029133531131,12.454548957933197,11.839902392739468,12.44932746887207,721044000.0
2020-09-22,12.506767294795011,12.579371147984176,12.08954412011194,12.56917667388916,646452000.0
2020-09-23,12.507263849012158,12.657942495758004,12.013707338704753,12.057965278625488,647012000.0
2020-09-24,12.006742465999842,12.50129383353209,11.948808124243987,12.28099536895752,731240000.0
2020-09-25,12.379955614682167,12.813589592836323,12.179300580049098,12.803892135620117,588016000.0
2020-09-28,12.969493035987947,12.980930993277246,12.680818115759017,12.964271545410156,573808000.0
2020-09-29,12.867302874078,13.369811433120992,12.863076358931337,13.1539888381958,621460000.0
2020-09-30,13.086108389217218,13.548585476374578,13.078897894257189,13.457084655761719,689184000.0
2020-10-01,13.683346280612378,13.688069807917765,13.38770848426377,13.540624618530273,525004000.0
2020-10-02,13.15324310384822,13.446144582456846,12.980186471097523,12.991375923156738,552496000.0
2020-10-05,13.164180603468921,13.570215266382487,13.151002149843272,13.568474769592285,479820000.0
2020-10-06,13.754956254284847,14.065263568306756,13.590851607157786,13.66196346282959,784420000.0
2020-10-07,13.923783860981324,14.042635582326085,13.788272695610392,13.888227462768555,418084000.0
2020-10-08,13.998628455737617,14.008077409272373,13.683349068361048,13.763660430908203,378900000.0
2020-10-09,13.692298713449562,13.749238090470126,13.586625429092514,13.688071250915527,346892000.0
2020-10-12,13.913594772150065,14.269155097843651,13.837012898369833,14.148811340332031,434744000.0
2020-10-13,14.218924969070205,14.270642853771273,13.942682072541785,14.170936584472656,344604000.0
2020-10-14,14.212959397087152,14.264925797389301,13.884253040032485,14.018769264221191,276100000.0
2020-10-15,13.73581225732956,13.929753875044918,13.693045357210385,13.894198417663574,267224000.0
2020-10-16,13.960585989677563,14.044876308011847,13.717661001997262,13.736557960510254,242392000.0
2020-10-19,13.82756066882384,13.90762351790688,13.334003224238439,13.42451000213623,298068000.0
2020-10-20,13.509795908711718,13.724872954678204,13.433711058017145,13.571459770202637,229212000.0
2020-10-21,13.551066960951445,13.71666357670452,13.404367299030525,13.451360702514648,219596000.0
2020-10-22,13.449124433979557,13.537889759866344,13.159951596832498,13.288500785827637,290480000.0
2020-10-23,13.37701796276027,13.519491128255543,13.21912978294742,13.516507148742676,233484000.0
2020-10-26,13.354144270624808,13.618452225556153,12.96775208441768,13.069944381713867,336896000.0
2020-10-27,13.23379931227968,13.369061984732776,13.11992056172702,13.324057579040527,250520000.0
2020-10-28,13.126385854290977,13.188049707227659,12.540582096891148,12.558484077453613,376520000.0
2020-10-29,12.768838326092173,13.121166120183615,12.680818504298344,12.95333194732666,320080000.0
2020-10-30,12.780276391790489,12.866306261983306,12.233260497280058,12.465991020202637,416820000.0
2020-11-02,12.589067357205305,12.767095978819652,12.327743402774802,12.51248550415039,299652000.0
2020-11-03,12.63954209787184,13.033890278158362,12.534365826303068,12.948854446411133,272900000.0
2020-11-04,13.316598246406535,13.752470792021674,13.264631851760678,13.719400405883789,410228000.0
2020-11-05,14.08565213447711,14.261193784268926,13.915082519116078,14.083165168762207,319028000.0
2020-11-06,14.033188045302696,14.50958900610018,13.819603973147315,14.48298454284668,383348000.0
2020-11-09,14.473533988039739,14.611779675899903,13.536894602102251,13.556785583496094,582976000.0
2020-11-10,13.532668624695363,13.532668624695363,12.559727213621446,12.700708389282227,644068000.0
2020-11-11,12.982916398010092,13.362097998306274,12.877988653224927,13.345190048217773,404744000.0
2020-11-12,13.405860329921897,13.691302714348726,13.243744694427015,13.3837308883667,365812000.0
2020-11-13,13.55330655700008,13.59458146386751,12.988388755362086,13.224848747253418,346312000.0
2020-11-16,13.101023821758483,13.575435787930013,13.084613831121814,13.441914558410645,413776000.0
2020-11-17,13.478962824136428,13.52247524343966,13.231562827098397,13.349419593811035,312028000.0
2020-11-18,13.392185521013086,13.531923214939193,13.113456602294555,13.355883598327637,510924000.0
2020-11-19,13.141055511077486,13.414314421945354,13.028917261135884,13.367321014404297,565936000.0
2020-11-20,13.38099780808852,13.421277740192645,12.994107670676497,13.016735076904297,341088000.0
2020-11-23,13.09978026741796,13.309883333882462,12.944875127706089,13.068699836730957,361356000.0
2020-11-24,13.07118491893796,13.09057888624763,12.815082491914447,12.88743782043457,346500000.0
2020-11-25,12.961785056669386,13.197498593327106,12.949353072197923,13.16293716430664,259916000.0
2020-11-27,13.302424222397182,13.33474813562024,13.09903368840049,13.189291000366211,167276000.0
2020-11-30,13.193020502084686,13.339720161109634,12.901858694109075,13.328779220581055,286952000.0
2020-12-01,13.41903802202874,13.455339940878662,13.156469666121708,13.317342758178711,296948000.0
2020-12-02,13.278060696110973,13.599308062330183,13.1624414271629,13.47100830078125,283360000.0
2020-12-03,13.517763528464098,13.589891659268064,13.26059109649441,13.32724666595459,199520000.0
2020-12-04,13.379479997427541,13.490408499250023,13.320037037924799,13.488667488098145,202244000.0
2020-12-07,13.531445119380862,13.66077804492372,13.430715060040114,13.536916732788086,223244000.0
2020-12-08,13.515278179379305,13.528957686598924,13.213335648092489,13.281484603881836,271920000.0
2020-12-09,13.232238946348641,13.345156083678086,12.802207321709657,12.864386558532715,401300000.0
2020-12-10,12.802953380691694,13.001678158655883,12.783552731095787,12.905673027038574,207764000.0
2020-12-11,12.900700138792804,12.953180002897902,12.757190533366504,12.946464538574219,209264000.0
2020-12-14,13.020829182897314,13.320035433419807,13.010383117244352,13.240446090698242,270156000.0
2020-12-15,13.370772848841048,13.394898420852309,13.119072012231975,13.291930198669434,193016000.0
2020-12-16,13.353609357953253,13.36828413251128,13.144687134351264,13.17453384399414,223116000.0
2020-12-17,13.29814698347281,13.310832168465264,13.110863557414445,13.272778511047363,231384000.0
2020-12-18,13.310334366601626,13.336200948982984,13.003418348495277,13.20388412475586,342064000.0
2020-12-21,13.007645399918461,13.30138000486994,12.900945634831366,13.263823509216309,302332000.0
2020-12-22,13.250892022262283,13.268799292120496,12.98700315387117,13.210102081298828,185580000.0
2020-12-23,13.187967415608872,13.206869957358288,12.938256138787487,12.942483901977539,179144000.0
2020-12-24,12.970336813485524,13.065098078701942,12.87234305599769,12.9270601272583,97884000.0
2020-12-28,12.995460029586082,12.995460029586082,12.697746203513814,12.833793640136719,212564000.0
2020-12-29,12.858664715222053,13.005407733251095,12.776339097439232,12.87682056427002,170372000.0
2020-12-30,12.923579073766286,13.145932243119045,12.830559761023274,13.07828140258789,225396000.0
2020-12-31,13.069077859414788,13.08350310484441,12.848714303542376,12.987996101379395,192424000.0
2021-01-04,13.036997581745014,13.582434103120457,12.895974723504262,13.046199798583984,560640000.0
2021-01-05,13.032517804717118,13.374503578803857,13.019833567840328,13.335952758789062,322760000.0
2021-01-06,13.154638288108194,13.177022849780169,12.521405575778882,12.549758911132812,580424000.0
2021-01-07,12.900944926798237,13.309090007060597,12.8203612761621,13.2755126953125,461480000.0
2021-01-08,13.293919104792138,13.352118201712143,12.975063652438749,13.208608627319336,292528000.0
2021-01-11,13.349882219992052,13.88934991932038,13.293921285257271,13.551591873168945,518344000.0
2021-01-12,13.681920173620775,13.683910713956553,13.276512193527163,13.415544509887695,291476000.0
2021-01-13,13.420763670245865,13.555071023692324,13.316303027862848,13.462299346923828,210028000.0
2021-01-14,13.505327416462048,13.529950146558164,13.112852370232488,13.132500648498535,283120000.0
2021-01-15,13.16010939853899,13.25686026552302,12.782557674546371,12.793500900268555,277780000.0
2021-01-19,12.94944518994785,13.026796351578763,12.7780794490241,12.958399772644043,226188000.0
2021-01-20,13.044455477389974,13.361569918313185,12.9897384021598,13.297152519226074,258572000.0
2021-01-21,13.349632577259866,13.927402474262239,13.184982279201542,13.7963285446167,337780000.0
2021-01-22,13.669481280851628,13.770709436142702,13.557309900202496,13.642122268676758,246820000.0
2021-01-25,13.711019017208473,13.757529155129262,13.168567410462774,13.583178520202637,251112000.0
2021-01-26,13.510799710027586,13.574719948658196,13.31879041384867,13.36629581451416,163980000.0
2021-01-27,13.162102390581053,13.164838672108491,12.728091517421198,12.851455688476562,371272000.0
2021-01-28,12.9295498263929,13.271287026648704,12.89398291811221,12.984018325805664,228316000.0
2021-01-29,13.007896642574716,13.266313924856322,12.845235919916684,12.923084259033203,271552000.0
2021-02-01,12.986257425752575,13.202640890001744,12.836529537314517,13.16906452178955,217204000.0
2021-02-02,13.329984932916615,13.502345023877039,13.217315428489607,13.487174034118652,220440000.0
2021-02-03,13.56601739761025,13.860250172849762,13.447131481428253,13.4610595703125,245408000.0
2021-02-04,13.461555570894452,13.603324148408923,13.26929767552563,13.594121932983398,201340000.0
2021-02-05,13.654558033830845,13.666745108660233,13.476227305081746,13.521245002746582,169152000.0
2021-02-08,13.65679743774099,14.399466174887932,13.65679743774099,14.364645957946777,434624000.0
2021-02-09,14.267146028109993,14.508401703607138,14.149503050968287,14.190044403076172,287560000.0
2021-02-10,14.389020780396104,14.828503172781936,14.267895756343098,14.688475608825684,485352000.0
2021-02-11,14.903366783802442,15.19386796154073,14.848400177999755,15.172477722167969,450828000.0
2021-02-12,14.97276057463084,15.212772469249881,14.699171360456567,14.884466171264648,374756000.0
2021-02-16,14.986937029281831,15.293605449198264,14.873273202629141,15.251571655273438,321960000.0
2021-02-17,15.093136657546811,15.14536793027898,14.704143611075722,14.829497337341309,274756000.0
2021-02-18,14.653407246591904,14.796916836680797,14.500197331565527,14.752894401550293,233868000.0
2021-02-19,14.947390182953654,15.099107664393724,14.770552807333134,14.849893569946289,271724000.0
2021-02-22,14.698920325656603,15.055580850463219,14.251478660606724,14.282071113586426,325884000.0
2021-02-23,14.003012864242908,14.165674533529184,13.32078225361046,14.06942081451416,391780000.0
2021-02-24,14.050268009256117,14.432297029257633,13.685399568921875,14.424586296081543,448320000.0
2021-02-25,13.97341582362996,14.30097638862867,13.148422295447304,13.239203453063965,824436000.0
2021-02-26,13.681918627171427,13.783395375288514,13.292428372327969,13.64411449432373,500932000.0
2021-03-01,13.80378919793109,13.853532772184092,13.483690829892343,13.770709991455078,353184000.0
2021-03-02,13.828660812201646,13.849055782455864,13.32724777396713,13.337445259094238,264116000.0
2021-03-03,13.357342042126135,13.382461933778034,12.733062069739823,12.739031791687012,377592000.0
2021-03-04,12.735050337073638,12.90840660411172,12.021730309210714,12.30675983428955,573344000.0
2021-03-05,12.485587799757738,12.485587799757738,11.619306465428844,12.397541999816895,542840000.0
2021-03-08,12.38610197088301,12.407242680598653,11.507136309244094,11.5337495803833,543112000.0
2021-03-09,12.072160122978335,12.556330138602013,12.001500032074086,12.46029281616211,521824000.0
2021-03-10,12.779008634694895,12.917840255866876,12.397843341761316,12.408541679382324,384376000.0
2021-03-11,12.887982786943063,12.983772381108242,12.673514929162938,12.9312744140625,299916000.0
2021-03-12,12.587677234677724,12.827025929600989,12.529706717484979,12.794432640075684,243964000.0
2021-03-15,12.803140232452149,13.143502391712138,12.706107314755066,13.128076553344727,221988000.0
2021-03-16,13.292538027663083,13.447791111083193,13.05393623427105,13.227601051330566,272128000.0
2021-03-17,12.977302577062947,13.388822153481435,12.92729317177526,13.277359008789062,243864000.0
2021-03-18,13.073592309996888,13.12086450040622,12.656100861548346,12.661574363708496,293896000.0
2021-03-19,12.6889427194056,12.859621644128715,12.552101370096228,12.784234046936035,299208000.0
2021-03-22,12.850910591400218,13.33035300913703,12.844938809314465,13.123100280761719,297804000.0
2021-03-23,13.190779301646574,13.280597139066513,12.958895259941004,13.008158683776855,222048000.0
2021-03-24,13.088271002303621,13.096233063845542,12.576235180945393,12.582454681396484,245840000.0
2021-03-25,12.439641491398485,12.65386069712674,12.2132310027731,12.4752197265625,295144000.0
2021-03-26,12.494377961706281,12.794683107271615,12.31424498723302,12.777764320373535,363968000.0
2021-03-29,12.758854634186175,12.999944962976231,12.639180750258788,12.886241912841797,273520000.0
2021-03-30,12.78049983259111,12.913111935410978,12.644155840330791,12.810107231140137,200204000.0
2021-03-31,12.953168820976972,13.405989749424087,12.92032686561511,13.28432559967041,314776000.0
2021-04-01,13.507256145400948,13.803579814393816,13.446547439602472,13.745609283447266,308276000.0
2021-04-05,13.801089845669066,13.946887903270396,13.667233455346796,13.920515060424805,255672000.0
2021-04-06,13.93271046732124,13.986949114755042,13.707544199324758,13.795122146606445,191744000.0
2021-04-07,13.814274260612367,14.175287090122087,13.645835268507502,14.075766563415527,251284000.0
2021-04-08,14.184496524494385,14.402198969872602,14.180763685323448,14.248438835144043,244416000.0
2021-04-09,14.145932176310351,14.339003397951725,14.107119378716153,14.33104133605957,195172000.0
2021-04-12,14.221316464351995,15.278976816323755,14.071536912958104,15.136163711547852,869324000.0
2021-04-13,15.158554772096085,15.624811223883478,15.05331113398872,15.604409217834473,676212000.0
2021-04-14,15.550171339256597,15.645213978889275,15.154574942421624,15.203838348388672,385500000.0
2021-04-15,15.587499434079929,16.136607523940544,15.55664774301498,16.05997657775879,598480000.0
2021-04-16,15.976124276327353,16.08833533705713,15.789273517405002,15.836297988891602,335208000.0
2021-04-19,15.462097636720497,15.731799760759175,15.16005088533594,15.28818416595459,404420000.0
2021-04-20,15.24986717123968,15.422785011070824,14.891342877489341,15.09859561920166,334132000.0
2021-04-21,15.046345697974633,15.28892894500283,15.02992519507416,15.286938667297363,216776000.0
2021-04-22,15.301369588101839,15.364565890935939,14.712701982849865,14.779132843017578,277788000.0
2021-04-23,14.862729237894923,15.261560191711682,14.82889261935136,15.192144393920898,227500000.0
2021-04-26,15.112280196193051,15.404871918096893,15.05256711564777,15.403876304626465,197796000.0
2021-04-27,15.503895773425132,15.59545520137398,15.28096851185869,15.308088302612305,164572000.0
2021-04-28,15.290917720178005,15.457864703350806,15.142631130959463,15.203587532043457,209416000.0
2021-04-29,15.326253075343647,15.362578263675914,14.999326380353246,15.251363754272461,173196000.0
2021-04-30,15.101830901269981,15.291417919862836,14.925180214363863,14.937620162963867,201912000.0
2021-05-03,15.052568004352894,15.173734835232782,14.716684635138343,14.765698432922363,203912000.0
2021-05-04,14.567153783566326,14.567402449672667,13.94315656113804,14.282523155212402,405324000.0
2021-05-05,14.638559441083883,14.742559766034404,14.318599252847807,14.389259338378906,292024000.0
2021-05-06,14.42583403228446,14.501470291554716,14.1499124041879,14.453451156616211,193380000.0
2021-05-07,14.737333378945776,14.899054593283333,14.601486723687938,14.741313934326172,229328000.0
2021-05-10,14.716435724758746,14.735096123743787,14.18175896431801,14.197433471679688,268904000.0
2021-05-11,13.758793450883047,14.286006409049536,13.684152807210628,14.237738609313965,285584000.0
2021-05-12,13.94241106998926,14.191960821269014,13.643599798612323,13.69261360168457,303408000.0
2021-05-13,13.9665447300379,14.013320537107868,13.394547147231089,13.599809646606445,285404000.0
2021-05-14,13.823482138772494,14.259384315186782,13.682659301255852,14.17479133605957,258616000.0
2021-05-17,14.089205438627166,14.101396723447474,13.787159594813682,14.097664833068848,216980000.0
2021-05-18,14.19867448290616,14.335267129390546,13.936933523346982,13.948627471923828,186256000.0
2021-05-19,13.501532501812244,14.012076335077285,13.478394213384284,13.998392105102539,344000000.0
2021-05-20,14.234005637482559,14.613430225210289,14.202159294293685,14.542521476745605,321592000.0
2021-05-21,15.091132453121565,15.149103926583816,14.79829204158811,14.91995620727539,672992000.0
2021-05-24,15.139647605689639,15.669597751616458,15.10332242541384,15.537235260009766,554816000.0
2021-05-25,15.690497590957026,15.742745944567211,15.408355532354786,15.572813987731934,435408000.0
2021-05-26,15.658903139003064,15.7181179519617,15.511612105051503,15.62481689453125,370440000.0
2021-05-27,15.624566756037233,15.674576171257446,15.385964965433507,15.413830757141113,581476000.0
2021-05-28,15.426762356916907,16.199543259676062,15.426762356916907,16.16670036315918,644536000.0
2021-06-01,16.192089442425804,16.309773080606124,15.827094958818103,16.186614990234375,472804000.0
2021-06-02,16.17442249509747,16.837730875688383,16.157752372791514,16.69790267944336,594168000.0
2021-06-03,16.620770279953966,17.17634723996849,16.503584018913063,16.88848114013672,580008000.0
2021-06-04,17.030546995580625,17.576420274353822,17.013630109860085,17.494068145751953,617120000.0
2021-06-07,17.48710039214021,17.727194109995963,17.11041308265878,17.53462028503418,575756000.0
2021-06-08,17.443312869189647,17.53711123572053,17.16838498606947,17.37339973449707,323848000.0
2021-06-09,17.435866151003694,17.494845805819946,17.177051714798523,17.279083251953125,381656000.0
2021-06-10,17.270870846616056,17.412223413314685,17.097664634985957,17.34552764892578,287772000.0
2021-06-11,17.399776046347206,17.857430256597556,17.36418966363082,17.74394989013672,416308000.0
2021-06-14,17.82433434092857,17.957224622706175,17.582193863360512,17.936569213867188,321376000.0
2021-06-15,17.83329490038093,17.934082819672014,17.647147489049146,17.70737075805664,243032000.0
2021-06-16,17.709607366236927,17.87285892613583,17.504296927782022,17.72901725769043,307124000.0
2021-06-17,17.69343341937015,18.749095854040014,17.675267140573446,18.57215690612793,809656000.0
2021-06-18,18.698331232193887,19.286635432932194,18.499242623103743,18.553743362426758,968856000.0
2021-06-21,18.35116743365587,18.45195723428612,17.741461763180403,18.343204498291016,672384000.0
2021-06-22,18.3872508758273,18.87725613721242,18.302140132099126,18.80060577392578,580144000.0
2021-06-23,18.921055539369025,19.065394652543972,18.82151125791564,18.97032928466797,332356000.0
2021-06-24,19.14006003501539,19.331432554333333,19.0011946790379,19.117910385131836,320924000.0
2021-06-25,19.192560897393633,19.257264960130943,18.80832178543428,18.944198608398438,278364000.0
2021-06-28,19.2729482217132,19.987176571497116,19.23089123211505,19.89385414123535,495436000.0
2021-06-29,19.79181849083902,20.007081674259897,19.567346857383377,19.93541145324707,367632000.0
2021-06-30,19.90803865725093,20.070544083019442,19.77315668561849,19.911273956298828,326568000.0
2021-07-01,20.033212727409474,20.362702460566606,19.927695282223045,20.119815826416016,480136000.0
2021-07-02,20.34702451247123,20.411728585764077,20.195219897428057,20.3935604095459,342764000.0
2021-07-06,20.642919053523535,20.746942264644705,20.257436236959123,20.604097366333008,446708000.0
2021-07-07,20.758392448778196,20.779794027787037,20.23927125233733,20.278839111328125,418428000.0
2021-07-08,19.76593893142942,20.041176667969573,19.61089900392695,19.81197738647461,503300000.0
2021-07-09,19.87145390678074,19.988667035276382,19.664153655569276,19.958803176879883,296624000.0
2021-07-12,20.147690934282892,20.43910519307565,20.09567932268978,20.418949127197266,321984000.0
2021-07-13,20.30745722182195,20.36793111155692,20.022264856454754,20.157644271850586,290708000.0
2021-07-14,20.264901240088385,20.324627057304227,19.66266101165078,19.751005172729492,380100000.0
2021-07-15,19.72138815545387,19.756477090073883,18.77248508924965,18.879743576049805,550564000.0
2021-07-16,18.943708276091723,19.069630529102028,17.990574677215164,18.07817268371582,688224000.0
2021-07-19,17.83354040544613,18.95515041008201,17.784016036287866,18.6940975189209,749060000.0
2021-07-20,18.64456905248819,18.75207624995031,18.08115068318081,18.52710723876953,434687000.0
2021-07-21,18.795882316770854,19.43794103502016,18.656521440989437,19.321474075317383,371017000.0
2021-07-22,19.55241818326864,19.79629973923482,19.1880862893461,19.504636764526367,323826000.0
2021-07-23,19.566352203135214,19.610152148792288,19.162203768763973,19.468799591064453,195672000.0
2021-07-26,19.222923942720286,19.353325073529764,18.827733386815776,19.20600128173828,203943000.0
2021-07-27,19.177136815966357,19.53250898261361,18.655526474479164,19.120397567749023,248863000.0
2021-07-28,19.23088833780953,19.556396591410255,18.90836665974405,19.41404914855957,202191000.0
2021-07-29,19.429973514984173,19.762451684848866,19.23984467559429,19.572322845458984,190781000.0
2021-07-30,19.32943286615587,19.54046581793175,19.17514104352935,19.410064697265625,183497000.0
2021-08-02,19.610150452043428,19.869959730520304,19.27269590837672,19.659921646118164,217444000.0
2021-08-03,19.649967848258107,20.129769849720965,19.13233905420484,19.724626541137695,301811000.0
2021-08-04,19.898826814854456,20.225331848038415,19.737565032108463,20.18153190612793,231309000.0
2021-08-05,20.40650479203226,20.638441941721155,20.249224447514635,20.542879104614258,211435000.0
2021-08-06,20.4303935804627,20.47618331116727,20.11782460435866,20.273113250732422,178497000.0
2021-08-09,20.35274874502735,20.414466247960842,20.0511311729326,20.202438354492188,146443000.0
2021-08-10,20.229314798148827,20.33682202830791,19.744534522125157,19.845075607299805,179238000.0
2021-08-11,19.951586593338543,19.957559744802627,19.341383413828332,19.609155654907227,185925000.0
2021-08-12,19.779382108012353,19.937655472039182,19.5305222530475,19.81422233581543,151652000.0
2021-08-13,19.814214187047156,20.12180485647357,19.760459629886572,20.095922470092773,183063000.0
2021-08-16,20.043166397287347,20.194473564961584,19.36427582596979,19.859010696411133,210876000.0
2021-08-17,19.595220967543515,19.679834290499414,19.179128093035906,19.3692569732666,204585000.0
2021-08-18,19.411068171281503,19.544457824646162,18.913348474581976,18.953166961669922,285913000.0
2021-08-19,19.405090193128377,20.40152612998121,18.67642838900111,19.707704544067383,766555000.0
2021-08-20,19.899823633457626,20.76983801312774,19.8420894983611,20.72106170654297,675741000.0
2021-08-23,20.875353163773784,21.89667271123658,20.85444903468081,21.857851028442383,575807000.0
2021-08-24,21.65378693903574,21.85884677029652,21.436780805743606,21.693603515625,297299000.0
2021-08-25,21.637863490780983,22.367520297278727,21.62293250890913,22.111692428588867,347701000.0
2021-08-26,22.098751769400412,22.238112654688,21.69062183507276,21.96735382080078,237940000.0
2021-08-27,22.08282432095886,22.61837074338963,22.06590165626173,22.53276252746582,304722000.0
2021-08-30,22.72587287906404,22.937900738386737,22.448146059239313,22.58452033996582,262580000.0
2021-08-31,22.59546893289169,22.59546893289169,22.0229917814197,22.286828994750977,259850000.0
2021-09-01,22.386398003393204,22.597468221617223,22.25895905860022,22.34259033203125,201767000.0
2021-09-02,22.419251447689817,22.493923309725275,22.197229795135584,22.297786712646484,187834000.0
2021-09-03,22.227096544764898,22.885197091806518,22.102644720659796,22.74282455444336,280532000.0
2021-09-07,22.732867877774773,22.798578424834954,22.42323092316532,22.562618255615234,198107000.0
2021-09-08,22.41427219080018,22.510846929460918,21.880621559926695,22.24103546142578,254434000.0
2021-09-09,22.21415637158111,22.43916513590544,22.033950346554978,22.079748153686523,196856000.0
2021-09-10,22.249995986999718,22.52677674082894,22.1723389246809,22.379426956176758,248376000.0
2021-09-13,22.584521910954482,22.8632946864074,21.76214402740333,22.054855346679688,297500000.0
2021-09-14,22.177316913239693,22.311725124711973,21.989146556569096,22.14446258544922,199755000.0
2021-09-15,22.21116747444568,22.268913686849235,21.86967123574188,22.243026733398438,166538000.0
2021-09-16,22.08572130335323,22.179308947795626,21.830843425347233,22.14446258544922,156033000.0
2021-09-17,22.202208228860844,22.223116047519348,21.734269978657856,21.80396270751953,294503000.0
2021-09-20,21.053268680937446,21.33901075751113,20.57139190308022,21.020414352416992,349440000.0
2021-09-21,21.323081688701794,21.33104602969822,20.858130525552628,21.15283203125,204688000.0
2021-09-22,21.272302669855954,21.86369765838028,21.103048096770816,21.84478187561035,268726000.0
2021-09-23,22.042913958768718,22.43618231216487,21.794010226085298,22.38341522216797,248555000.0
2021-09-24,21.97321184376497,22.05186586068765,21.765128776614166,21.984163284301758,217655000.0
2021-09-27,21.614791948311225,21.703402346102116,21.231482000300172,21.565011978149414,245215000.0
2021-09-28,21.12097351503002,21.325074477409554,20.560440745183087,20.608230590820312,343069000.0
2021-09-29,20.848170149177676,20.92483213876471,20.3772429721725,20.427024841308594,218394000.0
2021-09-30,20.676926507135207,20.973620032961403,20.59727740414024,20.625154495239258,221009000.0
2021-10-01,20.65900727941029,20.767528549150793,20.11440509795195,20.651042938232422,240978000.0
2021-10-04,20.414083578048384,20.451917043098803,19.469245817551954,19.645469665527344,345635000.0
2021-10-05,19.862516117895748,20.557455206159453,19.76693642818016,20.361318588256836,279282000.0
2021-10-06,20.03176974378131,20.629137078715868,19.99194424199397,20.60922622680664,297202000.0
2021-10-07,20.99950393304236,21.22849675315436,20.880031234621082,20.982580184936523,256919000.0
2021-10-08,21.00846910302151,21.11300820810894,20.683898444287028,20.739652633666992,151258000.0
2021-10-11,20.484773437642136,20.970632383544228,20.421053017517437,20.604246139526367,163388000.0
2021-10-12,20.736663894521275,20.964659771807728,20.437980218130104,20.580352783203125,162134000.0
2021-10-13,20.826265874944212,20.8979506288575,20.622164953970238,20.8471736907959,180652000.0
2021-10-14,21.194643109467265,21.659594172572046,21.029370725954077,21.650634765625,243589000.0
2021-10-15,21.71435462616983,21.834824285475865,21.56700484536949,21.76612663269043,226994000.0
2021-10-18,21.653624540532604,22.19324752272249,21.5490835543678,22.124549865722656,189494000.0
2021-10-19,22.178316480739,22.280865453012563,21.940366100720357,22.192256927490234,161473000.0
2021-10-20,22.207186839128415,22.334625782730672,21.885603327165416,22.006072998046875,146276000.0
2021-10-21,22.000097295285027,22.611405016436052,21.98615875079242,22.592487335205078,187590000.0
2021-10-22,22.72291561933294,23.02856856064082,22.46206541817937,22.626340866088867,249384000.0
2021-10-25,22.872258622224397,23.25258344955109,22.67014969676888,23.06441307067871,230235000.0
2021-10-26,23.88380198609397,25.148233144137606,23.81908649717466,24.60860824584961,485898000.0
2021-10-27,24.36667273808714,24.979970559191603,24.17551339728853,24.343772888183594,245990000.0
2021-10-28,24.7688996326781,24.840584383344975,24.415456914629402,24.831623077392578,234204000.0
2021-10-29,24.89136000637363,25.596255323739626,24.89036493868352,25.454877853393555,292503000.0
2021-11-01,25.536522381847643,25.78044692731383,25.11637208457716,25.713741302490234,265740000.0
2021-11-02,25.708759787654955,26.56100485226317,25.686855006308992,26.285219192504883,294112000.0
2021-11-03,26.553046154370787,26.666546557874828,26.119954258485805,26.481361389160156,239910000.0
2021-11-04,27.109591491333024,31.227453379184272,26.999078204026905,29.670312881469727,1153631000.0
2021-11-05,30.054622412775466,31.26230243845938,29.28102933486203,29.621530532836914,851260000.0
2021-11-08,30.016784643098717,30.963614337249158,29.7758453334055,30.668912887573242,503101000.0
2021-11-09,32.140437950177784,32.16831504259849,29.83260209058048,30.52256202697754,646746000.0
2021-11-10,29.22726785132228,30.714715789314535,28.65180150099656,29.329814910888672,636206000.0
2021-11-11,30.334388087867172,30.45585281899345,29.646418368081974,30.256729125976562,332172000.0
2021-11-12,29.87839638802561,30.54545829095262,29.500061751090385,30.256729125976562,413054000.0
2021-11-15,30.41801896863416,30.509614574948284,29.11874154072653,29.893329620361328,384909000.0
2021-11-16,29.628497753453818,30.256729228063044,29.57572877826621,30.07054901123047,264484000.0
2021-11-17,30.28460666991569,30.375209109979387,28.673702083946914,29.132680892944336,428508000.0
2021-11-18,32.225063319518526,32.616337669436994,31.183648858814088,31.536096572875977,781711000.0
2021-11-19,32.101611886418695,32.94290770891931,31.7650946968093,32.84035873413086,533867000.0
2021-11-22,33.37001612006789,34.49506179185787,31.76010847564054,31.81586265563965,754335000.0
2021-11-23,31.39670778185482,32.21809062628642,30.744579503591616,31.606782913208008,532163000.0
2021-11-24,31.323035910804574,32.71092196803006,30.792372310199486,32.53071594238281,435162000.0
2021-11-26,32.45704054958605,32.56655878387352,31.212523964338434,31.364852905273438,283069000.0
2021-11-29,32.22406422648845,33.26547475913897,31.895509575688923,33.22963333129883,454964000.0
2021-11-30,33.02354533082021,33.20674036434526,31.72426963928221,32.53270721435547,622066000.0
2021-12-01,33.07737601000796,33.1470772684117,31.24621379716434,31.300979614257812,484368000.0
2021-12-02,31.080920379263713,32.33953127754449,30.892725098561222,31.989030838012695,472890000.0
2021-12-03,31.86357023241154,31.992021860446783,30.001542011299605,30.562143325805664,544325000.0
2021-12-06,29.752611029224973,30.11207202986678,27.918465014907625,29.90894317626953,658938000.0
2021-12-07,30.825023080342124,32.310662878163335,30.52032598088665,32.288753509521484,593053000.0
2021-12-08,31.86257802352817,32.15233775708551,31.287041214384153,31.69031524658203,475551000.0
2021-12-09,31.59870601970093,32.067700548302355,30.29827420147728,30.360010147094727,488507000.0
2021-12-10,31.01719680171708,31.171536668842634,29.733692678385772,30.069255828857422,488825000.0
2021-12-13,30.12003462160517,30.164842841094565,27.99612729686803,28.040935516357422,598344000.0
2021-12-14,27.580907982463,28.555734222401295,27.13382283364954,28.216188430786133,667035000.0
2021-12-15,28.278923439427665,30.369971003090434,27.71931911008017,30.329145431518555,698297000.0
2021-12-16,31.01918913294205,31.027154448930762,27.97323064778504,28.265975952148438,707366000.0
2021-12-17,27.865689688111814,28.79869516682683,27.64164857062036,27.68247413635254,713758000.0
2021-12-20,27.188582303799077,28.024003930739724,27.029264634092446,27.60081672668457,461847000.0
2021-12-21,28.25303247287371,28.995852308207283,27.284179231128302,28.9510440826416,524385000.0
2021-12-22,28.767825605381404,29.428994238441074,28.327708710251994,29.274654388427734,395184000.0
2021-12-23,29.628137470740068,29.93084220480684,29.305519450918823,29.513628005981445,343022000.0
2021-12-27,29.53354885530447,30.95446509890773,29.51363366651382,30.81307029724121,403686000.0
2021-12-28,31.178505155996454,31.196428065606888,29.88404641723083,30.192726135253906,420591000.0
2021-12-29,30.14393618740853,30.41776338511472,29.240801560831677,29.87309455871582,343139000.0
2021-12-30,29.69983156408998,30.32714660813748,29.41405644108792,29.45985984802246,308864000.0
2021-12-31,29.547489426670328,29.901972573947273,29.205951342168785,29.28561019897461,266530000.0
2022-01-03,29.68789094158686,30.58007095463998,29.65801815616507,29.992586135864258,391547000.0
2022-01-04,30.147916396398475,30.33810206507223,28.228136800951273,29.165124893188477,527154000.0
2022-01-05,28.82558189391546,29.29059190225155,27.415620224197976,27.486316680908203,498064000.0
2022-01-06,27.52216436362774,28.316762659075174,26.949616846915596,28.057870864868164,454186000.0
2022-01-07,28.021022122800325,28.30082422135425,26.941642201747857,27.13083267211914,409939000.0
2022-01-10,26.467679186121405,27.351893948324527,25.53467353356285,27.283187866210938,594681000.0
2022-01-11,27.206514697544513,27.945351930449434,26.724578863489402,27.698408126831055,404089000.0
2022-01-12,27.947334289673307,28.473083012024553,27.490291625249768,27.87962532043457,383413000.0
2022-01-13,28.2580102227296,28.358579457679358,26.385029059468522,26.461702346801758,540171000.0
2022-01-14,26.187875711062546,27.08105283504242,26.098259251810827,26.827138900756836,395832000.0
2022-01-18,26.148042698978056,26.524431382788112,25.660132004918143,25.792564392089844,424270000.0
2022-01-19,25.967817240669206,26.429837857961516,24.945195249139907,24.96013069152832,488315000.0
2022-01-20,25.19612032401024,25.46994751510898,23.97534549383341,24.047039031982422,435181000.0
2022-01-21,23.406779692719766,24.717169013281726,23.163820484440176,23.27434730529785,718958000.0
2022-01-24,22.234796834896894,23.280319440924885,20.798945308150216,23.272354125976562,913982000.0
2022-01-25,22.44988020196596,22.84518895116685,21.906208409712576,22.22882652282715,664616000.0
2022-01-26,23.140918549293506,23.954434796117226,22.204925605698346,22.67491340637207,755959000.0
2022-01-27,23.467523671999473,23.89270329457415,21.582592522124454,21.850446701049805,573353000.0
2022-01-28,21.918151515078176,22.76054528347654,21.205204558448763,22.74262237548828,543774000.0
2022-01-31,23.083169257619492,24.40451353042062,22.953724311798037,24.381610870361328,564680000.0
2022-02-01,24.996969904301384,25.037795466622228,23.788145059709638,24.532957077026367,518925000.0
2022-02-02,25.6840327601272,25.706933518845947,24.448322405650178,25.13438606262207,543419000.0
2022-02-03,24.353729361756347,24.97008988703977,23.678620353637253,23.845903396606445,410178000.0
2022-02-04,23.869799837318162,24.529973363145128,23.531249213857308,24.215320587158203,354829000.0
2022-02-07,24.268092626990843,25.074638756833302,24.098817325743227,24.622575759887695,376868000.0
2022-02-08,24.25515013515638,25.122437111146983,23.877766205134343,25.000957489013672,410359000.0
2022-02-09,25.51276352295215,26.611061657409135,25.244911267514784,26.59114646911621,524282000.0
2022-02-10,25.884173907605756,26.810207355807123,25.490857492439208,25.71390151977539,513200000.0
2022-02-11,25.805514193425385,26.04050812916526,23.6716506697888,23.846899032592773,605472000.0
2022-02-14,23.831959421608797,24.768947532154037,23.653721722186578,24.16353988647461,440424000.0
2022-02-15,24.842637114591668,26.4318337340804,24.678341528306753,26.382047653198242,699869000.0
2022-02-16,26.147047583163317,26.468670452357063,25.443061093040882,26.397972106933594,732676000.0
2022-02-17,25.52073073259493,25.675070604494053,24.061978217389743,24.40251922607422,810595000.0
2022-02-18,24.562829258106373,24.87947428103264,23.00151540777712,23.54120445251465,761255000.0
2022-02-22,22.936793337243518,23.96140567068865,22.901942706800956,23.290279388427734,633422000.0
2022-02-23,23.700523668904758,24.052019342712313,22.205923511795177,22.291555404663086,566511000.0
2022-02-24,20.9254052267072,23.698531662871755,20.800938144655944,23.646753311157227,735801000.0
2022-02-25,23.619874026557994,24.113757883986185,23.28132335222563,24.054014205932617,528866000.0
2022-02-28,23.889712256178317,24.559843299003468,23.605927486955995,24.281036376953125,477319000.0
2022-03-01,24.187445910401138,24.273079726217585,23.03338642403272,23.376914978027344,412056000.0
2022-03-02,23.658754033910338,24.309080821194527,23.319150331128935,24.120853424072266,389642000.0
2022-03-03,24.16267940977901,24.226418496205614,23.37292639017765,23.616924285888672,365095000.0
2022-03-04,23.288273750720784,23.583061545150027,22.389965840443992,22.84210777282715,431415000.0
2022-03-07,22.723590064178474,22.938707297032252,21.242678105287446,21.26458740234375,450821000.0
2022-03-08,21.22176551078603,22.281408900955046,20.56546292122889,21.425926208496094,557467000.0
2022-03-09,22.29534871623843,23.124938669540057,22.155922471831474,22.919782638549805,492742000.0
2022-03-10,22.43876567263354,22.694713569217846,21.792422296882368,22.56524658203125,428066000.0
2022-03-11,22.92774970967302,23.05024725471571,21.955745518411543,22.009525299072266,367209000.0
2022-03-14,21.77947065227046,22.17086141206027,21.072378211360963,21.242677688598633,385354000.0
2022-03-15,21.429910411009644,22.943688372057732,21.234713636338597,22.87895393371582,491996000.0
2022-03-16,23.403800284654025,24.496309721640184,23.077143868450847,24.395723342895508,671422000.0
2022-03-17,24.0212658393403,24.74030856106144,23.808141147325905,24.664621353149414,471941000.0
2022-03-18,24.69748098703601,26.460235655741535,24.523198138240513,26.344709396362305,730719000.0
2022-03-21,26.398489377058596,27.040849423539733,25.860699040597943,26.62455940246582,591727000.0
2022-03-22,26.61758672052766,27.12649641555455,25.96526931574627,26.41541862487793,547007000.0
2022-03-23,26.019046837158616,26.50305734840452,25.470303785598432,25.529062271118164,502120000.0
2022-03-24,26.058885884967737,28.20406749144338,25.800945365640167,28.03476333618164,877379000.0
2022-03-25,27.77184031036565,28.241908164028267,27.15935821789396,27.57863426208496,579016000.0
2022-03-28,27.642377303838558,28.134354526494057,27.094627668908103,28.10348129272461,425494000.0
2022-03-29,28.5775285613948,28.827500474518697,27.86545546506131,28.53868865966797,488984000.0
2022-03-30,28.188131660804462,28.379345100642087,27.390410153130244,27.576644897460938,463487000.0
2022-03-31,27.668265181187795,28.13235706761943,27.158362081398682,27.17429542541504,523440000.0
2022-04-01,27.26293373491524,27.38343868051935,26.1594698017538,26.60264778137207,517235000.0
2022-04-04,26.618586388901665,27.44518860912793,26.50405738303461,27.24799919128418,397120000.0
2022-04-05,27.14242826487716,27.2071627020829,25.714298707379786,25.824844360351562,436615000.0
2022-04-06,24.83192809110766,25.19642902764495,23.90473955432291,24.307085037231445,703833000.0
2022-04-07,24.340946042246006,24.620795851372538,23.381888921729562,24.10890007019043,557992000.0
2022-04-08,23.819090390264524,23.825066344638063,22.967590974113833,23.024356842041016,524781000.0
2022-04-11,22.123063188914138,22.228628253478472,21.571330249174363,21.82727813720703,575207000.0
2022-04-12,22.44473805178245,22.631968138584455,21.1948747421812,21.415966033935547,662258000.0
2022-04-13,21.639052358381548,22.40789137072251,21.367169228856223,22.112106323242188,516943000.0
2022-04-14,22.412867562077835,22.683755302120506,21.076362421603775,21.17097282409668,569097000.0
2022-04-18,21.113215008567124,21.997578418558497,20.99271005360588,21.693828582763672,525701000.0
2022-04-19,21.631082424341212,22.28140906472453,21.226744362071575,22.107126235961914,512781000.0
2022-04-20,22.424823034682213,22.577196581632325,21.11321496007185,21.394060134887695,468974000.0
2022-04-21,21.620130170301234,22.30033475649145,19.918126615701347,20.100378036499023,656209000.0
2022-04-22,20.219886317241535,20.402137743310213,19.420174011970897,19.43511199951172,624713000.0
2022-04-25,19.12339284572606,19.863351272784346,19.01782777863427,19.820528030395508,641566000.0
2022-04-26,19.637281368701824,19.706994507674615,18.593571203547693,18.711088180541992,653143000.0
2022-04-27,18.521866304544144,19.088537274074934,18.215128478854176,18.339616775512695,499460000.0
2022-04-28,18.88935323961421,19.954974541798094,18.414306664090166,19.701017379760742,570327000.0
2022-04-29,19.32257848055081,20.045606437706688,18.441200993626286,18.471078872680664,500435000.0
2022-05-02,18.46509951842047,19.493869793767686,18.315713949725147,19.453039169311523,572049000.0
2022-05-03,19.32057681054848,19.743838017589198,19.054669700117355,19.52174949645996,475751000.0
2022-05-04,19.84144231861461,20.316488927908352,18.67423920836695,20.25075912475586,648855000.0
2022-05-05,19.785667939358376,19.843429158431288,18.424263663115507,18.766855239868164,626331000.0
2022-05-06,18.659298078838052,19.43212034048371,17.916351786613728,18.598546981811523,633297000.0
2022-05-09,17.960173412210224,18.180267458938104,16.75811385880719,16.880611419677734,644455000.0
2022-05-10,17.6165833349949,18.1235003480761,16.955302082018957,17.522968292236328,761474000.0
2022-05-11,17.27598988657447,17.68032805554246,16.50017940475814,16.56192398071289,670167000.0
2022-05-12,16.15260230985151,16.71927317338393,15.503272000214082,16.108781814575195,708728000.0
2022-05-13,16.719273249889806,17.854605700388568,16.525071846466627,17.633514404296875,670437000.0
2022-05-16,17.437320969728997,17.71517810760899,17.03597092632894,17.193323135375977,521446000.0
2022-05-17,18.00000966759252,18.295794716695035,17.561812268275418,18.102588653564453,585830000.0
2022-05-18,17.632522266505582,18.043831705127655,16.79496540151223,16.868661880493164,545161000.0
2022-05-19,16.867663129735934,17.61459275966754,16.665493158414193,17.053897857666016,621310000.0
2022-05-20,17.26105062577283,17.33873044435796,15.690505601912752,16.625661849975586,739105000.0
2022-05-23,16.207377095601466,16.845753691955995,16.112766693765444,16.82882308959961,639889000.0
2022-05-24,16.44241123290059,16.529054964044875,15.715399228807048,16.087867736816406,588550000.0
2022-05-25,15.954421301148022,17.040954810049584,15.934502716862164,16.9055118560791,781132000.0
2022-05-26,15.970353077975645,18.01793623253497,15.9564104502552,17.777923583984375,996575000.0
2022-05-27,18.11154842806571,18.803702835850935,18.025900066210976,18.733989715576172,738379000.0
2022-05-31,18.902297823512807,19.12139838703036,18.27487779966752,18.59556007385254,664100000.0
2022-06-01,18.647352064034678,18.975003835969552,18.047815235455463,18.245004653930664,544514000.0
2022-06-02,18.217115849128234,19.53868302922962,18.12350080401456,19.51179313659668,648656000.0
2022-06-03,19.003881477132655,19.252858009305765,18.446172677395946,18.643362045288086,598779000.0
2022-06-06,19.06065056239769,19.25783996366541,18.488003681659272,18.709095001220703,422406000.0
2022-06-07,18.396384003134806,18.92222248536811,18.113546177196397,18.848526000976562,388914000.0
2022-06-08,18.72599902469666,19.105520032436974,18.46302425711577,18.575586318969727,363252000.0
2022-06-09,18.409233910241724,18.859478331118886,17.97094202357339,17.977914810180664,395574000.0
2022-06-10,17.531659275414107,17.6282827443318,16.803496864291528,16.908090591430664,465248000.0
2022-06-13,15.937867756879672,16.248656451730458,15.545397710168137,15.586238861083984,604153000.0
2022-06-14,15.669914755070089,16.00361395146763,15.352153223730667,15.774507522583008,469680000.0
2022-06-15,16.032496557191926,16.802495430465633,15.864153172658016,16.462820053100586,563936000.0
2022-06-16,15.79841271116568,15.88009502147224,15.341195447240926,15.54041862487793,545749000.0
2022-06-17,15.587236076673541,15.932888741748645,15.268478991865372,15.81833553314209,630334000.0
2022-06-21,16.411024604098987,16.94195389912008,16.343287871553795,16.501670837402344,483089000.0
2022-06-22,16.162988330653885,16.59729600370665,16.117167436690835,16.29646873474121,437135000.0
2022-06-23,16.45485004508153,16.520593728784007,15.791436941343258,16.1619930267334,463680000.0
2022-06-24,16.435929188204064,17.07344340934076,16.24666644132576,17.059497833251953,472153000.0
2022-06-27,17.244772067670773,17.262701818144645,16.561435211155498,16.803491592407227,427968000.0
2022-06-28,16.83437454206532,17.135201879170452,15.883083017438073,15.919939994812012,461149000.0
2022-06-29,15.752589638361185,15.758565905380278,15.111090429737093,15.481645584106445,482352000.0
2022-06-30,15.301351073584014,15.506551472546047,14.804289165625038,15.100135803222656,686070000.0
2022-07-01,14.841142600357397,15.004505295287302,14.3361114733893,14.466602325439453,577610000.0
2022-07-05,14.119957517465304,14.912866113839907,14.000423601176369,14.905893325805664,651397000.0
2022-07-06,14.951714146500859,15.259514268350555,14.73157165387112,15.071248054504395,529066000.0
2022-07-07,15.39598259559198,15.883083111902556,15.329242378034209,15.79642105102539,492903000.0
2022-07-08,15.37008313178978,15.974726402731946,15.329241976596508,15.776498794555664,467972000.0
2022-07-11,15.465709825855997,15.466706345467303,14.97960489954158,15.093162536621094,437321000.0
2022-07-12,15.208709354081796,15.37107648181063,14.819227931417547,15.023431777954102,458483000.0
2022-07-13,14.53334264284129,15.315294091621414,14.408828056730547,15.10511302947998,521918000.0
2022-07-14,15.049333517821207,15.412915948428,14.670808992131683,15.312308311462402,456235000.0
2022-07-15,15.598193546303452,15.720715108541247,15.385023849466009,15.700793266296387,385935000.0
2022-07-18,16.23869470882499,16.83138346936928,15.939860454756344,16.038475036621094,670517000.0
2022-07-19,16.421983978769592,17.043561498221212,16.109204079525067,16.9260196685791,702366000.0
2022-07-20,16.88119289080597,17.86336417339984,16.735759920763662,17.737852096557617,760538000.0
2022-07-21,17.815547810901403,18.07354091727774,17.476867973237123,17.97990608215332,557049000.0
2022-07-22,17.823519553288822,17.897231611980214,17.07045465118201,17.25174903869629,536671000.0
2022-07-25,16.95290981659082,17.05750351772412,16.58434768859962,16.9578914642334,480748000.0
2022-07-26,16.823416159959134,16.853300347202065,16.414012864423395,16.468799591064453,397865000.0
2022-07-27,16.965864456273874,17.866355461947006,16.847327049201194,17.720922470092773,569776000.0
2022-07-28,17.90519966314176,18.069557945364984,17.372277332995978,17.91416358947754,474646000.0
2022-07-29,17.743828897049305,18.173155009470385,17.623298471299282,18.092470169067383,435460000.0
2022-08-01,18.11139169183046,18.77281459022145,17.92013786214502,18.369386672973633,476469000.0
2022-08-02,18.05162533582695,18.86445649184929,18.02174115290596,18.454055786132812,489527000.0
2022-08-03,18.113388905855146,18.89434491533446,18.066570532098716,18.81963539123535,418146000.0
2022-08-04,18.775804825428892,19.199153667911663,18.68714973891171,19.140382766723633,409652000.0
2022-08-05,18.736958353398986,19.154331957599457,18.593518416599398,18.915264129638672,386068000.0
2022-08-08,17.4340408608633,18.168178617007293,17.175050208097336,17.723909378051758,981859000.0
2022-08-09,17.18500523413819,17.379247676702683,16.659055765062003,17.019649505615234,668263000.0
2022-08-10,17.62927873105072,18.047647949674293,17.249757634884343,18.026729583740234,597422000.0
2022-08-11,18.06058918441991,18.634352514115804,17.806578407240657,17.87232208251953,509327000.0
2022-08-12,18.089478966160975,18.645312642416616,17.883282081436935,18.6363468170166,478094000.0
2022-08-15,18.628379620944163,19.08958102425809,18.54072200021173,18.958093643188477,457666000.0
2022-08-16,18.84653383477583,19.06767193176584,18.42916018596427,18.805692672729492,451240000.0
2022-08-17,18.451075096193428,18.61543340601533,18.074542628314358,18.263803482055664,446799000.0
2022-08-18,18.229930871079127,18.791739824467466,18.112389079418975,18.700098037719727,415447000.0
2022-08-19,18.334529992854037,18.44808765223727,17.700999887810255,17.779693603515625,441588000.0
2022-08-22,17.422084130919913,17.4898208696324,16.90011871477872,16.96785545349121,409593000.0
2022-08-23,16.923028743581053,17.397180176245477,16.904101521089547,17.114282608032227,369986000.0
2022-08-24,16.945935367801415,17.33840632607673,16.8293910435938,17.155120849609375,522661000.0
2022-08-25,16.77858828041363,17.877305555233242,16.767631316738164,17.84343719482422,770691000.0
2022-08-26,17.787662196740406,17.85440147552668,16.173951768315447,16.196863174438477,769127000.0
2022-08-29,15.957791581811284,16.274555614443177,15.705773773179859,15.739641189575195,496132000.0
2022-08-30,15.898022269929612,15.976715008958974,15.123043613553321,15.407933235168457,530181000.0
2022-08-31,15.324259904969264,15.479654254742409,14.900910096286847,15.035386085510254,573710000.0
2022-09-01,14.153823343963365,14.32415979672276,13.218470483091595,13.882880210876465,1178865000.0
2022-09-02,14.045247525726571,14.115970968690647,13.538223289757255,13.594006538391113,743157000.0
2022-09-06,13.67767894562563,13.72549288368182,13.299154469269991,13.412712097167969,535751000.0
2022-09-07,13.514347994091015,13.788362113873305,13.298126385508025,13.664806365966797,512657000.0
2022-09-08,13.410718326942437,13.957749643269011,13.321041981068236,13.939813613891602,624873000.0
2022-09-09,14.106216544794995,14.422079811274344,14.075328559341035,14.335391998291016,486612000.0
2022-09-12,14.317458657679875,14.494819667807468,14.147071557806596,14.452970504760742,484159000.0
2022-09-13,13.75248813020251,13.872057540165086,13.052009933725518,13.083894729614258,714956000.0
2022-09-14,13.206453364571683,13.242324471898772,12.866677036184084,13.08090591430664,588507000.0
2022-09-15,12.968310831940721,13.18552824738612,12.744117608180906,12.88261890411377,523625000.0
2022-09-16,12.696289353152126,13.164603555108746,12.571737774459109,13.150653839111328,670751000.0
2022-09-19,12.965324131066843,13.414706540772462,12.963331449798705,13.333996772766113,569685000.0
2022-09-20,13.167594240345288,13.43463249948038,13.010161038264972,13.12873363494873,524818000.0
2022-09-21,13.165606054583684,13.980671777793548,13.062974870861954,13.213433265686035,807679000.0
2022-09-22,13.023113598616863,13.101830672720805,12.383417402056564,12.515939712524414,759162000.0
2022-09-23,12.375447364597502,12.565762199000392,12.213031967666868,12.471102714538574,663309000.0
2022-09-26,12.44619443896498,12.613592036444986,12.170187623758139,12.184137344360352,547343000.0
2022-09-27,12.462138608544299,12.690317299618336,12.214032149606519,12.368475914001465,553854000.0
2022-09-28,12.365483486484552,12.777002105621296,12.309684609382174,12.690314292907715,542414000.0
2022-09-29,12.403347404233896,12.455160919270222,11.903148286154517,12.176165580749512,532763000.0
2022-09-30,12.043640707800058,12.58768254393533,12.031683671272111,12.095454216003418,565638000.0
2022-10-03,12.30271017308679,12.632523169207891,12.061577674019702,12.467118263244629,547478000.0
2022-10-04,12.832801128271297,13.17257847359488,12.832801128271297,13.119768142700195,584182000.0
2022-10-05,12.864685926402442,13.273215022829856,12.57572625208159,13.161616325378418,507131000.0
2022-10-06,13.172578310658011,13.60701418955063,13.055997427970787,13.082901000976562,644157000.0
2022-10-07,12.460143455005138,12.62455154584433,11.97887622093527,12.032682418823242,672478000.0
2022-10-10,11.993819734228161,12.08050753530761,11.367076415950967,11.62813663482666,698699000.0
2022-10-11,11.51952842526829,11.803505925509853,11.242525784323794,11.544439315795898,667482000.0
2022-10-12,11.537464950855002,11.692904543242312,11.304304136894011,11.458747863769531,492590000.0
2022-10-13,10.931643641216205,12.034672869060671,10.774210439470531,11.917096138000488,850103000.0
2022-10-14,12.013751153814267,12.067557354538815,11.163811215184015,11.186728477478027,713432000.0
2022-10-17,11.476681483829186,11.90513926216049,11.475685618444233,11.845354080200195,580774000.0
2022-10-18,12.299719755620746,12.44718861782601,11.576324213052954,11.924072265625,659362000.0
2022-10-19,11.836386661619711,12.305697731615245,11.791548012253855,12.007769584655762,523131000.0
2022-10-20,12.069547352328092,12.723194242073287,12.061575677964084,12.150257110595703,652398000.0
2022-10-21,12.054601866532238,12.453167564548195,11.844359270919771,12.421281814575195,609494000.0
2022-10-24,12.463133124887893,12.664408199415522,12.020725546952368,12.55380630493164,517457000.0
2022-10-25,12.648467623373854,13.252293884351086,12.618574547399648,13.213433265686035,505482000.0
2022-10-26,12.822836454280946,13.339973788252896,12.662413746395243,12.849739074707031,532953000.0
2022-10-27,13.581105480931186,13.78835950903757,13.074927446921608,13.12873363494873,583113000.0
2022-10-28,13.056994256397354,13.800318541551777,13.014148282801942,13.784375190734863,521040000.0
2022-10-31,13.728573795724296,13.788358974689332,13.249299349428489,13.44858169555664,486341000.0
2022-11-01,13.761456412532556,13.875047785742884,13.470504070891979,13.494418144226074,432817000.0
2022-11-02,13.800319289979248,14.159027598253079,13.16361149639749,13.171582221984863,672628000.0
2022-11-03,12.996213708431235,13.73156634689156,12.90952589233768,13.372857093811035,500065000.0
2022-11-04,13.935830529915377,14.177958888937177,13.647866699718021,14.105220794677734,612576000.0
2022-11-07,14.1769615012651,14.360301478064772,13.903945167549931,14.249699592590332,410061000.0
2022-11-08,14.747905225291545,14.837582527688992,14.165003709961418,14.549619674682617,595292000.0
2022-11-09,14.111198522670565,14.160023489846735,13.709644264687311,13.726583480834961,454414000.0
2022-11-10,14.746908614064782,15.71641777595713,14.494815934563771,15.693500518798828,700819000.0
2022-11-11,15.750296571579392,16.330208574296904,15.426462616385566,16.268430709838867,655487000.0
2022-11-14,16.159827811787714,16.4806733266682,15.864889059905279,16.23655128479004,527852000.0
2022-11-15,16.662017219102463,16.93702626168871,16.323236669194443,16.606218338012695,545876000.0
2022-11-16,16.1040250035794,16.303306431643236,15.816061182952085,15.852928161621094,649547000.0
2022-11-17,15.658628528149201,16.207652616827055,15.479273906047151,15.62076473236084,710894000.0
2022-11-18,15.90872855596602,15.944600622816388,15.065763492585162,15.353727340698242,492072000.0
2022-11-21,15.092665143329405,15.421481294578124,15.025905097362354,15.262055397033691,404739000.0
2022-11-22,15.273015617031902,16.000397462317586,15.067754251325974,15.98046875,472866000.0
2022-11-23,16.040254147784076,16.46771612556409,15.99043426388969,16.45974349975586,427241000.0
2022-11-25,16.259467561128588,16.42786007515215,16.113991359394493,16.211639404296875,167934000.0
2022-11-28,15.968510119436205,16.298324023340506,15.668591183311177,15.770224571228027,303741000.0
2022-11-29,15.77022345370602,15.874847281240129,15.464325545701916,15.582898139953613,298384000.0
2022-11-30,15.644695832221814,16.873588125710516,15.545029610898084,16.86661148071289,565298000.0
2022-12-01,16.942355347832123,17.20746780911725,16.57956797350174,17.07790184020996,470977000.0
2022-12-02,16.603489123219873,16.876576265200864,16.390201516412013,16.819765090942383,371389000.0
2022-12-05,16.623419660375163,16.938366605030453,16.417108738331706,16.554649353027344,352255000.0
2022-12-06,16.474917069486207,16.517773048794822,15.766285923687203,15.93372631072998,352694000.0
2022-12-07,15.719443294997907,16.132064232758374,15.614792692114394,16.0662841796875,372388000.0
2022-12-08,16.218775465562125,17.12175660926792,15.905820703517822,17.11178970336914,515456000.0
2022-12-09,17.1028160194911,17.524406752700667,16.91843304409184,16.944345474243164,465338000.0
2022-12-12,16.9802285062354,17.47955848372448,16.741028482869503,17.4765682220459,457328000.0
2022-12-13,18.46924599834615,18.727383662306895,17.651978933965236,18.011775970458984,656589000.0
2022-12-14,17.927063332040404,18.19118159319031,17.361953248979066,17.6151065826416,496888000.0
2022-12-15,17.088863487866476,17.262283446585172,16.64435056625301,16.895509719848633,478542000.0
2022-12-16,16.807806241482627,16.984216489206464,16.355318584988897,16.51578140258789,478232000.0
2022-12-19,16.516779799419464,16.553655262120007,16.091202589901293,16.199838638305664,354039000.0
2022-12-20,16.010470747950464,16.255651316160492,15.799178230906909,16.031400680541992,403260000.0
2022-12-21,16.060302979691098,16.571593975514052,16.04834193364069,16.446012496948242,325025000.0
2022-12-22,16.040369896727526,16.084223899243984,14.832408745526728,15.287885665893555,565045000.0
2022-12-23,15.145362798947778,15.287885933378956,14.833406075775102,15.155329704284668,349326000.0
2022-12-27,15.023771479202395,15.049684866029649,14.009163010503425,14.073946952819824,464902000.0
2022-12-28,13.880591262742838,14.214474984092547,13.837734330636081,13.989228248596191,351066000.0
2022-12-29,14.354008039804668,14.634070838145426,14.17959100951328,14.554337501525879,354923000.0
2022-12-30,14.286235193865508,14.580252256779966,14.185571918188986,14.565302848815918,310490000.0
2023-01-03,14.801512873667992,14.946030156445817,14.049028593833635,14.267298698425293,401277000.0
2023-01-04,14.518459253168668,14.803505525216863,14.193545359327329,14.699851989746094,431324000.0
2023-01-05,14.442712138646769,14.515468836750369,14.100854699285643,14.2174654006958,389168000.0
2023-01-06,14.425769075047109,14.959983243102146,13.987235680701085,14.809486389160156,405044000.0
2023-01-09,15.233069416455065,16.002496236779955,15.090545335630782,15.575922966003418,504231000.0
2023-01-10,15.455326689560788,15.908810437445068,15.42044347056914,15.855987548828125,384101000.0
2023-01-11,15.787216717511937,15.97458997371224,15.511139335336974,15.94767951965332,353285000.0
2023-01-12,16.046350570153667,16.58155988533878,15.44037584745414,16.45598030090332,551409000.0
2023-01-13,16.223760351513295,16.865615498543143,16.11113791019783,16.84269142150879,447287000.0
2023-01-17,16.842689261696506,17.668927336507764,16.842689261696506,17.64301300048828,511102000.0
2023-01-18,17.608126319924487,17.813439222153065,17.224409065517293,17.319093704223633,439624000.0
2023-01-19,16.979233876223773,17.13969861173823,16.675251759415424,16.709136962890625,452932000.0
2023-01-20,16.954316196674295,17.796501732635843,16.76893705940326,17.779558181762695,564967000.0
2023-01-23,18.00380415598392,19.180870344101777,17.75862551866824,19.129043579101562,655163000.0
2023-01-24,18.764259824321872,19.430034925653693,18.757283181815232,19.2007999420166,496204000.0
2023-01-25,18.849976169985318,19.30545403532492,18.518085645970668,19.258609771728516,449537000.0
2023-01-26,19.635350144248754,20.0988007667648,19.213759381728458,19.736013412475586,489535000.0
2023-01-27,19.397145547454056,20.559260383334514,19.340336282657464,20.297136306762695,542142000.0
2023-01-30,19.88351669300846,20.072882142699807,19.086181580178014,19.098142623901367,488611000.0
2023-01-31,19.10612138016746,19.621398819093155,18.886855153366426,19.471899032592773,498017000.0
2023-02-01,19.625387611698173,21.121385582722432,19.545654255705372,20.87321662902832,660477000.0
2023-02-02,20.93002440394146,21.87586158032404,20.631024815710933,21.636661529541016,564276000.0
2023-02-03,20.93002073586232,21.67253897459517,20.719723419819307,21.029687881469727,429366000.0
2023-02-06,20.736670321605864,21.498124471655988,20.71673650906174,21.018728256225586,452197000.0
2023-02-07,21.310748940899305,22.184827328430092,21.079521682438997,22.09911346435547,664150000.0
2023-02-08,22.312397048764478,22.801761973525313,21.93466031131526,22.131004333496094,559651000.0
2023-02-09,22.530670219439532,22.943290193315832,22.046289671543487,22.26256561279297,523876000.0
2023-02-10,21.6177244226343,22.00443010232316,20.74165374341449,21.19413948059082,550737000.0
2023-02-13,21.466229945466377,21.974530722285284,20.89214911284721,21.715396881103516,474919000.0
2023-02-14,21.506095265379177,22.972194156462287,21.294801814356916,22.894454956054688,675474000.0
2023-02-15,22.473862854052438,22.77884296898915,22.032340112236056,22.688146591186523,420575000.0
2023-02-16,22.05925016093341,22.474860494775402,21.853937196052712,21.928688049316406,412026000.0
2023-02-17,21.5589188659097,21.667554896645086,20.905104738152975,21.316728591918945,465888000.0
2023-02-21,20.930021777294268,21.422375105842487,20.549294744904135,20.586172103881836,410015000.0
2023-02-22,20.637998793039895,21.03367523119019,20.352950629424083,20.68484115600586,513184000.0
2023-02-23,23.361895229769775,23.80840238655534,22.94827715434689,23.585147857666016,1117995000.0
2023-02-24,23.147606985640458,23.39577778263142,22.870533495406775,23.208402633666992,589716000.0
2023-02-27,23.59112499865335,23.800424307289973,23.37584516662916,23.422687530517578,452994000.0
2023-02-28,23.294115924763044,23.74560738657694,23.128668730813548,23.138635635375977,455963000.0
2023-03-01,23.11471543588402,23.178503244860902,22.432994752211638,22.62236213684082,460026000.0
2023-03-02,22.413065090524846,23.302091014748385,22.35725003920354,23.236310958862305,389415000.0
2023-03-03,23.242288332226597,23.820355469270233,23.052920954283433,23.810388565063477,412393000.0
2023-03-06,23.81139038959998,24.167199231552658,23.408735379499408,23.475513458251953,437429000.0
2023-03-07,23.525353628386604,24.04869267419401,23.167487988654617,23.214340209960938,515154000.0
2023-03-08,23.412709959422333,24.12345598243845,23.34990950267541,24.104515075683594,513573000.0
2023-03-09,24.09853264786072,24.376651390603612,23.309037961330453,23.36187171936035,501257000.0
2023-03-10,23.334958480231546,23.55226936391661,22.654118224508185,22.892362594604492,474866000.0
2023-03-13,22.68003442386319,23.22430691098968,22.22647370103853,22.893356323242188,421890000.0
2023-03-14,23.42168099679016,24.14239367745541,23.3857936653715,23.986886978149414,474910000.0
2023-03-15,23.68584148519149,24.20918048237132,23.286110812358,24.151365280151367,524486000.0
2023-03-16,23.951003432054158,25.507064935559395,23.818422785484607,25.460214614868164,583253000.0
2023-03-17,25.89981997420156,26.31550083175522,25.586812067911023,25.643632888793945,848547000.0
2023-03-20,25.533976817306044,25.941683502515943,25.050510315188035,25.81807518005371,432747000.0
2023-03-21,26.097193730071265,26.30852307379936,25.300721156644958,26.116132736206055,547408000.0
2023-03-22,26.341419806309574,27.501739659700768,26.15401470388089,26.38428497314453,797295000.0
2023-03-23,27.029233998126443,27.412020167294642,26.60557904977676,27.10499382019043,564889000.0
2023-03-24,26.94549959949804,27.081069104608634,26.271637231409848,26.69429588317871,454920000.0
2023-03-27,26.752112468073136,26.91459699343309,26.281605317466703,26.447080612182617,361026000.0
2023-03-28,26.363349230566957,26.42914045882786,25.768237406573,26.326465606689453,356104000.0
2023-03-29,26.74015174035028,26.99234984404029,26.51287227864152,26.89864730834961,393694000.0
2023-03-30,27.142874491555478,27.412020935167096,27.01627538766958,27.29638671875,364516000.0
2023-03-31,27.054156013485166,27.74596114615361,27.019266870020537,27.68914222717285,433933000.0
2023-04-03,27.421989811329777,27.911436002639256,27.249536675681906,27.87654685974121,398716000.0
2023-04-04,27.877546912651646,27.911439770704074,27.220630845431714,27.366168975830078,368592000.0
2023-04-05,26.74413916410164,26.912603331981877,26.311511909986283,26.795974731445312,515015000.0
2023-04-06,26.49991459021249,26.994346033960124,26.34341159102696,26.95148277282715,397654000.0
2023-04-10,26.738158599933065,27.5336348544528,26.584646372375655,27.49176788330078,395279000.0
2023-04-11,27.636309871277366,27.702101097960746,27.04019987081764,27.083065032958984,314378000.0
2023-04-12,27.2834300542219,27.381119656216434,26.364345440236946,26.411197662353516,446259000.0
2023-04-13,26.649438069211914,26.801953999694348,26.24572032443633,26.379295349121094,353615000.0
2023-04-14,26.420168322960834,26.79796926788527,26.13706621130104,26.673364639282227,395660000.0
2023-04-17,26.480975507689482,26.920580610646343,26.349393053761112,26.916593551635742,321471000.0
2023-04-18,27.445915621619545,28.02109026862938,27.270471706452536,27.579490661621094,604812000.0
2023-04-19,27.27445463520104,27.911433357042885,27.145862963377475,27.8426513671875,358660000.0
2023-04-20,27.583470674407227,27.94133624229628,26.914593651844978,27.018264770507812,427713000.0
2023-04-21,26.866754392525184,27.097024670399467,26.637482305532686,27.033226013183594,345103000.0
2023-04-24,26.92755907031357,27.27944127802104,26.586639849155418,26.956466674804688,339282000.0
2023-04-25,26.992351504330397,27.160817581589445,26.142050802636824,26.15799903869629,378527000.0
2023-04-26,26.91659491739221,27.243556588640125,26.62053343037328,26.870738983154297,406337000.0
2023-04-27,27.276454573793355,27.408037041245223,26.540787923231075,27.1398868560791,377161000.0
2023-04-28,27.138887339013703,27.670200494580325,26.985373211032865,27.661230087280273,292216000.0
2023-05-01,27.751944282030347,28.966092248398787,27.69213458998084,28.818559646606445,570329000.0
2023-05-02,28.58928408497182,28.744790786364405,27.994172302997715,28.120769500732422,402730000.0
2023-05-03,27.75194164873796,28.277275162589756,27.385105610028088,27.714061737060547,383387000.0
2023-05-04,27.563540293710812,27.770882582276077,27.15384096655844,27.474822998046875,321850000.0
2023-05-05,27.737986024481625,28.66404652957751,27.64328719583459,28.589284896850586,361494000.0
2023-05-08,28.43178384704761,29.127576016939173,28.260328904734493,29.058794021606445,344979000.0
2023-05-09,28.80759252115136,28.881357865661336,28.360013303057926,28.480628967285156,314869000.0
2023-05-10,28.9132576098521,29.020917714127965,28.37097953587767,28.793638229370117,369350000.0
2023-05-11,28.80460099601504,28.858431044188475,28.15665734572962,28.487606048583984,322149000.0
2023-05-12,28.438761858901234,28.688969297483915,27.957289789783168,28.2503604888916,274222000.0
2023-05-15,28.4178275338678,28.877369814441632,28.06295457930079,28.861419677734375,293926000.0
2023-05-16,28.749776627024,29.775523171518977,28.740806219257955,29.1205997467041,449405000.0
2023-05-17,29.49042145833307,30.103475902342,29.336909250338078,30.082542419433594,432535000.0
2023-05-18,30.31381549594501,31.72732974738972,30.22410000650582,31.577804565429688,748725000.0
2023-05-19,31.43625056372688,31.48011201484415,30.818212695710137,31.165111541748047,473908000.0
2023-05-22,30.803258976791746,31.420302459294863,30.582959233506156,31.077390670776367,372000000.0
2023-05-23,30.901946256374558,31.189035411939713,30.534113929383956,30.590932846069336,356253000.0
2023-05-24,30.114444604983657,30.510190153140588,29.71172312962193,30.441408157348633,721419000.0
2023-05-25,38.401152701662475,39.35512649385782,36.519123854187846,37.85987091064453,1543911000.0
2023-05-26,37.77015525878446,39.04610546738504,37.431230509295986,38.82281494140625,714397000.0
2023-05-30,40.46659342474425,41.80534383299738,39.822636906417415,39.98412322998047,923401000.0
2023-05-31,39.36309641035941,40.1675430373075,37.70236568816468,37.71432876586914,1002580000.0
2023-06-01,38.367253104154614,39.92331629567859,38.218726142988906,39.644203186035156,635873000.0
2023-06-02,39.970174994520356,40.37190020075976,38.934459847678006,39.20261001586914,482731000.0
2023-06-05,38.78593155134608,39.439854864368684,38.58457081030142,39.04710388183594,396094000.0
2023-06-06,38.70718026277856,39.03613447609746,38.02733445700801,38.531734466552734,388729000.0
2023-06-07,38.79591692769584,39.37812946130123,37.24168571462493,37.360321044921875,511998000.0
2023-06-08,37.60857182578051,38.74508306628558,37.39024395636986,38.39216613769531,417772000.0
2023-06-09,38.91754848393105,39.58948588191824,38.448989234454245,38.6513671875,427717000.0
2023-06-12,39.08005218877828,39.4090404400651,38.49983232769968,39.36118698120117,388701000.0
2023-06-13,40.06304000704874,40.97524120979665,39.61840552630367,40.896480560302734,613208000.0
2023-06-14,40.69908893155934,42.86842954641151,40.42791802705582,42.865440368652344,740465000.0
2023-06-15,42.471645001516485,43.15654315104166,42.01803541267758,42.52248764038086,568622000.0
2023-06-16,43.31705479881207,43.58722551638536,42.53046747800974,42.56137466430664,655709000.0
2023-06-20,42.8664423875245,43.85540779562103,42.5434324049572,43.6739616394043,451153000.0
2023-06-21,43.367894115226505,43.481547516431846,41.95124449603973,42.91328811645508,551603000.0
2023-06-22,42.12370403758317,43.29311498837631,42.104764976671774,42.89334487915039,417737000.0
2023-06-23,42.33406622553571,42.678007983073286,41.88643880055925,42.0798454284668,358140000.0
2023-06-26,42.33107741154621,42.63315169907878,39.97730148068593,40.50767517089844,594322000.0
2023-06-27,40.6741670319384,41.811674756586335,40.32424305595563,41.74787139892578,462175000.0
2023-06-28,40.535596994997206,41.716972752166576,40.394033160265565,40.9911994934082,582639000.0
2023-06-29,41.43083429013432,41.472705590731,40.475765515924735,40.697086334228516,380514000.0
2023-06-30,41.552463254955796,42.41980006839875,41.37401012697036,42.17255783081055,501148000.0
2023-07-03,42.38690406882019,42.76673879586181,42.07286928017555,42.28322219848633,198209000.0
2023-07-05,42.00607294813804,43.04488443654503,41.95622669958026,42.18751907348633,323618000.0
2023-07-06,41.71596810959315,42.04994216880029,41.21949078738844,41.97417449951172,303582000.0
2023-07-07,42.19249796154775,43.08177063947781,42.05093416959679,42.37294387817383,355881000.0
2023-07-10,42.52647931127871,42.680007431696076,41.521560371587725,42.05093765258789,353908000.0
2023-07-11,42.35100950902143,42.6271623304336,41.938278668558176,42.27524185180664,298244000.0
2023-07-12,42.90132167106193,43.800562012799624,42.64610450369037,43.767662048339844,481277000.0
2023-07-13,44.381783639889846,46.01377191487625,44.35586222212897,45.83631896972656,478204000.0
2023-07-14,46.44045793604773,47.94085375690044,44.92211944591565,45.32986831665039,772075000.0
2023-07-17,46.147361621458764,46.353725148743315,45.123503715655524,46.31883239746094,510488000.0
2023-07-18,46.55810196861849,47.74944513877749,45.59406179064249,47.34867477416992,569164000.0
2023-07-19,47.31876976791527,47.67168668562745,46.598978830711765,46.932952880859375,427502000.0
2023-07-20,46.36469382160293,46.942920912803515,44.9241156620399,45.380714416503906,537865000.0
2023-07-21,45.6478906079313,45.72565485492813,43.965056025974754,44.17341613769531,963769000.0
2023-07-24,44.594129747804274,44.970975292246095,43.90524600694248,44.475494384765625,382516000.0
2023-07-25,44.803489544215395,46.04168599596265,44.78554306973034,45.53923034667969,348081000.0
2023-07-26,45.88017875854229,45.91208233149028,44.49343628066657,45.31291961669922,364237000.0
2023-07-27,46.37666127130996,47.249980321992574,45.610013268331116,45.75955581665039,455976000.0
2023-07-28,46.52520665161332,46.88310935590441,46.23908604851757,46.606956481933594,331194000.0
2023-07-31,46.610938817532,46.985787745643954,46.36369657868276,46.58601379394531,251055000.0
2023-08-01,46.31783943234634,46.75649554152621,45.886165676964275,46.36469650268555,237858000.0
2023-08-02,45.69076572472491,45.69973706046443,43.25424373168055,44.133544921875,530142000.0
2023-08-03,43.66597942336427,44.979947380659944,43.66597942336427,44.37879180908203,324176000.0
2023-08-04,44.84735241415571,45.50233976816819,44.25716479958756,44.54328536987305,362666000.0
2023-08-07,44.97296695444659,45.400655128648054,44.42664342016852,45.27803039550781,322154000.0
2023-08-08,44.715756986658505,45.10356664242382,43.92119480836412,44.52733612060547,353843000.0
2023-08-09,44.13852436844698,44.17641010034291,42.00507315736143,42.423789978027344,586449000.0
2023-08-10,42.03099398742127,43.440668733202855,41.70698769798923,42.258296966552734,492705000.0
2023-08-11,41.623246353337215,41.889431464332574,40.51464942799337,40.72998809814453,533085000.0
2023-08-14,40.36212325448417,43.66598244053229,40.18765947033582,43.61912536621094,690286000.0
2023-08-15,44.42365913256692,45.1294930156629,43.57625763398883,43.8055534362793,676512000.0
2023-08-16,44.38377612065419,44.53830062758481,43.27318256792619,43.35293960571289,527451000.0
2023-08-17,43.83546018459533,43.927177736442225,42.86942340203336,43.21137619018555,452395000.0
2023-08-18,42.504538056513674,43.44465333013322,41.5325230130091,43.166507720947266,583768000.0
2023-08-21,44.35785896625514,46.92099149712555,44.086691857163586,46.82329177856445,692573000.0
2023-08-22,47.987701493466304,48.039544316581626,45.19427768665655,45.52825164794922,755293000.0
2023-08-23,45.72565339980645,47.05557105969461,45.06966590460551,46.97182846069336,779046000.0
2023-08-24,50.06234798957418,50.11219423827407,47.014702631702306,47.0186882019043,1156044000.0
2023-08-25,46.8681514444708,47.65872425455991,44.88623165435981,45.877193450927734,925341000.0
2023-08-28,46.33977183033874,46.836249134555814,44.750651224061855,46.69169235229492,685192000.0
2023-08-29,46.5232082617889,48.93081957760332,46.249048206065815,48.634727478027344,701397000.0
2023-08-30,48.893934114542816,49.77423173710802,48.27682864513261,49.11326217651367,735206000.0
2023-08-31,49.22891596645149,49.59180067487852,48.808206252872154,49.2039909362793,528570000.0
2023-09-01,49.609737178375475,49.64761910935292,47.99469138418687,48.36056900024414,463830000.0
2023-09-05,48.07544589025944,48.70152648362675,47.71355763922135,48.399452209472656,382653000.0
2023-09-06,48.29675585100986,48.404432152677344,46.441297415473116,46.92086410522461,468670000.0
2023-09-07,45.38943829933542,46.20599974475195,45.01754791417301,46.10330581665039,433330000.0
2023-09-08,45.80520320149125,46.46722371434069,45.13619975911865,45.436302185058594,473069000.0
2023-09-11,46.01058907259866,46.025543800241316,44.180057385036044,45.043479919433594,473966000.0
2023-09-12,44.60478224808882,45.536999459957386,44.39839790348207,44.73638916015625,349256000.0
2023-09-13,44.46719666176669,45.793238253815964,44.370485369123514,45.34956359863281,398355000.0
2023-09-14,45.81317890696642,45.8500674873585,44.99661733815953,45.44527816772461,370097000.0
2023-09-15,45.20598666420072,45.4632178335496,43.67755057038964,43.76927947998047,506831000.0
2023-09-18,42.62071131068282,44.11026214230338,41.87493751856223,43.8350830078125,500271000.0
2023-09-19,43.70247908606619,43.835082475156234,42.87395226873784,43.390411376953125,373064000.0
2023-09-20,43.470171462670386,43.7722706240914,42.09727282869751,42.113224029541016,367108000.0
2023-09-21,41.45917191816058,41.97463066173917,40.85796692750404,40.89485549926758,450736000.0
2023-09-22,41.44820657571994,41.98959271748376,41.10822239223327,41.4860954284668,479236000.0
2023-09-25,41.46714998847042,42.409335664653405,41.05438133655343,42.09627151489258,419091000.0
2023-09-26,41.875929814501234,42.69249125804407,41.53095945617028,41.786197662353516,402282000.0
2023-09-27,42.20395553022343,42.744341431006085,41.50504268914909,42.3415412902832,444935000.0
2023-09-28,42.33356849695518,43.31663260486512,41.98959836899157,42.960697174072266,424663000.0
2023-09-29,43.696491084144924,44.01254845640997,43.17803909015806,43.369468688964844,397830000.0
2023-10-02,43.898891446595,45.04048245716081,43.73039595276652,44.64865493774414,433298000.0
2023-10-03,44.67456903988094,44.995612589410996,43.117220102153354,43.387413024902344,470850000.0
2023-10-04,43.61174546536846,44.01155233952571,43.163084716605525,43.909854888916016,361821000.0
2023-10-05,43.91883469559828,44.76630599321606,43.75731831894087,44.554935455322266,393483000.0
2023-10-06,44.061407980133865,45.65265626506475,43.89490543600504,45.625736236572266,434436000.0
2023-10-09,44.708478616295075,45.469207213017526,44.23589096073579,45.1381950378418,409675000.0
2023-10-10,45.175071541455885,46.121242994678205,44.95373251932445,45.661617279052734,368582000.0
2023-10-11,46.05844175921358,46.71946955859621,45.91287659330196,46.6666259765625,378137000.0
2023-10-12,46.63770730152995,47.46723049196412,46.1920397832419,46.805206298828125,481325000.0
2023-10-13,46.82016719199545,46.97570471236393,45.145169391645375,45.32563018798828,474115000.0
2023-10-16,44.928816083518186,46.08735476029038,44.77826474104746,45.95774459838867,375099000.0
2023-10-17,43.86898271179327,44.620739164515385,42.35350830716708,43.807167053222656,812333000.0
2023-10-18,42.46418259890881,43.0903148552471,41.7004645615441,42.07035827636719,627294000.0
2023-10-19,42.68352817211386,43.168081135080946,41.75729348052896,41.975643157958984,501233000.0
2023-10-20,41.76526400722088,42.34353877331354,40.95568161669413,41.263763427734375,477266000.0
2023-10-23,41.10623502417962,43.119224175669935,40.82308027803106,42.8470344543457,478530000.0
2023-10-24,42.948735805892674,43.56688866084925,42.563887360787554,43.532989501953125,401463000.0
2023-10-25,43.268776986595036,43.52002933970915,41.431266191839114,41.654598236083984,398379000.0
2023-10-26,41.7283746394427,42.13017450154096,39.7612500826686,40.2059211730957,541001000.0
2023-10-27,41.00753500726344,41.083308927510735,39.895853286488325,40.37940979003906,416784000.0
2023-10-30,40.96465592174652,41.64163109365404,40.3604576251133,41.03843307495117,388028000.0
2023-10-31,40.329553945294535,40.75727737613491,39.11318548755272,40.6585693359375,517969000.0
2023-11-01,40.76226710316919,42.25481144112285,40.74731237407907,42.198978424072266,437593000.0
2023-11-02,43.19897822868172,43.75332234424489,42.76627246802236,43.37644958496094,409172000.0
2023-11-03,43.888919424366684,45.174078747791896,43.59280293696078,44.87098693847656,424610000.0
2023-11-06,45.15015318659169,45.798219181155844,44.765301009531704,45.61476516723633,400733000.0
2023-11-07,45.582863690228386,46.080374555632474,45.02353336587058,45.81816101074219,343165000.0
2023-11-08,45.96272659241924,46.72744479735544,45.83111967900613,46.43531799316406,346719000.0
2023-11-09,47.32565087128028,48.08637928139042,46.610786911501705,46.8101921081543,540496000.0
2023-11-10,47.35855787314543,48.32766364227746,47.14220498356334,48.191070556640625,421245000.0
2023-11-13,48.1761176095815,48.969748796661186,47.95577501016581,48.475223541259766,384136000.0
2023-11-14,49.53206353654858,49.68560428700353,48.89396993275051,49.50813293457031,416954000.0
2023-11-15,49.78631497714017,49.811238255169,48.056480502384446,48.742431640625,475497000.0
2023-11-16,48.53405091082967,49.37753247238456,48.18609109090698,49.332664489746094,339756000.0
2023-11-17,49.37653577909823,49.568961894077866,48.86107690035848,49.15121078491211,325205000.0
2023-11-20,49.16516232495467,50.39748190834169,49.0345518906684,50.25889587402344,414120000.0
2023-11-21,49.976737718443786,50.3665722694878,49.075430256470796,49.79528045654297,565747000.0
2023-11-22,49.70355312493224,50.18511275994757,47.54798851961098,48.5709342956543,899420000.0
2023-11-24,48.325669336815935,48.77532658141017,47.60282592861512,47.63373565673828,294645000.0
2023-11-27,47.65766154840481,48.38548731555285,47.510103445888454,48.09834671020508,395662000.0
2023-11-28,48.09236930689928,48.17911204503058,47.33164078012809,47.67860412597656,401491000.0
2023-11-29,48.234948902912635,48.61680790876067,47.71749326678707,47.99665832519531,382005000.0
2023-11-30,47.880989431191615,47.966735677933855,46.28376258247159,46.6307258605957,526247000.0
2023-12-01,46.38646445632827,47.05945375436282,46.04946966832762,46.62574768066406,369317000.0
2023-12-04,45.93979415914972,45.93979415914972,44.87597007312704,45.374481201171875,437543000.0
2023-12-05,45.33459625037478,46.46531769952222,45.14016013303565,46.431419372558594,371718000.0
2023-12-06,47.07854839373765,47.25005219470193,45.280757679582,45.37149429321289,380590000.0
2023-12-07,45.56793131942615,46.49424743379082,45.4722080825041,46.461341857910156,350823000.0
2023-12-08,46.46033928594401,47.60302719608969,46.41546736033398,47.36870574951172,359224000.0
2023-12-11,47.353746056504626,47.393627560593224,45.69754725900702,46.49224090576172,509728000.0
2023-12-12,45.91292023901418,47.52823708369172,45.91292023901418,47.519264221191406,372387000.0
2023-12-13,47.49135110162281,48.45356234904266,47.47041188410191,47.94902420043945,447792000.0
2023-12-14,48.25014760759364,48.52933716331639,47.28494671232897,48.210262298583984,391232000.0
2023-12-15,48.05471159561218,49.26121358218172,47.980924159413945,48.74869918823242,479948000.0
2023-12-18,49.25723229515319,50.28724399732617,49.0079548114807,49.932273864746094,412587000.0
2023-12-19,49.281159865930675,49.55636317420033,48.75368939419547,49.46063995361328,464444000.0
2023-12-20,49.51148287536856,49.85449039050558,47.95898380283095,47.971946716308594,397894000.0
2023-12-21,48.669931851728876,48.95311145717248,48.279062673701084,48.84841537475586,300425000.0
2023-12-22,49.05281623744541,49.24027260571634,48.32691966505345,48.688873291015625,252507000.0
2023-12-26,48.82647939940057,49.45665286845571,48.81850309781851,49.13658142089844,244200000.0
2023-12-27,49.36791528650649,49.536425600159234,48.94314392704513,49.27418518066406,233648000.0
2023-12-28,49.49953204501984,49.73983287122963,49.26919684127221,49.37887954711914,246587000.0
2023-12-29,49.66903891502132,49.85250906748791,48.61010784761711,49.37887954711914,389293000.0
2024-01-02,49.10167999879026,49.15253129584884,47.457447488056715,48.02878952026367,411254000.0
2024-01-03,47.34776550065434,48.04474284454288,47.183241449788504,47.431522369384766,320896000.0
2024-01-04,47.62894825426151,48.35983153595327,47.3706979086473,47.859283447265625,306535000.0
2024-01-05,48.321937950337194,49.40380119345811,48.16638677946172,48.955101013183594,415039000.0
2024-01-08,49.36890655044413,52.123921699220006,49.33600098033536,52.10198211669922,642510000.0
2024-01-09,52.24956080282397,54.16800018278708,51.54061326714163,52.98642349243164,773100000.0
2024-01-10,53.46104844034716,54.442201988108685,53.334412767924995,54.19292449951172,533796000.0
2024-01-11,54.84004936433209,55.186046630349715,53.40520900250216,54.66355895996094,596759000.0
2024-01-12,54.46214745952533,54.811138243808735,54.172988448593486,54.55188751220703,352994000.0
2024-01-16,54.858995015384636,56.67074127144449,54.74133601464206,56.219051361083984,449580000.0
2024-01-17,56.18415935716655,56.30780154944078,54.5818050801591,55.89101028442383,474394000.0
2024-01-18,57.094513264905174,57.43353079531085,55.94484563035105,56.94195556640625,491650000.0
2024-01-19,57.8214070619552,59.3280417723161,57.05961512425851,59.319068908691406,543501000.0
2024-01-22,59.87545679775879,60.15664330232137,58.89928603895681,59.481597900390625,452955000.0
2024-01-23,59.39784450488147,59.73686206906665,58.415690511418234,59.69997024536133,294654000.0
2024-01-24,60.12971710051197,62.667360005652704,59.76477374613349,61.18465805053711,560271000.0
2024-01-25,62.169802358134476,62.53773920716308,60.67413746929077,61.43892288208008,482777000.0
2024-01-26,60.78382030493906,61.60444363196895,60.39794153183259,60.8546142578125,390309000.0
2024-01-29,61.055031402652325,62.308398507444245,60.730973730437555,62.28446960449219,348733000.0
2024-01-30,62.718210354121275,63.30949499722746,62.0800568624882,62.59257125854492,410735000.0
2024-01-31,61.262435580323725,62.08904212424609,60.52457632784889,61.349185943603516,453795000.0
2024-02-01,61.920533287862504,63.00838377287754,61.47183680319707,62.84485626220703,369146000.0
2024-02-02,63.78911624931711,66.40752664709339,63.5059366044878,65.96880340576172,476578000.0
2024-02-05,68.02781943535477,69.29614635606846,67.01077071404906,69.13162231445312,680078000.0
2024-02-06,69.42877233327619,69.552414531284,66.10840153882174,68.02584075927734,683111000.0
2024-02-07,68.12155362100862,70.01706057362387,67.40462981569888,69.89640808105469,495575000.0
2024-02-08,69.87146734419171,70.58938759388047,69.25426071915464,69.4397201538086,414422000.0
2024-02-09,70.32915559936207,71.9763817179636,70.00908414671076,71.9245376586914,436637000.0
2024-02-12,72.39017224345903,74.39536169687851,71.04407549243956,72.03919219970703,613710000.0
2024-02-13,70.19655257557241,73.2377338167756,69.41880791459157,71.9195556640625,602580000.0
2024-02-14,72.99044348203591,74.0214517262709,71.73009661007124,73.6864242553711,504917000.0
2024-02-15,73.65551186894326,73.76120070674112,72.19075571305264,72.44800567626953,420122000.0
2024-02-16,73.8858468671519,74.18697602398943,72.29146900724291,72.40314483642578,495327000.0
2024-02-20,71.73908193071625,71.74805859977327,67.53825946181827,69.25129699707031,704833000.0
2024-02-21,67.80946909427277,68.6889240135881,66.05655384481933,67.27701568603516,673755000.0
2024-02-22,74.80817230671141,78.34790791274914,74.00549852714776,78.31101989746094,865100000.0
2024-02-23,80.55651569183838,82.15587637734276,77.3458203592003,78.58921813964844,829388000.0
2024-02-26,79.46966317926245,80.41293598535317,78.27811704521838,78.8634262084961,503973000.0
2024-02-27,79.151576284054,79.25029679601072,76.9389952975712,78.47354125976562,391705000.0
2024-02-28,77.39567785845682,78.7048791588161,76.90210568945557,77.43855285644531,393110000.0
2024-02-29,78.8654237167532,79.75883042270817,78.1235705564048,78.88336944580078,507289000.0
2024-03-01,79.76877868765585,82.06213411786338,79.20540925382436,82.04119110107422,479135000.0
2024-03-04,83.88685110747949,87.44155024884783,83.47704345209779,84.99065399169922,615616000.0
2024-03-05,85.02755456111447,85.85220668028344,83.17982622827054,85.7195816040039,520639000.0
2024-03-06,87.77173362164056,89.4688902523757,86.78254975478006,88.44779968261719,582520000.0
2024-03-07,89.90166281939615,92.50324615104638,89.34724386412462,92.40552520751953,608119000.0
2024-03-08,94.86749190765931,97.12306133342042,86.26003174516178,87.27912902832031,1142269000.0
2024-03-11,86.18325727083518,88.54452056286361,83.92669117198699,85.53012084960938,678364000.0
2024-03-12,87.79864556262245,91.69852054360098,85.90504309917876,91.65165710449219,668075000.0
2024-03-13,90.79611790802282,91.24383884143784,88.18356420420956,90.62959289550781,635713000.0
2024-03-14,89.32231468480107,90.3882755061813,86.35377401546849,87.69395446777344,602318000.0
2024-03-15,86.68283850567245,89.29139794365639,86.01175546714047,87.5872573852539,642086000.0
2024-03-18,90.13100922298294,92.1422727821745,86.83739891650431,88.20350646972656,668976000.0
2024-03-19,86.45348714580204,90.28655945618765,84.76829741224358,89.1438217163086,672171000.0
2024-03-20,89.54167399398385,90.15293760178423,87.97215190090783,90.11504364013672,479063000.0
2024-03-21,92.03756431354115,92.38457441104313,90.14794815065484,91.17501831054688,480372000.0
2024-03-22,90.88186754884678,94.50852789687556,90.5757411997652,94.02091979980469,586719000.0
2024-03-25,93.67389990625729,96.49086455465545,93.24412560987103,94.73188018798828,552136000.0
2024-03-26,95.57845969689596,96.1009718491892,92.23898306006764,92.29781341552734,513648000.0
2024-03-27,92.84725495724012,92.97488937266765,88.8695984293379,89.99339294433594,586067000.0
2024-03-28,89.74410000319172,91.04040671298513,88.93939536436407,90.09909057617188,435212000.0
2024-04-01,90.04225044370871,91.96276900754945,88.95036271273993,90.10606384277344,452441000.0
2024-04-02,88.19651163521841,89.83783523468522,87.37087059473389,89.19766235351562,433064000.0
2024-04-03,88.23242095077572,90.11704664082849,88.14866014711569,88.71105194091797,370067000.0
2024-04-04,90.1489453998678,90.3763015666953,85.63581327474101,85.6607437133789,434965000.0
2024-04-05,86.61901544259366,88.22942906906539,85.68169327218381,87.75777435302734,399678000.0
2024-04-08,88.44779211337963,88.57742734725042,86.48539311445134,86.88525390625,283220000.0
2024-04-09,87.19337337953033,87.38582540473588,82.7859427996773,85.1113052368164,501700000.0
2024-04-10,83.68738625967652,87.15150809881327,83.4710003679758,86.79153442382812,431929000.0
2024-04-11,87.1714479258609,90.48101167566662,86.67885677486333,90.35836029052734,431637000.0
2024-04-12,89.44394775788123,89.91859983995623,87.28111636114915,87.93524932861328,426805000.0
2024-04-15,88.84466403718538,90.35535577476978,85.68467584656017,85.7564697265625,443077000.0
2024-04-16,86.18724040676238,87.86744694735988,85.81929391974823,87.16645050048828,370453000.0
2024-04-17,88.08881052064652,88.52257881551526,83.71129364888468,83.79605865478516,495400000.0
2024-04-18,84.72839020490255,85.94492236911542,82.16769148595853,84.43023681640625,447260000.0
2024-04-19,82.91357269808702,84.08423052801899,75.39102459607415,75.98332977294922,875198000.0
2024-04-22,77.88192715774476,79.8453305652036,76.18277728835372,79.29190826416016,596341000.0
2024-04-23,80.53935534918725,82.53366896329221,80.03579390039872,82.18865203857422,438559000.0
2024-04-24,83.71130021339918,83.84292866853282,78.95785602564062,79.45045471191406,512208000.0
2024-04-25,78.64376576074403,83.08610152779464,78.00060291462616,82.3970718383789,424641000.0
2024-04-26,83.57968703669025,88.07985603184983,83.1499127117647,87.48554992675781,551011000.0
2024-04-29,87.34595010949796,87.74181691165053,85.02356957538234,87.50749206542969,388971000.0
2024-04-30,86.99195638809022,88.56646933597486,86.05463417701857,86.15634155273438,363709000.0
2024-05-01,84.8351155436048,85.75548783344894,81.0239759113071,82.80490112304688,559863000.0
2024-05-02,84.20888384405981,85.99180203592717,82.96343457532701,85.572998046875,377898000.0
2024-05-03,87.53938813243457,89.0271426544853,86.79251724081982,88.53654479980469,398341000.0
2024-05-06,89.13581800538448,91.9577726970746,88.80177149426007,91.87799835205078,376203000.0
2024-05-07,90.83898366205493,91.52004037192769,88.75791956813879,90.2965316772461,437342000.0
2024-05-08,89.22857828050421,90.93471200217493,89.16575387590268,90.15493774414062,325721000.0
2024-05-09,90.27159019237384,90.81304550195526,87.9801277687823,88.49465942382812,378013000.0
2024-05-10,90.04823199188911,91.14111635473476,88.97329419694542,89.62244415283203,335325000.0
2024-05-13,90.22073791617511,90.73926364427145,88.2772820639822,90.1419677734375,289680000.0
2024-05-14,89.34425178727211,91.39041950305226,88.68114159761363,91.09626007080078,296507000.0
2024-05-15,92.20908510921412,94.5922892882104,91.33856611429667,94.36094665527344,417735000.0
2024-05-16,94.64014168326462,95.54655367350442,93.8354294469824,94.09070587158203,323952000.0
2024-05-17,94.10069011001252,94.47062985340762,91.54497378951851,92.21605682373047,359691000.0
2024-05-20,93.48344309476195,94.9293173048801,93.17432694405993,94.51051330566406,318764000.0
2024-05-21,93.33287026664621,95.1287520032466,92.915062881723,95.11479187011719,328946000.0
2024-05-22,95.18758628884531,95.74698824605449,92.98387077371804,94.6800308227539,548648000.0
2024-05-23,101.73791493789797,106.0177117858919,101.23135605250833,103.5038833618164,835065000.0
2024-05-24,104.15202177987621,106.17226230771774,102.70714415978955,106.1662826538086,429494000.0
2024-05-28,109.93055601288341,114.61220681929554,109.57058235224117,113.57715606689453,652728000.0
2024-05-29,112.72856525449089,115.16361558831227,110.58567348866953,114.4985122680664,557442000.0
2024-05-30,114.32402359196342,115.4896985615827,109.35120333690087,110.18582153320312,484553000.0
2024-05-31,112.20006619281486,112.39651226649593,106.6359377048998,109.32128143310547,613263000.0
2024-06-03,113.29794252397816,114.67301940917969,111.68453916444382,114.67301940917969,438392000.0
2024-06-04,115.38699866419654,116.26848033786769,113.72074443192332,116.10594177246094,403324000.0
2024-06-05,118.0344347915748,122.10083501982173,117.13400243711465,122.09186553955078,528402000.0
2024-06-06,123.69529221491227,125.22991785379394,117.98358173920542,120.65396881103516,664696000.0
2024-06-07,119.42945596831338,121.34599585382935,117.68643254910567,120.54428100585938,412386000.0
2024-06-10,120.02774969821236,122.74998311505551,116.6773027177119,121.44371032714844,313434100.0
2024-06-11,121.43375200225071,122.53072064853247,118.41211998717576,120.57613372802734,222551200.0
2024-06-12,122.72018091821553,126.5296321042774,122.23153612962203,124.8542709350586,299595000.0
2024-06-13,129.03268152053838,129.44155293413115,126.80884405349278,129.2520751953125,260704500.0
2024-06-14,129.60114223243076,132.4731792100278,127.9656714477386,131.51583862304688,309320400.0
2024-06-17,132.62277611443673,133.36072299109455,129.2221885999668,130.61831665039062,288504400.0
2024-06-18,130.7778703322321,135.95354113797538,130.3291160023479,135.2056121826172,294335100.0
2024-06-20,139.4139821850634,140.37132287672648,129.16236891328995,130.41888427734375,517768400.0
2024-06-21,126.76897377617152,130.2692833981682,123.95676122395307,126.22048950195312,649445800.0
2024-06-24,122.89967494041525,124.11630717061917,117.71403760101381,117.78384399414062,476060900.0
2024-06-25,120.86530276052792,126.15066983653527,118.99049712567003,125.7417984008789,414192600.0
2024-06-26,125.7817056647018,127.76620840809865,122.26145451808375,126.05096435546875,362975900.0
2024-06-27,123.75731801767638,126.0609445300648,122.58057607711103,123.64762115478516,252571700.0
2024-06-28,124.236004634683,127.3573591664442,122.41105590597208,123.1988754272461,315516700.0
2024-07-01,123.12905433583957,124.49526638375627,118.50186772113265,123.9567642211914,284885500.0
2024-07-02,120.79551228090267,123.06922274393042,120.69578993975959,122.33126068115234,218374000.0
2024-07-03,121.32405858482768,127.92577362060547,121.02488394458864,127.92577362060547,215749000.0
2024-07-05,127.02824387543221,128.49419337092286,125.33294138222224,125.48252868652344,214176700.0
2024-07-08,127.1379469199517,130.40889591730686,126.6891925935073,127.84598541259766,237677300.0
2024-07-09,129.99007251430768,133.45049207075732,128.29475452643044,131.01722717285156,285366600.0
2024-07-10,133.6599006676726,134.72695337207693,132.0543457649315,134.5374755859375,248978600.0
2024-07-11,135.37514352274295,135.7740328866088,126.69917051710233,127.04820251464844,374782700.0
2024-07-12,127.90582806874107,131.5557253023775,126.86870653322082,128.8831329345703,252680500.0
2024-07-15,130.19946809344353,131.02717795052595,126.828804392605,128.0853271484375,208326200.0
2024-07-16,128.0853283678797,128.68366239858466,124.2359867587292,126.01107025146484,214769500.0
2024-07-17,121.01490699704938,121.51352631521466,116.39769484983655,117.6641845703125,390086200.0
2024-07-18,121.51351868069985,122.062002939552,116.23812571295703,120.755615234375,320979500.0
2024-07-19,120.01767057688257,121.26421889531369,117.04590364640599,117.60435485839844,217223800.0
2024-07-22,120.0176813971429,123.72741074457895,119.52903654259545,123.1988754272461,258068900.0
2024-07-23,122.44095023584373,124.34567955387372,121.76282770486009,122.25147247314453,173911000.0
2024-07-24,118.8409292880146,119.61877422549412,113.12675602679064,113.93451690673828,327776900.0
2024-07-25,112.72786663674131,116.30795001542549,106.00647974568223,111.96996307373047,460067000.0
2024-07-26,115.86915683172242,115.87912373985303,111.27188621900741,112.74779510498047,293399100.0
2024-07-29,113.3760598876514,115.95890423286832,110.99266022089631,111.28185272216797,248152100.0
2024-07-30,111.21204752075072,111.68075088933978,102.2568489765504,103.44356536865234,486833300.0
2024-07-31,112.58823561538453,118.01320824039244,110.57380945153913,116.69685363769531,473174200.0
2024-08-01,117.20544905631927,119.82819139029307,106.51505026446524,108.9084243774414,523462300.0
2024-08-02,103.47347587762454,108.4197782586363,101.09007631034588,106.9737777709961,482027500.0
2024-08-05,91.80578374541406,103.12444802394918,90.43957172286065,100.17261505126953,552842400.0
2024-08-06,103.55325619325184,107.41257244920943,100.27234777984627,103.96212768554688,409012100.0
2024-08-07,107.51229690555586,108.4995686514933,98.41748524596572,98.63687896728516,411440400.0
2024-08-08,101.71833034514779,105.20866520993226,97.25069837056012,104.68013000488281,391910000.0
2024-08-09,105.348288539487,106.30563671378638,103.14439207443418,104.46074676513672,290844200.0
2024-08-12,106.02642207987165,110.7633060746513,105.96659019039194,108.71896362304688,325559900.0
2024-08-13,112.1295103919247,115.90904559128121,111.27188458899278,115.81929016113281,312646700.0
2024-08-14,118.20269875673235,118.27250515954668,113.75501518576698,117.75394439697266,339246400.0
2024-08-15,118.43206727440648,122.89969228155606,117.1456284695593,122.52074432373047,318086700.0
2024-08-16,121.60327554530542,124.6548231821397,120.84537209002657,124.2359848022461,302589900.0
2024-08-19,123.93681555512863,129.64102172851562,123.07918972579691,129.64102172851562,318333600.0
2024-08-20,128.0454312895895,129.52135538667704,125.54236785937302,126.89861297607422,300087400.0
2024-08-21,126.96843015643721,128.99283109530663,126.31025657503493,128.14517211914062,257883600.0
2024-08-22,129.66097288180268,130.38895283197962,122.7600756761678,123.39830780029297,376189100.0
2024-08-23,125.51243939894613,129.24211690201355,124.87420736161047,129.0127410888672,323230300.0
2024-08-26,129.21222218734667,130.8975427630235,124.0265765218376,126.11080169677734,331964700.0
2024-08-27,124.70469137157046,128.843225521312,123.5379164141598,127.94571685791016,303134600.0
2024-08-28,127.76621672239743,127.97564354365645,122.30135293496008,125.26315307617188,448101100.0
2024-08-29,121.02488328117458,124.0864056350864,116.38772203285157,117.26528930664062,453023300.0
2024-08-30,119.19992133635782,121.41379211002894,116.89630274618307,119.04036712646484,333751600.0
2024-09-03,115.68965014821475,115.8890948214911,106.99372848681783,107.70176696777344,477155100.0
2024-09-04,105.11892359162538,112.95721192187169,103.83248489547353,105.91670989990234,372470300.0
2024-09-05,104.70008464878364,109.34722045042044,104.47072401794104,106.91395568847656,306850700.0
2024-09-06,107.74167143504636,107.85136830211154,100.67124500554577,102.54605865478516,413638100.0
2024-09-09,104.59038905946406,106.25578342210773,103.40368021481835,106.1760025024414,273912000.0
2024-09-10,107.5122906776436,109.09790400275718,104.66018768236026,107.8014907836914,268283700.0
2024-09-11,109.0879346022382,116.86639906475774,107.12337325723898,116.58717346191406,441422400.0
2024-09-12,116.52732649632485,120.46676065848584,115.07123444451854,118.82117462158203,366052700.0
2024-09-13,118.76133738659651,119.6389797203674,117.28529459768677,118.78128051757812,238358300.0
2024-09-16,116.47746652004345,117.8637462195167,114.05396898625607,116.46749114990234,248772300.0
2024-09-17,117.85376774830212,118.48208669803358,114.52270945275087,115.28067016601562,231925900.0
2024-09-18,115.57987289959789,117.38502682895009,112.91701975753097,113.06661987304688,310318900.0
2024-09-19,117.03596036023049,119.3397837869768,116.93622949013678,117.55457305908203,293506400.0
2024-09-20,116.74674381909426,118.30257441739377,115.0812145821692,115.68958282470703,382462400.0
2024-09-23,116.23810791147417,116.67692526968904,114.55262802291854,115.94888305664062,206228500.0
2024-09-24,116.20818908018337,121.47406618937484,115.07124032940908,120.54655456542969,354966800.0
2024-09-25,121.69346336275538,124.60565503965537,121.28456450552947,123.17948150634766,284692900.0
2024-09-26,126.46067739619816,127.32834434574869,121.47405774507013,123.70806121826172,302582900.0
2024-09-27,123.63824884420143,123.6980858451405,118.94085404604166,121.07512664794922,271009200.0
2024-09-30,117.99339197466074,121.17485775300766,117.83382410218941,121.11502075195312,226553700.0
2024-10-01,121.44413691318621,122.11234975829879,115.48014381228901,116.68690490722656,302094500.0
2024-10-02,116.12839762685847,119.06052472572213,114.83187351018621,118.53194427490234,221845900.0
2024-10-03,120.59641230247804,124.0272091849403,120.01796257527629,122.52124786376953,277118000.0
2024-10-04,124.6056517279934,124.70538259718006,121.50397375972977,124.58570098876953,243678100.0
2024-10-07,124.65551433206126,130.29039598837593,124.61562046227938,127.37821197509766,346250200.0
2024-10-08,129.91139625758697,133.12278019873037,129.07364789501582,132.53436279296875,285722500.0
2024-10-09,133.75111306364067,134.16001952786942,131.02842299164354,132.29501342773438,246191600.0
2024-10-10,131.55701568457982,134.6387432670493,130.64944717024784,134.44924926757812,242311300.0
2024-10-11,133.6513755856735,135.4166432187145,133.30232133780012,134.43927001953125,170209500.0
2024-10-14,136.10482161198357,139.22645092545358,135.93527834055612,137.70054626464844,232347700.0
2024-10-15,137.50104323972985,138.1991821543322,128.3954862474048,131.24783325195312,377831000.0
2024-10-16,133.62146232310147,136.25439701653355,131.22789086287455,135.3568115234375,264879700.0
2024-10-17,138.96710708195366,140.51296215395072,136.50371585796043,136.5635528564453,306435900.0
2024-10-18,138.2989120156457,138.52829226592988,136.9126323168706,137.63070678710938,176090200.0
2024-10-21,137.76035501280404,143.32542419433594,137.63069803621275,143.32542419433594,264554500.0
2024-10-22,142.52759168284751,144.03354560488717,141.4006105729882,143.2057647705078,226311600.0
2024-10-23,141.649914730207,142.04883820987033,137.09215234233463,139.1865234375,285930000.0
2024-10-24,140.44314713971724,140.9717275450093,138.08946232413336,140.03424072265625,172354900.0
2024-10-25,140.55285615055817,143.74430494634163,140.4232143860229,141.16122436523438,205122100.0
2024-10-28,142.6173413548028,142.75696611524302,139.6752384054106,140.14398193359375,173586700.0
2024-10-29,139.91455642525435,141.87928563006452,138.5282768804448,140.8719940185547,157593600.0
2024-10-30,139.16657905851807,139.9544735111022,136.4438889013892,138.9671173095703,179418100.0
2024-10-31,137.2317994926413,137.24176725497634,131.75648481507793,132.4047393798828,270039600.0
2024-11-01,134.3395349599235,136.94255111570317,134.2098931927627,135.03765869140625,207127800.0
2024-11-04,136.8428124063768,138.58812914709054,135.2072018980832,135.6859130859375,187528200.0
2024-11-05,137.0821601293647,139.99434394500742,136.9624861371184,139.53558349609375,160537400.0
2024-11-06,142.57743460752744,146.09798683530676,141.58011068537002,145.2203369140625,242043900.0
2024-11-07,145.9982407267333,148.53143666074,145.77882825788768,148.48158264160156,207323300.0
2024-11-08,148.37188826922187,149.369212218998,145.8685954157921,147.2349395751953,175665800.0
2024-11-11,148.2821074463959,148.4516658981078,143.18579701946294,144.8712615966797,182325600.0
2024-11-12,146.3871892091523,149.2495037052901,145.61924560605905,147.8931427001953,198634700.0
2024-11-13,148.67108050956173,148.93037924410717,145.5095503668412,145.87857055664062,191903300.0
2024-11-14,147.24489842760545,148.60125952595652,145.16049515099348,146.36724853515625,194463300.0
2024-11-15,144.48230195229198,144.85132212671857,139.705127384455,141.60003662109375,250132900.0
2024-11-18,139.1266784396513,141.1711953957962,136.7829612819808,139.77493286132812,221205300.0
2024-11-19,140.9418317601378,146.73628163269873,140.61271302151263,146.61659240722656,227834900.0
2024-11-20,147.0155246522584,147.16511715506326,142.34804073132528,145.4995880126953,309871700.0
2024-11-21,148.95033233522298,152.48085228758558,140.3234713661803,146.27749633789062,400946600.0
2024-11-22,145.53949007763015,146.7662096056562,140.72242834878378,141.5701446533203,236406200.0
2024-11-25,141.610046895497,141.66988390343687,135.45655935237875,135.65602111816406,344941900.0
2024-11-26,137.33150030488406,138.9272246590056,135.30693397114106,136.5535888671875,190287700.0
2024-11-27,134.64871022731037,136.85280300357402,131.44730865073987,134.9778289794922,226370900.0
2024-11-29,136.41398308030372,138.97711320730366,135.6859407808891,137.8800506591797,141863200.0
2024-12-02,138.45849496272686,140.07415499884576,137.45120318506554,138.259033203125,171682800.0
2024-12-03,137.89002585394636,140.16392360539365,137.58085781498016,139.88467407226562,164414000.0
2024-12-04,141.61999054867616,145.39984134699782,139.91456002292938,144.7515869140625,231224300.0
2024-12-05,144.73165063129176,146.1579148411047,143.57467148409813,144.68177795410156,172621200.0
2024-12-06,144.2230061514487,145.32012910905055,140.9415752898697,142.06863403320312,188505600.0
2024-12-09,138.6076455444956,139.58508599383495,136.77244688316378,138.44805908203125,189308600.0
2024-12-10,138.64753308216282,141.4502189353748,133.44114274667672,134.7178192138672,210020900.0
2024-12-11,137.00183449376547,139.80450498546415,134.85744670503564,138.94674682617188,184905200.0
2024-12-12,136.72258646567687,138.07904108019704,135.44592508954074,136.98190307617188,159211400.0
2024-12-13,138.57773734651352,139.2360201486468,132.19441524956173,133.89996337890625,231514900.0
2024-12-16,133.8301313094174,134.04955889819416,130.07994062496547,131.65582275390625,237951100.0
2024-12-17,128.75342001528475,131.24690176576593,126.5292385551769,130.05003356933594,259410300.0
2024-12-18,133.51098920213212,136.3435808551527,127.94553603601128,128.5738983154297,277444500.0
2024-12-19,131.41643441707996,133.6805197239663,129.21220544602065,130.33924865722656,209719200.0
2024-12-20,129.4715360054975,134.92727495716574,127.88568536239204,134.34878540039062,306528600.0
2024-12-23,135.92467137837366,139.42551415908295,134.76769223262775,139.3058319091797,176053500.0
2024-12-24,139.63498826590208,141.53002844762267,138.28850193430708,139.8544158935547,105157000.0
2024-12-26,139.33575896662117,140.48276971800976,137.37089410442982,139.56515502929688,116205600.0
2024-12-27,138.1887488761999,138.65752461945982,134.35876491420703,136.6527557373047,170582600.0
2024-12-30,134.47844750631418,139.9042657427297,133.67056192681179,137.1315155029297,167734700.0
2024-12-31,137.67011945974758,137.71002369221526,133.48107297196478,133.9398651123047,155659200.0
2025-01-02,135.64541181631114,138.51790776015002,134.2789886408903,137.9493865966797,198247200.0
2025-01-03,139.64492988439244,144.52217900012494,139.36566117903786,144.0933074951172,229322500.0
2025-01-06,148.20255341856054,151.76325208073058,147.43457212276107,149.0403594970703,265377400.0
2025-01-07,152.63098706400407,152.73073241075815,139.6449312609891,139.77459716796875,351782200.0
2025-01-08,142.20823556727345,143.57465852876186,137.20132056545756,139.7446746826172,227349900.0
2025-01-10,137.09161147098868,139.55517244006612,133.870037595658,135.55563354492188,207602500.0
2025-01-13,129.65108668370792,133.14196124495902,129.1723272147668,132.88262939453125,204808900.0
2025-01-14,135.6952813829554,136.02442280388445,129.71092511662002,131.4164581298828,195590500.0
2025-01-15,133.30152233922777,136.094224818832,130.9476750631476,135.88478088378906,185217300.0
2025-01-16,138.27852927433761,138.38824308482273,133.14196273572836,133.2217559814453,209235600.0
2025-01-17,136.33359221153037,138.13887032002236,135.1068036173015,137.35093688964844,201188800.0
2025-01-21,138.79718544321284,141.46022238799446,136.73257504591786,140.46282958984375,197749000.0
2025-01-22,144.2828338584672,147.40466270866227,143.2954095914058,146.68655395507812,237651400.0
2025-01-23,144.67181084027297,146.8461195709751,143.34527675360425,146.83615112304688,155915500.0
2025-01-24,147.98313043457708,148.58157206293976,141.5100624088345,142.2481231689453,234657600.0
2025-01-27,124.47460659166907,128.06521102414737,116.39571998533557,118.11123657226562,818830900.0
2025-01-28,121.49241361825959,128.66367023130923,115.94691212705192,128.65370178222656,579666400.0
2025-01-29,126.17017448185184,126.55915701971556,119.7369947161038,123.37747192382812,467120600.0
2025-01-30,122.77904281152207,124.67409050916186,117.7920791911556,124.32500457763672,392925500.0
2025-01-31,123.45726093608867,127.51664871512425,118.8792323275003,119.7569351196289,388161100.0
2025-02-03,114.45081126895413,118.26085104341853,112.71535011762803,116.3558349609375,371235700.0
2025-02-04,116.65504122535879,120.88398385074507,116.39571701060105,118.34063720703125,256550000.0
2025-02-05,121.44252915135603,124.67407915232373,120.44513651813745,124.50452423095703,262230800.0
2025-02-06,127.08777312720079,128.43425932928383,124.88353622330139,128.344482421875,251483600.0
2025-02-07,128.88308623826384,130.03008175856976,124.67408781607283,129.50146484375,228186300.0
2025-02-10,129.75081827828257,134.64802029874645,129.6211675706223,133.2217559814453,216989100.0
2025-02-11,132.23432300379022,134.12936300336048,130.67839286199495,132.45375061035156,178902400.0
2025-02-12,129.68102059860516,131.89523390864048,128.74346889916592,130.798095703125,160278600.0
2025-02-13,131.2169852346524,136.14410776005724,130.8280026783839,134.937255859375,197430000.0
2025-02-14,136.12414513567924,138.8869270481558,135.1467045962306,138.48797607421875,195479600.0
2025-02-18,140.90169507533363,143.06603577801434,137.57039132145403,139.03656005859375,219176600.0
2025-02-19,139.1462273109093,140.99140959133538,136.86220509831378,138.86695861816406,167536000.0
2025-02-20,139.6648814501138,140.2932436442011,136.43332401924008,139.7446746826172,143903600.0
2025-02-21,139.6748562571626,141.09116717483585,133.68053207054632,134.07948303222656,228217600.0
2025-02-24,136.20394796569565,138.22865397806314,129.74084737496105,129.94032287597656,251381100.0
2025-02-25,129.64109140603463,129.86051900489684,124.11554286315072,126.2998275756836,271428700.0
2025-02-26,129.6510686159171,133.38130717279842,128.15497972672858,130.9376983642578,322553800.0
2025-02-27,134.64801060127058,134.6579790491402,119.69709659183455,119.83673095703125,443175800.0
2025-02-28,117.71227346912306,124.76383897645573,116.09650229748219,124.59428405761719,389091100.0
2025-03-03,123.18796891235903,123.37746834229016,111.98724605192426,113.76260375976562,411381400.0
2025-03-04,110.36149568941593,118.99891188150963,109.82290275774469,115.68756866455078,398163300.0
2025-03-05,117.27342459632162,117.971596377653,114.2114295961939,116.99415588378906,284337900.0
2025-03-06,113.2339891683523,115.04924353236196,109.93262184934352,110.28170776367188,321181900.0
2025-03-07,110.95993136050063,113.18412029909872,107.27955007853643,112.39617919921875,341755500.0
2025-03-10,109.6134575041536,111.5583701943417,105.18503155172247,106.7010726928711,366487400.0
2025-03-11,106.71103594468934,111.94734728122161,104.49682307629253,108.47642517089844,354865700.0
2025-03-12,113.83293253862912,116.46629097878981,112.59604629385464,115.4488525390625,323857500.0
2025-03-13,116.73560262668995,117.46376961532557,113.50375517662202,115.28925323486328,299033100.0
2025-03-14,118.31162980343127,121.57340056729696,117.85278787516224,121.36392974853516,277593500.0
2025-03-17,122.43123309193861,122.58085727393843,117.73308248243704,119.22930908203125,255501500.0
2025-03-18,117.70316017412442,118.7205909220559,114.25186503478537,115.1396255493164,299686900.0
2025-03-19,116.97498651717953,120.14698705841565,115.3889900516623,117.22435760498047,273426200.0
2025-03-20,116.2567968934998,119.89760845913878,116.17699632395453,118.2318115234375,248829700.0
2025-03-21,116.64582513098318,117.6931791575635,115.1296446207881,117.4039077758789,266498500.0
2025-03-24,119.5784337604655,121.91255134314885,119.03979124138472,121.1045913696289,228452500.0
2025-03-25,120.24675110401866,120.9848874515059,118.6208466122723,120.38639831542969,167447200.0
2025-03-26,118.4313220614094,118.5410383402261,112.42646191953317,113.47382354736328,293463300.0
2025-03-27,111.06988814101668,114.1620883069464,110.3816290692769,111.14968872070312,236902100.0
2025-03-28,111.20954068147716,112.58607411134861,108.79563010676111,109.39411926269531,229872500.0
2025-03-31,104.86552901006266,110.68086470981991,103.38925640513808,108.10735321044922,299212700.0
2025-04-01,108.24699756669231,109.92277156753886,106.20215922942107,109.8729019165039,222614000.0
2025-04-02,107.0200962834212,111.69830029652357,106.5213541109438,110.14221954345703,220601200.0
2025-04-03,103.24961220285616,105.36427425680411,101.344413349133,101.54391479492188,338769400.0
2025-04-04,98.66118836013088,99.87811296890389,91.87829121020437,94.07275390625,532273800.0
2025-04-07,87.23997324185012,101.49402435717819,86.40209010889866,97.39436340332031,611041300.0
2025-04-08,103.54885717389794,105.58372634261488,94.2223791915971,96.05775451660156,476243400.0
2025-04-09,98.64122793388745,114.81044852614636,97.28464859296416,114.04238891601562,612918300.0
2025-04-10,109.09487535601897,110.58112503277279,98.90058321638736,107.29940032958984,437812400.0
2025-04-11,108.22706011361765,111.26939065397997,107.20962934859612,110.65094757080078,313417300.0
2025-04-14,113.82294410726054,114.00249160148302,108.79562187923341,110.4314956665039,264705000.0
2025-04-15,110.69084593782598,113.33418114021705,110.22202704858428,111.9177474975586,228966900.0
2025-04-16,104.2869965726397,106.52135948725393,100.1973044637503,104.22714233398438,397016900.0
2025-04-17,104.18723281096233,104.20718675881294,99.79830794879128,101.23468017578125,292517500.0
2025-04-21,98.52153569265882,99.18985605733366,94.80092295909544,96.66622161865234,288501100.0
2025-04-22,98.53150383378456,99.55891150664588,97.03527729423074,98.64122772216797,241004800.0
2025-04-23,104.25705857766793,104.53636058197965,101.76334775853866,102.45161437988281,247526000.0
2025-04-24,103.21968611105362,106.2719858525715,102.85061415392688,106.16226196289062,220815000.0
2025-04-25,106.58121206849437,111.63845793071249,105.46403435389149,110.73075103759766,251064700.0
2025-04-28,109.41407373912219,110.0923634818257,105.75329995750923,108.45648956298828,207708500.0
2025-04-29,107.39914041879526,109.92277466025524,107.16972327513623,108.74574279785156,170444300.0
2025-04-30,104.20719367744803,108.64599609375,103.81817538074749,108.64599609375,235044600.0
2025-05-01,112.79553450528941,114.6508560442669,111.02001354244473,111.32923126220703,236121500.0
2025-05-02,113.89278036249011,115.10971266849934,113.08482035383273,114.21197509765625,190194800.0
2025-05-05,112.62596928442517,114.38153638068397,112.3765981799359,113.53367614746094,133163200.0
2025-05-06,111.19957134225872,114.4513652140045,110.541227943435,113.25438690185547,158525600.0
2025-05-07,112.7656187028628,117.38396890879066,111.99755142427854,116.7655258178711,206758800.0
2025-05-08,117.95252869863282,118.38144728921775,115.55856464909375,117.07474517822266,198428100.0
2025-05-09,117.05479580716789,117.9325869721132,114.92017974547274,116.35655975341797,132972200.0
2025-05-12,121.66318211752383,122.69058990478516,119.97743092665668,122.69058990478516,225023300.0
2025-05-13,124.66559728217729,130.88989748886456,124.1568781333485,129.60313415527344,330430100.0
2025-05-14,132.86491109788813,135.09928149974084,131.34873063875938,134.99952697753906,281180800.0
2025-05-15,133.9521641466833,135.9571173935552,132.32627503661865,134.49081420898438,226632600.0
2025-05-16,135.87733175434735,136.0070096021913,133.1242801768634,135.05938720703125,226542500.0
2025-05-19,132.05695004104146,135.52819125301625,132.05695004104146,135.2289581298828,193154600.0
2025-05-20,133.95214600718342,134.2414249474983,132.2863492260215,134.04193115234375,161514200.0
2025-05-21,132.72526966841644,137.0543482410567,130.26148202288624,131.46844482421875,270608700.0
2025-05-22,131.8973680939745,133.91229099864714,131.21908595560456,132.49586486816406,187344000.0
2025-05-23,129.67296865108418,132.3462194682512,128.8350854296202,130.959716796875,198821300.0
2025-05-27,133.81250879901197,135.31871978851976,132.974625664691,135.15911865234375,192953600.0
2025-05-28,135.68780317037033,136.904735369061,134.45091702175245,134.4708709716797,304021100.0
2025-05-29,141.8921589021039,143.12904506361895,137.56308016740775,138.83985900878906,369241900.0
2025-05-30,138.37105052724368,139.26878048564038,132.5856374053386,134.7900848388672,333170900.0
2025-06-02,135.14916370580715,137.7725372671851,135.05937854437917,137.03440856933594,197663100.0
2025-06-03,138.4308667634816,141.64276735349586,137.60295298700936,140.86473083496094,225578800.0
2025-06-04,141.83231333868676,142.03180718032695,139.18897047063936,141.56298828125,167120800.0
2025-06-05,141.81238759910931,143.63778629303218,138.4807925977104,139.63787841796875,231397900.0
2025-06-06,142.1514855332369,142.90958336053123,141.1540012092415,141.3634796142578,153986200.0
2025-06-09,142.82978324597119,144.6352274429253,141.58292783698045,142.2711944580078,185114500.0
2025-06-10,142.3310452201821,143.92701105784593,141.17395971410352,143.5978546142578,155881900.0
2025-06-11,144.25621966515521,144.63529488552354,141.52291745481477,142.48057556152344,167694000.0
2025-06-12,141.62269259555393,144.64527893066406,141.50299102868564,144.64527893066406,162365000.0
2025-06-13,142.13142750185233,143.22874251056697,140.50542554352353,141.6226806640625,180820600.0
2025-06-16,142.9993260342438,145.82238955213242,142.84968384945327,144.33604431152344,183133700.0
2025-06-17,144.13651543605366,144.86472525299953,143.42824573031362,143.7674102783203,139108000.0
2025-06-18,143.6576946584193,145.2936820241915,142.7698725249477,145.1240997314453,161494100.0
2025-06-20,145.09416929186932,145.84233449814036,142.30101614416546,143.4980926513672,242956200.0
2025-06-23,142.1513937655616,144.42581484809375,141.68254233682853,143.8173065185547,154308900.0
2025-06-24,145.20390562225958,147.59804349475166,145.1440548392029,147.53817749023438,187566100.0
2025-06-25,148.90484638085596,154.07216728635598,148.8948611020321,153.93251037597656,269146500.0
2025-06-26,155.59842060814296,156.33661581991106,153.6232685600938,154.64077758789062,198145700.0
2025-06-27,155.65826650868465,158.32174817747665,154.880175871103,157.3640899658203,263234500.0
2025-06-30,158.01250107649778,158.2718747820143,155.57848281781088,157.603515625,194580300.0
2025-07-01,155.9076636637482,156.81544119896878,151.1194180014287,152.92498779296875,213143600.0
2025-07-02,152.60576718743292,157.2144758260153,152.5957971297394,156.86532592773438,171224100.0
2025-07-03,157.98256705200242,160.58618269349765,157.3840439934681,158.9501953125,143716100.0
2025-07-07,157.81297934590498,158.92026447090194,156.95508262544374,157.85289001464844,140139000.0
2025-07-08,158.94022243433284,159.82804456030718,158.0025195823342,159.60858154296875,138133000.0
2025-07-09,160.82559421950873,164.01776272716893,160.76574343834326,162.48153686523438,183656400.0
2025-07-10,163.91804092547642,164.0975932957291,161.21466354212765,163.69857788085938,167704100.0
2025-07-11,163.319494380175,167.4792915182188,163.07010595303956,164.5165557861328,193633300.0
2025-07-14,164.96544774793,165.08516454052796,161.62365204151925,163.66864013671875,136975800.0
2025-07-15,170.771231752154,171.9782632858091,168.7860942767486,170.2824249267578,230627400.0
2025-07-16,170.64153593048928,171.32985042878116,168.4868162544787,170.95077514648438,158831500.0
2025-07-17,171.59918390717252,173.7339481189201,170.4120926228971,172.5767822265625,160841100.0
2025-07-18,173.21519151593927,173.82369976817546,170.84100928238524,171.9882049560547,146456400.0
2025-07-21,172.32739806402674,172.9558617527255,170.58167912560677,170.96075439453125,123126100.0
2025-07-22,170.9208374301641,170.97071815657463,164.17738028748298,166.6213836669922,193114300.0
2025-07-23,169.1152710575868,170.84103463039327,167.55908978070133,170.36221313476562,154082200.0
2025-07-24,172.01816431437092,173.40476336343244,170.88095369299285,173.3149871826172,128984600.0
2025-07-25,173.18530830431874,174.29259358308082,172.53690445106827,173.07557678222656,122316800.0
2025-07-28,173.594294429185,176.56700011257405,173.54441370124516,176.31761169433594,140023500.0
2025-07-29,177.52463047494987,178.94115464165458,174.5918207013176,175.0806121826172,154077500.0
2025-07-30,176.07820855766118,179.44994513464422,175.60935707311754,178.8314666748047,174312200.0
2025-07-31,182.4525537970388,182.8515843840116,175.4996037416905,177.4348602294922,221685400.0
2025-08-01,173.6641186818972,176.1081221843386,170.47194991004753,173.29502868652344,204529000.0
2025-08-04,174.7315057215643,179.75916955634796,174.09307197712414,179.55966186523438,148174600.0
2025-08-05,179.18058718831315,179.81902093485988,175.46968627980374,177.82391357421875,156407600.0
2025-08-06,175.898641889325,179.4599006050506,175.81883576850015,178.9810791015625,137192300.0
2025-08-07,181.12581999654523,183.43016644757114,178.36259217804582,180.32777404785156,151878400.0
2025-08-08,181.10587113034643,182.85159004607542,179.95867528141937,182.2530517578125,123396700.0
2025-08-11,181.6046387082212,183.39025298215157,179.80903915640334,181.61460876464844,138323200.0
2025-08-12,182.51240639439905,184.02867684913377,179.0209689275246,182.7119140625,145485700.0
2025-08-13,182.1732462738988,183.51994981646104,178.9112567337155,181.14576721191406,179871700.0
2025-08-14,179.31025614092474,182.57226061200618,179.02097229994772,181.57470703125,129554000.0
2025-08-15,181.43505449173978,181.45499460438234,177.6044370814236,180.008544921875,156602200.0
2025-08-18,180.15818875593718,182.49246055927404,180.14820347806383,181.56472778320312,132008000.0
2025-08-19,181.98370991508045,182.0535459787435,175.06070018553257,175.2103271484375,185229200.0
2025-08-20,174.74148365399904,175.5694550698242,168.38707131580557,174.97091674804688,215142700.0
2025-08-21,174.42225404103465,176.46722675550242,173.38478976711397,174.5519256591797,140040900.0
2025-08-22,172.1877371490149,178.15310374912357,170.78118284108405,177.55458068847656,172789400.0
2025-08-25,177.91371253514103,181.46500135257926,176.13806812642193,179.37013244628906,163012800.0
2025-08-26,179.61949407406715,181.94379572773957,178.37255210674027,181.3253173828125,168688200.0
2025-08-27,181.53480649120215,182.04356858750407,178.6618623689453,181.15574645996094,235518900.0
2025-08-28,180.3776517699909,184.01871637210735,175.9784366795831,179.72923278808594,281787800.0
2025-08-29,177.67428483075477,177.714180280125,172.72641192849127,173.75389099121094,243257900.0
2025-09-02,169.58412249632292,171.9583050821389,166.81092453439402,170.36221313476562,231164900.0
2025-09-03,170.64153226145447,171.9882358353705,168.46687251736884,170.20260620117188,164424900.0
2025-09-04,170.15273668191406,171.43957421789176,168.99557077235426,171.2400665283203,141670100.0
2025-09-05,167.61894341349083,168.61649709218636,163.66863936987482,166.61141967773438,224441400.0
2025-09-08,167.14011909123317,170.54178073137314,166.9406114031506,167.89825439453125,163769100.0
2025-09-09,168.67632677148754,170.56170237945196,166.33208505275803,170.3422393798828,157548400.0
2025-09-10,176.20789518840485,178.851406558282,175.04075911822534,176.89620971679688,226852000.0
2025-09-11,179.25054698686972,179.84911904071384,176.05819821844705,176.74655151367188,151159300.0
2025-09-12,177.34510547722002,178.1731234709029,176.02825318201792,177.39498901367188,124911000.0
2025-09-15,175.25014939714936,178.4225571584428,174.0929181271268,177.32518005371094,147061600.0
2025-09-16,176.57696439453113,177.07576937869646,173.96323114864717,174.4620361328125,140737800.0
2025-09-17,172.22736966160153,172.78602876073558,168.00748411706098,169.8829803466797,211843800.0
2025-09-18,173.56417834624654,176.67673180432445,172.54662713675344,175.81878662109375,191763300.0
2025-09-19,175.34989886544702,177.65437533147113,174.76129744715922,176.24774169921875,237182100.0
2025-09-22,174.88102184557565,184.10891359634738,174.2924356467209,183.17115783691406,269637000.0
2025-09-23,181.53508786527138,181.98400930831284,175.78885990523673,178.0035400390625,192559600.0
2025-09-24,179.34033838980653,179.35030900890538,174.98077271717747,176.54702758789062,143564100.0
2025-09-25,174.06297010669513,179.82915407834395,172.7162058826927,177.2653045654297,191586700.0
2025-09-26,177.74414266212372,179.3403244887289,174.51188131329135,177.76409912109375,148573700.0
2025-09-29,179.99874009736317,183.56021461148362,179.8890176259668,181.4153594970703,193063500.0
2025-09-30,181.6448190078555,186.90222763381766,181.04624695721463,186.13406372070312,236981000.0
2025-10-01,184.79726069745416,187.6903232769056,183.46045188172369,186.79248046875,173844900.0
2025-10-02,189.146847340247,190.59337868298996,187.6105195355423,188.43853759765625,136805800.0
2025-10-03,188.73784010440045,189.90504198866086,184.9369484043502,187.1715850830078,137596900.0
2025-10-06,185.0566446584491,186.78250559975277,182.8918329061041,185.09654235839844,157678100.0
2025-10-07,185.78489078203316,188.6081286768816,183.56022492696124,184.5977325439453,140088000.0
2025-10-08,186.12408236678675,189.14683908131633,186.09414006589398,188.6580047607422,130168900.0
2025-10-09,191.77054228398893,194.83321191134357,190.60334055524348,192.1097412109375,182997200.0
2025-10-10,193.04748211324375,195.15243956582322,181.6148814298513,182.72222900390625,268774400.0
2025-10-13,187.52073401073042,189.65561858658472,185.51554359294212,187.86990356445312,153482800.0
2025-10-14,184.32839277968645,184.35831986008523,179.2705030798172,179.59971618652344,205641400.0
2025-10-15,184.3582990595379,184.4281238318171,176.86623951707475,179.40017700195312,214450500.0
2025-10-16,181.79443681084305,182.84193018690272,179.34032512988762,181.3754425048828,179723300.0
2025-10-17,179.74934657743225,183.65999082680747,179.3203816221287,182.78208923339844,173135200.0
2025-10-20,182.69229499532833,184.7573394499357,181.29563208498195,182.20346069335938,128544700.0
2025-10-21,182.35311411361405,182.35311411361405,179.37027013728058,180.72702026367188,124240200.0
2025-10-22,180.7070662621498,183.0015721983185,176.33752979723928,179.84912109375,162249600.0
2025-10-23,179.98879302554099,182.59255571493648,179.3602938591047,181.72463989257812,111363700.0
2025-10-24,183.40059008116805,187.0219186862977,183.06140638753934,185.81480407714844,131296700.0
2025-10-27,189.5359184602369,191.54110896467577,187.9796341631504,191.03233337402344,153452700.0
2025-10-28,192.58859211843296,202.66444286407344,191.45131745385083,200.5495147705078,297986200.0
2025-10-29,207.48290651547202,211.68285096872194,204.29055782184227,206.54515075683594,308829600.0
2025-10-30,204.6596525726598,205.66724825327245,200.92860151360617,202.40505981445312,178864400.0
2025-10-31,205.95656932325562,207.4729406961805,201.5870481318289,202.00604248046875,179802200.0
2025-11-03,207.58267267525224,210.83487551397138,205.06869143040765,206.3855438232422,180267300.0
2025-11-04,202.51481474882632,203.4824975937368,197.4569251230167,198.21511840820312,188919300.0
2025-11-05,198.29492759193732,202.43500266122365,194.18476438007542,194.74343872070312,171350300.0
2025-11-06,195.95054108781363,197.1476699621838,185.9345440647224,187.63047790527344,223029800.0
2025-11-07,184.45806985353664,187.86990920765928,178.4823961188316,187.70030212402344,264942300.0
2025-11-10,194.64366391254433,199.46212145013763,193.32681156682352,198.57424926757812,198897100.0
2025-11-11,194.69356897568184,194.9529420926121,190.84279381183833,192.69834899902344,176483300.0
2025-11-12,195.25223189760408,195.42182377221093,190.67320561625652,193.33682250976562,154935300.0
2025-11-13,190.59337913278358,190.9824463944715,183.41059072037282,186.41339111328125,207423100.0
2025-11-14,182.42294356130517,190.55345800755302,180.14839424900484,189.71546936035156,186591900.0
2025-11-17,185.52550787171305,188.54826454585316,183.8794576828592,186.1540069580078,173628900.0
2025-11-18,182.94172058465782,184.3583249108488,179.22062444838815,180.92654418945312,213598900.0
2025-11-19,184.3483273978252,187.41099710874653,182.39302051116815,186.07420349121094,247246400.0
2025-11-20,195.4816571057099,195.53154064523628,179.42014682895694,180.208251953125,343504800.0
2025-11-21,180.80684437220376,184.11890170224913,172.5166923711864,178.45248413085938,346926200.0
2025-11-24,179.06102433247585,183.06143495137792,176.05820849098825,182.11370849609375,256618300.0
2025-11-25,174.49194072660026,177.73417270583553,169.14475137656873,177.39498901367188,320600300.0
2025-11-26,181.19591394362146,182.47285355946883,177.81401656343922,179.8291778564453,183852000.0
2025-11-28,178.5821404669205,178.86147001761242,176.07814512953246,176.5769500732422,121332800.0
2025-12-01,174.3423041351479,179.8690716163194,173.2648835948944,179.48997497558594,188131000.0
2025-12-02,181.32557695606172,185.2162648499111,179.56978894419797,181.02630615234375,182632200.0
2025-12-03,180.6472109015755,182.01393165685582,178.68191808959097,179.1607666015625,165138000.0
2025-12-04,181.1960032737075,184.08924235816875,179.53989011299373,182.951904296875,167364900.0
2025-12-05,183.46070200471706,184.22890867632069,180.48766317737477,181.98416137695312,143971100.0
2025-12-08,182.21361127014939,187.5610985176648,181.97416608957425,185.1168212890625,204378100.0
2025-12-09,185.12681175320978,185.28644189022677,182.89205072764324,184.53819274902344,144719700.0
2025-12-10,184.53817644999398,185.04698034073257,181.61500881382975,183.3509521484375,162785400.0
2025-12-11,179.85912243695617,180.89670300875093,176.20766331092784,180.50759887695312,182136600.0
2025-12-12,180.68718311570447,182.39319766595756,174.21232912082112,174.6114044189453,204274900.0
2025-12-15,177.52459033283526,178.0034654802094,174.6213802569945,175.87843322753906,164775600.0
2025-12-16,175.8485164107673,178.07332144734244,174.4916907151964,177.30511474609375,148588100.0
2025-12-17,175.68889685369163,175.71882560019336,169.91240520818417,170.5409393310547,222775500.0
2025-12-18,174.1225483861358,175.7387615308714,171.41888356310693,173.73345947265625,176096000.0
2025-12-19,176.2575523358494,181.0263919449467,175.92832091222974,180.56747436523438,324925900.0
2025-12-22,183.49061294732294,183.73005811636295,181.92428623312026,183.2611541748047,129064400.0
2025-12-23,182.54285710968043,188.88801027625055,182.47301321780614,188.76829528808594,174873600.0
2025-12-24,187.50124372172942,188.4689804086018,186.154389299292,188.169677734375,65528500.0
2025-12-26,189.4766133088049,192.24015076382284,187.56109754364968,190.08518981933594,139740300.0
2025-12-29,187.2717899684254,188.31932652162573,185.47598909796272,187.7805938720703,120006100.0
2025-12-30,187.8005508490403,188.5487999407664,186.49359631469858,187.1021728515625,97687300.0
2025-12-31,189.12746144975497,190.11514057964584,186.0546497967401,186.0646209716797,120100500.0
2026-01-02,189.3967976648124,192.47958012626398,187.82048449119816,188.40911865234375,148240500.0
2026-01-05,191.31233377676458,193.1779786425506,185.7154296257417,187.6808319091797,183529700.0
2026-01-06,190.07522846701318,191.72137039337454,186.3838692947835,186.80288696289062,176862600.0
2026-01-07,188.1297701943655,190.92322111221242,186.12445301449551,188.6685028076172,153543200.0
2026-01-08,188.66852284990722,189.10749810453436,183.28113525242415,184.60801696777344,172457000.0
2026-01-09,184.64792389684447,185.9049768874807,183.2412119543349,184.42843627929688,131327500.0
2026-01-12,182.79226917353867,186.6831584288149,182.59273912358015,184.5082550048828,137968500.0
2026-01-13,184.5681140987238,187.6708543554723,182.97184323887342,185.376220703125,160128900.0
2026-01-14,183.88970125566945,184.02937380837906,180.37791464347094,182.7124481201172,159586100.0
2026-01-15,186.06460797964908,189.25713440169068,185.895006678512,186.6133270263672,206188600.0
2026-01-16,188.63857958929228,189.99540517049002,185.6455833269296,185.79522705078125,187967200.0
2026-01-20,181.47532662721457,181.95421697054311,177.19534884297914,177.65428161621094,223345300.0
2026-01-21,178.6320081827799,184.94723253133864,177.9835164834521,182.8920440673828,200381000.0
2026-01-22,184.31869154642928,185.7353746560278,183.5005985718231,184.40847778320312,139636600.0
2026-01-23,187.06227125943187,189.15737478680413,186.38386606278428,187.23187255859375,142748100.0
2026-01-26,186.7230748442759,188.6784906596197,185.55580805974404,186.03468322753906,124799600.0
2026-01-27,186.80288446054914,189.55643562401056,185.2664711415707,188.07989501953125,143711600.0
2026-01-28,190.82347487286611,191.9009553855833,189.3968053634026,191.07289123535156,148552700.0
2026-01-29,190.8932954336949,193.02829879699948,185.625623299501,192.06056213378906,171764400.0
2026-01-30,190.7636071727618,194.03594845559672,189.0276639024229,190.6837921142578,179489500.0
2026-02-02,186.7629812920276,189.8557504766133,184.4484052141589,185.17669677734375,165794100.0
2026-02-03,185.8052108647954,185.8351396091497,175.81857039871747,179.91897583007812,204019600.0
2026-02-04,179.04104143486663,179.16075641282603,171.50866453387607,173.78334045410156,207014100.0
2026-02-05,174.5215964583249,176.40719862825284,170.6307075914073,171.47872924804688,206312900.0
2026-02-06,176.277498975506,186.56342663955238,174.1923819783884,184.97714233398438,231346200.0
2026-02-09,183.8298238555102,193.20788788877485,183.5205500126207,189.59632873535156,196387400.0
2026-02-10,190.93321971968697,192.0306425866914,187.6808205923615,188.09983825683594,136764800.0
2026-02-11,192.0007297023972,192.80883635229745,188.32932783046314,189.60633850097656,144192700.0
2026-02-12,192.5793648877844,193.1580126884611,186.07458174632154,186.5035858154297,189932500.0
2026-02-13,187.04232046551596,187.0622780376601,181.16607138035295,182.3832244873047,161888000.0
2026-02-17,181.32570855160378,186.71309627900055,178.7617008539599,184.53819274902344,162276900.0
2026-02-18,188.3093443160685,189.92555739322245,186.3239846890322,187.5411376953125,164749100.0
2026-02-19,186.62329889395997,187.9900957055448,185.22657333636724,187.46133422851562,126554500.0
2026-02-20,186.13444888465776,189.88566546751952,185.5059147845697,189.37686157226562,178422300.0
2026-02-23,190.9531700210539,193.49722008283115,189.13742673270812,191.1028289794922,171584800.0
2026-02-24,191.04296985904048,193.31764595479845,186.96250644177093,192.39979553222656,175123600.0
2026-02-25,193.9960453222018,197.16862939564908,193.33758246616242,195.10345458984375,250637100.0
2026-02-26,193.81648130196652,193.83642365132246,183.8897126034445,184.4583740234375,360807900.0
2026-02-27,180.82687141264745,182.16373952566906,175.96824531148394,176.77635192871094,311636500.0
2026-03-02,174.6014235260267,183.03170868955394,174.23229218389588,182.05398559570312,209095300.0
2026-03-03,178.07331350693755,180.4776756968921,176.50697142699124,179.62966918945312,178099400.0
2026-03-04,180.01876499488523,184.26881453838726,179.63964723402094,182.61268615722656,177731200.0
2026-03-05,180.74705501791135,183.6303076754259,177.4647422536165,182.9119873046875,198779700.0
2026-03-06,179.42013451476103,182.33331553635475,176.40719609116329,177.4048614501953,189021900.0
2026-03-09,176.4171820751478,182.48298979408452,175.1501427003192,182.2235870361328,177213600.0
2026-03-10,181.97417604353973,186.00475307627937,181.5850871183009,184.33865356445312,179118500.0
2026-03-11,185.4860219488843,187.1921136401388,184.02934488988058,185.60574340820312,145280400.0
2026-03-12,183.63026415055788,184.5182338343672,181.3355064165816,182.7223358154297,155762700.0
2026-03-13,184.49829181300376,185.66562182453413,179.52965286608148,179.8389434814453,160988400.0
2026-03-16,182.55272468439094,188.44925014875608,180.99628481489137,182.80215454101562,217307400.0
2026-03-17,184.63797319169822,184.9771941770484,181.2656763194747,181.51510620117188,182497800.0
2026-03-18,182.06384475172882,182.96180140975886,179.91875397930713,179.98858642578125,156683100.0
2026-03-19,177.6040222894031,179.56953069628346,175.3890840362079,178.15277099609375,170968500.0
2026-03-20,177.59406866914642,177.85347025510498,171.32839150930033,172.30615234375,241323500.0
2026-03-23,176.85574153065542,177.96321071223454,174.36144294367455,175.23944091796875,182836300.0
2026-03-24,174.4312942297872,175.81812366395545,173.58322660302642,174.80044555664062,147667800.0
2026-03-25,176.69612335614488,180.8067226806179,176.44669348987364,178.2725067138672,162602100.0
2026-03-26,175.66847416549638,176.10745794358192,170.74970926821888,170.8494873046875,186152200.0
2026-03-27,169.61230999497113,170.58009909933227,166.629123297364,167.13796997070312,196212700.0
2026-03-30,168.3950875250076,169.0635577295173,163.89537828689438,164.79331970214844,185627000.0
2026-03-31,166.58921042239905,174.22175778800025,166.57923870897636,174.00225830078125,226181300.0
2026-04-01,175.5986119754623,176.9654826629128,174.35146274268203,175.34918212890625,168132000.0
2026-04-02,171.78733317216196,177.0852364118599,170.97918282725632,176.98545837402344,143143200.0
2026-04-06,176.75597747742694,177.3845303646084,175.35916114415525,177.23487854003906,107564300.0
2026-04-07,175.32922705160684,177.8235255680002,173.26395579650787,177.69383239746094,132534900.0
2026-04-08,184.079243714486,184.83750503722598,179.8888249511496,181.66476440429688,147732700.0
2026-04-09,181.42531387192042,183.66021107746678,180.2080948395415,183.4906005859375,116428500.0
2026-04-10,183.88967366981893,189.56669990817062,183.87970195572368,188.1998291015625,160459500.0
2026-04-13,185.605746824658,189.2274732756209,185.3164148846483,188.87826538085938,133648200.0
2026-04-14,190.40477641072036,196.0618438720703,190.33494396561244,196.0618438720703,161307000.0
2026-04-15,196.09178511161633,199.94298301571828,195.2936216855987,198.41647338867188,185338400.0
2026-04-16,196.97974400923295,199.39423847906178,195.36344336942167,197.8976593017578,134012900.0
2026-04-17,199.44410763257105,201.2400056483541,198.8155547450397,201.2200469970703,160324400.0
2026-04-20,199.52392392325544,201.70893187328167,197.38880498867078,201.59918212890625,119381400.0
2026-04-21,201.66904795828867,202.28762917830338,198.54618104306965,199.42417907714844,107945300.0
2026-04-22,200.53164182940822,202.03819274902344,198.54617460274403,202.03819274902344,107501000.0
2026-04-23,201.99828375930824,203.3651545152774,196.77022843278436,199.18470764160156,113561800.0
2026-04-24,199.50398270942756,210.46890943516505,199.35431566144254,207.79502868652344,214134400.0
2026-04-27,209.17187844164343,216.33551207209098,206.90706623150768,216.1160125732422,187172400.0
2026-04-28,209.01225288404052,214.2402930542568,207.72518626919629,212.68385314941406,180275400.0
2026-04-29,212.2149257168926,212.23488436877426,207.10660696252424,208.77279663085938,123711800.0
2026-04-30,209.45122654333912,209.82039307402036,198.24684193288383,199.1148681640625,225239200.0
2026-05-01,200.82098460367052,202.5370634031337,196.6704677294345,197.9974365234375,128647000.0
2026-05-04,199.04502180842945,201.2699318245734,194.29588290907526,198.02734375,125368100.0
2026-05-05,198.84548202478717,199.7833407086998,195.58293528206713,196.05186462402344,113406600.0
2026-05-06,199.43413852494058,207.7950323152332,198.15705885791613,207.3560333251953,188362800.0
2026-05-07,207.86487247229027,213.7115092245668,206.02907228582575,211.01766967773438,168307900.0
2026-05-08,212.5441790763045,217.30330524675068,212.40449895841255,214.709228515625,136421400.0
2026-05-11,213.55186573785767,221.79303819063418,213.40221390900197,218.93955993652344,160685800.0
2026-05-12,218.05159434962442,223.23973257586303,214.42986778297353,220.27650451660156,159176600.0
2026-05-13,224.41703053540263,227.32039781394542,221.0647077692387,225.3149871826172,150405400.0
2026-05-14,229.32582552778115,236.00055597235212,228.77707677625682,235.202392578125,180782900.0
2026-05-15,229.23601388526635,230.97205119780003,223.72861351776262,224.80615234375,180977600.0
2026-05-18,229.34577348371204,229.4754818886306,217.8719993892805,221.81300354003906,146280900.0
2026-05-19,219.11914008419038,223.96805720569674,217.41304835521052,220.1068878173828,140948200.0
2026-05-20,222.6710257508039,225.61431038954527,219.9971448577806,222.9603729248047,184201600.0
2026-05-21,221.78305837384474,226.8814055684356,217.43300079554024,219.0093994140625,203381800.0
2026-05-22,220.39621757095847,220.50596731800164,214.3101381389001,214.83892822265625,169275700.0
2026-05-26,216.04617181279934,217.68243116855118,211.5165320236786,214.37001037597656,187202600.0
2026-05-27,213.63168066177133,213.66161102691768,208.30386252985457,212.1151580810547,167601200.0
2026-05-28,210.79817024571656,215.0285063161196,210.73830951283205,213.7613983154297,143996000.0
2026-05-29,214.09065053210412,217.36316924965476,210.64852132770383,210.6584930419922,289410600.0
2026-06-01,215.23801892090273,224.35717434911126,215.20808855445495,223.8483428955078,212850700.0
2026-06-02,226.66188583823322,231.75026086454594,220.84519513709748,222.3118438720703,193362900.0
2026-06-03,221.2143597561905,222.31185725112735,214.02079575535723,214.26025390625,160907000.0
2026-06-04,213.67091279390368,221.35231998810906,210.73419644348996,218.4156036376953,169022200.0
2026-06-05,214.2902104723603,214.62982678346356,204.10161444712602,204.87075805664062,219655500.0
2026-06-08,209.94507132882276,210.23475572682116,205.76975069388217,208.40679931640625,138372800.0
2026-06-09,210.3845825512031,211.16370951624515,199.11719156565087,207.95730590820312,180962500.0
2026-06-10,204.20149632565034,206.98838641050182,199.696542748819,200.19598388671875,161746600.0
2026-06-11,201.26479475008583,205.43013200106668,199.31696212361035,204.64100646972656,158643200.0
2026-06-12,204.6310298517525,206.83856645475237,203.21261880599855,204.96066284179688,112001800.0
2026-06-15,208.68648640498938,212.47225882321928,208.10713284720606,212.21253967285156,149936700.0
2026-06-16,210.94395209283806,211.25361840198772,207.05830064217733,207.1781768798828,125694100.0
2026-06-17,208.29691745433288,208.9761653200819,202.8530121596522,204.42124938964844,128363500.0
2026-06-18,207.09826842291386,211.1537281092123,206.26919428756833,210.4545135498047,241272000.0
2026-06-22,211.2036686200953,213.7508214450341,207.48782537372824,208.41677856445312,122041400.0
2026-06-23,201.94403040148535,203.54224815949766,199.77645766483005,199.81640625,153496200.0
2026-06-24,199.89631590195674,201.44458647582786,196.36027935647695,198.77757263183594,151810700.0
2026-06-25,199.85637045714446,200.5755669254449,191.9152592982058,195.52122497558594,149550000.0
2026-06-26,192.90414096411192,195.33143282930595,191.0062707295152,192.31480407714844,179304100.0
2026-06-29,193.63333194293918,195.96071419295149,189.58785574691487,194.7520751953125,148835700.0
2026-06-30,197.0195429632178,200.4057532237791,194.89191886651452,199.86634826660156,166476700.0
2026-07-01,195.98069896251877,199.62662840490702,193.23377271109229,197.35916137695312,146147600.0
2026-07-02,196.9196593659626,199.8363939026278,192.1350197738411,194.61224365234375,142068700.0
2026-07-06,194.20269428466304,197.32920075051607,193.77318221313826,195.33143615722656,108999000.0
2026-07-07,192.15498377986222,198.18824142626735,190.92636281467173,196.7098846435547,124154600.0
2026-07-08,194.9618356993413,204.93069180759116,194.84197470333905,203.891845703125,147419100.0
2026-07-09,204.23147485952867,204.36131918975943,198.73762239526957,202.5533447265625,132037400.0
2026-07-10,201.7742207048944,210.7641612313501,201.69430829342895,210.72421264648438,148421000.0
2026-07-13,208.3069001369788,210.33464515051216,202.77309911383117,203.30250549316406,121411000.0
2026-07-14,207.96729575339148,212.31243993744155,203.57221964678251,211.5632781982422,124379600.0
2026-07-15,211.7230919717581,213.57101502024952,205.80969553973085,212.26248168945312,124797200.0
2026-07-16,209.93509060438328,210.84407715298516,205.61992700554663,207.16818237304688,122986100.0
2026-07-17,202.41350482950477,206.41901728963356,197.74872640584337,202.58331298828125,144281900.0
2026-07-20,205.63989694335598,207.50781723343968,202.05391309694542,203.05279541015625,88701500.0
2026-07-21,207.30802440628602,208.4167843613107,203.78197113093626,207.0583038330078,108685600.0
2026-07-22,205.57996827489498,214.15038042761168,204.72092886821054,211.82298278808594,137645600.0
2026-07-23,209.22588688656515,210.63429930291466,205.72979894313582,208.5266571044922,110505300.0
2026-07-24,207.21812923496972,211.6731509810223,204.5810805834776,206.6088104248047,114836800.0
2026-07-27,207.96729627325774,208.51668459839084,195.22156333884286,196.2903594970703,154353700.0
2026-07-28,194.78204700134697,198.47790843456414,192.52457850774027,196.789794921875,134111500.0
2026-07-29,195.63110696844683,196.84974460884015,189.79762268066406,189.79762268066406,147680800.0
2026-07-30,193.23377181769484,197.02952748682713,191.3059363552755,194.82199096679688,129010200.0
2026-07-31,198.2182038580375,201.77422236802423,194.73209918257555,200.52561950683594,139961200.0
2026-08-03,197.46904862701152,208.50670133078404,196.62999113475112,206.40904235839844,128406900.0
2026-08-04,211.06382570110384,212.82185300096492,208.8163406042335,211.70310974121094,134922000.0
2026-08-05,216.6176127852948,221.9716224388697,216.15812022814887,218.9749755859375,158187400.0
2026-08-06,221.28239358061882,223.38005249670454,216.75745800384053,218.7452392578125,113940600.0
2026-08-07,221.29237770419127,224.50877992471257,220.41337164588714,223.70968627929688,105669400.0
2026-08-10,223.15029107269072,223.88946943306019,216.5277120448001,217.3068389892578,115846600.0
2026-08-11,221.92167541427946,221.9516406634887,215.95834695389817,217.25689697265625,101273100.0
2026-08-12,220.7929293559802,224.84840415873398,219.95387191061064,223.8395233154297,108783600.0
2026-08-13,224.80845001468583,226.97602279610956,223.45996804263754,225.04818725585938,98867200.0
2026-08-14,226.51654155338588,227.23573802273873,224.24907448357243,224.90834045410156,75680900.0
2026-08-17,225.72741618855906,227.66525027466162,224.60867289832842,224.7584991455078,93678700.0
2026-08-18,220.20359791537197,221.39227027986857,218.44557057093272,219.49440002441406,103128200.0
2026-08-19,221.4222404106533,222.62089613745684,216.51772459764655,217.31683349609375,96797300.0
2026-08-20,218.1159423024499,219.6142657707553,215.41896310784705,216.60763549804688,92457000.0
2026-08-21,218.17587248780362,218.49552214328025,214.26025565862156,214.48001098632812,98869300.0
2026-08-24,215.28910206110334,215.34903256074918,207.01835779182306,208.24697875976562,135187300.0
2026-08-25,210.79412790131315,214.48998931653267,209.87515802586688,212.81187438964844,122309000.0
2026-08-26,212.40232405945306,213.3612577394914,208.99613188036045,209.4256591796875,179900000.0
2026-08-27,222.61090164325523,230.21239627098788,220.6530857022795,227.7251739501953,298909800.0
2026-08-28,227.10587153371227,229.00374173344596,216.56766062888835,217.3068389892578,195116400.0
2026-08-31,218.62536478578363,221.05265670783686,215.96834944345454,220.53323364257812,124702700.0
2026-09-01,216.50774446342592,220.1636574397174,214.8595947199138,217.1969757080078,109756200.0
2026-09-02,218.5454508199983,227.6952163087265,218.23579974693772,224.1591796875,157104700.0
2026-09-03,225.76737972053164,230.14247379152744,224.49879494304554,228.1946563720703,134681600.0
2026-09-04,230.83170360414334,234.49759976142684,229.37334400327853,230.10252380371094,135352400.0
2026-09-08,232.84944771666764,233.44878317831424,224.59868561283858,225.47769165039062,122965600.0
2026-09-09,225.0281992525124,225.92718720955042,223.21024142511232,223.4199981689453,82955500.0
2026-09-10,220.52999877929688,220.99000549316406,217.1999969482422,218.36000061035156,105768000.0
2026-09-11,221.24000549316406,222.0,218.14999389648438,218.2899932861328,89060100.0
2026-09-14,211.24000549316406,212.77000427246094,208.92999267578125,210.9600067138672,132267200.0
2026-09-15,213.3800048828125,213.94000244140625,211.16000366210938,212.1699981689453,88059700.0
2026-09-16,214.13999938964844,216.75999450683594,212.5,213.89999389648438,96563600.0
2026-09-17,218.3800048828125,219.91000366210938,217.14999389648438,219.33999633789062,94191300.0
2026-09-18,219.35000610351562,222.72999572753906,218.02999877929688,222.27000427246094,189683500.0
