date,log_return_5d,log_return_21d,realized_vol_21d,sma50_dist,sma200_dist,ema_ratio,high_vol_flag
2010-10-18,0.013876657170150169,0.050189987603275865,0.1273509676306632,0.059992635947290415,0.06244528067008369,1.0154023082611496,0.0
2010-10-19,-0.0023961551964571445,0.021824836582110787,0.12936396208954903,0.04528878496824006,0.048287430819328,1.0143243926283843,0.0
2010-10-20,-0.00042414017229941946,0.03355885305307122,0.13222718857946922,0.054347435806611874,0.05824745304905015,1.0140959630509783,0.0
2010-10-21,0.0056880090694777195,0.040688010976082885,0.13008431729663153,0.054897091986776815,0.060295296440720896,1.0139309764705122,0.0
2010-10-22,0.005507590831740015,0.05069340321673437,0.12482443922861079,0.05492146699208084,0.06199506682904986,1.0137898299752468,0.0
2010-10-25,0.0035449246187989015,0.033233290715061446,0.10639520333776428,0.05597661276354914,0.06486115155570166,1.0137570310118817,0.0
2010-10-26,0.016904421548130943,0.03820336932759254,0.10400379029106713,0.05408482521968281,0.0647729134952205,1.0135846867129212,0.0
2010-10-27,0.004317658537214809,0.031841223144844874,0.1050428185035172,0.049319316159527546,0.061422476566710536,1.0130616011012592,0.0
2010-10-28,0.0022830552026965358,0.033756442835233706,0.10450144175493256,0.04778872074258923,0.061345123771305514,1.0125151059578972,0.0
2010-10-29,0.0011821395848139163,0.03749039142446296,0.10323154769584915,0.04651351601951281,0.06190530659251227,1.0120040951779168,0.0
2010-11-01,-0.0014331867717960254,0.03363115613725454,0.10296091786946426,0.04473117134289695,0.061954877442512976,1.0114929072208634,0.0
2010-11-02,0.006297930774872093,0.04906235488257461,0.0995334918194194,0.050624005530595186,0.07008810996511429,1.011595419462413,0.0
2010-11-03,0.013175353235204905,0.0331402102091609,0.07674144673321111,0.05207248452537562,0.07401833514880563,1.0118640083426547,0.0
2010-11-04,0.03208150915592268,0.052301377993037246,0.09742436364570711,0.06916688352487202,0.09410765078478234,1.0134861984350172,0.0
2010-11-05,0.03507669117570155,0.05726401826759767,0.09656370603096281,0.06981173040836768,0.09748470744406866,1.0148968300759944,0.0
2010-11-08,0.03286317864922903,0.0497945832729487,0.09723414859475533,0.06479935347669079,0.09472939056555721,1.0156660149539716,0.0
2010-11-09,0.017753544642546373,0.041641667624141586,0.10269148309612376,0.05405998524308769,0.08619307632929356,1.0154972805991749,0.0
2010-11-10,0.017765389692338502,0.042580892361454806,0.10286951835119078,0.05513344754188304,0.08989704115119349,1.0155092144398632,0.0
2010-11-11,-0.005084334448737654,0.031059673894544754,0.10254064644057441,0.04866481535065787,0.08508380961713015,1.0150331293833408,0.0
2010-11-12,-0.020748176936018242,0.023059383234162935,0.11121519245571959,0.03423311770885497,0.07155376063618647,1.0135347077342982,0.0
2010-11-15,-0.020287403395391392,0.019603039853834315,0.1114900589880756,0.031044040121526315,0.06944215637856668,1.0120943185120002,0.0
2010-11-16,-0.028779669855418695,-0.0010146594014272762,0.12434697560877199,0.013395880497330892,0.052343073506620576,1.0095879988345045,0.0
2010-11-17,-0.03229310565563403,0.012683941902277925,0.11479160707370037,0.012452093951960697,0.052411758455057494,1.0075535142591543,0.0
2010-11-18,-0.013907751111853394,0.017576062954990777,0.12078068706452019,0.025661500997085966,0.0671877001274966,1.0070317311393933,0.0
2010-11-19,0.0007487668405902672,0.01812014100527548,0.12087292561796627,0.026832357841945133,0.06940413532044151,1.0067623281795597,0.0
2010-11-22,0.001331899143004755,0.015427348165099055,0.12095273797165328,0.02456666677984289,0.06776511890238152,1.0064072934979897,0.0
2010-11-23,0.0024510443124931246,-0.0021085397077330523,0.13167919308756088,0.008633271744449859,0.05171162872898181,1.004897784520037,0.0
2010-11-24,0.01660966251252361,0.01238918286667059,0.14127951305373498,0.022190924402935717,0.06655409240895212,1.004825171315843,0.0
2010-11-26,-0.009716385127732348,0.0035420192900436215,0.14720781850810874,0.009195249416480353,0.05356203927162333,1.0037803235361973,0.0
2010-11-29,-0.009438917138544353,0.00639816866403459,0.14754001303413058,0.011107016637453955,0.056161938502053164,1.003158516761036,0.0
2010-11-30,-0.014245208580284916,2.211772431870429e-16,0.14894935994148387,0.0046923159440978605,0.049744645755069435,1.0021879190881213,0.0
2010-12-01,0.021382464455429576,0.02070711151949255,0.16585372247193123,0.024837984282870516,0.07148624927718704,1.003084881848817,0.0
2010-12-02,0.01944400147066668,0.02553525356246518,0.16919920181122236,0.03636091298373154,0.08457668068345565,1.0047812340196975,0.0
2010-12-03,0.033847991874455245,0.024214657929293965,0.16898620636495534,0.03732839254511063,0.08685632643986588,1.0062678702847396,0.0
2010-12-06,0.029764393582266714,0.00408105309037863,0.15597315346956153,0.03484384370643038,0.08507475330436454,1.007269011098059,0.0
2010-12-07,0.03597289171597975,0.000896200540278419,0.15544636471108653,0.03394184906260103,0.08499502358164097,1.008012133761062,0.0
2010-12-08,0.018585114714970243,0.006429047585233758,0.15576715757603166,0.03622772523067575,0.08829598531536557,1.00879495179795,0.0
2010-12-09,0.009743291800921209,0.017525000720840015,0.15375053220551896,0.03864029228211705,0.09182736993113141,1.0096181671823314,0.0
2010-12-10,0.01285511809862741,0.019304386335582874,0.15433765160817828,0.042870776384842345,0.09743826097618236,1.010618719408223,0.0
2010-12-13,0.014556315615055666,0.023721703154171953,0.15340065589930646,0.041804389096492915,0.09745461553263733,1.0113269864677346,0.0
2010-12-14,0.014868905830272753,0.03651328330656941,0.14591893686881185,0.0408231861429568,0.097744274557942,1.011818645158693,0.0
2010-12-15,0.00662949098854782,0.033345941969172975,0.1471885124346158,0.03467201442562729,0.09208186896429996,1.0116948697039105,0.0
2010-12-16,0.008528539078149771,0.05483320965440849,0.13357647807308962,0.0391519341897339,0.09775297983360834,1.01192857074622,0.0
2010-12-17,0.003798202409076303,0.055395694400293204,0.1334790523366714,0.038697086161400086,0.09833368474682733,1.012058389258016,0.0
2010-12-20,0.005566341189144886,0.04319579545517023,0.12618160336819773,0.03969780729718481,0.10037566412343409,1.0122138162576433,0.0
2010-12-21,0.011003878266392165,0.046768394732371314,0.12703205797814332,0.04465965872811745,0.10671053128340517,1.0127036235111975,0.0
2010-12-22,0.018692044056471055,0.05070608688263927,0.12656875963665762,0.046273371623207785,0.10951521576681415,1.0131886284540979,0.0
2010-12-23,0.011474507331733611,0.06385667267364897,0.1116332801170658,0.04333558199501438,0.1073227669029089,1.0132969203795708,0.0
2010-12-27,0.010802667395913804,0.049588699283683396,0.10356106112849763,0.04222676598880682,0.10715815222476698,1.0132585151594702,0.0
2010-12-28,0.009823351121689352,0.06273553170459194,0.09019627558652916,0.042207724727417295,0.10813087603438858,1.0131894887569415,0.0
2010-12-29,0.004217738638071106,0.06042505050898677,0.09053856397905319,0.0415278895979937,0.10834957836595185,1.0130396240460697,0.0
2010-12-30,-0.00047725256258177376,0.06447404290034242,0.08674711926207439,0.0382249050657292,0.10606004932728355,1.0126432287938387,0.0
2010-12-31,0.0011938037675223944,0.04366801198574179,0.05740672999013637,0.037017370677843005,0.1057907157755133,1.01220611726474,0.0
2011-01-03,0.011080393550375479,0.0412250913633922,0.052073140181571595,0.04609243172417339,0.11659181923164806,1.0125516061898885,0.0
2011-01-04,0.009097605494958807,0.03798514532509549,0.05270991640660228,0.04392594761628702,0.11538029735116469,1.0126302294468403,0.0
2011-01-05,0.013567233914789614,0.044227890841509666,0.05286704652629682,0.047704952179176224,0.12058636382436598,1.012963100787313,0.0
2011-01-06,0.013195826396246937,0.04169697758060961,0.05449543670281864,0.04406017018873735,0.1177864184086335,1.0129132619329915,0.0
2011-01-07,0.01099321276653597,0.03607611003730752,0.05578664670320694,0.040412097248199066,0.11499327892961878,1.0125661372090435,0.0
2011-01-10,-0.0005512361288976372,0.03093056343357335,0.05611356553732618,0.03754038903448475,0.11299570987527366,1.0120481772041896,0.0
2011-01-11,0.0035376266077978215,0.0286676538342659,0.05443707921845984,0.03959320613088947,0.11635808542684052,1.0117878956498005,0.0
2011-01-12,0.007337317217037511,0.03700889244349151,0.06038595417345532,0.04715190390451591,0.12579320019871112,1.0121719525637447,0.0
2011-01-13,0.007663649694023944,0.034491721444360794,0.061467820132334906,0.04382238078973319,0.12330798489629967,1.0121977825915849,0.0
2011-01-14,0.016846283812628295,0.04629290286138799,0.059985443908754044,0.04968138502874766,0.13078843702815496,1.0126589673300623,0.0
2011-01-18,0.01980570033648102,0.0422077246919046,0.05856534908797986,0.0501203853728366,0.13209021945749683,1.0130083346358283,0.0
2011-01-19,0.006414138424219725,0.03128358984940932,0.07155855593315191,0.038783739685158025,0.1204497869092458,1.0123365003591769,0.0
2011-01-20,-0.0038962654173345197,0.027546285837012106,0.07212128708759058,0.03636072027473856,0.11840173171948995,1.0115626679862701,0.0
2011-01-21,-1.5178830414797062e-16,0.023487843177968478,0.06990633021718218,0.03746566106295913,0.12037623403565478,1.0110052116058446,0.0
2011-01-24,-0.00154818090530341,0.02605267789961353,0.07137417400829557,0.04207861631965728,0.1261886005653847,1.0108973254804523,0.0
2011-01-25,-0.002705911338532061,0.02802730602163892,0.0707675785782564,0.041271003286638276,0.12624664564651591,1.0107302904710431,0.0
2011-01-26,0.011011318559621654,0.03149224101311717,0.07120651255958,0.04360234644562133,0.13003151017331516,1.0107861795094324,0.0
2011-01-27,0.014802623281139491,0.03252555799646224,0.07128399273409475,0.04439793287905424,0.1322951816502735,1.0109031194195173,0.0
2011-01-28,-0.005076415018377252,0.014193689521520118,0.09746517370579984,0.024484109500781705,0.11212114962998043,1.009460441643099,0.0
2011-01-31,-0.003258448122347651,0.02327148233984765,0.09985055768145056,0.030353446559057418,0.11993746045409473,1.0088187434352591,0.0
2011-02-01,0.012081299583802725,0.038914801837919254,0.11208884002408388,0.044939154977713565,0.1372351120986665,1.0094922798000667,0.0
2011-02-02,0.006303916878500734,0.026715764341242426,0.10843255333897023,0.04113869098618845,0.13449550904274987,1.0097530276531885,0.0
2011-02-03,0.006058909057957083,0.029486861559460523,0.10827019107981295,0.04158776693812444,0.1364261032335342,1.0100223688286052,0.0
2011-02-04,0.026501676086183357,0.02712813169291387,0.10753839311141107,0.04232350459857348,0.13904921957990354,1.0103441470102132,0.0
2011-02-07,0.025245871396702462,0.03532152734030317,0.10815965932584282,0.04677719472961672,0.14557302427456315,1.010978755952574,0.0
2011-02-08,0.013900230213595564,0.04182181928497884,0.10774191247111585,0.04914123225190418,0.15012923284787877,1.0117132220110068,0.0
2011-02-09,0.013548857998481663,0.04081585846862172,0.1081798368596843,0.04449671995713119,0.14675097315795405,1.011965973976598,0.0
2011-02-10,0.011706816280518227,0.03765605123218092,0.10814695039933694,0.0425122765847262,0.1464509701313282,1.0120543384423049,0.0
2011-02-11,0.01483403082375748,0.03462484529963383,0.10609778700530503,0.046636629251206506,0.15259239375565545,1.0124636927798756,0.0
2011-02-14,0.0110025079687571,0.03866038561503633,0.1054432332168538,0.04725694360681109,0.15454205742199237,1.0128317159105433,0.0
2011-02-15,0.0033131468152332393,0.028288682287583782,0.10489803884490805,0.0421992789655976,0.1501863444736269,1.0127147051464647,0.0
2011-02-16,0.01187445718743894,0.032884615319579646,0.10629174215946056,0.046856800250286795,0.15654459165769183,1.0129832862842252,0.0
2011-02-17,0.014480448175072201,0.045722360983033394,0.09788345865904179,0.04800764705753221,0.15903886892431898,1.013282460217945,0.0
2011-02-18,0.010610956515273572,0.04913206723224192,0.09705478552014153,0.04824648141160044,0.16028855129330732,1.0135291092214431,0.0
2011-02-22,-0.012063844764344434,0.026596540850692046,0.12473177213451614,0.025815033554569444,0.1359115151750164,1.0119410091557444,0.0
2011-02-23,-0.01507408317798533,0.014762780014901864,0.1261949431172296,0.018372351190665208,0.12812395134525129,1.01007290737998,0.0
2011-02-24,-0.022057215203873184,0.01353331145423852,0.1262865189883879,0.016563072272390275,0.12653107790008197,1.008440101335313,0.0
2011-02-25,-0.014404871045860579,0.020306171377551165,0.13056846988505497,0.026108649846201492,0.13776119052187819,1.0079105169557716,0.0
2011-02-28,-0.010310702474848709,0.024018741476253727,0.13173330221469942,0.0309163008372284,0.14388077743802474,1.0079000420124253,0.0
2011-03-01,-0.006850588444273239,0.024822367424796064,0.130312997390833,0.012667284890923612,0.12390252932562124,1.0064613555460062,0.0
2011-03-02,0.0014486813502637653,0.01946990948751328,0.12835358579087958,0.013749028341719798,0.12538828866150845,1.0054295731412541,0.0
2011-03-03,0.01921404258891873,0.020666054459354526,0.13016371365653598,0.029799131628887365,0.14365554942992365,1.0059252281732518,0.0
2011-03-04,0.001057101128109022,0.015059355627159456,0.13315139675986226,0.020967853667076725,0.13399784020757963,1.0056410425698012,0.0
2011-03-07,-0.013001901646685559,0.004957930771611085,0.13627628647697193,0.012071238889443598,0.123867387749284,1.0047261895412427,0.0
2011-03-08,0.012523501328183018,0.010844192666795722,0.13918012428311316,0.019830424317427323,0.13248428929503742,1.0046501600137387,0.0
2011-03-09,0.008953761809748391,0.0031777999005592086,0.137739081006983,0.01731439994696672,0.1295919926701803,1.004422674072187,0.0
2011-03-10,-0.026804015480326755,-0.020038191234567793,0.1512430027424764,-0.002142623636223118,0.10756472156869316,1.002713620142791,0.0
2011-03-11,-0.012380703030857119,-0.010870205402179329,0.15355821250305104,0.004010254327604058,0.11403493521967407,1.0018870037562362,0.0
2011-03-14,-0.010555492608674402,-0.017304378117581544,0.15469879949895782,-0.002714734742770037,0.10632043353147623,1.0007382693912996,0.0
2011-03-15,-0.030790341471984492,-0.03478017962894625,0.15688255064240553,-0.014565228199047753,0.0926762103223551,0.9989221468822882,0.0
2011-03-16,-0.048042715226320185,-0.055867423294518076,0.16670979993380394,-0.032679220383701184,0.07152413318894667,0.9960519460798231,0.0
2011-03-17,-0.016214906329278023,-0.03956624437907905,0.17543801336028472,-0.02000752527914062,0.08482135817990963,0.9948606449656636,0.0
2011-03-18,-0.019486803571119087,-0.042231466160737356,0.1741101437416176,-0.01654484177299748,0.0878768232640595,0.9942677929597065,0.0
2011-03-21,0.001948249977183316,-0.029836576315470435,0.1836248451284226,-0.0017495265391119516,0.10356165095333925,0.9950900129516255,0.0
2011-03-22,0.009996719973906686,-0.035394416170313144,0.18329754137941567,-0.005625131680264616,0.098525991904156,0.9955125211153081,0.0
2011-03-23,0.031540861630083426,-0.012262716900090216,0.17083163840408783,-0.0032742524579780423,0.10049581341484683,0.9961230186162066,0.0
2011-03-24,0.027910494577898556,0.0034183333768048304,0.1730012603496056,0.005635900788245252,0.10975247382097451,0.9974095966543136,0.0
2011-03-25,0.027330980879005505,0.007156729922141327,0.17325432549706601,0.00820138902290671,0.11199935350063338,0.9986919634180311,0.0
2011-03-28,0.009512287031267951,-0.005919418238341903,0.169340998492605,0.005255733612413584,0.1081896120616316,0.9995137944775826,0.0
2011-03-29,0.01968275515128877,-0.005400958544175666,0.16959950333286702,0.01152509664475661,0.11448056328304408,1.0007016989402127,0.0
2011-03-30,0.0237025015583921,0.018290373102575124,0.16004627818050562,0.017911029656850045,0.12108473583013092,1.0021784438973587,0.0
2011-03-31,0.012827843210125799,0.014797495236666864,0.16015576214516378,0.015768385518278645,0.11848741935191563,1.0031972288183109,0.0
2011-04-01,0.013991465064732683,0.0019341523979552796,0.14942524408730273,0.01918038372557916,0.12211375991991132,1.004296991533848,0.0
2011-04-04,0.017257574469696012,0.010281055103245087,0.14684223844654753,0.019173107491982356,0.12194507239339304,1.0051731015518868,0.0
2011-04-05,0.01041139392062583,0.018012337023135722,0.1436975331956652,0.01828814309575046,0.12066879966364737,1.0057855726334166,0.0
2011-04-06,0.006680948129782977,0.012447819904175084,0.14113540477846026,0.020710364187856045,0.12298710859532926,1.0064510329702425,0.0
2011-04-07,0.005490811620559302,0.011334545047477777,0.14138927957471772,0.017459504978428263,0.11892206135393532,1.0066911544390211,0.0
2011-04-08,-0.0021803557444090224,0.02655781213387301,0.1240919825288895,0.01341789213034387,0.11379786626030579,1.006524378857961,0.0
2011-04-11,-0.006021555838735749,0.01664020229536646,0.12316692245459136,0.009551857166166928,0.10922715699601585,1.0060778464590048,0.0
2011-04-12,-0.013373331878209136,0.015194497753600988,0.12427664013622687,0.0014955934164613976,0.09976111180860259,1.0050616858887522,0.0
2011-04-13,-0.016596595073224394,0.026641566302935182,0.11612227313940199,0.0012234223279306395,0.09835482570007212,1.0042017689533929,0.0
2011-04-14,-0.013289030023466458,0.0460882302503315,0.09079366202220027,0.0017357605268487454,0.0978206344163841,1.003540543506444,0.0
2011-04-15,-0.006191237595115345,0.03658148086803569,0.08187743000635757,0.005110653192789727,0.10041129610779258,1.0032722119566264,0.0
2011-04-18,-0.014447428298477514,0.021679577568008035,0.09305628511637751,-0.006151181914665758,0.08672512090683987,1.0021297097958664,0.0
2011-04-19,-0.0012172939482338217,0.01202895382818385,0.07929765668531553,-0.00042844096308802175,0.09160658125208271,1.001663849099672,0.0
2011-04-20,0.012397975170392369,0.02904282149942087,0.08959055786825176,0.01302691339517984,0.10517463201290109,1.0023632369865483,0.0
2011-04-21,0.016733330776179837,0.031280699396427906,0.09038665367427672,0.017879740763974247,0.10952152006403446,1.003293518688126,0.0
2011-04-25,0.01204533679958021,0.020716323089717343,0.08585882326625015,0.016522229210829714,0.10710850510638281,1.0038983254998406,0.0
2011-04-26,0.031884890223866036,0.026233486912868566,0.08957709778035532,0.02491778174317606,0.11532510317325902,1.0050176995069369,0.0
2011-04-27,0.032664058652811113,0.035180725449727016,0.09029333468176852,0.031167151944642615,0.12132446291397288,1.0063610548279993,0.0
2011-04-28,0.02236253557372206,0.03172260192185416,0.08865026052514118,0.03393360186052484,0.12365685630974935,1.007598138732292,0.0
2011-04-29,0.019615171209999685,0.027193369048035487,0.08655893277196386,0.03586751512992054,0.12498127402575317,1.008665355139749,0.0
2011-05-02,0.01912108853304364,0.02700956841263518,0.08663219349128043,0.03387232322868494,0.12180909262901536,1.0092723106167936,0.0
2011-05-03,0.006949508174965758,0.01919153002310164,0.08753072248671682,0.02987510473383696,0.11639375269585732,1.0093479087022015,0.0
2011-05-04,-0.00621045625118214,0.011712694728848857,0.09137485533919365,0.022492392688139337,0.10771777845528495,1.0087655636889392,0.0
2011-05-05,-0.01853805114224806,0.0027731568589802642,0.09730288010304664,0.012755345168328021,0.09642768929849872,1.007485748566171,0.0
2011-05-06,-0.016480488066883275,0.004031932851369236,0.09789030334139423,0.016636200604744255,0.10007942131009741,1.0067481071644797,0.0
2011-05-09,-0.011072290888310705,0.010446465903765172,0.0981504433682925,0.020117773087764534,0.103169088616493,1.006402019359134,0.0
2011-05-10,0.0010307457067854848,0.022402631474296143,0.10078502872562065,0.02831218469875857,0.11140431188566495,1.006739429312975,0.0
2011-05-11,-0.0028969696129265646,0.014837280954658043,0.10780831669316178,0.016862122388680255,0.09860443364814271,1.0060785100605463,0.0
2011-05-12,0.010941681503928281,0.02708817024111768,0.10435261067059691,0.02101712193041279,0.10266744333629171,1.0058706820989607,0.0
2011-05-13,-0.0011929639828432868,0.01943556394175034,0.10888351908108314,0.012980835301481513,0.09304581645465158,1.005024557913095,0.0
2011-05-16,-0.011422097388193487,0.01231339853903814,0.11177627478289795,0.00636038372300657,0.08502809180157779,1.0038000159747957,0.0
2011-05-17,-0.020071967439785943,0.008521901629625543,0.11124094539665641,0.005858412188321713,0.0838903929262954,1.0027848584382437,0.0
2011-05-18,-0.0005950902993545459,0.028689618953781006,0.10639919471359688,0.014486221134062574,0.09251793024218342,1.0026650921129996,0.0
2011-05-19,-0.002965533739620483,0.025339930449731016,0.10529594429648524,0.01646254379957297,0.0940793526414651,1.0027309404559586,0.0
2011-05-20,-0.003213104339883691,0.0038244844314742794,0.09977768765941716,0.007743582411480099,0.08439952316373957,1.0021154673553732,0.0
2011-05-23,-0.008520237919657942,-0.012940170156799635,0.10607696085204728,-0.004215487543018971,0.07089229891616641,1.0006861352943823,0.0
2011-05-24,-0.00920327319540745,-0.012726708365362115,0.10606862405415217,-0.0054141605537422035,0.06910603143559965,0.9994906686497625,0.0
2011-05-25,-0.014770282540447726,-0.01796555381053275,0.10182689421630943,-0.0027566279565133175,0.07173043341949144,0.9988211627737656,0.0
2011-05-26,-0.012552268495478166,-0.019876396698558264,0.10028954123548625,0.0007271831479721928,0.07556563575353482,0.9986742481569713,0.0
2011-05-27,-0.0007486161796925756,-0.019286667321940353,0.10061982232508648,0.003626454502770884,0.07853507514183233,0.9988792833023532,0.0
2011-05-31,0.021277216574937925,-0.01127812479186139,0.1074862950591376,0.012987681279584542,0.08852395624820332,0.9998832910511292,0.0
2011-06-01,-0.0006065511118012908,-0.032454348010207044,0.13217445892559088,-0.010081552316736068,0.06299346230889094,0.9988604309279877,0.0
2011-06-02,-0.004998391553708973,-0.029913453539207484,0.1319689192332623,-0.011494809556099307,0.0608486998333661,0.997986479313655,0.0
2011-06-03,-0.019588657681561317,-0.03325459812893744,0.13412665055054596,-0.021436214834864166,0.049359132911328374,0.9965363240054879,0.0
2011-06-06,-0.034053951087773,-0.03480256726746529,0.13532007811621605,-0.03152048176122562,0.037305746382379296,0.9946030259150856,0.0
2011-06-07,-0.0450313102339244,-0.03982894695890252,0.13359149198711243,-0.03178097240868899,0.03570411377337782,0.9930930654064609,0.0
2011-06-08,-0.02651047743110847,-0.04789253455300481,0.13211989014685538,-0.03546443712230495,0.030420315507551553,0.9916536720546579,0.0
2011-06-09,-0.017845777102808092,-0.048789976348801056,0.1312308166857816,-0.027744538023520705,0.03722540190945075,0.9912107591745354,0.0
2011-06-10,-0.021860107177546273,-0.052217735693557144,0.13444614664804935,-0.04052371038515272,0.02184573280739051,0.9898615596395085,0.0
2011-06-13,-0.010438728679521553,-0.05618297745091513,0.13244415522195702,-0.03906491650013885,0.02166379421514991,0.988972957373461,0.0
2011-06-14,0.002787524728085515,-0.03584845824797371,0.1411168204313988,-0.026313508605583086,0.03363024551122585,0.9893913074341713,0.0
2011-06-15,-0.010962002969564861,-0.047432440134376176,0.15127117765917683,-0.04273156540616257,0.014303300354440197,0.9884245754628017,0.0
2011-06-16,-0.016362025043249715,-0.04508003395226483,0.15190250584993817,-0.03976135633781362,0.015584620052819199,0.9879648188655026,0.0
2011-06-17,0.0006260586505062262,-0.05099658674369637,0.1478104947235796,-0.03602601260177358,0.017769962650385166,0.9879720214201436,0.0
2011-06-20,0.004945121204424547,-0.048272322506870094,0.14922129658319497,-0.03036446355119128,0.02214205993145783,0.9885163875743488,0.0
2011-06-21,0.005950636564497512,-0.026684717343592505,0.1573871243726125,-0.016664744838165844,0.03529064232020274,0.9901607866142467,0.0
2011-06-22,0.017852301701479917,-0.021059900513238312,0.1538716648983522,-0.0221240910172469,0.028181168352979676,0.9910773574736658,0.0
2011-06-23,0.012770274737729459,-0.023106486019127914,0.15400649417770007,-0.024562247590130072,0.024403409854038195,0.9916675689783476,0.0
2011-06-24,-0.0018908180714386734,-0.03811712227468732,0.1573092525501373,-0.03530327736624981,0.011776806941242151,0.9912986980778918,0.0
2011-06-27,0.0018779645242330938,-0.03384208948715883,0.16017561713531478,-0.02626680018740413,0.02003362306036355,0.9918098624369223,0.0
2011-06-28,0.0012351401908145525,-0.024700960973085377,0.16706845086629346,-0.013289445126347546,0.03256173238444456,0.9933418951594529,0.0
2011-06-29,0.01580676398876904,-0.026530353099407197,0.16559086667909628,-0.004960954051756948,0.04056389023555813,0.9953058699723062,0.0
2011-06-30,0.028203266104212324,0.005703331196885701,0.14987311156214697,0.004353829610755315,0.049631865315957105,0.997668177599842,0.0
2011-07-01,0.05455279579658649,0.02143406507560815,0.15780559748144693,0.018965574366152222,0.06416437356186734,1.0007392228376966,0.0
2011-07-05,0.04485950549376167,0.03060607368816415,0.15286031345088724,0.01802158264736874,0.06232181240295778,1.0030577760358517,0.0
2011-07-06,0.033085494318021304,0.04243848443270893,0.14642347174700243,0.019085071169474225,0.06268862137291518,1.004928056266813,0.0
2011-07-07,0.03488020477530532,0.05338116190982251,0.1488234401262686,0.029465504713267678,0.07273532404920018,1.0071725456419072,0.0
2011-07-08,0.0182455764912297,0.05045938511922387,0.15082099724140074,0.022257319037289943,0.06417317515539349,1.0082576183605525,0.0
2011-07-11,-0.014668326379723984,0.02461151579869226,0.16546167259178254,0.004304679206570823,0.04406094874194663,1.007542078546796,0.0
2011-07-12,-0.018174722799253445,0.034291458066456976,0.15747702163252156,0.0006307426567731615,0.038802418168817444,1.0065510787424774,0.0
2011-07-13,-0.016026603403131126,0.036850609709099355,0.15755262346700893,0.00454849248379548,0.041489513880933054,1.0059662080682117,0.0
2011-07-14,-0.03327525352451739,0.017318383657219605,0.15511239661357565,-0.0017569284449743929,0.033569479066877066,1.0048894039607534,0.0
2011-07-15,-0.02036932408339542,0.0410520640053933,0.13997496388463637,0.0044167505259290465,0.03879544239897311,1.0044502473539674,0.0
2011-07-18,-0.010358652589387823,0.03061488825255415,0.14434380147627812,-0.0034647184990413173,0.029540168681483403,1.0034011317807354,0.0
2011-07-19,0.010070591472870774,0.043735990888821526,0.15298482772343355,0.012835233281053939,0.04543624957939914,1.0038251637508755,0.0
2011-07-20,0.006124837182571728,0.03803032568724654,0.15284237295937828,0.012441826388389303,0.043961548797668844,1.004064386190551,0.0
2011-07-21,0.026827247825578292,0.03819499491830039,0.15300354387126572,0.026597081550444896,0.05760533898597975,1.0053157126492935,0.0
2011-07-22,0.021708037050285615,0.044907799354199,0.1504019179413011,0.0271579819166246,0.05747208292060944,1.0062851322327426,0.0
2011-07-25,0.024354399048674966,0.042199012563499665,0.15182667184628845,0.021524674052751068,0.0507692379443628,1.006518824937102,0.0
2011-07-26,0.004510334601648167,0.05013714356190837,0.14515098822922892,0.017715755306861168,0.04608495825511964,1.0063261499503309,0.0
2011-07-27,-0.015574072967867138,0.020578288195146306,0.16347395542119214,-0.0028276389159242158,0.024038487228614937,1.0044619049629055,0.0
2011-07-28,-0.03226449401378017,0.004695360713705665,0.15796348452092102,-0.005381188920178096,0.020462478710087013,1.0027192905920914,0.0
2011-07-29,-0.03979138103326933,-0.010690345667839371,0.15675921265235424,-0.011519556101436798,0.012967677501438709,1.0007821667523114,0.0
2011-08-01,-0.03846473866604259,-0.024468992206755254,0.15287407640429554,-0.014935034563211862,0.00814589475012455,0.9989175372065774,0.0
2011-08-02,-0.06060083862734637,-0.0650164908620245,0.16407632338573963,-0.03900379156131957,-0.017974067347108033,0.9954560791581355,0.0
2011-08-03,-0.03450990056574137,-0.05879111786435673,0.16656192005477113,-0.03302113874067496,-0.013023876237801763,0.9931941840762493,0.0
2011-08-04,-0.07956931291564165,-0.10795944651995729,0.22760533377923564,-0.07675332651046864,-0.05944676167759578,0.9878290466482375,0.0
2011-08-05,-0.07420933629942568,-0.11977988674257035,0.22107630370021836,-0.07648244247053672,-0.06099829031073565,0.9835936433674783,0.0
2011-08-08,-0.13728810893711593,-0.18000267763510086,0.3074771080636677,-0.13394954919269844,-0.12200618705736552,0.9754477963307983,1.0
2011-08-09,-0.06595830143999415,-0.11630646592229466,0.3573520107994055,-0.09152413203187691,-0.08121011216138205,0.9725614968187004,1.0
2011-08-10,-0.11654477468648988,-0.15716116975159317,0.38273207889694233,-0.12870110450021224,-0.12163849412794456,0.9671892575790979,1.0
2011-08-11,-0.02466556877492588,-0.11659841189175205,0.42106371131072506,-0.08762747999772429,-0.08222601930742006,0.9665608467384947,1.0
2011-08-12,-0.016456912777516826,-0.10296154599556978,0.4231477896563697,-0.07962925217505915,-0.07609880194007741,0.9669424321632225,1.0
2011-08-15,0.07182776690712964,-0.08780558664457583,0.4311539123980898,-0.05880669763957991,-0.05668943964328196,0.9692513538178863,1.0
2011-08-16,0.01780148434607841,-0.08814632898682842,0.43119589197879177,-0.06555828757798415,-0.06484705736127143,0.9707300238321823,1.0
2011-08-17,0.06365303399827084,-0.10357872722619309,0.42531613499973364,-0.06366705432326626,-0.06432584693653681,0.9722701236141192,1.0
2011-08-18,-0.024328668951423466,-0.14705191802574724,0.4459035463523288,-0.10217545435514797,-0.10455782149171922,0.9703651181696274,1.0
2011-08-19,-0.04750409483020858,-0.17729288865135667,0.4404195389795989,-0.11459861859984152,-0.11898820695465061,0.9679181126832979,1.0
2011-08-22,-0.0676493987102341,-0.17716302240509552,0.4404536193352691,-0.11190295244594284,-0.1180163607224462,0.9663767367935864,1.0
2011-08-23,-0.026693471187581655,-0.13919419922308504,0.46262703861056376,-0.08113648436354125,-0.08882931292753617,0.968031097657135,1.0
2011-08-24,-0.013375665128545154,-0.12146472695638641,0.46806501126507377,-0.06663282003856655,-0.0759001936057535,0.9707974646103227,1.0
2011-08-25,0.01533928667306111,-0.116138558384819,0.4662884808719674,-0.07938905652004612,-0.08985968355975123,0.972078902144599,1.0
2011-08-26,0.0462333111398319,-0.09879508349774459,0.47135749453458453,-0.06472036967742276,-0.07654627589097376,0.974542601913239,1.0
2011-08-29,0.07376538308745413,-0.06360625828437205,0.48489924122618855,-0.03697539493285527,-0.050064801151119415,0.9790553792017161,1.0
2011-08-30,0.04401854183722007,-0.05671091871982238,0.48526649171550973,-0.03351260151062847,-0.04767967245679351,0.9830425261750163,1.0
2011-08-31,0.03446052678241547,-0.026403361546624572,0.4783340237796421,-0.028106876712009364,-0.04359982408801334,0.9867182755477582,1.0
2011-09-01,0.03929337887112738,-0.04233527894795025,0.4787223989576289,-0.0371019130424413,-0.0537823693972456,0.9888921617015816,1.0
2011-09-02,-0.0010175205606605155,-0.020243291142763454,0.4576530349462403,-0.06013969527275579,-0.07800605009029375,0.988659244186492,1.0
2011-09-06,-0.036672599810551564,-0.026069521795497944,0.45818343293604685,-0.06553471605096886,-0.08468994434293825,0.9880262756822323,1.0
2011-09-07,-0.011488981858213253,0.06908820835908029,0.40010948980459,-0.038000070276405805,-0.05893513537554984,0.9898749414585504,1.0
2011-09-08,-0.02636326690157713,0.013191672991792433,0.3717437195392198,-0.046384503994032156,-0.06873548604620933,0.9906024567384885,1.0
2011-09-09,-0.04239421851828845,0.03181527722025118,0.347642940081908,-0.06917132948562825,-0.09311454567457432,0.9891863391216712,1.0
2011-09-12,-0.01006363037883867,-0.00564135274667624,0.31253627585848254,-0.06084147934850334,-0.0871831084538164,0.9886962124595958,1.0
2011-09-13,0.006390159721911376,-0.003222449296069735,0.3133282058979619,-0.049752898561820344,-0.07883493856472694,0.9891585820831197,1.0
2011-09-14,-0.007677447391004498,-0.010417005939053843,0.30817312644301653,-0.034346522894013916,-0.0661523997533618,0.9907422506473853,1.0
2011-09-15,0.01987828523714013,0.015268473882854159,0.31250261912515154,-0.015685161540338992,-0.050209657436862704,0.9934723398540661,1.0
2011-09-16,0.052338581768496636,0.020500824990476976,0.31301550525737715,-0.0077343395164593326,-0.044696164604237254,0.9961621685837264,1.0
2011-09-19,0.03588260457204165,0.05456992077678888,0.27060630995111307,-0.015460307636020668,-0.054213487953882,0.9974973150872353,0.0
2011-09-20,0.025588827376285303,0.06987047291042416,0.2620814825435167,-0.014812790619082162,-0.055301969174888624,0.9984770335522385,0.0
2011-09-21,-0.018061784554148273,0.039170608217031985,0.28627363687518137,-0.04162026110401045,-0.0829966984309125,0.9968894888080571,0.0
2011-09-22,-0.06802945038939796,-0.026067505318962132,0.2878507200164876,-0.06980100591043421,-0.11237345149295663,0.993132226854148,0.0
2011-09-23,-0.06792357499911149,-0.03404708488008934,0.28383102564095586,-0.061610919160987605,-0.10676787931963956,0.9907035479143182,0.0
2011-09-26,-0.034414753899932385,0.004815880203795406,0.29193804962270126,-0.03694438616038576,-0.0853430083885232,0.9907327015613011,0.0
2011-09-27,-0.022128327959088992,0.001508833811503265,0.2901304573296849,-0.024168695148886022,-0.07494902311229193,0.9917452008193881,0.0
2011-09-28,-0.012857308311601569,-0.047452083182023715,0.2794198455081296,-0.04140297630542258,-0.09358806513162364,0.9909974866963777,0.0
2011-09-29,0.027872864337976817,-0.04221318281820539,0.28115971695906367,-0.0312592687482031,-0.08620168627693152,0.9911318894968923,0.0
2011-09-30,-0.0034409574435153613,-0.07194856910602017,0.2912670683745405,-0.0522003232337809,-0.10873766766002398,0.9893508590048334,0.0
2011-10-03,-0.055813162865510746,-0.09029066153284271,0.30357291264886316,-0.07546184623058107,-0.1336759412926961,0.9858423649176558,0.0
2011-10-04,-0.04524855719876485,-0.042722202826601066,0.30567716613685786,-0.05187528855969483,-0.11432780079008277,0.9848965023119426,0.0
2011-10-05,-0.006272577415802023,-0.017052060787274174,0.31292814581246986,-0.03134093951307623,-0.09763087505224283,0.9857644179704782,1.0
2011-10-06,0.003784343382641872,-0.02693985757735026,0.3032551284744005,-0.011568042355230493,-0.08104879443491626,0.9880424660335942,0.0
2011-10-07,0.022372459693425842,-0.023212842511017195,0.3021088543252502,-0.015875575318605593,-0.08690469268719522,0.9894234460943867,0.0
2011-10-10,0.08414218918976524,0.03624574617521098,0.3091189305728536,0.018613870601144934,-0.05620782211996906,0.9932978102173393,1.0
2011-10-11,0.06345806362825755,0.030799491180495152,0.30864584682918184,0.021099913103845822,-0.05510639336915085,0.996481611008492,1.0
2011-10-12,0.053846012119157544,0.03040379160997199,0.3085250827321756,0.03077703833361275,-0.046694486879187015,0.9997235458627064,1.0
2011-10-13,0.03392748725114361,0.014665077064797843,0.3054196880637555,0.029609361250795132,-0.04845358135340484,1.002091768201486,0.0
2011-10-14,0.057595533420188444,0.01450440567203112,0.3053113932087217,0.04668525560908017,-0.03213672100910362,1.005305795692276,0.0
2011-10-17,0.005420819365677145,-0.010672016227608518,0.3122749531150168,0.02656843550324719,-0.05047474171937453,1.0061735980428212,1.0
2011-10-18,0.02377539431934329,0.01869228092779679,0.31754334907691284,0.04468933095666966,-0.03181429645593688,1.0083550025925268,1.0
2011-10-19,0.003141966587515567,0.007956930821202253,0.32058154983909654,0.03158346241482817,-0.0431148088978794,1.0089887488490699,1.0
2011-10-20,0.009497146767077053,0.042224008386023165,0.3011902509613743,0.0343445274939403,-0.03877043000497713,1.00973205665492,0.0
2011-10-21,0.011357336348875594,0.09389119241030468,0.278119219030007,0.05268736654071839,-0.020457548731818275,1.0117313160559755,0.0
2011-10-24,0.04281949291718344,0.10007105168868641,0.27937029830235566,0.06415280692908018,-0.008453910867504548,1.014150803480899,0.0
2011-10-25,0.0038267637994296687,0.056933798627158846,0.28286045967486767,0.04292177732119945,-0.027652514068374105,1.0142629629758508,0.0
2011-10-26,0.02583397378167208,0.05591923256196332,0.2825019418976764,0.05256644232904571,-0.017724037487362707,1.015002839756333,0.0
2011-10-27,0.05570995997786581,0.11079127667549055,0.28936085239281245,0.08746887120660832,0.01641741014090626,1.0182217716600825,0.0
2011-10-28,0.03666744686664997,0.10268577493897783,0.2898063527821752,0.08452348394742154,0.016097329952068452,1.0204792089307182,0.0
2011-10-31,7.973201206581959e-05,0.10359174114426759,0.2886315435669439,0.05598650334050121,-0.008320195267484643,1.0199945414762759,0.0
2011-11-01,-0.008569674459114714,0.10417728703355487,0.28777332589289023,0.02483763497550564,-0.03576108466139299,1.017129215119188,0.0
2011-11-02,-0.00249753474754277,0.09867025501318541,0.2843523165602265,0.040130003271134515,-0.01993930832949729,1.0159743423391199,0.0
2011-11-03,-0.018676108915130673,0.09838774517616189,0.28418310909114963,0.05753150375848858,-0.0020755416627395583,1.0163420182315261,0.0
2011-11-04,-0.024560742422819484,0.07434068913351648,0.28226479739571747,0.049358935614303844,-0.00812085681925023,1.0159426262159388,0.0
2011-11-07,0.006037576176231859,0.08725685762707362,0.2798860406784429,0.05431337449509857,-0.001915796522384863,1.0159448419596302,0.0
2011-11-08,0.047071387180194844,0.06710648502398449,0.26194020737101464,0.06656808365663881,0.010867651449956179,1.016794433413721,0.0
2011-11-09,-0.006716436338466351,0.028495755046461513,0.29771771251716495,0.026840588331972958,-0.026264186645788123,1.0142483040398917,0.0
2011-11-10,-0.015405207017587194,0.029136526039417174,0.29792596475943656,0.036040564381585975,-0.016945001961628688,1.0128338634889233,0.0
2011-11-11,0.009360036229994853,0.04977323811236774,0.3035034120004296,0.054426677736070656,0.0015279164450263815,1.0130755499115411,0.0
2011-11-14,-0.006356779268651319,0.02330454493823386,0.30132550963632804,0.04300979096090331,-0.007906984380357977,1.0123464949835193,0.0
2011-11-15,-0.014175499072907289,0.04751016658540006,0.29222149046656876,0.04647826383679423,-0.00289392623203684,1.0120292408684224,0.0
2011-11-16,0.007442151858216426,0.012162512585334656,0.2918210065775077,0.029124432759149114,-0.018535149432207975,1.0103671966363836,0.0
2011-11-17,-0.01793630054596529,0.008058258905936321,0.29436760498857995,0.012167202085827892,-0.033857747893100684,1.0076870470620436,0.0
2011-11-18,-0.037649077556143495,0.0026270137891471926,0.29404291559984547,0.009974942862106347,-0.034608054539966134,1.0054130149332101,0.0
2011-11-21,-0.04733256844235697,-0.0353853598529987,0.29309154609721066,-0.009823331001047002,-0.05257905228643574,1.0020704598497951,0.0
2011-11-22,-0.056197771801204346,-0.05150709813298772,0.28876626521743604,-0.014047569104382271,-0.05587082785557467,0.9991118270750479,0.0
2011-11-23,-0.06251987019754658,-0.054184121411641584,0.2909142888039081,-0.03545271567051056,-0.07619807394199332,0.9950747657189559,0.0
2011-11-25,-0.04840530438270469,-0.06618101925844044,0.2872671962939097,-0.036561396517929286,-0.07742692757611704,0.9917968569651366,0.0
2011-11-28,-0.018784844692175978,-0.0718677908808946,0.27848122895529,-0.00835645560160917,-0.050270259815348654,0.9915275431944502,0.0
2011-11-29,0.003254389582559628,-0.06879841713708902,0.2791263509160777,-0.005497121309996442,-0.047139370468238094,0.9916355315157103,0.0
2011-11-30,0.047514272563994424,-0.004072557581059094,0.30615042305385576,0.03459937902780188,-0.007689455755000308,0.9950698526333617,0.0
2011-12-01,0.06966719025761402,0.02405274330508716,0.2886360202071733,0.033007961398797366,-0.007573630542041442,0.9977947302936422,0.0
2011-12-02,0.07067595067351308,0.00699246616261542,0.28344283566329426,0.03005525311648614,-0.008153141567441282,0.999876101565115,0.0
2011-12-05,0.05295404503008995,-0.00023763693567394745,0.27881299888058664,0.039100811621840474,0.0029043590509907438,1.002386320985163,0.0
2011-12-06,0.05043495812844884,0.0061972834141792955,0.27792689687489586,0.03771836813135921,0.00336914723241947,1.004342226720753,0.0
2011-12-07,0.01382556804622947,0.003715434288938516,0.2773952731561699,0.040010043600425906,0.007200546387163877,1.006120168857066,0.0
2011-12-08,-0.008195327545961886,-0.031213971421069568,0.283765419056458,0.015727278664008647,-0.014693970714806668,1.005648910750376,0.0
2011-12-09,0.009485678302989289,0.023194580804071063,0.25791461605710597,0.031245950146132868,0.0021740146642860413,1.0065654087928309,0.0
2011-12-12,-0.01605282538606304,-0.0008852553041497901,0.26164794092465415,0.014356474095564963,-0.012179302924166064,1.0060246443428396,0.0
2011-12-13,-0.025752848168254402,-0.028915600984069957,0.25433515839765686,0.002734642552569899,-0.021170929947064314,1.0047868809186429,0.0
2011-12-14,-0.04017118900081246,-0.03009897544322262,0.25484504709842776,-0.009457821585927915,-0.031298994320596116,1.0029181181347921,0.0
2011-12-15,-0.014382943370822061,-0.03142141571898434,0.2544698799056888,-0.00713156372021196,-0.027435081195184657,1.0017024988218242,0.0
2011-12-16,-0.029702091188430695,-0.013949662242576061,0.24907114986627682,-0.006607650421636153,-0.025675005043408444,1.0008467230276834,0.0
2011-12-19,-0.025745812295478662,-0.00869476705366316,0.2456348509021441,-0.01808029570818814,-0.035765903337252346,0.999317981118196,0.0
2011-12-20,0.013448488382372437,0.022181964954445976,0.2669647614263629,0.010790604008890186,-0.006351986957056438,1.0005013671450846,0.0
2011-12-21,0.026085926300447208,0.04331951929958156,0.2565936218438444,0.011885558265513492,-0.004208335889916737,1.001576986095401,0.0
2011-12-22,0.03129827908860062,0.05607463517082062,0.2566412015183098,0.01997201108229115,0.00469401873526702,1.0031131656372108,0.0
2011-12-23,0.0387176728637866,0.0872878808187571,0.24063479315011427,0.02797953899647761,0.013748003715017087,1.0050001927802732,0.0
2011-12-27,0.05025810787050872,0.08996864519955025,0.23996439232441533,0.02800873558308825,0.014586751865044649,1.0064783193201225,0.0
2011-12-28,0.007236005832675247,0.0482028154792972,0.2301530337830771,0.013634594007410778,0.0013151996465628802,1.006490328592824,0.0
2011-12-29,0.015582488636617035,0.05564761835363897,0.23181239471835932,0.02339278873737504,0.011560078517097642,1.0072526820119225,0.0
2011-12-30,0.0018341636936402405,0.010394526300466438,0.18800911481721377,0.01751395964598579,0.006575917698336457,1.0073669726583272,0.0
2012-01-03,0.008744178077533908,0.026364868638677007,0.19530641187115835,0.03262315761542875,0.022542360859037255,1.0086490643976231,0.0
2012-01-04,0.00951991190739648,0.028812606433433648,0.1951531046704889,0.033487513293896605,0.024143077438644175,1.0096752848494361,0.0
2012-01-05,0.025389781651953783,0.02063855210116103,0.19219167730366463,0.035679338438422484,0.02683480002714073,1.0105785090536525,0.0
2012-01-06,0.012527918433818456,0.017740578659008584,0.19257993805347642,0.03210230261167334,0.024181433972477552,1.0109506665979298,0.0
2012-01-09,0.019880944681833393,0.01644990293607036,0.19238933146740614,0.033855406981694314,0.02669859798421659,1.0113094743025626,0.0
2012-01-10,0.012703263511695437,0.04726345969633432,0.1748595889075487,0.04259862672471048,0.035601744528317596,1.0121567936745717,0.0
2012-01-11,0.011678068531872527,0.031004996662316882,0.1666933802179866,0.04292630257467247,0.036148450986635335,1.0127190702539428,0.0
2012-01-12,0.01141557446686464,0.0481069519540887,0.1559570026297611,0.04461919181891726,0.03864313200416793,1.013202955415782,0.0
2012-01-13,0.008809386862134276,0.05230281368939725,0.1526418098660649,0.037940718310971934,0.033342805226808825,1.013007456109814,0.0
2012-01-17,0.010258055385971323,0.06687914732285415,0.14492365572167495,0.040940551030586865,0.03739847312231029,1.0130155474152323,0.0
2012-01-18,0.012620400947078156,0.07426680401423454,0.14743317800541103,0.051549496937937714,0.04887683749841416,1.0137599646452424,0.0
2012-01-19,0.017340984677611988,0.07804807252835957,0.14735087235036523,0.05594808705019214,0.05439546189421677,1.0146063924245459,0.0
2012-01-20,0.01866496075619918,0.09251772500576655,0.13765925731577552,0.058781048071282795,0.058288417271522584,1.0153967226783223,0.0
2012-01-23,0.021271652514579967,0.06012597782160478,0.10393619975816423,0.055284372728658375,0.055555778496253094,1.0156220285301107,0.0
2012-01-24,0.01625791829245423,0.05705113931486116,0.10482434566995379,0.052549716438590195,0.054339603441467786,1.0155225562672836,0.0
2012-01-25,0.013595091329682597,0.056563616255316515,0.10447972318269864,0.05982536963538316,0.06308213151222002,1.0159376803624751,0.0
2012-01-26,0.0031897531554962192,0.042520152820069185,0.10528983026758638,0.05337522146353179,0.05756203917708577,1.0156586053387866,0.0
2012-01-27,-0.000985827403156524,0.041273789732101294,0.10556195533796425,0.051694757904518863,0.05697541607693486,1.0152215440794907,0.0
2012-01-30,-0.001825220989929259,0.05106475099900028,0.09246212233557878,0.047087780052281585,0.05328036081496625,1.0144287167572767,0.0
2012-01-31,-0.001065441105700711,0.040403209572543404,0.08834235477825617,0.045352621422543156,0.05279929447743182,1.013611628111544,0.0
2012-02-01,-0.0006790056261011413,0.05405044693557513,0.08765148972533361,0.05264169489921646,0.06190886877412583,1.0135159100624143,0.0
2012-02-02,0.006047578415123972,0.039823553157659244,0.07325289537713575,0.052392032410278205,0.0634110279366975,1.0134113970469327,0.0
2012-02-03,0.020424313907053022,0.052178191731757834,0.08423266835087,0.06450556160442412,0.07808718284435587,1.0143008150092794,0.0
2012-02-06,0.02317423775722423,0.04884920710427072,0.0849322653071058,0.06110430971920986,0.07721344419193445,1.0147713901902136,0.0
2012-02-07,0.0260808207868315,0.05395611192555645,0.08303585804173053,0.06061322940840298,0.07980000528490108,1.0151697699396776,0.0
2012-02-08,0.020324819693777335,0.05449432194751907,0.08304498080399976,0.060492173648433574,0.08284249341326402,1.0155425581473605,0.0
2012-02-09,0.01999818293808873,0.047118472584052544,0.08016861133884239,0.05910044010389329,0.08408456244988985,1.0157526620714958,0.0
2012-02-10,-0.0013389791573892853,0.03916114404249602,0.08676451309464091,0.048803104963224646,0.07603661738888039,1.0151344365633832,0.0
2012-02-13,0.006746190609125376,0.04417982324653146,0.08886839192264576,0.05477191347048557,0.0839817578042911,1.015072707210398,0.0
2012-02-14,0.0029629685879626433,0.04810969365138482,0.08579560631263779,0.051642636595925086,0.08257726240301581,1.0147472630996748,0.0
2012-02-15,-0.004670902568360304,0.03956536399318744,0.08886065426479153,0.045036942596674095,0.07750830066611636,1.0139466403926358,0.0
2012-02-16,0.005084557776557025,0.03958262941353141,0.08888297741721983,0.05486816852052269,0.08932966306337853,1.0140453007058883,0.0
2012-02-17,0.015142231484689284,0.03696239084957332,0.08808827325619423,0.05586697137291868,0.0920467049075396,1.0141716834878722,0.0
2012-02-21,0.008166644887559825,0.0336815073778921,0.08790119652344411,0.0546108460841705,0.09230682615478826,1.014140272951592,0.0
2012-02-22,0.006194607029427566,0.03303264816623242,0.08831811765988978,0.04912536902528121,0.08861024409329998,1.0136910256791274,0.0
2012-02-23,0.015266677342219093,0.0385741230429523,0.08825920544051019,0.051907359074948804,0.09323238534021959,1.0135351527295553,0.0
2012-02-24,0.006446924712559487,0.032434462796408305,0.08507071106746143,0.052029269068334,0.09548885463436256,1.0134325463081901,0.0
2012-02-27,0.005483075746213702,0.0392557134402908,0.08152218153777345,0.05139170468809965,0.09711363787035403,1.0133312699328052,0.0
2012-02-28,0.007955296066691365,0.04262263084773999,0.0811461383604461,0.051783160346525324,0.10010712452917513,1.0133316930940286,0.0
2012-02-29,0.007251441475178129,0.042109310631339804,0.0815987084380471,0.045159677589722905,0.09556261249691615,1.0128604424553718,0.0
2012-03-01,0.008018423506461982,0.047657987655115,0.08181817651076981,0.04799477443562425,0.10094396140828207,1.0127586555360208,0.0
2012-03-02,0.0027711994813201905,0.03588466790382964,0.08027482347211183,0.04209955848794183,0.09730969673058494,1.0122854249709765,0.0
2012-03-05,-0.0029936312408419714,0.03021450378432486,0.08275092813593578,0.0358342015100457,0.09263491950784677,1.01144633768454,0.0
2012-03-06,-0.020638936431529573,0.0015593805091573994,0.08767557244697441,0.01905146951311354,0.07655740149679956,1.0094886614576057,0.0
2012-03-07,-0.009754078708145177,0.009180994165970395,0.0907808582533608,0.024545675950636066,0.08388316947957346,1.0083973970133977,0.0
2012-03-08,-0.005022311172236995,0.016554855696046502,0.09634212978669901,0.03307748047411032,0.0943550980832432,1.0082376367498487,0.0
2012-03-09,0.001892109390545836,0.017451957600598134,0.096646911687394,0.03534336946675658,0.09824682865613336,1.0083275796064208,0.0
2012-03-12,0.006050886287792151,0.016267207134028284,0.09666823163655125,0.03343507498770785,0.09800435762953186,1.0083073992581786,0.0
2012-03-13,0.03864981002049604,0.041548169687042724,0.10861212951550919,0.04986529331983674,0.1173857302948689,1.0096401938876232,0.0
2012-03-14,0.030626607416017474,0.0330614109728625,0.10722934297956385,0.04648035292485667,0.11580751854045758,1.0104795791000538,0.0
2012-03-15,0.02649930942857187,0.04009119653665573,0.10765473195514065,0.05046133708816973,0.12190857307226698,1.0114804180830677,0.0
2012-03-16,0.024022816628388555,0.04614567679734699,0.10500233947352929,0.04984444299870179,0.12296082157320548,1.0122386145140354,0.0
2012-03-19,0.027862644248770066,0.03904529360624133,0.10026551494348866,0.05185527791940509,0.1268291618426104,1.0130040236366682,0.0
2012-03-20,0.007082122010997682,0.03348806021335113,0.10155841596755319,0.04671640264522515,0.12297863194176178,1.0132124816272554,0.0
2012-03-21,0.006514666400345301,0.031409432485647974,0.10211001677023916,0.04302029912519833,0.12052032367310997,1.0130888485878045,0.0
2012-03-22,-0.006487550099365252,0.02740903940786291,0.10533189979213238,0.033871249768955086,0.11187572394898705,1.0122602137619323,0.0
2012-03-23,-0.004643393011380685,0.026235606443747218,0.1049751536290463,0.035519555892466116,0.11485263626265897,1.0117292429752593,0.0
2012-03-26,0.005381580251016042,0.03797994914469788,0.11381648085762844,0.048084289760227106,0.12982858064948438,1.0123016807107996,0.0
2012-03-27,0.0051845350598311996,0.03318951952696863,0.11508811995093507,0.042837663483162654,0.125590791505573,1.0123531314606147,0.0
2012-03-28,0.0018520493592814567,0.025306185778238066,0.11716021465583475,0.03587650292072744,0.11932183298570818,1.0118500817555356,0.0
2012-03-29,0.00737219510595132,0.027529793038636105,0.11618061484202574,0.03257965223570327,0.11680613512145013,1.0111829810891042,0.0
2012-03-30,0.008271745361243196,0.026488928298528433,0.11580052813440068,0.03533712816657355,0.12069294595355892,1.010863061563322,0.0
2012-04-02,0.0016227393949116726,0.03683148905828936,0.11648418803748484,0.041307848178356504,0.12812023998930455,1.0110736504566475,0.0
2012-04-03,0.0006371001035591749,0.036820250871369774,0.11649129387304419,0.03549522267196097,0.12278340300234779,1.0107798003069715,0.0
2012-04-04,-0.004351371025468117,0.04159375118429952,0.10890564855030516,0.02388603740972584,0.11103057802703822,1.0096299754294318,0.0
2012-04-05,-0.0031429130243865577,0.03414095872239472,0.10767236060024545,0.022204547435453446,0.10992848486076261,1.0085797380954133,0.0
2012-04-09,-0.018564780668752327,0.012946458802013092,0.11209183797172309,0.009702945511642915,0.09695879869361124,1.0067648584468607,0.0
2012-04-10,-0.042780421609921654,-0.007841041942178129,0.126692119379985,-0.00791961518102135,0.07813489692571787,1.0039380691247854,0.0
2012-04-11,-0.030620900023459525,0.00014846456011809173,0.13002551603432191,-0.0007941740142242579,0.08633681284677344,1.0023040951397715,0.0
2012-04-12,-0.007680003890534392,-0.004736062726730918,0.12245296703339695,0.011074930702077337,0.09996961821089426,1.002024364569563,0.0
2012-04-13,-0.019138894110543342,-0.015624542804166098,0.12903308486013124,-0.0017087021747504872,0.08648049200508913,1.0008337329505776,0.0
2012-04-16,-0.008500700766102202,-0.022053551392660978,0.12684539604441336,-0.0030820379626296146,0.0854070037486793,0.9998381641354908,0.0
2012-04-17,0.02313014979942852,-0.008733708771138162,0.13796986817091822,0.010930317997189104,0.10108358162056913,1.0002290851729538,0.0
2012-04-18,0.011683280746855852,-0.016030898941796122,0.13740005537656505,0.006819404703898244,0.09706761936626343,1.0002619791535774,0.0
2012-04-19,-0.007739443138364085,-0.019557627876092682,0.13863348781443086,-0.00015633428995280346,0.08976401562736018,0.9997720645097226,0.0
2012-04-20,0.005889190211127758,-0.016250018993383637,0.13889403252702653,0.001026642637181098,0.09132123706753627,0.9995231497415842,0.0
2012-04-23,-0.0018988107055680006,-0.017464811998863725,0.13966707034847664,-0.007681820232501315,0.08199216626405761,0.9986638769518311,0.0
2012-04-24,-0.012808422405428451,-0.01689873816518593,0.13988796694039682,-0.00442079084357407,0.0858890660448707,0.9983052546479693,0.0
2012-04-25,0.004175562924488927,-0.017236916268323237,0.13944312008277343,0.008564080729244961,0.10035251689673474,0.9991296875286682,0.0
2012-04-26,0.017561905158177637,-0.007180257777746244,0.1416946649386348,0.014774993109987996,0.10754674850318727,1.000344043141932,0.0
2012-04-27,0.017532808560660352,-0.0005692597920047421,0.1408211352140329,0.015496621804965409,0.10889877033540797,1.0014219083908205,0.0
2012-04-30,0.022266637512951392,-0.0025703695918636504,0.14129218869665883,0.01108995108608572,0.10431203062766305,1.001949784866953,0.0
2012-05-01,0.024673427955945827,-0.0004970555704832957,0.14225716698639848,0.01665486824373778,0.11069306499729528,1.002839248728024,0.0
2012-05-02,0.008086157918201723,-0.010773497745033184,0.1400386871582329,0.012970814934062172,0.10686518326932389,1.0032615333062354,0.0
2012-05-03,-0.006513620631915192,-0.01433097851322061,0.14171821977264618,0.00469286632849379,0.09805160007322132,1.0029420837416625,0.0
2012-05-04,-0.024443195246338256,-0.020661084012874878,0.1484749581778396,-0.011678704748884244,0.08003523666868591,1.0013684460177004,0.0
2012-05-07,-0.020002938157832266,-0.019430394725309358,0.14858655293979936,-0.01106677843756736,0.08062233532594483,1.0001751702100645,0.0
2012-05-08,-0.030223433768134432,-0.012155708669865399,0.144263959300984,-0.01503256874412851,0.07611373807660511,0.9989196833186369,0.0
2012-05-09,-0.0331846642768175,-0.001177740411929036,0.13317480174792032,-0.020702871025181743,0.06956122906571226,0.9974779944109163,0.0
2012-05-10,-0.023468943435008154,-0.007179021924769236,0.13015378532833777,-0.018625864511395165,0.07156537691082922,0.9965356864772624,0.0
2012-05-11,-0.010197960552097526,-0.02317904067443801,0.12099669422720467,-0.021369592958284923,0.0680380705663396,0.9955965735346668,0.0
2012-05-14,-0.02205029927847163,-0.022341799893237646,0.12008148977461934,-0.0318308088360198,0.055977547871827175,0.9940350250893504,0.0
2012-05-15,-0.02378811359491837,-0.027443121498681566,0.12115882028600469,-0.036998066203790564,0.049665217678940804,0.9924229160953068,0.0
2012-05-16,-0.021671471546301696,-0.04597936175765925,0.10641415742569421,-0.040497397979853786,0.04539974067244309,0.9909387859323139,0.0
2012-05-17,-0.038674301034288504,-0.0575366037059136,0.11521708996417411,-0.054148770165783414,0.029597760387539623,0.9887092571550617,0.0
2012-05-18,-0.0442502805813309,-0.05968987811740483,0.11632491643979888,-0.06133403130560696,0.020563356595340858,0.986410383015958,0.0
2012-05-21,-0.016085387142936836,-0.044316377247302245,0.1345930363516155,-0.0445087063407542,0.037550043941365824,0.9860734850965394,0.0
2012-05-22,-0.008586727091710008,-0.03413103788482357,0.13317058838526738,-0.042180873497965544,0.038785889484456916,0.9861001509279836,0.0
2012-05-23,-0.004224528432250558,-0.03739546778448136,0.13197154656872248,-0.04067575059065485,0.038447512036223964,0.9863177681336707,0.0
2012-05-24,0.012681516447772313,-0.049030650182630205,0.1205469502806097,-0.03784512812560486,0.039799148775936294,0.9867970703602515,0.0
2012-05-25,0.018026744173127426,-0.05922503910245504,0.11573584434827525,-0.039850631708526305,0.03554910386248359,0.9870641411268991,0.0
2012-05-29,0.01302331344757415,-0.04882587236038845,0.12594146584196533,-0.027288464495107155,0.047343464144278355,0.9883769255405082,0.0
2012-05-30,-0.0033339132138549294,-0.0597315886116299,0.1329257037338794,-0.04013292006064903,0.03152037782467195,0.9883766482392163,0.0
2012-05-31,-0.006066519703434724,-0.06813541544386191,0.12884574069526483,-0.04099205250034603,0.02873688349523323,0.9883322839710843,0.0
2012-06-01,-0.0335295003001307,-0.09064630840096263,0.15012231410669158,-0.06349041445705128,0.0024267263699210713,0.9864338295576475,0.0
2012-06-04,-0.03074835160363907,-0.08345977007417892,0.1501727143283081,-0.062408113026930376,0.0015532295060324856,0.9850487786324147,0.0
2012-06-05,-0.03524336007413712,-0.05962603718818732,0.14822788054306274,-0.05384298955293749,0.008492290631660307,0.9847109620390753,0.0
2012-06-06,0.0015929640323894094,-0.03813568642140823,0.17159941669929737,-0.03121481443198535,0.03030247014383153,0.9863784683155257,0.0
2012-06-07,0.004401760458872067,-0.03351022121685541,0.17159897211637404,-0.02932825186420429,0.030078427619792833,0.9878891124897797,0.0
2012-06-08,0.0378210947201796,-0.019640549403965528,0.17387616616596754,-0.02054857157414438,0.03752096126603696,0.9898473635642854,0.0
2012-06-11,0.025511147265081052,-0.03447967937408972,0.17819935907807902,-0.03172795349371953,0.023741372727668283,0.9904742898270009,0.0
2012-06-12,0.029392359979266522,-0.02003571665682327,0.18373164973886186,-0.01946189373060615,0.034760295056969225,0.9919879889106502,0.0
2012-06-13,0.0007572746050158712,-0.015328112537920725,0.18115447727502543,-0.02432557472151127,0.02750536815012137,0.9927513853676314,0.0
2012-06-14,0.010695830017116265,0.0009737223951792207,0.18422945090379236,-0.012847319610535188,0.03783086196913472,0.9942779860370015,0.0
2012-06-15,0.01295104513560089,0.014981967277937058,0.186884665718989,-0.002009529445728023,0.047831252826092525,0.9963608742191477,0.0
2012-06-18,0.02766615235900325,0.03186077401920203,0.1780043686283512,0.0006202992274246471,0.049259116115896125,0.9981881697980328,0.0
2012-06-19,0.025867423192065028,0.050081987116572656,0.17614337435983915,0.010571058432474766,0.05869441485712333,1.0004192894708734,0.0
2012-06-20,0.030659982091265876,0.03141725669628199,0.16826417116388198,0.0088905943058173,0.056150750118562374,1.0020245744375258,0.0
2012-06-21,-0.0025786520561353367,0.006981797430753889,0.18795514078742734,-0.013181423074212948,0.03173266303012595,1.0014353802567777,0.0
2012-06-22,-0.005081601479853133,0.014124894230334481,0.18967041495948617,-0.0048966649728730514,0.0390447568176901,1.0015688961905107,0.0
2012-06-25,-0.023183154617125334,-0.00400389704569562,0.19831491364471543,-0.020105984170765052,0.021796741754019376,1.0003719131557172,0.0
2012-06-26,-0.027796475931845716,0.004258767011599513,0.1987740327039509,-0.014539728689105644,0.026194385451117533,0.9998251431514186,0.0
2012-06-27,-0.017197584318387603,0.0011963589303202356,0.1967491770249346,-0.004882292699294572,0.03468604132671412,1.00011379671018,0.0
2012-06-28,0.0026390146990504255,0.012954725343659249,0.18979332652141068,-0.006964478207579843,0.03103230253771422,1.0001102706162497,0.0
2012-06-29,0.019587893665270306,0.03977930759903951,0.20676039873590935,0.017927436106181183,0.05594517823380121,1.0020911639445735,0.0
2012-07-02,0.0387605032543583,0.06828610650879338,0.18117090446221645,0.0211049783635477,0.05840301285950897,1.003857829492709,0.0
2012-07-03,0.040319075214837324,0.07532619383007591,0.18099071332008726,0.027633594887577332,0.064646504213403,1.0057267455172716,0.0
2012-07-05,0.02682043147838283,0.0632601504828402,0.18248718971240957,0.022968145092853408,0.059088953356688054,1.0067503994820406,0.0
2012-07-06,0.020128761843422306,0.031490523154692154,0.17330821448804196,0.013697928817638084,0.04832475503410149,1.0067022477552847,0.0
2012-07-09,-0.005747788306313402,0.029629758833854047,0.17354885879208043,0.013050499711510333,0.046178998630752276,1.0064868662480482,0.0
2012-07-10,-0.017513966653013018,0.012951045135600763,0.17527547235858754,0.005048055325537786,0.03613259105270403,1.0055456457809095,0.0
2012-07-11,-0.02393628537899457,0.0258787611860003,0.16841357445367494,0.005950107986971375,0.035391211386522015,1.0047569202851396,0.0
2012-07-12,-0.02427035802994488,0.0095974324736288,0.16541509466661664,0.0020541847648713474,0.029616390548749035,1.003699398103524,0.0
2012-07-13,0.0019171969035096728,0.03265044545318596,0.17247383647428477,0.01945447715818956,0.046081287326380775,1.0041568576808537,0.0
2012-07-16,0.0008122043726696906,0.019746133189407482,0.16977116289335162,0.01752532362815387,0.04272728053899372,1.0042773325228804,0.0
2012-07-17,0.016414974928135224,0.016414974928135106,0.1678694795574843,0.02450322945690775,0.04899452627544397,1.0048722909845507,0.0
2012-07-18,0.02364501199557473,0.021857620822571786,0.1693931463824406,0.0319398212727149,0.05570815405919129,1.0058766490931088,0.0
2012-07-19,0.031118382695608984,0.014848391977172758,0.16663468548605875,0.034351254469283964,0.057274926280274356,1.006804475789303,0.0
2012-07-20,0.005290161922432066,0.0072806252843521605,0.16999598216680775,0.02466882081678075,0.046562518220475066,1.0067104001961953,0.0
2012-07-23,-0.002513444169303339,0.019811341076239487,0.1533200743145012,0.014341908439851756,0.03508749759400062,1.0057489342443486,0.0
2012-07-24,-0.017981564570273965,0.0035150118377142783,0.1546947820651003,0.0057801490644046214,0.02544226853657216,1.0042473739033604,0.0
2012-07-25,-0.0251365364925872,0.019904238947109926,0.14285786925079028,0.005923976726668941,0.02488479411463564,1.00303927715167,0.0
2012-07-26,-0.011390943374719471,0.03125392453429901,0.1520422241680366,0.02197912221343673,0.04105696132771028,1.0033614544412435,0.0
2012-07-27,0.01606454130032249,0.04054275090306226,0.16095041181433956,0.039797404432738374,0.05940190872128586,1.0050508737716772,0.0
2012-07-30,0.02622833559249757,0.04340066196968663,0.16018171217919444,0.038474570956458884,0.05860008306140042,1.0063103399898314,0.0
2012-07-31,0.027833173263509325,0.011760291435953304,0.14031346297683467,0.029878574298381453,0.05043015211559395,1.006653331620225,0.0
2012-08-01,0.026736995133409505,0.00788073082616114,0.14010419129734245,0.028012290520670793,0.04883670382614266,1.0067744635324636,0.0
2012-08-02,0.0034456785528193517,-0.005619472127718961,0.14038606242456858,0.02013344959608243,0.040868702887050634,1.0062366375357523,0.0
2012-08-03,0.004819282717481192,0.01854160214216062,0.1553153619638816,0.039161353973633,0.06075671867219617,1.0073241020075003,0.0
2012-08-06,0.006755149877843477,0.0300270500041078,0.1506198226127314,0.039969324772841784,0.06198776709337121,1.008244447378047,0.0
2012-08-07,0.01877562277301257,0.03628370251527928,0.15077378103364247,0.04379964848714661,0.06647805402007603,1.009272127533715,0.0
2012-08-08,0.02085779661127892,0.04625249409045308,0.1459142017738734,0.04390214901004797,0.06702060774770968,1.0100637595752455,0.0
2012-08-09,0.02864090532256642,0.04695771857384203,0.1458095755323774,0.04331701673503675,0.06723988065930693,1.0106332104384612,0.0
2012-08-10,0.01063553108533187,0.05344749125743737,0.14354766845178665,0.043466768557187306,0.06818493436300467,1.0110857351079832,0.0
2012-08-13,0.008202644249497432,0.036312497350095556,0.1343276153369507,0.04090144211050337,0.0669086484528637,1.0112696471089482,0.0
2012-08-14,0.0033435942162091657,0.03881509235881875,0.1336456780244059,0.03899834679942987,0.06648733213148295,1.0112936634825804,0.0
2012-08-15,0.003269064291148927,0.03310658345346678,0.13241422000251313,0.03825659709358039,0.06711833881989035,1.0112726795422173,0.0
2012-08-16,0.009766173757798148,0.033078880336065444,0.13239895714855318,0.044271349868525656,0.07424134968083194,1.011718464665874,0.0
2012-08-17,0.009469507634440091,0.03179861619626848,0.13234628408434818,0.044008138350060746,0.07477984160533088,1.0120376682473282,0.0
2012-08-20,0.01003688996841004,0.04105922539607353,0.1266750667521862,0.042584775260286346,0.07403742837787021,1.0121521444476733,0.0
2012-08-21,0.006865647380257073,0.04819418390837916,0.12032646081998438,0.03775356016443731,0.07008213877816237,1.011856403428099,0.0
2012-08-22,0.006153447944991177,0.05724159596873192,0.11389158141827516,0.036738276111956444,0.06979597829768436,1.0115219389417585,0.0
2012-08-23,-0.009411176505645266,0.048804240323007377,0.11982250179724424,0.026866502655695585,0.06039026824076502,1.010470600430007,0.0
2012-08-24,-0.004723269285409522,0.03846629028557842,0.10946512378219643,0.031756923268848866,0.0661694584672691,1.01000902525572,0.0
2012-08-27,-0.0045817662882633075,0.020412917807487725,0.09174617933775514,0.030863157121100545,0.0655797581628002,1.009549620167414,0.0
2012-08-28,-0.0025421590818213904,0.019423689234060196,0.09194202494504887,0.028794887032651335,0.06376390325789912,1.0090011585084921,0.0
2012-08-29,-0.0021883544997814666,0.027220068205441126,0.08730406411043021,0.02872521591748334,0.06391708895442516,1.0085307228787468,0.0
2012-08-30,-0.0012094485783188712,0.020857796611278998,0.09195296740463266,0.020566715367720822,0.05557356659836354,1.0074879267131744,0.0
2012-08-31,-0.0024764698979731032,0.03254414183478597,0.08809786210048495,0.02413634393019669,0.059928143789387225,1.0069648132392488,0.0
2012-09-04,-0.0036094944377914797,0.011984140652215052,0.0588354124450133,0.022070717621607706,0.058201249824521385,1.0064020110768521,0.0
2012-09-05,-0.0034718950612249327,0.009196644294991783,0.05881283427957928,0.019783161355583223,0.05647911738013103,1.00582020266478,0.0
2012-09-06,0.01584479370382731,0.024289239136255865,0.08903957585539474,0.038709417085674595,0.07696555282296452,1.0069138494118326,0.0
2012-09-07,0.026966285589543768,0.026966285589543844,0.08954141390534547,0.041076270666673416,0.08008603957054576,1.0080021660897005,0.0
2012-09-10,0.016510637247804695,0.020413873760024244,0.092756775473157,0.033562718313485805,0.07289762728189969,1.0082980404569597,0.0
2012-09-11,0.020214877480477827,0.02156348704736101,0.09294535511839405,0.0352785828616165,0.07471531204711471,1.0086572619207725,0.0
2012-09-12,0.02439659309611944,0.025390593141613793,0.0931001338473998,0.03755555548860125,0.07709840210211605,1.0091059771817203,0.0
2012-09-13,0.019424268210079136,0.040369913130125834,0.1046783178464312,0.0519765354413523,0.09233785223313246,1.0105773150008714,0.0
2012-09-14,0.019961804033884527,0.04365902533227944,0.10498652257780025,0.05505927033022225,0.09599456244721316,1.0119605298669763,0.0
2012-09-17,0.02225769626802169,0.032905396270247786,0.1047904470789332,0.04978346130144216,0.0913089482913478,1.0126211725882186,0.0
2012-09-18,0.018656537069553485,0.0307505164824744,0.1051154421262714,0.04723182890369292,0.08945978251158011,1.012922518446409,0.0
2012-09-19,0.015872043176378758,0.031225746349582507,0.10504890606996055,0.04592674406012204,0.08909113521635895,1.0130508695104574,0.0
2012-09-20,0.0008184446717636826,0.034322710421632444,0.10391313659831049,0.04412947339629162,0.08825738238667696,1.0130043988406572,0.0
2012-09-21,-0.004024507060787009,0.03348107032650125,0.10407747935421914,0.041744819571475966,0.08690049218111282,1.01278312078641,0.0
2012-09-24,-0.002131685717375098,0.04018488705851795,0.09856262399468763,0.03859820245992619,0.0843896300647071,1.012340603783224,0.0
2012-09-25,-0.012012599681924098,0.023461186085959825,0.10648092802971122,0.026171391771797784,0.07194184198183089,1.0109977513145487,0.0
2012-09-26,-0.018194946422728765,0.017612566215117052,0.10900503241286422,0.01929222867501402,0.06512888345603081,1.0093734609874057,0.0
2012-09-27,-0.00888617075367371,0.027978698749780123,0.11266798899363467,0.027725359962668984,0.07424380724344058,1.0087401064521118,0.0
2012-09-28,-0.0131109216146684,0.022558503211614317,0.11455312668984441,0.021952430273548887,0.06833553757964496,1.0077740847419137,0.0
2012-10-01,-0.008965541336043034,0.03242879430079379,0.1105664419349665,0.023399821729161177,0.07015644530925655,1.0071388177002312,0.0
2012-10-02,0.0027719728722411597,0.028709628856174087,0.1099533965462621,0.02299417915232623,0.07028127651898082,1.0066426323069984,0.0
2012-10-03,0.012483278961808316,0.03370533961471684,0.11000526564390271,0.025447306443581653,0.07364536415337039,1.0065039490416336,0.0
2012-10-04,0.01024882477865657,0.04169941858966163,0.11123456703080338,0.03092062067513032,0.0802375620469965,1.0068942051764496,0.0
2012-10-05,0.014960285611367224,0.02167399511915423,0.08970575460901446,0.02943820634626961,0.07935269113289277,1.0071249726136082,0.0
2012-10-08,0.008896948621441495,0.014359457332691512,0.09034852599937683,0.024804962009313338,0.07473503152051336,1.006948079643205,0.0
2012-10-09,-0.002078124437631961,0.010120867170737428,0.09518452490649064,0.01377976136160379,0.06329357082978412,1.0059375784310245,0.0
2012-10-10,-0.012553678372215419,0.0009367837620235945,0.09767133772554047,0.006419605972852381,0.055779126773165336,1.0045711008960345,0.0
2012-10-11,-0.019137604551896874,-0.001834779058354693,0.09696597373998793,0.0060631176909448645,0.05564025432431453,1.0034919948362757,0.0
2012-10-12,-0.022489905365849706,-0.02024017845677461,0.08008296423958097,0.0017841543399616786,0.05140914940734027,1.0023464496611307,0.0
2012-10-15,-0.010768930376468594,-0.016371277077661606,0.08436989484902188,0.009353110254205611,0.05939301815756184,1.0020801284939913,0.0
2012-10-16,0.009249298335719221,-0.002887530761565041,0.09170017092360136,0.018629846056832718,0.0692669212548432,1.0026549116271524,0.0
2012-10-17,0.020175298945166044,0.002455545637636149,0.09305840299217699,0.02230153718961443,0.07330485187486221,1.0034380750027088,0.0
2012-10-18,0.017013643856576468,-0.000693178378156983,0.09351377724136892,0.018778138750630537,0.06972904258456031,1.0038013684303524,0.0
2012-10-19,0.0034929793660753265,-0.017565643762462967,0.110081722520666,0.0013078771792902279,0.05123841967822832,1.0027030888609687,0.0
2012-10-22,-0.004661323566271631,-0.017008093583146228,0.11012535717822666,0.0009836973676143877,0.05070777493392116,1.0018222328436086,0.0
2012-10-23,-0.028716315341220773,-0.029472160385410714,0.11921194547794993,-0.01309862891371564,0.03554801702492308,1.0000094929901162,0.0
2012-10-24,-0.0360742931305039,-0.02160614781094365,0.11450493468412765,-0.0160247892086867,0.03209719192195927,0.9983629626456008,0.0
2012-10-25,-0.0305678858409993,-0.013066117796427523,0.1139952066324456,-0.013333023913791922,0.03456282497483486,0.9973158689847313,0.0
2012-10-26,-0.01432901022298853,-0.023008483231777784,0.1080549123917733,-0.013906464557731682,0.033458216614998815,0.9964791412815,0.0
2012-10-31,-0.014468478642917783,-0.018365650611395605,0.10732900691428642,-0.01389614637715592,0.0329140559983707,0.9958617072409925,0.0
2012-11-01,0.009921150812620884,-0.010585468236746795,0.11372861639839886,-0.003764815132985749,0.04314255204609053,0.9962512935812582,0.0
2012-11-02,0.0038222315283863665,-0.02055588915479844,0.11721572540629166,-0.012699597005610125,0.0333868108633536,0.9958891004922061,0.0
2012-11-05,0.002965575007062542,-0.022583821751173294,0.11632122662419543,-0.010784947884349125,0.0350381239217708,0.9958136451747875,0.0
2012-11-06,0.01132579257696697,-0.021931515433467382,0.11692228243644025,-0.003467616004004452,0.04264464624948077,0.996423353127308,0.0
2012-11-07,-0.011599154484681093,-0.044925090707443924,0.13917746812890108,-0.025912142125490933,0.018640586711463524,0.995126336747712,0.0
2012-11-08,-0.03411197653391239,-0.05359439339210067,0.14336532086698764,-0.03725527507792591,0.0060803648958223265,0.9932151873348943,0.0
2012-11-09,-0.02431136295682875,-0.042789127673995224,0.14122298770925998,-0.03608387072429752,0.006677552869677203,0.9918537047394812,0.0
2012-11-12,-0.025562129608629823,-0.0355922729875877,0.14062046425995903,-0.0349813244362399,0.00717317131249832,0.9909352822673991,0.0
2012-11-13,-0.036834425392625596,-0.039628336274196097,0.14050054337725706,-0.03806901727239304,0.0033875259302133176,0.9900408440393609,0.0
2012-11-14,-0.027500136195327294,-0.04993532153692151,0.146212036778974,-0.05045984771468039,-0.010391069910098586,0.9883861414843401,0.0
2012-11-15,-0.017097019796020997,-0.05992248281165308,0.14102864532925496,-0.05145932850670581,-0.012292588668494333,0.987078276519268,0.0
2012-11-16,-0.013040577655302109,-0.06507900366501655,0.13611505647332534,-0.046270533746149305,-0.007627416437088228,0.9865759427901215,0.0
2012-11-19,0.00620045279106082,-0.04956711914169292,0.15618882338086598,-0.0264401241683601,0.012147548485960943,0.9879188249195413,0.0
2012-11-20,0.010109215709832408,-0.046532764420940155,0.1564828135780243,-0.02542368058478077,0.012339779926179949,0.9891433919119603,0.0
2012-11-21,0.02556633857425934,-0.027861962328737493,0.14766892226526854,-0.0231518338243886,0.013973520419613151,0.9903761222317012,0.0
2012-11-23,0.04079268060246352,-0.014468478642917917,0.15637650317472948,-0.009593165066855302,0.02746950491075514,0.9925411613838374,0.0
2012-11-26,0.033742763707408974,-0.002619924616386809,0.14890192885925213,-0.011338790451062812,0.024996080685847574,0.9941495003507312,0.0
2012-11-27,0.008588086165466583,-0.0049047398457224296,0.14963409087778187,-0.01562919349805786,0.019505674802299932,0.995064469585125,0.0
2012-11-28,0.016177178479854497,0.0002122998999136488,0.15201665460525432,-0.007006175880705183,0.027376354167952602,0.9964821319887246,0.0
2012-11-29,0.0189655084147456,0.005432556308996642,0.15284096169322856,-0.0018349873637061068,0.03184159900216509,0.9980074097971721,0.0
2012-11-30,0.0056431432221874895,0.005643143222187355,0.15283821152830343,-0.0011067972440686011,0.031723530714248875,0.9992402691401233,0.0
2012-12-03,0.0028313480306199302,-0.009709727398387762,0.14920462430435,-0.005400755653109665,0.02631235937244339,0.9998165341716942,0.0
2012-12-04,0.006534573551305933,-0.0021923978228028627,0.14606746002362103,-0.00615245330217484,0.0245936946258496,1.0001564513609127,0.0
2012-12-05,0.0002829278949337264,-0.002470347212215165,0.14601905187872885,-0.0037804845229617947,0.026143122779994588,1.000562445144638,0.0
2012-12-06,-0.0009856256172636186,-0.006878861885233944,0.1437906804416201,0.00011550212806607548,0.0293429740708915,1.001145394235941,0.0
2012-12-07,0.0018278399563861538,0.019070137663254605,0.11823368513851024,0.003383377632586402,0.03214667021121922,1.00183135153236,0.0
2012-12-10,0.007185756215173103,0.03158800535069772,0.1084309058946291,0.003922259806361947,0.032287787821376375,1.0023807466802974,0.0
2012-12-11,0.015385693046345919,0.03750465818037181,0.10992085115927826,0.01092836423646635,0.038994963726786805,1.003329455001082,0.0
2012-12-12,0.014104637094282871,0.03719641949069753,0.10996101236306471,0.011487013261703658,0.039186557996570705,1.004071825156425,0.0
2012-12-13,0.00456754224180417,0.03452310574919582,0.1119409752158322,0.005528403479625147,0.03254887280693915,1.004111244399472,0.0
2012-12-14,-0.002179024802787112,0.044391249055794786,0.09955321851353606,0.002131381992191076,0.02844796718463788,1.003797428873303,0.0
2012-12-17,0.009083515024991714,0.05776854017171044,0.10380178173100876,0.014097651710776768,0.04023085786445885,1.0044451312124514,0.0
2012-12-18,0.013364967642779441,0.06391020347845336,0.10753586602753418,0.02549277109303273,0.051423198853162246,1.0057948037451396,0.0
2012-12-19,0.005420047376317242,0.03641601407595396,0.09413337852570539,0.018139561009837133,0.043250987320690375,1.0061787308002315,0.0
2012-12-20,0.017307263487969092,0.04172115352733251,0.09499813994241264,0.02407191665774872,0.04878409042236347,1.006869719762017,0.0
2012-12-21,0.01191082220150469,0.030735732683040137,0.10249922532845371,0.014832812126288316,0.038884038713090346,1.006597388393094,0.0
2012-12-24,-0.002858794710879049,0.014117064858367867,0.09362545665491323,0.01169477681301533,0.035371305221883635,1.0060620417482475,0.0
2012-12-26,-0.018149659442075434,0.01201778032896896,0.09469201094908693,0.007516329699227538,0.030738518997390146,1.0052371831409779,0.0
2012-12-27,-0.012033425499825362,0.015794502410662006,0.09271567953766836,0.006212384690433494,0.029096564744642107,1.0044247060123577,0.0
2012-12-28,-0.028636922713911404,-0.0030929476664333933,0.09704446676498109,-0.004233377801381101,0.017862476443414693,1.0028778879783848,0.0
2012-12-31,-0.0026648455301255987,0.00910537873816894,0.11260269498318687,0.012993884911629922,0.034953802245240036,1.002971040733527,0.0
2013-01-02,0.025728400349613212,0.03420232198579359,0.14176251001809467,0.038825942703596204,0.06115655292932317,1.005056638776266,0.0
2013-01-03,0.027690588465942034,0.036877020764291064,0.14049891325437802,0.0363407987724253,0.05845640398782576,1.0064399747996169,0.0
2013-01-04,0.033413943758108106,0.042673872617464186,0.14028549674162752,0.04030197039441372,0.06279735963459417,1.0078003981669135,0.0
2013-01-07,0.041544336832725945,0.038168461271358825,0.14125690440116268,0.03693262830212497,0.05958596698343149,1.0085488466152353,0.0
2013-01-08,0.021809738522545946,0.031900742877978505,0.14204631137285711,0.03319659535226555,0.056238917529802195,1.0088012698938458,0.0
2013-01-09,-0.0009588025717484142,0.031415679457659024,0.14199148520431076,0.03495729439985873,0.05857292666737423,1.0091009717446138,0.0
2013-01-10,0.009221079307954872,0.03891234385707284,0.14364180487828607,0.042202098908400376,0.06660651058083707,1.0098690768339025,0.0
2013-01-11,0.004770890583263042,0.032059070154381315,0.1426349844428195,0.04114047187995887,0.06622770159663197,1.0103479293291884,0.0
2013-01-14,0.006827271626610319,0.03089109580368627,0.14279947424133022,0.03945876627818626,0.06518370319734025,1.0105463947373963,0.0
2013-01-15,0.010389109011396612,0.03772230964757095,0.14014135285655105,0.03939495184165174,0.065559391548999,1.0106336689164837,0.0
2013-01-16,0.007714032492957033,0.04130873675340318,0.1389070517767024,0.03830148820402095,0.06505708052212496,1.0105674645155414,0.0
2013-01-17,0.006235629984751799,0.03606445881683293,0.13542918624212047,0.04395540216614405,0.07156365241673505,1.010912073468837,0.0
2013-01-18,0.008530868332343771,0.027224970843945647,0.13113375615962955,0.04534283617841056,0.07360484295681917,1.0112338772683194,0.0
2013-01-22,0.014590379288568604,0.04006142771593764,0.12783470206716077,0.04944358300186769,0.07899215889930089,1.0117890665754805,0.0
2013-01-23,0.0155172996042999,0.035932345763901766,0.12707445925421892,0.04931488828580165,0.08026101496138115,1.012214585891928,0.0
2013-01-24,0.015921574847816103,0.04531948939971459,0.12101005485402884,0.04779694066804743,0.08008001161615222,1.01242571548223,0.0
2013-01-25,0.015088370355219462,0.05401162388293144,0.12000609730772728,0.051776884771695245,0.08558595821741383,1.0128988503689593,0.0
2013-01-28,0.011662498136271134,0.057037128422292215,0.11829268798147552,0.04857183001201392,0.08363829384685077,1.0130203189389277,0.0
2013-01-29,0.010206682257319787,0.062301535473082786,0.11742017310620137,0.05039113672297916,0.08726828672923284,1.0132801480544111,0.0
2013-01-30,0.004676066864314972,0.06924533534212814,0.10929496801828294,0.04404705273166295,0.08247597387922148,1.0130116818177874,0.0
2013-01-31,0.00193925407565795,0.04992358900549815,0.09912092535262929,0.03940613057441706,0.0792252555556549,1.012452732350935,0.0
2013-02-01,0.006567591428958212,0.03485081496227644,0.061980209692083676,0.04819349499239609,0.08967651365111894,1.0126954725634134,0.0
2013-02-04,-0.0035381176204547114,0.025808422335895472,0.07560616220655103,0.0347860208969635,0.0769281737210134,1.0118292786917837,0.0
2013-02-05,0.00258490664375404,0.031472498358728715,0.08094047019484044,0.04341735601717333,0.0872204516766994,1.0118215795994565,0.0
2013-02-06,0.007236749859688215,0.034937748369090416,0.07953363492185733,0.04262132005851814,0.08739301878343733,1.0117368350004954,0.0
2013-02-07,0.008381364211637456,0.036495214694589655,0.07858955156921421,0.03967800692026376,0.08535262681546207,1.0114279914006317,0.0
2013-02-08,0.003696002793794881,0.03950562032781973,0.07966079960054356,0.043672647846714395,0.09071053096041462,1.0115006256820331,0.0
2013-02-11,0.014802411467971746,0.031389754495912345,0.07682189734971635,0.041846451858555636,0.08983502882549418,1.0114077630031049,0.0
2013-02-12,0.006402046800301535,0.03310365457576721,0.07661176018996628,0.042003259118998784,0.09103287563243115,1.011335253936474,0.0
2013-02-13,0.006528119890595138,0.03463859663307523,0.07622560610934313,0.04132367378367717,0.09140052197495566,1.0112158070867112,0.0
2013-02-14,0.008771691600285068,0.034877797283478104,0.07619178469630672,0.04059575060031059,0.09184289634484875,1.0110663460763483,0.0
2013-02-15,0.0020398215802867915,0.03383140941514949,0.07658792670729284,0.03768487702397027,0.0899792018426553,1.0107263885473428,0.0
2013-02-19,0.009704233546865525,0.03485835805802607,0.07748113284600772,0.04364680373221672,0.09755979053513594,1.0109371654028336,0.0
2013-02-20,-0.0044833810894757235,0.020089405153947717,0.091703936775149,0.02918729812002001,0.08335830597006937,1.0099697445741738,0.0
2013-02-21,-0.011435874800399846,0.008612342544106782,0.09333380892407496,0.021678087971980998,0.07624853443412903,1.0086134635183739,0.0
2013-02-22,-0.0026301527633700496,0.01673034491580816,0.0987265552873717,0.030203968732317007,0.08609521632329753,1.008227964248651,0.0
2013-02-25,-0.020657779744347432,-0.002747945177014044,0.12066147518622782,0.009702625520110102,0.06488642049566685,1.0063074825734077,0.0
2013-02-26,-0.02130204186587842,-0.0015320541630718127,0.12146079590371478,0.015579520670653916,0.07156943900805186,1.005269255034659,0.0
2013-02-27,0.0037594393393810613,0.012186346357057645,0.1289261040168813,0.026944398379081965,0.08435196031783984,1.005394971195297,0.0
2013-02-28,0.007880718457795022,0.006286378744582017,0.1286181028233496,0.023462069878322157,0.08151754670662431,1.0052728634583297,0.0
2013-03-01,0.001447677443122688,0.013501955494615876,0.12806080292585678,0.02554215759453685,0.08435457539596919,1.0053805142171897,0.0
2013-03-04,0.025968288472888016,0.021281089220216022,0.1285137083403498,0.029812227133853838,0.0893073980775284,1.0058294368384628,0.0
2013-03-05,0.028065434183889754,0.019965788591859726,0.12740049360692438,0.03749930120687895,0.09815669373763825,1.0068329509227,0.0
2013-03-06,0.01690548402702921,0.03262994800454156,0.11935005276656366,0.0374598356489988,0.09871339703130493,1.00764703030705,0.0
2013-03-07,0.020692956986181038,0.024394429087009013,0.1153074930418839,0.03766930316532177,0.09968042199772664,1.0083401594033798,0.0
2013-03-08,0.021655494464056946,0.0279207000989846,0.11578663180758647,0.04026794844397322,0.10327353162919015,1.0091284818035597,0.0
2013-03-11,0.02013402647879065,0.03303375148736921,0.11566483632240156,0.04222497805678982,0.10642688074164194,1.0099442072903015,0.0
2013-03-12,0.008968667196117532,0.025238452994182377,0.1154401685174625,0.03792899312204759,0.10293656469981977,1.0102832128398271,0.0
2013-03-13,0.009021153263249187,0.026848689799819005,0.11532888210360354,0.03720114203771241,0.10348178372450773,1.01054226830715,0.0
2013-03-14,0.012519814663746116,0.030512196950453593,0.11617113599491771,0.04073975998032612,0.10831659804920012,1.0110507165922515,0.0
2013-03-15,0.006943869056296989,0.028336449264686453,0.11655620044820976,0.03792341312123104,0.10580848592574794,1.0112120820206651,0.0
2013-03-18,-0.002379352196569966,0.021882707690514175,0.11897502432322574,0.030837774156141855,0.09876301813322512,1.0107631010173859,0.0
2013-03-19,-0.0024596206809446007,0.02073901073295098,0.11930995710028115,0.0272280243431522,0.09521159863340595,1.0101016459064602,0.0
2013-03-20,0.0030897745771471174,0.020234230830100595,0.11897692077970416,0.03298140677376075,0.10180604041968393,1.010026033912595,0.0
2013-03-21,-0.010799268910675962,0.024196309129253354,0.11399767847944048,0.022873527483991178,0.09127411967851526,1.0091643773348584,0.0
2013-03-22,-0.0014769549782658112,0.038295369086820484,0.11315888246656544,0.029681368178015734,0.09886414714030761,1.0090250529422484,0.0
2013-03-25,-0.00012894898550966025,0.024383911468374563,0.11116289685698101,0.024224843228975786,0.09316635303427377,1.0084767212262538,0.0
2013-03-26,0.010167964874689536,0.05156475535198795,0.08526042123983685,0.03108937608148489,0.10086249206463284,1.0085893342048835,0.0
2013-03-27,0.0032061728777733013,0.044742445573752315,0.08412555313458503,0.029747365333253388,0.09981550121381566,1.0085779562906168,0.0
2013-03-28,0.014854046513365348,0.035290916303237635,0.07532984039723886,0.03151751689537535,0.10216828322147947,1.008716526225808,0.0
2013-04-01,0.0028879554558530465,0.03330260608487851,0.07684574517268972,0.026131628633062242,0.09674604402825542,1.008405771345148,0.0
2013-04-02,0.01199578904041728,0.03493202306566916,0.07750610114918559,0.029910949914583256,0.101120465058588,1.0084607305965025,0.0
2013-04-03,-0.006165422961548447,0.019431043917551488,0.08640556058283956,0.01845806780590369,0.08896122509603985,1.0075910764681424,0.0
2013-04-04,-0.00211547154539526,0.014561539844467303,0.08227690690478613,0.021600450266965256,0.09241121873553046,1.0071464234273855,0.0
2013-04-05,-0.009684454290341203,0.008700977985867222,0.08416180972362201,0.01615351055482104,0.08662001004187979,1.0063575368319657,0.0
2013-04-08,0.0010252121132108098,0.01363486121190828,0.08688476191124385,0.022031478069769593,0.09305311706652651,1.0062056641512445,0.0
2013-04-09,-0.00044612923094591644,0.012830399370666289,0.08650800814177939,0.02460323122373651,0.09593705676034396,1.0062920495696486,0.0
2013-04-10,0.021918742788725687,0.02121576022748652,0.09486289106800706,0.03589877241857542,0.1083748443384612,1.0072685150710927,0.0
2013-04-11,0.021140615471925712,0.02673348812027548,0.09440101163259886,0.03804701596525585,0.11088353897869775,1.0082111880686901,0.0
2013-04-12,0.02318840270954873,0.02286822743216676,0.0952746464923613,0.034236812181441596,0.10709715189813686,1.0086531902753313,0.0
2013-04-15,-0.0070027545547072904,-0.005887708006545124,0.12626041713689862,0.009469882244575836,0.08046269417314288,1.007027620536162,0.0
2013-04-16,0.004201797907072358,0.010088328221441657,0.13632855940210517,0.023461372755282255,0.09535920746191569,1.0068399694044754,0.0
2013-04-17,-0.022691760303099086,0.0009033521209574,0.1448792047211499,0.00769055936843449,0.07844788322657215,1.0054436084235443,0.0
2013-04-18,-0.032236945641160815,-0.0030438368399407344,0.1463304780880699,0.0008998908818892203,0.07082629174126795,1.0037918442698517,0.0
2013-04-19,-0.021128642281678205,-0.0013501894266585625,0.147479981791645,0.00894696758395111,0.07932326873145724,1.0031383582091158,0.0
2013-04-22,0.006746273763178309,0.01165783466730915,0.14487764646630052,0.01265238798425875,0.08328874980307661,1.0029433835779435,0.0
2013-04-23,0.002347860517017946,0.013913143716725418,0.1465392595578919,0.022210210849656787,0.09359703235803812,1.0035792548023648,0.0
2013-04-24,0.017700706051517856,0.018733007157984916,0.14547714994412947,0.0219601040544464,0.09340459201183718,1.0040861711244835,0.0
2013-04-25,0.02801920308252253,0.014807401367892261,0.14369503845573495,0.025150460109790777,0.09687590496470472,1.0047610576824777,0.0
2013-04-26,0.017595946538168684,0.013039584233736825,0.14393463217465585,0.022445329411283656,0.09398556835714754,1.0050913605377683,0.0
2013-04-29,0.019843822152139746,0.01664761030608355,0.14524433071072004,0.028273276606579436,0.10027178093462344,1.0058285301712766,0.0
2013-04-30,0.011970033021706065,0.02299522128257844,0.1442857685897889,0.029630467018325314,0.10184021749537374,1.00652924207546,0.0
2013-05-01,0.002530202498563233,0.009267420616130877,0.1474992208500807,0.0198523964555485,0.09116346523726047,1.0062936823869824,0.0
2013-05-02,0.00772975339293366,0.028702577722374372,0.1451951861565906,0.028121288966744703,0.10030153579201576,1.0067793984928617,0.0
2013-05-03,0.01958724296979888,0.03474229874893097,0.14808025088724314,0.0369967032212919,0.11038105051259929,1.0078960940894417,0.0
2013-05-06,0.015448370366936238,0.04178043496336099,0.146391665268921,0.03822196908211665,0.11214248535882267,1.0088812151087394,0.0
2013-05-07,0.018121555369785835,0.040091564539153475,0.14581621606151995,0.041578016895596495,0.11672312630795224,1.0099564815814752,0.0
2013-05-08,0.03146796395865082,0.04118151380572762,0.14601012406599356,0.04444658392941806,0.12073080617981939,1.01104753437852,0.0
2013-05-09,0.019403641615341256,0.02618747654898995,0.14197777391585867,0.03995734199269517,0.11647639835576666,1.0115403461836339,0.0
2013-05-10,0.012562266879715902,0.026163950156721162,0.14197356970203265,0.041682014613215225,0.11893643531588972,1.012053022580046,0.0
2013-05-13,0.010819878804287478,0.02941191105809975,0.14135185387269003,0.04090435110718867,0.11860685551256239,1.0123765544458347,0.0
2013-05-14,0.01604490734195589,0.06313922643581665,0.11185954378221846,0.04992520585297652,0.12887288446932552,1.01331803432891,0.0
2013-05-15,0.016876626008981967,0.05385634190763723,0.10402770433292242,0.05390458978612263,0.13370557724949353,1.014332461729701,0.0
2013-05-16,0.014990004167677075,0.06386924101976611,0.08754278537270814,0.047424710261524894,0.12726808004209322,1.0145723617742277,0.0
2013-05-17,0.021372170053343922,0.0797730658512259,0.08346128259691393,0.055842240067757544,0.1369915969267318,1.0153701325492228,0.0
2013-05-20,0.02051699390582403,0.071057547245602,0.0825264916615066,0.05415490645782449,0.1357043227586983,1.0158059294748305,0.0
2013-05-21,0.01167311773565851,0.06806607040829685,0.08269974222043852,0.05409576139945584,0.13610558073539536,1.016076477494804,0.0
2013-05-22,-0.0011444120152343173,0.05036406937538497,0.08643006990053173,0.044835173580761896,0.1264696214124795,1.0154984923268984,0.0
2013-05-23,0.000664937544431097,0.04683347251267935,0.08818580759199156,0.04047094321949541,0.12212834626248505,1.0146346378970104,0.0
2013-05-24,-0.009812108418461163,0.041941754350242215,0.08854462027067629,0.038379273499019026,0.12011444442537984,1.0137224117048094,0.0
2013-05-28,-0.003780983925461793,0.04968061678197151,0.08845661874833072,0.043225846179988786,0.12574253917334124,1.0133294757786449,0.0
2013-05-29,-0.011733354466027118,0.036488893790130005,0.09208609311094434,0.035119776830727624,0.1174077805691406,1.0123461793484205,0.0
2013-05-30,-0.0006026477260307273,0.03779138862764818,0.09231132399996937,0.03748280167989773,0.12048870872860933,1.0117296300138527,0.0
2013-05-31,-0.012161877300146253,0.03214139271396987,0.10205142305776538,0.021600746568940624,0.1034767596659745,1.0099620817515667,0.0
2013-06-03,-0.005824057139046174,0.028387943818262387,0.09926679411447693,0.02594483228780209,0.10858258004464225,1.0088995667519753,0.0
2013-06-04,-0.01661383365162763,0.013479540160545003,0.0961159622492951,0.019999307840451497,0.10231959859295069,1.007583167737233,0.0
2013-06-05,-0.024198166531847608,-0.0031576431086538393,0.10846697236446072,0.00492639676400667,0.08605653468609013,1.0053534792292893,0.0
2013-06-06,-0.01887054159045852,0.000799291667403822,0.11167859564148011,0.013198701606177216,0.0950370760945654,1.0042540118260337,0.0
2013-06-07,0.008226230284210751,0.008899659039529804,0.11907364110772922,0.0249884981662969,0.10803514142720906,1.0043515042537534,0.0
2013-06-10,0.002734992493251655,0.011719294696172784,0.11850516821802545,0.023952952564753386,0.10710531830826701,1.004377792577897,0.0
2013-06-11,-0.0028159553928534054,-0.0018986821120243,0.1238775604499241,0.012502723442227531,0.09481255236918963,1.0035217033793118,0.0
2013-06-12,0.002972475024226859,-0.011005046888714459,0.12703366981060163,0.0035081569886258727,0.08493907910567029,1.0021530622986277,0.0
2013-06-13,0.009053624521491088,-0.006191991153060981,0.1331392454583295,0.017636029103112863,0.10048348680854038,1.0022547282384742,0.0
2013-06-14,-0.009879510613222217,-0.01785647758267438,0.13301519196455294,0.01033601002506803,0.0927005283054253,1.0018066269742358,0.0
2013-06-17,-0.0021876751336301877,-0.0054583846051344765,0.13539893705567624,0.016968670625752198,0.10020724196486493,1.002049038505872,0.0
2013-06-18,0.016056857967825865,-0.007213994197542359,0.1339115154198117,0.0238019629384378,0.10791583771021562,1.0028478303628787,0.0
2013-06-19,0.010454716641497656,-0.021067324153040835,0.14190249978181665,0.008820984595297607,0.09172095524727984,1.0023265624904591,0.0
2013-06-20,-0.029729374617974764,-0.04759448350669426,0.1641625979306204,-0.016264244173613714,0.0639150902258649,0.9999166348879641,0.0
2013-06-21,-0.02023199361092311,-0.03694405917836317,0.16407469035237265,-0.013194337524347127,0.0665789741247474,0.9982732941123614,0.0
2013-06-24,-0.040640311807356284,-0.04676363395692186,0.1684016390719709,-0.025554271912162023,0.05242733208883549,0.9960075829379761,0.0
2013-06-25,-0.038946961721258055,-0.03634884750033925,0.17327139844556394,-0.01670639128588098,0.061807648166798596,0.9950181774117443,0.0
2013-06-26,-0.015181096909974977,-0.032467437137554025,0.17594630024798666,-0.007408713884973505,0.07162065357027268,0.9950763747686773,0.0
2013-06-27,0.015761919314138034,-0.02009920972652911,0.17675958254676816,-0.0024214258368190343,0.07719365906615279,0.9956443035716518,0.0
2013-06-28,0.008450709863293488,-0.027890701589038967,0.17624116806348586,-0.007381260881873807,0.07206078641684194,0.9958114449903938,0.0
2013-07-01,0.02700998933146722,-0.007591767325308387,0.17114350255048094,-0.0023915778563695787,0.07760133229022129,0.9964564561120876,0.0
2013-07-02,0.016511571708446825,-0.014013218652846255,0.16981702937432794,-0.004041035948895808,0.07588172734933037,0.9969278060346546,0.0
2013-07-03,0.007093283956744771,-0.008760319529181623,0.16917269489646403,-0.00414138317287686,0.07570659612772303,0.9973668281851267,0.0
2013-07-05,0.011971555621081046,0.01607051242639954,0.16570024780674342,0.005861149941970584,0.08662381666955385,0.9986022697436074,0.0
2013-07-08,0.021766213044165397,0.012746053045584953,0.16400685570711623,0.010817716156270078,0.09207934356544326,1.0000439390111906,0.0
2013-07-09,0.023095166891247538,0.007277169281728396,0.15999600301491373,0.017124501151413767,0.09914466328113185,1.0017512410769014,0.0
2013-07-10,0.024388620386690762,0.007640409240592848,0.15999103809137633,0.016651339539911488,0.09875056343764702,1.0030938821985185,0.0
2013-07-11,0.03748288201895466,0.03153851788262643,0.16120329322426483,0.029408742451920003,0.11283001324342849,1.0052069114213338,0.0
2013-07-12,0.027169993172554995,0.04026803057472767,0.157296636217124,0.02856668807033206,0.1124058609892146,1.0068278450179748,0.0
2013-07-15,0.02529519510033747,0.028987623624431334,0.15007862436934055,0.03132626379918155,0.11573279545943913,1.0083227825983432,0.0
2013-07-16,0.014369356546864161,0.03152603644181477,0.1486946474943524,0.026580426328431897,0.110600792351381,1.0090867102880325,0.0
2013-07-17,0.01656992428941296,0.02639800866363599,0.14705669127792953,0.028330807802424886,0.11245451416370227,1.009784594019597,0.0
2013-07-18,0.008504684454398833,0.023986344369199403,0.14592214979676815,0.033062687809662004,0.11756279488749374,1.0106577542906783,0.0
2013-07-19,0.009861274845649828,0.03967458877887984,0.13525746603311237,0.03405146280031656,0.11852667726398841,1.0113581675899124,0.0
2013-07-22,0.007996477089056538,0.06671347533146263,0.09319100240610466,0.0351223139548058,0.11968863270652025,1.0119296764253893,0.0
2013-07-23,0.009624558492835285,0.061382588545573165,0.09498323664931611,0.032093231999272706,0.11631352742611871,1.0120644853761949,0.0
2013-07-24,0.0033883330121725983,0.07042665348316487,0.08024312871203683,0.027577430368191706,0.11127370773496624,1.0117339046768346,0.0
2013-07-25,0.00035497072033718055,0.06328827681079463,0.07702284550672765,0.029503569618060766,0.11305120516159965,1.0115348480208506,0.0
2013-07-26,-0.00035491817771851316,0.0545007675111363,0.07310785729898236,0.030115323066797862,0.11330550561950319,1.0113311723348581,0.0
2013-07-29,-0.00538342526021671,0.04556813075710789,0.07462554453774334,0.026432453418358183,0.10895582990067613,1.0107937465748293,0.0
2013-07-30,-0.0032574187089368834,0.0496744599733428,0.07156712232877878,0.026116505396557882,0.10797959673915695,1.010248989315413,0.0
2013-07-31,0.0011265586401167991,0.04454322279181445,0.07062692339479303,0.026514692890315078,0.10775579135928352,1.0097617824328142,0.0
2013-08-01,0.010188974000315884,0.05696567910266369,0.07671224372948059,0.03782780880863002,0.1194687961700869,1.0101923525036653,0.0
2013-08-02,0.010821794560857726,0.05822927811524925,0.07636344330170733,0.038846664286834615,0.12025264499626961,1.0105469681863775,0.0
2013-08-05,0.012438167797332795,0.04603474293335963,0.07190444062305557,0.03655641165527882,0.1175519147582652,1.0105832378133688,0.0
2013-08-06,0.006739965968320295,0.03464821289749769,0.07564974879406866,0.030004935980507175,0.11023482103194555,1.010031693852953,0.0
2013-08-07,0.00278244322687779,0.024230499127444696,0.07466995406031485,0.026199268367189985,0.10571785373569531,1.009225466130303,0.0
2013-08-08,-0.005052132426873734,0.027524926289099198,0.07510130710630929,0.029279163440183196,0.10881276540322894,1.0087809166462052,0.0
2013-08-09,-0.009639336178179593,0.011107059918115,0.06180552351707374,0.025768097855729498,0.10459265783202311,1.0081012706874417,0.0
2013-08-12,-0.009358393092873203,0.009506356667931436,0.06208972242731445,0.023747055205165925,0.10227738959310964,1.007382130440383,0.0
2013-08-13,-0.000707506325031448,0.008645511472128773,0.06157205889906516,0.02601343716314273,0.10443748391813087,1.006970328444674,0.0
2013-08-14,-0.002604491109320666,0.0072566514712598664,0.06292904618625778,0.020004764093320693,0.09769743783612712,1.0061580037211555,0.0
2013-08-15,-0.02034662711904843,-0.009391625119362193,0.0797208129332593,0.005015211009515623,0.08138495004308749,1.0043371900218954,0.0
2013-08-16,-0.020768734131480494,-0.018166358667764327,0.0772814993037346,0.0012140042754650397,0.0768708058343442,1.002598813855173,0.0
2013-08-19,-0.025998717508028325,-0.026353635685746717,0.07894394004339488,-0.005286255281849926,0.06909290270705433,1.0007012705198224,0.0
2013-08-20,-0.024047694151378834,-0.0233986597683066,0.08108939890521023,-0.0005952650220022884,0.07347323612583388,0.9995886871634485,0.0
2013-08-21,-0.02508355815507696,-0.02745146517665238,0.08292121360975638,-0.007029273015669526,0.06598473427735549,0.9982332121011198,0.0
2013-08-22,-0.0019252317147755577,-0.014705189846310352,0.08980990853422344,0.0013980531502685084,0.07477639414458788,0.9979057900358088,0.0
2013-08-23,0.004752810151417439,-0.01376851923668407,0.09027862694778933,0.004378306387939847,0.0774927674930909,0.9979404854839125,0.0
2013-08-26,0.007437072653535055,-0.018561644854493152,0.09065370706537494,0.00019716320964344535,0.07249119217457424,0.997694511783596,0.0
2013-08-27,-0.013681439072940506,-0.0316966735810304,0.10495373690635797,-0.01586107285001973,0.05430161599506896,0.9962479690357038,0.0
2013-08-28,-0.003958099864872546,-0.028152146332588047,0.10630555319182503,-0.01225258198317401,0.057088268223764504,0.9954318710271212,0.0
2013-08-29,-0.011447092615489648,-0.027278841101916803,0.1065607084379705,-0.010874286016152444,0.05780299992626359,0.9949673870503917,0.0
2013-08-30,-0.017985369771210312,-0.04194286300821028,0.09596248757409087,-0.01461087713205427,0.053497669378655355,0.9944085986641955,0.0
2013-09-03,-0.009746125726793307,-0.03912956514214419,0.09780457784086534,-0.010789435043715125,0.05721535092730399,0.9943899392858776,0.0
2013-09-04,0.014707846408376454,-0.02942699496998674,0.10389029813692506,-0.0036475163351094653,0.06485563115715931,0.9950953647486792,0.0
2013-09-05,0.012429848938047182,-0.022462263362861164,0.10305885105521442,-0.003270362759009326,0.06511511227807393,0.9958053229236551,0.0
2013-09-06,0.011326585033733657,-0.018734699295060945,0.10287580239828088,-0.0034964326846912176,0.06462975238540465,0.9964479178154589,0.0
2013-09-09,0.02402873804538891,-0.012861992535947634,0.10803068661849898,0.005255682655336637,0.07376580378648033,0.9977573165743386,0.0
2013-09-10,0.026887853500248297,-0.0026023754637163055,0.11110830443255984,0.011666662716456718,0.08061034878481531,0.9994028287273645,0.0
2013-09-11,0.021781804223886647,0.0017132023467731033,0.11159492543714318,0.013864634207797237,0.08294792020758054,1.000949550420185,0.0
2013-09-12,0.01785534604519699,-0.003899410992632731,0.11146910669985581,0.01023544468317538,0.07902794270977798,1.0019324044067803,0.0
2013-09-13,0.019620884517518485,0.0034906763317782055,0.11026119259436702,0.011534326117852189,0.08037432116578332,1.0028597586729247,0.0
2013-09-16,0.015861164871980887,0.023345799455081678,0.09878218879122662,0.016503069944317075,0.0855461923898896,1.0040177093215668,0.0
2013-09-17,0.012943451301195865,0.031109809968960053,0.09806047619756031,0.020172036643405264,0.08930319417711252,1.0052361004764492,0.0
2013-09-18,0.02131833550766175,0.04903025536246317,0.0995225366251367,0.03100608328216977,0.10074549030065826,1.007062088380352,0.0
2013-09-19,0.022300565452825643,0.04244884861157174,0.09999226373442925,0.028350228582087154,0.09772502713870783,1.0082667458460062,0.0
2013-09-20,0.013037508119486325,0.041611742606341484,0.10089521924572586,0.02066098750981248,0.08892079586257191,1.008543184459446,0.0
2013-09-23,0.002628996104157782,0.027900027274015013,0.09992659072945755,0.015545731314732879,0.08279583956501593,1.008287777402627,0.0
2013-09-24,-0.004180331405710429,0.022176668411832183,0.10042150354431124,0.012889231009550955,0.07919505753543164,1.0078039610073137,0.0
2013-09-25,-0.018582695662864187,0.02301048704606393,0.09996146494805719,0.009680362020510645,0.07506042056519699,1.0071047540156437,0.0
2013-09-26,-0.013067359812224762,0.043062927872287486,0.07791091336134469,0.013253363047728199,0.07815623283987023,1.0067824762404642,0.0
2013-09-27,-0.010658624435572589,0.03491121803564144,0.08099772193552619,0.008492386599283194,0.0722281900233243,1.0060847499222856,0.0
2013-09-30,-0.011363665451439083,0.027983454438065575,0.08455826824342556,0.0031591479918620154,0.06558211313564838,1.0050441705439115,0.0
2013-10-01,-0.0011216063302786194,0.03904043185276387,0.08580277093860895,0.011020580125374569,0.07300487203542276,1.0047993117426233,0.0
2013-10-02,0.0008276390361228652,0.0335842518089801,0.08575964132938366,0.009961736033673865,0.07096916220631456,1.0044771725300852,0.0
2013-10-03,-0.012273545345035376,0.016081536118875653,0.09001221163437767,0.000658969764372532,0.06019036341751908,1.0034372182732603,0.0
2013-10-04,-0.00011789944562147145,0.022363469651972792,0.0930323620539862,0.008147155357955932,0.06732448785136484,1.0031832687243463,0.0
2013-10-07,-0.003457857908447182,0.013199011495884741,0.09898274497774015,-0.0004659633951567408,0.05722094338886588,1.0022577761886886,0.0
2013-10-08,-0.023057700961692178,-0.008046007154317216,0.10221531510787799,-0.011836397693453113,0.0441346212552612,1.0005823140133752,0.0
2013-10-09,-0.021388537065314874,-0.01469213875658307,0.09838433465691022,-0.010864044692374559,0.04407149368216714,0.9993169507462483,0.0
2013-10-10,0.009204300334023467,0.003504032229012473,0.12413768705398012,0.010305839870115014,0.06560984543624801,1.0000291148487102,0.0
2013-10-11,0.008078320701935114,0.012586444308710917,0.12551120237127625,0.016763441915471303,0.0714444258207023,1.0011029428401441,0.0
2013-10-14,0.020747735096785035,0.014325862075151293,0.1259428310989559,0.020725034271831547,0.07466158985834649,1.0022515916976977,0.0
2013-10-15,0.025181313570606816,0.0012741415443087156,0.12740545764192285,0.013340876474564077,0.06580341886951903,1.0025378557592424,0.0
2013-10-16,0.03832655409881383,0.010690964041034897,0.13541956644460323,0.027105095427540745,0.0796129124867756,1.0038504283875282,0.0
2013-10-17,0.023658317992105663,0.005844014713456389,0.13144174663552993,0.03336990553522023,0.08583109608427049,1.0053711757688086,0.0
2013-10-18,0.02396820426626379,0.01425408312214907,0.1330832243703328,0.03967884371649227,0.09211276141593588,1.007043050173052,0.0
2013-10-21,0.02003803189488568,0.02132638585055065,0.13015372463730393,0.03900515598252734,0.09114429036961481,1.0082692204831754,0.0
2013-10-22,0.033094291292550336,0.03173943673270127,0.12945141642927296,0.04413712109584839,0.09638190509067289,1.0095986505791115,0.0
2013-10-23,0.014424719014593714,0.029296014461339042,0.13064263583549277,0.03842208895763186,0.09007119245466831,1.0101338599409322,0.0
2013-10-24,0.011080219654310436,0.03550693003063101,0.12984239221249314,0.04097658587054252,0.09262330130032388,1.0107017493157935,0.0
2013-10-25,0.008905304277309251,0.03622674721168308,0.13001617849934388,0.044443308891940446,0.09655401164757,1.0113890378284636,0.0
2013-10-28,0.010438800326259438,0.04242381061238268,0.12796939167040083,0.04471549776738569,0.09722901685726022,1.0119208765902783,0.0
2013-10-29,0.009983065568887133,0.053086167753027484,0.12554680075754804,0.04864656580507431,0.10197225610808971,1.012627517025699,0.0
2013-10-30,0.009804219701909332,0.04022184049352699,0.12653521145452154,0.04201802846011332,0.09543108210449272,1.0126284268963996,0.0
2013-10-31,0.0036478613495353183,0.038327152344043464,0.1272431250643034,0.03758771634779776,0.09127810276606561,1.0122538403122918,0.0
2013-11-01,0.0014763401268898853,0.04997663268360834,0.12068171808186262,0.0387229318078735,0.09285535110372346,1.0120108083386408,0.0
2013-11-04,0.003398844255064119,0.04594055431306827,0.11930574074438303,0.04102544703986167,0.09565936645614768,1.0119641554200844,0.0
2013-11-05,-0.005092738718654129,0.05145128694282054,0.11440579586908507,0.03637695329666671,0.09119885361442795,1.0115339017671745,0.0
2013-11-06,0.004979128976825378,0.06825867043204455,0.10236766242224933,0.039879203176927745,0.09575402898176553,1.0114733301740078,0.0
2013-11-07,-0.004904469429416339,0.054811219979942,0.11621217222442012,0.025310163528293694,0.08097526856372722,1.010275383321478,0.0
2013-11-08,0.006110468058712753,0.04688280040829763,0.10256488694120504,0.03745024467036764,0.09457076351908592,1.0102924409590064,0.0
2013-11-11,0.0027674589780406745,0.04062969258917383,0.10162934615369051,0.035872497703705784,0.09376277755851191,1.0102000621526808,0.0
2013-11-12,0.003906893777839038,0.034610445623874546,0.10223537147075419,0.03215700694691501,0.09058381207396017,1.0098466685197596,0.0
2013-11-13,0.0068064847141572765,0.04988384157559501,0.09906887141893068,0.03881144970798569,0.09830343102027025,1.01009917078292,0.0
2013-11-14,0.02450683900555804,0.040991504886686216,0.09048701565688265,0.04228095451928588,0.10270589348291767,1.010580714615175,0.0
2013-11-15,0.01544779677042447,0.03867227918661643,0.08931531812906256,0.04501590375483191,0.1064491960824186,1.0111844441971671,0.0
2013-11-18,0.011773203754642178,0.028434692077552212,0.0892925085412569,0.039838048747871134,0.10149311791141843,1.011242135094179,0.0
2013-11-19,0.01162971281905284,0.026202126548041695,0.09003316500179089,0.036258894341010595,0.09808187923775824,1.0109816617133145,0.0
2013-11-20,0.0005048316860629403,0.01729438196910761,0.08967630995958621,0.03183627314151347,0.09365811864226245,1.0103999685165592,0.0
2013-11-21,0.0035640698099634136,0.030130855682055913,0.09055358171096863,0.03874684722960634,0.10143164816403134,1.0104702317183722,0.0
2013-11-22,0.004212511380017862,0.03180457091232385,0.09117529749407584,0.042462620121388045,0.10588541688893041,1.0108058552233194,0.0
2013-11-25,0.006721307417889168,0.026250695218132128,0.09086911985747667,0.04008762221544318,0.10373576705889387,1.0108618483470304,0.0
2013-11-26,0.009174266369867666,0.02493759259164992,0.09092107666470334,0.039126223987203126,0.10300133827969271,1.010801765191538,0.0
2013-11-27,0.014738937704179141,0.022050254104399616,0.0898111243324795,0.04059019621236128,0.1046361973300939,1.0108252365827626,0.0
2013-11-29,0.006040132980348636,0.026366768960495213,0.08737161300319574,0.038817300986695245,0.10286481216966183,1.0106646836327797,0.0
2013-12-02,-0.0015499971109310404,0.026606712451857494,0.08723374751057855,0.03495460833427469,0.09897600036054495,1.0102072145348555,0.0
2013-12-03,-0.004883729154698075,0.019890625936544167,0.0892279098905564,0.02932383905146143,0.09327192682283658,1.0093856990964079,0.0
2013-12-04,-0.005271930077687323,0.01626681825889848,0.08879723319257357,0.028008252186002974,0.09213446565776927,1.0086262150410639,0.0
2013-12-05,-0.012108895974850981,0.015034096848202763,0.0895867596895321,0.02233219488576209,0.0863211984962983,1.0075821575047625,0.0
2013-12-06,-0.0003314717796815414,0.02105616820398829,0.09552582171354071,0.03243143107721745,0.09742187848634587,1.0075659538824309,0.0
2013-12-09,0.004807635753681136,0.036318817634954974,0.08149391160989025,0.03358314819035563,0.09906029388762361,1.0076698679436429,0.0
2013-12-10,0.005547490062099118,0.019327647939930533,0.07147183903865796,0.028385918487922532,0.09403099550215382,1.007374671563278,0.0
2013-12-11,-0.005635140652541678,0.007864218628316128,0.08307882182039664,0.015752437175383847,0.08079563197370972,1.0061596424902208,0.0
2013-12-12,-0.004537077737026348,0.006590125333337377,0.08365917748229709,0.011370200792536197,0.07629310774565606,1.0048754915598062,0.0
2013-12-13,-0.01576432393414559,-0.001514640444314574,0.07885964896390626,0.010053340922943316,0.07525599694973174,1.0038045180397468,0.0
2013-12-16,-0.012090510427614554,-0.0002785317982176277,0.07996535676451214,0.015159027897275044,0.08102701286417714,1.0034156250911863,0.0
2013-12-17,-0.011685857444147766,-0.007806006274641704,0.07904609462809213,0.010645631206107887,0.07672516749319852,1.0028184443744879,0.0
2013-12-18,0.016536312229872403,0.012627327103546353,0.09820914053049884,0.02601667927429203,0.0941366876441917,1.0036746032955692,0.0
2013-12-19,0.01868693679593863,0.013647349310223168,0.0979087670961066,0.022995309226491296,0.09192066599813146,1.0042082874387914,0.0
2013-12-20,0.024599290495864526,0.02257981836548701,0.09844885739568088,0.02739664338452449,0.09730312334880256,1.005044375366821,0.0
2013-12-23,0.023714634116287582,0.01987203250810654,0.09646332572899034,0.0313461488883851,0.10218011896321003,1.0060698452567356,0.0
2013-12-24,0.029089217898942688,0.01707070024428312,0.09546655726929665,0.03210009769429411,0.10358474713637089,1.0069772123912004,0.0
2013-12-26,0.01723202773096493,0.023138047416622117,0.0963274487966106,0.035585326795809266,0.10815740306939245,1.0080151914783004,0.0
2013-12-27,0.018333861890907976,0.022806944831263477,0.09636999969800339,0.03404864988980994,0.10708889660897518,1.0087275231658714,0.0
2013-12-30,0.012370747982207457,0.02021162864351533,0.09633259515893829,0.03254009652740079,0.10589617842675411,1.0091689412177118,0.0
2013-12-31,0.01176435947340548,0.025596259001163385,0.09699169732994241,0.03611877353614276,0.1100583202772816,1.009788524917637,0.0
2014-01-02,-5.449736401322118e-05,0.01856619999120094,0.10332940825222706,0.025100653202945557,0.0984065916571952,1.009383707634229,0.0
2014-01-03,-0.005289243035755748,0.022732533535564446,0.10167503785243952,0.023965564906799432,0.09725142281607564,1.0089458479588425,0.0
2014-01-06,-0.008137329878240004,0.019941545030710793,0.10254394617632984,0.020000505511132662,0.09307513868725013,1.008268443591539,0.0
2014-01-07,-0.0018512506725718598,0.030469273945794448,0.1021015698394023,0.025201206219175425,0.09879123900714488,1.0081333507708334,0.0
2014-01-08,-0.00635534316424108,0.019572387616603848,0.0958953413269233,0.024449247238636482,0.09801276992413732,1.0079513683895545,0.0
2014-01-09,0.003927959383448961,0.017686523620968765,0.09571944782032205,0.02416274911540101,0.09774982001738128,1.0077697635594742,0.0
2014-01-10,0.006811077431490528,0.023996120904955856,0.09452601192618006,0.02604436792449677,0.09974104532520399,1.0077562882738988,0.0
2014-01-13,-0.003680790773153586,0.021895894910098884,0.09821568450502896,0.011676735241519999,0.0842206691769067,1.0065878935523145,0.0
2014-01-14,0.0010347664843813262,0.036041118167202124,0.10245470858882917,0.02169680099755109,0.09505471761065358,1.0064617534741906,0.0
2014-01-15,0.006192991427416297,0.04152970297816574,0.10298316895172159,0.02613109845469943,0.09996549538589605,1.0067201713371485,0.0
2014-01-16,0.004238820365269065,0.03401585441385238,0.10237699350310953,0.023824911165585626,0.0975031420482578,1.0067401191179368,0.0
2014-01-17,-0.0027192984307251008,0.03296267991837852,0.10306258053271114,0.01855315924510953,0.09188015697085627,1.006338780326817,0.0
2014-01-21,0.013611319689938832,0.018970902370165313,0.08692438987813304,0.02064638608768094,0.09406922462452834,1.0061868028776157,0.0
2014-01-22,0.003424332461033518,0.020778513832297014,0.08660971959132796,0.02014530106123373,0.09379131708132955,1.0060489289393113,0.0
2014-01-23,-0.010178679007994382,0.006751733474306831,0.09034307959717325,0.0110643696326109,0.08391438676556753,1.0052153967148236,0.0
2014-01-24,-0.030444566483143087,-0.02014334618557828,0.11596794175622306,-0.010784061776719572,0.06007573815153841,1.0028036135560836,0.0
2014-01-27,-0.031137128837393516,-0.027263666817957676,0.11615538267068755,-0.015868543575354548,0.05419638037504835,1.0004917598049872,0.0
2014-01-28,-0.028136767603163977,-0.026397892963963596,0.11679052887335578,-0.010189605783857669,0.05976045797662092,0.9991346018385356,0.0
2014-01-29,-0.03843929606114717,-0.035994644119758126,0.12022618735866825,-0.019593220635049514,0.04881760979294112,0.997321092378618,0.0
2014-01-30,-0.019668285791641982,-0.025287300299542605,0.12746982640108218,-0.009217642379574573,0.059175541525739,0.9967555544591266,0.0
2014-01-31,-0.003976833356718598,-0.03588453901570236,0.1265448031154719,-0.014992112328816112,0.0521792268864451,0.9958841133136991,0.0
2014-02-03,-0.021808228090520996,-0.04901739754446545,0.14389139560315636,-0.03674572640864765,0.027819192521435176,0.9934662576388852,0.0
2014-02-04,-0.0207641304154069,-0.041872780343614746,0.14733647966768063,-0.02977080317744263,0.03433841129324501,0.9921780486047577,0.0
2014-02-05,-0.012368275167669585,-0.0402255894091877,0.14731899827021894,-0.030583705258653837,0.032389132871904064,0.9911531785996136,0.0
2014-02-06,-0.009811656924884836,-0.033247706551855584,0.1539502150707519,-0.017544105937607243,0.04532135832294306,0.9914804345557604,0.0
2014-02-07,0.008383126812976146,-0.02114606903848513,0.1612679280542132,-0.0053686110153304345,0.05752410733428441,0.9928177568582346,0.0
2014-02-10,0.03298089112272667,-0.019964465805187747,0.1614730249380659,-0.0035755165823121997,0.05872066168162752,0.9940946995187183,0.0
2014-02-11,0.0368842524271344,-0.01179960534797087,0.1662186315522947,0.00712403059904279,0.06948343704348305,0.9960400823254442,0.0
2014-02-12,0.038634241165003094,0.002089442528968981,0.15953718110882387,0.007394155992158643,0.0692200636921709,0.9976470625141103,0.0
2014-02-13,0.03068276509624885,-0.0035997079399880645,0.15588747131849273,0.012207927408566509,0.0739265951040007,0.999347435270315,0.0
2014-02-14,0.023867142378920334,-0.0034719180869810986,0.15594538954110215,0.01720473607162028,0.07896151856252301,1.0011301167664073,0.0
2014-02-18,0.02322694265272428,-0.0009763435177325313,0.15595605791743006,0.01780412286334982,0.0793984340191445,1.0026063530928069,0.0
2014-02-19,0.005699044473311182,-0.00338126244393459,0.15698970436348153,0.01050111278301771,0.07149324767321841,1.0031933118201823,0.0
2014-02-20,0.01108754444544387,-0.0004343327155259804,0.15805061675121584,0.0159995473190423,0.07703329596705537,1.0040894896174954,0.0
2014-02-21,0.00479718171780547,-0.002226858683216112,0.15807654405064822,0.014452400211839304,0.07505660283027883,1.00465064555182,0.0
2014-02-24,0.0048244189147658035,0.011531179835779087,0.15634605028596618,0.01950133854016776,0.0802586837724626,1.0054815289587478,0.0
2014-02-25,0.0032510505323856543,0.03271927349779621,0.13424907145754156,0.018319871527096968,0.07907837323344281,1.006036667978289,0.0
2014-02-26,0.009948823269960183,0.037704689663419104,0.1323094129987456,0.017513659791197424,0.07838241656116492,1.0064050331524699,0.0
2014-02-27,0.009299473611527975,0.037001908499165966,0.13205440506578608,0.021877637874826023,0.08325762700660595,1.007040650256432,0.0
2014-02-28,0.012966648119618748,0.04917908549754979,0.12536147364181252,0.023557410054897785,0.08525064618058237,1.0076593886008691,0.0
2014-03-03,0.0003787441868229628,0.03157820981424403,0.12567788175060796,0.015545806288911031,0.0769472313317742,1.007486504658404,0.0
2014-03-04,0.014714948256541967,0.05141105511105677,0.12971940546252242,0.029044553440147235,0.09129667343884394,1.0083896407947799,0.0
2014-03-05,0.015566887445029655,0.07507980519896976,0.09226333429167592,0.02915973967364401,0.09154324276736052,1.0090701713842178,0.0
2014-03-06,0.012620553104738988,0.07038659201931186,0.09150991605680432,0.030768636218584056,0.09328587572442483,1.00968080390948,0.0
2014-03-07,0.010519369380205701,0.07206673004542508,0.0906249562842066,0.03055981061864703,0.09299899584713389,1.0100790945751512,0.0
2014-03-10,0.0170450225516845,0.05843488929081337,0.08438770052089503,0.029423204677705792,0.09163308328998886,1.0102300726098379,0.0
2014-03-11,-0.0018676542376973408,0.041160274060383285,0.08093580851443796,0.023957391279679167,0.08547115973153546,1.0098313809383008,0.0
2014-03-12,-0.002506735088667164,0.03959217898757592,0.08114833763138996,0.023846595772859584,0.08498967271609538,1.0094275886194581,0.0
2014-03-13,-0.01607076098180923,0.017431578610368224,0.08632957586569655,0.01221558336660451,0.07215750066331032,1.0081047216724988,0.0
2014-03-14,-0.019307342589357537,0.014125146291064448,0.0872463412718081,0.009376879099768734,0.06846701194794956,1.0067531565035366,0.0
2014-03-17,-0.009773758742569541,0.017978365451994986,0.09069057672713411,0.018125288159717826,0.07741055825542864,1.0063335029566354,0.0
2014-03-18,0.0022938302244366795,0.019586961905899633,0.09189253995579531,0.024858331014992845,0.08426299312661557,1.006502172445354,0.0
2014-03-19,-0.0033156362978218113,0.013049600037029832,0.0944135028723145,0.018918990745498004,0.07771210760195976,1.0061311922171843,0.0
2014-03-20,0.013783176577932852,0.025515710714989894,0.09217613112332987,0.024391274454571562,0.08316990869016835,1.0062367875374447,0.0
2014-03-21,0.012708817774437723,0.0157464196200583,0.09215450669777323,0.02002840583635159,0.07809059979135605,1.0059363131598658,0.0
2014-03-24,-0.00043753118183599646,0.012743652552353517,0.09350794892754424,0.015521360029265132,0.07282751804154762,1.0053024562313082,0.0
2014-03-25,-0.002816022894729796,0.011946520096404033,0.09301850784053262,0.020007443970140964,0.07714665625173976,1.0051233601260905,0.0
2014-03-26,-0.0046917784113704696,0.005106771093273708,0.09683560881923188,0.012219187174606889,0.06867574951779243,1.0043490610351378,0.0
2014-03-27,-0.012624281896883364,0.00294260554814635,0.09717846439723768,0.009895723328265391,0.06566260817986871,1.003525235337446,0.0
2014-03-28,-0.0038205127811667215,0.002626433227363604,0.09697560773927735,0.014692116506519028,0.07008410612738687,1.0032309328541784,0.0
2014-03-31,0.008484300573074938,0.008261305005809707,0.10062918867504927,0.022626435172791153,0.0780428789028998,1.0036167657297463,0.0
2014-04-01,0.010359341026175393,0.021927116935756462,0.0990031538916515,0.028797940249666858,0.08430705800044414,1.0044087783356648,0.0
2014-04-02,0.020918204831450377,0.011310027668182118,0.08774558127467744,0.03161920645935299,0.08706840304999827,1.0052463128184983,0.0
2014-04-03,0.02170412526247877,0.009079843365595464,0.08796774174104022,0.02967591163959666,0.08481304418044584,1.0057332375024004,0.0
2014-04-04,0.004893983031634696,-0.00510013684574069,0.09740766361974007,0.01701311451268641,0.07118203799451597,1.0050959052271333,0.0
2014-04-07,-0.014380263511386746,-0.016638327885782744,0.10436304631398059,0.005089392859849438,0.05848928109544607,1.0036576165133493,0.0
2014-04-08,-0.01687477446745596,-0.011992680083384001,0.10574124931306121,0.008367799638097103,0.061989148212362934,1.0028137671809965,0.0
2014-04-09,-0.009521810136183553,0.003655871769695903,0.11131462724961337,0.018231597477504385,0.07241219865700063,1.002972989762914,0.0
2014-04-10,-0.029427356329629683,-0.017840777875367055,0.1337383450989037,-0.003871826901959037,0.04907628934166369,1.0013792947789144,0.0
2014-04-11,-0.026584483489200957,-0.015613859353132415,0.13175855053762014,-0.013174914714557739,0.038920222666903974,0.9994023705807902,0.0
2014-04-14,-0.00762337726939839,-0.004954362565823593,0.1347897248384449,-0.00599910634005481,0.04638065016539386,0.9984727024912455,0.0
2014-04-15,-0.004874147527462552,-0.007093068868277017,0.1331362076319474,-0.0003257594765126474,0.05280111870855297,0.9983044565069717,0.0
2014-04-16,-0.0051445929052486555,-0.0037825513599894344,0.13593493184672523,0.008887897302002365,0.06300800123238387,0.9990247352655395,0.0
2014-04-17,0.01748120847550769,0.0029560668979624425,0.1347091712014663,0.008985889401071008,0.06365688401961833,0.9997117846365242,0.0
2014-04-21,0.03001178462051046,0.0006147486894451885,0.13370534903550316,0.011372158875240445,0.06651055885767579,1.0005324981983554,0.0
2014-04-22,0.026698382920692883,0.009035202580431563,0.13378027075168009,0.014980732682149259,0.07052599198383418,1.0015335405939265,0.0
2014-04-23,0.0174896635607603,0.010834125874319277,0.13314893099575778,0.011703800402359393,0.0672315158584816,1.002109992404153,0.0
2014-04-24,0.009092431281855582,0.008125902816595944,0.132396282681622,0.013028257333754737,0.0686319626187979,1.0026994881655613,0.0
2014-04-25,-0.0005366703868100653,0.007111174922522848,0.13317510049285267,0.00417842282248816,0.05916170037416441,1.0024705341341567,0.0
2014-04-28,-0.0008553223420978283,0.012383708244230724,0.13320601075494778,0.0068516903132157265,0.061856013568662424,1.0025155896367726,0.0
2014-04-29,-0.0007455181809009658,0.01211019718069732,0.13309736299173072,0.011044173090740135,0.06611201598509653,1.002894102590294,0.0
2014-04-30,0.004577443629110958,0.006927268930355298,0.1305629254565633,0.013526959936336142,0.06860568427497328,1.0033961213564913,0.0
2014-05-01,0.00265822824315524,0.0004247900335757937,0.12855013347342473,0.012968317401054058,0.06801501116095808,1.0037582380690706,0.0
2014-05-02,0.009456159073819982,-0.004350870835107545,0.12805948776113438,0.010996968441946376,0.06580166781637632,1.0038831869429052,0.0
2014-05-05,0.008206271544418655,-0.0011141454738293926,0.12819453275413717,0.012351344394000673,0.06717636081773042,1.0040896535257433,0.0
2014-05-06,-0.005179699346846206,0.002036514802216418,0.12495180769626582,0.0032510077190182284,0.05728695907713936,1.0035061326817658,0.0
2014-05-07,-0.0022860526675457203,0.019021479774196322,0.11948472222368858,0.008741673993886425,0.06288605147123265,1.0034775085170666,0.0
2014-05-08,-0.0034575673492481746,0.013841997151783579,0.11907855730383236,0.007274068670340147,0.061124307630102105,1.0033301468961575,0.0
2014-05-09,-0.0005317035615025844,0.004639235739573423,0.11344130400376828,0.008456735249435937,0.06204995013272689,1.0032958030782153,0.0
2014-05-12,0.0072450128999776,0.035558223755777885,0.08733418847132175,0.017803734117947816,0.07168428756677195,1.0040089454685377,0.0
2014-05-13,0.01688170672805856,0.04550270501947594,0.07824208846399,0.01808249222249971,0.07193822902480575,1.0045922222909471,0.0
2014-05-14,0.006260963563258422,0.03290582060685313,0.07888349258370883,0.013008829359862093,0.06616992425300974,1.0046140252109064,0.0
2014-05-15,-0.0014928617752091719,0.017223282904036956,0.08414624757290647,0.004063539392709322,0.05617564745498166,1.003874735858402,0.0
2014-05-16,0.00047922565731215025,0.010263054302134226,0.07731495250568844,0.007471219411817875,0.05918869518853181,1.0035270690669222,0.0
2014-05-19,-0.005547866779512286,0.012529148500757913,0.07804509904415446,0.011025865474012124,0.06245930460726175,1.003506999748381,0.0
2014-05-20,-0.01276765478165234,0.0027232656173131337,0.0808216297495941,0.004628145352240341,0.05519363124471341,1.002946699999176,0.0
2014-05-21,0.0003703948584700984,0.0065778325446303465,0.08448836621255505,0.012795996569051463,0.06345710722676716,1.0031440400687903,0.0
2014-05-22,0.011618344090119243,0.011351963433395899,0.08421398534795874,0.014918738488608203,0.06537467159195869,1.0034571414799516,0.0
2014-05-23,0.012156184731359099,0.013326807751637741,0.08492767830039975,0.01833482984362426,0.06893555503412276,1.0039836939104905,0.0
2014-05-27,0.014621410148173492,0.02768722903574147,0.080487986823067,0.02375339776642471,0.07477528394243187,1.004843187388568,0.0
2014-05-28,0.02021534787372431,0.02379393583313527,0.0804940736728536,0.022363963544836073,0.0732510971786779,1.0053998246455012,0.0
2014-05-29,0.016986133079057893,0.0243094838045892,0.08079667129746808,0.02704544927526246,0.07802555981357923,1.0061885733816147,0.0
2014-05-30,0.01616705293705799,0.022941572741342932,0.08054689850247992,0.027949666721170295,0.07899052275224179,1.0068629454467501,0.0
2014-06-02,0.013307854824127888,0.023976434332610385,0.08046704041489143,0.028468017494551634,0.07941833926558,1.0074022454349485,0.0
2014-06-03,0.006661547788975662,0.024892617750897145,0.0801593610231619,0.02721151941957469,0.07798835091300148,1.0076959576203055,0.0
2014-06-04,0.0094132819674441,0.025000946256160714,0.08017262010204451,0.028439054959362792,0.07927056704571535,1.0079990705569093,0.0
2014-06-05,0.010754506242506442,0.04024368939394185,0.07348873174893944,0.034250374667762803,0.08533717390603142,1.0086676849661749,0.0
2014-06-06,0.013915745294950918,0.039143370703839574,0.07283851124897683,0.038047433724938545,0.08954859211724535,1.0094748683239954,0.0
2014-06-09,0.01379733748580877,0.04123133916766733,0.0721363692353481,0.03789681546612363,0.08964850773668072,1.0100771310297298,0.0
2014-06-10,0.014418347112011011,0.03984266842441074,0.07241089122161945,0.03689014509899844,0.08879037296026655,1.0104380880892687,0.0
2014-06-11,0.00891485498648679,0.026670788342669907,0.06883982981748403,0.03241948407619558,0.0840779576107042,1.0103181493492088,0.0
2014-06-12,-0.004690707496793954,0.018671275169089334,0.07471572843432216,0.02453646175372888,0.07550733852277745,1.0095362180388014,0.0
2014-06-13,-0.006418350783816579,0.02646405635676457,0.07213846615048648,0.027088722746247657,0.07779224193629061,1.0090580923724348,0.0
2014-06-16,-0.00661792005148433,0.03610628089139217,0.062214221162274645,0.02731959867689661,0.07769983389853163,1.0086457172741738,0.0
2014-06-17,-0.003944113172974172,0.035419329594124416,0.062016856620473494,0.029257701180783302,0.07970579035469456,1.0084459699478932,0.0
2014-06-18,0.006851692546937339,0.03907034766911953,0.06471326870945364,0.035508250032815075,0.08657716628745293,1.008780211206898,0.0
2014-06-19,0.015075946756522757,0.04651487670726443,0.057595792877448024,0.035424958641017704,0.08675703004314449,1.0090296722240242,0.0
2014-06-20,0.01406060051381297,0.040154262012107436,0.05303912501997052,0.0364579886885532,0.08795433837829138,1.0092832279740167,0.0
2014-06-23,0.012930771113056136,0.037418707914329066,0.05354718138442813,0.034652595279879315,0.08662201226047274,1.0093489740100197,0.0
2014-06-24,0.004112758280981546,0.02737590314374686,0.05929636917774805,0.026895130222412123,0.07912266322716797,1.0088077746599078,0.0
2014-06-25,0.0013092071529239814,0.02575814467387002,0.057886206192238845,0.030068264289623954,0.08306419957257224,1.0086442252064174,0.0
2014-06-26,-0.0005267161171726156,0.025772812716367503,0.05787997840582416,0.02801851275269024,0.08139574605843591,1.0083591833117909,0.0
2014-06-27,-0.000612487359077927,0.02255564157397162,0.056173616665641954,0.028872588301481865,0.08260942444840379,1.00819561744797,0.0
2014-06-30,-0.0008169198202787662,0.020434735156992307,0.056398613914551636,0.027244107755348277,0.08115922111376085,1.0079322703749793,0.0
2014-07-01,0.011895989213052014,0.025964037532670993,0.05975905121163871,0.032939602013510816,0.08746548016415427,1.0081705252457174,0.0
2014-07-02,0.008400597614809461,0.02749719449970382,0.05942670296422458,0.03287921640073515,0.08766242110157241,1.0083437096557577,0.0
2014-07-03,0.01402301323845736,0.030382543987380765,0.0606890943512311,0.03669484801391967,0.09209557029749979,1.0087776459698543,0.0
2014-07-07,0.00859287431710094,0.02039400964856612,0.06006840219580528,0.03194397777870616,0.08746075367520607,1.0087341075533074,0.0
2014-07-08,0.0026532680263546566,0.009172257888396044,0.0635978427623116,0.02414905420632562,0.07967194291593042,1.0080828904462154,0.0
2014-07-09,0.0004566038474302274,0.012623303894292448,0.06510444876767776,0.027547626009258322,0.0836525873240778,1.0078382750996684,0.0
2014-07-10,-0.004522484979170728,0.008556362408522079,0.06699414070984931,0.02247046625986106,0.07850861332602742,1.007239757092375,0.0
2014-07-11,-0.008054396040765124,0.013413292960128848,0.06553751043424776,0.02289665051277876,0.07911638295870638,1.0067980267017662,0.0
2014-07-14,0.0004557786163429823,0.02554049576170305,0.06077502659732366,0.026960675665806764,0.08362786880113213,1.0067763722652376,0.0
2014-07-15,0.00503171384584772,0.020622322518060347,0.06129736071008495,0.023966039960314944,0.08070961378689766,1.0065312363611056,0.0
2014-07-16,0.00425280923852919,0.02349403318430597,0.062006894997134396,0.026644020101074313,0.08377518793046813,1.0065604297764588,0.0
2014-07-17,-0.003213636290772667,0.009286839290723584,0.07532401336225532,0.013942112823363257,0.07057362977506379,1.0055955993779548,0.0
2014-07-18,0.005579281525864302,0.012140881939055811,0.0791556917388328,0.023166504289128736,0.08060285930263067,1.0055872962230803,0.0
2014-07-21,-0.0013162919005324535,0.009148257104647844,0.07957544679393029,0.02013751262695873,0.07767932054711046,1.00536665302654,0.0
2014-07-22,0.004906191686223135,0.011467913690470509,0.08056007876082817,0.023404447196372788,0.08140062782298063,1.005480625015345,0.0
2014-07-23,0.003428565730357719,0.013991827801607553,0.08069790040507213,0.024644210902243648,0.08285023631815674,1.005684625604085,0.0
2014-07-24,0.014910648830576469,0.020084729840318505,0.07699100300010116,0.02368279741152545,0.0819129933074907,1.0057827143743692,0.0
2014-07-25,5.043286395719961e-05,0.01088210765008903,0.07822958190573054,0.017886805686878053,0.0758326702061311,1.005417324470738,0.0
2014-07-28,0.0023276755401410104,0.01200264876196147,0.07810299446299121,0.017115717566542992,0.0752555702450577,1.0051015232385234,0.0
2014-07-29,-0.006326492156688466,0.00575390889285997,0.0797040822530935,0.011725965653895519,0.06975630821710078,1.0044526095624653,0.0
2014-07-30,-0.008391811604927999,0.006416936016958322,0.07965490479763597,0.010930706542767775,0.06907176794178087,1.0039056293700823,0.0
2014-07-31,-0.02838875253929387,-0.020200011912027378,0.10284457795806588,-0.00968776860984213,0.047259248793002216,1.0018576068267993,0.0
2014-08-01,-0.02675565270505713,-0.02427414266977756,0.10282657925444363,-0.013145845845302116,0.04334493338860327,0.9999881029320696,0.0
2014-08-04,-0.0199653278021989,-0.021985692278694787,0.1048129027904293,-0.00655026379867701,0.05018652945267094,0.9990860149117161,0.0
2014-08-05,-0.02540243637676414,-0.02824140180100511,0.1088122021237065,-0.01644148591010269,0.039404410820179106,0.9976207854408129,0.0
2014-08-06,-0.025242080192949826,-0.02147841220234616,0.10732579536872691,-0.016281455915690506,0.0391610331296519,0.9965207499388468,0.0
2014-08-07,-0.010725661110176482,-0.03138227686963409,0.10641412630311668,-0.02166472311318187,0.032998585367346484,0.9952686304490135,0.0
2014-08-08,0.0038368449105617847,-0.015914812780045043,0.115030131092828,-0.010527513662864463,0.044374089133186946,0.9952465485899092,0.0
2014-08-11,-0.00046392264065645353,-0.014395218878586111,0.1155044946777514,-0.00786711410605144,0.04678523099538543,0.995513242401272,0.0
2014-08-12,0.007884996278534395,-0.020812184138813694,0.11363260668753353,-0.009406689514027462,0.044736484565059874,0.9956621978485619,0.0
2014-08-13,0.014318676763538872,-0.012191449284655008,0.11667161128362727,-0.0030033192120035544,0.051200081601515776,0.9963668247541013,0.0
2014-08-14,0.02445886226506372,-0.011176223843099554,0.11719224536742827,0.0013462610492532832,0.055534540728087896,0.9973379950081083,0.0
2014-08-15,0.012752315887013276,5.1139397740902916e-05,0.11028591658881802,0.0009170493490640522,0.054718792429409954,0.9981124254773482,0.0
2014-08-18,0.018202627163977206,-0.0017718732404732093,0.10833233822139476,0.009003337141720778,0.06287979221251326,0.9994117723769563,0.0
2014-08-19,0.0248023729956069,0.005306480757325663,0.10962709881599754,0.013881323178137958,0.06770395556707806,1.000855222845788,0.0
2014-08-20,0.020723910799983213,0.003626269829105071,0.10898887821537136,0.01614809445888253,0.06982891149518401,1.0021892683783304,0.0
2014-08-21,0.018924999560750055,0.0043202099872927825,0.1091792740312979,0.018537605629393383,0.072220737213402,1.003441883655954,0.0
2014-08-22,0.017573723698151623,0.0027142142653160564,0.1093496046892152,0.01627270010272297,0.06982210956519483,1.0042550047951593,0.0
2014-08-25,0.014287097427365083,0.012464791322934675,0.10914815730742736,0.020696961333384955,0.07450788006967592,1.0052496619900244,0.0
2014-08-26,0.009731190026929671,0.012709995244114324,0.10914610563944668,0.02063511433441351,0.07440058234000971,1.006018217369116,0.0
2014-08-27,0.006664057710326456,0.016616819696119996,0.10776130130874198,0.019568047336342424,0.07323692861414133,1.0065167192658355,0.0
2014-08-28,0.003202878866501867,0.01591490045872265,0.10784114989400133,0.018508308382943945,0.07191785864010443,1.0067866508108423,0.0
2014-08-29,0.007602318974105172,0.0387052857787151,0.07727769142282702,0.02087239967997031,0.07421397053877289,1.007148051981171,0.0
2014-09-02,0.0020460612537761495,0.04126650528176795,0.0757238734515543,0.01987891796591134,0.07296587865580413,1.00730768997641,0.0
2014-09-03,0.0008482352581648293,0.03352355830447805,0.07370982383964997,0.018841262501600117,0.07169481620647808,1.0073040473720833,0.0
2014-09-04,-0.00020003846672795992,0.04181921760615618,0.062357069705158634,0.016798094645999555,0.06949376590770302,1.0071009358943244,0.0
2014-09-05,0.004835120314364146,0.04599210096603662,0.06261648868808695,0.02079579888591999,0.07360521923694706,1.0072200977489476,0.0
2014-09-08,-0.0005983930649349225,0.04883255382395666,0.05892552604948521,0.017624044099371867,0.07013896648117875,1.007022275389806,0.0
2014-09-09,-0.006450901311301775,0.030978759059904395,0.05628796398782535,0.010822421205034209,0.06269947075560506,1.0062796764506108,0.0
2014-09-10,-0.0021470450521610617,0.031840435892973445,0.056639656174118584,0.014178295623552292,0.06605097475328654,1.0059259860269187,0.0
2014-09-11,0.00044925974493879124,0.034383481072560576,0.055669876366484024,0.015007490215061953,0.06664796063362216,1.0056730129443148,0.0
2014-09-12,-0.009894574174703213,0.02177885002779454,0.058162319547054364,0.008884340059462767,0.05982151939260897,1.0049428156319942,0.0
2014-09-15,-0.00805882917833109,0.016314862380561852,0.05687992953263376,0.008044697713201307,0.05843398320348216,1.004254509857301,0.0
2014-09-16,0.0058028468535413855,0.024029290026432504,0.0613089972671777,0.01533854125278972,0.06579005522766179,1.0042662516172047,0.0
2014-09-17,0.003393308695946205,0.017031117424942448,0.05546845413147064,0.01624187783656143,0.066591286153712,1.004334255210462,0.0
2014-09-18,0.007560256217966616,0.017141364294920292,0.05557970794041184,0.02117234735923031,0.0715954918621259,1.0047642812165287,0.0
2014-09-19,0.012517183036428887,0.013572122264240214,0.0554566334530067,0.019705542154662598,0.06993424975859779,1.00497320956844,0.0
2014-09-22,0.005517874194391753,0.002907737014203551,0.06189851307406073,0.011475376474402714,0.061025054726448855,1.0044596241213146,0.0
2014-09-23,-0.0077339782832170694,-0.0012784119549361867,0.06496446576744258,0.005548970525974021,0.05431928587285169,1.0035500448712231,0.0
2014-09-24,-0.0012820939581382309,0.0014619260394391348,0.06829316675546211,0.01308661839493334,0.061948877794756815,1.00341777043187,0.0
2014-09-25,-0.022864959573105498,-0.015454785305114876,0.08860498688391026,-0.0031893848098690863,0.044302421368163265,1.0019845640374516,0.0
2014-09-26,-0.014049809896472752,-0.007141745342558993,0.09354488399739182,0.004414198875047058,0.052023249161268124,1.0014642023740425,0.0
2014-09-29,-0.008117308776077425,-0.00841245062837574,0.09368421850432992,0.0025111470138001525,0.0494898239983184,1.0008950807130632,0.0
2014-09-30,-0.0050121897633873935,-0.013892920692428753,0.0932149516512795,-0.00018894448146793166,0.04610737293620672,1.0002295490702122,0.0
2014-10-01,-0.026454464440346416,-0.027038599654683432,0.10348323423535342,-0.013444937480233099,0.03139310492617177,0.9986287497627259,0.0
2014-10-02,-0.010032455304777511,-0.02633547586805722,0.10357514606762051,-0.012957923291983114,0.03104450517860977,0.9973985814722419,0.0
2014-10-03,-0.006997148167292714,-0.013938855043123746,0.11185470437212339,-0.001969160504785212,0.04180756324010761,0.9973282442660273,0.0
2014-10-06,-0.006347855148533225,-0.019595426091273113,0.11027889045784031,-0.003085603519240295,0.04009044052436667,0.9972102502966304,0.0
2014-10-07,-0.019268181296823287,-0.03256270892431712,0.12132782727331304,-0.018113182452583143,0.02362228725078565,0.9959203018610113,0.0
2014-10-08,0.011714076612765141,-0.008873621730616517,0.13634047449314043,-0.0010024584049425518,0.04103988127051284,0.9963262386262438,0.0
2014-10-09,-0.008473155397049775,-0.03266158621294593,0.15124331097357066,-0.02048490011514964,0.02004937232373324,0.9951006231834137,0.0
2014-10-10,-0.03090239700931504,-0.045290511797377586,0.15468632117930156,-0.031503045801489944,0.008135842552717593,0.9932934496897837,0.0
2014-10-13,-0.04629447202172966,-0.05599532393829956,0.16217748130123535,-0.0470059447126684,-0.008583965333394084,0.990659986320942,0.0
2014-10-14,-0.02919175777741524,-0.05369563752340127,0.16271402412205463,-0.04501778515843302,-0.007217420407351737,0.9888053045857137,0.0
2014-10-15,-0.053318655620808626,-0.06799512420496652,0.1590653882602993,-0.05102665719197464,-0.01406857809098564,0.9869397262768561,0.0
2014-10-16,-0.034144692403358295,-0.07019958731225044,0.15844705104149556,-0.051367119706459116,-0.015021891504895822,0.9855451842886112,0.0
2014-10-17,-0.01092336372085545,-0.06377413173619965,0.16432560651632036,-0.04000003884988311,-0.0036014561938128437,0.98552486085729,0.0
2014-10-20,0.015302852396136199,-0.05320965457859225,0.17003150595006586,-0.030476952572194863,0.005809594042621924,0.986435487104096,0.0
2014-10-21,0.03337419413845645,-0.025839317579336572,0.18520412938289665,-0.011387613217409035,0.025350581007936624,0.988877359711774,0.0
2014-10-22,0.03302690361514835,-0.027234242306601108,0.1856946103684129,-0.018423588121837337,0.0177439523217987,0.9903420394440254,0.0
2014-10-23,0.04544310243046729,-0.023474390923644915,0.18845115901848983,-0.007113765068873462,0.029196300025367727,0.9925311681309892,0.0
2014-10-24,0.04136780845497135,0.0004586362918771918,0.18234733457040384,0.00036568072286084546,0.036697113713832684,0.9949512821466168,0.0
2014-10-27,0.030328868329495315,-0.008830976352624196,0.18010728495970688,-0.0011471544171931475,0.034874322307444576,0.9967899180533775,0.0
2014-10-28,0.02211625716911518,0.00439424836585603,0.18458325468493936,0.01010735590307765,0.04621409095944485,0.9991908039798766,0.0
2014-10-29,0.02773948693321253,0.005517434389998816,0.18440600920511732,0.0085141128771615,0.04416522418156465,1.0009518981632763,0.0
2014-10-30,0.022572144979664907,0.025552218496366408,0.1783281026678818,0.014836404816359255,0.05038147344361063,1.0028356194637988,0.0
2014-10-31,0.026276583116743503,0.0367676747133982,0.1816871221018546,0.026118638268912996,0.06183961460448891,1.005200686341872,0.0
2014-11-03,0.028198120677304827,0.02636429249197335,0.17859878459523737,0.02631243323536653,0.06184173878969434,1.0070278849694614,0.0
2014-11-04,0.013317675580324713,0.02405977909471397,0.17917079084820095,0.022564178115207067,0.057617092498217844,1.0080878909286173,0.0
2014-11-05,0.021127012599341105,0.045912628286163215,0.16921855774652234,0.02871498552385033,0.06372154686391855,1.0093319104190996,0.0
2014-11-06,0.0187321895918478,0.03257033147544906,0.16023974096201832,0.032431273484153575,0.06733850026759862,1.0105177591970533,0.0
2014-11-07,0.008296418046690058,0.05353724815713804,0.1398148146802147,0.03296279192270343,0.06758170259178689,1.0113950929153959,0.0
2014-11-10,0.01089325322125946,0.06815994272254784,0.1301701588474001,0.03577159958987648,0.07014351874801361,1.0122009451008072,0.0
2014-11-11,0.01534879500284624,0.08570304611928987,0.10899619576684477,0.03631315006337576,0.07041851574806061,1.0127659336440764,0.0
2014-11-12,0.007974718938719708,0.08307910500229815,0.11013815111112785,0.034735387013018405,0.06845185065933446,1.0129701695026294,0.0
2014-11-13,0.0051058330604121585,0.09099482015666985,0.10362872251446545,0.03538590253442983,0.06888853745784564,1.0130692024510013,0.0
2014-11-14,0.004416337778647537,0.09209827833914387,0.1030007852049477,0.035212779220939454,0.06835322277062753,1.0130139309760378,0.0
2014-11-17,0.0019100167747227014,0.080993323218126,0.1001529007964538,0.035376869086232866,0.06812251708325967,1.0128705509924543,0.0
2014-11-18,0.006687334417288713,0.07708752814044238,0.09819460902753799,0.04060035485580039,0.0733760942144607,1.0130731356402207,0.0
2014-11-19,0.0061585956342114535,0.055863506498053155,0.08073852150054225,0.038290648349457036,0.07074558495119267,1.012949217627735,0.0
2014-11-20,0.006784384081824626,0.06475230062334612,0.07261163731664395,0.03945845622945542,0.07176977711453743,1.0128429547796072,0.0
2014-11-21,0.011876061093965946,0.05853123700264253,0.06639537410521884,0.04412553661190137,0.07667763862637085,1.013040941345923,0.0
2014-11-24,0.014042243684682919,0.05366775844783757,0.06398642759614555,0.04608265075339318,0.07886378533236414,1.0132696489814372,0.0
2014-11-25,0.00756093581023906,0.05431959562118614,0.06351993311510387,0.04452811121414365,0.07730813909449961,1.0132348207611641,0.0
2014-11-26,0.011723550413711946,0.04547079974264992,0.054845484126480215,0.04637561373081303,0.07927729069191329,1.0132595632399661,0.0
2014-11-28,0.007849527058463014,0.0448623407485966,0.05539738813742094,0.04349346447227784,0.07624298426230627,1.0129536360806166,0.0
2014-12-01,-0.004461547140304714,0.0314975448826729,0.06147789568390357,0.03571319891318699,0.06808970767833579,1.0120057497910564,0.0
2014-12-02,-0.0008206947837987311,0.026570480547295335,0.053341497825749415,0.04157549714503272,0.0742860846643912,1.0116419916328838,0.0
2014-12-03,0.0037590927150691943,0.029880567658950506,0.05400713574809153,0.044561158758326544,0.07767073168478598,1.0115327281842186,0.0
2014-12-04,9.595164761711504e-05,0.032249075809942324,0.051881753531656125,0.042556760514214934,0.07575081289508417,1.0112246248800525,0.0
2014-12-05,0.003853436586088478,0.027588764735343975,0.04892091114275836,0.04304254972522028,0.07676916250684944,1.0109852544746922,0.0
2014-12-08,0.00412255113472396,0.016887906425549066,0.055173983422300274,0.03516778608344906,0.06890254483247824,1.0101344175445912,0.0
2014-12-09,-0.002998455472585886,0.015275607028019392,0.055408192214361184,0.03354154974467307,0.06751080845502846,1.0092982026218515,0.0
2014-12-10,-0.023015644111316264,-0.004028329673625219,0.07979304571943203,0.016347522786881404,0.04983104267734552,1.0072569158014721,0.0
2014-12-11,-0.016851399625292453,4.888118180363266e-05,0.08177291092093303,0.02049566725809616,0.05458348366531649,1.005973241392443,0.0
2014-12-12,-0.034780676553683554,-0.015166630757059284,0.09939371914948691,0.00335023718919957,0.03708041738937371,1.0036166941164764,0.0
2014-12-15,-0.034968138228058665,-0.023186064862921754,0.10137652495658979,-0.00383934050250994,0.029502957807457868,1.001186199597992,0.0
2014-12-16,-0.0423424168236155,-0.031483147574243656,0.10402508752112821,-0.011988130057126128,0.02090656489361199,0.9986347077802374,0.0
2014-12-17,-0.006765811431539523,-0.012704157879887441,0.12674205360972082,0.006524479901375884,0.04047523057464698,0.9981689183065983,0.0
2014-12-18,0.012604764181518822,0.005966310946033747,0.15244666988646333,0.030372071779221917,0.06562256898725229,0.9997829787306457,0.0
2014-12-19,0.033143831750848333,0.0118186053595776,0.1528795215244655,0.03321977840799256,0.0695505484127696,1.0013908735171144,0.0
2014-12-22,0.04462610179281996,0.01465565284807358,0.15347243985073555,0.03610905787198565,0.07383335031450983,1.003003077816977,0.0
2014-12-23,0.054026871689584866,0.010667663021375269,0.15257277531082652,0.03529774979617089,0.0746121435492837,1.0043365139468385,0.0
2014-12-24,0.0347077937347763,0.00796139217020595,0.1523478479709596,0.03322435177676253,0.0740465251920825,1.0053352730962315,0.0
2014-12-26,0.013499795499253201,0.01190517063504789,0.1526003688882463,0.034187252283726904,0.07676412034760886,1.0063138882901665,0.0
2014-12-29,0.010596213883995674,0.010691268829861333,0.15245886871870917,0.03316978058995499,0.07744221326475527,1.0071132819968471,0.0
2014-12-30,0.0006265846630551615,0.007432710452665728,0.15358106085343515,0.02557878693341623,0.07097436108494483,1.0072217085934745,0.0
2014-12-31,-0.010694691979391626,0.004434518182288358,0.15571994045198498,0.013770820755912587,0.05975998244926564,1.006426032718895,0.0
2015-01-02,-0.01132637383964826,-0.0025442868856435773,0.15406862328378254,0.011987628826968267,0.058582669793129566,1.0056868794771843,0.0
2015-01-05,-0.032770668190484985,-0.024624590270506286,0.16545323846397547,-0.007274995308223909,0.03899490492859316,1.003603356925232,0.0
2015-01-06,-0.04357673561283461,-0.03298141843059039,0.16792562519124235,-0.01720225589190068,0.028774287892730545,1.0011861284569792,0.0
2015-01-07,-0.025811942441062677,-0.02223266857448542,0.17451068935660397,-0.00563552632169857,0.041068460412625775,1.0002465876665247,0.0
2015-01-08,0.0017498781220689104,0.002061845169633314,0.1846068930023225,0.010934390686315212,0.058932993826127926,1.0009095162564643,0.0
2015-01-09,-0.005760392768134716,-0.005306224181192404,0.18674915382767548,0.0021513048913252824,0.049852559921513204,1.0007742006683489,0.0
2015-01-12,0.004599616073720272,0.0029906699145302532,0.1799307540771855,-0.006248015151545881,0.0410715828019839,1.000034440188598,0.0
2015-01-13,0.01124735493248062,-0.0048826638728173164,0.17928698560516873,-0.009411292707740975,0.03762834574281682,0.9992308249982138,0.0
2015-01-14,-0.007193092603732112,0.0053549153754660185,0.17104980727133354,-0.01542155177676565,0.030923700950370153,0.9981306890534609,0.0
2015-01-15,-0.03398533605310252,0.003044647344589457,0.17244772159139898,-0.024283944992284385,0.02112421424500887,0.9965644020069018,0.0
2015-01-16,-0.012910336748000949,0.024125855894422156,0.1752614250539267,-0.011649257993337521,0.03410304309622204,0.9964002992241692,0.0
2015-01-20,-0.0029156061756195136,0.0068408751704502595,0.16231249048012567,-0.009622293129346116,0.03587713068307235,0.9964816855653126,0.0
2015-01-21,0.004935828564963302,-0.01255159948937284,0.1381294868984766,-0.004724859038289887,0.04058752277960257,0.9969871628837272,0.0
2015-01-22,0.02575330477915667,-0.002035611596225645,0.14727630898023641,0.009692480681720654,0.05539999407876569,0.998604927595983,0.0
2015-01-23,0.029458577589833113,-0.01212287685839739,0.14737723835218708,0.003949168711676311,0.04900616163702047,0.999442895771285,0.0
2015-01-26,0.01876808247133451,-0.011132933323828196,0.14758000113263903,0.006064175662559996,0.05089390516438206,1.0002930585687315,0.0
2015-01-27,0.0033599013006839727,-0.024507017263642076,0.1539973855400918,-0.007196274689824453,0.03644132013340967,0.9998939116347184,0.0
2015-01-28,-0.014582637614573141,-0.040634032603199186,0.15828261884469572,-0.01964707998795074,0.022592301193928816,0.9985617059550481,0.0
2015-01-29,-0.02014339330339298,-0.03277521878361431,0.16261465145397863,-0.010475816813654264,0.03147105496495217,0.9982594320527545,0.0
2015-01-30,-0.027300022617690135,-0.040049484139142694,0.16666924909111935,-0.022554978481547517,0.018033253112084566,0.9970419063028393,0.0
2015-02-02,-0.017331191297770224,-0.017769432642206796,0.17090065515129102,-0.010208062937534726,0.0301523577771256,0.9970933580600156,0.0
2015-02-03,0.010304730408264115,-0.0028759130157297048,0.17884462207151303,0.004032334721400719,0.0444846443812674,0.9983171029285868,0.0
2015-02-04,0.019396579825510407,0.011533215412796206,0.1670601185690374,0.0002472220874485387,0.03998222796841727,0.9989872871177075,0.0
2015-02-05,0.020240339920789198,0.0310418567500095,0.16599248484862633,0.010288173032696371,0.04991889801427928,1.0003321976118413,0.0
2015-02-06,0.03012519418381709,0.01588765248573708,0.16169186547552877,0.0075505849969686135,0.04645864239063357,1.0011566336466329,0.0
2015-02-09,0.013331837517350035,-0.0061874732469256784,0.15042634768755223,0.0031730550004479795,0.04125571195801215,1.001428316324093,0.0
2015-02-10,0.009571130837601003,0.012455610590006012,0.15217520115734587,0.013829650683114102,0.05172575967021218,1.0024766483511822,0.0
2015-02-11,0.01396681598040296,0.02090041531947889,0.14904093258368448,0.014331853780986045,0.051725873371384776,1.0033143083562481,0.0
2015-02-12,0.013493093976181661,0.03328759579371054,0.1512109199963584,0.02365616734734939,0.06119424764552545,1.0047047243686946,0.0
2015-02-13,0.020370243570192313,0.0434509886596615,0.14881974210510465,0.027484327040724087,0.06490598827211862,1.0060688382361636,0.0
2015-02-17,0.0264280734608887,0.054225936267065546,0.14310769195424675,0.02876203028353775,0.06591643340353229,1.0071903352312035,0.0
2015-02-18,0.015925775018540835,0.041291722356547794,0.13813847214605238,0.028496121175968784,0.06534581277082586,1.0079896880251922,0.0
2015-02-19,0.014631763259638131,0.038447784754736536,0.13844690722388625,0.027448314084666057,0.06392881354693312,1.008463264903163,0.0
2015-02-20,0.011043361542790838,0.03939512877153807,0.13876171987578584,0.03303084084901786,0.06957508498688976,1.0092182495500466,0.0
2015-02-23,0.006793688293264929,0.02449137217376976,0.13069319174895924,0.032291131022950365,0.06871654031542404,1.0096887132478671,0.0
2015-02-24,0.008058168566775936,0.03282552724400837,0.12850927116973782,0.034236079496123145,0.07102288143468957,1.0101724215603256,0.0
2015-02-25,0.007113323163671268,0.029636963048884548,0.12874129773599363,0.0324942396809032,0.06939760904203153,1.0103630979275353,0.0
2015-02-26,0.006645059609158158,0.04173294306321072,0.1176966747659851,0.030109316309994895,0.0674760709216288,1.0102965674422764,0.0
2015-02-27,-0.0027495819233298753,0.051228184462781344,0.10663231844176563,0.025376788167470864,0.06320863253218008,1.009851619357614,0.0
2015-03-02,0.0036860640356704342,0.048320829512833174,0.10476878256628086,0.030329267951450765,0.06922677359718998,1.0098952384646873,0.0
2015-03-03,-0.003262634777409306,0.056862915084289194,0.09291290018843197,0.025060954239010877,0.0641276820710932,1.0094846882636825,0.0
2015-03-04,-0.006637447835081926,0.040330706511572854,0.0889562924215851,0.020285212892431948,0.05897510035830233,1.0087166915761563,0.0
2015-03-05,-0.004361451288873314,0.02706676136607329,0.07659755277186787,0.0210115197478584,0.05947992637092677,1.00810296318154,0.0
2015-03-06,-0.015114352229887374,0.01671725240738356,0.0921074296294377,0.006647981722496038,0.043980895149954166,1.006405583454515,0.0
2015-03-09,-0.017271648601746972,0.010808840990297008,0.08675043293665032,0.010760599346462042,0.04772727629018092,1.0053294112925093,0.0
2015-03-10,-0.029514466959609957,-0.002776746059137858,0.10423448738261752,-0.005366801199862026,0.03025945633254808,1.003136408831002,0.0
2015-03-11,-0.027633917221970276,-0.0006350482277474633,0.10336779153610348,-0.007316112766953892,0.027408896552946104,1.0011949840323415,0.0
2015-03-12,-0.01609398852406204,0.001401642004410248,0.10620794523530275,0.005463049545942442,0.03999017076920548,1.000654196036556,0.0
2015-03-13,-0.008080562590440054,-0.005330126163459457,0.10833658313890149,-0.0005313011498977991,0.033163791625926975,0.9997353512045901,0.0
2015-03-16,0.0010554952284294941,-0.0016287577574551574,0.11321493816428276,0.012523513996422837,0.046467038765541965,1.0000737596995326,0.0
2015-03-17,0.014433565094294809,-0.008713424535035362,0.11257323332637804,0.00926577735013869,0.04288178290818253,1.0001000437819427,0.0
2015-03-18,0.028727897403312358,0.0016647757146761987,0.1203529989424676,0.020533239356982085,0.05487896775289852,1.001077928902591,0.0
2015-03-19,0.01152189865712465,-0.0030022343570059347,0.1214264227550566,0.014925122042256846,0.04955247178665834,1.001463028651478,0.0
2015-03-20,0.026461333045711244,0.006499443622613656,0.12526407174137383,0.022987572775572965,0.0582591557232052,1.0024543530563925,0.0
2015-03-23,0.011238620240344402,-0.0014334990599015906,0.12374228994408314,0.020496703737431905,0.05568519631257927,1.0030439886668905,0.0
2015-03-24,0.008580470934410132,-0.006926641893890156,0.12523761915171672,0.014222257146822214,0.04929947209235619,1.0030184429495927,0.0
2015-03-25,-0.018131777737294155,-0.02452517058939389,0.13415206232459256,-0.001029011013572384,0.0335614370012471,1.0017913076682785,0.0
2015-03-26,-0.01594404548993454,-0.02605960301061174,0.13421153307370498,-0.0038035075061619746,0.030752357940911797,1.0006200075177372,0.0
2015-03-27,-0.0224448353533942,-0.0225904513399387,0.1347676016636288,-0.0020815946210033633,0.03273485952166958,0.9998747687264005,0.0
2015-03-30,-0.008368785277774621,-0.007052702414346334,0.14193162273631083,0.00910243858252132,0.04485047034663234,1.0002577765552516,0.0
2015-03-31,-0.011511277369705284,-0.022123983299265872,0.1426620614575737,-0.00026822796679283096,0.03530292257349766,0.9998547426364459,0.0
2015-04-01,-0.00029160567484527635,-0.021554141486829857,0.14252170604963788,-0.004241123848314183,0.03125031470455325,0.9992592405083247,0.0
2015-04-02,0.00568385825472122,-0.013738296920808595,0.14288296251183985,-0.001071059593597572,0.03456213418097414,0.9990858694468234,0.0
2015-04-06,0.010107405153353372,-0.008121594897712012,0.14505705329031596,0.005397534527205206,0.041127886160518976,0.9994960706583601,0.0
2015-04-07,-0.004668451419568351,0.00339319839597269,0.13650852610919295,0.0024242417822901,0.03799345544572256,0.9996112430336018,0.0
2015-04-08,0.007480476932289756,0.0026281422347708564,0.13625333314370502,0.005474545064896651,0.04111071672908412,0.9999754054249664,0.0
2015-04-09,0.015436720879597183,0.023397046352377285,0.12294620512149046,0.00923330897898791,0.04530111112410292,1.0006146724241587,0.0
2015-04-10,0.0172880927477078,0.031183713048869483,0.12314522906362917,0.013684238324537173,0.050528184384794825,1.0015455850621255,0.0
2015-04-13,0.006044159708560287,0.01401655333491032,0.11780535173275873,0.008320976359472954,0.045349265859782786,1.001891645381297,0.0
2015-04-14,0.010605595061305075,0.022079356047717817,0.11520725363979538,0.009186510809976133,0.04690721497866762,1.0022940442078274,0.0
2015-04-15,0.011711373180148681,0.013284020186490046,0.10720223165988625,0.012796839099944522,0.05114638450245707,1.0029422129766317,0.0
2015-04-16,0.007012604464203275,0.01597608572228575,0.10646318567755883,0.011880965592077576,0.05038802735437918,1.0033923360473873,0.0
2015-04-17,-0.010000170228063942,-0.007544354582506817,0.1064933336625976,-0.00022068797757424682,0.03794769096987956,1.0027811997066323,0.0
2015-04-20,0.003628489200671472,0.006123143878457141,0.11014285107793136,0.008463669939778623,0.04702673985196299,1.0029967905111554,0.0
2015-04-21,0.0005249065455196608,-0.0038570704524737605,0.10578213759153951,0.006781714877623474,0.045406786488125336,1.0030356746314137,0.0
2015-04-22,0.0009497114733972318,0.0029951114195428757,0.10699640406289838,0.011057817569357512,0.050125123581232875,1.0034241788496263,0.0
2015-04-23,0.003748251962365266,0.011143866750240886,0.10515985112902008,0.013089917162264311,0.05230191817512219,1.0038905976181325,0.0
2015-04-24,0.017635951424673984,0.028223374579461325,0.08931432240108805,0.014891179782924483,0.054286490649952564,1.0043968576555387,0.0
2015-04-27,0.0043744751631460055,0.026441664531537692,0.09045739667597816,0.010402639372907056,0.049451734681516535,1.0044077947167496,0.0
2015-04-28,0.008740441385717026,0.027328206286637464,0.09063629887122199,0.01336256249724615,0.05232436013578,1.004620105367559,0.0
2015-04-29,-0.0002847749717015697,0.01107912172561593,0.08337266468917492,0.00905789758659773,0.04758129035903962,1.0044029765817475,0.0
2015-04-30,-0.012869098240624455,0.009786045879321716,0.08528940046332088,-0.0009825833036745477,0.0367208840474359,1.003381505160304,0.0
2015-05-01,-0.004403406322837004,0.024111573931469597,0.09104873669965445,0.009686286607375433,0.04755320634249772,1.003401232867007,0.0
2015-05-04,0.0026057055446892276,0.0233635118215057,0.09083245799434525,0.012462114624418154,0.05005410897444608,1.0036053625406873,0.0
2015-05-05,-0.012085868768114214,0.005134932365169882,0.09831759128552241,0.000999127496064927,0.03766660498475552,1.0028053827087202,0.0
2015-05-06,-0.012087545760473089,0.003660027384711193,0.09899515424782783,-0.002851223599736996,0.033046974325835275,1.0018194924119153,0.0
2015-05-07,0.0019649059685693552,0.004270474915601318,0.0992657659795748,0.0013016967486188047,0.03681974013680855,1.0013416597817932,0.0
2015-05-08,0.004261932987580635,0.01293678603945305,0.10804849505769383,0.014370174695686959,0.050057119627799164,1.0019980002679283,0.0
2015-05-11,-0.003365685236389175,0.002709733837408728,0.10810046186742342,0.009442688529604677,0.04466033575517319,1.0021049087492528,0.0
2015-05-12,0.005156727633920277,0.004247500290529873,0.107393738159776,0.006526481669810905,0.04114508048245658,1.001925278634447,0.0
2015-05-13,0.009472283908731794,0.0025267162321379157,0.10721398293667692,0.0067338703208929505,0.040953992898588615,1.0017778018295111,0.0
2015-05-14,0.015864352799938176,0.008423454535390815,0.11206915588320975,0.016947732346396266,0.05133675085783146,1.0024732589952445,0.0
2015-05-15,0.0038673610321788964,0.009791542607428672,0.11206383309456486,0.01776544910232611,0.051998719096798075,1.0030758108049598,0.0
2015-05-18,0.01175407279740931,0.024463976862881976,0.10339828063088642,0.0202899815373736,0.054671506903194354,1.0037612368552726,0.0
2015-05-19,0.01442100495391186,0.01504001604377026,0.09936589781481968,0.01940856414411743,0.05371686609813841,1.0042273120540217,0.0
2015-05-20,0.013525782030127246,0.0155275917167455,0.09926220372255104,0.017832134766431352,0.05240704108255899,1.0044864783325202,0.0
2015-05-21,0.006060369751852552,0.013534112813846134,0.09844577066434104,0.019830357988160657,0.05483928721052301,1.0048711286589356,0.0
2015-05-22,0.0025857681790000735,0.008629058824063479,0.09873828932956008,0.016732868733569363,0.05170373403304645,1.0049238873234836,0.0
2015-05-26,-0.01132636549758699,-0.004498340059378998,0.10576627249389135,0.005246003519187257,0.039819892957131266,1.004046706575033,0.0
2015-05-27,-0.001550245637508,0.009115295243116252,0.10979406856629362,0.01429967483635878,0.0491138353072881,1.004066642320602,0.0
2015-05-28,-0.0019747158092581893,0.004812434521770284,0.10945250383048312,0.012631134600360127,0.0473752104137103,1.003945261450501,0.0
2015-05-29,-0.011115440817893158,0.002703446967654545,0.11074541251709592,0.006184761444889353,0.04034428175154211,1.0033082592158775,0.0
2015-06-01,-0.006689340199834718,0.014808816864853216,0.10445870780083233,0.007945760948101004,0.04196109187102019,1.0029334445424556,0.0
2015-06-02,0.00312771560670651,0.0030327818701645142,0.0979032156250543,0.006854282913536371,0.04045451532823829,1.002527281111172,0.0
2015-06-03,-0.0036741705043143486,0.002835419194112674,0.09783703455810093,0.009336995084604722,0.04272219102775831,1.0023912369403376,0.0
2015-06-04,-0.011027396206307263,0.0058709070835772335,0.09376179332258905,0.0006867196550934933,0.033517267815240795,1.0015827347769084,0.0
2015-06-05,-0.006509768948253854,0.00828122377987378,0.09270088050241278,-0.0014091109005508486,0.031384900112136335,1.0007949200707014,0.0
2015-06-08,-0.014713039933233151,-0.0018691290369492932,0.09440445204494731,-0.007853319813264198,0.02472867084418773,0.9996802378083633,0.0
2015-06-09,-0.013863901309825188,-0.01509305242724131,0.08137658355671855,-0.008251790625740062,0.024283131061669686,0.9987976034443238,0.0
2015-06-10,-0.004587591192089312,0.0016135132384125367,0.09088295940584876,0.0033847880352943682,0.03619471170760025,0.9990664611967288,0.0
2015-06-11,0.007113009919459941,0.007827189369116897,0.09078519540989415,0.00612136742116241,0.039168871524849616,0.9995451969947199,0.0
2015-06-12,0.0011437434311247887,-4.7316697733229204e-05,0.09498528269832898,-0.001989037723273074,0.030895901920279516,0.999312044105755,0.0
2015-06-15,0.003017180602878454,-0.014716301234009018,0.08814059978409107,-0.006518614112177885,0.026181129978512494,0.9987959199562025,0.0
2015-06-16,0.008598009719845569,-0.010362403739574637,0.09050949915103958,-0.0013319558993848794,0.03144630980662489,0.998837192981779,0.0
2015-06-17,-0.0017083215136959964,-0.011848881072692769,0.08990993801344113,-3.157524469577665e-05,0.0327900286026343,0.9990116761294349,0.0
2015-06-18,0.005419334751369246,-0.001174480833425716,0.09754233731875067,0.009907279419054643,0.04314479742382734,0.9999892058125333,0.0
2015-06-19,0.008654348388977846,-0.004918750338882629,0.0987114926942422,0.005144115179435124,0.038151655553529035,1.0003969502133703,0.0
2015-06-22,0.018059508166884265,-0.002717162818977304,0.09988229954950303,0.010017390294792206,0.043070990390844555,1.0011216632349509,0.0
2015-06-23,0.013330087803842804,0.00038191588526809356,0.09957441359424478,0.010350701887027932,0.04342901916651353,1.0017326226900587,0.0
2015-06-24,0.004425382571324663,0.003902866996218885,0.09540999099344707,0.0028195472620772643,0.0355000205844606,1.0016073566176003,0.0
2015-06-25,-0.008965756049432482,-0.008589991245350198,0.08977834103174123,-0.0002724158721285565,0.03198631239747594,1.0012482463524344,0.0
2015-06-26,-0.004707466640607378,-0.007651501170231819,0.08974234502569199,-0.0005076300930085606,0.031444419997522254,1.0009374488594105,0.0
2015-06-29,-0.031010581049604163,-0.022612303050688308,0.11380642914628233,-0.021325105902678335,0.009591951271096704,0.9990109949171385,0.0
2015-06-30,-0.02962718241826378,-0.022555926333160968,0.11382601551458672,-0.01899759812374715,0.011442744852446089,0.997672024470073,0.0
2015-07-01,-0.014354299800140836,-0.013579148410628461,0.1180750185430716,-0.011031779834064536,0.019240827162174103,0.9972770537568691,0.0
2015-07-02,-0.012225194577607124,-0.017141015318642972,0.11746675428106335,-0.011720740681473966,0.018039999525437986,0.9969252985004601,0.0
2015-07-06,-0.014884841112244453,-0.011508946076169008,0.11441606288351674,-0.014212417504937293,0.014897127963303084,0.9964581604991213,0.0
2015-07-07,0.012577443592786286,-0.00352509050964817,0.11670993865780213,-0.007766417195248079,0.021026682980389604,0.9966296757862814,0.0
2015-07-08,-0.006432656231033864,-0.014275542630961681,0.12897192021156972,-0.02392685836487692,0.0037301262817717434,0.9954638227211354,0.0
2015-07-09,-0.012609606561240948,-0.012324853662044222,0.12925078770393025,-0.021646479598455063,0.005331329442231231,0.9947407693676414,0.0
2015-07-10,0.0008195376670607265,-0.011733886459492936,0.12998555336071907,-0.00913153417453597,0.01768092717667824,0.9952253975914408,0.0
2015-07-13,0.01464688216398111,-0.003975073831647842,0.13548841623491795,0.0015832892847461634,0.028581990077260023,0.9965397765718087,0.0
2015-07-14,0.012706111384274948,0.008037277443501991,0.13349133930633744,0.005833765414273864,0.032607597051472925,0.9979570126924547,0.0
2015-07-15,0.029292832180871822,0.01200010894703169,0.1324433164735957,0.005469465529463932,0.031869466905731,0.9990623501191841,0.0
2015-07-16,0.03547819912222552,0.014555335740335736,0.1339137267783887,0.01311092033766923,0.03969957706410103,1.000583102335775,0.0
2015-07-17,0.02381301545461859,0.013787450508821651,0.13387348509966526,0.013443311628027454,0.04011386364265225,1.0018334438813765,0.0
2015-07-20,0.013353617654356591,0.003959209071339505,0.12915678858758292,0.013510609306929895,0.04011529199715811,1.0028313010487528,0.0
2015-07-21,0.0050662272302961445,0.0044491562848202925,0.12894610784934438,0.00939491186033407,0.03549318977974543,1.0032600321880543,0.0
2015-07-22,0.0036020428906049567,-0.0024573563292476196,0.12785544133782137,0.007412189184621978,0.03318640938053993,1.0034138553094076,0.0
2015-07-23,-0.01003551696257341,-0.008810269026080477,0.12922581391487473,0.0016249119937991295,0.026949136912995806,1.0030440915583547,0.0
2015-07-24,-0.021309468296049766,-0.011947400358552778,0.13175918921826293,-0.008669159091433508,0.015861283507923235,1.0018923963415558,0.0
2015-07-27,-0.02766196194640491,-0.014736996825632925,0.1327702878590063,-0.014023765555844309,0.009629587419820817,1.0005070880330686,0.0
2015-07-28,-0.01149441398369955,-0.002337791058271881,0.14011609948348908,-0.0017145196195707737,0.02154682814038541,1.0003818664120656,0.0
2015-07-29,-0.0028423458759790432,0.025710878844377498,0.11904644489310755,0.005277251229612349,0.02799640976807251,1.0008274577028853,0.0
2015-07-30,0.0030402248224511968,0.0238571382146345,0.11904959493428473,0.005628877075254882,0.027584663603662424,1.0011857830530828,0.0
2015-07-31,0.011947400358552752,0.01435429980014081,0.11669020570915177,0.0042317704458365605,0.025386220502101153,1.001331131167527,0.0
2015-08-03,0.014403324774767377,0.011891522526741577,0.11742516505788694,0.0010998967871224477,0.02127809161208001,1.0011599683537404,0.0
2015-08-04,0.0002388972179309559,0.012785947271903528,0.1171377855289652,-0.0006102724362937946,0.018641619405893473,1.0008568434386529,0.0
2015-08-05,-0.0033270266802309326,0.009806408571360283,0.11577043971985855,0.0026454050080034065,0.021392542645518778,1.000871832129206,0.0
2015-08-06,-0.01178552242338898,0.01850427202227939,0.10246874488506486,-0.005248482262745684,0.012516695824407629,1.00021958732839,0.0
2015-08-07,-0.012188059172034927,0.01477584718934683,0.10285756740693239,-0.006827922322894352,0.010162256258393891,0.9995532594863397,0.0
2015-08-10,0.003711160809196923,0.014783145668877772,0.10286812823750646,0.005641594506669326,0.02237491493140551,1.000033849995196,0.0
2015-08-11,-0.0033969799915565865,-0.005257914883634168,0.10106105386325458,-0.0032538154822977787,0.012741660334783066,0.9996865305535821,0.0
2015-08-12,-0.005488964569296012,-0.008388667382210682,0.09984847062906085,-0.0019242948706953786,0.013577016783568117,0.9995130907229495,0.0
2015-08-13,0.0014868318448052794,-0.009301728313787163,0.09989082856583482,-0.0029537245276910692,0.011937830970021344,0.9992835681612896,0.0
2015-08-14,0.007043837305998945,-0.013658514626879753,0.09633196863038078,0.0006482316602335277,0.015280528303474438,0.9994015297625188,0.0
2015-08-17,9.479392304870791e-05,-0.008935075862692111,0.09862001871018561,0.006062156470262018,0.02057186650837012,0.9999464961089192,0.0
2015-08-18,0.006258080583105248,-0.012353451954885512,0.09891860931378463,0.0029075911716010855,0.017282171817696593,1.000141572898631,0.0
2015-08-19,-0.0028761651472803667,-0.016331059759787193,0.10155106990732983,-0.005104167358883795,0.00900507960456704,0.9996606612214813,0.0
2015-08-20,-0.022733161944207027,-0.03563693314859914,0.12361600999594816,-0.02532416455710693,-0.012187880127963053,0.9976262399079777,0.0
2015-08-21,-0.05693330370824903,-0.06055630137255538,0.15878296088427266,-0.05350851609570619,-0.04191670558051503,0.9936916674330222,0.0
2015-08-24,-0.10552390331187546,-0.0931495108785178,0.21013066263951385,-0.09166831066850431,-0.08203960141551302,0.9874129267391978,0.0
2015-08-25,-0.11446056170869992,-0.0991520517171805,0.2116575285126518,-0.10056134825037331,-0.09255844677580351,0.9816818611157717,0.0
2015-08-26,-0.06884890307392735,-0.07368554885001499,0.2518856371272176,-0.06470137714946331,-0.05758389258504604,0.9801848630247746,1.0
2015-08-27,-0.023312089960545436,-0.05610667723316553,0.267854160762344,-0.04061583235159725,-0.034232856427314044,0.9811341257625568,1.0
2015-08-28,0.00730248538145339,-0.05629404081355319,0.2678293068707678,-0.039414547442525316,-0.03414023137332538,0.9820947723054699,1.0
2015-08-31,0.04220997710750405,-0.0628869341295665,0.2684420457891999,-0.045966652276192205,-0.041867063105039376,0.9824083197094354,1.0
2015-09-01,0.02374505279774066,-0.08981032369420722,0.28464069689404,-0.07264142099396785,-0.07025304041176328,0.9804889985056319,1.0
2015-09-02,0.004873508101544126,-0.06905093796640181,0.2956447687629717,-0.053516581245658244,-0.052471319386128264,0.9806498477950895,1.0
2015-09-03,-0.01884502731581583,-0.07162467786875042,0.29505711164679577,-0.051465097627597996,-0.05165907941276862,0.9810467471587404,1.0
2015-09-04,-0.03414736639900739,-0.0786558847891716,0.2974967469041682,-0.06425504784673376,-0.0657887116449856,0.9803733660773531,1.0
2015-09-08,-0.0012150637620140792,-0.051913938719545645,0.313552340034739,-0.03958250162436447,-0.04220016778975616,0.9820180984282352,1.0
2015-09-09,0.015625395034560337,-0.07789608946884381,0.31080490974403935,-0.051443891901077815,-0.054829479267966205,0.9824434821043383,1.0
2015-09-10,0.0022490578582819746,-0.06340490011656323,0.31171172816645887,-0.04535220099108725,-0.04950629314074141,0.9834030821524353,1.0
2015-09-11,0.006067127597232493,-0.060068585702221906,0.312493693327617,-0.04000707461874085,-0.04501387221684313,0.9847037131310529,1.0
2015-09-14,0.0176022947458171,-0.06254042188815975,0.3124500453543787,-0.04251311726816276,-0.04837117772877988,0.9856010286376269,1.0
2015-09-15,0.0052036167729359074,-0.05375415925260867,0.3162526688165039,-0.029762332633924634,-0.036333236175878955,0.9874604966604908,1.0
2015-09-16,0.027294948041373723,-0.05069593535051878,0.31741867011133207,-0.02060272234595581,-0.027887558011021305,0.9897559255050876,1.0
2015-09-17,0.019617488237144074,-0.050045492462524405,0.31741410151388216,-0.02234501006838713,-0.030001893192666267,0.9914889359739247,1.0
2015-09-18,-0.0013929995706547984,-0.05858542012559634,0.32065874239803543,-0.03752676195013576,-0.04567754811523185,0.9916275492207198,1.0
2015-09-21,0.0074782839063539195,-0.03232897603759881,0.3146077688963675,-0.031604663643819905,-0.04057493503314705,0.9922405773543064,1.0
2015-09-22,-0.018008001828198564,-0.014828857372558195,0.29975473090680976,-0.042779746347785946,-0.05280493956543503,0.9917734413728712,1.0
2015-09-23,-0.02823719161841403,0.02659077634294266,0.2574382043047477,-0.04279870677154151,-0.0540814592121511,0.9913722025022572,1.0
2015-09-24,-0.0296093640480012,0.034805705198174317,0.2537155507195699,-0.04468981458459208,-0.05728030388809714,0.9908677666721251,1.0
2015-09-25,-0.013391707544895767,-0.0031282245965647474,0.2172760708717091,-0.04319794322571861,-0.057304775136249514,0.9905528735973159,0.0
2015-09-28,-0.043963767498290895,-0.05298065357534425,0.21482195481730054,-0.06504328021040934,-0.08071425460011476,0.9884246636896222,0.0
2015-09-29,-0.030314080220118878,-0.052445422974130455,0.21491070526584094,-0.06231650408992835,-0.07990564123500943,0.9869189326032125,0.0
2015-09-30,-0.010227854586631741,-0.02584705535119312,0.2256391217745928,-0.043005801471983435,-0.06261704244354603,0.9873292489487939,0.0
2015-10-01,-0.003999641263194575,0.0070610111372390845,0.19949877540523234,-0.038766673287372495,-0.06009244703373423,0.988000428060591,0.0
2015-10-02,0.01108662530904756,0.0030848926109386873,0.1952923256944494,-0.023030258475753452,-0.046075794828671975,0.9898488323949381,0.0
2015-10-05,0.054143120681463916,0.020007494421935494,0.20449501992515343,-0.004802085411196153,-0.029116810706221345,0.9928417012139595,0.0
2015-10-06,0.050126048241776335,0.03182799166665326,0.19664120030379406,-0.007422277504553319,-0.03232722379157376,0.9949846528081809,0.0
2015-10-07,0.039796523037919154,0.015164531448740115,0.1794817088141497,0.0015956336459004385,-0.024302904422977153,0.9973805185566204,0.0
2015-10-08,0.04617694800811574,0.037612564110794486,0.17388758719214012,0.01149730919459553,-0.015416753474850829,1.0000151342518604,0.0
2015-10-09,0.03194612499639299,0.032781959749049704,0.17341939898546382,0.01295632798141163,-0.014746538990017034,1.0021195517123982,0.0
2015-10-12,0.015250804063062555,0.029191170887765558,0.173089584726972,0.014717887300719858,-0.013738191851693272,1.003814110084376,0.0
2015-10-13,0.012360281939016574,0.02658597885985274,0.1742892678447579,0.009181900209233993,-0.019829611667725285,1.004581051390516,0.0
2015-10-14,-0.0006019995998481596,0.009358915075956046,0.17057274387001,0.005256700408575524,-0.024374898110717583,1.0047412296542366,0.0
2015-10-15,0.005649911411805885,0.015967527481226644,0.17601718009096334,0.021375668161854624,-0.009339546304114316,1.006041359234543,0.0
2015-10-16,0.00958986017129225,0.022754331683197876,0.1761245763169765,0.02643436367848679,-0.004851968436700021,1.0073540252227344,0.0
2015-10-19,0.009137959917197748,0.0397221303756181,0.1642140029295668,0.02730229677924401,-0.0043848298267909905,1.0083323325455646,0.0
2015-10-20,0.014181578340250226,0.03328927329374905,0.16411564197337694,0.026650166932774503,-0.005761711707317465,1.008895382027092,0.0
2015-10-21,0.01276365295175651,0.04013056985591112,0.15801884626382662,0.020873364819898387,-0.012048502248303856,1.0087309925858645,0.0
2015-10-22,0.014278478178383923,0.0584831972780246,0.16549355903245128,0.038390928987853686,0.004497873203114629,1.0098544040079378,0.0
2015-10-23,0.020644027658229515,0.07300772338942858,0.16605550712101566,0.0497809504137848,0.015395246016366495,1.0115035138287682,0.0
2015-10-26,0.01769195155001486,0.07080578947052872,0.16685290009952758,0.04734244084301621,0.012758631085735021,1.0124522004780445,0.0
2015-10-27,0.01703674364068711,0.09428978443272705,0.13198555846592291,0.04562571171300139,0.010632058951771191,1.0128889874602156,0.0
2015-10-28,0.03457033051568354,0.10501498059171353,0.13321096240949112,0.05751321475710077,0.021883153358405315,1.0139975192688233,0.0
2015-10-29,0.017243210955092868,0.0859542628197492,0.12500910210189461,0.05673631701344162,0.021025374894400164,1.0146496489490036,0.0
2015-10-30,0.0020217910174662717,0.07902915567008945,0.1283055792248849,0.05164795525798035,0.016332161388142166,1.0146365001165416,0.0
2015-11-02,0.016244556770343803,0.07596372093182496,0.1253810087883143,0.06263033320920494,0.028063770880093875,1.0154083147171422,0.0
2015-11-03,0.021073312590255824,0.06121997634151895,0.11454034294846666,0.06329622504890814,0.030745672273009977,1.0160636337965405,0.0
2015-11-04,0.00672512513954739,0.0616140574894846,0.1142730105067704,0.05750677378932666,0.027363165665994543,1.0161390162934778,0.0
2015-11-05,0.006300618557133456,0.0524583583389635,0.11339835056804931,0.054680698927699715,0.026161812999843652,1.0159281725557359,0.0
2015-11-06,0.010096842798889161,0.04294905046086286,0.11130826948096822,0.05288195369979621,0.02542433800475394,1.0155355254688125,0.0
2015-11-09,-0.011040531340219848,0.03297706459521212,0.11809681422841932,0.042029829110253346,0.015716946502912475,1.0142970958371917,0.0
2015-11-10,-0.011631359537252696,0.0343378127412037,0.11809982910743351,0.04318867778944979,0.01784268736755073,1.013347858830708,0.0
2015-11-11,-0.012532978071447062,0.03672079747902096,0.11635226557719892,0.03732699160413117,0.01358161906141669,1.012137340160266,0.0
2015-11-12,-0.025592124523328257,0.0274682334154834,0.12685943588280882,0.02178098270236139,-0.0007078429264264787,1.0099373883435665,0.0
2015-11-13,-0.0363609433182087,0.0009381957308482718,0.1233953272845472,0.009502109156591484,-0.012071975019453897,1.007213399741814,0.0
2015-11-16,-0.01189300766312335,0.011494196760796525,0.13326074566642515,0.02342262457344211,0.0027898548195461025,1.006183972994691,0.0
2015-11-17,-0.01492645891422943,0.010273393909776524,0.13333430538922014,0.021754615643674705,0.0019711134774431063,1.0052490795584674,0.0
2015-11-18,0.004754790934095785,0.02729401007286652,0.14316459404152942,0.03642534474728442,0.0176799837359122,1.0057160017939422,0.0
2015-11-19,0.017949239910228686,0.03265382037395557,0.14080030081673095,0.03412257178144504,0.016667928176096924,1.0059455432695175,0.0
2015-11-20,0.032879017067638766,0.019538734620103117,0.12986867037793298,0.03649465644125718,0.020206046886517913,1.006348924912421,0.0
2015-11-23,0.016639522611324356,0.007489691713891364,0.12482101519945904,0.0338654036914139,0.01885317596620843,1.0064986483144445,0.0
2015-11-24,0.018707504075865633,0.011288946435627292,0.12443370494325046,0.03403139782409336,0.020080637890548213,1.0066482268397903,0.0
2015-11-25,0.0028222143620675244,0.013079480794246931,0.124139824143358,0.032844823621310124,0.019800900698828488,1.0066769550912946,0.0
2015-11-27,0.004831657796619506,0.0029151476548915337,0.11795317696142862,0.0329218234946733,0.02087959401160086,1.0067143984376052,0.0
2015-11-30,-0.0029662128304557937,-0.0006706891654455443,0.11887676402501139,0.027292885624431763,0.016593728349439302,1.0063332767198834,0.0
2015-12-01,0.007671161083047164,0.013139061779472256,0.12218075418250444,0.03563879296046924,0.026197689897303842,1.0067235859114563,0.0
2015-12-02,-0.003924756181253952,-0.00888036651597046,0.12069387527928999,0.02359874411307026,0.015690052422927044,1.0061295202336344,0.0
2015-12-03,-0.017882790410920623,-0.025876622206929517,0.12888966741921185,0.008077130727570297,0.0015006620924719032,1.0044766055631138,0.0
2015-12-04,0.00028651141891747334,-0.0035234660657383794,0.14694010303517363,0.026055461597770745,0.020997684751609846,1.004666483357512,0.0
2015-12-07,-0.0016306416776097378,-0.008601949400188736,0.14834834361262172,0.018293637696730765,0.014807242295998287,1.004275367858287,0.0
2015-12-08,-0.01786324244640286,-0.014821023465819766,0.14996382758876176,0.009582049672773006,0.008032677228880453,1.0033839917311846,0.0
2015-12-09,-0.015415696679904198,-0.013255531855654808,0.14891788325983474,4.776001918757788e-05,0.00026969709582933704,1.0020289999070855,0.0
2015-12-10,0.0012632156808920626,-0.012982046988784756,0.14898879689961012,0.0012398221579089114,0.0029113869586530534,1.0011466897568346,0.0
2015-12-11,-0.03762325170700399,-0.028613739701295306,0.1625982025371115,-0.019095369029014587,-0.01638819299707773,0.9989036019492452,0.0
2015-12-14,-0.02650636592546768,-0.009516190802328153,0.15717835725769408,-0.014895733005998718,-0.011273134326305912,0.9975468603843323,0.0
2015-12-15,-0.009320868759132024,0.012219051093256912,0.15632450271200535,-0.005187819082475509,-0.0008191885453527092,0.9973342314950719,0.0
2015-12-16,0.013015069264479328,0.011652545071947872,0.1556728890979303,0.008366254579315283,0.013780441737194662,0.9983592530094662,0.0
2015-12-17,-0.004917762516256146,-0.0029733505908114705,0.1651498303384893,-0.007523779932958055,-0.0016051507662094094,0.9979543553802351,0.0
2015-12-18,-0.003322256325012483,-0.03669078696040357,0.1655931416192839,-0.02520484678178875,-0.01931265939721478,0.9962438686630681,0.0
2015-12-21,-0.0001464606324446116,-0.027611891345001444,0.169151979497751,-0.017310131577429635,-0.01116263550652888,0.9955871381265315,0.0
2015-12-22,-0.0015565209405152321,-0.022216486914897086,0.17214847881816372,-0.00869954718796881,-0.0022549827284035007,0.9958381297631617,0.0
2015-12-23,-0.003775226895764903,-0.008762204435141387,0.1782613426845032,0.002896504131891607,0.009960404487819144,0.997068127604115,0.0
2015-12-24,0.009928263846536058,-0.011752590820141042,0.17819122627310316,0.00050382456558874,0.008224964435538173,0.9979316522726434,0.0
2015-12-28,0.025616605977629756,-0.013896395344841338,0.17828287341463978,-0.002175883794481465,0.005834156204851708,0.9984480548313597,0.0
2015-12-29,0.028016676282938982,-0.004426872858681969,0.1824615768050358,0.007950249118274378,0.0164928214679311,0.9997235859054506,0.0
2015-12-30,0.011870341709011275,-0.0073799323754300174,0.18355044949419416,0.000440054579799674,0.009234238721218913,1.000152647102489,0.0
2015-12-31,-0.010490834086090743,-0.026924199604279296,0.18283127979903213,-0.009756618556606327,-0.000804503156690103,0.9996852766708809,0.0
2016-01-04,-0.02291677543669559,-0.030744610075582678,0.18565162179557315,-0.023634067349416,-0.014670064374275628,0.9982107034398227,0.0
2016-01-05,-0.01893957075713705,-0.014953175691057771,0.18008311783737918,-0.021727510434247532,-0.012865275312247057,0.9972053708641668,0.0
2016-01-06,-0.04224981534387298,-0.046963199621472426,0.169028140850726,-0.03336701861259417,-0.0251298297240915,0.9954506922605176,0.0
2016-01-07,-0.0594205452461868,-0.06516983594400708,0.1852309918171091,-0.055481005827373704,-0.04825088809665311,0.9922388105467151,0.0
2016-01-08,-0.06040364995526476,-0.06946460711314119,0.18688417434617904,-0.06462293842340004,-0.05845331541951462,0.9889420938434341,0.0
2016-01-11,-0.04533637550223255,-0.060665288897911035,0.18669899919296304,-0.06227078394667002,-0.05729222817689952,0.9865345456884007,0.0
2016-01-12,-0.03899028145271331,-0.05520667282466314,0.1896470055859839,-0.053417171390896245,-0.049480431875175875,0.9854049050337519,0.0
2016-01-13,-0.05155268367579102,-0.060892631590259455,0.1969302990050607,-0.07541056827398684,-0.07282038618920875,0.9827229876482625,0.0
2016-01-14,-0.01098530138697005,-0.049648771405509454,0.20627214736622973,-0.05864475224018486,-0.05733917754540019,0.982051354488718,0.0
2016-01-15,-0.02164811900013011,-0.08179185735413927,0.2111212932702898,-0.07686506434106977,-0.07724287299993478,0.9800369621054219,0.0
2016-01-19,-0.021307267607027672,-0.09498762576941804,0.2013360422331198,-0.0737190166926079,-0.0756715151065601,0.9787641016661732,0.0
2016-01-20,-0.042240906724448975,-0.09252981703285597,0.19984438208607164,-0.08348944356685381,-0.08709290976457137,0.9769940957069823,0.0
2016-01-21,-0.01139731091360624,-0.06896768617885321,0.19632313171282179,-0.07633891267750678,-0.08158793752539671,0.9762754675911747,0.0
2016-01-22,-0.007373218803439399,-0.05687552957650423,0.20928833499570432,-0.05586430700992102,-0.062419863327185104,0.9775616550447087,0.0
2016-01-25,-0.0009053533364004624,-0.0811406897500245,0.20901539318343815,-0.06831856074981187,-0.07618481171558013,0.9776226842471551,0.0
2016-01-26,0.011315231721960995,-0.07989716715169214,0.21026825981088398,-0.05407544271187803,-0.06320040391187337,0.9789863548529698,0.0
2016-01-27,0.01327010740293852,-0.08918797347645349,0.2115291339758265,-0.06292552659421574,-0.07299285221365596,0.9794275791339198,0.0
2016-01-28,0.012879233062927039,-0.08170505909355591,0.2139767434840222,-0.05689500787909202,-0.06777212305283367,0.9804130590054615,0.0
2016-01-29,0.01665662532010035,-0.06823558053934287,0.2299718086102911,-0.0328740217015663,-0.04473191178173445,0.9833353060849971,0.0
2016-02-01,0.031527176605081905,-0.06148385485395387,0.22973170730528672,-0.03219875848066846,-0.04476180866635746,0.9857857333593744,0.0
2016-02-02,-0.00021017898921938533,-0.06961651205482076,0.23458641068968228,-0.047991096664148254,-0.06164182143362806,0.9864137053420226,0.0
2016-02-03,0.01670949633176132,-0.049561701707996585,0.23327620322075598,-0.04074570102589087,-0.055661828831210174,0.9875350514094458,0.0
2016-02-04,0.013080974565016055,-0.0496845137714028,0.23324972432066832,-0.03765159241780634,-0.05383802256060092,0.9886808101710184,0.0
2016-02-05,-0.03023797825848632,-0.056223743453956185,0.2379509196518538,-0.054095195661507355,-0.07141908350176956,0.988183930868465,0.0
2016-02-08,-0.04342921641319819,-0.045492526020965256,0.2283846779898175,-0.06469198044440716,-0.08341186379734236,0.9868635666436294,0.0
2016-02-09,-0.025188439823906703,-0.03440130192346271,0.2261777903988931,-0.06249888370904611,-0.08284381678774817,0.985972246473312,0.0
2016-02-10,-0.03202844195967159,-0.03625376816543561,0.22599759872469352,-0.06111940642257777,-0.08313260621113798,0.9853576136016021,0.0
2016-02-11,-0.046688972436904834,-0.05738320475559433,0.22634989507883937,-0.07101669654768421,-0.09449402449602069,0.9840136559492959,0.0
2016-02-12,-0.007047902300287342,-0.011718962078452501,0.22435913876503394,-0.049662155005497005,-0.07535372895237238,0.9847331998681996,0.0
2016-02-16,0.023241974590553417,-0.011265250043441779,0.2247933541777861,-0.031895280877611024,-0.05938917798008607,0.9868071300912742,0.0
2016-02-17,0.039390893227808865,0.026637710304476286,0.21807648802179755,-0.014924052790817783,-0.04368052946848503,0.989894175050119,0.0
2016-02-18,0.03614987070722158,0.021203370148813648,0.21886818867315708,-0.017323568581981297,-0.047222230039432565,0.9920919155236346,0.0
2016-02-19,0.048774429802959866,0.033632131771814525,0.21307539928154876,-0.016262670695759703,-0.047347805249442404,0.9938646996095838,0.0
2016-02-22,0.04274300017643041,0.04242134901158415,0.21728034105099825,-0.0008980207780195685,-0.03331491813840967,0.9964883015512945,0.0
2016-02-23,0.013295521014785107,0.009403489774782734,0.21231285044802517,-0.012320356791305994,-0.0452102715000641,0.9975505167140305,0.0
2016-02-24,0.001657460812441073,0.02920052445331783,0.20483510551951747,-0.006632769361540978,-0.04048276112504206,0.998777487770208,0.0
2016-02-25,0.01780051851756921,0.02768865694442187,0.20376838276385534,0.005930860338396135,-0.02857836642818679,1.000725712138941,0.0
2016-02-26,0.0159658387244041,0.03632786309328011,0.19936850967268474,0.004299245629749666,-0.030535093427848412,1.0020522224412614,0.0
2016-02-29,-0.006283375678281335,0.023258740270375784,0.20163340003876812,-0.002523719261321025,-0.03782428337756198,1.0024312405879239,0.0
2016-03-01,0.02966178690170196,0.022408651356384344,0.20043071529784376,0.02183902116646723,-0.014943584034353431,1.004581086065396,0.0
2016-03-02,0.029578993651415208,0.02725234149965114,0.20069789318171166,0.026921855696226987,-0.010270499948553044,1.0065700510569207,0.0
2016-03-03,0.021452029818648164,0.049350865752289426,0.18785449576011765,0.03097253526960562,-0.006145384790205886,1.0083630390722658,0.0
2016-03-04,0.027004001055682725,0.04662236781720152,0.1874280466632287,0.03445937354157107,-0.002682872238026949,1.0099274835522025,0.0
2016-03-07,0.03567520641674275,0.04585297212210249,0.18748076700435798,0.03559594286552748,-0.0016655398666294342,1.0110952380730114,0.0
2016-03-08,0.0014621223656108434,0.05410875198048151,0.17751374405841538,0.02509572495438863,-0.012277487933606359,1.0109884044990547,0.0
2016-03-09,0.0019077957034584541,0.07258935361630778,0.16762441500868525,0.030830894359664154,-0.007145071194635009,1.011174301122024,0.0
2016-03-10,-0.0012020152443882274,0.0733372903318079,0.16745306351999723,0.032263319944525956,-0.006154790055225294,1.0112541578703909,0.0
2016-03-11,0.011557671649384357,0.09020848142625747,0.1720595026891375,0.04942465270632982,0.010048041372620192,1.0124829023521245,0.0
2016-03-14,0.009476922061575743,0.10201886662058307,0.16156398328236893,0.04845128507795137,0.008918601771507656,1.01318938579343,0.0
2016-03-15,0.018824099528513223,0.07998075380928207,0.152629361423836,0.046926953868298114,0.007415553780692895,1.0134536660488545,0.0
2016-03-16,0.01966693367646065,0.06901431270221502,0.14548538386634385,0.05273305722296967,0.013369091021590953,1.0139697539821224,0.0
2016-03-17,0.02518890794182001,0.05913530504581904,0.13828051531680058,0.05905317714873237,0.019883992578280822,1.014721707641533,0.0
2016-03-18,0.01310274823127287,0.06716135895030877,0.13599586470326888,0.06248744131189827,0.023971567221427088,1.0154534096882244,0.0
2016-03-21,0.015803439296462645,0.06904787611408583,0.13551106841882488,0.06271126825915146,0.02545166765035918,1.0159568629817488,0.0
2016-03-22,0.01689717750758416,0.05413493114043583,0.12986600030468862,0.06063978543117931,0.024922111393965437,1.0161181994272463,0.0
2016-03-23,0.004505025651608208,0.060223817339038116,0.12232851688874335,0.05232123058939439,0.018181451204581554,1.0155214946436004,0.0
2016-03-24,-0.0022622784137983137,0.055215565819579655,0.12268271422649865,0.05071736383685173,0.01775515795142768,1.0148395079598924,0.0
2016-03-28,-0.005593477510489177,0.043767362922250364,0.11793711078290682,0.049668123967596976,0.01844080010520921,1.0141819684779627,0.0
2016-03-29,0.0021959729309146917,0.05527801032059643,0.11927429567904264,0.05782828248177335,0.02791473123031614,1.0142447946411561,0.0
2016-03-30,0.007111729396000823,0.06753003621471798,0.1130664465777763,0.060373114016095256,0.032415022399568866,1.014481280512233,0.0
2016-03-31,0.011303465768048,0.04186549620538415,0.08798127397521954,0.055797440284333484,0.029889566061575945,1.0143003336367002,0.0
2016-04-01,0.018535165630137254,0.04417173779830169,0.08915808951868659,0.06056759504582208,0.036877154695400594,1.014540450209271,0.0
2016-04-04,0.014701287725349508,0.037016620828951706,0.09076021729955994,0.05491478673323174,0.033518284399171115,1.014296047140661,0.0
2016-04-05,-0.004543871903585092,0.023730137361328604,0.09928920103382222,0.0428159012289555,0.023301876979307884,1.0131347553042995,0.0
2016-04-06,0.0019395696994809544,0.033794399497456176,0.10483096954623224,0.05208305095964555,0.03450314545306243,1.0129456796306866,0.0
2016-04-07,-0.007668489260230445,0.03273488457954286,0.10648513839544185,0.037936260519457914,0.02224059514069156,1.0116846653116542,0.0
2016-04-08,-0.011764244338662883,0.030499697756180357,0.10587381446921577,0.03890185651084308,0.025102782339101598,1.010778412330066,0.0
2016-04-11,-0.010871380568805922,0.027347255504534013,0.1066778971828021,0.03479335804785867,0.02277538235791672,1.0097581451175535,0.0
2016-04-12,0.008436930446055126,0.020609396157999373,0.09709787156239526,0.04303471473200993,0.032315164518814735,1.009589153590548,0.0
2016-04-13,0.007625158248316933,0.03194263568419736,0.10160007842533467,0.05193512829700459,0.04270151312906311,1.0101558867594105,0.0
2016-04-14,0.019711014037808828,0.033621799088838465,0.10110900618320406,0.04998643414629527,0.04259745243327645,1.0104838750867227,0.0
2016-04-15,0.01591188548267665,0.026744649562396357,0.10033912097562535,0.04697974568307899,0.041307568532803665,1.0105289224895502,0.0
2016-04-18,0.025264516559021108,0.027422864121735106,0.10079572493034157,0.052361703294026785,0.048491081175397015,1.0110067462688768,0.0
2016-04-19,0.01914363019427348,0.026650278120999987,0.10057836836588327,0.05325347572093558,0.05164197050295884,1.0115060019057098,0.0
2016-04-20,0.010045449874228203,0.026184646261962922,0.10058263667077098,0.05155171685353125,0.05246655550432713,1.0118383044741495,0.0
2016-04-21,0.004604706584075925,0.02132932816533023,0.10304394181770744,0.04333855098712434,0.04669343852549953,1.0115256012849267,0.0
2016-04-22,0.005711073218914302,0.027950697129702454,0.09934715581019038,0.0407766789045965,0.04649060001201001,1.011147779606825,0.0
2016-04-25,-0.0030154571716521847,0.026669685363881236,0.0997337559385964,0.0362289843495462,0.04450432012022185,1.0105854194944393,0.0
2016-04-26,-0.004680073038990019,0.027563682592499143,0.09970511441891494,0.03537736606082432,0.04593091584911869,1.010142478114741,0.0
2016-04-27,-0.003575810459236055,0.020412862871812175,0.09556215004054097,0.03540021449210598,0.04800606476551762,1.0098439053927664,0.0
2016-04-28,-0.007300261856190727,0.006917336913138679,0.10079277474655392,0.024426643124951047,0.03849039762965469,1.0087689096470633,0.0
2016-04-29,-0.01271396877082815,0.003933262590826302,0.10234019346975873,0.01736583003377596,0.032906318286594086,1.0073971647032485,0.0
2016-05-02,-0.003072748839926833,0.0050617708938171515,0.10332727487177723,0.023740568608403425,0.04113990743946342,1.0068679802563991,0.0
2016-05-03,-0.013298956618134291,-0.0004365617509846549,0.1073409000115056,0.01359522117439466,0.032153179640174515,1.005679879153189,0.0
2016-05-04,-0.020948856945664212,0.004007877829733057,0.10313664966639782,0.0065876351626016644,0.026502442649764348,1.004241585322562,0.0
2016-05-05,-0.012027140940119115,-0.0070493737264613904,0.09555575165353182,0.005131474260451747,0.026388415800538884,1.003050091001082,0.0
2016-05-06,-0.0029610871494125317,0.008640664701644216,0.0863607829609919,0.007704007179144596,0.03020177875563626,1.0023706762075562,0.0
2016-05-09,-0.010052146317899281,0.006773868914580752,0.08598071933280603,0.007372035270982744,0.0310762642257005,1.0018768678703682,0.0
2016-05-10,0.011046678282127928,0.021481497099949197,0.0948567750359889,0.018314980806482035,0.04379720897384878,1.0024567800151967,0.0
2016-05-11,0.0072416445796875065,0.002812591963365439,0.09643730413593372,0.007862716605440365,0.033953991588536805,1.002130439499505,0.0
2016-05-12,0.007727134345038066,-0.0069473976297402575,0.08946690956955315,0.007311463442639606,0.03423835088317872,1.0018736150662302,0.0
2016-05-13,-0.004677536538919839,-0.015747885875084452,0.09407263653630611,-0.0020508674912894536,0.025292851119533954,1.00095599902792,0.0
2016-05-16,0.004313707237585533,-0.0048243093305103645,0.10091297741938411,0.007070158126812809,0.03542450270889486,1.001006369057644,0.0
2016-05-17,-0.01742111325063407,-0.021204132709705982,0.10206773141988651,-0.00284322781436117,0.025818102954301623,1.000288379604759,0.0
2016-05-18,-0.0077297379559495005,-0.024060776186857546,0.10107594816881932,-0.0032818202461562113,0.026156820440940597,0.9997452342842843,0.0
2016-05-19,-0.01149045801789814,-0.028483305521866602,0.10108048560337453,-0.007299267152122533,0.02264781934729932,0.9990470675177234,0.0
2016-05-20,0.0035592863253211824,-0.016793306133839194,0.10328655475060369,-0.0017049928731529597,0.029138876396332378,0.9990105301227666,0.0
2016-05-23,-0.0076218489255437194,-0.01815723147496839,0.10326156168355585,-0.0034036451840505997,0.027730475202584478,0.9988845209060732,0.0
2016-05-24,0.01463504248701697,-0.0035536330510368315,0.11360370692178465,0.00888688814588889,0.04096727755117101,0.9998295549275179,0.0
2016-05-25,0.021102600698891087,0.0017218975510235575,0.11601576108698886,0.014927647116194008,0.04797302585079753,1.0011159335815294,0.0
2016-05-26,0.024859725356065107,-4.776970656544279e-05,0.11579807642093679,0.014525469162099295,0.04816746958833863,1.0021317501189049,0.0
2016-05-27,0.022852465388225884,0.013359421110577412,0.11174392740848423,0.01822999853876035,0.05255034279751375,1.0032476236341985,0.0
2016-05-31,0.022312010729993968,0.016868748025853728,0.10999758791905255,0.015755536333454712,0.05042825542174483,1.0039284749252098,0.0
2016-06-01,0.011479504084770286,0.010998619873660284,0.10705443773730443,0.01728528729362629,0.0524691884533894,1.00458026512703,0.0
2016-06-02,0.007758360888491443,0.022779215057649287,0.10186001172489725,0.019755063024120847,0.05557441406597676,1.0052817566160788,0.0
2016-06-03,0.004480407637145294,0.025381494876244057,0.10009382260516238,0.016014530529736063,0.05232440931451252,1.0055282307256077,0.0
2016-06-06,0.005265461890467361,0.030652023941163883,0.10082482438369844,0.020372627847039686,0.057509655672797054,1.0060654633537836,0.0
2016-06-07,0.008730069967840922,0.028559905143107182,0.10051151743828306,0.021133718153711328,0.05886948965655937,1.0065408234934219,0.0
2016-06-08,0.009937367783450914,0.03098813397501048,0.10070075816581192,0.023746011110328497,0.061849961130222154,1.0070988703261796,0.0
2016-06-09,0.005532167311902146,0.017264704087423508,0.0929376534624347,0.021751462215855714,0.05972115720412832,1.0073426097775002,0.0
2016-06-10,-0.0009992021986875155,0.017140648097869037,0.09311038897645259,0.011624254214526352,0.049000877258370615,1.0066860475227384,0.0
2016-06-13,-0.013816378061458811,0.00910851153466701,0.09772514537927775,0.003674637319524731,0.040465980240341835,1.0054802948282844,0.0
2016-06-14,-0.017345163779561627,0.015892277902465394,0.09236921608726167,0.0015281467355675168,0.03810927626232517,1.0043170284384881,0.0
2016-06-15,-0.021994255715299574,0.004680171022125373,0.08649061671825722,-0.0002106056266425715,0.03636009598782918,1.0032456083911439,0.0
2016-06-16,-0.017648403069803496,0.017037414268254083,0.0795202497892805,0.0025847910994819976,0.03909283649262018,1.0026051751312821,0.0
2016-06-17,-0.011857026620606042,0.013013359433212496,0.08105786392697754,-0.0014993803528658076,0.034734751956174044,1.0017774779575752,0.0
2016-06-20,0.0023044639814405908,0.02290343353400574,0.08200446927331236,0.004502980065793993,0.040966074144246925,1.0016189528637225,0.0
2016-06-21,0.007107686960309627,0.019440678537453838,0.08008913748721426,0.006821586716308801,0.04347579513981221,1.0017026749871947,0.0
2016-06-22,0.006870285114904876,0.019172305062573967,0.08019114236068986,0.004864448490632453,0.041263148578973306,1.0016183817590332,0.0
2016-06-23,0.01682866594858535,0.019231037729822462,0.08030175459150245,0.0175680983402444,0.05435921752533369,1.0025721902858014,0.0
2016-06-24,-0.01600966512822772,-0.02409890639390631,0.15032133670634695,-0.018621896921729494,0.016178343989305757,1.000387639003971,0.0
2016-06-27,-0.04050105652249002,-0.04245734834454939,0.16117509007084935,-0.03553616231126087,-0.002218164925822013,0.9972615890989258,0.0
2016-06-28,-0.02546047470279713,-0.02887226155356917,0.17422089494390863,-0.01767049892381899,0.015507848105149213,0.9962251969171151,0.0
2016-06-29,-0.0069436220415489795,-0.01008332770896898,0.18530649063226956,-0.000735374947445308,0.032417754946769045,0.9967945082423235,0.0
2016-06-30,-0.006328849750518695,0.0014226838945334812,0.19146769610757525,0.012854014972405268,0.046107255285451926,0.9983671045240514,0.0
2016-07-01,0.03233900650890585,0.00048173922650809756,0.19131138738961592,0.014782064026019373,0.04793844071977173,0.9997851700746521,0.0
2016-07-05,0.04319174940240848,-0.0037460065792862037,0.1927061894965497,0.007431856950655647,0.040065114968476694,1.0003155360828095,0.0
2016-07-06,0.031296235111987675,-0.0028414883320488585,0.19304207582192373,0.013265502245999646,0.045849938782792136,1.0012075417297803,0.0
2016-07-07,0.013791797297570834,-0.00502160037923907,0.19294850838870609,0.012472111925253581,0.04477865326435563,1.0018414833602578,0.0
2016-07-08,0.01501934384278741,0.006504659953869974,0.19959473575918002,0.02711297894952071,0.05975784990533616,1.0035106475763358,0.0
2016-07-11,0.01644201892361897,0.01139159083822492,0.1997955518251232,0.030036816441629217,0.0628885311490392,1.005058897861567,0.0
2016-07-12,0.03089819668691558,0.028151392306316886,0.19758022944396914,0.03654892670093217,0.06993816305039421,1.0067971204454873,0.0
2016-07-13,0.02477885203214481,0.03575374176155476,0.19491402416944342,0.035602598420838516,0.06911876523916048,1.0080619243904314,0.0
2016-07-14,0.030966647243857462,0.04329021064418002,0.19487391383212158,0.04027937722840918,0.07425599526925333,1.0094071089099927,0.0
2016-07-15,0.014843442397024141,0.04334235806619369,0.1948623434682838,0.03769663348720963,0.07199537982639108,1.0102369577134982,0.0
2016-07-18,0.014006473028876367,0.04304646693690478,0.19484751639604483,0.03923621759486726,0.07413284873695515,1.010982351148163,0.0
2016-07-19,0.005752304735449115,0.04576072366237204,0.19405806138891768,0.03703091593661137,0.07231812242567927,1.0113533618577708,0.0
2016-07-20,0.010046069491635905,0.04349534727175007,0.1935924530594897,0.04012395971781374,0.07610846489639034,1.0118464382832015,0.0
2016-07-21,0.0006939075628785178,0.0368764312467489,0.19461864288076486,0.03531250952774604,0.07148615289864231,1.011787685659886,0.0
2016-07-22,0.006511633287416948,0.04298370623870576,0.1944287227239232,0.03878148609838635,0.07568845944196693,1.0119654639567226,0.0
2016-07-25,0.0011082524298829857,0.027326053418202413,0.19091114338839754,0.0348559859326757,0.07222402031410952,1.0117460456876526,0.0
2016-07-26,0.002586695749258534,0.06435708453985829,0.13252227996703086,0.03404443006057982,0.07222033910805797,1.0114754873161051,0.0
2016-07-27,-0.0026293323027346696,0.08136707149150542,0.10942596079801907,0.03188271047991331,0.07059413769750893,1.0110459575291355,0.0
2016-07-28,0.0023090015247407766,0.0646459074742868,0.09710673977497881,0.03179776773496756,0.07134037446711518,1.0106750636885944,0.0
2016-07-29,-0.000552591843797507,0.049374736436457234,0.08315734012347913,0.03215988690866675,0.07253750136667177,1.0103911687842655,0.0
2016-08-01,0.0013376707252255589,0.034992573893946666,0.07305787807308499,0.029953303922308005,0.07109646885353102,1.0099826546772073,0.0
2016-08-02,-0.0055515999646861955,0.026466478066266244,0.07821125189383948,0.022274368985375936,0.06380122393573899,1.0090346850220646,0.0
2016-08-03,-0.0015713380475030876,0.03660398404159385,0.07200020831799171,0.02409338564284052,0.06648428570210689,1.0084219403939545,0.0
2016-08-04,-0.0016617941371837132,0.031687878225115415,0.07035042030433608,0.024250117705909877,0.0671895935897295,1.0079307341413322,0.0
2016-08-05,0.004870352798295006,0.040453291937181404,0.07349106978938537,0.03165239625659162,0.07543142302017206,1.008108437083339,0.0
2016-08-08,0.005103607175933943,0.0250768372270932,0.057073341135112386,0.030083739924335835,0.07427552287629235,1.0081056297664541,0.0
2016-08-09,0.01212754362911718,0.022152002771764455,0.05646707791345847,0.029819474541084825,0.07448635469197494,1.0080576583869507,0.0
2016-08-10,0.00673102888154786,0.012436816236226136,0.052986846017866,0.026409653360323974,0.07147133973253111,1.0077285767971464,0.0
2016-08-11,0.010297521267554677,0.017206547460525284,0.05470506930684478,0.03025303076014844,0.07604684116388213,1.007753392057133,0.0
2016-08-12,0.0012825111335216808,0.010769155826845619,0.05214982153102075,0.028520091689918883,0.07470986303943059,1.0076135330036349,0.0
2016-08-15,0.0047583247026702444,0.014991719532739303,0.05230789781691312,0.030525865203084274,0.0774512091266459,1.007647438002053,0.0
2016-08-16,-0.0010089366514595037,0.007136593091428585,0.055557157416097055,0.024468083482910304,0.0715644697413023,1.0071716215850504,0.0
2016-08-17,0.003348394709777917,0.010032906210554937,0.055571770269035294,0.02564447078916574,0.0732161277046969,1.0068671749191378,0.0
2016-08-18,0.0009597242877871855,0.008120202256676564,0.05435917686890771,0.027213723465506028,0.0753108838728314,1.0067294790686123,0.0
2016-08-19,0.0003658950666605336,0.010441143330627635,0.05268408991801764,0.024984585960198268,0.0734499177141625,1.006427225808401,0.0
2016-08-22,-0.0025596075654287774,0.005920478679893578,0.050672464786851855,0.024020735923989543,0.07309611090040531,1.006113252533335,0.0
2016-08-23,0.004623337590671582,0.01065167825221718,0.04978412236969514,0.024968676818950965,0.07493474704413217,1.005958298766512,0.0
2016-08-24,-0.0023838064677859485,0.0050624039935104545,0.053477118013653985,0.018687960425884487,0.0691427742449134,1.005359160248333,0.0
2016-08-25,-0.005314458516398483,0.005435076043012749,0.053378201538103145,0.016937604728881093,0.06806606089613025,1.0047738309367753,0.0
2016-08-26,-0.005736058854813655,0.002396082951073201,0.0537726326338198,0.014075359550790244,0.06573854967635243,1.004110859174445,0.0
2016-08-29,-0.0007781749699680776,0.005694895553723007,0.05609561087121241,0.017943991469005993,0.0706197166589763,1.0039363059311355,0.0
2016-08-30,-0.004439624126478893,0.004874383400512729,0.05636976247443881,0.01530517912115713,0.06842364708732167,1.0036228792770592,0.0
2016-08-31,-0.0021599027322529232,0.008454101225943728,0.05225444399295471,0.011575106659885537,0.06491233594232633,1.00310908691194,0.0
2016-09-01,-0.0014246869269177987,0.005581727163598038,0.05145317593148127,0.010747746432211113,0.06456792026088103,1.0026747898854567,0.0
2016-09-02,0.0049579194514968745,0.00901579653975379,0.05346013840395632,0.014590765408253383,0.06894241010608931,1.0026629387574328,0.0
2016-09-06,0.0030638168933360345,0.003888359648764035,0.04665245802645467,0.016166524614257365,0.07181490844127811,1.0028646994417,0.0
2016-09-07,0.004622162278156567,0.004392938502735353,0.04657868926491146,0.014246962440362755,0.07135453716020865,1.002982419771027,0.0
2016-09-08,0.005185023464888456,0.0015115810617150039,0.04734041035258851,0.010498772170127575,0.06858018600253869,1.0028576581350193,0.0
2016-09-09,-0.01908719544023156,-0.020236497158181384,0.09651140866973405,-0.014291148411462052,0.04281025090520622,1.0008125088782303,0.0
2016-09-12,-0.009339638399201598,-0.010621363127002488,0.10853219757185241,-0.0007825787860842186,0.057503630278808185,1.0003208182632755,0.0
2016-09-13,-0.026837504134446015,-0.024231655619203662,0.11885647082656604,-0.015447810798904076,0.04211594219891856,0.998788175232451,0.0
2016-09-14,-0.02712126057708027,-0.027486646777015164,0.11799632486854102,-0.016247732712464037,0.04154761519889821,0.997568274091003,0.0
2016-09-15,-0.014892414281124472,-0.01237189656794997,0.1232617318944867,-0.0069321775518567455,0.051700046256676985,0.9974243950931342,0.0
2016-09-16,0.005460555503926794,-0.01812433636403251,0.12342093374402571,-0.011219737805663425,0.047451076013299495,0.9970332444782066,0.0
2016-09-19,-0.00859722244275335,-0.020178309857543025,0.12297423545937099,-0.011201944818779222,0.04740900120134724,0.9967747546720054,0.0
2016-09-20,0.005929434759906088,-0.01866811592595811,0.12300776235666276,-0.01125568583946666,0.047146049772183424,0.9966121718325583,0.0
2016-09-21,0.017487460117974953,-0.007439579093611433,0.12993260119947805,-0.0003173107407305023,0.05864607130698345,0.9974158613993596,0.0
2016-09-22,0.013825440182623154,-0.0031697939759984016,0.13174151352548696,0.005670739837049467,0.0649715072054885,0.9985796030613977,0.0
2016-09-23,0.01220422203201137,-0.003536307864235197,0.13192197192095506,7.17201404074437e-05,0.058788201213973774,0.9990653660655764,0.0
2016-09-26,0.003881435482240743,-0.010982415858903803,0.1347830340651882,-0.007984751531034255,0.049869178688437946,0.9988075399822618,0.0
2016-09-27,0.010023710015930568,-0.0029083470552138955,0.13664422622129974,-0.0018488654330632238,0.056023864353068595,0.9991124477812124,0.0
2016-09-28,0.0037919071057661334,-0.0028694970178772296,0.13666238473319836,0.0029625698700312154,0.06077119018312606,0.9997579514763183,0.0
2016-09-29,-0.011577573221514849,-0.010307743071034364,0.14008626992532325,-0.005989689671283992,0.05076149587497793,0.9995400633343111,0.0
2016-09-30,0.0014344783525818564,5.807322059957643e-05,0.1424702595048186,0.001407456318652793,0.05828665034116985,0.9999748200453845,0.0
2016-10-03,0.007162749781003182,-0.002394979150982827,0.1427140883541314,-0.0009660174355194603,0.05542905848818267,1.0001229964813887,0.0
2016-10-04,-0.0041369665484560616,-0.012003233055166835,0.14268322051689702,-0.005977517156139708,0.04968604138313549,0.9998303207727055,0.0
2016-10-05,-0.004672673338168613,-0.01060598724938188,0.14320727485226045,-0.001576042697571817,0.053850225954079345,0.9999548074578704,0.0
2016-10-06,0.005110557476455563,-0.009819347872735373,0.1432618184831089,-0.0009139024124086309,0.05414043488360108,1.000108369555998,0.0
2016-10-07,-0.00584236000426758,-0.010969310248556463,0.14350085312923044,-0.0042811387408135445,0.05014970378600634,0.9999533979499664,0.0
2016-10-10,0.0017596174467274465,0.018451833735976177,0.11578166947330527,0.0008928486908344737,0.055277111314926686,1.0002472580416575,0.0
2016-10-11,-0.0058397776300897295,-0.008503372286054972,0.11421405273229072,-0.011526457910661096,0.041672637922809716,0.9994634557724769,0.0
2016-10-12,-0.00894414463251005,0.007287372252554079,0.10215802244833885,-0.010160374155312402,0.04274319840476167,0.9989585198581866,0.0
2016-10-13,-0.01292018845791405,0.004381724246430843,0.10290994031197975,-0.013212095757790237,0.039105339714713874,0.9983142469870974,0.0
2016-10-14,-0.00896854497449013,-0.005045440941922123,0.09666571977977279,-0.012500963487256012,0.03938008654467561,0.9978687168922395,0.0
2016-10-17,-0.01764183863548842,-0.004650560403439039,0.09648824192326783,-0.015500755678880748,0.0354776396998318,0.9972677251872153,0.0
2016-10-18,0.0013109716552630601,0.0014048218119614353,0.0990575273535144,-0.00903739803669054,0.04156213510450187,0.9973227179451386,0.0
2016-10-19,0.002663494760120272,0.004021432252768261,0.09946473730755173,-0.0061360622238378236,0.04393322460824062,0.9976086147246246,0.0
2016-10-20,0.004075940362806846,-0.009029795508737268,0.09122660012821228,-0.007745839818099387,0.041525562959100544,0.997710853500074,0.0
2016-10-21,0.004026830751298065,-0.014844050373247212,0.08800341806392777,-0.006953088201496722,0.04143187316681927,0.9978542529764206,0.0
2016-10-24,0.011749205576608038,-0.005105576858842369,0.08779370448487582,-0.0025007521441973873,0.045202430877402,0.9983300815892999,0.0
2016-10-25,0.002150134260647632,-0.0003264794096316747,0.08385302548016378,-0.005490369772822881,0.0410676817693538,0.9984537594313171,0.0
2016-10-26,-0.0025231294212668216,-0.008525407184429125,0.08096929165360248,-0.007199009375581028,0.0383961524078682,0.9984081070622662,0.0
2016-10-27,-0.0033250664146857877,-0.016146769029189188,0.07889352538893962,-0.009469067700334032,0.0349426923708779,0.9981779636831123,0.0
2016-10-28,-0.006752170107231117,-0.010018647258963481,0.07341746735487036,-0.011917264664776751,0.03129465088500344,0.9977831092265865,0.0
2016-10-31,-0.010949112893391153,-0.017489168104815378,0.0674890662456697,-0.011421131312183214,0.03065295207238505,0.9975021945314737,0.0
2016-11-01,-0.014864809426823647,-0.022354038617458504,0.07093496306160046,-0.017997313575451764,0.022545243245235116,0.9967342617660793,0.0
2016-11-02,-0.018891587755752674,-0.023280028391725736,0.07166919491511023,-0.023168232637281412,0.015728628128123864,0.9956920677033857,0.0
2016-11-03,-0.02080889499400363,-0.0322829906850242,0.06968413009722109,-0.02691644454700188,0.01046936210048691,0.9945606745088938,0.0
2016-11-04,-0.018951120456332328,-0.03408032519175137,0.06923529805032158,-0.02725784819528231,0.008845203395267997,0.9936455230646095,0.0
2016-11-07,0.002818849362511276,-0.008827958738036525,0.10626543195800466,-0.005519533068201565,0.03038998730825544,0.9947322612389614,0.0
2016-11-08,0.014584372448940789,-0.009529283615245163,0.10582534025990237,-0.0007467139918801372,0.03436027688312677,0.9960046553484111,0.0
2016-11-09,0.03116713335719028,0.013726882595554268,0.1025007082209086,0.009896823470271186,0.04454141969586401,0.9978980657637131,0.0
2016-11-10,0.03824738839001573,0.014908542337501577,0.10267776927097713,0.012357491114070689,0.04637310569592339,0.9996042994976304,0.0
2016-11-11,0.03704198823484288,0.015881851501005555,0.10225560839715592,0.010012594676670464,0.043315801709841485,1.0007559149535037,0.0
2016-11-14,0.016010270031934507,0.016150856268388112,0.1022519005781444,0.010870483284811416,0.04348418809590162,1.0017110095747161,0.0
2016-11-15,0.019288888494081932,0.027401443514325188,0.1037793160731645,0.018724454697773844,0.05084074922819504,1.003065941610258,0.0
2016-11-16,0.006862722536472016,0.019278633476763223,0.1027186371948668,0.016814824402947154,0.048123116836996216,1.0039370040069697,0.0
2016-11-17,0.009497640518879275,0.02174268809626058,0.10359710611614315,0.021891445834398626,0.05274363444844221,1.004986389924474,0.0
2016-11-18,0.009565026602911789,0.021370937741110502,0.10373630695084438,0.019006463533813057,0.04954498043396507,1.005567542396631,0.0
2016-11-21,0.016302387385716884,0.02842641290280693,0.10611648882369214,0.026232271969824215,0.05651713778319456,1.0065647814662957,0.0
2016-11-22,0.010481789319717475,0.026134027257434626,0.10562574379510471,0.027430361935080205,0.05761727488261769,1.0074250450961861,0.0
2016-11-23,0.012905849363154236,0.03003434857926983,0.10434152892281635,0.02716459089118502,0.05722327945094154,1.0080544167020615,0.0
2016-11-25,0.011486840424744904,0.0357526579422723,0.10384526016342373,0.03027875796057318,0.060098877716824955,1.0087520018797531,0.0
2016-11-28,0.009021091321334067,0.03371709547713036,0.10515640432292082,0.024764033493912124,0.054196241807634646,1.0088155995472712,0.0
2016-11-29,0.003446469714034423,0.03862505272407247,0.10383769381325827,0.026046950397055305,0.05539340855033052,1.00891992213182,0.0
2016-11-30,-0.0009067479430626732,0.03617639220776311,0.10471298194983109,0.02292440751968959,0.05209677043423584,1.0087053862624757,0.0
2016-12-01,-0.005133206873922359,0.039765951132171115,0.10151750933865386,0.018809896267111856,0.04746936275299785,1.0081425697962079,0.0
2016-12-02,-0.008341171740404793,0.046303073957620185,0.09753067677148336,0.019083586093396304,0.047229253796095494,1.00764865212942,0.0
2016-12-05,0.002355384196465928,0.05688137466759991,0.09510169001007544,0.02473059197364927,0.05278919364620643,1.0076541485076487,0.0
2016-12-06,0.0035697964260882277,0.06114596960649302,0.09409059206762725,0.027265735866999565,0.0553116530661575,1.0078241492428202,0.0
2016-12-07,0.018967261038446297,0.05232480388369812,0.07472793817820189,0.03983293089102318,0.06824260700347407,1.0089164514111197,0.0
2016-12-08,0.025095568283911796,0.05027714696714211,0.07437255346368554,0.04155870194962252,0.07002931816492113,1.0098629503162047,0.0
2016-12-09,0.030617182930543416,0.045753123530973314,0.06962398255955538,0.046704451774411467,0.07561355179039972,1.0109750909538051,0.0
2016-12-12,0.02347811556776753,0.04211210184535171,0.07055339030200321,0.044542575525467455,0.07347060032169245,1.01162053717506,0.0
2016-12-13,0.026967195011868603,0.05107117638351874,0.07047874664464779,0.05035170107972572,0.07979773185172373,1.012527802846606,0.0
2016-12-14,0.005683133803671253,0.04199766765543486,0.07957199923006943,0.040607215630625075,0.07012629571350698,1.0124184225245347,0.0
2016-12-15,0.007345740461160587,0.038333998934220764,0.07720002802217407,0.04381617722489658,0.07376699964495877,1.0125196979379714,0.0
2016-12-16,-0.0006342535298170175,0.038256147464684274,0.07724756620283128,0.04076046841810434,0.07093184519450578,1.0122953666384165,0.0
2016-12-19,0.0026891065969521415,0.035303567923424574,0.07632711866219563,0.04189420032257689,0.0725195452725407,1.0121523435437332,0.0
2016-12-20,-0.00011203138647920005,0.04139411839412775,0.07529359601179766,0.04480287902131096,0.07583419288507058,1.0122095534174211,0.0
2016-12-21,0.005389452443570976,0.03108473271328895,0.07417719322741947,0.04059009932891908,0.0720613790964544,1.0118880528041125,0.0
2016-12-22,-0.0004479505745502792,0.02740425903995301,0.07497389220939323,0.03755671236487046,0.06944693724203715,1.011360469165185,0.0
2016-12-23,0.0029729670149693833,0.02832326511649942,0.0749239529661825,0.03774318776465152,0.07032177310664556,1.0109340459523681,0.0
2016-12-27,0.003276259037778913,0.027092986536458582,0.07455602193039768,0.038942591168674434,0.0722650507162472,1.0106731459223963,0.0
2016-12-28,-0.008873279808182102,0.02349974726461158,0.07909787807331128,0.029102413691262402,0.0627362271563141,1.0096823325490274,0.0
2016-12-29,-0.006309276253322819,0.02132898674593171,0.07916861806859585,0.027752231920831563,0.06186381874101146,1.0087781049023072,0.0
2016-12-30,-0.008242309406028488,0.020068697576987194,0.07997036617576203,0.02301094128845559,0.057401921593337124,1.0076784057214614,0.0
2017-01-03,-0.0020845095457363554,0.031371962444685424,0.08128545732684457,0.02964825472847089,0.06488344805149694,1.0073372117560229,0.0
2017-01-04,0.0013687797703789868,0.036802938047242356,0.0826155200655265,0.03446354976722239,0.07058140814962126,1.0074614924522127,0.0
2017-01-05,0.008873279808181915,0.030017642876327567,0.08156670259192195,0.03243808568989033,0.06909689749468777,1.0074086836397504,0.0
2017-01-06,0.012667340081905162,0.030426530401748645,0.08168837560940716,0.03478277711678483,0.07223209581170367,1.0075687134108817,0.0
2017-01-09,0.013022920351776431,0.014124356890317326,0.0715432996040921,0.030056185183971306,0.06802288806868151,1.0073411462581014,0.0
2017-01-10,0.005402006671584714,0.011678400832358346,0.07128063644572141,0.02869560683160836,0.06735675003668254,1.0070786466840347,0.0
2017-01-11,0.002292240157533482,0.008477995274232424,0.06901449164516955,0.030123291533459648,0.06973614957463677,1.0070179269729866,0.0
2017-01-12,0.0005740674395490609,0.007113594748109094,0.06956080046081907,0.026120725786563357,0.0664536891212772,1.0066884134107923,0.0
2017-01-13,-0.0007043976813471534,0.002754937708532887,0.06613086698298347,0.02686900694741197,0.06827782236303415,1.006537239181473,0.0
2017-01-17,-0.0009278688616534965,0.007513354224992578,0.060294425846315426,0.02161156990218429,0.06394715077729424,1.0060616332232906,0.0
2017-01-18,0.0012796641274244649,0.005612324498622223,0.05915319003837459,0.02209768328171958,0.06570221233866427,1.0057962374145093,0.0
2017-01-19,-0.005253696468134423,0.003858552335915019,0.060285529205598994,0.01660810239757289,0.06113116671513317,1.0052258108646468,0.0
2017-01-20,0.0009264874357011021,0.0053509755868580535,0.06112251000806722,0.01898237315632173,0.06443948611862828,1.0050121337581437,0.0
2017-01-23,-0.003971950604253805,-0.001104981509241718,0.060424690429447765,0.015117833782705451,0.06103562682625818,1.0045794064213314,0.0
2017-01-24,0.005949011652217897,0.008072913433639499,0.06347914967453508,0.020482378814348105,0.06717855581187482,1.0046993021564972,0.0
2017-01-25,0.01236017949528234,0.01842045456845484,0.06901746855925789,0.028032272630336218,0.07568947313085944,1.0054321943673747,0.0
2017-01-26,0.01502533906398689,0.01591092438493253,0.06929594748850754,0.02565469829774586,0.07389270318202149,1.0058577438446066,0.0
2017-01-27,0.009787080019429805,0.011861796568508946,0.06944859304018121,0.022796083016028534,0.07159758540289667,1.0059965255210972,0.0
2017-01-30,0.0061717138069388765,0.013940012105879262,0.06641325027130798,0.015496072618281146,0.06438253371471447,1.0055382602705665,0.0
2017-01-31,-0.0003073848892000073,0.01407480479776231,0.06639221781533053,0.014416594663216889,0.06371506619734542,1.0051090761507246,0.0
2017-02-01,-0.008530514891796334,0.018132249082687,0.06451770140666795,0.013921703742056108,0.06359586790400051,1.0047461533650222,0.0
2017-02-02,-0.006825603258459592,0.011169830672209292,0.05965415711701607,0.013636854496744148,0.06376901629163044,1.0044602620454794,0.0
2017-02-03,0.0016144723699599668,0.012107489168089926,0.060800964684755356,0.0196725791440861,0.07053654600411959,1.004735441410803,0.0
2017-02-06,0.006046338833323232,0.011113071131020582,0.061179932991377445,0.016977982583246343,0.06804226721110583,1.0047527129334957,0.0
2017-02-07,0.006177844642958606,0.007585309358815756,0.06018203630116097,0.016161652737572602,0.06750843495996882,1.0047151203614018,0.0
2017-02-08,0.007091787661096696,0.012201116392007263,0.05874477230585724,0.016679313318213894,0.06831044704671616,1.0047364183206298,0.0
2017-02-09,0.012348459587989375,0.018116283588613953,0.0615159551392968,0.02167678463064961,0.07402232935694482,1.0051734529751766,0.0
2017-02-10,0.009417437372904859,0.019232686383461303,0.062082889529374574,0.024628345358748333,0.07762034402168982,1.0057724686653178,0.0
2017-02-13,0.01663435165248907,0.02717335534396059,0.06264862114375444,0.02895893070391757,0.08276387257141232,1.0066118290512969,0.0
2017-02-14,0.02057810809159528,0.028867815131758193,0.06326103742914602,0.031663821732401454,0.08631506791326639,1.0075130435558077,0.0
2017-02-15,0.02447540400847787,0.03760438926213863,0.061952609372454476,0.03553846806116435,0.09121830545286573,1.0085509848798369,0.0
2017-02-16,0.01770840428610457,0.03454502374729406,0.0625963666262174,0.0332889395353706,0.08948316864363137,1.0091922915862568,0.0
2017-02-17,0.015345548253694285,0.039831931105290014,0.05949844262826825,0.03358127139151316,0.09035677140764693,1.009713269457355,0.0
2017-02-21,0.015855080094351107,0.04210194800261059,0.06085382916190726,0.03853035964026605,0.0959656086197103,1.0104872757817625,0.0
2017-02-22,0.010979295026744383,0.04381906076275638,0.05949010752716023,0.03647483053414889,0.09413426847578034,1.010896931164127,0.0
2017-02-23,0.0064495261587551225,0.038104903768675855,0.0575416979385822,0.03615346647287345,0.09401814916045356,1.011144456455414,0.0
2017-02-24,0.008569210423300277,0.030754054675311997,0.051952388620476006,0.036394698947958784,0.09460534759283801,1.011310293393357,0.0
2017-02-27,0.008555629415331972,0.033362221456635095,0.051143430572005155,0.03704440161312801,0.09545744662178245,1.0114341352881946,0.0
2017-02-28,-8.45777759253272e-05,0.032230290207255465,0.05216464922884228,0.03316858045586914,0.09166317895737822,1.0111805227319637,0.0
2017-03-01,0.014704396914996207,0.05235174387081371,0.0603906138897864,0.04632310740367507,0.10596635281247128,1.0119750782965657,0.0
2017-03-02,0.007709851884751281,0.046122140542627144,0.06721515938475571,0.03853466918607539,0.09812029910598283,1.011944278407329,0.0
2017-03-03,0.007071444508850434,0.04635601407595877,0.06714105492844331,0.03802218753327008,0.0978796481971386,1.0118320888993466,0.0
2017-03-06,0.0025274698236673445,0.042715294538762036,0.06934758844446821,0.03391296435301456,0.09370202612845223,1.0113676761216006,0.0
2017-03-07,0.0022387477470549332,0.03285456558435044,0.06909709117105803,0.029818594601363352,0.08953121109150193,1.010633863538517,0.0
2017-03-08,-0.013520082483313227,0.03278532255417726,0.06913983812398362,0.026908945635326798,0.08665039827248756,1.009789105985951,0.0
2017-03-09,-0.005935069216268983,0.03400922668339956,0.06893102410325536,0.027216993740732463,0.08715647537274399,1.0091168690156174,0.0
2017-03-10,-0.0030666668563994583,0.036197559558462614,0.06922324694885405,0.029796299621415518,0.09013673809446497,1.008765890665045,0.0
2017-03-13,0.0004203880728626691,0.03078722302363533,0.06761398709623588,0.029120484635111916,0.08989060437766072,1.008430816455423,0.0
2017-03-14,-0.00042190013107389806,0.023015228080371677,0.06937089480443666,0.024070243547139096,0.08495184596739225,1.0077652768381937,0.0
2017-03-15,0.010052554703809722,0.026203525605497914,0.07267979131214426,0.03155671282407289,0.09353735518165351,1.0078452882012936,0.0
2017-03-16,0.006816150636705586,0.02024726922850987,0.07277961404337993,0.028352120451450958,0.09058805813295731,1.0076592582527077,0.0
2017-03-17,0.0015605871179723801,0.01328274266795713,0.07165414321958533,0.025530712325553543,0.08789793626160677,1.0072848472319214,0.0
2017-03-20,-4.175447836972184e-05,0.013037064259161039,0.07172328946484775,0.02340062208327802,0.08595379223056684,1.0068204861353605,0.0
2017-03-21,-0.009130443275649859,-0.0014607634489724654,0.08554382162331603,0.009605868528960799,0.07133016795456722,1.005352463737791,0.0
2017-03-22,-0.015396409451751605,-0.005047963940604801,0.08324149631111004,0.011212603525508836,0.07318181877967159,1.0043268181809204,0.0
2017-03-23,-0.014495141231093526,-0.005227167029328041,0.08326138713888744,0.009388494277393428,0.07138311852541361,1.0033890887550376,0.0
2017-03-24,-0.0134641529675457,-0.006630936458343688,0.0832066692771416,0.007981891815871549,0.06997322096657935,1.0025578886625042,0.0
2017-03-27,-0.013393413697612922,-0.008925559861752159,0.08303590707233803,0.006247339835924821,0.06824390701407693,1.0017957930264967,0.0
2017-03-28,0.006779523890061067,-0.0032368689742433687,0.08699488927556918,0.012762287608341331,0.07529203601593239,1.00175516897552,0.0
2017-03-29,0.005363827977807727,0.0004004418131282545,0.08656361993910784,0.012813847227464713,0.07552804254791695,1.0017779504109328,0.0
2017-03-30,0.009610592490345082,-0.010320971453979165,0.07156920540802399,0.015120262539014237,0.07815372178867054,1.0020297943461391,0.0
2017-03-31,0.008006902011438605,-0.006333886331656366,0.06875715011690733,0.011817696806305138,0.07485463868020267,1.0020172745329698,0.0
2017-04-03,0.007292903985874028,-0.008704100384728566,0.06884293092233203,0.009228614592797214,0.07222311428090122,1.001845454711093,0.0
2017-04-04,0.0006796372504460618,-0.0050847015474646505,0.06828139423229147,0.008979666800310062,0.0721228255597486,1.0017406477045416,0.0
2017-04-05,-0.0032318373002163856,-0.005070143234143064,0.06827402635031332,0.005276966358392646,0.0682045129505006,1.0014014125001698,0.0
2017-04-06,-0.0036037674677997285,-0.00040465643846566675,0.06879281302745274,0.00751070518414966,0.07047303338675957,1.0013434371314132,0.0
2017-04-07,-0.002293226009247925,-0.002692043124635307,0.06871000005053639,0.005892823497350193,0.0686469261028474,1.0012013285598278,0.0
2017-04-10,4.2536028059788895e-05,-0.00559489750026932,0.0675050449871592,0.00585811998876982,0.06860996308731593,1.0011237642465742,0.0
2017-04-11,-0.0017851279424302793,-0.007290217562757599,0.06751644867050771,0.0039322975044412505,0.06649357912623922,1.0009552484243938,0.0
2017-04-12,-0.003199617390660309,-0.007847860493729474,0.06790580971456704,-0.0011054572440754747,0.06091901545885077,1.0004629216228393,0.0
2017-04-13,-0.01252303919881884,-0.022980250341094226,0.06269690187317095,-0.008090840530070732,0.053255138291855485,0.9995552911261298,0.0
2017-04-17,-0.0026821191065488845,-0.012190312867889776,0.07134539850936317,3.314414469370177e-05,0.06184054841172738,0.9995488607865431,0.0
2017-04-18,-0.006265864953762773,-0.01342134957200447,0.07172775855854589,-0.003420591735007005,0.05801169330391646,0.9993109352449889,0.0
2017-04-19,-0.00691591121753595,-0.014164374301923825,0.07183369364686613,-0.00571933169100244,0.05542879614634733,0.9989859090256319,0.0
2017-04-20,0.005581939816865433,0.006864522598785819,0.06305625886865726,0.0017427077735833298,0.06329613642976739,0.9993892174611012,0.0
2017-04-21,0.008906162214285342,0.0013223213249427225,0.06373459643602979,-0.0019886591722654296,0.05923501044505851,0.9994570098401416,0.0
2017-04-24,0.011022921554259024,0.013327749917462774,0.07382151556368415,0.008337942646851011,0.07013988559618385,1.0003930658277629,0.0
2017-04-25,0.019813699295937445,0.019856502691478678,0.07574384802212421,0.013512215809529191,0.07566024652464776,1.0015885477838486,0.0
2017-04-26,0.021025040635427907,0.020254080031117006,0.0756258339363785,0.012303709228042675,0.074299878851623,1.002453992281919,0.0
2017-04-27,0.013757329592825008,0.01384232830154976,0.07208975027901399,0.012644622067753507,0.07454987160463086,1.0031699328034498,0.0
2017-04-28,0.014767486539012565,0.010725979886147563,0.07274508535999906,0.010079430550213216,0.07157058197364279,1.003517876957711,0.0
2017-05-01,0.006346724370726361,0.010063881797844051,0.07247472942212618,0.012197603713750216,0.07364701213160116,1.003951730997463,0.0
2017-05-02,0.0009217176524088753,0.012771318332448947,0.0717555136470034,0.012175946600762565,0.07341914605543741,1.0042758207395939,0.0
2017-05-03,0.0003354860820875365,0.013296662127330513,0.07156164411320842,0.010688172049812972,0.07150479591931393,1.0043826237220703,0.0
2017-05-04,0.0006705937280406325,0.01383328477914433,0.07158616185175451,0.011574809746865271,0.07214080296122942,1.0045098982130793,0.0
2017-05-05,0.006781358407892408,0.020739175594256355,0.07116292026255519,0.015188500601654433,0.0757359749075712,1.004872947383699,0.0
2017-05-08,0.004097554184655677,0.017765203450299454,0.07095015839806271,0.014680106966097468,0.07491344245423398,1.0050872939985338,0.0
2017-05-09,0.0028019480396465003,0.01786649238134337,0.07091745603009689,0.013460371549196758,0.07331297153031083,1.0051227084503285,0.0
2017-05-10,0.005812050923065277,0.019066177022335998,0.07098466976031742,0.01490072322058509,0.07460269007631043,1.0052353756029984,0.0
2017-05-11,0.002593295589031457,0.018211708310606065,0.07136363801122672,0.01277267902713069,0.07178533617363107,1.0050994955530947,0.0
2017-05-12,-0.0030082446754476373,0.020930548309469024,0.0694346962976491,0.0109310982196817,0.0693779842887431,1.004800950948627,0.0
2017-05-15,0.0026667406669863185,0.03295498331610461,0.06541935699977067,0.016264458522916008,0.07463994372733665,1.0049531411552612,0.0
2017-05-16,0.0026694828289041826,0.023218094316796438,0.06031596366029115,0.015042265665730335,0.0730264285622504,1.004941811442653,0.0
2017-05-17,-0.01702859743495803,0.00830344454114074,0.0885790327165807,-0.002955803068765463,0.05346475086771958,1.0034538102460633,0.0
2017-05-18,-0.01096324522621797,0.014164374301924045,0.0890405144657042,0.0009562700132845175,0.05713050659270978,1.002565499258825,0.0
2017-05-19,-0.0028074228562082453,0.012541185636395346,0.08749761580903172,0.007255897068580693,0.06340331665864277,1.002355691800148,0.0
2017-05-22,-0.003251078596868624,0.020797742504950645,0.08766688439645298,0.012125484817371,0.06817379788744725,1.0025693419924553,0.0
2017-05-23,-0.00012494646877833377,0.01207022629375908,0.08007336762704506,0.01408478565023996,0.06993679946329667,1.0028842300124545,0.0
2017-05-24,0.020108392107196827,0.008598137352400117,0.07809636398456207,0.016043721363825886,0.0718148606739282,1.0032844343208842,0.0
2017-05-25,0.020856309253219976,0.013995642919716113,0.0794189363939727,0.020568688699338117,0.07629335932491811,1.0039430825958469,0.0
2017-05-26,0.014166340599068808,0.012950196642639144,0.0794729230679918,0.019990586323070415,0.07541577516033365,1.004395913126062,0.0
2017-05-30,0.008232651961637773,0.01426290792757585,0.07901929121956958,0.018720149457167802,0.07385656346512814,1.0046295624891874,0.0
2017-05-31,0.005773854151424387,0.011497356074457104,0.07878923902731537,0.0180659067354694,0.0729626320282763,1.0047391183853551,0.0
2017-06-01,0.011364671433468868,0.019041091133460107,0.08281444120578536,0.025329081006825984,0.0808325130002615,1.0054071106951823,0.0
2017-06-02,0.009919147610769322,0.023579304448397894,0.08284130293169967,0.02788508426067669,0.08371968651728087,1.006134576527749,0.0
2017-06-05,0.009388557322129103,0.021668160236727612,0.08309065065308532,0.026266852522933357,0.08222618978448937,1.0065724282518311,0.0
2017-06-06,0.007055631333123499,0.01453718085280694,0.08362806650452713,0.022181945501933857,0.07810495472002651,1.0065813635424263,0.0
2017-06-07,0.009152831347120608,0.016552633236922035,0.0836586482232697,0.023209858662909,0.07941973445656852,1.0066608365010314,0.0
2017-06-08,0.0017242243648374566,0.017963367458651062,0.08343844167220484,0.022986691373351426,0.07926837473973829,1.0066856632285903,0.0
2017-06-09,-0.0031172144139426767,0.014650039111389939,0.08375730059381832,0.020760088383332577,0.07696890071439848,1.0065063388049478,0.0
2017-06-12,-0.0025854404295495457,0.016489424218146607,0.08323917375016791,0.019945469002112064,0.07606173858047136,1.0062747794605824,0.0
2017-06-13,0.005494475885702961,0.023039901413957536,0.08389247617379615,0.024176456197490516,0.08060324147016532,1.0064124738523115,0.0
2017-06-14,0.002377428629848543,0.016263321199784256,0.08267848711734753,0.02211544613614634,0.07851294911100078,1.0063444777827408,0.0
2017-06-15,-4.120844640254128e-05,0.015252676183344336,0.0830122750939489,0.0194409057550592,0.07575515192612314,1.0060640925458504,0.0
2017-06-16,0.0016962345310052934,0.03337487107735326,0.048209925810281135,0.01889330902978089,0.07529953694024275,1.005792558436735,0.0
2017-06-19,0.01019234124686767,0.037645010691232245,0.05295858999965685,0.026482254683365444,0.08349249011402735,1.006178592875703,0.0
2017-06-20,-0.001452519906550957,0.02439480436361482,0.057837830853992495,0.01879426971652167,0.07547201607896398,1.005866532995678,0.0
2017-06-21,-0.00043094389256047007,0.019083455904092408,0.056225894671479044,0.017795973578130408,0.07451876846633836,1.0055352884097448,0.0
2017-06-22,0.0010426753443421506,0.01642029799646482,0.05620597030614419,0.016575319265686124,0.07336353255045805,1.0051763970399215,0.0
2017-06-23,0.0020172130021097303,0.015283691972266165,0.055948856668364653,0.016917681600543893,0.0739691381804291,1.0049314782393046,0.0
2017-06-26,-0.005615371577986574,0.011173329860025694,0.053986056060840254,0.01657430915394213,0.07398494965284443,1.004735830026536,0.0
2017-06-27,-0.006937362840278299,0.0032911009242677144,0.06169928743323639,0.007719275670803233,0.06457361138539604,1.0038841594211625,0.0
2017-06-28,0.0022200174372540866,0.013070821379708723,0.06856893909820597,0.015826381062381056,0.07335720164464422,1.0038830176210163,0.0
2017-06-29,-0.006154716943676334,0.004491726901364098,0.0759815724906712,0.006139366316618222,0.06316524524021999,1.0031340392350845,0.0
2017-06-30,-0.005485203645870133,-0.0015661831070728342,0.07097220875237342,0.007376884151804157,0.0643764102020313,1.0026595475363889,0.0
2017-07-03,-0.004448636000003657,-0.0031944537507472845,0.0702101658236348,0.008349465043463473,0.06544947158225287,1.0023924894669334,0.0
2017-07-05,0.0059491387696623465,-0.00014831762819904164,0.07068161658499679,0.010112436940690049,0.06714719273413987,1.0023402731913518,0.0
2017-07-06,-0.012147846251312617,-0.006132656204727393,0.07686000042834563,0.0006127199578561361,0.056684352017553216,1.0015417316918673,0.0
2017-07-07,0.0031439584690317584,-0.001517145976724749,0.08007548787768623,0.0066942211604180185,0.06279280525678942,1.0014123295372916,0.0
2017-07-10,0.002354455577776928,-0.0009359518941333604,0.08015237559979248,0.007362506271578136,0.06323917782404903,1.0013805099707287,0.0
2017-07-11,-8.247756206245373e-05,-0.0001597168988670594,0.0800174924720271,0.006174498868688113,0.061791913723004244,1.0012805749963587,0.0
2017-07-12,0.005094839801306073,0.007531962602656579,0.08410927541844432,0.013188874957921943,0.06903803969695219,1.0017868355637654,0.0
2017-07-13,0.0159601224988106,0.004332990408380248,0.0826611147910487,0.014317816984433579,0.07005175130984802,1.0022972294748258,0.0
2017-07-14,0.01414914920539262,0.010254574598819326,0.08386645603662768,0.018352436025571527,0.07426144432345426,1.0030442925597056,0.0
2017-07-17,0.012953814326356072,0.012059070878625252,0.08344368030642889,0.017559051613400725,0.07337595567143743,1.0035835283766348,0.0
2017-07-18,0.014225390002904154,0.0123694385730318,0.08343394784224692,0.017496892395565764,0.07314201114875371,1.0040064857579236,0.0
2017-07-19,0.012138817206501446,0.009478438562290355,0.080625296086318,0.02228653488723105,0.07815318055651911,1.0047256603119674,0.0
2017-07-20,0.010905044794556545,0.016690555109487748,0.07624114815965903,0.021995334539017773,0.07782042957614088,1.0052689902146703,0.0
2017-07-21,0.005361163551500357,0.016046682042880154,0.07638447270392633,0.02039555629224816,0.0760298191340851,1.005561220694374,0.0
2017-07-24,0.005240173051483217,0.016256568585766316,0.0763457884520814,0.019422792850075612,0.07496211273338242,1.0057060862161529,0.0
2017-07-25,0.007138786968273194,0.017491012539195265,0.07655067812801841,0.02109102108247923,0.07675742406762004,1.0059485662004166,0.0
2017-07-26,0.0017797990405347343,0.016873609180811665,0.07659832003731006,0.02043367169701839,0.07596737833148792,1.0060728074794598,0.0
2017-07-27,0.00040455585557070013,0.024032473805336747,0.06984310463945105,0.018788773462356523,0.0741665386011062,1.0060254088785987,0.0
2017-07-28,0.00012161327364676629,0.013948277879272834,0.06422454980623699,0.0165686774336455,0.07205240045780892,1.0058250596011464,0.0
2017-07-31,-0.00020267583517350341,0.02220860969426915,0.054477253111201225,0.015060294170453454,0.07060168748287693,1.0055560332388809,0.0
2017-08-01,-0.00040391140752188545,0.022572304777543514,0.05455949935423559,0.016472726829456177,0.07211598451687017,1.0054598590063564,0.0
2017-08-02,4.0401870583382804e-05,0.021362647051398703,0.054547313015293204,0.01620703253995745,0.0717645674577843,1.0053606916736257,0.0
2017-08-03,-0.0009712519124071835,0.017112083123267216,0.055261892039348795,0.013563450283227696,0.06881143771864555,1.0050662692107537,0.0
2017-08-04,0.002022982529826316,0.02811910666041177,0.0416367035540653,0.014746799532464994,0.06990483558293455,1.0049232817925613,0.0
2017-08-07,0.0044478448348885665,0.023512496060125954,0.03732692394703271,0.016026513426282155,0.07104195718233225,1.0049035510636366,0.0
2017-08-08,-0.00024305156446101112,0.01997479763530557,0.03933968587048911,0.0129674459115114,0.06756203600400063,1.0046347325790843,0.0
2017-08-09,-0.0007681995385337259,0.02067692507492743,0.03903281733059656,0.012352478409304939,0.06667914688028027,1.0043679916856416,0.0
2017-08-10,-0.013042136803493327,-0.0010248934815321811,0.06016323360276603,-0.0022223189889962287,0.05089544906978843,1.0029808754578853,0.0
2017-08-11,-0.01338732161366323,-0.0012283374520620637,0.06009370852383459,-0.0009078122258383285,0.05169548362448713,1.0019756633073167,0.0
2017-08-14,-0.00538038328886766,0.003982963565865676,0.06749748837933238,0.008703016285935224,0.061298315943378215,1.0019496755473856,0.0
2017-08-15,-0.003037677571495764,0.003983305737453737,0.06749746848263136,0.008274707012081094,0.06033548466275124,1.0018973241109619,0.0
2017-08-16,-0.00125446642266686,0.005197068649356416,0.06770502531872317,0.009628034773180388,0.06132734387160571,1.001973919487029,0.0
2017-08-17,-0.0027522415201126187,-0.015915952208146247,0.08480533856286254,-0.0061625219326238625,0.04402396493084369,1.0007635600709397,0.0
2017-08-18,-0.005792424331254252,-0.017925806577872863,0.08473186197514056,-0.0077255673789046585,0.041611919141849404,0.9996815723676958,0.0
2017-08-21,-0.014874314237801733,-0.016252514223436414,0.08492069935339175,-0.007003172077337438,0.041616109256466916,0.9988978598590287,0.0
2017-08-22,-0.0043502411476758224,-0.005607108461705304,0.09334802785983032,0.003112860888740963,0.051610918726693114,0.9991227314188977,0.0
2017-08-23,-0.00968487411027202,-0.011626592429188799,0.09348738382027816,-0.0005813348411681564,0.046962922044840226,0.9990224647992547,0.0
2017-08-24,0.003695265842868718,-0.014000485405812264,0.0936587928134384,-0.0029868199852183144,0.04376253512290422,0.9987693260540813,0.0
2017-08-25,0.007593345245222297,-0.010737017188221266,0.09422371114949783,-0.0008188417630649188,0.045448258172658754,0.9987705761488032,0.0
2017-08-28,0.006851585322834434,-0.009522542174248751,0.094210069610293,-0.0009355522537439112,0.04478913749395721,0.9987887960305867,0.0
2017-08-29,-0.002406697178416784,-0.007811129804948586,0.09437041699133482,0.00019264661522812987,0.04528910991898279,0.9989081000558868,0.0
2017-08-30,0.005911575745276237,-0.005311105276390678,0.09562679510907442,0.004685064234910554,0.04950597098097857,0.9993918987972116,0.0
2017-08-31,0.014242943262522147,0.0002020559861264995,0.0980393939111301,0.010354635491588167,0.055051481626477536,1.0002591065643893,0.0
2017-09-01,0.013322703941029622,0.003556938665215539,0.09788671315327525,0.011370505057843342,0.05580467025520308,1.0010482589757952,0.0
2017-09-05,0.00607407318121021,-0.005471451522864857,0.10091711462610538,0.003866941812002516,0.04752029548225661,1.0010761375530974,0.0
2017-09-06,0.008337773450080115,-0.003921201189757038,0.10146847277451373,0.006997173075973754,0.05039884028436387,1.0013582075778888,0.0
2017-09-07,0.0034895930490852056,-0.0015784606628444608,0.10112985363166306,0.006419904734127449,0.049564686386934176,1.0015537391958769,0.0
2017-09-08,-0.0036835246250376506,-0.002713269100377426,0.10120130150639522,0.00498475430238992,0.04767005701152067,1.0015950860335432,0.0
2017-09-11,0.005512776902740843,0.022111852371449706,0.09393998700290729,0.015053462098370447,0.058126594593778655,1.0024606881518312,0.0
2017-09-12,0.016085296541924848,0.024001166632723222,0.09427444530805171,0.017790617442408334,0.06095745607037406,1.0033803652888187,0.0
2017-09-13,0.013157377326324547,0.014616559425435167,0.08878022667930961,0.017619780136900357,0.060747399692194975,1.0040988554040788,0.0
2017-09-14,0.012959051931191347,0.01441826883984265,0.08880589147814154,0.01668879615701771,0.05966872482908452,1.004587444258906,0.0
2017-09-15,0.015479516254641962,0.014020713576931394,0.08875697242866254,0.01724065810407571,0.060357962698391825,1.0050247475971599,0.0
2017-09-18,0.006994811410004358,0.03185890530156668,0.06582190514150778,0.01867194163702895,0.06185170652018567,1.0054795827828726,0.0
2017-09-19,0.00463059778381339,0.034424188747790865,0.06490197580268692,0.01896038052831422,0.06212984900718753,1.005852351686069,0.0
2017-09-20,0.004510657899536351,0.03400153156277325,0.06498872105536113,0.018574410533839493,0.061728711987190085,1.006105135229752,0.0
2017-09-21,0.002147505760333694,0.02091601574785217,0.05815466993742162,0.015300478335109488,0.05814759467837611,1.0060171368072928,0.0
2017-09-22,0.0010028187378159456,0.024708406425019362,0.055822153526581056,0.014989626106413616,0.05763888675323559,1.0058951651872596,0.0
2017-09-25,-0.0031687011279656185,0.024994938330732346,0.05560354447683882,0.012536636406838662,0.054832605492904245,1.0055683015334502,0.0
2017-09-26,-0.0035668542231704317,0.023263989279398135,0.05547833741436045,0.012754397766948122,0.054833610931430896,1.0052967569165387,0.0
2017-09-27,-4.006127694997086e-05,0.02710988496298885,0.05614208221795877,0.01623535989471434,0.05831329538813206,1.0053345606001467,0.0
2017-09-28,0.003842146513435501,0.02716485943970445,0.05614059385834008,0.017076065380335972,0.05894246773230674,1.0053988907417686,0.0
2017-09-29,0.0071504549082605,0.025947285588003622,0.05535541462204397,0.02020773447842628,0.06203617931718586,1.005668696006898,0.0
2017-10-02,0.013526473412553067,0.024278468480763267,0.05382713972400381,0.024080134203206496,0.06594726887350014,1.0061624983128294,0.0
2017-10-03,0.015061999115196286,0.025003284453564797,0.053929206288092585,0.025667532651146203,0.06753976500030189,1.006649343998606,0.0
2017-10-04,0.012360883266049508,0.03339669504782815,0.044467688601442006,0.0263047027402764,0.06810090956287146,1.0070483187287138,0.0
2017-10-05,0.01706953630210336,0.035896622291727694,0.04654966520011131,0.03167882881148401,0.07369807205280943,1.0077550185565363,0.0
2017-10-06,0.012420987246208832,0.03487867978512725,0.047183412547808834,0.02980372109596412,0.07177136697861206,1.0081249253686293,0.0
2017-10-09,0.006439417750047376,0.03440141085584829,0.04757222680721803,0.027416429595867632,0.06929556677409798,1.0081868612879328,0.0
2017-10-10,0.006936198713171058,0.02642670626399501,0.034976892377213235,0.02937159887721243,0.07138555781602712,1.0083524327800006,0.0
2017-10-11,0.0073203487811301675,0.024631747287033465,0.03415800142801755,0.030245627552494492,0.07233591031103322,1.0085114206009478,0.0
2017-10-12,-7.888311146585962e-05,0.022660361853937282,0.0353246932615887,0.028010670679165406,0.07002796288706206,1.0084173508648353,0.0
2017-10-13,0.0022775495533169,0.0241971774072528,0.034957046870881796,0.028497596754082973,0.07057271866580715,1.008344271245185,0.0
2017-10-16,0.005262554807443698,0.024184449408650027,0.034956188685821,0.029113397534486614,0.07123354700775732,1.0082977463621337,0.0
2017-10-17,0.0033326827089959375,0.022764577562986592,0.03480388737222183,0.029106880610467813,0.07120039982772942,1.0082221134674316,0.0
2017-10-18,0.0027409877276507685,0.02274213723087084,0.03480465234072946,0.029311128625186818,0.07149283417586448,1.0081465486012668,0.0
2017-10-19,0.004506428114105063,0.022656132068506,0.03482842982277868,0.028784757951792854,0.07105951575700226,1.0080154151994227,0.0
2017-10-20,0.008436296426268041,0.03048596807318715,0.0347335042194963,0.03288410351304091,0.07582280861039649,1.0082338619522047,0.0
2017-10-23,0.0032068205080593676,0.026388451178893452,0.03920549044336552,0.02777729803308952,0.07091959370585997,1.0079964798731313,0.0
2017-10-24,0.004257437019381647,0.030190715710333854,0.03733676719204557,0.02865532346473615,0.07205518402735217,1.0078593831166245,0.0
2017-10-25,-0.0016829436375859724,0.024626047816455304,0.043390644458485124,0.022743600524242624,0.06603551883798403,1.007264719905657,0.0
2017-10-26,-0.0006651716531200281,0.02203102169233594,0.04226192296242376,0.023253952795564175,0.06670716989142891,1.0068191312795685,0.0
2017-10-27,0.0023311873535943623,0.028975008913346013,0.048897327800104494,0.030315442229686133,0.07465839137364241,1.0070448516899244,0.0
2017-10-30,0.0024959480969768523,0.021733944367609802,0.05129926616579417,0.02522818591856086,0.06992141451377087,1.0068405694895466,0.0
2017-10-31,0.0022970874467248847,0.018961329744505675,0.049936903072287785,0.025559925266528248,0.07082775316780009,1.0067267423888704,0.0
2017-11-01,0.008580670713252072,0.018144719414511082,0.049762253778610106,0.025830751874710997,0.07148668670651281,1.006666160052074,0.0
2017-11-02,0.007677078779928022,0.01734721720621445,0.04977399292560926,0.025066125930130485,0.07112587101284201,1.0065731162263034,0.0
2017-11-03,0.002867332454301418,0.01477280506554407,0.047194330721221006,0.027208058997507164,0.0739230754850576,1.0066920410659341,0.0
2017-11-06,0.008145901733207141,0.01745885885460811,0.04678815655415976,0.027532027704963283,0.07478400051851425,1.0068320094390486,0.0
2017-11-07,0.0058938903350811206,0.01841580232953942,0.046262567389792876,0.02557130809401526,0.07327324291523087,1.0068067993755876,0.0
2017-11-08,0.006271871530317017,0.01748039223165704,0.045927012703186436,0.026056936011947304,0.07436826551051007,1.0068449570427747,0.0
2017-11-09,0.0022491794927457552,0.012276047917830041,0.04834875847959914,0.021252682058570133,0.06975941002567426,1.0065048445066624,0.0
2017-11-10,-0.0013939594261878133,0.013457728750822117,0.04788045327368456,0.019982363912000065,0.06871203512523998,1.006139259206245,0.0
2017-11-13,-0.0020111111233585294,0.01317019817793268,0.047847216502716214,0.0199863365810701,0.06895368700718243,1.0058569884047823,0.0
2017-11-14,-0.0036407990358796236,0.009512448486216097,0.04883520534284011,0.016583130746566414,0.06573471595234563,1.0053832207586904,0.0
2017-11-15,-0.010357972693457364,0.0037897368292037423,0.052359805706336866,0.010637017922047342,0.05969884528192548,1.0045512596869004,0.0
2017-11-16,0.001741454377244012,0.011276514567423285,0.059704781210143214,0.018187436373390726,0.06795577489194225,1.0045228222070415,0.0
2017-11-17,-0.000891763917909624,0.00805953671880743,0.060911159635190976,0.01419728056143211,0.06411995301457145,1.0042134554481743,0.0
2017-11-20,-0.00011613740037017678,0.004617764351294463,0.058644823726392244,0.015103822594259596,0.065219528934225,1.0040592022967154,0.0
2017-11-21,0.008730583737283644,0.01503621171544037,0.06050551551810553,0.02084892757677833,0.0714321023438294,1.0044145212911895,0.0
2017-11-22,0.012863286054540292,0.01239558586436239,0.06062527579705797,0.019079362807152913,0.06974035927701372,1.0045705538110303,0.0
2017-11-24,0.006705695325455016,0.019665153530464274,0.05737941417754589,0.020512160275694736,0.07148331380538613,1.0048251595029096,0.0
2017-11-27,0.00914940038484308,0.01787410875677054,0.057574774029262324,0.019120744212079273,0.07024430696913718,1.0049286920236749,0.0
2017-11-28,0.01753799877577869,0.019824575773478792,0.060982938305882986,0.02840017952565373,0.08036020339281401,1.0057652742238705,0.0
2017-11-29,0.01040773655570806,0.022948000174171583,0.05888913846039232,0.02675093509363736,0.07898677970635885,1.0063029281783307,0.0
2017-11-30,0.020009719038409438,0.030108217456046943,0.0645511183489699,0.03453110670929216,0.08768734730530663,1.0073544416650495,0.0
2017-12-01,0.015624803246427073,0.02670928606363928,0.06568948205466352,0.031170710413255247,0.08469444759714528,1.0079217242990601,0.0
2017-12-04,0.014913488514109929,0.025110518490952447,0.06619202954350434,0.028743811386973454,0.08266372819964088,1.0081753507103866,0.0
2017-12-05,0.0012167257121752017,0.018173969031352575,0.06771348638880094,0.02390639270293674,0.0781063166486676,1.0079895694618484,0.0
2017-12-06,0.0020152034086495943,0.01681730184961404,0.06770464161927446,0.02297371147015623,0.07764262763234543,1.007767400134824,0.0
2017-12-07,-0.0035536097115944666,0.02066071740937136,0.06794308668049036,0.02508211112897464,0.08035589071793613,1.0077565936412087,0.0
2017-12-08,0.003962365111126075,0.02439977964444834,0.06965230065342445,0.029460407881414772,0.08553450868433185,1.0080958834393474,0.0
2017-12-11,0.008181652551003244,0.031042991549209937,0.06766139554979464,0.031356322609440185,0.08808181318102734,1.0085096059738343,0.0
2017-12-12,0.013548352484421187,0.033116280941961576,0.06735152643776239,0.03202085506587965,0.0892539106839098,1.0088762119406567,0.0
2017-12-13,0.013245674071398535,0.0320740870443711,0.06757418793914167,0.03079665368117486,0.08845680817472232,1.0090505007713162,0.0
2017-12-14,0.006003082540253906,0.03030459898550489,0.0691059247187313,0.025593791968950244,0.08332971825756123,1.008753118915615,0.0
2017-12-15,0.008857660672899784,0.04361541301080549,0.06880804945871397,0.03308046648110113,0.09162093043417144,1.0090861451373316,0.0
2017-12-18,0.012170051949257257,0.04147158912122318,0.06666778644035995,0.038413803512944766,0.09775560253823312,1.0097512092954815,0.0
2017-12-19,0.006558903976286132,0.040566948836157336,0.0675760753478485,0.03326495197294815,0.09276415477347305,1.0098464261829319,0.0
2017-12-20,0.00614779439124923,0.03833801883599051,0.06810933982383341,0.031630115068595976,0.09141094840495688,1.0097645437565108,0.0
2017-12-21,0.012299740702781614,0.03387375595100286,0.06595257131350199,0.03264908901528385,0.0928716867601715,1.0097528781583573,0.0
2017-12-22,0.003745260284289817,0.03449738724055502,0.06568978591139442,0.03125155586469947,0.09181993943682765,1.0096098186373974,0.0
2017-12-26,-0.003772647549858659,0.030993246245909507,0.06636122378578645,0.028944171394959355,0.08975975017320832,1.0092909038161555,0.0
2017-12-27,0.0005612976587372016,0.03197884611005146,0.06607882737615374,0.02838898888187092,0.08951356781510993,1.0089733179397717,0.0
2017-12-28,0.0031407032755814013,0.023940723335793224,0.058357934509981335,0.029419923052366733,0.09101100862652729,1.008786259399795,0.0
2017-12-29,-0.0026942736739778,0.020771745721317,0.06054588796289862,0.024558839367751686,0.0861690034373637,1.00823626570192,0.0
2018-01-02,0.004699196855487304,0.01918686505763288,0.05820061124787808,0.03076173521696867,0.09315899667221375,1.0082827894391897,0.0
2018-01-03,0.012201225185021428,0.027569668184503866,0.05998891866819935,0.036115742278994924,0.09924164264971792,1.0087310028382768,0.0
2018-01-04,0.01592084470143382,0.032986202297375346,0.06005242081938889,0.03914501001335478,0.1029481525078582,1.0093192436831318,0.0
2018-01-05,0.020507441593894164,0.04323143921751218,0.05941428178450868,0.04461808448776121,0.10933866112059829,1.010207659462509,0.0
2018-01-08,0.026111777076272727,0.044868319388940134,0.05903492167939601,0.04493686980644467,0.11039035967455162,1.0109295558136335,0.0
2018-01-09,0.021241114711963327,0.04398158948119067,0.058923314460047935,0.04568924663351402,0.11190926949665812,1.0115482521971113,0.0
2018-01-10,0.013404644571072433,0.037011947644450226,0.058885866742702395,0.042681699004258715,0.10922052442852909,1.0117723693039793,0.0
2018-01-11,0.016468714106170755,0.04127326385254286,0.06180027885438392,0.04864019158348403,0.11631375495529173,1.0123980804543546,0.0
2018-01-12,0.01632434087225409,0.04600742760534509,0.06375058013010071,0.05370909464348421,0.1225500185210153,1.0132683039469197,0.0
2018-01-16,0.011073229766722554,0.042695875084264145,0.06624181393800463,0.048454125418496787,0.11771530669099571,1.0135135572148235,0.0
2018-01-17,0.01829820957004682,0.056276716510983586,0.06711266518936371,0.05658111905648591,0.1272914355308258,1.0143159215088968,0.0
2018-01-18,0.018147113893692276,0.04630140086524272,0.06547660231571978,0.053053837618882944,0.12432461500286603,1.0146366492693963,0.0
2018-01-19,0.01541683125623434,0.044520043159519934,0.0643466048179153,0.05602254713850715,0.1283401337489162,1.0150830986930846,0.0
2018-01-22,0.01701727883310627,0.056465802462165225,0.06369018895202666,0.0625813787275752,0.13633985689307201,1.0159120053909376,0.0
2018-01-23,0.022561588087432128,0.05910966878044705,0.06265992081414427,0.0627991446269367,0.13757762641872082,1.016542596660744,0.0
2018-01-24,0.012687288994083466,0.05666426480228544,0.0635979539937955,0.06029263570562199,0.13596253892357615,1.0168075981889975,0.0
2018-01-25,0.01479333746604036,0.05734947804699325,0.0632394278265921,0.058639346762583776,0.13527251456295727,1.0168510707026164,0.0
2018-01-26,0.021764701180813566,0.07005739189019217,0.06840534416868174,0.06853491943116194,0.1471520563131999,1.0176218567667161,0.0
2018-01-29,0.007014624866667656,0.06291912967009568,0.07617989495388702,0.0592184198015242,0.13831369341182456,1.0174746237566277,0.0
2018-01-30,-0.0054151265941338195,0.05055383891073183,0.08905790383597252,0.04628122060812881,0.12545252160075565,1.0163268392883213,0.0
2018-01-31,-0.004530740391746535,0.0548277980845167,0.08651224174842083,0.04489202807241523,0.12486994802907686,1.01528060213841,0.0
2018-02-01,-0.0060899987271139724,0.04656028246439198,0.08580595622527826,0.04177299031745481,0.12244730632258967,1.0141953940322155,0.0
2018-02-02,-0.03961124521997077,0.018244921485199975,0.11860344405568315,0.017703483884365365,0.09701783960640727,1.0114413147747119,0.0
2018-02-05,-0.0756814427570694,-0.028683157788407538,0.19117343528672578,-0.02523837632731692,0.05046696779512646,1.0058542039616973,0.0
2018-02-06,-0.045860942965915155,-0.015814545649077503,0.20280870846523577,-0.006817714406396352,0.07035381701619463,1.0028847778792591,0.0
2018-02-07,-0.05179698965344327,-0.023080968645199294,0.2032057815545284,-0.012834753164599522,0.06382771304042045,1.000094463951549,0.0
2018-02-08,-0.08889211095519928,-0.06357294320277064,0.23987265241369196,-0.04977299446784907,0.02346457478371326,0.9949680321970452,1.0
2018-02-09,-0.05197171731093447,-0.047131440396806945,0.24779547267408628,-0.03549639572290831,0.03828979884901969,0.992109389152188,1.0
2018-02-12,0.005328009753953981,-0.03982386214062432,0.25257767196210285,-0.02161953165244831,0.05290362712784466,0.9910766175329091,1.0
2018-02-13,-0.011698330118588042,-0.043837216639919636,0.2512763822613842,-0.019354963883350194,0.054864516242335105,0.990558826672945,1.0
2018-02-14,0.007147389046240286,-0.027006809365681565,0.25685005221914703,-0.00659418275027351,0.068371604051406,0.9913205709559679,1.0
2018-02-15,0.058057184073004656,-0.023813968699812803,0.25876826191420366,0.005323306788172152,0.08119412324937829,0.9930332001416435,1.0
2018-02-16,0.04343978178155593,-0.021838772508943293,0.25880597846324965,0.004784671573629954,0.08069422237727429,0.9944773943004087,1.0
2018-02-20,0.022582020587762035,-0.03265867280909662,0.25858078449285654,-0.0022031889288187533,0.0731604501201345,0.9951676710976646,1.0
2018-02-21,0.015110763159056833,-0.04574373231396907,0.25638942643887636,-0.007701067312786735,0.06710680860085637,0.9953657584863193,1.0
2018-02-22,0.002999711648870835,-0.046568685804242865,0.2562310490612357,-0.006870697798442568,0.06776620676819152,0.9956767859076467,1.0
2018-02-23,0.006134238955556672,-0.030367018738339597,0.26372567306613715,0.008236685108451632,0.08395496185112225,0.9972389812690828,1.0
2018-02-26,0.01738696328912298,-0.01924514668586067,0.26750628162868195,0.019011539378145256,0.09564352108468241,0.9994284742852755,1.0
2018-02-27,0.011102075180754813,-0.04332129880915538,0.2664123482378873,0.005621245899487655,0.08114028013205381,1.0001303603019809,1.0
2018-02-28,0.005907352359736662,-0.04685100482090007,0.267456976095423,-0.0051009735514180735,0.06942558764114215,0.999864651291529,1.0
2018-03-01,-0.010035012694066403,-0.05118857190417545,0.26952194706914967,-0.019652922273111148,0.053233633974393825,0.9984994340557604,1.0
2018-03-02,-0.020707145699661915,-0.046543424046254986,0.2706371041621022,-0.014663019436686828,0.05798522623103314,0.9978498899421101,1.0
2018-03-05,-0.020761099191886553,-0.03391624715063325,0.2747757146764138,-0.0036409354573694167,0.06937527968015354,0.9982791921779921,1.0
2018-03-06,-0.005663806445029494,-0.009373860034214119,0.2647940871427103,-0.0015423703003967385,0.07125295357433563,0.9988378000094364,1.0
2018-03-07,0.004151024802300548,0.032981462738469865,0.21568577907915706,-0.002288235654325938,0.07006195335666192,0.999259141907674,0.0
2018-03-08,0.023626075483720727,0.018298446545460444,0.2060810325322421,0.0020569359764120577,0.07443685232335669,0.9999846272280734,0.0
2018-03-09,0.0357373189931612,0.040990884600349484,0.21222575289159754,0.018625235925704687,0.09222755407938114,1.0019473958261926,0.0
2018-03-12,0.022989825203016682,0.0779656890075827,0.1549342001270498,0.016515021822027902,0.08997146200728177,1.0033552250870341,0.0
2018-03-13,0.013973799517965062,0.05657165679468543,0.15316697520623457,0.009293448104634436,0.08211113556993148,1.0038928015787691,0.0
2018-03-14,0.009195780333843016,0.036849233318358904,0.14906898117736028,0.0034962919374709796,0.07577633308721336,1.0038557952531435,0.0
2018-03-15,0.003278053905241867,0.033274830569290356,0.14936251160619615,0.0019479222351160984,0.07382642118348204,1.0036954866575067,0.0
2018-03-16,-0.012890969564755038,0.020952525989354164,0.143039846328584,0.00268155163975088,0.07420569233072534,1.0036142835031274,0.0
2018-03-19,-0.025257609861452597,-0.005349104926874539,0.1449803417030012,-0.010882271963457209,0.05901414168829229,1.0024267608921895,0.0
2018-03-20,-0.017074620822181898,-0.003942745809052398,0.14512904053337658,-0.009100201403193793,0.060164410454480025,1.0016023819654756,0.0
2018-03-21,-0.013850957539168627,0.0004162551914282445,0.14360088270314403,-0.010828638620411607,0.0574880213837476,1.000785551486759,0.0
2018-03-22,-0.0380757991291196,-0.019911731718886078,0.1677639135764694,-0.03486499302544425,0.030549730556231607,0.998150795990972,0.0
2018-03-23,-0.060704467468470975,-0.04275165312798765,0.18197144370587023,-0.05439964451520691,0.008210584171560198,0.9944349384271844,0.0
2018-03-26,-0.020090515175490917,-0.031573859057922135,0.19909985089671867,-0.027823008654558657,0.03527044867852912,0.9936642228897593,0.0
2018-03-27,-0.038947678575930546,-0.060277387674105926,0.20022162949624775,-0.043223747212884675,0.017226825064002946,0.9917860122685324,0.0
2018-03-28,-0.03998573422420265,-0.05067155421352921,0.19710198178999228,-0.044926357954019974,0.013804961985430514,0.9901671409793851,0.0
2018-03-29,-0.001974157658189573,-0.027793241736812312,0.2016215782084157,-0.03163044319785888,0.02629481233839726,0.9899978966839832,0.0
2018-04-02,-0.002250387415072195,-0.034967027848993436,0.20899165266124786,-0.05109693256713337,0.0037938787137821897,0.9882674803786152,0.0
2018-04-03,-0.016506105824308663,-0.02737281918256887,0.21371049732770497,-0.037620867054890365,0.01623240505570421,0.988030556665559,0.0
2018-04-04,0.011294304734070877,-0.0282219837481485,0.2130892511350424,-0.026029955194602803,0.02661915275091385,0.9888212692092515,0.0
2018-04-05,0.022114444772124486,-0.022893302996375237,0.21510058685287642,-0.017143480028241283,0.034229768377959394,0.9901960626414734,0.0
2018-04-06,-0.013119995816470892,-0.04506426235558375,0.22751429494590042,-0.03745660991297773,0.010785724259501915,0.989596802066275,1.0
2018-04-09,0.013617501479940498,-0.04497560185277367,0.22754874062035632,-0.03119261050491481,0.015343703798882906,0.9896294186343907,1.0
2018-04-10,0.01665704938878669,-0.04645308878694338,0.2260144222123913,-0.01430375693940879,0.030972677737069198,0.9910288121327838,0.0
2018-04-11,0.0007586623027351289,-0.05045314664843005,0.2262258690771297,-0.0180265046486281,0.02508941616815339,0.9918071267001002,0.0
2018-04-12,0.0010910237987952088,-0.03577607871554509,0.2285905238291073,-0.008862593646001487,0.033000154286043325,0.9931665331823678,1.0
2018-04-13,0.020691531027178713,-0.03356851166224806,0.2282995174366941,-0.010617211745737536,0.02942682967970515,0.99407385859727,1.0
2018-04-16,0.023963559919790933,-0.024290095838224602,0.23080860514005408,-0.0015044207900617654,0.037342259381462066,0.9955099407684255,1.0
2018-04-17,0.018829633235693456,-0.01473248598649489,0.23432538036878156,0.009491413416843088,0.047785156485146224,0.9975456350817024,1.0
2018-04-18,0.024825523040396816,-0.0003700137465806416,0.22958048230707254,0.009671818440672381,0.0479112853896689,0.9992250462272868,1.0
2018-04-19,0.011069507929946466,-0.007631949963416723,0.23027342817130758,0.004008344697960413,0.04149155884940544,1.0000980720140251,1.0
2018-04-20,0.005490845753529483,-0.014226708369549946,0.23196254799038038,-0.004506005557961876,0.03211571890926834,1.0000981571444227,1.0
2018-04-23,-0.0028472714342226936,0.010938431856672306,0.21396705283248488,-0.005395463932220075,0.03137469507055971,1.0000851557737067,0.0
2018-04-24,-0.027047483459155645,0.018924498022820445,0.2051986835553831,-0.01897490205328661,0.017007721917914245,0.9989986536603153,0.0
2018-04-25,-0.025318397156315984,-0.005597895727405704,0.182208224179197,-0.016501944435770587,0.01903630096502483,0.9983522719567016,0.0
2018-04-26,-0.009641400065471074,0.021674328547042754,0.17468923228570152,-0.006605763128744515,0.028848588360957907,0.998668684848669,0.0
2018-04-27,-0.00018716143568191354,0.025571864418970792,0.17408789278551118,-0.00552822071903414,0.02929837317398203,0.9990067447494857,0.0
2018-04-30,-0.007757708696725677,0.005154880818136209,0.1714725291398861,-0.012628870149454153,0.0209192466545617,0.9986677450184154,0.0
2018-05-01,0.007576477386045958,0.0287513628239386,0.1515348855414064,-0.01035427836312317,0.022282580850900187,0.9985581991035919,0.0
2018-05-02,-0.0016325159568349977,0.009275694140067963,0.14810765221695618,-0.01647916489520047,0.015002565846929649,0.997953640086124,0.0
2018-05-03,-0.013953123083562051,-0.0035730992705901685,0.1435760664419212,-0.018180637676626716,0.012367610311504865,0.9973277119329857,0.0
2018-05-04,-0.002027884422047774,0.0014295352247985366,0.14807716656909117,-0.005223847158546983,0.02503031272938687,0.9978909808362088,0.0
2018-05-07,0.009069915618374474,0.02734479225298158,0.12338137594866291,-0.001358381714042715,0.028037344353658074,0.9986269097989555,0.0
2018-05-08,0.00729463406321903,0.022428495407217138,0.12274054914472278,-0.0006201916297073094,0.027572645047776793,0.9992187857043199,0.0
2018-05-09,0.023654153562217065,0.016272798313498343,0.11505876203460072,0.009329637124338675,0.03698369161781451,1.0004650187908815,0.0
2018-05-10,0.03516730495518182,0.030835543381856526,0.11649115430859174,0.01865618618862378,0.04611516046147978,1.0021874515398215,0.0
2018-05-11,0.025350507938539414,0.025689019364542744,0.1140870799484746,0.021288888407268922,0.048725049365358354,1.0037544404408874,0.0
2018-05-14,0.022449524261812175,0.029102785487615045,0.11312729995922594,0.02139534516703663,0.04863584188372035,1.0049729149954938,0.0
2018-05-15,0.015538987520329835,0.014003923007756044,0.11377701672072979,0.014361598549783042,0.040861729229720124,1.0053094967092073,0.0
2018-05-16,0.010115614633234165,0.007558779711039055,0.10873665897663225,0.018592781689398402,0.044658723313773345,1.005849033521785,0.0
2018-05-17,-3.655745992516826e-05,0.005973462881534542,0.10880551205921116,0.017707806726274228,0.04321272544171885,1.0061350826336135,0.0
2018-05-18,-0.005586406273188824,0.00903310516140746,0.10723870046415034,0.01529093053966539,0.040059407143383616,1.0060870698354418,0.0
2018-05-21,0.0014275009320176817,0.025039440666103245,0.10471903831785359,0.02326040512200318,0.047279858789260124,1.006581338858935,0.0
2018-05-22,0.005554207787203138,0.02240540222918188,0.10553872999621011,0.02078251548198943,0.04379562294312856,1.0066676428907835,0.0
2018-05-23,0.004105560040487777,0.03871182321068248,0.09120934181198866,0.023763963157212867,0.04608769113462514,1.0068789017096205,0.0
2018-05-24,0.00290040640542227,0.0341922664432728,0.09215753061860145,0.021774116572766098,0.043366115027799496,1.00680006679225,0.0
2018-05-25,0.003017480326018425,0.02169198555289696,0.08772077532909665,0.019472906344771983,0.040315591323740116,1.0064691278968356,0.0
2018-05-29,-0.016040642128143233,0.009185959973641926,0.09798763175240838,0.008139111014357443,0.027787835732082575,1.0052158130981526,0.0
2018-05-30,-5.204170427930421e-17,0.030163110925907503,0.10280892029946447,0.021430508229870228,0.04086956651556276,1.0052305817731595,0.0
2018-05-31,-0.008892504916703315,0.022242840907933208,0.10608860600954043,0.015173843536200592,0.033943544418503016,1.00469114800745,0.0
2018-06-01,0.0029280475380886427,0.03875282993819644,0.10621154837458086,0.024897241941628564,0.043486855754913054,1.0049968931899957,0.0
2018-06-04,0.010054607055986566,0.04569971569244558,0.10559687087617199,0.02890164893403937,0.04781775957766547,1.0055596978735983,0.0
2018-06-05,0.022349217607311945,0.033563062003001645,0.09823248547865479,0.02833733480954806,0.04787270036193722,1.0059938313363126,0.0
2018-06-06,0.017418068319355107,0.038511263626888136,0.10082309705829116,0.03598279488346063,0.055867686772870975,1.0069357677084778,0.0
2018-06-07,0.02345488193234551,0.03840308877705969,0.10084858185514894,0.034574843194718326,0.054993360628800954,1.007581915426181,0.0
2018-06-08,0.016637492915958237,0.03173616929193761,0.09692730828425505,0.03621481566123764,0.05738553725987697,1.0082370059404857,0.0
2018-06-11,0.013225995018742644,0.023758405756006407,0.09268995802791308,0.03640308451910444,0.058039499561423506,1.0087601543875084,0.0
2018-06-12,0.013790349372426361,0.022002903436888592,0.09243200783393149,0.03608845034019513,0.058635872087374086,1.009171117186637,0.0
2018-06-13,0.0022687232356707904,0.01833046260074675,0.09358625592939727,0.03145979838205341,0.05451984511309133,1.0091283980067527,0.0
2018-06-14,0.004891312963468342,0.027755414220198192,0.08930685433497369,0.032893980052188916,0.056421975463679,1.0091915087890635,0.0
2018-06-15,0.0006623599482038563,0.0222829146069073,0.08909928547525929,0.030603814431209842,0.05433642094953591,1.0090319172586062,0.0
2018-06-18,-0.002726018529340311,0.021068944686591262,0.08952480420084788,0.027108466822229237,0.05146603284333966,1.0086378366023996,0.0
2018-06-19,-0.007857086077410516,0.019732223632666898,0.09030086879394714,0.021982832885003502,0.04678853828673657,1.007923397996489,0.0
2018-06-20,-0.0029561360179888438,0.013946825650740225,0.08718284794156075,0.022815770974756178,0.0479242251219905,1.0074094646068394,0.0
2018-06-21,-0.011759322286858354,0.010441884146136702,0.08973741794393518,0.01552605129355104,0.040708692197207554,1.0064213385670975,0.0
2018-06-22,-0.00866169108836882,0.009515663478050706,0.08950181818379903,0.016624479088909433,0.0419658408104608,1.0057189654035028,0.0
2018-06-25,-0.020308658828164027,-0.0021401205469950314,0.10186391031111566,0.002263514703942089,0.02722344420667997,1.0040183736779482,0.0
2018-06-26,-0.014257195664848378,0.0024575476418001014,0.10181000036864327,0.004076716567551373,0.02892162232607995,1.0028132455906842,0.0
2018-06-27,-0.024280805973048807,0.005706661805834656,0.09764853190980224,-0.004268257713579375,0.019920450151087534,1.0011802674438164,0.0
2018-06-28,-0.012290775328871972,-0.0018488911827352142,0.08802225028480337,0.0012983763466960434,0.025258263134769608,1.000334895395387,0.0
2018-06-29,-0.012673749323196239,0.005734419071557784,0.08532594456168299,0.0024734065430241305,0.02623483379806121,0.9997820134247093,0.0
2018-07-02,0.003168461104467012,-0.0018997069806166605,0.07844013304449536,0.004138786513478834,0.02791656980771995,0.9995206474575385,0.0
2018-07-03,-0.0025803732429930835,-0.010177432657179549,0.0772487412673986,0.00018523428903496317,0.023801795779986215,0.9990401812513997,0.0
2018-07-05,0.013862909053415584,-0.002779646748061703,0.08276442555828349,0.00750340922129476,0.031632112339816366,0.9993215393986405,0.0
2018-07-06,0.01658441459984246,-0.0026825449022478583,0.08289004640045368,0.01505399266717746,0.03979201477620222,1.0002252332780979,0.0
2018-07-09,0.02411019639857015,0.006389733537782421,0.08867303812946775,0.023230017598279872,0.0485369528567554,1.0016530067884153,0.0
2018-07-10,0.025566185689260532,0.007028985792685634,0.08894084556922079,0.025889667357287684,0.05165773897006988,1.003040306619225,0.0
2018-07-11,0.02176200635998146,-0.0016414213159407307,0.09271103538194957,0.01737295454466696,0.04335983314411008,1.003496914423188,0.0
2018-07-12,0.022662462535106287,0.006092466414618221,0.09787736313410118,0.025422691280775307,0.05214886595360813,1.0045411427797335,0.0
2018-07-13,0.015026831268363865,0.010075563130445216,0.09705898691190067,0.024908480018105424,0.052306242885917766,1.0053678873105976,0.0
2018-07-16,0.005168167563698187,0.006666588138012264,0.0968767945700655,0.022650430965098747,0.050719485642144846,1.005879567849177,0.0
2018-07-17,0.005613580353765203,0.011980206198246978,0.09752186401428237,0.025613086736766502,0.05430593997062539,1.0065369050679014,0.0
2018-07-18,0.015056161390028074,0.016140758603427653,0.09717256540971171,0.026619111694942573,0.055864352662790946,1.0071442068927032,0.0
2018-07-19,0.0022525560179769153,0.016202108510005652,0.09713613072607034,0.021682045427512727,0.05126853661087872,1.007231774559747,0.0
2018-07-20,0.0003217717143965805,0.013353470862830641,0.09729232153780708,0.019667102890563923,0.04947137678258473,1.0071250296267176,0.0
2018-07-23,0.0030740698837365397,0.02149998030860716,0.09402450487309606,0.02086370972425425,0.05082242171469924,1.0071084246975792,0.0
2018-07-24,0.00405626449967781,0.02469816178629361,0.09501379223737394,0.02525523365410515,0.05550889938022052,1.0074167916082164,0.0
2018-07-25,0.010441327246393944,0.046890744677985624,0.08133082456946603,0.03307133988590159,0.06384501069096343,1.008256824216188,0.0
2018-07-26,0.011858012165483336,0.04231731634033736,0.08287429833891677,0.029626704186469257,0.06068350729380293,1.0086258539022936,0.0
2018-07-27,0.006202619755517295,0.043836896591396744,0.08062347539500912,0.02187780378327494,0.05290050469240166,1.0082682041833713,0.0
2018-07-30,-0.000892488236456412,0.03289826740102272,0.08330567172243016,0.01586435415848133,0.046844938534158206,1.0074751224836938,0.0
2018-07-31,-0.0009950528388962222,0.036376858270593615,0.0841058769180014,0.020041487589229124,0.05141268171473562,1.0071612762534035,0.0
2018-08-01,-0.011153228850917128,0.03256905472260148,0.08490617244773697,0.017694541581602295,0.049080947568720515,1.006699779171246,0.0
2018-08-02,-0.003358532740690862,0.041539156842639584,0.08381204618938261,0.022423666352686392,0.05419467047854403,1.0066966016108936,0.0
2018-08-03,0.007716314406468082,0.03769030194444924,0.0812776547779759,0.025953179034654786,0.05808825313363758,1.0069603334210673,0.0
2018-08-06,0.016613832184807092,0.032927684985987346,0.07799211391465731,0.02874316653952368,0.061327264572300526,1.0073806177964784,0.0
2018-08-07,0.014994102564746078,0.02726076443676955,0.07356578444527753,0.03104912875052488,0.06417297654051707,1.0078892914187794,0.0
2018-08-08,0.01624577907565391,0.02324864810899486,0.07330198092414951,0.029304658234298064,0.06309564491979126,1.0081612925291197,0.0
2018-08-09,0.009445760313553653,0.029222910796211775,0.06730195499182748,0.02688546204727854,0.06100286804594108,1.0081694381905355,0.0
2018-08-10,-0.0015524792391258613,0.013475360170217087,0.06690361263700836,0.019019384996407627,0.05330505156190733,1.0075434682148594,0.0
2018-08-13,-0.008963285943673438,0.008937567773950043,0.06860436999516195,0.01449458660565881,0.04877175287519796,1.0066682282420565,0.0
2018-08-14,-0.0059005565695093316,0.016192040303562034,0.07139150004015683,0.020216677804612365,0.05484100517217059,1.0064141142116783,0.0
2018-08-15,-0.012975538715085819,0.004659529040143836,0.07578589409254943,0.012023184455771108,0.04642880657922248,1.0055440474559676,0.0
2018-08-16,-0.0035492671273343046,0.010617482278849398,0.0803220288135727,0.019633561844490728,0.05429379654027773,1.0054422943474919,0.0
2018-08-17,0.00668722278304233,0.017910026935282503,0.07938833319957185,0.022567360238683477,0.057389452207813135,1.005581782497864,0.0
2018-08-20,0.01257549262038637,0.021191288679939833,0.07916198991181828,0.024114599139992178,0.059030459945527025,1.0057981698826997,0.0
2018-08-21,0.008558386197796874,0.021676356617622367,0.07924529976611791,0.02585288311437148,0.060880816597708054,1.0060887438685968,0.0
2018-08-22,0.015459779260538476,0.0160630438010045,0.07806348524274516,0.024620057835302883,0.05963847185758231,1.006197960488833,0.0
2018-08-23,0.006072026126700464,0.006248181159155916,0.07307619637748665,0.022600374371666496,0.05763569564732124,1.0061054356867642,0.0
2018-08-24,0.008557717008489004,0.014609731778288167,0.07495842103111161,0.02801656682641822,0.06336422655577116,1.0064444447267615,0.0
2018-08-27,0.014284746382305027,0.02927341530672756,0.07368550765353185,0.03519696057238437,0.0710834862597177,1.0072692144039899,0.0
2018-08-28,0.01242487389766358,0.034993718751742356,0.06975885329243066,0.03470934093766888,0.07090360026427318,1.007867834192884,0.0
2018-08-29,0.018385231310807774,0.035443327950708495,0.07003964993725897,0.039091828323069566,0.07593341631491224,1.0086777495542925,0.0
2018-08-30,0.015657134196192243,0.03305854420626528,0.07194237482791296,0.033828827505209116,0.07087679292712006,1.0088816684712474,0.0
2018-08-31,0.009692025717815581,0.027660290236794605,0.07071407518200296,0.03268264524167418,0.07020218497339029,1.0089408786675917,0.0
2018-09-04,0.00010337764093905637,0.02166047854119853,0.0706053814024075,0.02979974509658075,0.06763401416099629,1.0087452952770075,0.0
2018-09-05,-0.003074559995490361,0.0153053265714449,0.07105483845523637,0.025713876035620507,0.06409621689322445,1.0082756879533046,0.0
2018-09-06,-0.011455212489933555,0.00899401289602886,0.0715422775020753,0.021426334490923522,0.06023449621790499,1.0075724877257803,0.0
2018-09-07,-0.00934399903535719,0.00746876609525418,0.07196407712618866,0.018123841049440002,0.05753602560333603,1.0067802658555214,0.0
2018-09-10,-0.007641512197061091,0.010573017726179858,0.071831027416049,0.0186527625765845,0.05875926419856204,1.0062208648266668,0.0
2018-09-11,-0.0026256665877170743,0.020587291192607316,0.06737652037366428,0.020728865222866592,0.061610585987179146,1.0059746419746338,0.0
2018-09-12,0.00031120423649123695,0.02457981675160957,0.06522947434676697,0.01973271202138433,0.061238483159924,1.0057327102243812,0.0
2018-09-13,0.009222502198158716,0.0241170716636969,0.06478378568531597,0.024323951989554674,0.06684742965015555,1.0059502271058451,0.0
2018-09-14,0.01134025760653476,0.03178456241687476,0.056853224451224135,0.023219605084101,0.06641402795914596,1.0060655245982428,0.0
2018-09-17,0.004294244151324596,0.018416529004838755,0.05631782996447712,0.016806071678147773,0.060181187015212426,1.0056609681087696,0.0
2018-09-18,0.006414282863815854,0.020314351273380837,0.05780170619873138,0.021389858554252128,0.06535904510425124,1.005712475823793,0.0
2018-09-19,0.0072370593853027815,0.019241383516525976,0.05764728893058514,0.021594065897881713,0.06590199027023354,1.005772376399782,0.0
2018-09-20,0.009411205064421026,0.02496989053032105,0.06263332836387117,0.028666345207121996,0.07389145545785247,1.0064019150230485,0.0
2018-09-21,0.008325065151797343,0.024649848308133618,0.06275780406506425,0.02672358740716022,0.07225018287466095,1.0067460531963863,0.0
2018-09-24,0.010306402131882936,0.022650905010021226,0.0641291367996482,0.022400365338137707,0.06805080336402777,1.0066699134250614,0.0
2018-09-25,0.003966587095067261,0.01572322135995909,0.061881665090080785,0.020543636442066235,0.06644540845200202,1.0064592542015265,0.0
2018-09-26,-9.528259216189322e-05,0.004861354542059054,0.05742247548876801,0.016727573300057617,0.06268608617159427,1.0059806903526538,0.0
2018-09-27,-0.005376075955210221,0.007168940677447246,0.05810216598483639,0.018789997883734918,0.06508649074006546,1.0057605164565233,0.0
2018-09-28,-0.004359016907104803,0.0019056000902210398,0.05515232414942071,0.018040116178094687,0.06463617322386313,1.0055303405813443,0.0
2018-10-01,0.002436657584158598,0.009430428397987583,0.054173724545748654,0.02062550464569192,0.06775298170997512,1.0055644051364951,0.0
2018-10-02,0.002782061972103695,0.008813257614247205,0.05427530520938811,0.019131011210145783,0.06653267554621242,1.005480373100059,0.0
2018-10-03,0.006327981353138059,0.011085958254258056,0.05371235827139564,0.018879834416019425,0.06655913129190463,1.0053955785746618,0.0
2018-10-04,-0.00430902760081554,0.005934473072122068,0.060181895170227775,0.01044288211988521,0.057745480835125144,1.0046413709812523,0.0
2018-10-05,-0.010025139764507304,0.0033356728156472898,0.06260037845784636,0.0043835153608252336,0.05136209560677948,1.0035522191033386,0.0
2018-10-08,-0.013493261346624687,0.005281166086720085,0.06213741776538484,0.003846281197360984,0.05089688869624448,1.0026580029992929,0.0
2018-10-09,-0.01437110898528857,0.0020836608260197276,0.062161391530471934,0.0017726030284616625,0.048917610916158205,1.0018110109998049,0.0
2018-10-10,-0.047095040929447766,-0.03338341608747264,0.12690758728038692,-0.029827466878905584,0.015441667699266881,0.9986091926078744,0.0
2018-10-11,-0.06152128020740748,-0.05589801137177665,0.14542783578431162,-0.05070561090898818,-0.007077676183384949,0.9943922873313401,0.0
2018-10-12,-0.042115679886509626,-0.048002509269021054,0.15362380657689,-0.03717452701132518,0.006490454928723277,0.992185693400969,0.0
2018-10-15,-0.04774848910455452,-0.0538075806243692,0.1537695377824863,-0.042053121283791926,0.0006547518578167748,0.9900962191876804,0.0
2018-10-16,-0.0246578812736632,-0.026868464598968068,0.17461120647925876,-0.02090462949932681,0.022218344642336532,0.9902564519064484,0.0
2018-10-17,0.0076958964359457645,-0.032101802515342726,0.17301813292705823,-0.020466920127655025,0.022118609703182673,0.9905058757329419,0.0
2018-10-18,0.015421941326919804,-0.04771312943015962,0.1784365941904153,-0.034088227136499574,0.007184871210284595,0.9896609165134989,0.0
2018-10-19,0.0010864554055195512,-0.05632725892792252,0.1745988531637775,-0.03410369053680602,0.006488914439689418,0.9890684657351246,0.0
2018-10-22,0.0022206974803066198,-0.059911948295859926,0.1745829746030391,-0.037976640932715154,0.0018778827851849503,0.9883706833524019,0.0
2018-10-23,-0.024513354855751852,-0.061688221586602865,0.17475217023886588,-0.04239049483740738,-0.00328107652687785,0.9875504742037204,0.0
2018-10-24,-0.055459002711415545,-0.09152739232182554,0.19927800806397322,-0.07027884297636916,-0.033380353906978896,0.9846596681362376,0.0
2018-10-25,-0.023130621040719484,-0.07074846787871722,0.21355482538696816,-0.052906663138242015,-0.01602950661521016,0.9839192070496307,0.0
2018-10-26,-0.04033171075313664,-0.09128289372584897,0.21789510520562794,-0.06842348343127327,-0.033207750195542916,0.9821339186099736,0.0
2018-10-29,-0.041388924531314826,-0.09694185592006996,0.21731996945435159,-0.07228739501312452,-0.03838067654995251,0.9804894340775966,0.0
2018-10-30,-0.021575154167198844,-0.08570003333796031,0.22590877270876428,-0.057438854533206726,-0.024030735328796255,0.9805501740650983,1.0
2018-10-31,0.019815975899118505,-0.07449347839481073,0.23136505352400605,-0.04640363330191902,-0.013510199497895727,0.9816522348543952,1.0
2018-11-01,0.012619813051295083,-0.06445663618056019,0.23616655476858828,-0.03548281815828708,-0.0029753918724271773,0.9835680485820533,1.0
2018-11-02,0.024423027044844343,-0.06255083908018907,0.23577277130532626,-0.04034208946949192,-0.00879232598138766,0.984782336460237,1.0
2018-11-05,0.035480668794386175,-0.05143604736117647,0.23734660105034336,-0.034173282089621025,-0.003221143396495948,0.9863463763679459,1.0
2018-11-06,0.027078656579656035,-0.04512811541167958,0.23916570657122047,-0.02714372153604153,0.003168869506014648,0.9882338474344684,1.0
2018-11-07,0.0376375963842004,-0.02248477302532176,0.2524792994332165,-0.0057812983460430855,0.02461786827160461,0.9915642868431235,1.0
2018-11-08,0.02523556928103808,0.007873974029925651,0.22585263290429483,-0.006906367805552863,0.022742361229177825,0.9941163548926669,1.0
2018-11-09,0.021360168774310906,0.020330609901529302,0.21392090791334126,-0.015824258877010576,0.012846683179973901,0.9953863087662183,0.0
2018-11-12,-0.00300383568084139,-0.01232420315550824,0.21910011843343993,-0.03308803212393645,-0.005925854210131178,0.994929993519683,0.0
2018-11-13,-0.011184811866984603,-0.00856443817410967,0.2183950746701429,-0.03377013782557986,-0.007676352970259318,0.9944806272437479,0.0
2018-11-14,-0.03922785699685624,-0.03705474874851481,0.20399615465269016,-0.039179660058939005,-0.01431558194072805,0.9936484981867149,0.0
2018-11-15,-0.02702877738111967,-0.026850699787139786,0.20823914727666237,-0.028195245035025872,-0.003938841148358616,0.993887863389253,0.0
2018-11-16,-0.014615462649141436,-0.009706794074531943,0.20287519265729376,-0.02479503129764971,-0.0013819318096104048,0.994351647410459,0.0
2018-11-19,-0.012812454127143413,-0.026223112688171207,0.21086808880663793,-0.04007933447885225,-0.01842658348994536,0.9934287477916309,0.0
2018-11-20,-0.029618774738214764,-0.040403910392631054,0.21917993519369577,-0.05625278462839997,-0.036564586204797564,0.9913172286241554,0.0
2018-11-21,-0.01935701790912044,-0.03189841180188339,0.21960511325843698,-0.051491731175296866,-0.03329591742029456,0.990014483236053,0.0
2018-11-23,-0.03644093911421492,-0.007832636189939162,0.19349054486287745,-0.05605178176602985,-0.039909114152843,0.9885763580424258,0.0
2018-11-26,-0.023022570138429628,-0.009598743172242085,0.19148898200621214,-0.03929167523065796,-0.024575670830054012,0.9888295681755224,0.0
2018-11-27,-0.002604864355058175,0.011503733709907267,0.1811600838150012,-0.03469814927448516,-0.021409844107188256,0.989420396914478,0.0
2018-11-28,0.03883874676415182,0.03982376090283559,0.19515982000887072,-0.011403748155989067,0.0009033032842863294,0.9918317920852882,0.0
2018-11-29,0.03324993258446968,0.02292667494978513,0.189887833503417,-0.012430936126778338,-0.0014266638130418687,0.9936355236451934,0.0
2018-11-30,0.046028108626835776,0.018379496537778102,0.18765185446477778,-0.0052204110808691225,0.004547493615546302,0.995611354368523,0.0
2018-12-03,0.043166929474288,0.02094837325075083,0.18952839464301952,0.008875829510828239,0.017668853863922158,0.9982764166528789,0.0
2018-12-04,0.006869149456920243,-0.006050143878016834,0.2222353853566112,-0.022347431311078695,-0.01534850517992293,0.9977317159624974,0.0
2018-12-06,-0.017413337679508714,-0.013070245571059303,0.22125927325260814,-0.02235155049673272,-0.016900985727615035,0.9972096835159492,0.0
2018-12-07,-0.03873601043123915,-0.042887992061110054,0.2332752584171686,-0.04324380450975574,-0.03968548192332784,0.9949867805855245,1.0
2018-12-10,-0.04291789560556773,-0.06217599545199003,0.21815788264225988,-0.03957294839880843,-0.03773965413461391,0.9934403210045923,0.0
2018-12-11,-0.05584502605704875,-0.060132222087336006,0.21840769056567952,-0.03749299215770097,-0.037342333888771395,0.9923143989523034,0.0
2018-12-12,-0.0178830158887682,-0.04529332854109595,0.2185048199614645,-0.030790713567811958,-0.03239923806423144,0.9919099400505034,0.0
2018-12-13,-0.016703878377040213,-0.02677028826725813,0.20991396755835898,-0.029262856575497202,-0.03267841271136259,0.9916559973263884,0.0
2018-12-14,-0.011831522750452784,-0.04353470294457823,0.2183784958938908,-0.04500398113697898,-0.050474552559030675,0.9900873562567908,0.0
2018-12-17,-0.03353973578441971,-0.0564878742395535,0.2264181010013293,-0.06139372600672723,-0.06892870804523545,0.9874267116905929,1.0
2018-12-18,-0.03486438767612855,-0.06796783238234488,0.2215058136678551,-0.060161156467912306,-0.06971929547464115,0.9853787821228555,0.0
2018-12-19,-0.05497614784290704,-0.08565401373486156,0.22409455024594538,-0.07173505375760765,-0.08334839308980123,0.982760311873732,1.0
2018-12-20,-0.07104891094011125,-0.08500674508022596,0.2236328908410969,-0.08412279226635692,-0.09790611045295149,0.9796229579989811,1.0
2018-12-21,-0.073113711777025,-0.08702963998338849,0.22540328421475175,-0.10047577692881879,-0.11593043319287698,0.9757894488189908,1.0
2018-12-24,-0.08007873070099973,-0.1172095870314328,0.23663820759716614,-0.12186460833608671,-0.13866798082756746,0.9710003056356696,1.0
2018-12-26,-0.029691602121650854,-0.06121849538978082,0.3033768006035461,-0.0755455004090794,-0.09469775619575913,0.9712560310805906,1.0
2018-12-27,-0.006954508074395257,-0.06958595167082719,0.2981374137072776,-0.06671414669776393,-0.08735312656703703,0.9723712030639424,1.0
2018-12-28,0.00816658279213837,-0.07423529793302942,0.2972601175680074,-0.06573726192464165,-0.0881543609052357,0.9734521014671025,1.0
2018-12-31,0.037589546381729504,-0.0882788403658108,0.28534714654986454,-0.05549540191755191,-0.07982976340890256,0.9752869461771657,1.0
2019-01-02,0.065407523697221,-0.08505199591868148,0.2858529835011446,-0.05275049741715994,-0.07853352096280342,0.9770878634081276,1.0
2019-01-03,-0.008034434142421134,-0.11528103815903773,0.291484222624102,-0.07321855062452096,-0.10015278944337663,0.9768559807166697,1.0
2019-01-04,0.017264474490548222,-0.09548840665456695,0.31458412555316334,-0.04064442891546389,-0.06976190080637668,0.9795408167666894,1.0
2019-01-07,0.026409013336312216,-0.05469543405363745,0.2995752564994628,-0.031781700090726485,-0.062218640168369845,0.9825118335329376,1.0
2019-01-08,0.027039781756492944,-0.04382572092980915,0.3024246997937951,-0.022163192490302228,-0.05335515084896354,0.9857971512923233,1.0
2019-01-09,0.030662612874524535,-0.015653372612917806,0.29287514283834987,-0.016803914269487914,-0.048996224462270435,0.9889103160623826,1.0
2019-01-10,0.05833617544019454,-0.014026967113275461,0.2931139841879355,-0.012966236330830197,-0.04560050009831589,0.9917593784266854,1.0
2019-01-11,0.025775257947570785,-0.013868122649947426,0.29312061342182844,-0.01233288359872086,-0.04527086431797458,0.9941134369820841,1.0
2019-01-14,0.011802049424488228,-0.02501036874038102,0.2929398201277316,-0.017697916382616478,-0.05111978666831206,0.9955277344198965,1.0
2019-01-15,0.013846242740486075,-0.01327559981228286,0.29617242708998626,-0.005779049365401536,-0.04026376543337818,0.9976073131017525,1.0
2019-01-16,0.011600498323329983,0.007778648460864963,0.2889367934783257,-0.0025397344363063297,-0.03807086425333473,0.9994562475976989,1.0
2019-01-17,0.015637336559251862,0.03515010523039611,0.2802729553346199,0.005592917902081305,-0.030880490659843742,1.001521264703685,1.0
2019-01-18,0.028473365723631777,0.04946963074981291,0.2828666248284534,0.01939386782101581,-0.018104174361713875,1.0041958298402298,1.0
2019-01-22,0.020990310388549163,0.05095608949107518,0.2817562545324448,0.0064425437232515466,-0.03139010879435584,1.0051249823171302,1.0
2019-01-23,0.011684887408780743,0.06945819853660913,0.2733332853722541,0.009783224750618148,-0.02949765768082174,1.0059603103252852,1.0
2019-01-24,0.00979948179429768,0.09069184203218765,0.2593726056789253,0.01150816582790161,-0.029096091387162567,1.0065866307171294,1.0
2019-01-25,0.010667090865379045,0.1258959267967749,0.23357794080476166,0.020879369829168645,-0.02096257857273921,1.0076809910771098,1.0
2019-01-28,-0.010184262876906967,0.06897696999455678,0.17701909317057782,0.013683334863531318,-0.028472857502994522,1.0078300781163865,0.0
2019-01-29,0.0020902425951210366,0.060000840160591484,0.1769621126986744,0.012888527349397227,-0.029787056290045126,1.0077494752477063,0.0
2019-01-30,0.01570678405922416,0.07699839980369494,0.18167515907298304,0.029006540309392953,-0.014542713109298952,1.0088647352037718,0.0
2019-01-31,0.023919251441569835,0.07702154709202799,0.18168329030774472,0.0381636371566631,-0.006007806166293642,1.010342478832592,0.0
2019-02-01,0.01597489041778326,0.07646329351733716,0.18179529223771837,0.03882985632812342,-0.005599523393440647,1.0114120405485094,0.0
2019-02-04,0.030615074636671416,0.10762647877364935,0.15125088806436796,0.045782869689795454,0.001294434595547607,1.0126828026108192,0.0
2019-02-05,0.036126388188688616,0.07886275385873187,0.11242068974093287,0.04931844142771085,0.005340822111358055,1.0138646377453968,0.0
2019-02-06,0.019100379836886137,0.06968976630426886,0.11269762220451546,0.047190013463374265,0.0038296998144357816,1.014514720689875,0.0
2019-02-07,0.0007781069181402381,0.05075987225367529,0.11883999593592179,0.03653739433389467,-0.005876554178808644,1.0140779454452877,0.0
2019-02-08,0.0015173083075365834,0.04731798895034921,0.11861849696379867,0.03744331896587389,-0.00487031705497059,1.0136713643693893,0.0
2019-02-11,-0.004939512047708859,0.044350791285745955,0.11866413508071716,0.037717615103778766,-0.004517724625485232,1.0132395659207785,0.0
2019-02-12,0.003654914547212623,0.056742410458373714,0.12403582136386998,0.050972573624797575,0.008066839004092555,1.0137797535650483,0.0
2019-02-13,0.00821556129560097,0.06610327817538159,0.11981429661435572,0.05417451811279353,0.011110067258867876,1.0143022827746009,0.0
2019-02-14,0.015573255764175098,0.05248688527736431,0.11726131212722024,0.051809448861984145,0.008611991842023136,1.0143624658704735,0.0
2019-02-15,0.025191014081283183,0.06090850470830241,0.12076329153391857,0.06329654169376743,0.019298050731909964,1.0151198551935001,0.0
2019-02-19,0.02636599617422513,0.055079450900719217,0.11961318195671691,0.064388475113961,0.020714718168364243,1.0156726504680798,0.0
2019-02-20,0.015601705266504926,0.043870750001246864,0.1132301009486326,0.06570607217839658,0.022402871023650635,1.0160826418287288,0.0
2019-02-21,0.008798355303220911,0.053911323090053344,0.10030199486583953,0.06066796473463468,0.018481253090412673,1.0159253329439726,0.0
2019-02-22,0.017199376433693243,0.05800137430227681,0.10105479768726561,0.06589027164857389,0.024491610406080846,1.0161159499630503,0.0
2019-02-25,0.007721663402295371,0.0588306863163001,0.10086480537055537,0.06596391908455122,0.0255755490379269,1.0161857121250657,0.0
2019-02-26,0.005276649307681334,0.049689009343021506,0.0994025620932371,0.06395132173891947,0.024582541420907014,1.0159927628629997,0.0
2019-02-27,0.0028336616873508454,0.05688867456550467,0.09321706372345819,0.06225056261372008,0.02393255738538997,1.0156208143842689,0.0
2019-02-28,0.004531119758469952,0.056352200253402256,0.09352780960421167,0.058683099985300934,0.0218407997272715,1.014998598720714,0.0
2019-03-01,0.004575343146790914,0.046869933389843556,0.08194170229592758,0.06314943268849191,0.028005197242763184,1.0148391785747863,0.0
2019-03-04,-0.0004297768610146556,0.0344816580137156,0.08076598918703724,0.05721362269405419,0.024034883038075078,1.0142486789727547,0.0
2019-03-05,-0.0010747620894915417,0.0326393568357467,0.08134957198257084,0.05344651061782916,0.02244020065075144,1.0135129979214739,0.0
2019-03-06,-0.006720344683244724,0.019553255245588527,0.08290501096859067,0.044574002836417534,0.016074055894067095,1.0122965068557346,0.0
2019-03-07,-0.013256476628637822,0.00696933543607582,0.08798964207596735,0.03316538881802009,0.0074325988165144545,1.0105364738308544,0.0
2019-03-08,-0.02148298104418515,0.006286572508772273,0.08818264715551638,0.028000189191981995,0.005323628762556498,1.0088791594703759,0.0
2019-03-11,-0.0034415030070402454,0.030262048088535116,0.09330638908630122,0.040393177342384186,0.019718245926541603,1.008626533752986,0.0
2019-03-12,0.0016830185142376842,0.0328050670424478,0.09364593688226822,0.04186992385451254,0.023373135217237866,1.0086314952660909,0.0
2019-03-13,0.01435579101792471,0.038848558311222095,0.09515427207476562,0.046146678247320314,0.02991063072390875,1.0090667341870783,0.0
2019-03-14,0.0221163773195064,0.025430798208369597,0.08671664207870021,0.043054033566937495,0.029006579626708225,1.009249794976587,0.0
2019-03-15,0.02904672518008089,0.02711773639325219,0.08740846936030251,0.045695848911067344,0.03375961802847986,1.0096828372246744,0.0
2019-03-18,0.01826904652699561,0.032957838851355635,0.08679085155313583,0.0464385231512981,0.03722384286881879,1.0102006795916592,0.0
2019-03-19,0.014753116270399762,0.02236716923156438,0.08003028576485106,0.04428899025693355,0.03716426712492681,1.01050615843686,0.0
2019-03-20,0.005141163868646801,0.017623726005643766,0.08121251963239676,0.03897245755053343,0.033792883746532026,1.010379927351333,0.0
2019-03-21,0.017012563190434992,0.026841656132299663,0.0888137377014691,0.04845665077236659,0.045180248609908304,1.0110672193597467,0.0
2019-03-22,-0.0073499191583544805,0.010969461931676801,0.11334433824931543,0.02658316380074404,0.0248876436834605,1.009915471334402,0.0
2019-03-25,-0.011721328903701863,0.004037133513960528,0.11151328804603963,0.024207799505515572,0.023987161460980615,1.0088404980533245,0.0
2019-03-26,-0.004542783359732705,0.010102722469536307,0.11425983960172928,0.03008211242204392,0.03144901524710135,1.0084905330631522,0.0
2019-03-27,-0.006771464828048305,0.005575611869914126,0.1159215228262885,0.022942948610653213,0.02592818382423686,1.0077003376026654,0.0
2019-03-28,-0.014219435691020485,0.009788558753928332,0.11652037091130336,0.02520780366529603,0.02967631154495781,1.0072955806937187,0.0
2019-03-29,0.011500390148237553,0.017938732321444405,0.11787889444784808,0.029968639427411594,0.036000433268666976,1.007398823918695,0.0
2019-04-01,0.024042051043275003,0.023503841410444617,0.12255697767782087,0.04036088874584424,0.048035180587519696,1.0083452424257051,0.0
2019-04-02,0.01710511834748284,0.027637617678033802,0.12136323412575512,0.03930564265359607,0.04830707296368932,1.0090263108679758,0.0
2019-04-03,0.02392040353965021,0.030570777499055884,0.12097276065193133,0.03907457390691624,0.04969990684645178,1.009580028767426,0.0
2019-04-04,0.022787156277423237,0.03929605971459629,0.11786479559754186,0.03995122731362866,0.05220271563292904,1.0101149753818541,0.0
2019-04-05,0.021330183589797422,0.052525392539879645,0.11210653219789442,0.04300769897495363,0.05696470437106977,1.0108053611193424,0.0
2019-04-08,0.010302487445402552,0.05528930990003232,0.11111208112591792,0.04198173240002057,0.05744390745255768,1.011279574792243,0.0
2019-04-09,0.004675040793206505,0.03575416147828056,0.10551775408589328,0.03479674720177768,0.051695705354373254,1.0111042040154394,0.0
2019-04-10,0.006507952123467336,0.03539571110828554,0.1054368082930801,0.03638282859476029,0.05494385089598256,1.0111123559633504,0.0
2019-04-11,0.0035799635052496054,0.028520232201921195,0.10408217151818253,0.03447326452469948,0.05424238502278774,1.010967392006043,0.0
2019-04-12,0.0054949269514813345,0.03590394217185458,0.1054302569246731,0.03987449586030979,0.060938676909250075,1.0112702107842382,0.0
2019-04-15,0.00407776679170991,0.030320351511661344,0.10505604261424009,0.03762451311703423,0.05976791259355558,1.0113225940233936,0.0
2019-04-16,0.009871091444901352,0.0273562063961863,0.10478406449618552,0.03686555653599543,0.06001251549187495,1.011284714039267,0.0
2019-04-17,0.004015894745266782,0.02465848958315256,0.10554027441101617,0.03303283489701934,0.05699127000513116,1.0109273684677056,0.0
2019-04-18,0.006260472026892893,0.029639540360167287,0.10445442925350895,0.033703311390115946,0.058644278876386395,1.0106795155791177,0.0
2019-04-22,0.0003788327012063155,0.019270211682625913,0.09815790253360364,0.033025211723542794,0.0591062705310661,1.010431426266049,0.0
2019-04-23,0.009985376376355987,0.047655647046371805,0.0688904765584159,0.040566027117839125,0.06816611915876163,1.0108376450225682,0.0
2019-04-24,0.007108731828467808,0.046186267128355975,0.06988334857626251,0.03657791706746946,0.06539106395990062,1.0108495240083024,0.0
2019-04-25,0.008942165658618958,0.03814343860150422,0.06782724628291634,0.03453340564698537,0.06438100279392653,1.010683349351086,0.0
2019-04-26,0.011620886692015636,0.04803189188023123,0.0633624926466917,0.037907358848281975,0.06897495544324532,1.0108034776694605,0.0
2019-04-29,0.012325828455468988,0.04581547582911538,0.06316793716718253,0.03801536738511914,0.0702407760976683,1.0108980281891717,0.0
2019-04-30,0.0038849919576123557,0.04004024885574661,0.061588525688800536,0.03723621961989313,0.07042204765151303,1.010886403712893,0.0
2019-05-01,-0.0014388050468250452,0.02070541103825593,0.05885432093756544,0.028338233478286453,0.06206057338003625,1.0101463380669884,0.0
2019-05-02,-0.0029834223505461324,0.018054897903475257,0.0598440008075179,0.025107389968341675,0.05946072258909847,1.0092782338858983,0.0
2019-05-03,0.002111404392510596,0.026222892733091616,0.06729461261235013,0.03384337589798748,0.06948696356791202,1.0092723012157099,0.0
2019-05-06,-0.00357949243175751,0.019448827119934637,0.06956998434784509,0.028510710348615916,0.06477825285557401,1.0088297659744268,0.0
2019-05-07,-0.020930755967325937,-0.0022206907013767423,0.09134385853656157,0.010650707600750894,0.04676783536690091,1.0070444212928242,0.0
2019-05-08,-0.014775392473739176,-0.0043724688808857975,0.09139044067415288,0.008579003018321455,0.045087158818468635,1.0054549405558106,0.0
2019-05-09,-0.01564509914532151,-0.00226524203505276,0.0902425085369428,0.004914524995489681,0.04172454822572034,1.0039074417235572,0.0
2019-05-10,-0.020374186024364457,-0.0006592454147401755,0.09119670841383098,0.009209991033554745,0.04675617945315733,1.0030458499499015,0.0
2019-05-13,-0.04170164145692228,-0.02583277784223725,0.12679766914169863,-0.016266736285876278,0.020432375722277473,1.0003374531633034,0.0
2019-05-14,-0.015857760208263613,-0.02357337786112169,0.12881347909233876,-0.0077333206311430425,0.029582271457498525,0.9989079111227785,0.0
2019-05-15,-0.00862771432576089,-0.017077949998356597,0.1310560613660304,-0.0024287404264520455,0.03546694511561008,0.9982584612836127,0.0
2019-05-16,0.003621951975725111,-0.008514381504229004,0.13554558428327973,0.0059944028986982905,0.04483207259493946,0.998501893428572,0.0
2019-05-17,-0.007875464354583358,-0.012550604514590316,0.13702574056194236,-0.0013501475896321496,0.03791446175244385,0.9981932201666345,0.0
2019-05-20,0.010941528795242517,-0.021151721073887627,0.1382315975438378,-0.008694333854678458,0.03091663170656185,0.9974459454042041,0.0
2019-05-21,0.010914051204037836,-0.013038159358290172,0.142408319669198,-0.00040516761021251036,0.04005562726380253,0.9976010767766601,0.0
2019-05-22,0.001998086583165337,-0.025065239791547247,0.13825620571807007,-0.003986886301998927,0.03674531769096208,0.9975050139552635,0.0
2019-05-23,-0.0195152330647507,-0.03513834639744751,0.14350364205809096,-0.016296945184100985,0.024046154756005595,0.9964849241021119,0.0
2019-05-24,-0.010763061707595868,-0.03225583188080514,0.14411717719950828,-0.014261481325329263,0.02634359754929586,0.9959020730952787,0.0
2019-05-28,-0.013472309669381014,-0.04624491743528428,0.1447030520516272,-0.023349965882783843,0.01681944401842397,0.9947541294581547,0.0
2019-05-29,-0.029181700453680785,-0.05454568826743994,0.14483570373326196,-0.029629722258757683,0.010043631668798384,0.9933821545800725,0.0
2019-05-30,-0.02337837755130369,-0.05232860930046329,0.14563655249068103,-0.026750626949067977,0.012802131699070613,0.9925909736347132,0.0
2019-05-31,-0.024650865773676228,-0.058350407124298696,0.14970636543049587,-0.03944473300947935,-0.0007967394676277339,0.9909889481739993,0.0
2019-06-03,-0.02946292878065056,-0.05873533831090957,0.1496923000102951,-0.0412074351883896,-0.003243902961239424,0.9896285531002164,0.0
2019-06-04,0.001355191331499063,-0.04700113049629581,0.16663543075817908,-0.020482735015265617,0.018339353265376508,0.9903679744514478,0.0
2019-06-05,0.016713650652749195,-0.03425254518293323,0.17062197844755794,-0.01226855401757625,0.027103248252331284,0.991746857960201,0.0
2019-06-06,0.02046780298907538,-0.010930050344061968,0.1634012479151695,-0.0061009227119081045,0.033708910650342656,0.9934426508795529,0.0
2019-06-07,0.043992112741962866,0.00041709809140334266,0.16732144684267375,0.003284855657786229,0.04393660546762199,0.9956504773374459,0.0
2019-06-10,0.051116488148010626,0.008026248982422565,0.16764926919571546,0.007308302831455749,0.04859726888908891,0.9977982741428361,0.0
2019-06-11,0.029400048654565667,0.0027731041826343193,0.16680718963920435,0.006614085671969605,0.048212089420940143,0.9994824682047122,0.0
2019-06-12,0.019008319497276605,0.026457415771265654,0.13887648450212248,0.004657700063926362,0.046232804292268156,1.0006620313407535,0.0
2019-06-13,0.016644473566529972,0.02157218343073162,0.13645443539137386,0.008549595007434716,0.05043036079019785,1.0019092047282836,0.0
2019-06-14,0.005581905271517516,0.014626717688681751,0.13548541092559224,0.007236224778794042,0.04919923381343247,1.0027727390129142,0.0
2019-06-17,0.0013832803111228148,0.005787577317820271,0.1318922019414553,0.007465049686438242,0.049527402388475625,1.0034464756044488,0.0
2019-06-18,0.012041859943228898,0.022690428480446577,0.133954575992719,0.017742894044156018,0.060417425964569484,1.0047749941507365,0.0
2019-06-19,0.0160636518728523,0.03157953884887544,0.13101088692376112,0.019737122667760152,0.06267609521296966,1.005939545419674,0.0
2019-06-20,0.021454519036746854,0.032112651263440636,0.13140640316691565,0.0288675864547174,0.07263847847080994,1.0075520502881323,0.0
2019-06-21,0.021105570226042532,0.033734201331558945,0.1308091125070242,0.026862544017980543,0.07088837787709562,1.0086031554565758,0.0
2019-06-24,0.019500619660291475,0.04480343004286245,0.12125911951916651,0.02511636759511862,0.06937806395576517,1.0092238554354103,0.0
2019-06-25,-0.0007727967552974002,0.03268069343274505,0.12816720756905917,0.014919642388091441,0.05873136403838188,1.0088088055318893,0.0
2019-06-26,-0.004025352420299966,0.041026496097956486,0.12235306354113389,0.013772742478002033,0.05751282688023044,1.0083029348201253,0.0
2019-06-27,-0.009994260355780011,0.051300091361341414,0.1182696416333774,0.017172827121339815,0.06108926313617487,1.0080950453551258,0.0
2019-06-28,-0.003407663774155718,0.05370491510870692,0.11863540448574808,0.022053631518492947,0.0663637050573734,1.0082512010806406,0.0
2019-07-01,0.00685510159922832,0.07630939741576699,0.10498061182540273,0.030825725926143518,0.07580680577992434,1.0090068047587881,0.0
2019-07-02,0.019312972180169426,0.08145659439356503,0.10265118161707196,0.032965610442196966,0.07838819562901105,1.009702157859624,0.0
2019-07-03,0.028274140772129336,0.06794544553858677,0.08207864337314888,0.04069213928897855,0.08674199539169809,1.0107774639855516,0.0
2019-07-05,0.023595478575106472,0.058181919283698695,0.08096209284153927,0.03895440948472623,0.08521434420555171,1.0113974941549508,0.0
2019-07-08,0.012953492443271175,0.046190604562902714,0.0846104206050059,0.03280129306063172,0.07902505991128714,1.0113038020647092,0.0
2019-07-09,0.005161827601524466,0.03747911227532861,0.07979065819174674,0.03371467258789482,0.08014204865908492,1.011199659757251,0.0
2019-07-10,0.00732721402531967,0.03766732027087408,0.07987630205759486,0.0382085593537474,0.08509135701091607,1.0113722080990641,0.0
2019-07-11,0.0017053231196219928,0.04025072000364308,0.07954740345046844,0.040156802058173215,0.08740413953918014,1.0115634677456786,0.0
2019-07-12,0.007311484260458854,0.04648508404688094,0.07883818047906238,0.04406992121814232,0.09199542376487907,1.0119388713386892,0.0
2019-07-15,0.01315361830397019,0.04269974930034293,0.07877660207835858,0.04362133171858926,0.09207403149036796,1.012119464884114,0.0
2019-07-16,0.008677355487737208,0.0405745624915483,0.08017503535727606,0.03973779060975901,0.08827055160468722,1.0118592997624938,0.0
2019-07-17,-0.0029175269347572657,0.033366513024994,0.08563586852683101,0.032208480869565556,0.08064116226937344,1.0109718883927594,0.0
2019-07-18,-0.0016048560838946486,0.026604003976519536,0.07986171839875915,0.03510489748887572,0.08435204706927524,1.0104436297022774,0.0
2019-07-19,-0.011642666930457811,0.018778765243570826,0.08317390324009745,0.02856881304637993,0.07813670557781309,1.0094653501581636,0.0
2019-07-22,-0.009521610976750146,0.011723619286845932,0.07735392373944913,0.030195061655360955,0.0805755005732075,1.0087868502272777,0.0
2019-07-23,0.0008332408776873801,0.02030223314319314,0.08019775495445385,0.036605489050409286,0.08805135595223945,1.0087255255531848,0.0
2019-07-24,0.0123507398267747,0.026216633191477223,0.08077579889691493,0.039901143576726326,0.09284175230475061,1.008953775265946,0.0
2019-07-25,0.003907651431900051,0.03128445216371699,0.07358458862511968,0.03365132764999032,0.0872957973079172,1.0086438601058512,0.0
2019-07-26,0.016155755243561973,0.03895987290743277,0.0751032265649455,0.03926405178620233,0.09421390325853318,1.0088380756444697,0.0
2019-07-29,0.011879372772483717,0.03359725241510966,0.07588105742997636,0.03629072441590137,0.0918580647485402,1.0087409741080031,0.0
2019-07-30,0.0022971628804404187,0.026007059797789278,0.07598416781980187,0.032592264851541174,0.08865370669955082,1.0083671435031507,0.0
2019-07-31,-0.013392469034179308,0.005969062558069593,0.08157000066375485,0.020254671655171134,0.0761722246729909,1.0071023430774773,0.0
2019-08-01,-0.01734939479095087,-0.005377914807403308,0.08681139845436492,0.010696812274852406,0.06635715526613135,1.0053391260916114,0.0
2019-08-02,-0.03158511787754564,-0.02089938574224221,0.08492494403083535,0.002511207001375,0.05790081599204042,1.0033011479000749,0.0
2019-08-05,-0.06029721138708305,-0.05029543754707985,0.13299691704527686,-0.027840598281186714,0.025944929053480514,0.9992947870946752,0.0
2019-08-06,-0.04391356889641347,-0.030860001541895367,0.14385956418888982,-0.01463902297536453,0.04011498204377104,0.9972230247451652,0.0
2019-08-07,-0.032322783520957105,-0.03151554856441198,0.14372151686781517,-0.014676326386695726,0.04043385593338942,0.9956705958218164,0.0
2019-08-08,-0.004146721453799421,-0.016851850286522398,0.15985012646730554,0.0035092898187583585,0.06043545597760449,0.9960357877013435,0.0
2019-08-09,-0.003423297763783458,-0.026028006625647658,0.1607342003697002,-0.00427481827636028,0.05281844022708682,0.9958233835808894,0.0
2019-08-12,0.014863611047818009,-0.0427433107597207,0.1636596177738355,-0.017344414294977843,0.03965401283284967,0.9947366720956701,0.0
2019-08-13,0.01636980230842921,-0.02764381753743635,0.17441736971902563,-0.0033753172836581565,0.05522833911672329,0.9951645438852332,0.0
2019-08-14,-0.0142340838340081,-0.054426987886157296,0.20080179374194976,-0.03315464627754234,0.023697947851257152,0.9931909941546244,0.0
2019-08-15,-0.031026512848872326,-0.04496083620063746,0.20096273592867664,-0.030802937996635662,0.02597100913903783,0.9919186827593508,0.0
2019-08-16,-0.00954406681616898,-0.033967217357922,0.20842700462869684,-0.01686532036406637,0.040567153048401826,0.9921637273399223,0.0
2019-08-19,0.014679704073833079,-0.01642093975542982,0.21304552092595894,-0.005431834997190438,0.05256211974213946,0.9934010526871335,0.0
2019-08-20,-0.008444483097188867,-0.02656668965787508,0.21400091289190906,-0.013221985789849114,0.04405484431688809,0.9938306633201358,0.0
2019-08-21,0.029671890969124592,-0.025588337794720088,0.21451040740575805,-0.0055286761489775705,0.05211287817042278,0.9948854653412443,0.0
2019-08-22,0.026726238253257532,-0.030585337774154633,0.21347234954667074,-0.006197488672099229,0.05132497516686106,0.995745390622141,0.0
2019-08-23,-0.013944856982013545,-0.05181972577183559,0.22970519957800944,-0.03150678415461684,0.024032621973061954,0.9944061450971274,1.0
2019-08-26,-0.014922508465738555,-0.047499203464730355,0.23234497462312226,-0.020805699509296494,0.035041043961090965,0.9942834236567901,1.0
2019-08-27,-0.011161992939183305,-0.0496080553695421,0.23240959722675456,-0.024575072288372322,0.030793218922602675,0.9939400993071378,1.0
2019-08-28,-0.012247841640810758,-0.040133342315971265,0.2346671162809091,-0.017566596282981416,0.037816966114492305,0.9942959817373548,1.0
2019-08-29,0.0007521238990877456,-0.01644074484088759,0.2374402246165052,-0.005081517766260214,0.05071485622879029,0.9956564198142508,1.0
2019-08-30,0.02633122728560538,-0.008139103695279351,0.2356671402151619,-0.005389604101613815,0.049796609621356645,0.9967354089050495,1.0
2019-09-03,0.009468612506148746,-0.006445473081035968,0.23509016757144527,-0.010986095089222306,0.04323215573738262,0.9971477742082595,1.0
2019-09-04,0.02468660308376429,0.03537575910130523,0.2107094439212261,0.00021226596593246677,0.054545621007071284,0.9984092753184426,0.0
2019-09-05,0.030443314611820264,0.034223541192262466,0.20990227452762028,0.01258417789645466,0.06754945129937064,1.0004485919440402,0.0
2019-09-06,0.018523005500181662,0.03440504418025118,0.20989189108324782,0.012843896630041488,0.06782986524625438,1.0020986743635438,0.0
2019-09-09,0.019470621145951474,0.015478238904471536,0.19966815212170116,0.012892636791848924,0.0677339507876314,1.0034039240876023,0.0
2019-09-10,0.02510031740409647,0.02207814208684395,0.1978149679041382,0.012302060112702073,0.06675832226373869,1.0043651298123994,0.0
2019-09-11,0.02089960616349498,0.04141175421698219,0.1927088486859769,0.019182637070934247,0.07359100640490195,1.0056389585840417,0.0
2019-09-12,0.011584000390253946,0.029437739274087205,0.18653612202867595,0.022375748272170495,0.07650201916155311,1.006848210200614,0.0
2019-09-13,0.010147812570701556,0.05878694058496083,0.14797766719437766,0.021537923591789517,0.07506503753676246,1.0076585272962264,0.0
2019-09-16,0.006551179220349923,0.05305593097369378,0.14938160767793587,0.018265461419993148,0.07106066938438117,1.007952763548696,0.0
2019-09-17,0.009314677791869607,0.04093688669488254,0.1427427033913607,0.020559726597299665,0.07318952972780504,1.0082942171741014,0.0
2019-09-18,0.0028272303653872925,0.029559280508536404,0.13803676675680568,0.02089962963659626,0.07323424596294907,1.0085130223458543,0.0
2019-09-19,-0.0006979603843210035,0.03718426198695507,0.13417645169416456,0.020660096160872284,0.07259722509670148,1.0085800064716466,0.0
2019-09-20,-0.004768861813118848,0.024346187802717394,0.13391253149074062,0.015814427691269346,0.06706379906160485,1.0081535596727829,0.0
2019-09-23,-0.0019106102842374644,0.024419082436198787,0.13390270581589495,0.015648937002530887,0.06617943366299044,1.0077073806067147,0.0
2019-09-24,-0.012316816030864592,0.04256492764603149,0.09720926328313603,0.007919729263496,0.0572222945038397,1.0066422085958835,0.0
2019-09-25,-0.007018068756641347,0.03746372021763361,0.09278282506468226,0.013934949387805384,0.06273105952120829,1.0062017543009887,0.0
2019-09-26,-0.009035873378661234,0.03931038154747713,0.09156195931916197,0.011779769298213437,0.05979714498731315,1.0056195891837088,0.0
2019-09-27,-0.009702287231381015,0.026891742212147136,0.09286627183731112,0.006470142629775856,0.05340340148779195,1.004669882635971,0.0
2019-09-30,-0.004840232871804354,0.018826725665306687,0.08417493867175997,0.01107136792136831,0.05760089886559216,1.00424069719666,0.0
2019-10-01,-0.008928938482907298,0.0073047618775188145,0.09522487749880817,-0.0007311546931995002,0.04440597969592701,1.0029068671026469,0.0
2019-10-02,-0.03264818677661477,-0.004653079065129904,0.1124973944207743,-0.01767364195070345,0.025360675458291515,1.0004294707020764,0.0
2019-10-03,-0.022403889684943244,-0.007780111221230393,0.10893193320529336,-0.00897455291959613,0.03302506023534745,0.9991163824812027,0.0
2019-10-04,-0.003560908071353737,-0.0071124804710268625,0.10996660831359394,0.004728846758449597,0.04618078909167601,0.9991610630423042,0.0
2019-10-07,-0.012511877408303756,-0.012208157243178728,0.11073234163807028,0.0009091873731865683,0.04080289926228611,0.9988614170270231,0.0
2019-10-08,-0.016192160678076942,-0.028358019946509598,0.1222702362514202,-0.0138520570045273,0.023805303710401324,0.9974036814828936,0.0
2019-10-09,0.01108187758996348,-0.01867151887926289,0.12786034536827143,-0.003937777045391061,0.03254083373668105,0.997033618595355,0.0
2019-10-10,0.009663011964180755,-0.019016705420544615,0.12759438784653193,0.0029924426104084244,0.03838072254083008,0.997313205140611,0.0
2019-10-11,0.006535599978597076,-0.012160880882683732,0.13265833774364943,0.01319692308070266,0.0481532155225217,0.9983895639867164,0.0
2019-10-14,0.0097449829391691,-0.012610986874711185,0.1326711484659754,0.011744806416282578,0.04603659726932928,0.9991607907836818,0.0
2019-10-15,0.03524294681914994,0.0003337476522904184,0.13711047368649976,0.02061928372833145,0.055375329017186024,1.0005678548937076,0.0
2019-10-16,0.02418399544002614,-0.003802201231106358,0.13690381139640137,0.018151156259513714,0.05271548714799932,1.0015314993984723,0.0
2019-10-17,0.02038815761249848,-0.0014557781734334278,0.13731277526698757,0.02027401194490706,0.05484224928417282,1.0025047691361486,0.0
2019-10-18,0.0056877814262451636,-0.005775139072117564,0.13812475545134825,0.01541372370958447,0.049169146905971725,1.0028839908790559,0.0
2019-10-21,0.01355866334153673,0.005716538279944392,0.13918148942450434,0.021621308987333523,0.05533280317848971,1.00369093272397,0.0
2019-10-22,0.0004351605991209889,0.002679518535648871,0.1397175272096571,0.017434125130137958,0.05099562551161469,1.004015997502199,0.0
2019-10-23,0.004947482658345655,0.01346209745810389,0.1368977927773876,0.01979212792184063,0.053189970829182746,1.0044574078691695,0.0
2019-10-24,0.0036359847587476473,0.009198275341955567,0.1356260769642707,0.020225518185072188,0.054060844716803044,1.0048824818616566,0.0
2019-10-25,0.012108651495373969,0.015369385801917641,0.1358641486687344,0.023133788405053046,0.05751790513868919,1.0054873973631313,0.0
2019-10-28,0.0109730616918049,0.026391887203130307,0.1349566501224599,0.027800538890556267,0.06258667859352043,1.0063502562461617,0.0
2019-10-29,0.013948232672975017,0.02146798408042824,0.13448435035064044,0.02664495419424074,0.0613537660025551,1.0069265594195667,0.0
2019-10-30,0.014105798634296661,0.03649683457530785,0.12600534932875196,0.028722365796543598,0.0637273681578719,1.0075436083474543,0.0
2019-10-31,0.009805738646708223,0.05165220076527855,0.10565607777505573,0.025134737396084086,0.060042611809341,1.007723291383997,0.0
2019-11-01,0.01494076211947744,0.052714037606338325,0.10643895151523367,0.0335747983236275,0.06898849045309476,1.0085181985874005,0.0
2019-11-04,0.01332992226905869,0.04328271754354273,0.09898824816948087,0.03606061744732854,0.07244901075419077,1.0093641558666362,0.0
2019-11-05,0.01252006701256872,0.04649992850130072,0.09698053104285254,0.03349653722178856,0.07037045508673978,1.0098257090055396,0.0
2019-11-06,0.009685110396334271,0.062374105649719055,0.07269298699582928,0.03223442739574348,0.06973195981545298,1.0100901771437667,0.0
2019-11-07,0.015862465353748325,0.0564327885290634,0.06882906362846132,0.03443060430112762,0.07259227755600797,1.0104626574171118,0.0
2019-11-08,0.009104794951977309,0.05215582059413487,0.06723169508228162,0.035750985911377695,0.07436254635238053,1.010830595841428,0.0
2019-11-11,0.003182946935319823,0.039930064500265476,0.06246058813102761,0.03257867486984222,0.07141210991003924,1.0108377083405993,0.0
2019-11-12,0.006395774902811169,0.04315072046494278,0.06148999546890849,0.03339940883079302,0.07275379757330402,1.0108870226885869,0.0
2019-11-13,0.006491223994479444,0.03362238282504856,0.054757603277248025,0.03259990510488588,0.0722591864745254,1.0108251633558178,0.0
2019-11-14,0.004435384958443292,0.03668417804748056,0.05351024877908453,0.033198749935350505,0.07301349224575834,1.0107682852234454,0.0
2019-11-15,0.009182757672203088,0.040950420653839484,0.05666149223800047,0.039627269364590406,0.07992817702638538,1.0111802566890724,0.0
2019-11-18,0.011831844047766263,0.04607412712178657,0.05203260729583776,0.03934104249225857,0.07990536952663246,1.011431067027665,0.0
2019-11-19,0.009437168434352146,0.0390292255577582,0.04992994731628202,0.03799213958147756,0.0787987578697142,1.0114705703008229,0.0
2019-11-20,0.00538860176083494,0.038575823986762514,0.05053797348020544,0.033314000528217556,0.07401126516054429,1.0110688573341549,0.0
2019-11-21,0.002323995015830162,0.03406069040496506,0.051741558908072215,0.030941058030338146,0.07147163352468457,1.010497936448351,0.0
2019-11-22,-0.002665641518590383,0.03464879437650145,0.05178324861929401,0.03246137744200878,0.07303510241114988,1.010108321879919,0.0
2019-11-25,0.00431741815360967,0.038282893780022274,0.055345176111006755,0.039456002230733644,0.08048486112107588,1.0103074665413119,0.0
2019-11-26,0.006869019293761587,0.034925183159714886,0.0536379875110854,0.04080683506515425,0.08211662573636438,1.0105256682716501,0.0
2019-11-27,0.015042053353796712,0.03966964466758421,0.053970549065237926,0.044355128555458694,0.0861118159924388,1.01093262222887,0.0
2019-11-29,0.012936700209948943,0.03289159198061735,0.05712846012454841,0.039476371960381146,0.08127049880289677,1.0108236971313442,0.0
2019-12-02,0.002184252694448146,0.027027308424241378,0.06558905254560099,0.02973612569408529,0.07138328639655604,1.0099303067751566,0.0
2019-12-03,-0.01226542597255622,0.01107670568798862,0.06454316267028744,0.02206389323908956,0.06354824327798084,1.0085820244702688,0.0
2019-12-04,-0.008376797338550918,0.013218463552105285,0.06639895900362551,0.02731307608202562,0.0694334578286098,1.0079176041451496,0.0
2019-12-05,-0.011028084931660494,0.016121492723355,0.06620379257611778,0.02818341797470545,0.07065009759730227,1.0074502358051185,0.0
2019-12-06,0.0017804819143877309,0.024986963498670807,0.07214888474698418,0.036354956145047246,0.07969708466074937,1.0077282961600962,0.0
2019-12-09,0.007162120262509309,0.018326963333002367,0.07313184608317046,0.03184076762663571,0.07559725921441474,1.0076032519640994,0.0
2019-12-10,0.01277589303301426,0.014747803769025571,0.07320186503426876,0.029555707991393156,0.07369785193076757,1.0073284665889302,0.0
2019-12-11,0.0094587785202237,0.019494295137009163,0.07291210041181155,0.031044012667324886,0.07602595047808872,1.0072562913568817,0.0
2019-12-12,0.01624471957804046,0.02597043739858429,0.07753501954971175,0.037951913617296766,0.08451574537369792,1.0078065825899407,0.0
2019-12-13,0.007750569388906817,0.02624630889309818,0.07749994595795215,0.0367482970337014,0.08440983691218941,1.0081941565693444,0.0
2019-12-16,0.017746435919215424,0.031638014293774504,0.0798930875528267,0.04215782639913476,0.09104023384871363,1.0089547429168857,0.0
2019-12-17,0.019081250459515312,0.024646296556337797,0.07722998976235558,0.04058795830586371,0.0904528783230001,1.0094619110507035,0.0
2019-12-18,0.016309269031808855,0.023971720121051757,0.07731333451521613,0.038552348015722195,0.08966453098522006,1.0097529423365865,0.0
2019-12-19,0.011818037701877084,0.02835130666610923,0.0777797637268785,0.040805487880259374,0.09320575768960657,1.0101970379310858,0.0
2019-12-20,0.015593556363015857,0.03645126349527909,0.07616430620869245,0.04340115778794246,0.09703385945175426,1.0107786194683077,0.0
2019-12-23,0.010273532632658762,0.0395875519106031,0.07519708896505181,0.043203671382599895,0.09780913980531646,1.0112301995920303,0.0
2019-12-24,0.010085748789088788,0.03739768686401696,0.07545595646224992,0.041428401353184346,0.09696376919088584,1.0114542873275056,0.0
2019-12-26,0.01533223998331891,0.034986541950761,0.07350158581264668,0.04524239116533237,0.10192205825820114,1.0119247589200917,0.0
2019-12-27,0.010993091991749585,0.03247537936409722,0.07375888957304741,0.04323268490836096,0.10076744501788897,1.012132661217076,0.0
2019-12-30,0.0010904418206150873,0.02249965196209747,0.07684553051326022,0.03592403860155126,0.09388264367104643,1.011709013089617,0.0
2019-12-31,0.001990568476405107,0.028641420177059264,0.07494681182101585,0.036744897032658194,0.0957270486146696,1.0114371677982528,0.0
2020-01-02,0.011267968054360497,0.04648140222392932,0.07062352201757843,0.04466755333779345,0.10509985973188626,1.0118423396163558,0.0
2020-01-03,-0.0016421888441927731,0.045609779079124446,0.07206405206879266,0.03510191643675431,0.09589530278396752,1.0114087659453013,0.0
2020-01-06,0.002413425392006717,0.043265602094654854,0.07088067894426792,0.037370204670863584,0.09927308228710637,1.011243615739611,0.0
2020-01-07,0.005125619913750396,0.038653356807508366,0.07286989516361066,0.03287532665945581,0.09529910574734646,1.0107583577500368,0.0
2020-01-08,0.008014956440731082,0.03487589470340262,0.06921610206984861,0.036766109585550356,0.10021480373911949,1.010681399134014,0.0
2020-01-09,0.005463897119197518,0.044783179080617526,0.06904889312782676,0.04214197600118047,0.1067452888239445,1.0110419699469928,0.0
2020-01-10,0.010183235195189967,0.04301712124130015,0.07035437428562319,0.0375553025840549,0.10262565292416077,1.01096274549407,0.0
2020-01-13,0.013229362511939336,0.047036186086370495,0.07227165634270792,0.04300968160197625,0.10924647183353381,1.0113260883658335,0.0
2020-01-14,0.01451952925026355,0.03692816647973145,0.06952477876893892,0.039726201217412514,0.10663830786446825,1.0113547657656239,0.0
2020-01-15,0.011461050365456686,0.03858637567995249,0.06941354580419468,0.04051976737130509,0.1082694380017865,1.0114270562666214,0.0
2020-01-16,0.012987261816635023,0.040024004978037125,0.07088372555901079,0.047510998942248785,0.11656404380041725,1.012019806785524,0.0
2020-01-17,0.01897695670895509,0.042912827490739935,0.07072376996756762,0.049016921826527615,0.11910294461275946,1.01259343692005,0.0
2020-01-21,0.010163031508170516,0.040889948562732155,0.07177697900112905,0.045264539270757506,0.11600429616640089,1.0127351950526526,0.0
2020-01-22,0.011809634686876515,0.03691976346473089,0.07160020352182805,0.043766180846141145,0.11525847870825214,1.012707184824296,0.0
2020-01-23,0.01069850834925546,0.03369132766619209,0.07098448405712977,0.04336633257321727,0.11565403391627135,1.0126297724937015,0.0
2020-01-24,-0.006518383314584998,0.023232089030793365,0.07982563109464208,0.032662944462128016,0.10488583017116725,1.0117064716912287,0.0
2020-01-27,-0.025785646237294832,0.007041432464356314,0.09978157135800525,0.015088897623359144,0.0864572654705779,1.0095681787337532,0.0
2020-01-28,-0.013400326431460613,0.012157382147952634,0.10445891646303523,0.02448556026738724,0.0970545712083076,1.0086094754007866,0.0
2020-01-29,-0.014347735898196573,0.011578935574784732,0.1045358119709885,0.02244806616599495,0.09540193603912912,1.007694588557319,0.0
2020-01-30,-0.012253870385221943,0.020347015460355063,0.10250360571522418,0.02464892401052511,0.09818617035039927,1.0071485483806943,0.0
2020-01-31,-0.021645367957293195,-0.0004038474029049305,0.12211481752516413,0.0053372509556301895,0.07760093264787102,1.0051877752081964,0.0
2020-02-03,0.0019146313929289966,-0.0023119041970751826,0.12044583628440411,0.01193760715892813,0.08490059654900724,1.0041753709098078,0.0
2020-02-04,0.006616232233176023,0.020415803225321435,0.1281226249743998,0.026091884766583067,0.10064090866967973,1.0045423254531216,0.0
2020-02-05,0.01892438442426533,0.028089894607043343,0.1329301393117045,0.03638276044241393,0.11248143845603113,1.0057032521463793,0.0
2020-02-06,0.019043945237161575,0.034265340783766245,0.13221829588108935,0.03828363738225155,0.1153812174628827,1.006815573494201,0.0
2020-02-07,0.03202467922051863,0.023605875376882628,0.13362473950292977,0.031444170462206864,0.10861970944763463,1.007173234789526,0.0
2020-02-10,0.03206106056737128,0.024285259251098583,0.13400581925290406,0.03771720702894958,0.1160239123181485,1.0079698046077932,0.0
2020-02-11,0.018665942181166757,0.028898510211298228,0.13320469157927414,0.038142821878560114,0.11710058034786941,1.0086390307105875,0.0
2020-02-12,0.013606890657433672,0.028467422752537684,0.13298953146311016,0.043239338181759984,0.12340476822220411,1.0095809431642015,0.0
2020-02-13,0.00917968271964205,0.02892549425314475,0.13287389862753257,0.040392625098832145,0.12132428971470666,1.010117640710763,0.0
2020-02-14,0.016123936662397996,0.028268761673823948,0.13283857768845136,0.04016068540413794,0.12218798937030131,1.0105480782105813,0.0
2020-02-18,0.006106762364945838,0.01740475979940941,0.1310077644023812,0.03577030094818165,0.11837251542894922,1.0105534059595975,0.0
2020-02-19,0.009145195696032582,0.01906674919837573,0.13149766786451492,0.03894284753828068,0.12281544508288231,1.010819420021646,0.0
2020-02-20,-0.0013940429501585316,0.01691034829420865,0.13230004177734805,0.033175876238560525,0.11730708945101745,1.010570167452884,0.0
2020-02-21,-0.010678066924684822,0.006437792641583423,0.13784053728522883,0.021212267875690666,0.10489107382242668,1.0094262746065936,0.0
2020-02-24,-0.04600649973845985,-0.028436246413891357,0.1812638605286754,-0.013286678698617183,0.06755726380819242,1.0057776236400207,0.0
2020-02-25,-0.0741971915384513,-0.05027404842445689,0.206760778995033,-0.043172687085502995,0.034692705867080655,1.0004848212124593,0.0
2020-02-26,-0.08265194633025233,-0.037799550894581764,0.20072406665191772,-0.04645389414908083,0.030418037117601826,0.9960194103520142,0.0
2020-02-27,-0.12448691135672173,-0.09417623663105246,0.24710756382075402,-0.08826030718130279,-0.016196062061705343,0.9890889766324048,1.0
2020-02-28,-0.11834555941945976,-0.09756003087967977,0.2467541755171167,-0.0908831272915702,-0.020603206530782726,0.9833872361506102,1.0
2020-03-02,-0.0422226495021696,-0.058405025530839004,0.2950692266485771,-0.05099315210539075,0.021336712060901653,0.9822691796121119,1.0
2020-03-03,-0.04050198553374887,-0.06913066600091256,0.3043804520077324,-0.07715741083300182,-0.008179158745395649,0.9793448240458277,1.0
2020-03-04,0.0043564930536267865,-0.035357689233883965,0.3397574068377972,-0.037984886603289664,0.03297953835895674,0.9804603134389294,1.0
2020-03-05,0.01650123882132823,-0.08429123004290026,0.35133994340877006,-0.06891790273197025,-0.001730391144819033,0.9789106279419313,1.0
2020-03-06,0.004042471580047485,-0.11244194372389761,0.34922322067939005,-0.08296811475820502,-0.018476290167134826,0.9766333078637504,1.0
2020-03-09,-0.11966503748717687,-0.19711400825517744,0.43519648847269987,-0.15212618995130514,-0.09501848293377464,0.9690494241358345,1.0
2020-03-10,-0.04016450510842509,-0.14131985032985628,0.482115982002917,-0.10634562006794554,-0.04835228400371272,0.9670480065167969,1.0
2020-03-11,-0.1313146040662639,-0.19873335386751917,0.5014928119805319,-0.1473469892817293,-0.09467783199695254,0.962071637078728,1.0
2020-03-12,-0.198076814868942,-0.301033987093009,0.5901013745203351,-0.22541347010534293,-0.1809177094277595,0.9513598185297271,1.0
2020-03-13,-0.09937939364468676,-0.22542822802601808,0.675546396105559,-0.1564293864169485,-0.1108240914000916,0.9490713881559468,1.0
2020-03-16,-0.13395362266431998,-0.34024731363913946,0.7658936705976548,-0.24471351826825435,-0.20766080315371663,0.9394899693918718,1.0
2020-03-17,-0.13181889943078162,-0.2892626864230359,0.8004120796599563,-0.20042853087544935,-0.16462472725107916,0.9360483333663916,1.0
2020-03-18,-0.1338022813134539,-0.3386423975459189,0.8099320465089455,-0.23687565521269852,-0.20652038518325824,0.9301926964682248,1.0
2020-03-19,-0.03111045059806775,-0.3412896333871094,0.8091230130791537,-0.23123442431420804,-0.2043605254192934,0.9262984923826066,1.0
2020-03-20,-0.15718907425325185,-0.3812232593291114,0.8133906861101209,-0.2599019273932697,-0.23803318278793129,0.9207502550905728,1.0
2020-03-23,-0.06720284145070352,-0.3967720881651582,0.8132949182159063,-0.2740441713387116,-0.25682032369997077,0.9152060706584306,1.0
2020-03-24,-0.03305719672169456,-0.27631338340627065,0.8891246514275186,-0.20408983588183804,-0.18896233273673896,0.9178836420033889,1.0
2020-03-25,0.0337619406719888,-0.23068326533547887,0.8917819804019829,-0.1879621891584666,-0.17632093597311868,0.9220012317400705,1.0
2020-03-26,0.08838766626927345,-0.1702500207875836,0.9220730354727855,-0.13689346170830605,-0.12790777131369624,0.9306144087204562,1.0
2020-03-27,0.10219986673411653,-0.15453648123827313,0.9155304198619382,-0.158550304369742,-0.15347090657849458,0.9357335091215689,1.0
2020-03-30,0.1600600537572106,-0.11836647498848786,0.9256160195664205,-0.12732125890660803,-0.12565596026371595,0.9430454145020075,1.0
2020-03-31,0.05831135837760653,-0.17577937552649453,0.9093006827224646,-0.13616536667954532,-0.13831841888523497,0.9482178711174253,1.0
2020-04-01,-0.002596432493001649,-0.19277771229473165,0.9160531446597344,-0.1704144956647104,-0.17658269942130622,0.9492435368010844,1.0
2020-04-02,-0.036532041065547936,-0.21113855490675834,0.9054836059768875,-0.1468106330491543,-0.1570928977400798,0.9523770531235516,1.0
2020-04-03,-0.02085354596192842,-0.1918912660215298,0.9015682155873632,-0.15446821623378162,-0.16873381554844563,0.9542245484224782,1.0
2020-04-06,0.012193610634470282,-0.11021533593406507,0.9366831253321914,-0.09384976229669809,-0.11252806899749701,0.9614111819853487,1.0
2020-04-07,0.028230316289925457,-0.027884021749392217,0.8949315706948608,-0.08940709120683467,-0.11126039697023636,0.9675646357826516,1.0
2020-04-08,0.10729617373535064,-0.04531703345095592,0.884196048007472,-0.05553448877598757,-0.08119373738122179,0.9754993160881866,1.0
2020-04-09,0.0995860530092397,0.01976210216874528,0.8684492772781942,-0.038078285169809226,-0.06708490971503533,0.9832426643197654,1.0
2020-04-13,0.10497374243122459,0.11115929127863679,0.7878110998986211,-0.04354663996455408,-0.07544154428847269,0.9886994739328214,1.0
2020-04-14,0.06903327637551845,0.058197334086140126,0.7428945083867854,-0.012867980543101573,-0.048121561638005315,0.995520248673019,1.0
2020-04-15,0.04653745154556532,0.15260705246049305,0.6136352563832427,-0.030844695294379706,-0.0681788302689413,0.9990821331560215,1.0
2020-04-16,0.01833221672919419,0.10483408270901984,0.5910818736368133,-0.02289431887114604,-0.06349468188367027,1.0022650890214133,1.0
2020-04-17,0.02988681692260317,0.18345120040480234,0.5574183628698963,0.006623487533201463,-0.03810925291655062,1.0069296873005382,1.0
2020-04-20,0.02128366274297901,0.16355340461968354,0.5646080513828033,-0.0075956145048524226,-0.05485526258239486,1.0089998095290846,1.0
2020-04-21,-0.03861625074115095,0.176770157598241,0.5510108643461564,-0.033831435194548135,-0.08323171569978109,1.008021210247143,1.0
2020-04-22,0.0048121532176170975,0.22462204712881367,0.5382447919363043,-0.008625967232361392,-0.06267732558760589,1.0089267541195406,1.0
2020-04-23,-7.149439549149406e-05,0.1378197850352229,0.46238937549536874,-0.004863739681578499,-0.06253062904083789,1.009523636665416,1.0
2020-04-24,-0.012886015027823534,0.13680324470499,0.46217291737744287,0.012797853857808964,-0.04928622298175135,1.0110027957916312,1.0
2020-04-27,0.01920435838429385,0.09437009673470391,0.42602194062493076,0.030945868765798336,-0.03545394984313758,1.013198378498292,1.0
2020-04-28,0.04542873050006854,0.119999021364193,0.4085892964741692,0.029896197339736683,-0.03972279348082752,1.0143726619251356,1.0
2020-04-29,0.04931906275405568,0.11388105612565877,0.40416338277904956,0.06003253693880453,-0.014535319941219751,1.0172440877607416,1.0
2020-04-30,0.040036525252478694,0.11954495191009507,0.40101804525085144,0.05365872291494266,-0.023632863727090732,1.0184957588891261,1.0
2020-05-01,-0.0006367158042300848,0.13876296139376154,0.3744189712404298,0.029662965122952398,-0.049314653203076535,1.017083302534298,1.0
2020-05-04,-0.012197035957344626,0.11870510184290722,0.36990052643257465,0.036122280214858166,-0.04652044102298858,1.0160020173024087,1.0
2020-05-05,0.0016087167966953135,0.14246128412281675,0.362627210035702,0.04832611826994456,-0.03760697282465999,1.0157102834348801,1.0
2020-05-06,-0.031034816610743435,0.07065262888044505,0.29667714823499247,0.043250664584839706,-0.04398445311467112,1.0147534364433142,1.0
2020-05-07,-0.009686129374009027,0.08162850624616058,0.2980170889950291,0.057547183101480937,-0.03232185046400645,1.0147993879564563,1.0
2020-05-08,0.0335553673928925,0.06502215505130342,0.2827242117415111,0.07530914284850193,-0.016237409239037444,1.0159953622913387,1.0
2020-05-11,0.031005417774698122,0.05012446660836565,0.2794437447715488,0.07569004930402456,-0.015987329605378325,1.0167540706965272,1.0
2020-05-12,0.0016758557616834945,0.03916339745327564,0.2876166038104121,0.055850522976207566,-0.0354262382826839,1.0155256129949002,1.0
2020-05-13,-0.009366487212361926,-0.007747134707435332,0.27744269966337765,0.03846847048302415,-0.052242288107623124,1.0129716656573395,1.0
2020-05-14,-0.009464678825674283,0.025626375874920976,0.26942112174974553,0.05292019758651574,-0.04071980774423329,1.0117650954051323,1.0
2020-05-15,-0.021289454877387155,0.02540048344472208,0.2693843102490239,0.05888795976528939,-0.036202934660630605,1.011051940489009,1.0
2020-05-18,0.008510496321058356,0.02874814600682083,0.2735857987084781,0.0911995265955893,-0.0069238859651439295,1.0127963586424162,1.0
2020-05-19,0.018319171907807325,0.03619890661810395,0.26818069356070057,0.07844832854907395,-0.017187088080611413,1.0131638664376486,1.0
2020-05-20,0.05300899325982311,0.08387810929353873,0.2451171474064957,0.09594385987226925,-0.000784050526422328,1.0146673456340884,1.0
2020-05-21,0.03418463260488298,0.05499885526218685,0.23879300276290008,0.08660292920978001,-0.007874082005261135,1.0151004965681152,1.0
2020-05-22,0.03149540718002489,0.05696738502023846,0.23861083923962056,0.08476645510605223,-0.006188539744786423,1.0154147681854542,1.0
2020-05-26,0.013735951530742752,0.05537011256538711,0.23773461971825596,0.0956106259817038,0.005887838953624308,1.0164746439094539,1.0
2020-05-27,0.03882952940465472,0.05582407763846482,0.23802063943330695,0.10663531968887423,0.020573531231290913,1.0183153109139986,1.0
2020-05-28,0.020137248073278623,0.05858662686674881,0.23714862408691498,0.1004493048714685,0.018360290575990645,1.019376027647367,1.0
2020-05-29,0.031510986725785894,0.03719077923391706,0.2220447430961801,0.10010031594225414,0.022618843116001,1.0203345593407154,0.0
2020-06-01,0.03364771813681769,0.05057857790457745,0.2184064770188244,0.09926598099542996,0.02630416284890037,1.021168167234552,0.0
2020-06-02,0.02964818122489615,0.08565500959451335,0.19136504240566782,0.1020812037086478,0.03431958655806992,1.0222397297084005,0.0
2020-06-03,0.02809922799583359,0.09612034159164304,0.19387037968474377,0.10966372424632034,0.04759661379766331,1.023894278188245,0.0
2020-06-04,0.02731576118627526,0.08429367125632875,0.19464695482151856,0.10140814329182292,0.04443328920782644,1.0246752507952632,0.0
2020-06-05,0.04817684212020545,0.11640243796486593,0.20373409745379648,0.12386850538986,0.07059727617721137,1.0270773619600129,0.0
2020-06-08,0.05615795811774131,0.1164226653963278,0.2037421802161528,0.13251082863880767,0.08289878528971788,1.0296098551698767,0.0
2020-06-09,0.040427198453430284,0.09252684065505114,0.20449720647138356,0.1187836857733532,0.07423186506830617,1.0305875369329158,0.0
2020-06-10,0.021611520699605275,0.08672644451655019,0.2069707868978921,0.10810841529075106,0.06754981059771903,1.0305174102549786,0.0
2020-06-11,-0.035135817167916195,0.04748199832672906,0.29208457824473566,0.041126967801624274,0.005720490848090992,1.0253787768336966,1.0
2020-06-12,-0.04853829378683473,0.07723063139039314,0.28436063913011,0.04937483239619661,0.017394984696111622,1.0219929391285922,1.0
2020-06-15,-0.051261095218593865,0.07462624900340821,0.2835541612994309,0.0551514154571263,0.02650538507017306,1.0198258185804354,1.0
2020-06-16,-0.02471119496735609,0.0891051005650822,0.2886093912702606,0.07069474881262486,0.045829258799900435,1.019430535587719,1.0
2020-06-17,-0.023278258264773113,0.05493768993071873,0.2740855267622761,0.06284382889149848,0.04107332535055866,1.018559434330643,1.0
2020-06-18,0.036484112966972085,0.06564693938589382,0.2701978234203464,0.059880708444151456,0.0410311728276255,1.0176940882952505,1.0
2020-06-19,0.018848168038365868,0.043069806168935895,0.2670541373266128,0.05125260397691279,0.03472839778549676,1.016353834075998,1.0
2020-06-22,0.015951106138233688,0.05639272253675893,0.26539287898551583,0.055578030014489896,0.04104162296751148,1.0156291721604143,1.0
2020-06-23,0.0014789619281237011,0.05908865531318102,0.2654562855218456,0.05773452369174213,0.04548661602811102,1.0152507606198196,1.0
2020-06-24,-0.020198306875485125,0.021003431524490863,0.28075031313342425,0.02924986561860977,0.018617489356125227,1.0127226507570513,1.0
2020-06-25,-0.009919638934071766,0.01689777104716734,0.2785649471940003,0.03811915702984648,0.02927819528026662,1.011441034006635,1.0
2020-06-26,-0.028226184733520107,-0.005293626637862824,0.29153146906541383,0.011946599329193845,0.004735864861286617,1.0084131240145762,1.0
2020-06-29,-0.02003081286116525,0.004850922949807785,0.29567977374016846,0.02550002268406042,0.019348080908551522,1.0070895292523763,1.0
2020-06-30,-0.011895659709353225,0.013545277467010109,0.29860811876263527,0.03668046164074429,0.032177947598306424,1.0069865906517086,1.0
2020-07-01,0.020924563346565186,0.012279813646159907,0.29823419182972666,0.04123457804398703,0.039125937203525314,1.007386499710624,1.0
2020-07-02,0.015752864537008773,0.004551407588342527,0.29529566006286423,0.0445621463950401,0.04454779676212229,1.0080564307241218,1.0
2020-07-06,0.05511024902521994,0.022500861201081867,0.29962980103474396,0.05791309638254383,0.06028537678684516,1.0097301309393893,1.0
2020-07-07,0.030152341357588836,-0.013173577812808819,0.28855230513364033,0.04476724633697963,0.04902350383656107,1.010079525222483,1.0
2020-07-08,0.025043974331682223,-0.01756870631904897,0.2865205471466375,0.05063247651701698,0.05665191053433464,1.0108512741212725,1.0
2020-07-09,0.012354047952243138,-0.015793336855027238,0.2860671460719465,0.04257923917391251,0.050273719329315236,1.0108657677178678,1.0
2020-07-10,0.017021201819901816,-3.891129136092929e-05,0.28790620271361855,0.05143503299486067,0.06053425337887099,1.0115714783678782,1.0
2020-07-13,-0.006994927055636301,0.050641751313361766,0.1946294689200896,0.040564500850720345,0.05097026089111845,1.0112856670945398,0.0
2020-07-14,0.016248490619399494,0.05161320659342541,0.19525457303688185,0.05145209995796104,0.06412127118446244,1.0119704863881849,0.0
2020-07-15,0.017773821089326996,0.051466209988871886,0.19519039719244635,0.05835371632436842,0.07334417083323352,1.0131076114975062,0.0
2020-07-16,0.02018412395607379,0.029101982068402643,0.18638055062470926,0.05238631804441799,0.06930103494279267,1.0135717583287125,0.0
2020-07-17,0.012920224204773997,0.03615957117818618,0.1853339158400403,0.052763309916875625,0.0718137386950319,1.0140093718923688,0.0
2020-07-20,0.029665931049164214,0.0438235693955539,0.1865349594342517,0.05864521847298446,0.07974538007838197,1.0148398397072746,0.0
2020-07-21,0.018915685012954944,0.05168072356801449,0.18435855523298122,0.0585585689398822,0.08134170990636967,1.0154851213314828,0.0
2020-07-22,0.015446463897584277,0.050961567748222476,0.18418194187049158,0.06211797654686915,0.08682886681152548,1.0162673464077503,0.0
2020-07-23,0.006742100705562783,0.03436512084584172,0.19058412910308142,0.046890577331471006,0.07324930002645785,1.0157148185000004,0.0
2020-07-24,-0.0026144340960064564,0.053743443957664845,0.165562713984562,0.037423172874455436,0.06568728019221133,1.0145830096742072,0.0
2020-07-27,-0.0033972777319488355,0.05034593059767683,0.16387694880156095,0.04232649747066997,0.0728115989050935,1.0141119581999718,0.0
2020-07-28,-0.011885393250809813,0.06802151505072478,0.13722156447621417,0.03330696318629935,0.06543569311803367,1.0130707567639257,0.0
2020-07-29,-0.005337694035470053,0.06565468657391768,0.1349812733699116,0.04390514055287019,0.0779436933213036,1.0130869336785977,0.0
2020-07-30,0.003091598624525485,0.049352379179720435,0.13215358920946235,0.03796314313762885,0.07352008612562935,1.0126596998704573,0.0
2020-07-31,0.017424088113567597,0.05024296872466726,0.13258208106885083,0.044098517177547626,0.08142739347810767,1.0128127640571463,0.0
2020-08-03,0.01708605934460003,0.05167912540526809,0.13309743949637556,0.04899561941338834,0.08831697754403066,1.0133430732807218,0.0
2020-08-04,0.027303400072251002,0.04021466609775585,0.12480896570438478,0.05063945270128495,0.0918828178233121,1.0139128721033632,0.0
2020-08-05,0.021271960324784556,0.056774305541113394,0.11722804524087056,0.05485916188653546,0.09796343779208523,1.0146967458912832,0.0
2020-08-06,0.03150824508090411,0.055816649928942315,0.11676804866950019,0.05974721682361907,0.10459317942795861,1.0156769763493492,0.0
2020-08-07,0.024355198163478326,0.06224411893590245,0.11302763629147192,0.05829929676934764,0.10465561803213573,1.016313954834601,0.0
2020-08-10,0.020411034273546895,0.05506895785891316,0.10996398491460618,0.05927833761801525,0.10722187486861154,1.0168606166918306,0.0
2020-08-11,0.008267570775366316,0.05547716392875846,0.10944240547689207,0.048642019268398916,0.09741355696346372,1.0164180812770194,0.0
2020-08-12,0.015921435970978018,0.05644725089269192,0.1106305494979421,0.061208716889428534,0.11197374444973852,1.0170014871741824,0.0
2020-08-13,0.0074498816304044615,0.045492710470019786,0.10907165228727744,0.05755959072159073,0.10926727410297679,1.0171089993129294,0.0
2020-08-14,0.006761616072963688,0.04882161105279234,0.10756913242202652,0.05581133025738932,0.10860314330730272,1.0169944813335743,0.0
2020-08-17,0.006949293082801794,0.049098026736940956,0.10759185690041645,0.057840959041656405,0.11142340379979412,1.0169624361632972,0.0
2020-08-18,0.017395954143516495,0.043207187023110744,0.10556822827304006,0.059008680252041264,0.1130946312794574,1.0169131119829316,0.0
2020-08-19,-0.000622785581194895,0.036908780298542075,0.10774910666077539,0.05342314048242365,0.10780974576981471,1.0163403031750173,0.0
2020-08-20,0.004295842784734136,0.03434208935716964,0.10693683463782275,0.05534018325108505,0.110611265443143,1.0159529770881937,0.0
2020-08-21,0.007807027884206969,0.04988653823143653,0.09482851168372645,0.05643477655422387,0.11387307677342631,1.0157499582704892,0.0
2020-08-24,0.014717707247015115,0.06643016807996253,0.0926964436636882,0.06448695713524019,0.12441422836516686,1.0162233110916152,0.0
2020-08-25,0.016052867154116045,0.06265733190917562,0.09150613600316203,0.06567037309183425,0.1275988207753151,1.0166850033699502,0.0
2020-08-26,0.03020097158058065,0.07899514512993255,0.08791208769028526,0.07396066105907638,0.13809633630803841,1.0176604299162424,0.0
2020-08-27,0.029276084757999414,0.06895586815063912,0.08244518572205037,0.0737851068413184,0.13975238122814132,1.018388814780395,0.0
2020-08-28,0.03217383210909712,0.07896877171600816,0.07918277740252946,0.0780515607633235,0.14624768092809448,1.0192635428069117,0.0
2020-08-31,0.01846256671173419,0.06746864667812912,0.08164348592152194,0.07146636552543785,0.1412584900339808,1.019420731146539,0.0
2020-09-01,0.02434374130445318,0.06991501386902876,0.083465651154455,0.07877970460893186,0.1511103173958555,1.020076720555635,0.0
2020-09-02,0.02872848497495311,0.08042023003263464,0.09181487359696805,0.09133440448053945,0.16679590151929702,1.0215249800448851,0.0
2020-09-03,-0.008475786867624895,0.03920812095822966,0.16235015116683799,0.05112839001194823,0.12594292150255873,1.0195645338015507,0.0
2020-09-04,-0.023112798588002706,0.024347728047101357,0.1649602656470583,0.04031602654476337,0.11610706739976635,1.0171556937218318,0.0
2020-09-08,-0.047186710273381935,-0.0040732617587311455,0.1929275272702408,0.00985788943831868,0.08513265433991885,1.0129061048357464,0.0
2020-09-09,-0.037006721587219724,0.01249725800826215,0.20455564555120903,0.027598804254597202,0.10594494147994418,1.010954260435645,0.0
2020-09-10,-0.06888276341127655,0.003269895845991775,0.21196807077756186,0.008199330826370858,0.08625389387640488,1.0079248225707473,0.0
2020-09-11,-0.03335388659525456,-0.010067201608002917,0.20606738878018002,0.007280569236031031,0.08635788817838498,1.005496384753183,0.0
2020-09-14,-0.012070171002477217,0.004827675414219676,0.21125059978606942,0.018936112079583897,0.10014611230180805,1.004560365635009,0.0
2020-09-15,0.020672341828955932,0.009837463997261098,0.21190264082474497,0.022660473155087502,0.10517565343264111,1.0041760561982758,0.0
2020-09-16,-0.0028586194369087095,0.0026893454885516463,0.21220027937007155,0.01707060896137906,0.10026699548155982,1.0035107411485422,0.0
2020-09-17,0.005823214565458406,-0.008302843732066311,0.21428153664259225,0.006936769661404036,0.09007861615771588,1.0022494891673304,0.0
2020-09-18,-0.006264937851788639,-0.015709353878596663,0.21743936808543604,-0.005704561395457986,0.07705574521395457,1.000323655448311,0.0
2020-09-21,-0.030542456277579094,-0.030010623648093555,0.21987286597985178,-0.017399912772708897,0.06469702248839218,0.9979325162320931,0.0
2020-09-22,-0.0254493356802689,-0.023418899567214768,0.2229149364208735,-0.008389126774949369,0.07511652122280202,0.9968684497889215,0.0
2020-09-23,-0.04493700871061468,-0.05696537046907815,0.23179620255095093,-0.03167586909892894,0.04994855703409421,0.9942355888932175,0.0
2020-09-24,-0.03344094859247425,-0.0577966594786566,0.23153351453770982,-0.0292657169053038,0.05248047189612063,0.9924317627472811,0.0
2020-09-25,-0.0058236936357293455,-0.051734019094906665,0.23662911048973712,-0.014117042821615113,0.0691284315291939,0.9923568577830262,1.0
2020-09-28,0.02184129433949253,-0.03744541406660044,0.24518739184447155,0.0014317112252187375,0.08643126439474157,0.9936990372801832,1.0
2020-09-29,0.006247366764882357,-0.04934536491142953,0.24361980658376228,-0.0045798161313985045,0.0801409780525487,0.9943847172248494,1.0
2020-09-30,0.03726520148428886,-0.03816273569652349,0.24594863176083484,0.0022967135465558524,0.08791381198467463,0.9955914807530859,1.0
2020-10-01,0.041002567155269565,-0.041137833627840216,0.2444542404259269,0.008038406905467721,0.0944784668813704,0.9971021824531248,1.0
2020-10-02,0.015424814913504128,-0.06503768915635563,0.23829339085279638,-0.002258499174408278,0.08372927569859845,0.9975514702937325,1.0
2020-10-05,0.016529498348288454,-0.012440128850687088,0.21833284240355832,0.014212298769809985,0.10247758442215653,0.9993468851523866,0.0
2020-10-06,0.00767304754715965,-0.018559518776267176,0.22201686819679578,-0.000980695392727227,0.08645050744469582,0.9996058756531274,0.0
2020-10-07,0.017376036293434982,0.026400010870293433,0.2077552260385293,0.01514469344890235,0.1049213709530735,1.0012025811845073,0.0
2020-10-08,0.019800490589514108,0.015669378548893623,0.19898792599334456,0.02292545260671355,0.11422445098939472,1.0031527537465164,0.0
2020-10-09,0.038230707889744024,0.04207578214466494,0.1892390330239828,0.03057721367600944,0.12362531608199773,1.0053631610429423,0.0
2020-10-12,0.036612629344828354,0.05752638708939582,0.19517707269487028,0.04546607334166188,0.14107217382649442,1.0083340220741015,0.0
2020-10-13,0.0443829198065696,0.03789357203277965,0.19390918641555216,0.03724944276220398,0.13304154586702704,1.0100101356644018,0.0
2020-10-14,0.020823123418767606,0.026550792460105103,0.19549924965141435,0.02956164122231945,0.12535059974548646,1.0106865316074345,0.0
2020-10-15,0.01076276396141834,0.029290761947220672,0.19480291916531,0.027273126054353166,0.12341130630858149,1.0109897393974796,0.0
2020-10-16,0.001267584856510374,0.0375201524357169,0.19141466494881765,0.025785258184626646,0.12224208633830297,1.0110498484178143,0.0
2020-10-19,-0.030011856255658196,0.03377946868552627,0.1951087633311693,0.00966673304513891,0.10474915431305692,1.009743889278978,0.0
2020-10-20,-0.019466685456198368,0.04896934285416037,0.18956878653749507,0.013163994683716339,0.10873905591223375,1.0089281666742111,0.0
2020-10-21,-0.015058463874201577,0.03694166426617243,0.1879039547047802,0.010574578553597246,0.10620127730042334,1.0080363508979115,0.0
2020-10-22,-0.00835138505838197,0.06587638559945339,0.16420345591842106,0.0156080566219179,0.11182523405407709,1.0076829117781312,0.0
2020-10-23,-0.004357277077569086,0.06660382395062206,0.16419627613829185,0.01843830622416489,0.11517275643682959,1.0075895450969594,0.0
2020-10-26,-0.0076901525858473815,0.031913009735408226,0.17364891830931337,-0.000611549148412022,0.09424174197036693,1.0059457460265053,0.0
2020-10-27,-0.015141340056790926,0.011986708457876916,0.1655596058624481,-0.004154088791141126,0.09020735563660834,1.0043168592417642,0.0
2020-10-28,-0.048022714727616767,-0.017328417226326692,0.20537431772671322,-0.03758828647237263,0.05288037404253718,1.0002854681105036,0.0
2020-10-29,-0.04338122552289278,-0.014770041407728241,0.20687518394995025,-0.027468619695489804,0.06347083068550817,0.9978874480329525,0.0
2020-10-30,-0.057250045419659425,-0.03164878862430692,0.20783400694194404,-0.03701714456823855,0.052379330551874256,0.9952100751372092,0.0
2020-11-02,-0.027451397071379148,-0.010963202249475045,0.2101010470964367,-0.025768399289840538,0.06412405882623205,0.9940239914186882,0.0
2020-11-03,-0.00649585875991605,-0.011038648650327585,0.21001930002991415,-0.008243980354459541,0.08274813238065674,0.994544643466177,0.0
2020-11-04,0.050383492486983414,0.025382027713497075,0.21764041662709901,0.013873448785313174,0.10664545659192222,0.9967952632741702,0.0
2020-11-05,0.05958638989405647,0.027440312192893248,0.21966013600282777,0.03339924268054017,0.12780626903169653,1.0001701987490474,0.0
2020-11-06,0.06983754986451378,0.018388270650692755,0.21798879590935596,0.032967163356432454,0.1270762898778881,1.0027800991863531,0.0
2020-11-09,0.07117865052924137,0.02198474039002231,0.22000164162288657,0.045614867239232554,0.14058408846850534,1.0058078281130105,0.0
2020-11-10,0.052209360164993356,0.004558082169837429,0.21329811741937535,0.04370499899345819,0.13833011350676735,1.007976296716747,0.0
2020-11-11,0.03750712123929303,0.018506229146220503,0.2131971841576704,0.051118504196268635,0.14614702526773107,1.0101783392699357,0.0
2020-11-12,0.008444230565036666,0.015061419339162312,0.21498631758561806,0.041109967439454095,0.13447877697270272,1.0109784135956208,0.0
2020-11-13,0.022422104725292234,0.030047611414566654,0.21949098217549146,0.054647847354046764,0.1494297501657633,1.012593689095654,0.0
2020-11-16,0.022340319634886523,0.04305747516839846,0.22257586282174896,0.066470241818013,0.16297415600395124,1.0147202698975974,0.0
2020-11-17,0.018414732767068284,0.05298467119256391,0.21535356517747337,0.05894422698429361,0.1560479508830286,1.0157577410344831,0.0
2020-11-18,-0.0010935184855479715,0.0368793961168709,0.22111355986265743,0.045105078611212726,0.14162076525661207,1.0153995600539476,0.0
2020-11-19,0.01285551594725784,0.04297539916062173,0.22085346944741616,0.04795419548605375,0.14590313281366804,1.0152790441155928,0.0
2020-11-20,-0.007765465395202416,0.030633531077746218,0.2225740038355475,0.0394017769610446,0.13754921756960647,1.0144545435872439,0.0
2020-11-23,-0.014193836665058628,0.03322091558090892,0.2230367775773453,0.04438928330354292,0.14386465111958963,1.0141226546187974,0.0
2020-11-24,0.00718431423211785,0.06785913801052915,0.21559334726746784,0.0597071054818662,0.16168886084573844,1.0149928351603803,0.0
2020-11-25,0.017748352885706434,0.06976908905936827,0.21494771898037984,0.056519771355262476,0.15934078203572907,1.0153690907192803,0.0
2020-11-27,0.01632857930306346,0.10732669319130195,0.16453216135219884,0.057664766099012194,0.16198688362345362,1.0157075122309507,0.0
2020-11-30,0.018763116954892932,0.09277787355553191,0.16666512866654484,0.05106218162721292,0.15630266904293746,1.0154288050676112,0.0
2020-12-01,0.023664272467467416,0.11413523346803577,0.1588490809393342,0.06015434227455523,0.16831419128908418,1.0159109399692827,0.0
2020-12-02,0.009780448852430425,0.10509098393433872,0.15783862230353,0.06014372492636213,0.17015136979404166,1.0162702028535453,0.0
2020-12-03,0.011051436350913489,0.0873163841701978,0.15200742098059555,0.05716295794138481,0.16918901977589657,1.0163371277142936,0.0
2020-12-04,0.016850603226963638,0.07379380393128218,0.13851156808538012,0.0634308266218169,0.1784923415155085,1.0168934706993125,0.0
2020-12-07,0.019230436725764532,0.05242192038723999,0.12710876444036992,0.058788204623362435,0.17511151103007386,1.0169612800709737,0.0
2020-12-08,0.01127434858381768,0.05557203218733966,0.12672582070682892,0.059698829357718045,0.1773890202073058,1.0170516419154458,0.0
2020-12-09,0.00016344747933067123,0.03407578088442801,0.12756868676204094,0.048125386328952156,0.16572135321105816,1.01619669163654,0.0
2020-12-10,0.00010890742270777107,0.03521593142791221,0.12728155062100616,0.045879820486156235,0.16398223661046804,1.0153146690111396,0.0
2020-12-11,-0.009644755720125438,0.026641926971863707,0.12588106497113863,0.0429129024354869,0.16124940155316245,1.0143541515690044,0.0
2020-12-14,-0.01207486708033685,0.03190282274186647,0.1213162614596126,0.03642479355727357,0.15495301638520795,1.0130792905917754,0.0
2020-12-15,-0.0015679053841790788,0.03158202207786834,0.12091318116137774,0.048658456425334826,0.16920455232804002,1.01300783400782,0.0
2020-12-16,0.009009323136684932,0.02074478438622642,0.11424638149379088,0.04820777351169797,0.1698967659258181,1.012926961864032,0.0
2020-12-17,0.01491286492796206,0.03171406358880599,0.11283782647568526,0.052193573460071745,0.17506378299386818,1.0131632517424773,0.0
2020-12-18,0.01208521121399817,0.039820656671409854,0.1036294918952584,0.046396602944514004,0.1689419265350386,1.0128717064481254,0.0
2020-12-21,0.01299056098895228,0.03203786778356091,0.10494713899199716,0.04132821802654797,0.16294612529896726,1.0122072770054302,0.0
2020-12-22,-0.0021252939755362797,0.03722219349753447,0.10118993833454346,0.03861410850733737,0.15944436992025354,1.0114119093645382,0.0
2020-12-23,-0.002794726340113114,0.03214389471117193,0.10005417210277674,0.03843602019705598,0.15868966619984293,1.0107302225247234,0.0
2020-12-24,-0.004488751933520179,0.02004099742316796,0.08579046662877408,0.04114921447053185,0.1609018148231639,1.0103843681576679,0.0
2020-12-28,0.008066342241283272,0.03013864602698669,0.08915135499936383,0.048546597909089044,0.1688930862138311,1.0106821251697578,0.0
2020-12-29,0.009738495507360995,0.02544778398785845,0.0897379273504128,0.04503612350828193,0.1641766059758944,1.0106366097515254,0.0
2020-12-30,0.012851416959912442,0.031310493502553986,0.08735456542107434,0.04467970616965322,0.16357998344463062,1.0105923960335959,0.0
2020-12-31,0.017020901262884476,0.025500523506589,0.08161822026839678,0.04810623216433835,0.16696813856482784,1.010843204583166,0.0
2021-01-04,-0.0005689346651187328,0.009691613905618804,0.09647341490835815,0.03224510694453569,0.14870255013537825,1.0098149595308066,0.0
2021-01-05,-0.002259857923740556,0.016827351752332645,0.09892502520047967,0.03771687904396415,0.15400027720080978,1.0094459937107458,0.0
2021-01-06,0.0056109627783162514,0.014208143539211064,0.09672140881729108,0.04221825170215399,0.15813945645400895,1.0095271109915553,0.0
2021-01-07,0.018933290953096826,0.03101334772988628,0.10763995411745961,0.055279825869959956,0.17281929279694352,1.0106730523657441,0.0
2021-01-08,0.01954666385448019,0.033772838777251506,0.10852751830782117,0.05867092265273277,0.17699679127679824,1.0119037522177623,0.0
2021-01-11,0.026490392712875854,0.03601855913916399,0.10600882573094929,0.04842450029132839,0.166887636209609,1.012174965471492,0.0
2021-01-12,0.019838264423297308,0.03655670875292218,0.105894530618965,0.04573966288941957,0.164827336186072,1.0122617763527824,0.0
2021-01-13,0.01656653249361881,0.040419431752955315,0.10539944988529253,0.045402093081444224,0.16578767444938644,1.0124037159452253,0.0
2021-01-14,-0.0016897486681838486,0.041398466142039285,0.10470126546847842,0.03890085681210239,0.15949941863969455,1.012087765954745,0.0
2021-01-15,-0.014690512245380198,0.020650231916050386,0.10068583480791536,0.029002769974364056,0.1487094724202082,1.0111151215221377,0.0
2021-01-19,-0.000105716095478426,0.026903519907000628,0.103435958221339,0.03500910282391477,0.15543298632356425,1.0108524215643968,0.0
2021-01-20,0.013427015888675894,0.035070859713636014,0.11128131445515572,0.047320574900099756,0.16894693815207176,1.0116306645400008,0.0
2021-01-21,0.011648601142677994,0.03998282168163513,0.10941252916500716,0.04624481759113062,0.16783064793097863,1.0121754513997259,0.0
2021-01-22,0.011611080277094265,0.04001898543018126,0.10938975251652684,0.04085125291458441,0.16156003164387941,1.0121720256668272,0.0
2021-01-25,0.022866882464296003,0.045642408355882666,0.10879552975257845,0.043149950624844786,0.16413181274675553,1.012345152945746,0.0
2021-01-26,0.013483267985002297,0.04318151423211603,0.10949066750400925,0.039905240675706534,0.16039760552394344,1.0122106342217452,0.0
2021-01-27,-0.025004658116548825,0.014554953530607363,0.14319404567556168,0.013243115556312992,0.13029045683393337,1.0099952584647696,0.0
2021-01-28,-0.017352245324422887,0.014564234115928975,0.1432004686827485,0.02079423511154639,0.13833758742629698,1.008822970356994,0.0
2021-01-29,-0.0340294100032023,-0.0037489200803820337,0.16041248730436225,-0.00013033170094439372,0.11394004816692654,1.006210086773899,0.0
2021-02-01,-0.021457270978184534,0.011333720417785687,0.1705045402372644,0.015572374779309436,0.1307694970579221,1.0053917434781041,0.0
2021-02-02,-0.005853586547076047,0.020307026422155514,0.17624415826549725,0.028445867021499996,0.14506379863313085,1.0058127874114755,0.0
2021-02-03,0.019676485554258872,0.03480037374998497,0.16799746307086336,0.027836706244438934,0.1441821098899004,1.0061379994775048,0.0
2021-02-04,0.02241456810933598,0.03923866014900551,0.17041656061881655,0.0377105033100632,0.1551688704787344,1.007233785612481,0.0
2021-02-05,0.046565444757947744,0.037205561899249465,0.1699462282381759,0.04001923840533648,0.15777406819011244,1.0083233108696428,0.0
2021-02-08,0.03725304158964453,0.029653471054333396,0.16461025603357254,0.04591250393359801,0.16413781412477566,1.009660962570216,0.0
2021-02-09,0.02254561563134289,0.02330597819901822,0.1640034362355508,0.04358761808092293,0.16144383901517073,1.0105367541258679,0.0
2021-02-10,0.021323944685176285,0.029633925722285404,0.1616233717522589,0.041575870201983126,0.1590986839717287,1.0110615919958823,0.0
2021-02-11,0.011636042765761318,0.031036438491469528,0.16156517805009968,0.0415788709462404,0.15910091313285432,1.0114726316831404,0.0
2021-02-12,0.012635703642155622,0.033274733047786276,0.1619622289213362,0.04515422594466475,0.16304790658222146,1.0120582796934208,0.0
2021-02-16,0.00457306988574487,0.03591628960826211,0.1611722600707744,0.04274640291172968,0.16022819301321686,1.0123042226587669,0.0
2021-02-17,0.005468908146005361,0.043465398590403784,0.1579321745251289,0.041476855703459964,0.1585561618354315,1.0123712990843259,0.0
2021-02-18,0.0016394544811479828,0.031379096298911814,0.15793600215381282,0.03581045050254548,0.1517428914341563,1.0119368105699202,0.0
2021-02-19,-0.0017417062164259921,0.015867716386367643,0.15179854569173373,0.03274886329233922,0.1478913450357875,1.0113174912946696,0.0
2021-02-22,-0.014391068786959192,0.0072350631181491,0.15460677067028034,0.02380579601101033,0.13728209140761663,1.0100867925831012,0.0
2021-02-23,-0.012310901341353899,0.01199430798981396,0.15397565792649512,0.0238461779788618,0.1369353940470035,1.009104458170156,0.0
2021-02-24,-0.0015813372928720048,0.01901717883323578,0.1577843927999935,0.03367566921697042,0.14772956975048254,1.0091082076853326,0.0
2021-02-25,-0.02170710941517825,-0.003811281101268729,0.1804698376905645,0.007833188586499585,0.11854207234377506,1.0070672091957615,0.0
2021-02-26,-0.0251055667661268,0.015766807736789675,0.15827381513109215,0.0017292943165281714,0.1111972050677465,1.0049800109238036,0.0
2021-03-01,0.006567002907389773,0.031154311349961758,0.17584477318404523,0.024847543858835603,0.13628179566584184,1.0051892118570476,0.0
2021-03-02,-0.002480318885032684,0.04354339910798357,0.1612031001535627,0.015891630933819095,0.1256891259870578,1.0046667835417626,0.0
2021-03-03,-0.026773904624008804,0.01370054518741151,0.16067944768826412,0.0018686566819762682,0.1091837576530923,1.0031476395068089,0.0
2021-03-04,-0.014835201054251039,-0.012792895608443723,0.15906554790143715,-0.010920174510187515,0.09409898196844256,1.00094237042505,0.0
2021-03-05,0.00856036792183501,0.00465069010436581,0.171949099953048,0.006442242569661426,0.11268652021962429,1.0006381602617518,0.0
2021-03-08,-0.020382004971067794,-0.01164226173044202,0.1679366730053462,0.0006709381582327144,0.10572705755096193,0.9999959875873455,0.0
2021-03-09,0.001628331186976301,-0.0013937144629878745,0.174987954323463,0.013916219227163039,0.11995710485062465,1.0006240501523818,0.0
2021-03-10,0.021168029474141866,-0.002384466928091155,0.17450284060495924,0.019128973055638324,0.1253358069818617,1.0016075638065243,0.0
2021-03-11,0.04370820813364701,0.008369696893860395,0.17801489835045703,0.02831279741061596,0.13513558748862683,1.0031738857171744,0.0
2021-03-12,0.026824562138186406,0.010151307557375927,0.1780166857046417,0.028483050897887215,0.1351199569309381,1.0044692884650746,0.0
2021-03-15,0.03776197016634934,0.014483665670146004,0.17899320760167264,0.03329947847919103,0.1402923872882213,1.0059112608567957,0.0
2021-03-16,0.022323079999487874,0.008293661894344375,0.17843002543215128,0.03081215687887868,0.1372932793801975,1.0068655138183797,0.0
2021-03-17,0.019521878554926736,0.012564341741090713,0.1786627496800182,0.03279603661238662,0.13960744848813936,1.0078063097070504,0.0
2021-03-18,-0.005222982417385518,-0.0023221936695304868,0.18632759352562583,0.016703662154365008,0.12162221919928355,1.0072722029662402,0.0
2021-03-19,-0.008420954088550711,9.089898767723043e-05,0.1858365187725514,0.01391633534798369,0.11822536257046548,1.006623021760945,0.0
2021-03-22,-0.006413419643703986,0.009811952242868007,0.1877102818958968,0.021229647027743017,0.12576252158760098,1.0066752387299673,0.0
2021-03-23,-0.013053292572841713,0.009631438108461851,0.18781052045034605,0.012691876635420176,0.11569873876686645,1.0060075202859198,0.0
2021-03-24,-0.021553765587555555,0.003321477494889054,0.18876049840957096,0.00701688801187868,0.10892467891683462,1.005010800085056,0.0
2021-03-25,-0.0012871605758864209,-0.0020280169525449063,0.1857898480731104,0.012041932713108406,0.11398389745061993,1.004619217749576,0.0
2021-03-26,0.016551422062841305,0.038349430465696784,0.17135397259973495,0.027420902596662577,0.13061045608968058,1.0055439198516973,0.0
2021-03-29,0.008092683673618492,0.043010202682613304,0.16971040484599573,0.025914140752307552,0.12842983716755318,1.0061612211151478,0.0
2021-03-30,0.01333836465781987,0.01640279985889195,0.15036971526687215,0.022119109009992956,0.12390896084260737,1.006358547292825,0.0
2021-03-31,0.02247983124158118,0.028281627621502922,0.14739582497843648,0.02525772291865066,0.12695439656074853,1.006764754353681,0.0
2021-04-01,0.02761118106626237,0.05235706873772627,0.14062011865085408,0.035366691311381704,0.13762681315153524,1.007871907553666,0.0
2021-04-05,0.02587566722161226,0.07906029874156008,0.13518027820511958,0.04896002828707081,0.15232534810504253,1.0098050371846836,0.0
2021-04-06,0.025790088382466714,0.06023992314324501,0.1251555163056235,0.04701672172204058,0.1500262565919453,1.0111473172864205,0.0
2021-04-07,0.029603325147896743,0.06638812997785648,0.12206443415739616,0.04696244778510227,0.14970538255694105,1.0121567276707057,0.0
2021-04-08,0.030293468188363547,0.05694676462289017,0.11553617965013421,0.05052615448835258,0.1535078388011807,1.0131861022848214,0.0
2021-04-09,0.026796142189727475,0.05798518145331188,0.11598693655281521,0.0560831584465177,0.16020656176708356,1.0144235343208097,0.0
2021-04-12,0.012909825503640409,0.048261916111553484,0.11310266580811665,0.05456071597307744,0.15881591768124498,1.01524684592079,0.0
2021-04-13,0.01645992284102596,0.04987528384608456,0.11306959691448598,0.055307109573215184,0.16046938133585745,1.0159494681289494,0.0
2021-04-14,0.01188208502360628,0.04050824483511343,0.11399429634721005,0.04974704728608171,0.1546426713962553,1.0160318988327188,0.0
2021-04-15,0.017831908492898077,0.052455593116300374,0.11724668016524241,0.0591017992988379,0.16516786732326885,1.016775283280992,0.0
2021-04-16,0.013924942008865519,0.052388244907250664,0.11724035290075864,0.06066138345682842,0.1672238837135085,1.0174279511434139,0.0
2021-04-19,0.008634976114260812,0.06211987464319982,0.10332261521602507,0.05382791139640806,0.1597333195132907,1.0173315649227266,0.0
2021-04-20,-0.0016725200261052398,0.05662371790853004,0.108186276612932,0.04474827543339719,0.14958072558876145,1.0164620756614429,0.0
2021-04-21,0.011166064831643164,0.058087729310460585,0.10919681238699157,0.05320095818605636,0.1587992636278883,1.0163496766330051,0.0
2021-04-22,-0.008693935891500413,0.05681494979764168,0.11084022521990947,0.04235291174649155,0.14658608082502333,1.015333714513825,0.0
2021-04-23,-0.0012469035267006125,0.0726951069681056,0.11040645722885356,0.05216811657804564,0.15734092640610536,1.0152288743769324,0.0
2021-04-26,0.005763709716880533,0.06917074493596678,0.1102173330218732,0.05286663786842268,0.15803909796978927,1.0151374798350727,0.0
2021-04-27,0.012896547542809169,0.0529688433884979,0.10057631462621565,0.05125316313996342,0.15612959413558422,1.0148720894797443,0.0
2021-04-28,0.0031914664594345126,0.0531865120962766,0.10049655170515955,0.049556653565981816,0.15410082831126076,1.0144685261462478,0.0
2021-04-29,0.018718659906979997,0.06219524504680181,0.09947567368273161,0.05470938001219118,0.15977514889429642,1.0144969300804796,0.0
2021-04-30,0.001342918262045644,0.051558193988570075,0.1047031272582306,0.046316088646411575,0.15058052335958197,1.0138197956734576,0.0
2021-05-03,0.001411820706517799,0.04297138457622221,0.10027247439201338,0.04702666138287955,0.15145726871322884,1.0133033965921,0.0
2021-05-04,-0.0045611489519650815,0.022532027214920567,0.09370928820614614,0.03901417254877452,0.1428184073746019,1.0122507037135269,0.0
2021-05-05,-0.0039608511168173705,0.023435572596992523,0.0935593150662594,0.0378077025265874,0.14168249410149006,1.0113112681650702,0.0
2021-05-06,-0.002359510581258578,0.030232409317646487,0.09651270536829648,0.04460454039756309,0.1492562628324536,1.0110831887155405,0.0
2021-05-07,0.01148413709397823,0.03274886289418476,0.09797798280072954,0.050058969160731985,0.1560512869943845,1.0113604800221232,0.0
2021-05-10,-0.0006219739065737948,0.015553268479920942,0.1033671856372488,0.03765661879488208,0.14305897122996847,1.010645800486019,0.0
2021-05-11,-0.003398352914970177,0.006223848796309982,0.10870881100046347,0.027074929297141902,0.13135682055381773,1.009250511272849,0.0
2021-05-12,-0.025185204348468392,-0.018209554592501828,0.1316885116508385,0.0042519406261095185,0.10602359908121947,1.0063629339202085,0.0
2021-05-13,-0.02119797038169089,-0.0028476460876506824,0.1385101205378791,0.014801909359194974,0.11789473370841995,1.0049619521186381,0.0
2021-05-14,-0.013211055239678113,0.001705899161608574,0.14378991782401282,0.028293364990991377,0.13359043750484662,1.0050208527450069,0.0
2021-05-17,-0.005807039365590043,-0.004178712894534619,0.14355594299210386,0.02400135036723868,0.12924217622903378,1.0048053357306728,0.0
2021-05-18,-0.0054952542775515015,-0.007906381595502332,0.14566751621176852,0.01360699243414386,0.11815843335292184,1.0038926507859838,0.0
2021-05-19,0.01335352546072298,-0.0031835091056736067,0.1437252502994281,0.009709517817416233,0.11392911396146628,1.0029248911977746,0.0
2021-05-20,0.012113257797841687,-0.0019004531214521572,0.14486580617747769,0.019220863819786913,0.12455607019138121,1.002985383476167,0.0
2021-05-21,-0.003944524031753737,0.00645531102135525,0.14110659085077795,0.017253121374669233,0.1223188215232144,1.00293302915192,0.0
2021-05-24,0.008745871740625386,0.00581406237279138,0.14052298999607926,0.026294914382567112,0.13240204389424884,1.0036724600354179,0.0
2021-05-25,0.015177710945507851,0.0015076196331249864,0.1406164674508399,0.022859757442042064,0.1285558148223294,1.0040295845573257,0.0
2021-05-26,0.019785323007525116,0.0037052663590423397,0.14076592436283236,0.02366506089877081,0.12946421201601047,1.0044217489253275,0.0
2021-05-27,0.009609694951884837,0.004517775370998165,0.1407603199213284,0.023036742234875934,0.12868383592077084,1.0047196641745086,0.0
2021-05-28,0.012215970823535307,-4.7378062089443876e-05,0.13913131753515798,0.023376604198889154,0.12938842317738686,1.0050418330236892,0.0
2021-06-01,0.0011922596389736936,0.005663403749719426,0.1371151050514981,0.02097333226376044,0.1270800645390374,1.0051649528584672,0.0
2021-06-02,0.0049846440816512,0.005080443008258384,0.13702899047566777,0.02120054163531732,0.12752996455422155,1.005327863870183,0.0
2021-06-03,-0.0007159587809171426,0.007550456530090275,0.13583044711170342,0.01596551971133992,0.12207010565968673,1.0050962319975056,0.0
2021-06-04,0.007863289219624016,0.01634191570743955,0.139165458364365,0.023515179280872173,0.13100138658846258,1.0055868988907675,0.0
2021-06-07,0.005105460518343084,0.007417593037512215,0.13678098375606387,0.02091545839787383,0.12856270397257485,1.0058278681965533,0.0
2021-06-08,0.006199694502086662,0.0003789611578278536,0.1344616316442632,0.019835876744075154,0.1274790267581866,1.0059661947333391,0.0
2021-06-09,0.003135495612931577,0.008837912527763751,0.12966627694561528,0.017043670637578737,0.12450519493808582,1.0058859473773083,0.0
2021-06-10,0.011491345665051333,0.02244015511011178,0.12576348370775509,0.020349671240590773,0.12845898524608676,1.0061275168742003,0.0
2021-06-11,0.0040383427032871224,0.045565462759195055,0.09537768474566517,0.02066013374976621,0.12905865817560136,1.0063783691482584,0.0
2021-06-14,0.007245217871005589,0.03586078129020869,0.08852950851544533,0.021733421145301704,0.13035803669506743,1.0066806238742216,0.0
2021-06-15,0.005196359759605557,0.018786376157111522,0.0742552793790797,0.01897226918832423,0.12708446634524978,1.0066922890287504,0.0
2021-06-16,0.0010903396892112636,0.015735291582565057,0.07674785195357543,0.012505803857929617,0.11966871194630518,1.0061764885330093,0.0
2021-06-17,-0.003878935739565996,0.024056473648097286,0.06891701563428924,0.011423733518577948,0.11816049484974737,1.0056755026333652,0.0
2021-06-18,-0.01911255832926006,0.01309937896921202,0.08503794322919107,-0.0025918652350309847,0.10208709861272995,1.0041410854330775,0.0
2021-06-21,-0.007134302145686491,0.016613221346680515,0.09095003229866634,0.011166241500110183,0.11684984137849044,1.0040202469773765,0.0
2021-06-22,3.334405475256472e-05,0.022764244243617823,0.09206700919779082,0.01594659913111145,0.12158861250967834,1.0043067212912964,0.0
2021-06-23,0.004426348850160768,0.011415768692100441,0.08620442808997647,0.01418227207867586,0.11897542660199263,1.004384564565656,0.0
2021-06-24,0.010656295937262805,0.01953505863985224,0.08750205703086072,0.01944827586358487,0.12415453768881567,1.004868626182385,0.0
2021-06-25,0.027784527689969092,0.021098583651656,0.08790561852423402,0.022476285830760515,0.12677989323955288,1.0054763524842958,0.0
2021-06-28,0.015584083946416884,0.022587610341212566,0.087954554801909,0.02396970077288901,0.1275850446937506,1.006050270100252,0.0
2021-06-29,0.010789898074246518,0.021338171494329036,0.08793368596507098,0.02384139247777749,0.12672713368000316,1.0064720755887269,0.0
2021-06-30,0.012837141623262958,0.023060650676389707,0.08766746459347963,0.023858379737158902,0.12627258758918805,1.0067946103966898,0.0
2021-07-01,0.012460264958166302,0.027010679516367344,0.0889939302571591,0.028753638882389985,0.13109097075791315,1.0074130444468345,0.0
2021-07-02,0.016529195034591097,0.03834373746716424,0.08962099946069768,0.03548899188581352,0.13824319894448495,1.00842598348502,0.0
2021-07-06,0.012691589471912217,0.027415910593500768,0.08637484931031056,0.032737024192705556,0.13465046596749453,1.008970796696529,0.0
2021-07-07,0.015682108414037325,0.031914819390023275,0.08628695431258153,0.03548748538560829,0.13706115937660865,1.0095769690948917,0.0
2021-07-08,0.006659288368059265,0.02352024454236231,0.0925606662600527,0.0263280687195676,0.1262126058042905,1.009280494294477,0.0
2021-07-09,0.011756079185789595,0.03563126308922536,0.09762249526121838,0.03632215820090549,0.13661914491936536,1.0097961396793143,0.0
2021-07-12,0.007716898988544672,0.034569290790657584,0.09728814591388328,0.03912483266924508,0.13893823237159006,1.010373675646001,0.0
2021-07-13,0.0061258107861280105,0.029503378676341653,0.09885493205239712,0.034615889180866326,0.13334932380799194,1.0104282132745224,0.0
2021-07-14,0.004088578661171527,0.028758180180189215,0.09880967031515245,0.03520544114426504,0.13340317056846285,1.0104698294155263,0.0
2021-07-15,0.008848622764622604,0.027172507547379352,0.09960722421294432,0.030667563615867137,0.12800584121713537,1.0101061808522254,0.0
2021-07-16,-0.00964411598080718,0.02489680741920692,0.10187753433382764,0.021762395082209025,0.11767139039916134,1.0090763781167231,0.0
2021-07-19,-0.028097748093611485,0.010350478436612095,0.11607913411686993,0.006326654337215759,0.09983093706133205,1.0069892180145856,0.0
2021-07-20,-0.01045436592981244,0.03816157107578927,0.11354003085997572,0.020249243641591752,0.11418426487673426,1.006400759020185,0.0
2021-07-21,-0.003881635549561325,0.03201084677631438,0.1068820178578484,0.027635226003134245,0.12169318619402399,1.0065121235404206,0.0
2021-07-22,0.0016318216521348508,0.028770985144761643,0.10601348447359357,0.02868772434796013,0.12260286229602499,1.0066920995377684,0.0
2021-07-23,0.019741711984884183,0.04021217055393034,0.10984980262093856,0.03751331150830843,0.13256656629548175,1.007580871069622,0.0
2021-07-26,0.0370717687137888,0.03676595121313808,0.10891997984301885,0.038489202311028946,0.13383042498358466,1.0083849631695836,0.0
2021-07-27,0.018275017954025488,0.028652061339845665,0.11084468899860456,0.03259931127165283,0.12722948521010463,1.0085467757443916,0.0
2021-07-28,0.009801342723654674,0.026228105553552167,0.11098364887852291,0.030979842598392607,0.12538476404724608,1.0085413489084896,0.0
2021-07-29,0.01184788274173577,0.029828969812250895,0.11139311137759121,0.03379561690856522,0.12872034966557366,1.0087711685236145,0.0
2021-07-30,-0.0032557623570677484,0.024119266573599623,0.11350309870222741,0.027377491110292966,0.1219147886305098,1.00845831901286,0.0
2021-08-02,-0.007807908335889473,0.01649777791908231,0.11287226668800499,0.024086569781440748,0.118225114432438,1.0079482117327623,0.0
2021-08-03,0.004862817019683874,0.01698568332493844,0.11325621918424367,0.031087897003451045,0.1259216342774344,1.0081073878327305,0.0
2021-08-04,0.0003414226723499822,0.013877938753989936,0.11466921101925145,0.02500109884145629,0.11902043823138057,1.007742607976709,0.0
2021-08-05,0.0025159401691798085,0.01666280156739338,0.1159453395245991,0.03029523464880588,0.12462482507590666,1.0078744799491037,0.0
2021-08-06,0.009035436771421266,0.026495414976961625,0.11126391933173868,0.03080601869026921,0.12501123815081952,1.0080192451547219,0.0
2021-08-09,0.010321443960662214,0.01506314269395493,0.10607775167456995,0.028806821328411072,0.1226246690124469,1.007974281029076,0.0
2021-08-10,0.003461935207815427,0.012730719544209195,0.10559246966184292,0.028936882120367498,0.12257076731094414,1.007946850081852,0.0
2021-08-11,0.010875123621136382,0.018627251588998306,0.10473548258197363,0.030273454769046842,0.12391086185396481,1.0080329679051852,0.0
2021-08-12,0.00755462812272651,0.02012885102894836,0.10497349161832246,0.03210806122930213,0.12572036288514443,1.0082480487505912,0.0
2021-08-13,0.007721631266091936,0.02536842347843096,0.10378129149525712,0.03262073653154843,0.12618350075853874,1.0084669374796214,0.0
2021-08-16,0.010887554534916173,0.03559481320967828,0.09841173559655574,0.03381927980573566,0.12707299511664946,1.0087292330984934,0.0
2021-08-17,0.0030676968939434834,0.043896164531764155,0.08393353424539288,0.025940157584970865,0.11802719386045574,1.0083053409159575,0.0
2021-08-18,-0.010419552919640744,0.01866206459917,0.08346947342584517,0.013854905736566284,0.10417582111981041,1.0070021384640888,0.0
2021-08-19,-0.011865088128765479,0.012145398449744204,0.07936288925290674,0.014507257957958692,0.1043138578416129,1.0060240728307304,0.0
2021-08-20,-0.0057573863252391826,0.01797921550105692,0.0832430125266307,0.02158423969333346,0.11155333360305811,1.0058212142168517,0.0
2021-08-23,0.0006485636928677766,0.016501664917661873,0.08127958793758372,0.029415940019720505,0.11982305348032819,1.0062986666216638,0.0
2021-08-24,0.008811546612139858,0.015635942430115218,0.08111112485409767,0.029907787241320153,0.12017763191659973,1.0067266892321094,0.0
2021-08-25,0.021913170301514465,0.022300216946658975,0.07886548671698786,0.030845388041585448,0.12109140282987732,1.007152170519569,0.0
2021-08-26,0.014445487379841835,0.016789543105931365,0.08239278645761393,0.023560210548287865,0.11314596732094767,1.006926611013219,0.0
2021-08-27,0.015420732883229824,0.021552065642550973,0.08637992541594716,0.03130869442160982,0.12169930842745487,1.0073855162993315,0.0
2021-08-30,0.011050958905106377,0.030808386179835997,0.08434848072468239,0.034076556247950245,0.1252390455845869,1.0080124484286541,0.0
2021-08-31,0.00798213923022342,0.03142598999622811,0.08404596878068427,0.031096994099323642,0.12214613284647692,1.0082895324207863,0.0
2021-09-01,0.006417193089424339,0.023854593016399438,0.08056786265599424,0.03029501683617993,0.12138335066546531,1.0084527691220713,0.0
2021-09-02,0.015409769564656606,0.031857889998237986,0.07769264506356839,0.032025058412017256,0.12351571696220195,1.0087297326409301,0.0
2021-09-03,0.00626581080516138,0.02530193627853254,0.07589175022759455,0.03046128311028252,0.12190325818454356,1.0088253920111747,0.0
2021-09-07,-0.0017040817571009675,0.02006886765131376,0.07764871940075921,0.02561754505389846,0.11652330329695729,1.008510634547784,0.0
2021-09-08,-0.001440812268913015,0.019663733766652876,0.07777764238174638,0.023278015251298703,0.11382721389338252,1.008068847937228,0.0
2021-09-09,-0.006261236140662799,0.014131421667921215,0.07983650654633066,0.017915274939075406,0.107726638555864,1.0072881522027894,0.0
2021-09-10,-0.017249093343226257,0.003733673033875345,0.08483658478413678,0.009094128699245294,0.09774923671616433,1.0059649267386908,0.0
2021-09-13,-0.014450244543966175,0.0032970636118398572,0.08466737041461568,0.01093693657490687,0.0993766123447483,1.0050627608358829,0.0
2021-09-14,-0.016279449603855863,-0.003932213218634038,0.08656262894256105,0.005005918889615324,0.09229559164162153,1.0038692342828637,0.0
2021-09-15,-0.006741996889694809,0.0020341823420418938,0.09111540220818354,0.012715468070366219,0.10022739085305701,1.0035506997358543,0.0
2021-09-16,-0.00403960167394774,0.007024123100029989,0.08810013475461417,0.01052898411323044,0.09728354800168419,1.003134188696489,0.0
2021-09-17,-0.005912399868978402,0.008240826084537686,0.08620734829230528,0.00014782318293804413,0.0855198730447923,1.0019954709413117,0.0
2021-09-20,-0.025283244215392395,-0.01012109247478706,0.10461047347716687,-0.016524942904870565,0.06647090621230418,0.9997586593843072,0.0
2021-09-21,-0.020816976627223614,-0.01899180352061847,0.10004062922881671,-0.017362277376551733,0.06452165657251097,0.9979288850091174,0.0
2021-09-22,-0.019427879229371326,-0.018042260580197207,0.10124300902043616,-0.007941682495962284,0.07394135332586724,0.9972780697946284,0.0
2021-09-23,-0.0057642903214732664,-0.007551713833583135,0.11053165886058153,0.0037328662613002913,0.08593483587801197,0.9977591252113165,0.0
2021-09-24,0.0056702379134812055,-0.008002106303495574,0.11041652271399324,0.00490604875434494,0.08667337361644098,0.9982932281319422,0.0
2021-09-27,0.019620123305908066,-0.004946456548720827,0.10898299204920621,0.0014563298673121888,0.08249284439821118,0.9985020340685198,0.0
2021-09-28,0.00020735416685013774,-0.03420518223699816,0.12415127802989886,-0.019173400285633056,0.05974457071534852,0.9970717126004112,0.0
2021-09-29,-0.00781808800261247,-0.03691130748791605,0.12284586316334323,-0.017734179224587976,0.06057944804583983,0.9961128921885316,0.0
2021-09-30,-0.032192819303171936,-0.04772667236697849,0.12813968974359694,-0.029563501665454142,0.04672788793655828,0.994438187306868,0.0
2021-10-01,-0.022024383034551197,-0.03644368242747111,0.13691131459791928,-0.018038092172583658,0.058266897947263294,0.9941125684895041,0.0
2021-10-04,-0.03213932562865524,-0.05249555174203267,0.14103915448619808,-0.03026753687680059,0.043810358881796053,0.9929007385103416,0.0
2021-10-05,-0.0014306101849919945,-0.04190160322715153,0.1477881941930989,-0.019888846448099188,0.05382379196748924,0.9928433505454787,0.0
2021-10-06,0.0010350613765725495,-0.034172164354242536,0.14916178758083815,-0.01569473188894495,0.05731223936076102,0.9932083815425491,0.0
2021-10-07,0.02194143028006934,-0.024344429817996137,0.15332740204525575,-0.007240121383301076,0.06549022311186216,0.9942594364780339,0.0
2021-10-08,0.008301718967215094,-0.02188072731959322,0.1529307359374765,-0.008988669283277666,0.06258974195795777,0.9950021556811071,0.0
2021-10-11,0.01401555029666389,-0.02123090810214253,0.15257887466644363,-0.016055572448351187,0.05399292125567488,0.9950617674872115,0.0
2021-10-12,0.0012000802397190698,-0.026251278443466287,0.15209040538976748,-0.01836307936970853,0.05053014194854138,0.9949686140976999,0.0
2021-10-13,0.0006437361669123227,-0.01724897858347435,0.15218415655386294,-0.014628018910255173,0.053459476117204204,0.9952379590058567,0.0
2021-10-14,0.008715892076661387,-0.008886540851639941,0.1610130275630203,0.0017231805933135892,0.07021238556874873,0.9968416184610828,0.0
2021-10-15,0.01812832343306437,0.00028719778741889343,0.1632975484113661,0.009099914573632737,0.07735347696037514,0.9987463338198814,0.0
2021-10-18,0.028350656505128455,0.013032148271964328,0.15958395448530646,0.011807508916105883,0.07953973587996598,1.0004890178784727,0.0
2021-10-19,0.03850015839858564,0.03753212417051176,0.14800472143009546,0.019155738233776184,0.0867475734687607,1.002469139926773,0.0
2021-10-20,0.03882904225872496,0.04239704030247422,0.14783254699275028,0.022643266077073343,0.08990322895953957,1.004305020399212,0.0
2021-10-21,0.0247532979936053,0.03529463637133668,0.14520234371055787,0.024790453602940368,0.09164593584801514,1.0058993160863248,0.0
2021-10-22,0.01612956575689372,0.022181053865785876,0.14039865240751165,0.02329246183527587,0.08949618666100473,1.0069903798447521,0.0
2021-10-25,0.018521759463242297,0.025883669821725415,0.14117827749543624,0.028266763665151864,0.09431295697212755,1.0081944492877104,0.0
2021-10-26,0.011736269163116276,0.029648270027719963,0.1404017406362884,0.028708454071225555,0.09423412208597386,1.009111209691764,0.0
2021-10-27,0.0033760797765918383,0.04556576591221592,0.11840974449938585,0.0236282136882048,0.08835675078906828,1.009361809748943,0.0
2021-10-28,0.010373852210542642,0.05348657658449179,0.12114594959765297,0.03254849381948743,0.09777633282083326,1.0102249950395112,0.0
2021-10-29,0.013437719592499123,0.06781159276145694,0.10853550752589004,0.03367519520924892,0.09889243273555169,1.010943269177051,0.0
2021-11-01,0.00980792825910449,0.05771598111538111,0.1040138070757455,0.034610463057365315,0.09962522142431716,1.0115150146595095,0.0
2021-11-02,0.01294325570595389,0.0747308513623291,0.08688525185929202,0.03804326989983838,0.10292541233309689,1.0121533858581901,0.0
2021-11-03,0.023470161033320266,0.07046653713052818,0.08388882619915713,0.04352814551959278,0.10854014812436039,1.0130029553667186,0.0
2021-11-04,0.018569082503750788,0.07102059771167003,0.08397664366716333,0.04753167846366356,0.11261786606037309,1.0138947793195434,0.0
2021-11-05,0.020005384671808145,0.06587554715319574,0.0818051757957719,0.05004958299530274,0.11529057722162629,1.0147080891998117,0.0
2021-11-08,0.019140157030125362,0.06855441917829136,0.08026957708418708,0.04999927071628442,0.1150714005833444,1.0152382246042846,0.0
2021-11-09,0.011794494612081914,0.07250979567774712,0.07470812889164936,0.045751643243850566,0.11023335198287017,1.0152047462582052,0.0
2021-11-10,-0.0023700483128214845,0.06689640857798762,0.08244065471027769,0.0367119440754913,0.10008826185464441,1.014351888706197,0.0
2021-11-11,-0.0067480818482047265,0.06362877969655298,0.08301318562777624,0.0364257208612418,0.09927310753244868,1.013545196551344,0.0
2021-11-12,-0.0026929916944498236,0.054466663382084536,0.06889686579705942,0.043523267601313066,0.10624779342019433,1.0133616666377923,0.0
2021-11-15,-0.003203969295059408,0.04722212645016759,0.06682052926833205,0.043144678384366184,0.10538566287868535,1.01309050723913,0.0
2021-11-16,0.00405682132820109,0.04821596050081975,0.06704145458999244,0.04637375733853931,0.10856227466114896,1.0130446192954767,0.0
2021-11-17,0.009702501181202285,0.03809875136060427,0.06594600335299339,0.04296361199431797,0.10469525784188687,1.0126613822923147,0.0
2021-11-18,0.012769599485521421,0.03756933692334943,0.06575822612783866,0.04547252166169794,0.10730692502971655,1.012487686168985,0.0
2021-11-19,0.003461038026886803,0.03317440341536604,0.06682492240248977,0.042448582753408196,0.10422111925301909,1.0120632056153087,0.0
2021-11-22,0.0002994848791769899,0.03139204557245085,0.06797949816110074,0.03847887280519746,0.10006542024439573,1.0113660264665207,0.0
2021-11-23,-0.002325387050035562,0.027368813987541894,0.06651880519493106,0.0386822972904468,0.10046629430458782,1.0107958307805545,0.0
2021-11-24,0.0027730014974380024,0.029135483694925992,0.06666509199528654,0.04039414648037192,0.10232732261005427,1.0104390533256604,0.0
2021-11-26,-0.02317325339088684,0.011020003755870752,0.105083827109597,0.016594031852238553,0.07683110523797995,1.0082490719049697,0.0
2021-11-29,-0.009191247215401857,0.013609303989421536,0.10823770319777089,0.028007645579165897,0.08907219657344051,1.0074037062641865,0.0
2021-11-30,-0.026021612376195255,-0.008067286396243522,0.12884325610992498,0.0070459596320008875,0.06704270205923704,1.0051052289765428,0.0
2021-12-01,-0.038516119233325714,-0.02095523350488831,0.13383135684894457,-0.004881651729069477,0.05442637457501591,1.0023702207421044,0.0
2021-12-02,-0.025982438785568544,-0.009790210796596437,0.14430091249038055,0.009488231868596656,0.06969394727236983,1.0013879603426357,0.0
2021-12-03,-0.012166045590967269,-0.02461620286841678,0.1449558015494606,0.00025241802935721677,0.05955419969722773,0.9999122730173784,0.0
2021-12-06,-0.012584313451377182,-0.017544091965706436,0.1505296309077369,0.011434660538539775,0.07115775601914939,0.999686668613187,0.0
2021-12-07,0.027539014411993752,-0.0005336566560579202,0.16725486175972681,0.03119030502253824,0.09223668340299347,1.001157465558296,0.0
2021-12-08,0.04135262230305099,0.001257231768037321,0.16748832334276004,0.032293101818125024,0.09408824744683443,1.0025074270568382,0.0
2021-12-09,0.01937818005851414,-0.0022065253501642144,0.16879133866316845,0.023887287966080358,0.08559187349878396,1.0029872470134418,0.0
2021-12-10,0.03748699045361525,0.015240835898019946,0.16922782722374477,0.0316412938836715,0.09461279949320836,1.0040832968182603,0.0
2021-12-13,0.016815377538330137,0.006019367420828425,0.17248753301049244,0.02105566825974583,0.08389843738676171,1.004176624545972,0.0
2021-12-14,-0.010562179549772446,-0.008402844511380543,0.17210345806491195,0.012492255507653508,0.07543490078425144,1.003650465151355,0.0
2021-12-15,0.0022977307550858025,0.00675893181818253,0.18072597418465602,0.02663000991571916,0.09106267541678964,1.0044395264009354,0.0
2021-12-16,0.00021463216376146205,-0.006048714514603844,0.18291879631696056,0.016177905432060657,0.08027157558071883,1.0042940630716592,0.0
2021-12-17,-0.019854949154629185,-0.014316614437811523,0.1863499405280287,0.004363906012451962,0.06776571028370575,1.0032796579223118,0.0
2021-12-20,-0.021647461306101356,-0.028397693370794355,0.1888400461397057,-0.007124955801304083,0.055452430300552545,1.0016033981474057,0.0
2021-12-21,0.0028594279866423905,-0.00900445455162496,0.1998994480629949,0.00919093670827768,0.07318819155503296,1.0016658938265532,0.0
2021-12-22,-0.002695799027555741,0.003763647911449795,0.2028471885694215,0.017702818997518736,0.08287416982454211,1.002494195740075,0.0
2021-12-23,0.012364487628222436,0.008641160163654151,0.2038953679264781,0.022391174354045196,0.0885753212963024,1.0036135806470148,0.0
2021-12-27,0.03711750494745765,0.02002788901220812,0.20922767846938062,0.03522706713622628,0.10285372604052119,1.005587637232924,0.0
2021-12-28,0.04699042207104755,0.04176598209114003,0.19122853646004043,0.03292202971470936,0.10086276429665912,1.0069953237624205,0.0
2021-12-29,0.030665796750627222,0.030852589414404122,0.18759410322379963,0.032818228931157815,0.10116821066733496,1.008115827137264,0.0
2021-12-30,0.017948353738919415,0.047733614026564467,0.1721257304969037,0.028756892922980094,0.09705969178977156,1.0086716267796045,0.0
2021-12-31,0.0092222039404663,0.05637948333744616,0.16611899790735882,0.025095168972588233,0.09317869570675096,1.0088016351635352,0.0
2022-01-03,0.0009424347435061644,0.046952762541282826,0.16027738564150404,0.029887561502716438,0.0983440885995518,1.0092664827810782,0.0
2022-01-04,0.0014249595820129916,0.0553569872641203,0.15560219220920324,0.028389004328647018,0.09685580093712193,1.0094948085216957,0.0
2022-01-05,-0.019242439769823552,0.024194463095957748,0.1693798298012774,0.008015545384958904,0.07477257656401633,1.008015452557431,0.0
2022-01-06,-0.017414087557335284,0.002780512057235427,0.1541609331372781,0.006480219845255581,0.0727255562154977,1.0066905710733465,0.0
2022-01-07,-0.018851929582955895,-0.0038250685485607255,0.1545026333785081,0.0019090157793689277,0.06750259332782688,1.0052626961064464,0.0
2022-01-10,-0.025870198611371305,0.001704383871397386,0.1527068235158325,0.0002842003328017209,0.06527822507041865,1.003985011368038,0.0
2022-01-11,-0.016468354604141054,0.001401642206364003,0.15247823288673337,0.008869912694209217,0.07402358427085193,1.003658394044234,0.0
2022-01-12,0.005620626517047743,0.01299971207467536,0.14914314723773608,0.011050902455224507,0.07594098140262585,1.0035764437323274,0.0
2022-01-13,-0.00731381507057759,0.00602887653643029,0.15539713739806804,-0.0030618624703043864,0.060242399965867575,1.002368902597039,0.0
2022-01-14,-0.0029434470707287034,-0.009066246374375225,0.1452379740977125,-0.0027235740744034264,0.05985274474330394,1.0014272700006055,0.0
2022-01-18,-0.01956684846616054,-0.018077096758524612,0.15486025161024664,-0.020015538191228723,0.040440457550987366,0.9992676848035702,0.0
2022-01-19,-0.039071574295774236,-0.017814982934781048,0.15465293912428302,-0.029560476972422683,0.029054581558069646,0.9967645480820614,0.0
2022-01-20,-0.05290140016198812,-0.018254226781211396,0.15501222048474925,-0.03945369152849099,0.01715304085850237,0.9939671853594091,0.0
2022-01-21,-0.058852757541512674,-0.05568330899172477,0.15302477189843391,-0.05718422779967562,-0.00319463308978742,0.9903048120489175,0.0
2022-01-24,-0.05502419577734376,-0.061394643124163234,0.14830531365872107,-0.0522763658557408,0.0006691343771566739,0.9878426340397922,0.0
2022-01-25,-0.049439917620275886,-0.07988150200702293,0.14779710435660665,-0.06272924748503668,-0.011850559796569834,0.9850870359346547,0.0
2022-01-26,-0.04151402276361291,-0.09644651064585161,0.1329760201167023,-0.063777835103981,-0.014605504805552403,0.9828786116572985,0.0
2022-01-27,-0.035334345181805116,-0.10057899403406406,0.1322664350973217,-0.06700781692267298,-0.019737200851624986,0.9809386671210564,0.0
2022-01-28,0.00902335930283375,-0.07732574643951823,0.1659479847816187,-0.04277282998841113,0.004263036453870465,0.9815301039401186,0.0
2022-01-31,0.022636644531066973,-0.056706352332015666,0.18197645498689707,-0.02483113829765068,0.02192388283853907,0.9836230630640853,0.0
2022-02-01,0.041654871341853604,-0.04744883460563562,0.18489216740518832,-0.017597525439714205,0.02833996150928863,0.9859918457774326,0.0
2022-02-02,0.05383400450734211,-0.04355494088201565,0.18749742084198154,-0.007628337961380787,0.03774888670053962,0.9887893279770914,0.0
2022-02-03,0.03499848322358939,-0.06700547039248766,0.20180860433802641,-0.03014021038837418,0.012958423817789565,0.9892004657959812,0.0
2022-02-04,0.015157852138634294,-0.04292545453106039,0.19456517462775957,-0.02482366028395083,0.017254094778637888,0.9900179580266376,0.0
2022-02-07,-0.005907589592313699,-0.045199854366994086,0.1945620920720659,-0.027084844702722998,0.013591214965311545,0.990516189160814,0.0
2022-02-08,-0.004447315270682442,-0.03304422029336216,0.19766997100416328,-0.018805477539166088,0.02149732960170651,0.9916682624669089,0.0
2022-02-09,0.00041538063223345995,-0.017269361638410877,0.20540245472711463,-0.0042093334093529,0.03592971012969917,0.9938363872400633,0.0
2022-02-10,0.006071959780293509,-0.04446515600805309,0.2104473745145318,-0.02190154860809989,0.01690346709864767,0.9941487258198853,0.0
2022-02-11,-0.01853482730855443,-0.06708090835666256,0.2183578937365724,-0.04083488159610254,-0.0034255068115886097,0.9928873323590015,0.0
2022-02-14,-0.018595061535787848,-0.05648110083220433,0.2148850762007578,-0.04327161322112517,-0.006974196132314465,0.9917177077913194,0.0
2022-02-15,-0.010791337856743622,-0.04089211107937707,0.2242968739063535,-0.027599736836973168,0.008674468197008631,0.9921541579042569,0.0
2022-02-16,-0.02420090386853493,-0.02190341704078527,0.21683499345507148,-0.026060380387738277,0.009404502910402419,0.9926744459578035,0.0
2022-02-17,-0.027664884839420655,-0.03305846655169951,0.22616719029697308,-0.04563385384938773,-0.012441724001596998,0.9914604921774375,0.0
2022-02-18,-0.014245452128047745,-0.028424960322722185,0.2242621068866212,-0.0504181715447651,-0.019050375039051343,0.9900920792123656,0.0
2022-02-22,-0.021760410637123237,-0.019388753927814896,0.21694919202514917,-0.05916251433580351,-0.02970517214748599,0.988283945511778,0.0
2022-02-23,-0.05565629948615049,-0.0415242147881838,0.2237584732774601,-0.07393932967582516,-0.047004620639501754,0.9856048202135083,0.0
2022-02-24,-0.04183940392551602,-0.014302903346025403,0.22779295549189885,-0.05848869215189516,-0.03286148569397891,0.9848043714591959,0.0
2022-02-25,0.0015774554669953644,0.010033011678908771,0.24056943030109573,-0.03669943563140586,-0.01192836885915752,0.9860670690458561,1.0
2022-02-28,0.005511986493493249,0.012421371352576184,0.24003212890518108,-0.03779511757908623,-0.014794461417874478,0.9870110215773443,1.0
2022-03-01,0.0009543036532331985,-0.02745780957741545,0.2294355260226693,-0.05099257343901975,-0.029991216166651423,0.9866840236502339,0.0
2022-03-02,0.03708081951838346,-0.027080039800867307,0.22983637185789135,-0.03259613400630367,-0.012442168740572091,0.988021779415354,0.0
2022-03-03,0.017152963288246177,-0.03880481139963283,0.22826236775534836,-0.036591823684527125,-0.01766705317936135,0.9888084529265315,0.0
2022-03-04,-0.01282882192859941,-0.056629814757032756,0.22526440766291403,-0.04311205491160598,-0.02592693929233476,0.9889046211181519,0.0
2022-03-07,-0.04018970344855346,-0.06276681531956667,0.2333612020355651,-0.06933149223275407,-0.05473001215278794,0.9867651955389286,0.0
2022-03-08,-0.03245286171838371,-0.07506852343443346,0.23214777108933402,-0.07415441102704055,-0.061954076016607726,0.9846339512427787,0.0
2022-03-09,-0.024223821062005265,-0.04539627127055888,0.2544154736325574,-0.04721881449813912,-0.03693879664953982,0.9851908534764005,1.0
2022-03-10,-0.023758982489248813,-0.058116478618199206,0.2516927475182012,-0.04934309147909012,-0.04141061607745381,0.9854360153762833,1.0
2022-03-11,-0.028397854647217183,-0.0854430500364834,0.24576147912703808,-0.05901683402483841,-0.053654253023437765,0.9847847745262055,1.0
2022-03-14,-0.005810248897977657,-0.07464902399783782,0.2407744209546233,-0.06341124262504375,-0.0605900179067141,0.9838664918806027,1.0
2022-03-15,0.023552272400579867,-0.03298142372529917,0.24824840119825164,-0.04071294729066156,-0.040043464712047214,0.9850372124008112,1.0
2022-03-16,0.01902656275077519,-0.007774646983995843,0.26109257389299034,-0.0175798680760419,-0.018979313862623727,0.9878885733198629,1.0
2022-03-17,0.035985664019919705,-0.01133947674153589,0.25855638076205545,-0.0036495272020846273,-0.006984421704534464,0.9912711809070288,1.0
2022-03-18,0.0596755575953059,-0.0015665885726425782,0.2615461661199754,0.008287213080199968,0.0035383668864254173,0.9949073623214166,1.0
2022-03-21,0.0667179575745745,0.019733818416157314,0.2496006568930022,0.009003946851423932,0.002936031124994827,0.9977801438570366,1.0
2022-03-22,0.056599444366317406,0.03786347276906597,0.25069401760940624,0.02150915331264291,0.014295423164549678,1.0010017971439515,1.0
2022-03-23,0.021705457779120592,0.03569122143224798,0.2521774150771873,0.009283439730464466,0.0009281258871445133,1.0024445793884256,1.0
2022-03-24,0.024234166084448415,0.068550988829063,0.24560678746283984,0.02532819545811825,0.015623549610686502,1.0047611413738882,1.0
2022-03-25,0.01821270453009528,0.05848551988296872,0.24202818636321705,0.03112737683735001,0.020185750020596468,1.0069098196262978,1.0
2022-03-28,0.025593086197536363,0.0437494491466983,0.23262283779290518,0.038801669922906824,0.02701290781087467,1.0090834663901438,0.0
2022-03-29,0.026254584698259448,0.05860607097383217,0.23456983426667244,0.05173550593721107,0.03922851891895468,1.0116796503361225,0.0
2022-03-30,0.03302245971476245,0.06775937749377724,0.22769409542748917,0.04506853135118306,0.03234957696414354,1.01305270129028,0.0
2022-03-31,0.00254938706018144,0.03401955637086097,0.22967299680134354,0.028923000404700427,0.016059921966251785,1.0127135512102396,0.0
2022-04-01,0.0005078176028915095,0.04184037419761405,0.22843119088799782,0.03148411612950644,0.018522202440696106,1.012528629247633,0.0
2022-04-04,0.0019500536202628482,0.05852832469556057,0.2263937108337995,0.03936523921209395,0.026717233346976187,1.012926825107197,0.0
2022-04-05,-0.023056622309654936,0.07573915211273068,0.20154923738874342,0.025650905702685946,0.01335815650523463,1.0120650365715484,0.0
2022-04-06,-0.026912371798003057,0.0732998674141579,0.2034281557169274,0.014776692996773477,0.0029148265678912533,1.0104524519849911,0.0
2022-04-07,-0.006374897451988924,0.05186847998087731,0.18571672246239895,0.019115117957262066,0.007625729050088738,1.0094696471421924,0.0
2022-04-08,-0.011882488909156967,0.053716867777705894,0.18494821166579045,0.01557530349811066,0.004631247100469465,1.0083787901146062,0.0
2022-04-11,-0.03765258946327168,0.04927358987950606,0.19016315411137447,-0.0017532017639467223,-0.012733765546403838,1.006067657351964,0.0
2022-04-12,-0.02865318001043477,0.05289622100027357,0.18824372421924002,-0.004990307199975282,-0.016557424250358006,1.0038939648363847,0.0
2022-04-13,-0.007214938273491386,0.04253265674008663,0.17804938344768434,0.006782604778658717,-0.005514275864417615,1.0030422246150739,0.0
2022-04-14,-0.024771143473248672,0.008070773756853453,0.1693082666200729,-0.004933475858677119,-0.018050457201994063,1.0013506830760712,0.0
2022-04-18,-0.02168248810078691,-0.003951284343000716,0.16355228826807014,-0.004196167603423308,-0.017775924594755382,1.0000396773088396,0.0
2022-04-19,0.011571039412862399,0.001169071697062568,0.16880113773138633,0.0119830088356919,-0.0020944743938010133,1.000282141923839,0.0
2022-04-20,0.014541610374834356,0.0007198738005334372,0.16881998359233907,0.01128625642187848,-0.003013263468295421,1.000409517053381,0.0
2022-04-21,-0.011913350877458928,-0.0259801385036897,0.17102767178644587,-0.003315564948280957,-0.018008102611716918,0.999308770087258,0.0
2022-04-22,-0.027206050645811053,-0.040840734668078194,0.19050273810608298,-0.029334887549563336,-0.04494580892993151,0.996280645039955,0.0
2022-04-25,-0.021836379209481373,-0.050021829636930505,0.18273257231028675,-0.02284271904291485,-0.039379059205999774,0.9943850139556488,0.0
2022-04-26,-0.06723847811429448,-0.0842821109473272,0.2030119378659972,-0.05014591134491744,-0.06702474120796734,0.9906870793540132,0.0
2022-04-27,-0.06368879951542457,-0.08856201191242749,0.20058998905898745,-0.04658745447515152,-0.06425370858945484,0.9880828225869857,0.0
2022-04-28,-0.02367672476518438,-0.07591144796713352,0.2177631385510557,-0.02174906248760694,-0.040572536796043224,0.988106901798197,0.0
2022-04-29,-0.03350988886349886,-0.1073730832463395,0.24767660113658077,-0.05646752542492372,-0.07583690837119232,0.9853282199656261,1.0
2022-05-02,-0.033289312665806446,-0.08586052936291838,0.24750797758783089,-0.04986419315610673,-0.07014198425641173,0.9837557258386644,1.0
2022-05-03,0.0006725846633021107,-0.0841173438869166,0.24819466443608493,-0.044786135610750503,-0.06583315023651207,0.9830491610550685,1.0
2022-05-04,0.027863366944380956,-0.06264869858830938,0.2718701063752668,-0.01573383105219527,-0.0374085738598662,0.9850580325992552,1.0
2022-05-05,-0.03327224814870351,-0.0861270738061821,0.2937414438246389,-0.05041993962567621,-0.07145014609144507,0.9839434692230091,1.0
2022-05-06,-0.0016033208380804853,-0.08206403228641693,0.2930410795935498,-0.05541013358892196,-0.07678673810177579,0.9827751038909897,1.0
2022-05-09,-0.04014548605002195,-0.11963111796095142,0.30716542632070326,-0.08404503782200996,-0.10596922855564617,0.9795407454403006,1.0
2022-05-10,-0.042411321436095294,-0.11464617641385492,0.3082662434759531,-0.08039795986206348,-0.10352519379315324,0.9773751524790097,1.0
2022-05-11,-0.08842360847088263,-0.11341971759592034,0.3077044446360696,-0.0935070829693116,-0.11735047609638673,0.974681971949103,1.0
2022-05-12,-0.053277920888343114,-0.11075181468409045,0.30802754380421804,-0.09260218557098368,-0.11785344052721634,0.9727387536734298,1.0
2022-05-13,-0.023664744301566364,-0.09851383831449191,0.3190874424597206,-0.06950349445338537,-0.0964115519778114,0.9733256606882793,1.0
2022-05-16,0.004810201349988438,-0.09004977313771431,0.31781209841589547,-0.07195735057295104,-0.09973220932731218,0.973761869718544,1.0
2022-05-17,0.02286433363499945,-0.07009935467806858,0.3288515315459012,-0.05243592098297391,-0.08095490690256628,0.9760057964613542,1.0
2022-05-18,-0.0022687616571642408,-0.12725951866594698,0.34565302103272283,-0.08965770211708661,-0.1175563480388684,0.9748089154703797,1.0
2022-05-19,-0.00736777185852329,-0.1326611969174481,0.34511188706343776,-0.09369083271059742,-0.1225139904007174,0.9736607198322795,1.0
2022-05-20,-0.03055791352953259,-0.11715840096656557,0.3443372612334623,-0.09183575479816908,-0.12165792946761385,0.9730711634016945,1.0
2022-05-23,-0.007954745085947346,-0.07079846757785062,0.34405316054393825,-0.07390048547348853,-0.10480766537378852,0.9743504401569149,1.0
2022-05-24,-0.03597941938716166,-0.08424239485574887,0.342696353994659,-0.08003345079087851,-0.1112011054496153,0.9750369799655556,1.0
2022-05-25,0.013963435836606553,-0.04605760471504595,0.3324432466639601,-0.07071265383365494,-0.10293369620295635,0.9765479710523074,1.0
2022-05-26,0.039890988679405125,-0.02908140872261842,0.3407584383852636,-0.050858746089724426,-0.08465654635717723,0.9795815284402595,1.0
2022-05-27,0.06370730731682318,-0.02977436888455801,0.34009157442799537,-0.026443639820434687,-0.06191553784063798,0.9841669935838568,1.0
2022-05-31,0.03954318876939334,0.0022546100550415718,0.3142035371723097,-0.030470093838892445,-0.06687721441174435,0.9874739504035575,1.0
2022-06-01,0.03908489514778154,-0.011868187042160888,0.31467384682667066,-0.03673797403472743,-0.07407931285411555,0.9895474376475629,1.0
2022-06-02,0.04915309829240311,0.0024229089140550483,0.3214358465776527,-0.016905180302795437,-0.05620849780648712,0.9928224917707588,1.0
2022-06-03,0.01282117437631049,-0.04412360129068889,0.3070302571807114,-0.03152195764384711,-0.0714419590757636,0.9941243994974145,1.0
2022-06-06,-0.008391029239687348,-0.004893149975541848,0.2811322348683012,-0.02679597080287578,-0.06836398225199718,0.9954556007509535,1.0
2022-06-07,0.006781986193517238,0.010639917086639299,0.28227368481368204,-0.01574196369285521,-0.05917982307462363,0.9973203796413329,1.0
2022-06-08,0.003971812176336957,0.03224911118419803,0.25939528795406275,-0.02437833279389751,-0.069074763961214,0.9979294900091127,1.0
2022-06-09,-0.03896304942279459,0.005871180927355758,0.2740846808445684,-0.04485731295807326,-0.09078114295086354,0.9965228233495618,1.0
2022-06-10,-0.05183957444756454,-0.007539567267370796,0.2877270665716325,-0.06950146449398861,-0.11659698719283396,0.9931716721848238,1.0
2022-06-13,-0.0935876389414417,-0.045202868028640444,0.31695368473111724,-0.10154331122772808,-0.14949333944040602,0.9876669757856629,1.0
2022-06-14,-0.10615182978492459,-0.07184716839671892,0.3027701374130261,-0.10084476707498267,-0.151363446003468,0.9832073241765925,1.0
2022-06-15,-0.08106476405646373,-0.05362585422225415,0.3088009448360933,-0.08460947927837054,-0.13859428301980067,0.9809307331422855,1.0
2022-06-16,-0.09065014427600257,-0.10764329698364625,0.31492778538115346,-0.1112845145615741,-0.166340891541752,0.976780353080095,1.0
2022-06-17,-0.05907259868924949,-0.06434340429945604,0.2870082868602443,-0.1059413708934997,-0.1637838211270018,0.9738952725279116,1.0
2022-06-21,0.004496925309888617,-0.03333817086022854,0.30249561928727975,-0.08020845524896852,-0.14202968389874762,0.9738022355082184,1.0
2022-06-22,0.00570030332836074,-0.035588951538825596,0.30240635371650937,-0.07865600582509223,-0.14287591542866812,0.9738727093070062,1.0
2022-06-23,0.0012993767152906458,-0.04437173242101616,0.2964748820051596,-0.06687051021922656,-0.13380905734666773,0.9749802408460889,1.0
2022-06-24,0.06625426819654229,-0.00540960939994229,0.3172767983642699,-0.03499579861044236,-0.10571092186480857,0.9786358364749556,1.0
2022-06-27,0.06027412496645305,-0.018032715169609557,0.3157477478515863,-0.03616314922081314,-0.10857395624085163,0.9814345335291244,1.0
2022-06-28,0.014767695956955169,-0.058461463582678494,0.31349546644640175,-0.05326204843513204,-0.12620164817146284,0.9821912269137233,1.0
2022-06-29,0.015767499643463842,-0.08352875921218493,0.2978943067882515,-0.05140259187838059,-0.12631178097765658,0.982920178292216,1.0
2022-06-30,-0.0021444372876317074,-0.0860593584780412,0.2981996543776925,-0.056007182711350675,-0.13280522232264597,0.9830395775321605,1.0
2022-07-01,-0.022922768640909346,-0.06741727318863319,0.3019988454980784,-0.04307525974293676,-0.12302510899968357,0.9841549516491147,1.0
2022-07-05,-0.017208988092136893,-0.08439480155414956,0.2919208978795395,-0.03865146772780568,-0.12077274378931316,0.985359121838954,1.0
2022-07-06,0.006807230396970977,-0.064475407562018,0.28929232440900604,-0.033411864366464025,-0.11726122117545923,0.9867384368707831,1.0
2022-07-07,0.02248806951882565,-0.052649660453671934,0.29527826253982,-0.017067050013049655,-0.10362388919757708,0.9891660683472973,1.0
2022-07-08,0.029822491332900197,-0.06301885333865825,0.29211280452846566,-0.016601281273837497,-0.10394565204629007,0.9911242968830947,1.0
2022-07-11,0.007812184972368729,-0.06357690039260142,0.2923100309765402,-0.026295905211519012,-0.11368266770691958,0.9918381310780287,1.0
2022-07-12,-0.002962855561214478,-0.04839460769256944,0.28312588949924883,-0.03269894904792332,-0.12094212552837753,0.9917840960629221,1.0
2022-07-13,-0.011600014033892613,-0.024235847148346073,0.2658072080447573,-0.03624171551326029,-0.1249500931662443,0.991417615529242,1.0
2022-07-14,-0.02889756316439155,0.01204041532337823,0.2282871312068273,-0.036877439568401255,-0.12647057820254917,0.9910338224167274,0.0
2022-07-15,-0.00914996122520844,0.0339830152210579,0.23644651368656205,-0.01700103467436104,-0.10933018298626103,0.9923394509281492,0.0
2022-07-18,-0.005951486594333304,0.01153637706952904,0.23422506006589922,-0.022859643880964425,-0.11619596503215626,0.9927871915393152,0.0
2022-07-19,0.02959751033361073,0.07185304691704386,0.21570212421216325,0.00455777931548141,-0.09197770816686315,0.995367753171585,0.0
2022-07-20,0.04121571658101433,0.07605246812191777,0.215881466855524,0.01172667492800783,-0.08582325305540943,0.9979552378507143,0.0
2022-07-21,0.05377889891864082,0.06132238893213044,0.20328343832017984,0.02190717803140145,-0.076244472159486,1.000827462971536,0.0
2022-07-22,0.025532618922190074,0.05381533081488724,0.2071137718705225,0.012544152784616562,-0.08446214378623312,1.0022990489489552,0.0
2022-07-25,0.03503816880362558,0.045275169157863976,0.20548363677524942,0.013540332038826536,-0.0829818877383722,1.0035203375918942,0.0
2022-07-26,-0.003524304468531806,0.0020744742519697573,0.18136223326762166,0.0015368672500304197,-0.09337926220929174,1.0034770203485255,0.0
2022-07-27,0.015758125307038705,0.03153646846250343,0.20098204842478873,0.027488110529296554,-0.06949147346890318,1.0054752092185246,0.0
2022-07-28,0.018090437012784295,0.06464512998795957,0.18727108093577294,0.03996457463427833,-0.057559666590514896,1.0079896860750681,0.0
2022-07-29,0.04188568013089663,0.07993351130232003,0.19072338027446029,0.054832957736642006,-0.04363211405429122,1.0110461818853833,0.0
2022-08-01,0.03770551902630487,0.08512512547180055,0.18743972426300734,0.05060127948093025,-0.04624631491507765,1.0130466304922934,0.0
2022-08-02,0.04298783384133636,0.06798507673421546,0.18938233616043262,0.04258869471591685,-0.05221258243792889,1.013908615128896,0.0
2022-08-03,0.032891173705636295,0.08163663026027662,0.19400374506520832,0.0574836524666294,-0.037073210673701,1.015686314019432,0.0
2022-08-04,0.019751252626943543,0.07758915221793214,0.19464493534780486,0.05574786303463136,-0.03740884928319534,1.0168276167378454,0.0
2022-08-05,0.0035858030575968815,0.061031244841091264,0.19108963877382804,0.05282140714543833,-0.03867539924911778,1.017379117871936,0.0
2022-08-08,0.005390046881918037,0.060692681020818394,0.19117646797973253,0.050672084937507585,-0.03940595305360121,1.0175097452472286,0.0
2022-08-09,0.008030453187561737,0.06820334494940847,0.185751813452146,0.04608559087175546,-0.04280509205272516,1.017084693810602,0.0
2022-08-10,0.013278404968381115,0.0978778907898722,0.1897246745055412,0.06770365373858496,-0.02237936474644715,1.0182413318831964,0.0
2022-08-11,0.013954254310245735,0.10314342056207049,0.18711231057501143,0.0672241873817069,-0.022030923707074032,1.0189249110426224,0.0
2022-08-12,0.03243341400895701,0.12236222201443982,0.18943875486923561,0.08422939693593821,-0.005197896154667529,1.0206081255022166,0.0
2022-08-15,0.037707169648486485,0.10754981189451332,0.1833871051603459,0.08796450582696273,-0.0008640857579931959,1.022007432431184,0.0
2022-08-16,0.04364284103411149,0.11779767257785326,0.17727753758125983,0.08893933069207359,0.0013686900872561907,1.0229919330634458,0.0
2022-08-17,0.015733056247180233,0.0840134367034417,0.16492850612458707,0.08029934652528135,-0.005419103206515606,1.0229020893026497,0.0
2022-08-18,0.018635147811116214,0.08056285179217235,0.16474152431606173,0.08267483090483672,-0.002212746953351094,1.0227968002271153,0.0
2022-08-19,-0.011681316066765106,0.05690200702903388,0.1735053995029695,0.06744045346823238,-0.01522206470316321,1.0213554316861044,0.0
2022-08-22,-0.03683573358772156,0.04518145938460167,0.1878991361028857,0.04449357557273815,-0.03520609134783673,1.018311897470486,0.0
2022-08-23,-0.041214730698728885,0.04154477307549879,0.18854884198298233,0.040692446836462524,-0.036984012755878426,1.015528464364522,0.0
2022-08-24,-0.030895410823066245,0.05664233034890726,0.1816732167436272,0.04190521672801566,-0.033339537718726886,1.0134230819892034,0.0
2022-08-25,-0.019778720411406818,0.045026006073726824,0.16706225352563034,0.05410548478668489,-0.019184718320425207,1.0127372672090402,0.0
2022-08-26,-0.04068474698940386,-0.0018731769731542836,0.2052009648509318,0.017007289102421937,-0.05175252107629598,1.009337113746803,0.0
2022-08-29,-0.026276773312709403,-0.02298099405900437,0.19926785592102012,0.008382079580574759,-0.05740553784387205,1.0060452007393799,0.0
2022-08-30,-0.034892952738805584,-0.03105369868961167,0.20216428489959748,-0.004301082811196813,-0.06709214229192707,1.0025338507488024,0.0
2022-08-31,-0.04572711574383751,-0.03207261923626661,0.20252123258248572,-0.012870223820893424,-0.07346342816666318,0.9991514314735956,0.0
2022-09-01,-0.05661306128872723,-0.04447822892063671,0.19371766251895475,-0.010861489797817633,-0.06983722969955224,0.9967394488733976,0.0
2022-09-02,-0.03277838027420254,-0.054402809874300365,0.19582598565743503,-0.02198348475000029,-0.07886780031449317,0.9940546046838333,0.0
2022-09-06,-0.02992448410600447,-0.05649128122260572,0.19583884263674825,-0.02570669540043017,-0.08156368053844006,0.9917116213419827,0.0
2022-09-07,-0.0010804702345010263,-0.03752421580603074,0.20832780106207838,-0.00865775489236577,-0.06432884202094856,0.9913505675908174,0.0
2022-09-08,0.013072634163309031,-0.02703043826051932,0.21010053823435967,-0.0031585121257668167,-0.057510188772966014,0.991679949025222,0.0
2022-09-09,0.02535556718527262,-0.03240106670374519,0.20371776490515528,0.011005623999897282,-0.0422383536286113,0.9932659562725159,0.0
2022-09-12,0.046646381325982846,-0.021710682858563257,0.20805767283882537,0.020160947681920834,-0.03134980341752699,0.9954486756844833,0.0
2022-09-13,0.005970415750132421,-0.0829542794814303,0.24656267677059518,-0.02477244614612409,-0.07269060505426418,0.9936760088164892,1.0
2022-09-14,-0.008026605400403303,-0.08325799085492053,0.24643975715886957,-0.021664703121212655,-0.06849967096939691,0.9926495321478614,1.0
2022-09-15,-0.025959733834679845,-0.09663301312931066,0.24674567018264776,-0.03310143040733681,-0.07831992956863132,0.9910307576310551,1.0
2022-09-16,-0.04903368722040628,-0.0971678101713317,0.24682148216496108,-0.04039001726675076,-0.08466509978401404,0.9892589309339598,1.0
2022-09-19,-0.051998878911424316,-0.09234470958110379,0.24922900754353564,-0.033018897242347404,-0.07696139141447372,0.988585346845818,1.0
2022-09-20,-0.019087753041398446,-0.09036071645606365,0.24840647710733732,-0.04418670945660145,-0.08683547065237096,0.9872787959416659,1.0
2022-09-21,-0.04049403743693088,-0.08691629470412984,0.2457543300320104,-0.06077171682216858,-0.10202505839855874,0.9850250750298146,0.0
2022-09-22,-0.03751112182063055,-0.09292940425121234,0.24610761293072453,-0.06851921961082896,-0.10874370653267519,0.9827589197367518,1.0
2022-09-23,-0.04674976408691772,-0.1130221634351832,0.24810222533265108,-0.08374227152437438,-0.12270136743918185,0.9798607361992422,1.0
2022-09-26,-0.06441688097875621,-0.1369828701484532,0.23818000051990135,-0.09193618310003245,-0.13036200326630454,0.9770253399725325,0.0
2022-09-27,-0.05542774189210591,-0.1051037113587657,0.21564264008055278,-0.09348560817123218,-0.13158670080122203,0.9748306082720443,0.0
2022-09-28,-0.018344925931786812,-0.07898444732320725,0.2315512581089513,-0.07471930131959073,-0.11351246712851899,0.9748717098482793,0.0
2022-09-29,-0.031019584720769287,-0.08905603623317604,0.23807608435534772,-0.09267125457024944,-0.13102357264013173,0.9735407688640154,0.0
2022-09-30,-0.02970714952892831,-0.09700219722027399,0.24107724772420264,-0.10491189366493799,-0.14344268113873315,0.9715769376362663,0.0
2022-10-03,0.006293631583617999,-0.07407617727610796,0.26249584507599866,-0.08004172591913372,-0.1198049286038193,0.9723474241573127,1.0
2022-10-04,0.03936583421310902,-0.032959496871454136,0.28611611605061243,-0.05077395282665929,-0.09164163567783852,0.9756897126461214,1.0
2022-10-05,0.01754963587442272,-0.03151032734278006,0.28601905243916226,-0.05240339281807777,-0.0929117112015237,0.978399233154332,1.0
2022-10-06,0.02829027921144297,-0.05968528678723204,0.2786132373021881,-0.060942094553720544,-0.10144148342827246,0.9799402826353572,1.0
2022-10-07,0.015584391007503442,-0.09449044037607958,0.28975017443337603,-0.08522008476416643,-0.12550593454377595,0.9791502887899407,1.0
2022-10-10,-0.018139161854438594,-0.11757090631581918,0.2806498872941205,-0.08989689556900148,-0.13111156608605312,0.9781590627869235,1.0
2022-10-11,-0.05500854972479044,-0.13461442792222744,0.2743247473085909,-0.09330666237589857,-0.13549304894981984,0.9771215719262558,1.0
2022-10-12,-0.0559812356958158,-0.09346197878872829,0.23689883862931635,-0.09400876943132863,-0.13714302316171886,0.9762946138247507,0.0
2022-10-13,-0.019563105381944126,-0.07122178676877286,0.2582352419842813,-0.0678826200761791,-0.11324000909580144,0.9779488699059738,1.0
2022-10-14,-0.014325071457201938,-0.08285577799860168,0.2658249226788038,-0.08657230069583091,-0.13224547188584043,0.9776789924261203,1.0
2022-10-17,0.018711860149341102,-0.04982535894607179,0.28401529813608223,-0.060943470460962705,-0.10882367950898716,0.979718124258201,1.0
2022-10-18,0.03674607935300609,-0.045869469657797014,0.28611031918446994,-0.047951861520172466,-0.09727378219589246,0.9824858601520782,1.0
2022-10-19,0.03293806004618441,-0.04143616570114542,0.28469137645088527,-0.052697811008075475,-0.10253867800311028,0.9842830870321461,1.0
2022-10-20,-0.001531212626713031,-0.032258961958555016,0.280082867948051,-0.05808109809157253,-0.10890649449932803,0.9851991679824315,1.0
2022-10-21,0.04553170963990745,0.000187053461936329,0.29229827744681275,-0.032998667336024155,-0.08626325100963647,0.9880136241713355,1.0
2022-10-24,0.03232181319025988,0.02924621833110582,0.28842952002743993,-0.018809213363200017,-0.07413613823389371,0.9913435656216653,1.0
2022-10-25,0.03648318573650779,0.05503059705746698,0.289490510184749,-0.0009580277017740887,-0.058478953814530256,0.9953454115538617,1.0
2022-10-26,0.03603234098454059,0.05002391717550108,0.29113341027253337,-0.006115723091758695,-0.06467837505288308,0.997901169125443,1.0
2022-10-27,0.03909857726181486,0.025184541235046664,0.28540658815383463,-0.009106743715518143,-0.06871080903503869,0.9994868141849261,1.0
2022-10-28,0.03859992757877456,0.06980656576148017,0.28330939740780386,0.016434997888380015,-0.04565893185490263,1.0026510355562723,1.0
2022-10-31,0.01918809897802778,0.0781414668380619,0.2777162702845718,0.01089980645687201,-0.05170324454468849,1.0044924987899988,1.0
2022-11-01,-0.0010398255941627159,0.04769713987968627,0.2666666291214348,0.007908198733026754,-0.05498410247654092,1.0055213228615663,1.0
2022-11-02,-0.018893572002427875,-0.00823548904003582,0.26237619438298554,-0.01553910246799004,-0.07783462304706058,1.0042297681311225,1.0
2022-11-03,-0.023889646870338278,-0.016254741509714333,0.2645841917073183,-0.02357504474500192,-0.08648101242653188,1.0023533885516565,1.0
2022-11-04,-0.03311102639067141,0.008405260159365806,0.26709426101709266,-0.0073557332634717615,-0.07258709065522911,1.0019844903405117,1.0
2022-11-07,-0.016341546754073732,0.04621552907648474,0.24730116475237515,0.0033938968215932825,-0.06310396024844404,1.002434125369785,0.0
2022-11-08,-0.0065751416708642995,0.05926116006326057,0.24486091326684273,0.00982011059731099,-0.05743533699157855,1.0031905779956825,0.0
2022-11-09,-0.001976079989689447,0.04479698069506517,0.25653794107293304,-0.009808994172968367,-0.0762231674047783,1.002084989428551,1.0
2022-11-10,0.06187134749252518,0.10159784167862665,0.31103923689259344,0.044543597998081864,-0.02505202072636936,1.0055266195645542,1.0
2022-11-11,0.057212976677149134,0.08518134221845906,0.3020010138897482,0.05444638152020869,-0.015277641812168428,1.008936019993169,1.0
2022-11-14,0.03914981933104736,0.09969041986473405,0.28951532838050154,0.04522837779692367,-0.023150314548621143,1.010777751697596,1.0
2022-11-15,0.04226180257936461,0.08281110249328408,0.2801160575233318,0.053623205109700846,-0.01425486428567314,1.0127809291073981,1.0
2022-11-16,0.055420971143857065,0.06347187248591614,0.2813931775945957,0.04562407545196211,-0.021141627844522396,1.0135639454509389,1.0
2022-11-17,-0.0011405992095154366,0.06751918242292682,0.27990190006281257,0.042672927661310985,-0.023437219235316362,1.0137670622243216,1.0
2022-11-18,-0.0062426124183420275,0.08046994242683007,0.27669536350533197,0.047900906038959225,-0.01845046485866871,1.014131087111512,1.0
2022-11-21,-0.001342409101492042,0.052816301123334554,0.26772185617839755,0.044903175843249744,-0.021425804423371726,1.0139556197210358,1.0
2022-11-22,0.0035319849871915214,0.05402127429021572,0.26830087305260236,0.05849313741758258,-0.007737349787819417,1.0147379182798821,1.0
2022-11-23,0.017472046966749567,0.04446073371615792,0.26435793864880713,0.064631715252159,-0.0009470061381740137,1.0156854112396767,1.0
2022-11-25,0.020312697608506534,0.05179953904689276,0.2621855312087166,0.06361648287921436,-0.0005506173392436075,1.0162202637647166,1.0
2022-11-28,-0.0003030198635129225,0.041068345301502295,0.2687715230857647,0.04607214328842504,-0.01590862691270241,1.0151511640578752,1.0
2022-11-29,0.0016207429296575637,0.015837116474217556,0.257237974081752,0.04390678402693091,-0.017108095957347493,1.0140030292422666,1.0
2022-11-30,0.019268079877240815,0.05410125518942875,0.27572368124119484,0.07545031686746063,0.014185458248092158,1.0154524327767491,1.0
2022-12-01,0.012249986987714906,0.05775054629803555,0.274851126224653,0.0729611830044945,0.0138630158087289,1.0163375864802062,1.0
2022-12-02,0.011319712495570872,0.0820128235448915,0.25570653972114876,0.06988126550459688,0.013129521456751706,1.016740438092189,1.0
2022-12-05,0.009251844339175985,0.07420983651101655,0.26252552000598706,0.04888943842954642,-0.004693921722200118,1.0153982405536996,1.0
2022-12-06,-0.0035485738248263177,0.04539956904006264,0.2665902379789555,0.03217038551706176,-0.018607941343373242,1.013019945214272,1.0
2022-12-07,-0.03626575958583905,0.03417704235766343,0.26551980635599937,0.02880861958384108,-0.019892789400794295,1.0108739010043855,1.0
2022-12-08,-0.027726244836806857,0.03659944313209299,0.2660832796969435,0.03547488316417593,-0.011957613659413557,1.009686706946345,1.0
2022-12-09,-0.03407050294268135,0.0499184005918996,0.25565017217403585,0.02610440013712711,-0.018970225141056507,1.0080518328920773,1.0
2022-12-12,-0.0016028835526003607,0.010735605465891015,0.1824945617064342,0.0386341457921987,-0.004406904369879878,1.0078189542750084,0.0
2022-12-13,0.020458299044827058,0.008644891407740565,0.1813178592540855,0.044573474795533724,0.003501221655702092,1.0081525792975456,0.0
2022-12-14,0.015746735949240188,0.010773958975856257,0.18013914686833807,0.036740221984426655,-0.0025952897363280183,1.007804061470279,0.0
2022-12-15,-0.01682262296999553,-0.022484982417267152,0.1975749618702909,0.010721634175191255,-0.026467951190084212,1.0054811982594027,0.0
2022-12-16,-0.021200658312593882,-0.026703228864551343,0.19987404008400786,-0.0018237266917085861,-0.0374121265845661,1.0026678516098335,0.0
2022-12-19,-0.04403073134854508,-0.03215452667313863,0.20137657898002692,-0.011260643297893521,-0.04503185447660862,0.9997639214834741,0.0
2022-12-20,-0.050204662186547684,-0.03531715836046509,0.20047310921547937,-0.011048164025404036,-0.043337938329374236,0.9975876651013568,0.0
2022-12-21,-0.028948797810359465,-0.01683242973301117,0.20826938209710064,0.0021698901375946386,-0.02874812695198973,0.9970702420479869,0.0
2022-12-22,-0.01855204442609872,-0.04456901183055739,0.206650577571252,-0.013447950313871266,-0.04212436671239986,0.995565423009262,0.0
2022-12-23,-0.0009395880685561641,-0.045114863899857076,0.20637934071633432,-0.008728968975794407,-0.036180355269705915,0.9948831765175021,0.0
2022-12-27,0.003624946427528492,-0.04884227785411668,0.20634530716018756,-0.013935007291445901,-0.03959477442426471,0.9940931353203535,0.0
2022-12-28,-0.010248461594027283,-0.04526260009097946,0.2036932197395237,-0.026769289846530177,-0.05112819556934953,0.9925572177004137,0.0
2022-12-29,-0.007250108007733347,-0.025703280670402083,0.2151667090568974,-0.009967532017409889,-0.03361099467427679,0.9928387915701825,0.0
2022-12-30,0.004481651401209545,-0.05935544030658866,0.18040751646828937,-0.013370852833600554,-0.03559459491867613,0.992931043546774,0.0
2023-01-03,-0.0054730543011062074,-0.06283790518867818,0.18030242532323656,-0.018389423425445518,-0.039009778006660445,0.9927487068192888,0.0
2023-01-04,0.0061686711013068905,-0.053993319248380654,0.18400376358787662,-0.011381104868134964,-0.030918032664910677,0.9932983042030278,0.0
2023-01-05,0.007195452984928177,-0.047318991445227256,0.17824456513760434,-0.022777445080575106,-0.041260992876161535,0.9928943153638888,0.0
2023-01-06,0.012028230122538489,-0.010126476723037275,0.19202573810717713,-0.00062116873733977,-0.018584495967316646,0.9944672013601714,0.0
2023-01-09,0.014098770606766387,-0.008990910113983222,0.19197509502048893,-0.0015777263682211493,-0.018517625805222707,0.9957162154417762,0.0
2023-01-10,0.025305814519782983,-0.00980584583208834,0.1915551144581245,0.004785899848784155,-0.010957667493679109,0.9973063381419106,0.0
2023-01-11,0.030183965814051084,0.010261149508351785,0.19485858849597074,0.017061194840142346,0.002202986867834399,0.9996004837337228,0.0
2023-01-12,0.045297071886870995,-0.00041903600575589643,0.1887262974362634,0.020107437627995387,0.00652842964803745,1.0016923239654507,0.0
2023-01-13,0.02649630618171968,-0.004088469586144652,0.18729650517536522,0.023237432412534748,0.011165293035586934,1.0036207486040218,0.0
2023-01-17,0.025229636861374402,0.0004919907981509916,0.1860479953080586,0.020073516436205346,0.010017783013431253,1.0049345899402442,0.0
2023-01-18,0.002327100814652004,0.009343877952559188,0.17327551760848547,0.0028278108202662096,-0.005242516634774904,1.0046238433302463,0.0
2023-01-19,-0.017547904795104166,0.0139139030258415,0.1698706678195389,-0.005186559285777754,-0.011750428857100226,1.003746129679009,0.0
2023-01-20,-0.00272430470518005,0.04088739063760913,0.1770538342762814,0.012430243067829593,0.007364516709920961,1.00449286963511,0.0
2023-01-23,0.0053306216893945005,0.051446814289797534,0.18036602804088536,0.023511147115384382,0.02002988314521028,1.0059899830811483,0.0
2023-01-24,0.006090494332326317,0.035531282940836774,0.1749328749895961,0.020963537544857976,0.019461542602542386,1.007001409530151,0.0
2023-01-25,0.02237927778738701,0.05027520016604492,0.16505335013647782,0.020957284894101997,0.020397570297381096,1.0077399347946139,0.0
2023-01-26,0.04061604907006167,0.05546954016445934,0.16734348496515863,0.03175374935322041,0.03209932737240153,1.0091130678375215,0.0
2023-01-27,0.024453431850478897,0.06171587606055954,0.1656330559637307,0.03347288790435253,0.03484766312746227,1.0102637767682736,0.0
2023-01-30,-9.983296754839145e-05,0.061595442916276416,0.16577501745433879,0.020302220460664214,0.022281398447415206,1.0100220899639372,0.0
2023-01-31,0.01557030150111961,0.05835169244968973,0.16244717192582336,0.03462755260835376,0.03772432786879548,1.010895185030624,0.0
2023-02-01,0.025767251068019796,0.07156079983285515,0.16334005761190795,0.04464675141822091,0.04903867234434563,1.0123088402991955,0.0
2023-02-02,0.02928898155267265,0.0902315760182382,0.16515128525219305,0.058639070747160134,0.06452078068983612,1.0144492288794709,0.0
2023-02-03,0.016308039129887392,0.07185524408914004,0.17249821875442492,0.04634692217564424,0.053568585611102525,1.0150696489179207,0.0
2023-02-06,0.022803845965416358,0.07720383589676459,0.16760234130021695,0.03933182751869196,0.047519502558510944,1.0148805828551957,0.0
2023-02-07,0.021201459051059246,0.06752492137821048,0.1567842642424916,0.052145375365223526,0.06145330559667569,1.015611488839929,0.0
2023-02-08,-0.00036511491417836293,0.05709691431191041,0.16395181508146858,0.04010488551725499,0.049979328235243224,1.0151090550930195,0.0
2023-02-09,-0.023524268274371995,0.04140149322408321,0.16777264587151441,0.030409962598225364,0.041088299773401366,1.0138442695609617,0.0
2023-02-10,-0.010507416145907132,0.03116386212918182,0.16331390831788822,0.032050998480851474,0.043553796789571664,1.012881710467508,0.0
2023-02-13,0.007293535249281453,0.03920029925917505,0.16697868931785065,0.043795837287988845,0.05579121801969743,1.0129174270573884,0.0
2023-02-14,-0.006160682232354876,0.03486793296413592,0.16699751304884927,0.04293993630560177,0.05543562716363059,1.0127578184017685,0.0
2023-02-15,0.008076246825512385,0.03994352427604839,0.16658453389937272,0.04585448466520098,0.05876403701530942,1.0127459549113902,0.0
2023-02-16,0.0029190790511564244,0.04199347146058763,0.16395265379868773,0.030906817672152264,0.04419777117515509,1.011478756931512,0.0
2023-02-17,-0.0019134375554186677,0.04679832936886732,0.16134036214568748,0.027540905995319068,0.041638854357310386,1.0101564770957274,0.0
2023-02-21,-0.033848891594283025,0.008075712370072069,0.16789094890413714,0.006534991783551748,0.02106161464353333,1.0074080920907105,0.0
2023-02-22,-0.03476765673072732,-0.0052303454559859,0.1626088532399399,0.004939533436685148,0.01978406429892903,1.0050588474526043,0.0
2023-02-23,-0.03270435478482613,0.001148675158895939,0.16369902232000683,0.009817774074425781,0.02527910367276008,1.0035747576712415,0.0
2023-02-24,-0.029580023190841798,-0.009965829517641179,0.16789920677736447,-0.000931906050043418,0.014283206775122733,1.001525642584555,0.0
2023-02-27,-0.023678373740529092,-0.017496093441723454,0.163420824277782,0.00259227353024684,0.01768841427560042,1.0001660445424019,0.0
2023-02-28,-0.007116347099619716,-0.02349406658002654,0.16329495874839825,-0.0010471433647318085,0.01381572828138934,0.9988052245320406,0.0
2023-03-01,-0.009580583917713725,-0.014711096406151232,0.15825289250012692,-0.005224614556457681,0.009830449308361388,0.9974476130808325,0.0
2023-03-02,-0.007138709227897279,-0.021560335570120947,0.15154757022620055,0.0017778247498905966,0.017667519566035517,0.9970214394956411,0.0
2023-03-03,0.01951159096447641,-0.016221489621184557,0.1576994777558066,0.01660649783237918,0.033866045558954797,0.9979911806986976,0.0
2023-03-06,0.016804171355065508,-0.02998090363933059,0.14785821904464025,0.01608783868705129,0.034563678078971524,0.9988289165689365,0.0
2023-03-07,0.005059461757716611,-0.034742643952197325,0.15246339520909274,-9.251880400348411e-05,0.01855558443255826,0.9982663336557076,0.0
2023-03-08,0.010533629315513325,-0.026981313056054265,0.1519621891272775,0.0006251435799465411,0.020029173119299505,0.9979739900859497,0.0
2023-03-09,-0.015835630823586216,-0.058597425444766406,0.15398426565902298,-0.018262219551351155,0.0011207555620119894,0.9962996958193935,0.0
2023-03-10,-0.04628076547942035,-0.06213714018642655,0.15682272839290465,-0.03264704530903665,-0.013250730817971007,0.9938916407499305,0.0
2023-03-13,-0.048399699150004465,-0.05485633451496306,0.1554826283750339,-0.03444685212486482,-0.014613633073956793,0.9919514531638072,0.0
2023-03-14,-0.0165570783808391,-0.0407923061871293,0.1682270822839112,-0.018893676338454724,0.0016815146908120578,0.9918000979200176,0.0
2023-03-15,-0.024462214999373934,-0.05873706330470965,0.16127181714323244,-0.025364488812065576,-0.00444611909528243,0.9912777719307486,0.0
2023-03-16,0.011553226886066994,-0.04088351632634454,0.17574106421493924,-0.009022785237481132,0.013199988472687255,0.99234743642768,0.0
2023-03-17,0.014326140663998618,-0.05588724634794032,0.17783255014337285,-0.02098824743003541,0.0015592724629354075,0.9923361802378111,0.0
2023-03-20,0.025322040274463848,-0.03245337329165564,0.1777596374180833,-0.012358026337865568,0.011307099412332272,0.9931756766874158,0.0
2023-03-21,0.021972115090136815,-0.016906753541573814,0.18472757295019998,-7.058473840297261e-06,0.02473781934571401,0.9949598231885549,0.0
2023-03-22,0.011052872729055405,-0.013835298981371227,0.18091787994553024,-0.01733546227946255,0.007419612936262027,0.995036906057553,0.0
2023-03-23,-0.0036408702345947833,-0.009756729830212007,0.18126465764339145,-0.01488031438353346,0.010295504774594438,0.9953684586770207,0.0
2023-03-24,0.014661625984565094,-0.008521265578549096,0.18180987225999923,-0.00850194788735434,0.017095932817413187,0.9962038505957345,0.0
2023-03-27,0.006960008090120592,0.004086657989306751,0.1779859684343154,-0.006699756161101626,0.019100892499381853,0.997051298460324,0.0
2023-03-28,-0.008332338156047826,-0.0015607179570925503,0.17777943403409996,-0.008860652166630085,0.016802219039300067,0.9975686634592437,0.0
2023-03-29,0.023291461054986574,0.01657250917323506,0.18410105366332763,0.005289012684383186,0.03134224700334261,0.9991628655723195,0.0
2023-03-30,0.026430161663991654,0.02625401575149337,0.18408636648359977,0.010481899771044427,0.036915512944535565,1.0008916398899868,0.0
2023-03-31,0.03388554292183789,0.032502986571186075,0.1880943514389964,0.023585160473810384,0.05096683081948192,1.0033719510618067,0.0
2023-04-03,0.03582091520096793,0.020395982225798262,0.18098739124066912,0.026634793802483174,0.054456493491561474,1.0055775318439912,0.0
2023-04-04,0.03250446956273571,0.01413958025057765,0.18240081776479825,0.020451194712754615,0.047959044334445436,1.0067790165067922,0.0
2023-04-05,0.01545252202240778,0.026965569437926228,0.17330208997150295,0.017326221851392744,0.044595452506103805,1.0074258866840016,0.0
2023-04-06,0.013507430933226764,0.029227817369206804,0.17353616697542976,0.020766575924831037,0.04814938053861803,1.0081594325878485,0.0
2023-04-10,0.0005372203870691449,0.04887583778184143,0.15760024407205978,0.021488193892959327,0.048689753505275844,1.0087202047037986,0.0
2023-04-11,-0.0029974823616319393,0.06367926534358667,0.145523827643893,0.02147832832652222,0.04848369402579797,1.0090784742796637,0.0
2023-04-12,-0.001518282431753663,0.061020996968828456,0.1468354618599206,0.016859159268255576,0.04390521696294779,1.008924561538031,0.0
2023-04-13,0.014298671319679799,0.05782131913844513,0.14351251794960596,0.029927757008819503,0.05736945420901686,1.0097652712136467,0.0
2023-04-14,0.007959815745504643,0.06164984811408539,0.14107005645546877,0.02724707522793802,0.054294109456719454,1.0101097341243257,0.0
2023-04-17,0.010515624815634676,0.04783823571140912,0.13098809757457308,0.030997431612751317,0.05755908874739603,1.010550291928111,0.0
2023-04-18,0.010898871763649037,0.060251996443237095,0.12089283323315193,0.03149372067610548,0.05768618259449161,1.010824007844947,0.0
2023-04-19,0.014814358653582575,0.05051331534794718,0.11878033650410437,0.031018081289786857,0.05699959587864203,1.0108982257403232,0.0
2023-04-20,-0.003852875820925224,0.031996328227383096,0.1151456723761767,0.025480286418224758,0.05076683755695349,1.0103904296006818,0.0
2023-04-21,-0.0006307008180798104,0.04996627456695017,0.09304654309934665,0.02611790416006575,0.05113112758250163,1.0099356855076789,0.0
2023-04-24,-0.0031697422070008285,0.04830936373900308,0.09315166602548,0.02682600247403084,0.05184586997714777,1.0095490110266698,0.0
2023-04-25,-0.019822919321041788,0.025767451137630223,0.11120330039796217,0.010546869251863525,0.034855752350812855,1.0078639419491542,0.0
2023-04-26,-0.023898527139387667,0.01965478011843893,0.11276437802152366,0.006612297621971836,0.030145675966490607,1.0061186315513901,0.0
2023-04-27,0.0012859420515214416,0.04161460843495238,0.12938732878527212,0.026583669915613287,0.050168305949787495,1.0062503322766734,0.0
2023-04-28,0.009008333788301287,0.035683147300264895,0.12370337585117028,0.0351640593898535,0.05856820176247628,1.0069655551480494,0.0
2023-05-01,0.006955308517004219,0.028834510592015652,0.12308950808460783,0.0336668308253326,0.05693039589792727,1.0073619589784455,0.0
2023-05-02,0.01165359896417484,0.0035355071799671733,0.12158898680269131,0.021788458392492018,0.04464616836891478,1.0066813521491802,0.0
2023-05-03,0.009010662344786653,-0.0071554727377423424,0.12319135302586948,0.014247957974392997,0.037069608400222796,1.0055246364885464,0.0
2023-05-04,-0.017810070782832393,-0.008699931910615726,0.12412901659191089,0.006658460414802247,0.0294921513294906,1.003993154404521,0.0
2023-05-05,-0.007965677573941718,0.012264947703915403,0.13970028167499968,0.02460721921115628,0.04824754293724203,1.0042068223611482,0.0
2023-05-08,-0.006688771407471398,0.008638308251317502,0.13918179835786482,0.02397176277747826,0.04827531969845196,1.004346977038401,0.0
2023-05-09,0.000219299139604048,0.003217585932502086,0.14014362693659357,0.018737779652407246,0.04340356885958927,1.0040552160130791,0.0
2023-05-10,0.011768217998469464,0.007610227622359071,0.1410126479744506,0.022580058736831086,0.047983385898534736,1.0041531691772418,0.0
2023-05-11,0.01713080323687328,0.009949153758011225,0.14031432837544855,0.01984226964838124,0.04580933544319058,1.004042434980222,0.0
2023-05-12,-0.002523532603089543,-0.004557256218853932,0.13252478827844275,0.017735806858271603,0.04423339030997011,1.0038046890099819,0.0
2023-05-15,0.0006540316512088367,0.0013325241570217037,0.13284693989675697,0.02072423564511913,0.04767681450442762,1.003850379604807,0.0
2023-05-16,-0.0016564443634908008,-0.008954483246623384,0.13418694491205255,0.013536259070615658,0.04063078726706625,1.0033068759060517,0.0
2023-05-17,0.00574802998911001,0.0024593858478200517,0.14099513747054462,0.024903956505793412,0.05313526645679514,1.0038088179067246,0.0
2023-05-18,0.017080957973588773,0.012215753078017429,0.14474641908825758,0.03366358336500385,0.06306175273254583,1.0049307751302867,0.0
2023-05-19,0.01693583503229444,0.016231454634365743,0.14329145058852966,0.030708442456626926,0.061389528990200684,1.0056322947842615,0.0
2023-05-22,0.013897780622021256,0.015861005597122776,0.1432970804953205,0.02938597318046601,0.06168921634864567,1.0061480036020443,0.0
2023-05-23,0.009316705369729268,0.0035319643301067183,0.1492274532204014,0.01632461904712566,0.04969741306273974,1.0055760253133508,0.0
2023-05-24,-0.01002026367968111,0.012262041489180737,0.14009344244494382,0.007930055908452392,0.042050009909595405,1.0044865504155984,0.0
2023-05-25,-0.010985019380940455,0.025129260836464648,0.14158846235725625,0.015321805671065782,0.050962087693020575,1.0042679764598372,0.0
2023-05-26,0.003338706347747465,0.018284218930591768,0.13196831661028668,0.027192396221333407,0.06450204171453437,1.0050814461520245,0.0
2023-05-30,0.003313458519288147,0.01016613032810964,0.12901910477219042,0.026068490187129156,0.06483457309047663,1.00568897674121,0.0
2023-05-31,0.009039184106519018,0.00561583991962152,0.1306359752689536,0.019178603704634974,0.058982808791685624,1.005651352277327,0.0
2023-06-01,0.025766588868081714,0.026375031393087618,0.12721746473795825,0.027713391283301025,0.06906760896046,1.0063172219339183,0.0
2023-06-02,0.03150149153454225,0.047620090026220245,0.13130379146462084,0.04075918061971382,0.08447864628129331,1.0079283466240518,0.0
2023-06-05,0.016715829662438432,0.052810119375862594,0.12781892583969398,0.037053195937429576,0.08232168476841972,1.0089360934320655,0.0
2023-06-06,0.018510308159551615,0.036642116061602975,0.11412913860706107,0.03768485239865604,0.08460368284331418,1.009794469615136,0.0
2023-06-07,0.020607079205227505,0.03291169053232042,0.1154617933200097,0.03259163750508813,0.08072110680190585,1.0100701201374942,0.0
2023-06-08,0.017181274813035524,0.04333700706651909,0.114321182748547,0.03715377007925162,0.08697012904160126,1.0106553740032078,0.0
2023-06-09,0.004616410617105502,0.040468282644856274,0.11393109541163185,0.03758279115146041,0.0886079088737971,1.0111328354408262,0.0
2023-06-12,0.015565334855606534,0.05124465099459584,0.11565683271339317,0.04547641770829895,0.09813217490498358,1.0121076328558312,0.0
2023-06-13,0.019961584644352402,0.059127233309044916,0.11565883723489134,0.050987956674458546,0.10505963597603932,1.013260254894277,0.0
2023-06-14,0.024615299178378673,0.05687295805949025,0.11576805682767444,0.05091226651612505,0.10585889273820444,1.0140991440491156,0.0
2023-06-15,0.030906411389331388,0.07589986281934127,0.11503448212922172,0.06220855948821109,0.11893275516911239,1.0155923765302775,0.0
2023-06-16,0.025701874726713675,0.06042212738245994,0.11318663078487849,0.05689155430297777,0.11444787234496454,1.016291607705168,0.0
2023-06-20,0.01146909979291958,0.045632792813926654,0.11373258712923573,0.04991793209178726,0.10798634644380037,1.0162231090746277,0.0
2023-06-21,-0.00023923037287128853,0.04195216790387918,0.11590632875171275,0.04319339675154556,0.10168275376446433,1.0155664201780201,0.0
2023-06-22,0.0021742828692202457,0.045149460306689246,0.11588228981646503,0.04553948194695833,0.10495194391053747,1.015162275810818,0.0
2023-06-23,-0.017736108411400924,0.048847049038211084,0.11108906941118794,0.036311114302446316,0.09592252608383059,1.0140621746017633,0.0
2023-06-26,-0.01841843901545974,0.05202395204668131,0.10813678503492631,0.03111492724045922,0.09089210831013826,1.0127133918337423,0.0
2023-06-27,-0.00231261745099828,0.05430519474386883,0.11004221430820052,0.04116364986587703,0.10226373325294554,1.012384218740873,0.0
2023-06-28,0.0033283103911016156,0.041941771947233336,0.10363506428788428,0.04049736640865036,0.10231362602642768,1.0120239344561845,0.0
2023-06-29,0.003658611024092098,0.04549461281149319,0.1036676290359693,0.0433330039595771,0.10618684255140204,1.0119192669338686,0.0
2023-06-30,0.02297911078803903,0.0627869757197311,0.10472860611020177,0.05410520901203824,0.11844300544572066,1.012647027421929,0.0
2023-07-03,0.02822302600923581,0.054480389187835404,0.10218846046983635,0.053642404073892445,0.11894575006913205,1.0131596161921905,0.0
2023-07-05,0.015830850370569215,0.0386345535798958,0.09358600115212883,0.050456546008074046,0.11644731671333562,1.0132851824881655,0.0
2023-07-06,0.007465378754102608,0.032691321038897506,0.09871684571353238,0.04082173440169957,0.10688593616078956,1.0125965135924888,0.0
2023-07-07,0.0010037522918686019,0.02798805694381018,0.09968526589070453,0.036526620369600776,0.10333194681841801,1.0117104710409837,0.0
2023-07-10,-0.008199964678068675,0.03397993183643491,0.09820239916149456,0.03734590648148581,0.10528783039311411,1.0110847400543306,0.0
2023-07-11,-0.003001391655206029,0.034297722719593846,0.09838830711020465,0.042398997741770764,0.11135442539994052,1.0109768579023055,0.0
2023-07-12,0.006500657005517883,0.04051879996830818,0.10084480291431096,0.04922238677411832,0.1192238154313475,1.0114113445581676,0.0
2023-07-13,0.022267664608238744,0.03939365079152971,0.09991754608909999,0.055782315997560256,0.12689065218018392,1.012257746403848,0.0
2023-07-14,0.024172507521188408,0.032198979820646186,0.09875894539237354,0.05314793430629833,0.12492889319296932,1.012723663447823,0.0
2023-07-17,0.025110792613445936,0.03447542527150218,0.09897379828681177,0.054613002097311826,0.1275387040438015,1.0132190186797585,0.0
2023-07-18,0.02616562202819883,0.029556933358461292,0.09360758333620892,0.05994220954329202,0.13466669954316918,1.0140513175884784,0.0
2023-07-19,0.020373277109600057,0.035190202351194556,0.09197301877877428,0.06011744495683882,0.13581705828430574,1.0147153441625822,0.0
2023-07-20,0.005810935123006697,0.03373548612161683,0.09346956040830728,0.05107836195340531,0.12688539828836218,1.014521996554796,0.0
2023-07-21,0.006434078682932227,0.0388722888764497,0.09044502571016748,0.048992560414905385,0.12562336408601688,1.0142018679314029,0.0
2023-07-24,0.007425126699220731,0.03972626910150266,0.09070150832913328,0.051586653715801956,0.12951623247189492,1.0141457031888756,0.0
2023-07-25,0.002748228231317329,0.05004127000117955,0.08389997630453387,0.05227278895019744,0.13143367177373474,1.0141568131869938,0.0
2023-07-26,0.0006807150204155589,0.05428935638706986,0.08100847094256106,0.05022935057393978,0.13038905648836172,1.01401272740233,0.0
2023-07-27,0.0006852598809535216,0.03673336345356863,0.0811212969688981,0.041297184093803355,0.1215854788432793,1.0132031045682255,0.0
2023-07-28,0.010428009270042404,0.04597198775539049,0.0855278850327016,0.049164942094808914,0.13114708806369413,1.0132003623242463,0.0
2023-07-31,0.007872884590126616,0.043940542667537184,0.08529498985744192,0.04903818036480318,0.13183884133402526,1.0131978063594984,0.0
2023-08-01,0.0022811071957560877,0.029343266408896597,0.07928664822310129,0.044179529510116215,0.12714810689346406,1.0128115923345355,0.0
2023-08-02,-0.011881267060145384,0.014185063317688663,0.0955939595668843,0.028099182607391988,0.11025459795521611,1.0112436055130611,0.0
2023-08-03,-0.008099177551558229,0.012803335531441185,0.0961064910189503,0.023675062170266027,0.10577020370827936,1.0096597655482222,0.0
2023-08-04,-0.022374841246666867,0.01613176775462101,0.0930530974112921,0.017455654716596224,0.09962594631915275,1.0079502501165831,0.0
2023-08-07,-0.015586420529825566,0.027350369845843013,0.09611091675300597,0.02441704781320513,0.10807807282264864,1.0072099194824318,0.0
2023-08-08,-0.017078934571046103,0.02046429651591917,0.09794717600327944,0.018312723610141534,0.10211223146301328,1.006201099170492,0.0
2023-08-09,-0.009778232427600772,0.007408222545293919,0.0993535967198167,0.010253958199485226,0.09360630358495729,1.0048086117764217,0.0
2023-08-10,-0.006549195846971443,-0.00024651732104814263,0.09537548564618155,0.009368321260409446,0.09297836594016116,1.0036906413674385,0.0
2023-08-11,-0.0025997058119357967,-0.008735602665553528,0.09092595173507852,0.007441138730710006,0.09138671963119613,1.0027260366357196,0.0
2023-08-14,-0.005785367415109803,-0.0026075050904552036,0.09319967788491788,0.011728371372538009,0.09650074898562921,1.002376322090405,0.0
2023-08-15,-0.013144504408772257,-0.017791000506299025,0.10039349640438446,-0.0008039831976206114,0.08286048172284999,1.0011463025137586,0.0
2023-08-16,-0.013802000705200691,-0.03255940018810561,0.09811045881532587,-0.00876788355994277,0.07407083104779398,0.9995880208984341,0.0
2023-08-17,-0.021810040781884067,-0.04242983521253226,0.09928031696144927,-0.016757401345663506,0.06521060491398487,0.997768699634399,0.0
2023-08-18,-0.020745327923117198,-0.035291865711677424,0.09815315283926339,-0.016794967332960035,0.06500918821307371,0.9964011630907107,0.0
2023-08-21,-0.019765120164483903,-0.02880670393787134,0.10204595749565307,-0.010923696517175487,0.07116160088727631,0.9958781383224998,0.0
2023-08-22,-0.01076020607518769,-0.03597633328070744,0.09988521259422894,-0.014039617817753062,0.06737816113202152,0.9952994937361643,0.0
2023-08-23,0.007681233049100738,-0.0276263953703222,0.10838743992310533,-0.0035442057968023176,0.07826181749286695,0.9957783896610557,0.0
2023-08-24,0.0013744130941749175,-0.04173613713877291,0.1166806831819484,-0.017435618050118406,0.062476987039740396,0.9950940526337472,0.0
2023-08-25,0.007918177156557085,-0.028058948436073865,0.11937926050986754,-0.010704901271335842,0.06912755698526334,0.9951685423495245,0.0
2023-08-28,0.007754309308833798,-0.031480403899079946,0.11591658528501056,-0.004511963693625081,0.07505358714636819,0.9957857708071797,0.0
2023-08-29,0.024817794975100282,-0.019031422895733785,0.12791952471383827,0.009437169296141856,0.08954114350776839,0.9974716477940292,0.0
2023-08-30,0.017852040427832616,-0.012055462138245676,0.12885238446980518,0.012965196378845948,0.09321910002332395,0.9991516632751064,0.0
2023-08-31,0.030343434992945104,0.0004885649143175797,0.11934997592077537,0.01078313995331388,0.0908705443201349,1.0003563721060449,0.0
2023-09-01,0.025181862631062788,0.005222091746547154,0.119030096021075,0.012001597079538334,0.09210077935746058,1.0014446193867628,0.0
2023-09-05,0.014529324319777244,0.005423761667364164,0.11893002732301076,0.006903791600949949,0.08665041217116916,1.0019304559847306,0.0
2023-09-06,-0.006566931617972407,-0.010011933983880623,0.11714722216491058,-0.0005271980467411611,0.07862119034065312,1.001748983893202,0.0
2023-09-07,-0.013752211299798159,-0.00872873886699773,0.11669499606112739,-0.003983040290682207,0.07459075699295031,1.0013419653888158,0.0
2023-09-08,-0.010782715016608019,-0.0005159176746896662,0.1145638916169397,-0.002890547194144432,0.07550451185313811,1.0011275721451607,0.0
2023-09-11,-0.006091427379623053,0.005679860213895545,0.1168136269770495,0.0032024258200440245,0.0818121005246326,1.0014705929285819,0.0
2023-09-12,-0.007260810113986642,0.000762657365313322,0.11849632498034834,-0.002421618731882377,0.07521768570492271,1.001282743249063,0.0
2023-09-13,0.0006496050077350441,-0.0035769615610357747,0.11691588928547707,-0.0013799419567716272,0.07583686810152049,1.001213902421944,0.0
2023-09-14,0.012309876799114093,0.016725642340888622,0.11272971184464672,0.006904868687004637,0.08442241661826916,1.001833726928571,0.0
2023-09-15,-0.0013165819775355393,0.011969501052975486,0.11814255701322718,-0.0054611291027747205,0.07066370209496939,1.0013293128617604,0.0
2023-09-18,-0.007285061060383673,0.020204839935395937,0.11430579379354319,-0.005173393409228495,0.07058678577892227,1.0009654760702262,0.0
2023-09-19,-0.003860430084569083,0.017647555203861437,0.11478361570466923,-0.007441072277629765,0.06783379603607799,1.0005042799229487,0.0
2023-09-20,-0.014261575252647193,0.0019265833508009377,0.11791850243621937,-0.01646607654246222,0.05753766977863436,0.9994057097868433,0.0
2023-09-21,-0.0395135009817293,-0.01202765256565299,0.13125340877304098,-0.03215540855453058,0.03967239155638341,0.9972427719216138,0.0
2023-09-22,-0.029643031457848516,-0.02535476345397377,0.12428435228854558,-0.033570070569713124,0.03687216669858742,0.9953962208237921,0.0
2023-09-25,-0.02603299865098921,-0.007202571809768188,0.11648610131226295,-0.02883139293758504,0.04067451243757906,0.9943237964284196,0.0
2023-09-26,-0.03875726260500363,-0.02902788455769928,0.12342099086225276,-0.04209288257110775,0.02490678892588969,0.992386659916472,0.0
2023-09-27,-0.029122452242359254,-0.03495017820039212,0.12043225672270759,-0.04056497895328127,0.02487245756425779,0.9909766289654076,0.0
2023-09-28,-0.006675114063883543,-0.04352056160463681,0.10920817916202359,-0.03391135660144006,0.030301961503819523,0.9904205108824171,0.0
2023-09-29,-0.006854009932645131,-0.050060813814451516,0.10686772994792336,-0.035250657822125456,0.027372776061571576,0.989898843586235,0.0
2023-10-02,-0.011448144924312141,-0.04899415172702543,0.10704708102682506,-0.03461994311286819,0.026574711429702528,0.9895699859645596,0.0
2023-10-03,-0.01012437262081618,-0.06433411980957825,0.11251937694429502,-0.046206035948336194,0.012487734686770892,0.988370279646872,0.0
2023-10-04,-0.0032677782573792696,-0.05274728077754863,0.11790466609846405,-0.037990404870598495,0.019357953377464904,0.9881239186803525,0.0
2023-10-05,-0.009425470104647848,-0.046379100091312256,0.1170845936106276,-0.03706987058931393,0.018418445052458352,0.9880328698453145,0.0
2023-10-06,0.00480728049757571,-0.03150132201707764,0.12664977118816634,-0.024692074046476064,0.029846657590487234,0.9890320718643254,0.0
2023-10-09,0.011586943566650737,-0.026624493143766675,0.12920866496907055,-0.017420558415494593,0.03574559077380951,0.9904505885549695,0.0
2023-10-10,0.03025474065451709,-0.027987951775438107,0.12825135226867973,-0.011333792651367322,0.040481429820842844,0.9920880555362074,0.0
2023-10-11,0.027087157931564,-0.018399312731997984,0.12862587639792028,-0.006444932705867414,0.04399645580517203,0.9937901655170474,0.0
2023-10-12,0.021348886987214658,-0.025679818111832637,0.12963847836387937,-0.011832145679131646,0.036949984728212676,0.9947024586311731,0.0
2023-10-13,0.0045527893801914476,-0.039258409436000286,0.12514986305951717,-0.016047165370994262,0.031115942107161256,0.9950786580987262,0.0
2023-10-16,0.00863734287200212,-0.016670568294229013,0.12629110425436343,-0.00527729654681143,0.04117456881308748,0.9962677150993565,0.0
2023-10-17,0.0034000948170888785,-0.01730279589796555,0.12622302170848393,-0.004727863303554396,0.04042132883035356,0.9972376347381122,0.0
2023-10-18,-0.014102432499027588,-0.02864131514645649,0.13353930332801367,-0.0172287588417463,0.025921554423284615,0.9969581412162745,0.0
2023-10-19,-0.016812587348659418,-0.028230830207844865,0.1332416543225683,-0.02507310425754046,0.016303943862838295,0.9960751386072135,0.0
2023-10-20,-0.024183564672897985,-0.02392847312716897,0.12772719304183036,-0.03603255884677366,0.0033176558876068045,0.9944547335191933,0.0
2023-10-23,-0.0363847980504131,-0.02341233488679359,0.12768310566659535,-0.03666173833873885,0.0010391337169247832,0.9931059928232396,0.0
2023-10-24,-0.028827614124347957,-0.020097411371324293,0.1299173446345569,-0.0283788376666437,0.008108746426675667,0.9927130654753015,0.0
2023-10-25,-0.029869136434787426,-0.01975318897624028,0.1294598642043568,-0.0412776599991733,-0.006760877036756308,0.9913500348245905,0.0
2023-10-26,-0.03309087845992236,-0.03219925642540796,0.13490199903829955,-0.05164569633372237,-0.018961085533422902,0.9894343939841547,0.0
2023-10-27,-0.02526986650665662,-0.04252322556994204,0.13256959766726117,-0.054898309086811814,-0.023634403418152036,0.9876880574236856,0.0
2023-10-30,-0.011649968980013865,-0.02820829393416233,0.14102349353428997,-0.04274502456723425,-0.012230916260709126,0.9873770417741106,0.0
2023-10-31,-0.012900699243188454,-0.021549965690200606,0.14345124884513222,-0.035862967951010814,-0.00631186867727864,0.9877676395189967,0.0
2023-11-01,0.012163564596009242,0.00253474824058514,0.1413599043004066,-0.024953575958286754,0.003936559593172527,0.9890567834727235,0.0
2023-11-02,0.04319369723789043,0.014262219069861743,0.15408314737288492,-0.005775989395265599,0.022647246069611607,0.9917225873966101,0.0
2023-11-03,0.05681899000818934,0.02372123454289514,0.15672767365651377,0.0033255686859708015,0.03136135280424033,0.9946419309576208,0.0
2023-11-06,0.04723165962533927,0.014216085193601232,0.15195777090587978,0.005760515231085292,0.03319266048199284,0.9971718356108724,0.0
2023-11-07,0.043813170616732657,0.010676261359881312,0.15077344453749453,0.008822033667204703,0.03563344875645359,0.999412061362184,0.0
2023-11-08,0.03393716862158122,0.006217176207649276,0.14981661636754892,0.010042849678506213,0.035883264786748005,1.0012279027748172,0.0
2023-11-09,0.007124661185882137,-0.005700277675820116,0.15169221284997889,0.002887746549200915,0.027343511657656763,1.001999467305914,0.0
2023-11-10,0.01352692217123676,0.015899269726917246,0.15946228761144057,0.018921951844228072,0.042877430551806955,1.0038331187123246,0.0
2023-11-13,0.010275552688619285,0.019938848502029073,0.15823612753224525,0.018394152461423608,0.04140318074330825,1.0051421381718029,0.0
2023-11-14,0.026648372324315477,0.02868729081219467,0.1674968817482298,0.038100300151869465,0.0609477244389142,1.007672441686163,0.0
2023-11-15,0.02803103515080657,0.03084811654136697,0.16743460822509493,0.0400561131594949,0.06259516904182227,1.0097258673356477,0.0
2023-11-16,0.03708283303212785,0.04548498785533532,0.15847853944248486,0.040993849951602504,0.06334280200568507,1.0113105525705548,0.0
2023-11-17,0.02284150196502296,0.055553359040599624,0.15343784862568105,0.04195928297260525,0.06418051650559407,1.0125133879569377,0.0
2023-11-20,0.03146316639620754,0.0755855795711346,0.14415836045486566,0.049621373537070315,0.07178459431817527,1.0139290437516593,0.0
2023-11-21,0.010066539604833577,0.07513862846744135,0.1443748919499766,0.04690577832208239,0.0688442728980544,1.0146893436298627,0.0
2023-11-22,0.011805214703178074,0.071480945368893,0.1436736388831682,0.0504587777118297,0.07240983359733738,1.015422375642026,0.0
2023-11-24,0.011197858366318276,0.08655198265644103,0.12878174373553855,0.05078853296587506,0.0724483139915597,1.0158620500772397,0.0
2023-11-27,0.00815233475812323,0.09679657225864523,0.11691883738600865,0.04835859921980142,0.06986355990710422,1.0158726330584846,0.0
2023-11-28,0.0014739772980911622,0.10232942337588238,0.11296568179192715,0.04884986007984153,0.07027578436190512,1.0157750906525644,0.0
2023-11-29,0.00295200095056673,0.08974059839802194,0.11152773845835202,0.047537186082657314,0.06894050827462242,1.0154579184142662,0.0
2023-11-30,0.0030280978154777066,0.08740974242755917,0.11129649849235106,0.05080170090612918,0.0725404350886259,1.0153468868585531,0.0
2023-12-01,0.008311661663374364,0.08270007972380614,0.10903240218660457,0.05567122794681871,0.07825635278626544,1.0155576170138134,0.0
2023-12-04,0.004850958816456612,0.058453833837211394,0.0987424646141315,0.048862480196356216,0.07193040909999193,1.0151153083940654,0.0
2023-12-05,0.003664204232631703,0.04917463760032474,0.09649081942623854,0.04748324411037044,0.07104279420601702,1.0145782517221342,0.0
2023-12-06,0.0003300915653023104,0.04283903033798499,0.0989907480800345,0.04188160306622689,0.06597600840863452,1.0136659357086861,0.0
2023-12-07,0.004001845381695412,0.04759841719252192,0.1008324705628723,0.04828582444916054,0.07330391198133356,1.01340468894493,0.0
2023-12-08,0.0023930796164281154,0.05115599071865304,0.10090344765481259,0.051268628696972504,0.07711151027748132,1.0133903186070383,0.0
2023-12-11,0.011538278215253012,0.06286745086658227,0.09379647083699055,0.05369627069319221,0.08041643261654814,1.0135362982840652,0.0
2023-12-12,0.016292144066591296,0.05193985949567928,0.08240811685712947,0.05673528791150324,0.0844539183342997,1.0138605112909205,0.0
2023-12-13,0.03402601121807276,0.06658948886743846,0.09000724773278654,0.06892705488851157,0.09840022395266404,1.0150643309772043,0.0
2023-12-14,0.029628857886413014,0.05057890275461946,0.06858705044745972,0.07005545789226793,0.10087681046125377,1.0160852554561368,0.0
2023-12-15,0.023691242479428512,0.04681619804727498,0.07001372081582904,0.06603484605951455,0.09806814471936297,1.016556357408443,0.0
2023-12-18,0.025418483839630558,0.05120310167408497,0.070862809830132,0.06988480073510223,0.10329189151848524,1.0171844608363898,0.0
2023-12-19,0.02692417226230991,0.05602252979296623,0.07179905497208662,0.07423334410087724,0.10901023879422274,1.0179645944247826,0.0
2023-12-20,-0.0007260924369819326,0.034400230034248996,0.08967062703866249,0.057649683521076314,0.09267313637433147,1.017231492794766,0.0
2023-12-21,0.005506912281682686,0.04601927543146857,0.09242502427331972,0.06584179974864886,0.10200837433819514,1.017219274638532,0.0
2023-12-22,0.009162433338711239,0.04417341668280814,0.09222773247333334,0.06597729735005795,0.10309219518347677,1.0171701767351244,0.0
2023-12-26,0.007766791165651732,0.04777203447341843,0.09233834894724795,0.06827169884843184,0.10651927013519683,1.0172714921721158,0.0
2023-12-27,0.003510769721312395,0.051380964756155396,0.09116934621749637,0.06817696173885966,0.10727168901712257,1.0172939321726011,0.0
2023-12-28,0.017842756572663966,0.0507690093088218,0.09131710109515842,0.06655159698071149,0.1065223469912996,1.017139127287883,0.0
2023-12-29,0.0055062591525425406,0.048573533633444375,0.09257075644136686,0.061239663640431166,0.1021438954074708,1.0165841716267012,0.0
2024-01-02,-0.0021135187490549548,0.039031800118275485,0.09629724210270024,0.05304619723051543,0.09492898403609257,1.0155077778889214,0.0
2024-01-03,-0.014527288643701997,0.024933084166342066,0.10110942368004494,0.042156949399438634,0.08494190401831356,1.0138337226959706,0.0
2024-01-04,-0.01956008116670148,0.026969924772997308,0.0997086154223235,0.03656395972874454,0.0804724933223014,1.012108926582851,0.0
2024-01-05,-0.018569107187119446,0.02853569788907065,0.09956292939668786,0.03586960794843115,0.08103394579775912,1.0107286216349243,0.0
2024-01-08,-0.001494808908894231,0.046748633159247835,0.10684756159033691,0.047932471188753815,0.09536741244071018,1.0106586820995658,0.0
2024-01-09,0.002599070016432681,0.037629024753012746,0.10573122296569441,0.04343992247690832,0.09263244772438886,1.0103585933867956,0.0
2024-01-10,0.01643876580363059,0.038978770353544544,0.10623519732483973,0.04622930542980394,0.0977329760632229,1.0104575374931244,0.0
2024-01-11,0.019224299321723474,0.03465594587946778,0.10625191108547677,0.042909080214197245,0.09618483574968172,1.0103780098027924,0.0
2024-01-12,0.018548148578024358,0.03079170240050371,0.10576211519831663,0.04088922147789203,0.0958659779217098,1.0102512926276634,0.0
2024-01-16,0.0006950950014529347,0.013417716942628007,0.09722868349471779,0.034628946167708716,0.09086373678098635,1.009738763423928,0.0
2024-01-17,-0.0033609114896035967,0.004639255376996143,0.09904877809326776,0.026941728283018745,0.08388981506918837,1.0087808357567059,0.0
2024-01-18,-0.00014695793464691506,0.01514056993946912,0.10314777086832905,0.03411538039569108,0.09262980477903957,1.0086382248145809,0.0
2024-01-19,0.012682935592639267,0.021920397632476482,0.10966415159242832,0.04480735059943232,0.10528646961157574,1.0094256314223828,0.0
2024-01-22,0.01410244175403619,0.01796997189222999,0.10823071038326423,0.04483119975038431,0.10661730372592583,1.010101226668279,0.0
2024-01-23,0.020692670324621146,0.03483647970423109,0.0939833004215528,0.045646805920526314,0.10880629138151303,1.010746381465912,0.0
2024-01-24,0.027359457989813013,0.02649180108512647,0.08962577850497995,0.04438882525380127,0.10899398462383258,1.0112128161095995,0.0
2024-01-25,0.02393013078529152,0.029908267386049403,0.09075841657923,0.047850661453487695,0.113969308183516,1.011885074936238,0.0
2024-01-26,0.010269847019902948,0.024423453486727694,0.0906230823729383,0.04432217328815675,0.11151031863404824,1.0121677486000202,0.0
2024-01-29,0.016045985948118985,0.030505188119036578,0.09356818413189473,0.05059582975362586,0.11919241723423155,1.0128849968263793,0.0
2024-01-30,0.012359894229132265,0.029353617360699386,0.09381957085144658,0.047854834358155726,0.11728236132645495,1.013230709976558,0.0
2024-01-31,-0.0051844227572107136,0.015801119175373215,0.11168566108299773,0.02924229509872019,0.09811369859411746,1.012026266451793,0.0
2024-02-01,0.002394608662275876,0.034416394797380234,0.11681783322834957,0.04092794839415392,0.11147614288837418,1.0119874983127375,0.0
2024-02-02,0.014138187511548432,0.05308892964197813,0.11489401588108845,0.05001284377660108,0.12209635011579989,1.0126641364094369,0.0
2024-02-05,0.00260210640928681,0.052667375695024866,0.1151689937338211,0.044365615548550154,0.11695768697537333,1.012748734762352,0.0
2024-02-06,0.006274984724658114,0.05419770927247695,0.11510023725765672,0.04558870787439675,0.11910011767488123,1.012900150802113,0.0
2024-02-07,0.03103259875210989,0.04832852683637734,0.10930053736266263,0.052320844485922974,0.12727806181242796,1.0135399662601172,0.0
2024-02-08,0.018470882221345065,0.05028820700229262,0.10864652315568163,0.050757640970263834,0.1266244382816392,1.013915945609286,0.0
2024-02-09,0.01376144603549262,0.050411609873840156,0.10869379221035416,0.05469085675750164,0.13186056232803453,1.0145133561819164,0.0
2024-02-12,0.016970141133410464,0.050413217506711856,0.1086932628360666,0.05209323573807203,0.13007281757460587,1.014773223819176,0.0
2024-02-13,0.00020235529639943926,0.035851915990852024,0.12241477484379383,0.03588313584645493,0.11342462144606198,1.0136889304018932,0.0
2024-02-14,0.0009432711525473106,0.048576702987471715,0.12329464343251244,0.04348893656564858,0.12243910270548802,1.0134083972901777,0.0
2024-02-15,0.007377698868159794,0.061026817360056,0.12077675445139185,0.04861835818077221,0.129024957960067,1.0135877149035168,0.0
2024-02-16,-0.003377597753095104,0.047180970055391964,0.12170601833640082,0.041449168032899754,0.12222541748041205,1.013167089728931,0.0
2024-02-20,-0.008459096831776414,0.029271185082296168,0.11867584639041696,0.03382573112175669,0.1148783739363315,1.0122437075623532,0.0
2024-02-21,0.006315100636435045,0.02806457487325088,0.11865744790853508,0.033006657694285645,0.1146796975558709,1.0114528494987187,0.0
2024-02-22,0.017752596128892774,0.045636628791743336,0.13595116028567408,0.05223595266026828,0.1364810878854872,1.0123537124088071,0.0
2024-02-23,0.011566077879142996,0.045233437249385985,0.13599870577374615,0.05088185294971276,0.13599622059123445,1.0129672104850023,0.0
2024-02-26,0.012889215786888777,0.036140055056989216,0.13688881288450602,0.04514005127587569,0.13057537761868943,1.0129973997972719,0.0
2024-02-27,0.02026587995792923,0.039267218020322445,0.13645549401313925,0.04542623338599165,0.1314279362137889,1.0130192100173752,0.0
2024-02-28,0.018037877728085554,0.030056466653217442,0.13506013215057192,0.042489873836310275,0.12868870311325728,1.0127781520107397,0.0
2024-02-29,0.0011420681834098598,0.034418802746020924,0.1350081076297727,0.044570547237221626,0.13147104157217496,1.0127302860080596,0.0
2024-03-01,0.00979726024983761,0.06021512025643431,0.12021815179479896,0.05260802775743958,0.1407667214976043,1.013299881646158,0.0
2024-03-04,0.012393477998458245,0.04613892439317158,0.11504215773054371,0.04986480389441086,0.13819328398727881,1.0135016063400681,0.0
2024-03-05,0.0004929553818581005,0.025621985890632113,0.11835323300292606,0.03771681121142927,0.1256099072790497,1.012694334676097,0.0
2024-03-06,0.006869946564758908,0.03432430680868954,0.11768054198236799,0.04139626831323377,0.13011949921042085,1.01232175294024,0.0
2024-03-07,0.013159074626416504,0.04130289264777931,0.12105990090432009,0.04996795223507932,0.14006276614715854,1.0126837943914593,0.0
2024-03-08,-0.002205773097632666,0.026976748406691748,0.1217778054769112,0.042132553949937715,0.13199625215193114,1.0123333145848805,0.0
2024-03-11,-0.0019929904639905973,0.02567505170783592,0.12197468435135767,0.03976396699707596,0.12975042943582094,1.011847511284603,0.0
2024-03-12,0.018751487796573513,0.030612027651713003,0.12543993914143128,0.04923822561152948,0.14051372950983762,1.0121921893212185,0.0
2024-03-13,0.012128311938137426,0.029482477613416498,0.12571588583958698,0.045866724273291394,0.13739594213686873,1.0121924487031806,0.0
2024-03-14,0.00027195996534994235,0.04137249731672981,0.11368738981690328,0.0420123912371305,0.13390228827898773,1.0118917617480854,0.0
2024-03-15,-0.0005981452623956881,0.025435331991748748,0.11458895997695905,0.03307515574839286,0.12492783675236932,1.010967572914824,0.0
2024-03-18,0.006187722276286143,0.02448507511596227,0.1140430439651965,0.03723816172200802,0.13035435638190038,1.010592511499889,0.0
2024-03-19,0.0010294596465941028,0.03501908505140221,0.11270596434058733,0.04092892948330809,0.1353856877126706,1.0106220885616406,0.0
2024-03-20,0.011805158180922107,0.04974673262611502,0.11241728292970762,0.048552693815523365,0.1446441532237142,1.011265210005699,0.0
2024-03-21,0.017083056879183458,0.05214045355947823,0.1123304330060984,0.049911586291663056,0.14715024670645768,1.0119025975901432,0.0
2024-03-22,0.02207585670407834,0.029758592566934316,0.09206675983213297,0.04598113127932785,0.14372818647623165,1.0121073574895543,0.0
2024-03-25,0.013383495178192801,0.026302492415012077,0.09318261816648761,0.041214988288851055,0.13932678760643824,1.0119034050735267,0.0
2024-03-26,0.005993224294097115,0.02812309355861055,0.09217901834798989,0.03747941475165199,0.13602970569936698,1.011457618314887,0.0
2024-03-27,0.0051549985005538874,0.034635851168739684,0.09534556557427863,0.0441223290263936,0.14433129008453316,1.0116497917358505,0.0
2024-03-28,0.001664668049186031,0.035767243880578704,0.09498108031992362,0.04175039407517766,0.14291931110098424,1.0116488507017798,0.0
2024-04-01,0.0018208526021257047,0.030437376985650164,0.09544149067548408,0.037988626547857916,0.1397884955670952,1.0113727988075916,0.0
2024-04-02,-0.0017907792113973477,0.01471445295377712,0.09459064144783252,0.029837108572397575,0.13145619870326583,1.0105148867879519,0.0
2024-04-03,0.0011556464541153534,0.01688526201426766,0.09437642791657798,0.029437554823927164,0.13167325904663008,1.0098104923701063,0.0
2024-04-04,-0.019494280081133037,0.014648615705748543,0.0978693365094718,0.015675939714291945,0.11690755637384903,1.00817074418471,0.0
2024-04-05,-0.008910404024631844,0.019986893291187958,0.1025011230958299,0.024884920948633343,0.1275216857300587,1.0076190623184114,0.0
2024-04-08,-0.006609747507814381,0.010668554851419276,0.09722380880856533,0.024154330920885175,0.12706905817178782,1.0071445612575676,0.0
2024-04-09,0.0009247399321197771,0.01784496598352956,0.09428609440554328,0.02398776402841619,0.1273019667276577,1.0067836260076628,0.0
2024-04-10,-0.010236828929886584,0.008641423548371673,0.10150331317574927,0.012760906049542806,0.11497919514112566,1.005622348210861,0.0
2024-04-11,0.009562941839879801,0.0054600697490548335,0.09797729557661213,0.019254416922189786,0.12228471518015133,1.0052466693736857,0.0
2024-04-12,-0.014728884265260974,-0.006870302912210443,0.10950911931137924,0.004021435515207496,0.1058437694244964,1.0037894753956442,0.0
2024-04-15,-0.027895515471541336,-0.017498920585472002,0.11743176357252955,-0.009210098494713692,0.09113103879958646,1.001612682731436,0.0
2024-04-16,-0.030877162254875135,-0.012434051008949886,0.11543378897313307,-0.011433076430274153,0.0883162659242811,0.9997412519103928,0.0
2024-04-17,-0.0267491983223402,-0.024295497050254675,0.11430255935744599,-0.017651046875120226,0.08115128300263369,0.9978088673857312,0.0
2024-04-18,-0.03632755509026381,-0.03189694498780307,0.11169288802200807,-0.019944366729545207,0.07822284468744273,0.9961527491947761,0.0
2024-04-19,-0.03119518463268789,-0.049870645725820444,0.10720918924664355,-0.028445451470298398,0.06815761930505886,0.9942084655465712,0.0
2024-04-22,-0.009420875854825024,-0.04400285331948048,0.11289809612296961,-0.019611554800389258,0.07724232718169197,0.993461426735092,0.0
2024-04-23,0.004201445900112273,-0.030308461812915948,0.1227382552567745,-0.00821118064830371,0.08918324369398137,0.9938829363118336,0.0
2024-04-24,0.009662535576277796,-0.028016456652169675,0.12268365194455545,-0.008914434557934572,0.08784132222180205,0.994244973462221,0.0
2024-04-25,0.007916207338758592,-0.0299739619431416,0.12297414339280006,-0.013102902991752445,0.08294273318565934,0.9942913278293903,0.0
2024-04-26,0.026112254077229946,-0.028913390149144385,0.12408848086494616,-0.004191706922727813,0.09241559416220786,0.9951445110731287,0.0
2024-04-29,0.020480489735032796,-0.025187031633633717,0.12520350734287963,-0.0010410843453197874,0.09551587966068721,0.9961517494341559,0.0
2024-04-30,-0.007284350551942199,-0.039413664966983855,0.13527378341294344,-0.017020470100834503,0.07749660681638265,0.9957122561412093,0.0
2024-05-01,-0.01006219807208633,-0.03628787551285866,0.13439367830459661,-0.0204092233265448,0.07337221951980183,0.9951582854337441,0.0
2024-05-02,0.00305389008951569,-0.02807571830774127,0.13948378338519551,-0.011608924248621037,0.0827655103166042,0.9955172807660431,0.0
2024-05-03,0.005943781841901762,-0.003475328226109584,0.14118498755280512,0.00043259420517783,0.09547139228355217,0.9968372230565107,0.0
2024-05-06,0.012682513141868872,-0.0035941144671330066,0.14107361548698438,0.010356962141651303,0.10596443964537415,0.9987368181282594,0.0
2024-05-07,0.029753286358001993,-0.003050631101167484,0.14112162548735774,0.010968827149107558,0.10635853735633148,1.0003252934050477,0.0
2024-05-08,0.03310249082303114,-0.004110124621947299,0.14104622165088332,0.010599104622151452,0.10566347461057214,1.001570781418458,0.0
2024-05-09,0.02953763865078008,0.011698749272925395,0.13770192183631072,0.01580738109236294,0.1112076607592046,1.002990901484385,0.0
2024-05-10,0.018505909273202628,0.005467639207213241,0.13540539145199562,0.016546939605223514,0.11180598593073215,1.0041697316845333,0.0
2024-05-13,0.008366381430327498,0.019501151228455464,0.1252616041391094,0.016300796514007412,0.1110870806035245,1.0050531100284052,0.0
2024-05-14,0.011841166363906128,0.036686050734279975,0.1156392361108481,0.020462434217549688,0.11533752190768748,1.006054709087936,0.0
2024-05-15,0.024051604221541373,0.0508186418544692,0.12040305966337411,0.03212598073126733,0.1282249325479445,1.0077661145223584,0.0
2024-05-16,0.01624683513986462,0.05469478273513022,0.11773280562005115,0.029179514155431623,0.12498055132578333,1.0088421620208523,0.0
2024-05-17,0.01639589214394731,0.05819108644142436,0.11660508662389059,0.030007977634414224,0.12559065712824524,1.0096949752174222,0.0
2024-05-20,0.017413141800084634,0.06810947766122798,0.10905711185278977,0.03039603810658448,0.12585865670148938,1.0103405659263993,0.0
2024-05-21,0.01528510720081809,0.061392033789923084,0.1069214217251468,0.03205384662513941,0.12755059153914525,1.0109219941842604,0.0
2024-05-22,9.429062000932114e-05,0.04671148657436625,0.10361323124299121,0.028496644934355414,0.12330374724756912,1.0110156560408157,0.0
2024-05-23,-0.005177139254962185,0.039855107903890234,0.10847195947765814,0.020525096880850455,0.11413069799445555,1.0103727134506084,0.0
2024-05-24,-1.8989632847861426e-05,0.0502558894698179,0.10756054071846846,0.02663653655113486,0.12045299383262448,1.0102791103530946,0.0
2024-05-28,-0.00047204889837467487,0.04152517468562336,0.10457495435238892,0.026558534159399957,0.12018541546438204,1.0101430472218724,0.0
2024-05-29,-0.009948834306282073,0.030962709748608215,0.1089039190014031,0.01884717016026608,0.11134041361862197,1.0093569013150288,0.0
2024-05-30,-0.013720600551999999,0.04027523657430845,0.09384789421172565,0.011818347919546833,0.10304509471623408,1.0081047293416834,0.0
2024-05-31,0.0026772365769791914,0.052594542552955745,0.09499196253257752,0.02076164560959643,0.11204502292298112,1.0077542594141085,0.0
2024-06-03,-0.003102402060517911,0.0440995973197843,0.09182906627551615,0.021372517771365555,0.11186356731018361,1.0074561119221757,0.0
2024-06-04,-0.0026836799899365763,0.032897712853785024,0.08398577132913099,0.022230275229918772,0.11197360466117626,1.007226542343705,0.0
2024-06-05,0.016158724046959425,0.03443892065369877,0.08614112793477974,0.03378369525603419,0.12397381281388667,1.0079142741782903,0.0
2024-06-06,0.022795291327464443,0.033317241543770894,0.08631672089823585,0.03313091454687497,0.1227726151689601,1.0083578847356571,0.0
2024-06-07,0.012512206683804348,0.032004258413728955,0.08672115833390127,0.031442957869701596,0.12022556475940359,1.0085095205870322,0.0
2024-06-10,0.01478221202611496,0.029344170695119177,0.08557168649797861,0.03412695775039074,0.12254083672163513,1.0087778032098553,0.0
2024-06-11,0.016070233049994997,0.03046203663057739,0.08564119094101078,0.03602572863858865,0.12401109649679204,1.009079398844418,0.0
2024-06-12,0.01243458876433023,0.03850712798770149,0.08856781329146797,0.04362769466117602,0.13198603034536227,1.0098704282025477,0.0
2024-06-13,0.014465004907268762,0.03594108008713354,0.08801046572696618,0.04480093514952896,0.1330287314439028,1.0105354113304459,0.0
2024-06-14,0.016289537646255722,0.024242191838443304,0.07914856911972612,0.04424147321955252,0.13255433810019857,1.0109806389118792,0.0
2024-06-17,0.021132141870613824,0.034229477425868376,0.08156309341926504,0.05139289230140204,0.1403683355676352,1.0118422043391162,0.0
2024-06-18,0.021264192861812543,0.03533033734844262,0.08161932380527102,0.052859361422870434,0.1420405755967923,1.012581270908863,0.0
2024-06-20,0.01036435461849243,0.03145834080610929,0.08302656517406107,0.04888448940358601,0.1377464710705408,1.0127902142650742,0.0
2024-06-21,0.007011355364356257,0.0276673282506717,0.0835163008912049,0.0461885668511578,0.13501961473211493,1.0126960017140234,0.0
2024-06-24,0.003147210144564677,0.027295111362998663,0.08376181640718898,0.04173074724733749,0.1301207013112483,1.0122132401425252,0.0
2024-06-25,-0.0009369681116632731,0.03846964856916729,0.0780003405828357,0.044314221486207644,0.13322064258899247,1.0120032198588131,0.0
2024-06-26,-0.002227084542006359,0.03312224243928412,0.07606171119382034,0.043909480105926255,0.13338393142091262,1.011800154971078,0.0
2024-06-27,0.002068502991005092,0.033998892695489065,0.07599470320278219,0.04377910365900381,0.13394433602932226,1.0116312761188448,0.0
2024-06-28,-0.000532732757840076,0.03708342979911369,0.07223080836869938,0.037876293199521814,0.1282601785926406,1.011048219648086,0.0
2024-07-01,0.004779277076575534,0.04579498899157419,0.06541583403024735,0.038134523816250675,0.1293532666816007,1.010629541316135,0.0
2024-07-02,0.00764288041569568,0.04343529240788378,0.06274213272693765,0.042919309241651084,0.13572019323079643,1.0107183242399642,0.0
2024-07-03,0.010848456459245415,0.04707310095904745,0.0630910739527766,0.04545468066016346,0.139460805856965,1.0110221769214107,0.0
2024-07-05,0.015022928005698979,0.05170550069112462,0.06408392514873339,0.0494689580990711,0.14466432736975102,1.0115957870249817,0.0
2024-07-08,0.02011891703166538,0.04104362278381965,0.05438667382289349,0.04863642648306172,0.14460165225584756,1.012001229324761,0.0
2024-07-09,0.01903493017551696,0.04203462783962672,0.05404085044845462,0.04752181251981079,0.14427950853055835,1.0122561407754045,0.0
2024-07-10,0.022174518001070995,0.05309760372515043,0.05909278171540892,0.05571089870517143,0.15400619408555807,1.013109754757172,0.0
2024-07-11,0.009061516866829801,0.0413524057997623,0.07058766652608307,0.04471910217159564,0.14252280843888382,1.0129216545157418,0.0
2024-07-12,0.009599537133917077,0.045234804775046704,0.0721537765339856,0.04896036084787574,0.14817088710831883,1.0131314782679228,0.0
2024-07-15,0.011192919971085923,0.039801953990575345,0.06881444178952625,0.049376974888915605,0.1496782490053223,1.0133638517140189,0.0
2024-07-16,0.016133327866180495,0.04370295079853845,0.0702101143215244,0.05318075050496019,0.15480291420849457,1.0138675160200903,0.0
2024-07-17,-0.007833783229985148,0.028974282848909565,0.08988517409882311,0.03658573492156408,0.13706712745083172,1.0129621912696574,0.0
2024-07-18,-0.006888242151650256,0.013332021777498216,0.09183910667519245,0.02717618551626797,0.12683816668504974,1.0114901901421784,0.0
2024-07-19,-0.01983869753389372,0.004131914379340434,0.09491596570810183,0.019085613526245413,0.117918299946966,1.0096783683387183,0.0
2024-07-22,-0.012328099818304024,0.01710949955377889,0.1003795513591665,0.028099106825606,0.12786612092421185,1.0089637103929763,0.0
2024-07-23,-0.019810384929769533,0.016881210504412658,0.10044443407870876,0.02514557157162278,0.12457055581716862,1.0081763493035558,0.0
2024-07-24,-0.028613379155116008,-0.002786306450771124,0.1293945372938944,0.0010951836024980044,0.09773486560445525,1.0056564871378735,0.0
2024-07-25,-0.026122545240214165,-0.011853555351052675,0.1296957971026432,-0.004826620332257459,0.09076219496764931,1.0032054400644093,0.0
2024-07-26,-0.008322272712879561,-0.001963273791532768,0.13581735700021497,0.005470803584722939,0.10167721359732748,1.002120172735133,0.0
2024-07-29,-0.017992023336999622,-0.0029510267742258196,0.13570750010549334,0.005442091851160133,0.10104684331313289,1.0012915047057542,0.0
2024-07-30,-0.021501481874246903,-0.00408753861199417,0.13616505176277308,-0.0002058137011276124,0.09425011645538309,1.0002251563412083,0.0
2024-07-31,0.017545929835633828,0.009980346308287166,0.14735565293094569,0.015181727824897203,0.11067315285974098,1.0006696132318729,0.0
2024-08-01,0.008507602876778573,-0.010988832889969784,0.15393873597244095,0.00026551545549457627,0.09366637395858315,0.9998742740693884,0.0
2024-08-02,-0.021424023801378485,-0.034235754052156675,0.16512736996860036,-0.01847548034886796,0.0722094381739408,0.9977745692654141,0.0
2024-08-05,-0.05156780790300958,-0.06954176268293438,0.18883635661792397,-0.04668381336155297,0.04008427192743762,0.9938648418214813,0.0
2024-08-06,-0.03731105421654966,-0.06151750986020922,0.1932217837463826,-0.03781936219055651,0.04865770710598909,0.9915523509053146,0.0
2024-08-07,-0.060141355032345925,-0.06919593889957573,0.19309902370009693,-0.04393064330489951,0.04063882041454223,0.9893032699320544,0.0
2024-08-08,-0.023025290209724207,-0.05618864110076499,0.20886633543569288,-0.021920817672612586,0.06348120558723047,0.9894387092168373,0.0
2024-08-09,0.00016888573592105383,-0.04312838518306543,0.2090511291671726,-0.0179183905339457,0.06692148180189232,0.9900128421287901,0.0
2024-08-12,0.030250353162502505,-0.04889094665434896,0.20709790574339307,-0.017849156237092875,0.06626521222238087,0.9906178338820745,0.0
2024-08-13,0.037384780775177984,-0.03532564905611717,0.21640826686733897,-0.0022984559364478945,0.08240693293317934,0.9925063742471132,0.0
2024-08-14,0.04724091711288548,-0.03808834965287076,0.21539588471344925,0.00019927326569237864,0.08435510836804642,0.9943248225916455,0.0
2024-08-15,0.04138206909205415,-0.006972788778725696,0.21991740997804335,0.01635668935040372,0.10133114583529051,0.9971936087269136,0.0
2024-08-16,0.03922148153130752,0.0029813384998923454,0.21840513985934165,0.01783634436373193,0.10223092694352189,0.9996486460691332,0.0
2024-08-19,0.04821211860522729,0.01915986948477205,0.2192429564048003,0.026562667464428726,0.1111597028404274,1.002346806946859,0.0
2024-08-20,0.030273021277234875,0.007275472039421732,0.2167110521687204,0.023901633076926998,0.10780896445477452,1.0042904357910474,0.0
2024-08-21,0.03055370012872367,0.012275735405622448,0.21684614857688492,0.026416297826008208,0.11013763796400171,1.0060361817366859,0.0
2024-08-22,0.005679188609722182,0.027319778986112497,0.20205447227909004,0.01757816393088443,0.10005228121224899,1.0066891626353847,0.0
2024-08-23,0.01400905449781676,0.04311293823792327,0.2030328380078877,0.027544018281987416,0.11030321792140133,1.0079774583251666,0.0
2024-08-26,0.0021064764137308793,0.029588618611382487,0.20080112265628056,0.024342285352562817,0.10625389058023084,1.0086960779604661,0.0
2024-08-27,0.005105832768854011,0.03037332814527536,0.20077907042194576,0.0249802713977093,0.10636716784671091,1.0092668244080605,0.0
2024-08-28,-0.004146989477530122,0.029630227802339232,0.20109962891206543,0.018547968775202053,0.09854893452522731,1.0091360227875632,0.0
2024-08-29,0.003821946555119262,0.013595795705597926,0.19385884630600164,0.018207316272602487,0.097327109075801,1.0089353912381178,0.0
2024-08-30,0.0027536344025505107,0.03735896976369521,0.18822647481236307,0.027236634590933506,0.1064105865728833,1.0094400784777748,0.0
2024-09-03,-0.01565352512760163,0.03535911728515934,0.1910863829277868,0.005819377755549419,0.08249435681819882,1.0080619407395797,0.0
2024-09-04,-0.019074619075478087,0.06286651697280685,0.154721343130984,0.003460472363188063,0.07915820123773708,1.0067280113191046,0.0
2024-09-05,-0.015687310099223847,0.05125397191966504,0.15410155181977428,0.0008457082680967239,0.07543797065496075,1.0054132974845067,0.0
2024-09-06,-0.03275024306059878,0.04098690767734508,0.16546554299741056,-0.015814100672767187,0.05636438839703361,1.0029864207482768,0.0
2024-09-09,-0.031117390352929035,0.029266869620490382,0.15117473756639807,-0.004796484889097633,0.06718144576164714,1.0019223069342866,0.0
2024-09-10,-0.005977067951784461,0.02921316359745383,0.15116139392682829,-0.0006279013768213277,0.07078221135962492,1.001410689406575,0.0
2024-09-11,0.006278558629356763,0.038894722439661106,0.15415346153262374,0.009290872322273038,0.08066990574322125,1.0018087629927284,0.0
2024-09-12,0.017101576304287894,0.03097076744877495,0.14706927872387304,0.017418988331819384,0.08862165231551783,1.002774194189099,0.0
2024-09-13,0.039284151695721026,0.033030142260180625,0.14753708294101892,0.02234017298269608,0.09311301163343928,1.0039175308979917,0.0
2024-09-16,0.02962607025070333,0.017510870779139563,0.13647692040588938,0.02354472832542405,0.0935299590495635,1.0048846549833754,0.0
2024-09-17,0.02568823891864794,0.01567992098479425,0.13638666241294914,0.023672947630380296,0.09277565607663389,1.0056166117651968,0.0
2024-09-18,0.012511263656409236,0.0031938674908430493,0.13308998538790107,0.020429851502484463,0.08837598757158092,1.0058844667188636,0.0
2024-09-19,0.021043685824058474,0.02174143199559855,0.1449464298572447,0.03747849963570226,0.10569853524228362,1.0073944360919875,0.0
2024-09-20,0.01410418785906317,0.01658062999052012,0.1449744039237628,0.03517652950502601,0.10252714337476293,1.008345472127473,0.0
2024-09-23,0.015124309909789408,0.02695599207920679,0.14157250780412045,0.037332936917861485,0.10400620152788076,1.009192651594258,0.0
2024-09-24,0.017573030119985587,0.019243896606963073,0.13766573589375908,0.039866097896933586,0.10585135142683022,1.0099780299020575,0.0
2024-09-25,0.01833515382035929,0.019422544897471458,0.1376131070230772,0.03731164205448777,0.10215428188800639,1.0102960964853487,0.0
2024-09-26,0.005371814716116905,0.02200741394286144,0.13800971941115053,0.04077814873441179,0.10526082141309195,1.0107441850826357,0.0
2024-09-27,0.00565058533236294,0.026378204800413182,0.1360852814339844,0.03849416703233434,0.10242655896603742,1.0108517739543392,0.0
2024-09-30,0.007153942840348832,0.030287988364436358,0.13633672071995184,0.04165442434484664,0.1056088601099384,1.0111321719480215,0.0
2024-10-01,-0.004702019107217535,0.011788243097195021,0.13761410252637263,0.0317360623991773,0.09460345682660523,1.010498957100113,0.0
2024-10-02,-0.002072173020499126,0.03300389700457396,0.11367329435806618,0.03154336400547109,0.09397905846483966,1.0099164967969068,0.0
2024-10-03,-0.007859120541700682,0.03322291247663885,0.11358790043354183,0.028603811827424237,0.09089991766546515,1.0092005186378064,0.0
2024-10-04,0.0026388470129427057,0.04470436191257973,0.11542019446540312,0.036591065999502986,0.09969979325563419,1.009259606957339,0.0
2024-10-07,-0.010442056452364335,0.0525961749726708,0.101342325951447,0.026290519675252075,0.08874039352599254,1.0084716615168636,0.0
2024-10-08,0.007969802945676972,0.05087543639580102,0.09965745377243733,0.034871632399711666,0.09788696934959167,1.0085114711713181,0.0
2024-10-09,0.014450788441029523,0.053431753397387934,0.10066752792760307,0.04065695617403201,0.1043402416426989,1.0090000641106314,0.0
2024-10-10,0.014528982973512313,0.0414733368207944,0.09767768562108864,0.03782495885229123,0.10128108155194498,1.0091359518951744,0.0
2024-10-11,0.01145286692814589,0.03905565253643773,0.09602267049584233,0.04260358603529709,0.10672937919552812,1.0096175030762102,0.0
2024-10-14,0.028679817740622685,0.04199184101757245,0.097834729410713,0.04912825951695072,0.11458623943994037,1.0105408850030433,0.0
2024-10-15,0.011466431982833265,0.032715798127930955,0.10356935770449399,0.03859044279084364,0.1047928721803327,1.0105082531380618,0.0
2024-10-16,0.008900857416564836,0.03664437189530483,0.10391357532325933,0.040802258051313996,0.10841812575637522,1.0107101365462479,0.0
2024-10-17,0.010738231603463782,0.03970030476784894,0.10269848439630319,0.038468189597125425,0.10731044402522748,1.0107502349978856,0.0
2024-10-18,0.008607120139539204,0.02661908685191846,0.08744048995449512,0.040401027163575486,0.11030117362076235,1.0109660793472002,0.0
2024-10-21,-0.0011816690322942146,0.026705984126215068,0.08740346128152623,0.03676369602153073,0.10720870226784865,1.010874827324182,0.0
2024-10-22,0.006087298002768018,0.023678786220909562,0.0874982336434362,0.03431393808732555,0.10536485570617123,1.0106347945065643,0.0
2024-10-23,-0.007429298182348217,0.011642043592971028,0.09418000187106869,0.023497913993471637,0.09414683545795005,1.0095905140266561,0.0
2024-10-24,-0.005354540464560161,0.01601061048292949,0.09378041339914658,0.02436365318662838,0.09537497195704359,1.008835434378177,0.0
2024-10-25,-0.009539286162759645,0.011707985973041908,0.0931157003197692,0.023008864365961522,0.0938905115189375,1.0081155740798076,0.0
2024-10-28,-0.004809169291787965,0.016246229502064162,0.09320898572397342,0.025149405211038648,0.09614437207336836,1.0077056455540683,0.0
2024-10-29,-0.002660808023704982,0.013864035356855747,0.09253308421310265,0.025944020760148068,0.09678470306982899,1.0074257280353172,0.0
2024-10-30,0.003488869096819262,0.019832931797007826,0.08681619768894053,0.022010603278724866,0.09233904179099793,1.0068791931929377,0.0
2024-10-31,-0.01846935796722096,-0.000386574463792342,0.11273566771481135,0.001632413685419388,0.06991064353854336,1.004805729731879,0.0
2024-11-01,-0.013912254296711737,0.005654852218030853,0.1134527636777692,0.005274636430994236,0.07342635934752383,1.0034559952786628,0.0
2024-11-04,-0.019155032300301463,-0.005547649811180005,0.10908562001184229,0.0027776592906025924,0.07019019081454997,1.00218789431628,0.0
2024-11-05,-0.008752962608061111,0.01555312920115897,0.11204469497329636,0.014273751379820395,0.08213710194718359,1.002123353565867,0.0
2024-11-06,0.018838122812636894,0.030701251663967748,0.13644850605499234,0.03835462935688639,0.10789411894182728,1.0040304715830948,0.0
2024-11-07,0.04633841947785891,0.03150105657303704,0.1368777905724563,0.04495088513246627,0.11526113697879627,1.0060996954151573,0.0
2024-11-08,0.04644930291943638,0.037575172163954916,0.13667673807856065,0.04794963657273432,0.11889046406080553,1.007994466823107,0.0
2024-11-11,0.04955779665980279,0.03255727992047689,0.1358454675143093,0.047597298319460635,0.1187439237726243,1.009455192380078,0.0
2024-11-12,0.034427447521998146,0.02130075898253443,0.13455011675306214,0.042646279895659465,0.11412153480752239,1.0102306564886023,0.0
2024-11-13,0.010351861403060755,0.029586681084195238,0.13071759763726964,0.04140922019034877,0.11351048627086202,1.0107556716260093,0.0
2024-11-14,-0.003801687463907834,0.018798511692564374,0.1329948484120397,0.033076136886570386,0.10516561199197323,1.010520624512659,0.0
2024-11-15,-0.021015403910402318,0.005821536650088815,0.1413264703571663,0.01817604357239626,0.0899835688508116,1.0091865871721621,0.0
2024-11-18,-0.017878821980353996,0.006071337800583694,0.1414084245828798,0.02080728905942361,0.09344834442803654,1.0083622400688645,0.0
2024-11-19,-0.011118792677218383,0.011363635337610263,0.14168524160135773,0.023005220722265397,0.09640233256023523,1.0079124766427363,0.0
2024-11-20,-0.011265627674298614,0.012233755407128606,0.14163431439620874,0.02201380737495601,0.09574478860264798,1.0074967336571867,0.0
2024-11-21,0.0005392055985818283,0.02676701547349442,0.13791170706119996,0.026211031075558944,0.10060347747990446,1.00751422963286,0.0
2024-11-22,0.016525226498759298,0.027701303613408276,0.13802524907985012,0.028139958113508973,0.10297355073657394,1.0076897870744927,0.0
2024-11-25,0.015822437419931938,0.03143306138327528,0.13806351737911127,0.030331938294479558,0.10568045404153865,1.0080105404503228,0.0
2024-11-26,0.01738148353555641,0.03355428816495464,0.13856592794493774,0.03430993224146156,0.1103817316343151,1.0085883109196894,0.0
2024-11-27,0.014007988927967039,0.02890255235880063,0.13949164488742352,0.029787591319395155,0.10589931170053021,1.0086952758607481,0.0
2024-11-29,0.01484702672188726,0.03812517309856242,0.1394796641539918,0.03499872653085432,0.11165406099244683,1.0091771524297883,0.0
2024-12-02,0.013543227315445976,0.059713888896075214,0.11527816918183263,0.035595279517751335,0.1125556917475646,1.0095913234094092,0.0
2024-12-03,0.010620578900095557,0.05596589458008258,0.11544876487781307,0.034859628480151,0.11195389775887367,1.0098406621792262,0.0
2024-12-04,0.011603097455068982,0.06431241792032509,0.11467497133539704,0.03998976063010588,0.11766985118427764,1.0104208820149116,0.0
2024-12-05,0.012990752346179675,0.050646267313041414,0.11093667987935783,0.03697850654150805,0.11466101418210912,1.010619389922821,0.0
2024-12-06,0.008691899928483569,0.027978950214409094,0.07629180407115904,0.037684668208206325,0.1156974066040502,1.010803664607724,0.0
2024-12-09,0.0017378460091124507,0.015113315427328751,0.07577225314714713,0.031171470264961088,0.10891797432906423,1.010407180375462,0.0
2024-12-10,-0.0018396083464882397,0.0076769833141579575,0.07569600824702245,0.026948347211849532,0.10444199379836391,1.0097278827531588,0.0
2024-12-11,-0.00032919733447043815,0.014425423926051863,0.07985098140919222,0.03351950292005356,0.11190770771639824,1.0097018150777932,0.0
2024-12-12,-0.0038481350888158712,0.012370684702227398,0.0813849230776839,0.026954710987397643,0.10513875897101892,1.0091551047246359,0.0
2024-12-13,-0.005940621426193812,0.011686467385154525,0.08143037484899632,0.025482578294388693,0.10390119928088971,1.008606232067428,0.0
2024-12-16,0.0034834320321068014,0.02239843492334339,0.07820635516724159,0.02868081952970578,0.1076158982249228,1.0084189879366188,0.0
2024-12-17,0.002468696769970689,0.031161083994530964,0.0628925949860902,0.023176620835982428,0.10207894982826168,1.0078451777341693,0.0
2024-12-18,-0.035488667340472034,-0.0031844214340661786,0.12592099169253443,-0.007758013568477024,0.06841646609936994,1.0049210203104182,0.0
2024-12-19,-0.030630084683863183,-0.007140607304417402,0.12515997237708756,-0.008363649428117065,0.067299349213016,1.0025438875252275,0.0
2024-12-20,-0.018492019342202237,0.004460075717250903,0.13220588720148987,0.002969718783652727,0.07930178645879174,1.0015875474391853,0.0
2024-12-23,-0.016782567156529787,0.005076662168231771,0.13252488748134392,0.008392183878436982,0.08487900669523948,1.001293753405647,0.0
2024-12-24,-0.00160006272229557,0.013035794773476099,0.13745996339176675,0.0189461554270048,0.09597298461014617,1.0019334335351109,0.0
2024-12-26,0.028723011387902526,0.009716152533904409,0.13709901223073145,0.018202851929018455,0.09513665993832567,1.0024169680677175,0.0
2024-12-27,0.01844799997557319,-0.006074090864400623,0.14106709305926615,0.006984668239112238,0.08276494185209518,1.0019222342121514,0.0
2024-12-30,-0.004968848784450974,-0.01451676199516711,0.14607999002188668,-0.004770262946802907,0.06963221812257166,1.0006040411491477,0.0
2024-12-31,-0.01458393001697319,-0.02435429457062868,0.1442015224986695,-0.008506761716114261,0.0649551381309949,0.9992753551274602,0.0
2025-01-02,-0.028097877032784355,-0.028605309574754236,0.14385702012327534,-0.011042227489956919,0.06159867753451802,0.9980464569233035,0.0
2025-01-03,-0.01573836587882075,-0.016642792245011903,0.15153359721750195,0.0009647818071008382,0.07408073315556966,0.9980880824619889,0.0
2025-01-06,0.000587956774145415,-0.01708923154532419,0.15128206374147682,0.006073880635642524,0.07948573425054248,0.9986012842923475,0.0
2025-01-07,0.000696668052325768,-0.026810846289021015,0.1556422195086813,-0.005679827642769883,0.06659219957901495,0.9981137229026062,0.0
2025-01-08,0.005801351661992127,-0.02724484283712012,0.15553804643431848,-0.004643802130251296,0.0674418301415143,0.9978684839880353,0.0
2025-01-10,-0.007123745987146119,-0.0374669015710128,0.16260926325471897,-0.019893574399121847,0.050519751434515266,0.9964854466089343,0.0
2025-01-13,-0.01800043022078036,-0.03280361411930403,0.16293084195533147,-0.018425933356035283,0.05150586323412811,0.9955597902283586,0.0
2025-01-14,-0.02236942194360895,-0.0391294561544627,0.1598438051598973,-0.017212250746048437,0.05234323685855101,0.9949910033587206,0.0
2025-01-15,0.007025684050405661,-0.01593702714979948,0.1734200274453876,-0.00021457687958068386,0.0707621538604639,0.9960375374445023,0.0
2025-01-16,0.003640700917432841,-0.01766352049349347,0.17345285761226986,-0.002894614617563271,0.06798439293633243,0.9967480266911771,0.0
2025-01-17,0.02901572653462501,-0.011934607068494597,0.17668139195451935,0.006109661153301764,0.0778923755292057,0.9981448279247639,0.0
2025-01-21,0.03657821930274805,0.0013059084134733352,0.1792543024646577,0.014353008101443847,0.08689012946266084,0.9999959928461783,0.0
2025-01-22,0.040809149722416324,0.03716836090842565,0.14200509068766917,0.01945921623404813,0.09203295584937392,1.0018975064976816,0.0
2025-01-23,0.02822574869424847,0.042918806228312165,0.1423419862301344,0.024467534918910402,0.0970420846661555,1.0038028796426128,0.0
2025-01-24,0.027227011777555533,0.028055510626264293,0.13858473684369563,0.02107222804010662,0.09291288243628446,1.0050081876439352,0.0
2025-01-27,0.002990905462199874,0.007838865550235058,0.14747624707083395,0.006540357183048719,0.07663046153507835,1.0047462436348527,0.0
2025-01-28,0.0024348030997282163,0.005340774235497118,0.1454364683595949,0.014861044892327169,0.08495240837673182,1.0051727075382286,0.0
2025-01-29,-0.00766418236374533,0.000781167156777794,0.14636537237601588,0.010086822178637564,0.07922877244783501,1.005086091227053,0.0
2025-01-30,-0.007754585624606561,0.01671622062813241,0.14214611486824172,0.015041895784736956,0.08405786536349712,1.0053891693211836,0.0
2025-01-31,-0.010166913524095657,0.02285744588661961,0.13696237017348248,0.009029401802884505,0.07730221392672874,1.0051365722421333,0.0
2025-02-03,-0.002673109224389995,0.019749686342818252,0.1387273168798705,0.001849462844713213,0.06910426201410548,1.0043419684844912,0.0
2025-02-04,-0.00454290485193106,0.028895746416350412,0.13951814163225704,0.008115402811214836,0.07525664950434277,1.0042029590808923,0.0
2025-02-05,0.003996519876548558,0.0205160529121471,0.13406908115920832,0.01167068992287652,0.07856128040062016,1.0043699471058685,0.0
2025-02-06,0.002113486079526721,0.018241749933513716,0.133279322170166,0.014689466060759588,0.0811915075327146,1.0047288180388183,0.0
2025-02-07,-0.0017462578204817981,0.020414520013812047,0.1309579837922358,0.005157178107799869,0.07028459388636449,1.0042195496880333,0.0
2025-02-10,0.011774556701180224,0.025722891382006348,0.13248924680454902,0.011667853887013958,0.07655540701038405,1.0043133642293516,0.0
2025-02-11,0.005848772795271963,0.041868265198768496,0.11799762956737075,0.012211190452240579,0.07637069426428245,1.0043981196444387,0.0
2025-02-12,-0.0014243610783416477,0.03709212205458582,0.11937613156577816,0.008729693594255909,0.07190524250657948,1.0041558450448733,0.0
2025-02-13,0.005608336096714909,0.04621950797383757,0.12312744988711237,0.019066055257038222,0.0821998050606864,1.0047610095300368,0.0
2025-02-14,0.014754746913337672,0.028143582876744056,0.10896086035993212,0.018740062306069838,0.08114337949874739,1.0051751253894097,0.0
2025-02-18,0.010917934648443987,0.033000125113017496,0.10842459642855218,0.02140304677257926,0.08321943757366283,1.0056750459790555,0.0
2025-02-19,0.012510149064270466,0.02536268772841395,0.10409430272163812,0.02355871946066169,0.08464292321104706,1.0061896413125182,0.0
2025-02-20,0.011567817342045334,0.012081720093883103,0.10152280019137996,0.01910440178476746,0.07907822432132035,1.0061853011394228,0.0
2025-02-21,-0.01618669461410145,-0.010776336362680201,0.11695735480915842,0.00186855744861545,0.05974509790522288,1.0047383710298956,0.0
2025-02-24,-0.02069797197916813,-0.02078013779667254,0.11566495609370411,-0.002508953744283133,0.054126018259352066,1.0031900428369915,0.0
2025-02-25,-0.02861515258415719,-0.022842039248695226,0.11631810161080343,-0.007252894750986915,0.048124506501262855,1.0015464959520188,0.0
2025-02-26,-0.030462885801917427,-0.008091103535703347,0.10606430937194887,-0.006390481015822119,0.047892900944867776,1.000278505597373,0.0
2025-02-27,-0.04238452930637911,-0.03273761231222422,0.11395535958755636,-0.021686292502027794,0.030531897285522542,0.9980185822476881,0.0
2025-02-28,-0.009647286526981266,-0.012759440525916134,0.12766427463007013,-0.006153080256535311,0.0458923866914909,0.9974810025316437,0.0
2025-03-03,-0.022761914506542986,-0.035787466678608965,0.138574316485822,-0.022879361998455923,0.026954998084727656,0.9956971359572954,0.0
2025-03-04,-0.02968372254259262,-0.04235884826719219,0.142556925113207,-0.03362357889507743,0.014276459046118609,0.9934141286916448,0.0
2025-03-05,-0.01949796319530664,-0.02491595750661999,0.14795960279320394,-0.02319615976673205,0.02465192175244904,0.9925247363216556,0.0
2025-03-06,-0.021317815744243063,-0.04951252320453621,0.15579580400333623,-0.0401681583876258,0.006029185431092859,0.9905095907069841,0.0
2025-03-07,-0.031213682512853703,-0.04796964291531839,0.15668405671757094,-0.034295413094728985,0.011210020657319358,0.9894625282350743,0.0
2025-03-10,-0.04053493743614629,-0.07843589019428197,0.17683496796176462,-0.05894086461718692,-0.01603156155135809,0.9866619648797958,0.0
2025-03-11,-0.03697533813207635,-0.07758792857878674,0.1765291623370149,-0.0653399264575082,-0.02446532718551095,0.9839541339489113,0.0
2025-03-12,-0.04237311539792511,-0.07906362960572533,0.17549809809532088,-0.05903620737749912,-0.01958202767684666,0.9823966083810219,0.0
2025-03-13,-0.03788251947863376,-0.09324381547844193,0.17775124429496345,-0.07021481146419441,-0.03291013649383389,0.9803232345897727,0.0
2025-03-14,-0.023026583680190192,-0.06957186551716694,0.19759473862279367,-0.050195630114463444,-0.01326700771916976,0.9804900753697479,0.0
2025-03-17,0.011651644667565273,-0.07239258162343161,0.19533851704046296,-0.04225952577190497,-0.006027726136167158,0.9814437915985074,0.0
2025-03-18,0.009132326835801136,-0.08321034865632328,0.1965582392337641,-0.051854736820312365,-0.017115162025139373,0.9815426420290816,0.0
2025-03-19,0.014671622795620134,-0.07530994145854918,0.2018827729216617,-0.04072388223543355,-0.006841689924969548,0.9826815751337639,0.0
2025-03-20,0.025195686952573675,-0.08055827759013873,0.2007530030171991,-0.04253036522940388,-0.010087933496173412,0.983540400004711,0.0
2025-03-21,0.005080391647482496,-0.07605929121172976,0.2012632754000911,-0.04146941251713586,-0.010133370479825621,0.9844255813363494,0.0
2025-03-24,0.015148768835653515,-0.04105711817367663,0.20781264754803525,-0.02385090590575786,0.0071311531106848045,0.9867164109112394,0.0
2025-03-25,0.028416899775222933,-0.03409547690193221,0.20811190358905246,-0.021394939821050486,0.009131596909331576,0.9888562925013091,0.0
2025-03-26,0.005574791286485688,-0.04111999758790629,0.21094509707036815,-0.03271411217277232,-0.003270998963568724,0.9896972355952756,0.0
2025-03-27,0.005811520610904757,-0.044283871177316546,0.2107643235053094,-0.03484405906389528,-0.006264481422547961,0.9902616585870901,0.0
2025-03-28,-0.014862120121277833,-0.0485368820266285,0.2147956913599856,-0.05314148116834032,-0.02650455663374288,0.9892095478834549,0.0
2025-03-31,-0.02592187360500752,-0.057331705251702884,0.20765637380976207,-0.04579442732215045,-0.020220268329201343,0.9890273187585787,0.0
2025-04-01,-0.025502458722415265,-0.03683602111780449,0.20110437047888538,-0.04196141126003245,-0.01768024932258392,0.9892297487328701,0.0
2025-04-02,-0.007183818172572694,-0.01862009321788636,0.1994091227207093,-0.03468777970609579,-0.011713681410945132,0.9900109959050452,0.0
2025-04-03,-0.05506095598527734,-0.07984686396728724,0.2586235388916917,-0.08012221894426813,-0.060423147887193544,0.9867945499277625,1.0
2025-04-04,-0.09504396767495121,-0.12226303395733665,0.3218011292156358,-0.13091694476030044,-0.11515828586814694,0.9798807918224558,1.0
2025-04-07,-0.10351703610590172,-0.12963505884475093,0.3195124318663623,-0.12941723463757326,-0.1164464350502674,0.9744533890832019,1.0
2025-04-08,-0.12212401988710914,-0.11842510356876734,0.31259192662755814,-0.14005182368011623,-0.12995262354541898,0.9692331578282071,1.0
2025-04-09,-0.02856966729835922,-0.010214422384169225,0.4804605407852479,-0.047956827295366995,-0.03865848215304593,0.9731459334865865,1.0
2025-04-10,-0.022841334090866333,-0.06031508266022846,0.5036536336812817,-0.0872850987705043,-0.08067821086053485,0.972966887981963,1.0
2025-04-11,0.05517084436154427,-0.029209670117158623,0.5069610839871029,-0.06875455913847846,-0.0642276240475522,0.9745102853540942,1.0
2025-04-14,0.06660829255500607,-0.04000018260955466,0.5024629989562035,-0.05771861086626467,-0.05513876612935252,0.9767763008811104,1.0
2025-04-15,0.07958989780493496,-0.05048685043139765,0.5012537854817006,-0.058436936890512624,-0.05775538471693893,0.9785929556141855,1.0
2025-04-16,-0.04275145606639422,-0.062098205286364574,0.5053212600242026,-0.07696302979743848,-0.07859074041400962,0.9784850785735227,1.0
2025-04-17,0.003482257155190672,-0.07150444830065791,0.5031329809353603,-0.07317243261766512,-0.07716442302934572,0.9787482709072175,1.0
2025-04-21,-0.038293838800616695,-0.09269919587034899,0.508194375662639,-0.09233712366991711,-0.09889371955237022,0.9773137414590544,1.0
2025-04-22,-0.022263264074842314,-0.06734383833187946,0.5186593693141728,-0.06635620290031773,-0.07529444262544253,0.9784374815247979,1.0
2025-04-23,-0.004081847669353336,-0.06971746693640449,0.5175148355133211,-0.049613313480877476,-0.060850475772021004,0.9807877851995354,1.0
2025-04-24,0.039227355008148175,-0.05128775005343933,0.5239793719268031,-0.027647640284357195,-0.04105374650858008,0.9845348554280049,1.0
2025-04-25,0.04500076999006526,-0.03207846959707833,0.5237850458879321,-0.018845430798534762,-0.03412556406195597,0.9882317580696762,1.0
2025-04-28,0.06947281162345718,-0.029037904857796556,0.5238081751468642,-0.016471543769817246,-0.03371304915449401,0.9912885436397775,1.0
2025-04-29,0.050067072561863595,-0.0024146456487380242,0.5197687277711844,-0.008379771768230546,-0.027652258878998418,0.9942906364027588,1.0
2025-04-30,0.03508761145839067,-0.00870798187300629,0.5191873853053602,-0.006026017372448401,-0.027264532947204656,0.9967343177343999,1.0
2025-05-01,0.021318949360327626,-0.0044663419706964195,0.5197280352745232,0.0029101925697101014,-0.020389718387148804,0.9992565907080369,1.0
2025-05-02,0.02885484584945064,0.003960194424945008,0.5218755299813608,0.019327430471463864,-0.005911047092506193,1.0024412763865918,1.0
2025-05-05,0.022722651983142116,0.048745703110622915,0.48905529597582026,0.014746313041848137,-0.011713714850438596,1.004423463554633,1.0
2025-05-06,0.008049528571742664,0.10067885059795588,0.43537491903643205,0.007593420285605031,-0.020071613188774807,1.0052378815284977,1.0
2025-05-07,0.011849290223818174,0.10665834445671363,0.43472902718519296,0.012974581832561166,-0.016099830912245938,1.006152535151941,1.0
2025-05-08,0.011730926718945368,0.1293886046353581,0.4280624352267617,0.021053809169775943,-0.009379794379009486,1.0073577932405542,1.0
2025-05-09,-0.004278990302646728,0.02825087142065751,0.2591704846004227,0.020451939077970955,-0.010778554060197763,1.00810943333707,1.0
2025-05-12,0.03398488242695941,0.10557191962844867,0.22132019605087122,0.05453397048145747,0.021493273667667297,1.0112637532354294,0.0
2025-05-13,0.048960660450426935,0.09446866668683854,0.21661078611574042,0.06131287946381327,0.02775753575532145,1.0141256848169466,0.0
2025-05-14,0.0460411084027092,0.08609116030441676,0.21604140927778095,0.06219049967277603,0.028636306675463023,1.0162858461638276,0.0
2025-05-15,0.043969942061751595,0.09376864889217472,0.21458184556773416,0.06702570368534463,0.03320103863204395,1.018171800517853,0.0
2025-05-16,0.05155898482778414,0.12256131231483587,0.19090285796300144,0.07288445615824787,0.039224600300273665,1.0199402902869177,0.0
2025-05-19,0.0201391709001791,0.12222883337343708,0.19100309251893213,0.07325737661552378,0.03991384270254403,1.0211657096596725,0.0
2025-05-20,0.01018929356371684,0.14295179905117208,0.16129270916852723,0.06834017209477504,0.03592016740229375,1.0215907720977895,0.0
2025-05-21,-0.00808231777177462,0.10027210660748445,0.16604268415621526,0.049255905140884265,0.01797522235179023,1.0202938688338898,0.0
2025-05-22,-0.012560364838412186,0.08529013172311588,0.16205282073631327,0.048692100348860415,0.017749686437064236,1.0190767302004922,0.0
2025-05-23,-0.025723682392570398,0.0576102749141173,0.15413669195602608,0.040435786540245065,0.01025736348822546,1.0173576555938828,0.0
2025-05-27,-0.006239306440432222,0.0709887569429396,0.1655540202306888,0.06092254659793115,0.030566036729979273,1.0174665882946663,0.0
2025-05-28,-0.00867382736510964,0.06480516006260525,0.16832798144858704,0.05394176042945009,0.02404980958568298,1.0168784353433882,0.0
2025-05-29,0.012260171582096437,0.0624652056277173,0.16796339093548182,0.0569377889576884,0.027536509385773303,1.016539772653512,0.0
2025-05-30,0.010746661990357046,0.06094918225508226,0.16833821299707535,0.054850168348510156,0.025841302254901204,1.0159923552427845,0.0
2025-06-02,0.023212942422561982,0.05950426797635166,0.1679623347290005,0.05969521605729625,0.03111945621875595,1.0158311654465928,0.0
2025-06-03,0.008321834935368352,0.05045574602885732,0.1627269103854705,0.06451607423666685,0.03648173673320093,1.0159798420497863,0.0
2025-06-04,0.013855378929943563,0.0559378870094067,0.1603567569261817,0.06340020159578746,0.03577059803334879,1.0158868584117948,0.0
2025-06-05,0.005071434024128248,0.05948711108010288,0.15772279823344457,0.05759720913134831,0.03037159405066792,1.0152387985717584,0.0
2025-06-06,0.016407138429815924,0.06550703046108,0.1597444052285674,0.06729474481348331,0.04054769937621426,1.015378898159477,0.0
2025-06-09,0.011690818912500506,0.05946416016990679,0.15929252717008208,0.06701728529867144,0.04106757198343653,1.0153809597901327,0.0
2025-06-10,0.011658143891008195,0.06639288022251225,0.15884955015582983,0.07125934308821207,0.04653675416672095,1.0156599561276465,0.0
2025-06-11,0.009070703171165725,0.031023707753613013,0.11867544514950835,0.06661368622976388,0.043096196912624035,1.015463227214304,0.0
2025-06-12,0.01788146039797678,0.028407911027652725,0.11759876168741842,0.06923005250089806,0.04681596936973411,1.015449251538976,0.0
2025-06-13,-0.0035781112446594265,0.015887810813711382,0.12543665468458967,0.05606116496759819,0.03474057864725403,1.014355211962621,0.0
2025-06-16,0.004990197181482545,0.02048441528963774,0.12831471209300535,0.0636257815528817,0.04416540184926467,1.0140936399245646,0.0
2025-06-17,-0.009245418399058434,0.005588476995669663,0.13085605788237284,0.051114473480428704,0.034844288941201576,1.0130377869617035,0.0
2025-06-18,-0.0065398623486023245,0.004344674504831586,0.13082793197877776,0.047526568815305766,0.03429145459580115,1.0120498208144941,0.0
2025-06-20,-0.012857581001535041,0.005361036462400843,0.13052505391137742,0.04143053716815747,0.03152619280376746,1.0109508644012764,0.0
2025-06-23,0.008214339240566146,0.03218446782605215,0.11836714148504172,0.04976179626819456,0.04121927832759885,1.0107516764108957,0.0
2025-06-24,0.009731872796673917,0.042776652924723844,0.12269194420482261,0.05825832729711152,0.05215041127533116,1.0113575266652253,0.0
2025-06-25,0.018873965493911234,0.05018612488215129,0.11854494479991805,0.056097657075696104,0.052153799144943336,1.0117429718069293,0.0
2025-06-26,0.02681787287441804,0.03740185381968185,0.10077059398363868,0.061614687334374287,0.059667959692996625,1.0125379790256432,0.0
2025-06-27,0.034125251920480146,0.04816011574799063,0.09740485489949666,0.06397665536911253,0.0642395243155134,1.0134134412057278,0.0
2025-06-30,0.029066155926891938,0.048990452170847645,0.09762389757771713,0.06560706144635285,0.068626888821241,1.0143261440573637,0.0
2025-07-01,0.017755762063178054,0.04978575299754485,0.09730792828482389,0.061863338439017465,0.06763419144671085,1.0148425737800657,0.0
2025-07-02,0.021718528532119308,0.04869171099170861,0.09692107396901402,0.0627275845077617,0.07184197266754064,1.015438024170393,0.0
2025-07-03,0.021775633483513916,0.05085565236782741,0.09815059336760187,0.06745954567524214,0.07963445508800529,1.0163591894468942,0.0
2025-07-07,0.009339728604665963,0.043644465422713025,0.10366511881470798,0.05637306569526053,0.07099028891050382,1.016277099529729,0.0
2025-07-08,0.004021991693821173,0.04794100984054057,0.10108629575846032,0.05309662731976017,0.06981118026879794,1.0159784851233125,0.0
2025-07-09,0.010324540142020031,0.043703154709748955,0.09791158221390804,0.0567193235291751,0.07558131176122013,1.016041542039649,0.0
2025-07-10,0.008617733784702845,0.045618625863910946,0.09784545154546145,0.056957845957698,0.07803996521520701,1.0161305784929873,0.0
2025-07-11,-0.0027543315783892263,0.03644317689842999,0.09888883421365066,0.050724607845907606,0.07368940912613653,1.0157270727817571,0.0
2025-07-14,0.006631892820293434,0.041205655071840736,0.09746859276674384,0.050184953746491186,0.07517893200648626,1.0153822825718446,0.0
2025-07-15,0.0028974567660430195,0.03295700620860681,0.09949877630775963,0.04340639452918766,0.07006770100046568,1.0145900771967995,0.0
2025-07-16,0.0002562249163258518,0.04753749087073423,0.08799707679350349,0.044822347877912394,0.0730962895315255,1.014069762746336,0.0
2025-07-17,0.0035410915439356054,0.044169520226364,0.08525292519821621,0.04889226971837871,0.07909716247603732,1.0139909021707059,0.0
2025-07-18,0.006329977177591327,0.05201857247507975,0.07677160621753408,0.04566414489321609,0.07773817167774383,1.0137073087161121,0.0
2025-07-21,0.006318057960182906,0.05406357538062596,0.07621450145179827,0.045234065150637603,0.07922273780675335,1.0134788945584117,0.0
2025-07-22,0.010743392930766977,0.05655798014090883,0.07465710470615342,0.043113229768448114,0.0787706153883297,1.013155309008006,0.0
2025-07-23,0.01587741098220504,0.055200562612373126,0.07315533047970703,0.049497005317552044,0.08728967173291984,1.0134327457192223,0.0
2025-07-24,0.010107307187412129,0.04454495461710222,0.06685729499827223,0.04800102001586552,0.08698003229440253,1.0135190399035472,0.0
2025-07-25,0.015055453266096327,0.048200060247264837,0.06698091917921523,0.05062349338411803,0.09092286377256538,1.0137691648649494,0.0
2025-07-28,0.012909985591896433,0.04015568809810435,0.06440826380755187,0.048593146844502735,0.08995469679216558,1.0137831642126347,0.0
2025-07-29,0.01012565061413074,0.032558378834559414,0.06525566997117324,0.044227007550449046,0.08645302757233561,1.0134207789111414,0.0
2025-07-30,0.00039410593201626067,0.026528512617497446,0.06484908837161,0.04147369954931043,0.08450377535579362,1.0128807601437677,0.0
2025-07-31,-0.0036950817148754134,0.023094110839048748,0.06696490406672456,0.036240789687134366,0.07986999029438972,1.0120088241582346,0.0
2025-08-01,-0.024436889039043678,0.0020446426761018544,0.08936084371076164,0.018233991033859906,0.06173934464873501,1.0098774381491287,0.0
2025-08-04,-0.009100407793174073,0.009279646821416358,0.10013520683919415,0.032019785740659626,0.07739672339104021,1.0092928294489292,0.0
2025-08-05,-0.011541987671484316,0.011676662558409134,0.09806882774219439,0.025225176825090734,0.0714445110808465,1.0083232238839628,0.0
2025-08-06,-0.0026514287946459584,0.019855092129030315,0.10095855307780842,0.03121354844740028,0.07913709359096929,1.0080783383152352,0.0
2025-08-07,0.0002687279729696174,0.013038298669998335,0.09942644223287515,0.028913000119941162,0.07772495098866072,1.007726657149404,0.0
2025-08-08,0.02456243608034024,0.01798934497173925,0.1022432472298234,0.035211471513760875,0.08559182031771506,1.007986023912002,0.0
2025-08-11,0.0074976783780846944,0.019531656777890278,0.10154831077616558,0.03156865260699402,0.08291291159743998,1.007937246221026,0.0
2025-08-12,0.023170326827760244,0.028215096565875945,0.10691358001745506,0.04069253234991869,0.09383834072781842,1.0086606717761444,0.0
2025-08-13,0.018956967291054203,0.0359146026540415,0.10512055007913908,0.042434324911407265,0.09690811450247717,1.0094010730261316,0.0
2025-08-14,0.019887934083655436,0.032670007837327916,0.1050885449785808,0.040828017312487114,0.09634732090576179,1.0098769766761686,0.0
2025-08-15,0.009776728886037802,0.024224982313841445,0.10455665869478023,0.036742702475754556,0.09313236672602307,1.0099447703948163,0.0
2025-08-18,0.011538253434570041,0.024739933034868992,0.10445476859756264,0.03478300908291405,0.09226473646514914,1.0098649482835604,0.0
2025-08-19,-0.004491311039868072,0.017405727565824966,0.10688260728369155,0.027766177826196427,0.08575447555043327,1.0092526107275424,0.0
2025-08-20,-0.010569171030321812,0.014602038692952709,0.10754846937716553,0.023713233827642597,0.08228658381885208,1.0084548060847829,0.0
2025-08-21,-0.014681978260837907,0.0021106185942849666,0.10483925322559694,0.018487138893698202,0.07728523452500627,1.0074134691431655,0.0
2025-08-22,0.0029021094826098912,0.01701978460903921,0.11724023735972904,0.0326147187363408,0.09309189698672309,1.0077329352256186,0.0
2025-08-25,-0.0012910190911639462,0.008393460677608718,0.11789002920837569,0.02673917021832006,0.08756302286088795,1.0075389273606266,0.0
2025-08-26,0.00832708450516697,0.012822826479095502,0.11857847844588837,0.029395744779644333,0.09143489867522614,1.0076355711016507,0.0
2025-08-27,0.013263585827044462,0.017739973905866433,0.11810184668254452,0.030237858982001573,0.0933568838349088,1.007805810351089,0.0
2025-08-28,0.02081859661554988,0.02253510927781858,0.11819320932042818,0.032138269442012375,0.09668343440977047,1.0081330638085744,0.0
2025-08-29,-0.0004032068470723911,0.020311659476842228,0.11958118640154805,0.02437402091671828,0.0896605261520914,1.0078144566238434,0.0
2025-09-02,-0.003430114191854681,0.029400235524797712,0.10622750873696067,0.015300124394418425,0.08115612064202443,1.0068820300464674,0.0
2025-09-03,-0.0022034953415544694,0.019719738930715106,0.09523806224091874,0.019393362369915287,0.08653506305083762,1.0065041674946902,0.0
2025-09-04,0.003843326054109475,0.03312528763146022,0.09587739934508568,0.026536320446368368,0.09508459050867932,1.0068011662587815,0.0
2025-09-05,-0.0025922701220179403,0.022594267950446598,0.09442933735079734,0.022266037452219237,0.09136621408712386,1.0067219123394293,0.0
2025-09-08,0.005842899111427515,0.02588583061530013,0.09427702125064628,0.023582255498497046,0.0934156502697612,1.0067792883845996,0.0
2025-09-09,0.015589967560874118,0.020427767005331592,0.09136107885993472,0.024803401780742466,0.09531931835016803,1.0069313832636506,0.0
2025-09-10,0.013071800749842728,0.02529386130247314,0.09093400763166448,0.026654282846079735,0.0978628389509633,1.0072023102995225,0.0
2025-09-11,0.013024931477463694,0.02297989228116367,0.08823814725812545,0.0338846244260336,0.10631020168858005,1.0079982953057702,0.0
2025-09-12,0.015590700951137374,0.01922800161052977,0.08795034046724719,0.0323389675581927,0.10529624423323361,1.0084997504323616,0.0
2025-09-15,0.0184469454048621,0.024444841936506794,0.08918349679123037,0.03667696046916131,0.11051865678739994,1.0092216691633293,0.0
2025-09-16,0.014759919731896463,0.02541095785119025,0.08876650155517309,0.033974197627961014,0.10835635033661764,1.0095665740102582,0.0
2025-09-17,0.01063001840257802,0.024385626270481117,0.08904493551174361,0.031434423255412756,0.10638389965326722,1.0096247503530416,0.0
2025-09-18,0.007015693844797558,0.0344868971658293,0.08644726774546992,0.03501635943467386,0.11091021832440322,1.0099341026388997,0.0
2025-09-19,0.01229106945521792,0.042088242096069504,0.08568700789190138,0.03885295089932477,0.11577071557874817,1.010459133078471,0.0
2025-09-22,0.011701112940732492,0.050827933138077194,0.08325929469673317,0.04230126629584828,0.12038584919954984,1.01112891685077,0.0
2025-09-23,0.0076205518540629685,0.03012940022264333,0.07339218168020771,0.03532877747855418,0.11366439987057948,1.0110812113057788,0.0
2025-09-24,0.005676949217114718,0.03135359457875978,0.07227765469835956,0.03072559049334995,0.10955526664710355,1.010659566414282,0.0
2025-09-25,-0.0036086599928356975,0.022551152667826632,0.07455333192331691,0.02483415122760986,0.10389283593891939,1.0098370872468978,0.0
2025-09-26,-0.0028366098669934175,0.025988046402031624,0.07618432107961721,0.029566573222700045,0.10964651746728815,1.0095375333863899,0.0
2025-09-29,-0.004749953822260065,0.02525938270026725,0.07594887990638705,0.031246147448095035,0.11214730403356234,1.0094183879218195,0.0
2025-09-30,0.004468119693178047,0.03500072676289377,0.07171684508306178,0.033872836760928234,0.1156763900133399,1.0095185421007202,0.0
2025-10-01,0.011056663883103324,0.045840372653717786,0.06376750758282276,0.0360668053983105,0.11883841263096194,1.0097603816465643,0.0
2025-10-02,0.01683185296906766,0.041586500978448765,0.06275382484691536,0.03607932858473558,0.11945108200348216,1.0099287022967685,0.0
2025-10-03,0.011104255669854304,0.03324897601777645,0.05864849623786839,0.034892925941193365,0.11875834480240902,1.0099437958785953,0.0
2025-10-06,0.011877583253504307,0.0397292360757895,0.05666893022690564,0.037440462086852214,0.1220941447053694,1.0101284976512042,0.0
2025-10-07,0.004403527806998182,0.033561355458464434,0.05983793468543025,0.03251154406900947,0.11726121905775821,1.0098567178398654,0.0
2025-10-08,0.006947023675959288,0.037197428768802956,0.06167970531132139,0.03740039012330206,0.12304332483462051,1.0100082094558112,0.0
2025-10-09,0.0028947310388750384,0.031409431267481074,0.06359007542141552,0.03317039144610748,0.11893015434473707,1.0097772978469453,0.0
2025-10-10,-0.024490179643312425,-0.004266135102999669,0.1149832687558309,0.004544417472479274,0.088080216203754,1.0073120607604744,0.0
2025-10-13,-0.01284247651515482,0.011296058609497301,0.12679020534319094,0.018609416416053466,0.10409954939309497,1.0064987653492692,0.0
2025-10-14,-0.010350500345429794,0.004763909708172535,0.12570713206747444,0.016340652177440934,0.1021437186165549,1.0056903538964643,0.0
2025-10-15,-0.011865981879702179,0.010571527157204313,0.12638109659059577,0.01963425672186596,0.10640109025088158,1.0053453506526713,0.0
2025-10-16,-0.015798404056331365,0.004981008808571685,0.12881491317686083,0.011771741313548257,0.09821947197988565,1.004469924567017,0.0
2025-10-17,0.017261592560198647,0.00597976361240142,0.12929271235962742,0.01645977591853072,0.10370764769463363,1.004183866126024,0.0
2025-10-20,0.012380868696818401,0.011385857851097782,0.13304740891583647,0.025905118098554773,0.11435085626049536,1.0047416161571276,0.0
2025-10-21,0.013588152845420459,0.006650949612860502,0.13218233277029698,0.024726787257870853,0.11348631951034789,1.0051217119029145,0.0
2025-10-22,0.003945987674603282,0.0068969629777446235,0.13204958408282352,0.018563366842323768,0.10695399433553493,1.0049420995864147,0.0
2025-10-23,0.016692027553026248,0.015996087144483213,0.1327576857327052,0.02370857070845043,0.11276582090165682,1.0052186788406958,0.0
2025-10-24,0.019171122080016614,0.028759545685253733,0.13359332680848088,0.03100387621497893,0.12098968802309686,1.0060303691843158,0.0
2025-10-27,0.020552991961575902,0.034775459679667095,0.13762235733381353,0.04178509157883793,0.13326874751065157,1.007545344935971,0.0
2025-10-28,0.023220492158887048,0.03462139559400761,0.13760716289017805,0.043107663435746714,0.13523090424657,1.0088545023153033,0.0
2025-10-29,0.02891302027588614,0.031341863560452723,0.13744208335397975,0.042047221088385205,0.13473511006937514,1.009811030210992,0.0
2025-10-30,0.011941574866808762,0.01688099812818865,0.14388861825001362,0.02922972330117785,0.12130467171677563,1.0095513766257247,0.0
2025-10-31,0.007077159324559244,0.019004852040745316,0.14414106522528738,0.031098963628398913,0.12410747707057924,1.0095009566716688,0.0
2025-11-03,-0.0027765718312886285,0.020894632178524164,0.14413777123193192,0.03179198148743212,0.12531907423871708,1.0095022844060504,0.0
2025-11-04,-0.0173533637382907,0.005390448602212607,0.1505003109809993,0.018499036795576938,0.1112219837778103,1.0084403055491626,0.0
2025-11-05,-0.014374143334793008,0.01256419241866153,0.15016664185658127,0.02097507930322652,0.11434140443767164,1.0077878991968285,0.0
2025-11-06,-0.014102395474951655,-0.004168421022722291,0.15380231583394666,0.00924610874651652,0.10175890184218624,1.0063311642090864,0.0
2025-11-07,-0.016393277529748312,-0.00028315652787803546,0.15353069810060893,0.009514891875194198,0.10224107086929268,1.0051953083289475,0.0
2025-11-10,-0.0027843026525840656,0.04260050916925252,0.12666611814222217,0.02409141555424022,0.11871725519544862,1.0054823258119776,0.0
2025-11-11,0.011426602720814902,0.029659527838182327,0.11725866809573914,0.025064669821622358,0.12046112345671484,1.0058273003370353,0.0
2025-11-12,0.008523453558836224,0.03143814632292755,0.11691649162856554,0.024361465756541467,0.12031164185662026,1.006074446007261,0.0
2025-11-13,0.0025774983374579237,0.010275059194437813,0.13221158885531076,0.006617344839708213,0.1010401432337476,1.0048635849506826,0.0
2025-11-14,0.0014298557778502168,0.016945103306303548,0.12954883946200257,0.005654938905606324,0.10020980103389149,1.0038462090367573,0.0
2025-11-17,-0.023414253915018897,0.0019246626940349794,0.13286536504922122,-0.00426966479853612,0.08934360705865632,1.0022655489493826,0.0
2025-11-18,-0.03413371393471684,-0.016855054793352912,0.1305070922784047,-0.012972269049568198,0.07959959548878409,1.0003368704373143,0.0
2025-11-19,-0.030834183235816447,-0.012984189758309358,0.13148660178447436,-0.009521219206686327,0.08318502693089218,0.9991209160696377,0.0
2025-11-20,-0.029460651148125273,-0.023131579628290745,0.14035356305006352,-0.024522756694035246,0.0662079858746704,0.9969720926537551,0.0
2025-11-21,-0.019385043596841758,-0.019131967843564458,0.1435200949454671,-0.014906991885624063,0.07631898834649377,0.9960932274493162,0.0
2025-11-24,0.004586253970579761,-0.012660205415401873,0.15025523275202754,-0.000696239041736665,0.09150839150721686,0.9966076950982818,0.0
2025-11-25,0.022381157347057458,-0.015026889407871356,0.14801483405194246,0.008195600353064637,0.10109729280781425,0.9978006198885572,0.0
2025-11-26,0.025405277882353895,-0.010799404034842513,0.14993882749987658,0.014479351420315747,0.10797929101573875,0.9993144031788505,0.0
2025-11-28,0.046208534930277725,-0.005836064973899157,0.15133291308554025,0.019318092320508577,0.1132533201095713,1.0009463648185108,0.0
2025-12-01,0.03172064333804652,0.0006471006276732956,0.147121208939416,0.014163160328505058,0.10748675114420347,1.0018409967599486,0.0
2025-12-02,0.01896008065074064,-0.0007772840892204787,0.14680787087932543,0.015596807826609303,0.10884195198854328,1.0026684403151054,0.0
2025-12-03,0.013054862309279408,0.0008045447326966763,0.1471692614383909,0.01848583667241878,0.1119786216978319,1.0035632659139877,0.0
2025-12-04,0.006905742596302883,0.01345970229975107,0.140590224479812,0.01852386667265653,0.1120973315694966,1.0042804267837295,0.0
2025-12-05,0.0033599247960468346,0.011898003156940685,0.1402995280291957,0.019619737821568957,0.1134805020655892,1.004944474205687,0.0
2025-12-08,0.004927087848866823,0.01967658395149177,0.13484970920210113,0.01589765467048206,0.10933463535313623,1.005164456185301,0.0
2025-12-09,0.0022129011084514923,0.017828894548979325,0.1349934084686497,0.014436960204942895,0.10755906939825412,1.0052077703453421,0.0
2025-12-10,0.005366594005189543,0.008955441390470283,0.12607755351538713,0.02051667130745342,0.11401522301937357,1.0057127959416836,0.0
2025-12-11,0.0069600786821755935,0.008993178261111758,0.12608463617523774,0.022262636302807334,0.11570553035151193,1.006228677578515,0.0
2025-12-12,-0.005747953310100069,-0.002373403711995613,0.13195096494383793,0.0108950961723846,0.10280069051910468,1.0056937833045336,0.0
2025-12-15,-0.004251222834944567,0.012847862779089279,0.11754223458545332,0.009023073994160876,0.10031836302227146,1.0050893399792913,0.0
2025-12-16,-0.006123586361876227,0.010275452409252877,0.11809254794007835,0.006049619138356428,0.09642436026189803,1.0043401191972732,0.0
2025-12-17,-0.023798597232044125,0.008571098073445055,0.12001558774950406,-0.005087745859926434,0.0834887583316096,1.0028278892530071,0.0
2025-12-18,-0.01859997516309317,0.024526917032735428,0.11791490470430532,0.0023252934407710793,0.09080374299928759,1.002205032072579,0.0
2025-12-19,0.0012330038505197708,0.029693783374340605,0.12072387393221898,0.011067055814905975,0.09967181890558137,1.0024117310411451,0.0
2025-12-22,0.008955579719843738,0.05126409364705829,0.10507080246854048,0.016347240406123256,0.10549029219497354,1.0030443500498922,0.0
2025-12-23,0.016251524012093288,0.04591202001818792,0.10186264444558152,0.020178551578620328,0.10934396819997673,1.0038712309686593,0.0
2025-12-24,0.030827639202983252,0.034812483305848546,0.09153726573571926,0.022854127887039673,0.11198300592851951,1.0047561099832467,0.0
2025-12-26,0.023203339271088617,0.025349098956766587,0.08727227884364551,0.021929799207900582,0.11063658339380458,1.0053843116309504,0.0
2025-12-29,0.01061063387468959,0.014899139366676301,0.08621483374622357,0.01740968230320906,0.1054085212800946,1.0055260658298315,0.0
2025-12-30,0.0031781881268101286,0.008233746843590685,0.08468151568853895,0.015429031486694616,0.1029001282546093,1.0054753699296137,0.0
2025-12-31,-0.008818311231843136,0.00537306544829827,0.08733440248743288,0.007530529076011185,0.09366344625832096,1.004779291038523,0.0
2026-01-02,-0.010498518448125042,0.005353884206982861,0.08733001464485929,0.008964200369751435,0.09453889206848258,1.0043253901239078,0.0
2026-01-05,-0.0037591111006933424,0.008535125546793839,0.08946874429899487,0.015027771613216096,0.10070727694774152,1.004451206329522,0.0
2026-01-06,0.00574057798449033,0.013733974754863747,0.09149583182168887,0.02040086796544778,0.10607725166771945,1.0049747422617676,0.0
2026-01-07,0.003733819593747515,0.008607641641291366,0.092337269546,0.01668205443600842,0.10136320516814303,1.0050673408492903,0.0
2026-01-08,0.011068870031907598,0.011514847631339043,0.09152672096904617,0.016390370436239386,0.10019370451869705,1.005073362086034,0.0
2026-01-09,0.015829131273313958,0.018970114371845325,0.0936954700633001,0.022839730104009852,0.10637891673311378,1.0055490586973928,0.0
2026-01-12,0.010760324588427371,0.013928856130031666,0.0914263723911252,0.024150358359388127,0.10695641261401771,1.0059830899389834,0.0
2026-01-13,0.0028291631309894606,0.009603059203677614,0.09166387557778387,0.021622633193610758,0.10358683826681861,1.006092421723874,0.0
2026-01-14,0.0011305306633905285,0.015486125614781965,0.0845407116970276,0.01629264494215854,0.0969455010151283,1.0057133781156407,0.0
2026-01-15,0.003951545309426159,0.019717615775709768,0.08439273455953591,0.01873288048394594,0.09873087988847895,1.0055686165070528,0.0
2026-01-16,-0.0034783659707240547,0.021615334762997495,0.08360385458285872,0.017328011408416916,0.09663067245400685,1.0053243452864822,0.0
2026-01-20,-0.025614459106339558,0.012112994255736233,0.10473356626988777,-0.0034400894139101955,0.07330328568515396,1.0034426863321648,0.0
2026-01-21,-0.012137859596059165,0.016065174770711618,0.10885013682755132,0.007555619812087748,0.08437357833469963,1.0028345544737571,0.0
2026-01-22,-0.0020009852394681045,0.012252136524794087,0.10596866322276614,0.012223492144808662,0.08841828653845214,1.0027410101794663,0.0
2026-01-23,-0.0043578055415085795,0.006404230514357449,0.1039734407171594,0.01229924466179889,0.08718831905391942,1.002665385299667,0.0
2026-01-26,0.0015458063990332104,0.006909617149937421,0.10424841269640635,0.01708905073150483,0.09098371743062657,1.0029811638440478,0.0
2026-01-27,0.026088985060374374,0.0073743401131273565,0.1044394268462022,0.020718021144203118,0.09402434041951659,1.003513274437533,0.0
2026-01-28,0.014513249653807922,0.0073750851534309225,0.10443938620000379,0.019856129041923753,0.09240747070071498,1.0038808807921427,0.0
2026-01-29,0.0073173056385323,0.008958808288636797,0.103832497423041,0.017113720634556503,0.088831151345558,1.0039645083425177,0.0
2026-01-30,0.00396763762570985,0.007193680013257169,0.10436427422322328,0.013240842155890935,0.08424410334240127,1.0037456034286822,0.0
2026-02-02,0.003861391559503385,0.01958931994128394,0.10151728218995787,0.017167700129977415,0.08824934796324783,1.0039281488140752,0.0
2026-02-03,-0.008606352052197567,0.00926650650905483,0.10653987422106748,0.00771648575397727,0.07762764471740724,1.003347930512741,0.0
2026-02-04,-0.01336130604672921,-0.002227109792604945,0.1055517092179306,0.001793361279156813,0.07103250930170298,1.002469582996537,0.0
2026-02-05,-0.023942910725929467,-0.020724680421783,0.11150611113612634,-0.01131103174051978,0.056269746371140454,1.0007612442995402,0.0
2026-02-06,-0.0019528591131308878,0.0015070013063787704,0.13080015683209406,0.0069556220787841926,0.07512693376599418,1.0009182675556745,0.0
2026-02-09,-0.0021016654717786413,0.006418784437597703,0.13182086501546766,0.011194174038620655,0.07894084352410075,1.0014160114682766,0.0
2026-02-10,0.0037490839835842313,-0.002813540780674894,0.13014266235920938,0.008103122077407737,0.07484082662088527,1.0015777767703407,0.0
2026-02-11,0.008373591610334912,-0.004613842770697402,0.129995140028255,0.007559540534802122,0.07337499151598431,1.0016678962328318,0.0
2026-02-12,0.005372123149489311,-0.01818172040328315,0.14041725034459862,-0.00809284615115349,0.05568580177944448,1.0004831427356038,0.0
2026-02-13,-0.01292674313965941,-0.012550272496671167,0.13971825647931005,-0.007458493739100732,0.05534837516278113,0.9996035758044349,0.0
2026-02-17,-0.01612478994486452,-0.01365755081669297,0.13943939448692302,-0.00588522631537671,0.05596337339067344,0.9990456532849958,0.0
2026-02-18,-0.008459033591619427,-0.007794208401570262,0.14081236365194527,-0.000991096098438662,0.060195671419635055,0.9990184116171459,0.0
2026-02-19,-0.010868857122243936,0.010131759213398223,0.1206693656757368,-0.003649421117583235,0.05639897826586579,0.9987979919556161,0.0
2026-02-20,0.011906438503886004,0.005862577696662025,0.11660696368266556,0.0033278650380707494,0.06296598565019208,0.9992138504662287,0.0
2026-02-23,0.0009383658505101953,-0.009610921406692861,0.12061423079905488,-0.006956881905896354,0.0510711240033087,0.9987309472410458,0.0
2026-02-24,0.006568354466446836,-0.002731390808737551,0.12352305688125788,0.00020848494428332568,0.057643428274173646,0.9989431898228242,0.0
2026-02-25,0.009946221195377686,0.0006062063947742174,0.12581172762573703,0.008472157541911107,0.06547816571547961,0.999794910705931,0.0
2026-02-26,0.007017178628102661,-0.008940047218873488,0.126382549848479,0.002592049653198869,0.058503746702515576,1.0000173841252513,0.0
2026-02-27,-0.005002194441593034,-0.013652866398738929,0.1272810728273204,-0.002433147525178027,0.05254783099981946,0.9998075161751566,0.0
2026-03-02,0.005830111654413788,-0.011098115390811372,0.1272508122559159,-0.0021419408202988915,0.05230181125671432,0.999690487013004,0.0
2026-03-03,-0.010265533299864172,-0.016964561734311566,0.1302658967132641,-0.011251016427346914,0.04224497347502453,0.9988995459813286,0.0
2026-03-04,-0.01163788586883913,-0.014893071033568295,0.13161207542994305,-0.0045832909966070715,0.048796864640622974,0.9988497006360616,0.0
2026-03-05,-0.011659030743936087,-0.011992725910612005,0.1298225210262557,-0.010153956306878228,0.04221347830516396,0.9983793196919247,0.0
2026-03-06,-0.02003938806419059,-0.020330948416200305,0.13633956426786628,-0.022774516036297533,0.02790308593195121,0.9969874828630022,0.0
2026-03-09,-0.011885930540061058,0.0009588647950570413,0.13343247930477775,-0.01393625191113905,0.03619044972095448,0.9966161720612788,0.0
2026-03-10,-0.004640892607879399,-0.01965259522906008,0.11426098772195349,-0.01514297133092032,0.033740676386694125,0.9962355441566099,0.0
2026-03-11,-0.012927407055185634,-0.025718812616975284,0.11233326270068945,-0.0159789888353568,0.03166931209661892,0.995879798385725,0.0
2026-03-12,-0.022637696495682796,-0.03837950638987903,0.12245021272253731,-0.0303064317975961,0.015291463924025034,0.9944417204355285,0.0
2026-03-13,-0.015120098352483107,-0.04382463837901832,0.12300724118879343,-0.035100530200140666,0.008958452458932339,0.9929284048564104,0.0
2026-03-16,-0.013716546453849714,-0.018129804808281982,0.11968048545928146,-0.024914637728890264,0.018556356468117506,0.9926129309144471,0.0
2026-03-17,-0.009481052040173715,-0.01620690412957438,0.1201821391505361,-0.021996698074191832,0.020568893411412655,0.9926561684684101,0.0
2026-03-18,-0.022277091735141842,-0.031871114407252606,0.12824628628955018,-0.03490363265664559,0.0057380586743134175,0.9916642042452273,0.0
2026-03-19,-0.009443001784056207,-0.039363474582315816,0.12603737860564593,-0.03638175624137582,0.002709187775824471,0.990783164950093,0.0
2026-03-20,-0.018206292859035262,-0.05116207411580964,0.13335589819393015,-0.04910611174260636,-0.012111295643475016,0.9890643659514191,0.0
2026-03-23,-0.01788651241770469,-0.04792275572987268,0.13673629218485567,-0.03821218100726144,-0.002241577643451412,0.9886486754234451,0.0
2026-03-24,-0.02387607428264011,-0.041021344262724684,0.1337168679448071,-0.04034224615109113,-0.006096647412200833,0.9881835853346135,0.0
2026-03-25,-0.004266832643208981,-0.04270630151690843,0.1323775504267127,-0.0339597544586544,-0.0010478904253255668,0.9883879850084647,0.0
2026-03-26,-0.019819626647203742,-0.06912932242489725,0.13766861042111195,-0.04990430453070584,-0.019277240328519,0.987261962844043,0.0
2026-03-27,-0.0225790814825109,-0.0807583342264232,0.14574996158903616,-0.06460665014905959,-0.03627768742493555,0.985179729594774,0.0
2026-03-30,-0.03637327412541684,-0.07929383541369649,0.14571571619515983,-0.06612537200760857,-0.03977286550354905,0.9834391157820508,0.0
2026-03-31,-0.004357436195820623,-0.0512088921129591,0.18377402841383664,-0.037858275888250345,-0.012262103732530684,0.984497664701332,0.0
2026-04-01,-0.0024084049560996763,-0.034849173173143934,0.18531036829239006,-0.030020789818401363,-0.005311003550729444,0.9861022351649501,0.0
2026-04-02,0.016511743657224014,-0.040979692898834096,0.18288907634503518,-0.02835041965503352,-0.004868389426383704,0.9875902335755345,0.0
2026-04-06,0.03842647630171066,-0.03067282718077647,0.18378749239542208,-0.022941877522711606,-0.000681368349837254,0.9892760248835886,0.0
2026-04-07,0.04221533019574439,-0.017039117153761517,0.17882170594614435,-0.021695792051462295,-0.0007611117497201257,0.9907545590600074,0.0
2026-04-08,0.03871261728912324,-0.0006103442837748045,0.19789613571155681,0.0036631026535159233,0.024016011574197454,0.9940577193211503,0.0
2026-04-09,0.036958764173238776,0.0067504836079742385,0.19879664634607727,0.009863631918010358,0.029262438662109425,0.9971767691688206,0.0
2026-04-10,0.03539679714500181,0.007344511301353351,0.19874790086168626,0.009617257706622006,0.02797614755111904,0.9995897785558169,0.0
2026-04-13,0.04040602922341528,0.032370898538321605,0.19273282913213258,0.01966699192601336,0.03736212018432524,1.002272823081289,0.0
2026-04-14,0.05207733709076812,0.0501583182894897,0.19418384563836116,0.031957269676273055,0.049306218773208205,1.0053328303009756,0.0
2026-04-15,0.03478674974717276,0.04789295191724766,0.19320265960225472,0.03990195165589916,0.05686612586257545,1.008300168901783,0.0
2026-04-16,0.031488621345051704,0.04772015699319966,0.19319968234154725,0.04202359275674252,0.058751726666376625,1.010712783932978,0.0
2026-04-17,0.04416380552564197,0.07378540856213715,0.18643044052392824,0.05380905821809692,0.07075834782103602,1.0134534920194573,0.0
2026-04-20,0.03243704017664435,0.07425094049902217,0.18624914875306275,0.05067434080825215,0.06786442281459419,1.0152585380120132,0.0
2026-04-21,0.013757450671282359,0.08212206181980733,0.17851263850037805,0.04332114025635322,0.06020231416880764,1.0159455876228738,0.0
2026-04-22,0.01597312734765192,0.08175259168260428,0.1783467365543697,0.05328873788660979,0.07016715444707103,1.0171143877972497,0.0
2026-04-23,0.009630560110326234,0.081226791386166,0.1786253395228555,0.04863545759249989,0.06526615502265017,1.0175049182437552,0.0
2026-04-24,0.005336757197000847,0.08338899840234698,0.17903954862356747,0.05601562582527901,0.07275401304536536,1.0182308565308866,0.0
2026-04-27,0.009059823783723595,0.1031303909299495,0.16059786850862193,0.05671716168505881,0.07383881039558413,1.0187206755642553,0.0
2026-04-28,0.01075036759386664,0.11545151089618487,0.14404314612643176,0.05058801814775462,0.06786541545161306,1.0184859951068128,0.0
2026-04-29,0.000520059578417948,0.11864592538643907,0.14198144049919273,0.04947784149015956,0.06696374386931091,1.0180738072186382,0.0
2026-04-30,0.014308839342409629,0.09989306692439624,0.11622359551349223,0.05885042265015172,0.07675828722546776,1.018341706290111,0.0
2026-05-01,0.009354612207521339,0.095152015565968,0.11597052868166839,0.0605937585068403,0.07891804758500896,1.0185587728256713,0.0
2026-05-04,0.003963217238392317,0.0905818645111178,0.11881907993745405,0.05576190717722274,0.0741996199936138,1.018212629778146,0.0
2026-05-05,0.016831311615437574,0.09385634620991179,0.11949828335348249,0.06287997024359596,0.08199584879404967,1.0183756558648178,0.0
2026-05-06,0.03078957945593603,0.10722017464663071,0.12274340707828338,0.07612514313331215,0.09613084692753143,1.0194104449574324,0.0
2026-05-07,0.01781826747542538,0.07899871711069839,0.10182229525752767,0.07155854903098911,0.09188921353441556,1.01973484572292,0.0
2026-05-08,0.023275196845395075,0.0814684482381243,0.10278552023154869,0.07881899059518069,0.10001124258460263,1.020423871118568,0.0
2026-05-11,0.02922027821405787,0.08440534558017385,0.10164773170658731,0.07953365844739767,0.1016112570540155,1.0209032606373565,0.0
2026-05-12,0.019713996125442963,0.07316431311193947,0.10115492603005953,0.07621145191402064,0.0990708583419901,1.020905605991765,0.0
2026-05-13,0.011489548114100141,0.06663238566996274,0.09656210431923237,0.08022210882715067,0.10430971059425993,1.0211137445774516,0.0
2026-05-14,0.022423600052754823,0.06663556741628046,0.09656405088741098,0.08669683099810604,0.1120492416318508,1.0216663066473457,0.0
2026-05-15,0.0020992146290852703,0.052079041522157865,0.11014084936383907,0.07176544381159973,0.09777427498650658,1.0208591386484422,0.0
2026-05-18,-0.0008795201998037107,0.03936201985472819,0.1049597530601499,0.0689004915690372,0.09609130353850977,1.0199287799890013,0.0
2026-05-19,-0.006046557207814086,0.03468071572748103,0.10833647299816763,0.06002261783868698,0.08784418108352708,1.0184349007361901,0.0
2026-05-20,-0.0014290363211425915,0.051445898677537794,0.10787445318314991,0.06885106853519238,0.09805417241344573,1.017871928648481,0.0
2026-05-21,-0.00731112359172921,0.04335131647689934,0.10424777419432128,0.06886747220676548,0.09925446545643686,1.0173834573963982,0.0
2026-05-22,0.008714959222551645,0.05116344063438328,0.1021179959198306,0.07056176177192397,0.10261194376285221,1.017115580152146,0.0
2026-05-26,0.01603537170890637,0.050060634366633716,0.10146850759615293,0.07488766856128758,0.10891785716695818,1.0172411966908457,0.0
2026-05-27,0.022545258024418625,0.04816614996817606,0.10183593571319702,0.07214505610011832,0.10775499218978858,1.0171227484569898,0.0
2026-05-28,0.017849861555775552,0.0585453926394467,0.09893204994789029,0.07542812094936464,0.11284727845431142,1.0172748015368522,0.0
2026-05-29,0.018357010613824366,0.06118826751230576,0.09836361321850727,0.07513944399645094,0.11464016277171106,1.017391962666248,0.0
2026-06-01,0.01715259707487385,0.0540071983668475,0.0950255971441959,0.07499514363535843,0.11669586575334098,1.0174992645119676,0.0
2026-06-02,0.011892939654993643,0.05259896181410601,0.09511464807336646,0.07307881603042493,0.1172250333461974,1.0174872436577531,0.0
2026-06-03,0.0050242378561344645,0.04922717058591821,0.09852864117807748,0.06258076109348354,0.10843794626457832,1.0167056315711016,0.0
2026-06-04,0.0032943669517511757,0.045008447975760306,0.09654646075287639,0.06348221316713212,0.11165263940254974,1.0162041016289696,0.0
2026-06-05,-0.02534222316203064,0.005056464894339082,0.12936586924430477,0.03368997319886876,0.08214232044359553,1.0135451343342106,0.0
2026-06-08,-0.02580000402654824,0.01038892686487388,0.1289641263561638,0.033304106760461395,0.08374599344848525,1.011485562108807,0.0
2026-06-09,-0.030096835208259634,-0.0007730702395486928,0.1263061089451484,0.027313789549759795,0.07971898525106666,1.0095089177493384,0.0
2026-06-10,-0.03894604492207074,-0.018939152550210395,0.13731354564988738,0.008490217083602373,0.062031193676533355,1.0066044689416638,0.0
2026-06-11,-0.025863531111913873,-0.0005690792615965293,0.15040014713159394,0.02314450498376103,0.07928686585759047,1.0055766698442046,0.0
2026-06-12,0.0056783797733271895,-0.0007547034464338688,0.15031431303814338,0.02621549291507227,0.08431474573556257,1.0051371649824208,0.0
2026-06-15,0.02089705104445491,0.008862377856573962,0.16005819024777018,0.04145887406384386,0.10251980424714432,1.006139272612663,0.0
2026-06-16,0.01785747156411767,0.014985186695483705,0.155357858828965,0.03264566125847315,0.09509236458705037,1.0063686774591472,0.0
2026-06-17,0.021182056087078144,0.0031224237366714574,0.1620137906680363,0.017460901710246054,0.08061786452757785,1.005470858174999,0.0
2026-06-18,0.014671332043150635,0.020148809989368188,0.1636947442817842,0.025992247138086223,0.0909478914607894,1.0055310005760425,0.0
2026-06-22,0.006125806305888968,0.006800139180597688,0.16070751658380947,0.020905604091778992,0.0866598219976798,1.0052621598956493,0.0
2026-06-23,-0.025983016654550765,-0.009809515206247597,0.16865280209120234,0.004540678238361445,0.07016404195341192,1.0038298250562083,0.0
2026-06-24,-0.020467207851990268,-0.01419698037905821,0.16789663882452027,0.00273209055366665,0.06894217496473377,1.0026263822682575,0.0
2026-06-25,-0.00645609096712743,-0.019369038939362346,0.16601139541086923,0.0030397571518752595,0.06976556218967601,1.0017671120802445,0.0
2026-06-26,-0.024056998862069665,-0.026453446897120106,0.16741657022193768,-0.00505206987534065,0.06136649097347849,1.000499543014789,0.0
2026-06-29,-0.0045645332221301155,-0.015614255597307981,0.17687548032410125,0.010204985826199164,0.07809936481821801,1.000798200175439,0.0
2026-06-30,0.01782060996709064,-0.010345915852981325,0.17901694854692107,0.017004928658373015,0.08573334861590381,1.0016456251426977,0.0
2026-07-01,0.016930798678238126,-0.014418778775693933,0.17865175114605353,0.014555539286506438,0.08351224337291337,1.002180665168754,0.0
2026-07-02,0.014171290911141343,-0.01709068768321465,0.17850635084871053,0.012051804474336809,0.08137270553290363,1.0024687325199821,0.0
2026-07-06,0.03011842453941354,-0.0013592602138410292,0.1799034471209586,0.01972326152546509,0.09003071001459795,1.0033645355626712,0.0
2026-07-07,0.009014632692619694,-0.009893989856439467,0.18003963342227622,0.013747135862310895,0.0840979400102177,1.0036429352699667,0.0
2026-07-08,-0.0018362129877702305,0.01316009432127908,0.1545143907659191,0.009703678311274461,0.0800409304735111,1.0035711359007264,0.0
2026-07-09,0.007946833522014765,0.01932805877286907,0.15679717336519147,0.017193487763936047,0.0884467498729862,1.004150251273985,0.0
2026-07-10,0.013562604611723384,0.02656875213676837,0.15655710852654722,0.020332642217405137,0.09239790981090286,1.0049016067169252,0.0
2026-07-13,-0.0028125233776066603,0.03477426133062304,0.14754841844216127,0.011443138724598605,0.08331791834553774,1.0048149979726437,0.0
2026-07-14,0.005495042370669863,0.02146458362614427,0.13710871989277404,0.014075587235990832,0.08640904649815574,1.004975918890784,0.0
2026-07-15,0.01254503003053601,0.020026744578487903,0.1366206948287013,0.01710692833325732,0.08991063485260167,1.0053622065729082,0.0
2026-07-16,-0.0013179481520675307,-0.0028869404236533678,0.12418833287710658,0.01065443550754106,0.0832670153209346,1.005166840704188,0.0
2026-07-17,-0.01556530699173924,-0.00685402641908854,0.12726200399000284,7.609468007795816e-05,0.07188786744413997,1.0041628584996565,0.0
2026-07-20,-0.009495365649003128,0.004096839594541771,0.1194021080756993,-0.001810901784823265,0.0695298476620202,1.0032005265937067,0.0
2026-07-21,-0.004732984502795464,0.002060267080198172,0.11741299765325414,0.006012476350901992,0.07778846662923015,1.0030709846183594,0.0
2026-07-22,-0.009852224209183134,0.0040487140634158,0.11692050870713165,0.004527091878809352,0.07588680429158956,1.0028415507351325,0.0
2026-07-23,-0.016845012891760974,0.006251063339136428,0.11360475341128873,-0.007898862763037796,0.06203117335346792,1.0016432087362632,0.0
2026-07-24,-0.005883060264005006,0.007730121168896719,0.11359540840868906,-0.006961572168139992,0.06255341506561811,1.0007648063445098,0.0
2026-07-27,-0.004050809210174769,0.006502121351494432,0.11352841023973718,-0.006711422906130282,0.06220722684653219,1.0000843331445197,0.0
2026-07-28,-0.009965635826139718,0.016151630116128118,0.11029936945789957,-0.004188526350053038,0.06419057368246657,0.9997396310932297,0.0
2026-07-29,-0.024309252922562117,-0.015696005637016203,0.10881261030533174,-0.019305604933564674,0.04733537797226466,0.9982472603141502,0.0
2026-07-30,0.004743636555124827,-0.006825910072829386,0.12118256681006957,-0.0029959107013186013,0.06417634369436567,0.9984117875534282,0.0
2026-07-31,0.010902260419499585,0.001701582910158179,0.12384200242737349,0.0037725927211584025,0.0711509925587376,0.9991329560872528,0.0
2026-08-03,0.024828179510464503,0.01715900995081759,0.13289194334646873,0.0175682112367801,0.08562220014004904,1.0008485306644195,0.0
2026-08-04,0.04030463364352435,0.026337839220238926,0.1431510544291371,0.03506541355969426,0.10431170269380098,1.003636686141573,0.0
2026-08-05,0.05381313575098751,0.029102497421351608,0.14200252070395325,0.0322766905002197,0.10120365959960456,1.0056036138273898,0.0
2026-08-06,0.0355873014109978,0.03059760432593864,0.14150175798296874,0.030077582861419226,0.09858271082953488,1.0069420130628848,0.0
2026-08-07,0.034509932878092335,0.028264682266235748,0.1402787984043445,0.035690334196437155,0.10445253845866831,1.0084009953098596,0.0
2026-08-10,0.020069933329230814,0.02366633866832502,0.13996237916931273,0.03481763846019363,0.103278945648932,1.0094163822680762,0.0
2026-08-11,-0.000998740149884597,0.02815162244796099,0.1372399496091341,0.031068852513970385,0.09890488939863724,1.0098397794154428,0.0
2026-08-12,0.0035012957034018847,0.02710875075408363,0.1370763954244325,0.0332116605321236,0.10082321085804408,1.0102578798235673,0.0
2026-08-13,0.012053664888866153,0.030106239184268788,0.13819933236751258,0.0398573011325219,0.10766609958377327,1.011027391558783,0.0
2026-08-14,0.003975246568272013,0.033557876986575294,0.13654567859806832,0.03713210372948666,0.1047123820689983,1.0113386477356057,0.0
2026-08-17,-0.0004658376940752844,0.038765807965988976,0.13211773059946824,0.031746086733188045,0.09877660240537092,1.0110682588335864,0.0
2026-08-18,-0.004044190468502389,0.03360279762846173,0.13500134284568707,0.02390644993907823,0.09068887390503717,1.010186486758607,0.0
2026-08-19,-0.004450080598790113,0.02739165465808898,0.13281031644621247,0.02518613864311795,0.09224100052677127,1.0095468808263968,0.0
2026-08-20,-0.019838670750638436,0.020119792642813487,0.13684066622889632,0.015831491227844965,0.0824042320798324,1.0082651078727678,0.0
2026-08-21,-0.013774074106805638,0.036628815771530626,0.1281707378632366,0.018843292778738172,0.08615431310043568,1.0074915798130255,0.0
2026-08-24,-0.01197826426584191,0.03267060396415207,0.12918374834811408,0.015103766159689622,0.08224290709115219,1.0065660178990872,0.0
2026-08-25,-0.002008752352409656,0.03564485448622684,0.1292061300828453,0.01764260554384929,0.0849796216641119,1.006020292158944,0.0
2026-08-26,-0.0038823567719628487,0.03347493371226585,0.12927779563613842,0.0175118995491654,0.0844425760161415,1.005541841915772,0.0
2026-08-27,0.011084416595647057,0.05551346216102266,0.11420881317589854,0.023562337419712583,0.09073318674502188,1.005626345350573,0.0
2026-08-28,0.004729466829263765,0.036614646045669566,0.10329622458130039,0.020418706701545112,0.08753853697878167,1.0054457276803306,0.0
2026-08-31,0.004678202964909752,0.026446546509562234,0.10256362834114091,0.016820294717308327,0.0836005854453628,1.0050027451207586,0.0
2026-09-01,-0.005406764533388207,0.0054099104423741325,0.09486896211467206,0.009368946605885397,0.07551755041840326,1.004050338891089,0.0
2026-09-02,-0.0012016452379635945,-0.008031345169222095,0.07213198730339201,0.01299967462218396,0.07953780888640506,1.0036099000450638,0.0
2026-09-03,0.002680890165184603,0.004381216575219758,0.0809096360180964,0.0225230938169593,0.0900179391295282,1.004057300183712,0.0
2026-09-04,0.0010912773107916727,0.0021186219454634395,0.08191991406617713,0.017616032326704195,0.08497555392005739,1.0040508499719376,0.0
2026-09-08,-0.001422013425215674,-0.009485399793745772,0.0810765491066751,0.011039383773710795,0.07817141551636016,1.0035597499381574,0.0
2026-09-09,0.0008135588008083127,-0.013846464086048369,0.08236921258300475,0.005772151536133728,0.07236628683006223,1.0027641182723863,0.0
2026-09-10,-0.009625857026658378,-0.01665846204599588,0.0840216256223268,-0.0005483748288288014,0.06510929030006395,1.0016328926296965,0.0
2026-09-11,-0.01155168574570374,-0.010671764873885868,0.08936878609310352,0.007478837866242805,0.07335379822474032,1.0014009653302474,0.0
2026-09-14,-0.012161643157410043,-0.022096686100812758,0.08605178963238001,0.0025582751915447254,0.06783270304466794,1.0008475843846363,0.0
2026-09-15,-0.01125163059698934,-0.024712276959007125,0.08688078985536737,-0.0022008709678175533,0.06227947898188043,1.0000395865605953,0.0
2026-09-16,-0.011012711620155807,-0.024393338012128892,0.08672292211652997,-0.006766963635971722,0.05700228812860873,0.9990557974398636,0.0
2026-09-17,0.006274553746360943,-0.006339717831132543,0.09421552864117794,0.004040115663718921,0.0683522131598447,0.9991899970941742,0.0
2026-09-18,-0.0009274893841422173,-0.00714917365923797,0.09399746806156033,0.0050181078965443795,0.06906141005951119,0.9994070787778514,0.0
