date,regime,state_id,state_0,state_1,state_2,state_3,state_4
2010-10-18,Unknown,1,0.00010559879942992795,0.9706923050933794,0.0,0.029202096107190656,0.0
2010-10-19,Unknown,1,0.0008712345435400489,0.6069117043596958,0.0,0.39221706109676413,0.0
2010-10-20,Unknown,1,4.514641947565664e-05,0.8967428991567891,0.0,0.10321195442373525,0.0
2010-10-21,Unknown,1,0.00011743378472531257,0.9597164297382197,0.0,0.040166136477055,0.0
2010-10-22,Unknown,1,0.00019181297618696454,0.9459949691619779,0.0,0.053813217861834954,0.0
2010-10-25,Unknown,1,7.29315421126853e-05,0.99025602902362,0.0,0.009671039434267434,0.0
2010-10-26,Unknown,1,0.0011885005222725088,0.9946537662880802,0.0,0.004157733189647188,0.0
2010-10-27,Unknown,1,0.0005544475313899681,0.9962423779652124,0.0,0.0032031745033977836,0.0
2010-10-28,Unknown,1,0.0009003168246400148,0.9954602454113064,0.0,0.0036394377640532813,0.0
2010-10-29,Unknown,1,0.0017417089958136965,0.9929579028277067,0.0,0.005300388176479497,0.0
2010-11-01,Unknown,1,0.0028026625410144616,0.9895909913682939,0.0,0.007606346090691941,0.0
2010-11-02,Unknown,1,0.0053526028042735225,0.9449023798495848,0.0,0.04974501734614147,0.0
2010-11-03,Unknown,1,0.001946415531633803,0.9970512268754486,0.0,0.0010023575929172606,0.0
2010-11-04,Unknown,1,0.018937892118699305,0.719260915590163,0.0,0.2618011922911377,0.0
2010-11-05,Unknown,1,0.029545697986380015,0.9029729803037868,0.0,0.06748132170983316,0.0
2010-11-08,Unknown,1,0.06972214587874065,0.8952874443464365,0.0,0.03499040977482299,0.0
2010-11-09,Unknown,1,0.08235977589843796,0.897236466924711,0.0,0.020403757176851008,0.0
2010-11-10,Unknown,1,0.06038412372550879,0.9276454644080768,0.0,0.011970411866414593,0.0
2010-11-11,Unknown,1,0.023896838998737655,0.9618220185308215,0.0,0.014281142470440942,0.0
2010-11-12,Sideways,0,0.4814384329014737,0.2199610228809427,0.0,0.29860054421758353,0.0
2010-11-15,Sideways,0,0.5042489468030558,0.33721598273492315,0.0,0.15853507046202106,0.0
2010-11-16,Sideways,0,0.5168925136870884,0.0010332842871588498,0.0,0.4820742020257527,0.0
2010-11-17,Sideways,0,0.7567387428068653,0.023657049131603734,0.0,0.2196042080615309,0.0
2010-11-18,Sideways,0,0.5540408069994525,0.29955000067748827,0.0,0.14640919232305943,0.0
2010-11-19,Unknown,1,0.3295409111463415,0.6577948131635332,0.0,0.012664275690124918,0.0
2010-11-22,Unknown,1,0.3935175250772523,0.5965115055265164,0.0,0.009970969396231395,0.0
2010-11-23,Sideways,0,0.950375421217796,0.005698526067437129,0.0,0.043926052714766975,0.0
2010-11-24,Sideways,0,0.9593302641223646,0.01633262635973372,0.0,0.024337109517901676,0.0
2010-11-26,Sideways,0,0.8935284314988007,0.03881835352317379,0.0,0.0676532149780253,0.0
2010-11-29,Sideways,0,0.8547617703799741,0.029051401268669397,0.0,0.1161868283513565,0.0
2010-11-30,Sideways,0,0.8805134135424131,0.011043148662066534,0.0,0.10844343779552038,0.0
2010-12-01,Sideways,0,0.7547287489111502,0.00022230405965269667,0.0,0.24504894702919716,0.0
2010-12-02,Bull,3,0.21517074730222138,3.279632273579824e-05,0.0,0.7847964563750428,0.0
2010-12-03,Sideways,0,0.867845084192256,2.693658182540179e-05,0.0,0.1321279792259187,0.0
2010-12-06,Sideways,0,0.6920053572772796,5.326231967129858e-05,0.0,0.307941380403049,0.0
2010-12-07,Bull,3,0.2707632673928955,1.0925212769448427e-07,0.0,0.7292366233549767,0.0
2010-12-08,Sideways,0,0.6854290485661716,0.0030135639045795666,0.0,0.3115573875292488,0.0
2010-12-09,Sideways,0,0.7715019756307311,0.08233888467545779,0.0,0.14615913969381103,0.0
2010-12-10,Sideways,0,0.7247677111605424,0.07517100616898958,0.0,0.20006128267046802,0.0
2010-12-13,Sideways,0,0.8591647972194668,0.03910751992078512,0.0,0.10172768285974826,0.0
2010-12-14,Sideways,0,0.8070362641982868,0.14249693390285764,0.0,0.05046680189885535,0.0
2010-12-15,Sideways,0,0.8161570551074889,0.10637916490728568,0.0,0.07746377998522545,0.0
2010-12-16,Unknown,1,0.0324791085849636,0.9307098794155205,0.0,0.03681101199951622,0.0
2010-12-17,Unknown,1,0.0234449827152799,0.9306894205285112,0.0,0.04586559675620879,0.0
2010-12-20,Unknown,1,0.2027675959471088,0.7854719075133891,0.0,0.011760496539501925,0.0
2010-12-21,Unknown,1,0.21034107654120465,0.7782104980929291,0.0,0.011448425365866148,0.0
2010-12-22,Unknown,1,0.39484148344954,0.5824055330870362,0.0,0.02275298346342402,0.0
2010-12-23,Unknown,1,0.010765352319634802,0.9736528933461521,0.0,0.01558175433421275,0.0
2010-12-27,Unknown,1,0.14151740181991018,0.853379426782001,0.0,0.005103171398089137,0.0
2010-12-28,Unknown,1,0.009992062418645893,0.9837226484803496,0.0,0.006285289101004084,0.0
2010-12-29,Unknown,1,0.013926905387079568,0.9797533607727473,0.0,0.006319733840173397,0.0
2010-12-30,Unknown,1,0.004893271743070222,0.9702985474319042,0.0,0.024808180825025315,0.0
2010-12-31,Unknown,1,0.09705557436334077,0.9017786600455944,0.0,0.0011657655910652547,0.0
2011-01-03,Unknown,1,0.08138114379522463,0.9181225643234774,0.0,0.0004962918812980997,0.0
2011-01-04,Unknown,1,0.09697822248077938,0.9025200846399801,0.0,0.0005016928792405176,0.0
2011-01-05,Unknown,1,0.08972659065470895,0.909651236891402,0.0,0.0006221724538889478,0.0
2011-01-06,Unknown,1,0.12154709637479628,0.877613340902606,0.0,0.0008395627225978241,0.0
2011-01-07,Unknown,1,0.17834951167683388,0.8204463508783658,0.0,0.0012041374448004667,0.0
2011-01-10,Unknown,1,0.20218747163076614,0.7969633659537704,0.0,0.0008491624154637389,0.0
2011-01-11,Unknown,1,0.12822208049666334,0.8711923626264507,0.0,0.000585556876886013,0.0
2011-01-12,Unknown,1,0.15443868910812925,0.8445200988493632,0.0,0.0010412120425071782,0.0
2011-01-13,Unknown,1,0.12808295103953157,0.8713159569828648,0.0,0.000601091977603332,0.0
2011-01-14,Unknown,1,0.12268464328136551,0.8762453064172406,0.0,0.0010700503013938547,0.0
2011-01-18,Unknown,1,0.1487990426768156,0.8500873280235571,0.0,0.001113629299627013,0.0
2011-01-19,Unknown,1,0.28537560150272323,0.7132000185147301,0.0,0.0014243799825470705,0.0
2011-01-20,Unknown,1,0.3669947945318959,0.6315242253494402,0.0,0.001480980118664426,0.0
2011-01-21,Unknown,1,0.24620517457231322,0.752679829398715,0.0,0.001114996028971953,0.0
2011-01-24,Unknown,1,0.4696059348149684,0.5260675220411822,0.0,0.004326543143849104,0.0
2011-01-25,Sideways,0,0.5700720238657545,0.42482238028328956,0.0,0.005105595850955801,0.0
2011-01-26,Unknown,1,0.21410554072927632,0.7846332343469378,0.0,0.001261224923785582,0.0
2011-01-27,Unknown,1,0.209144170919761,0.7895949816693938,0.0,0.0012608474108455779,0.0
2011-01-28,Sideways,0,0.8044547968928445,0.19077628459588356,0.0,0.004768918511271518,0.0
2011-01-31,Sideways,0,0.6942467220443264,0.30201928813667345,0.0,0.0037339898189998858,0.0
2011-02-01,Sideways,0,0.9186335808899196,0.053109724057186884,0.0,0.028256695052893573,0.0
2011-02-02,Sideways,0,0.8767839889088724,0.11568760428079294,0.0,0.007528406810334705,0.0
2011-02-03,Sideways,0,0.8712537017301857,0.12141519515236954,0.0,0.007331103117444725,0.0
2011-02-04,Sideways,0,0.9549065748209327,0.03738656994764517,0.0,0.007706855231422061,0.0
2011-02-07,Sideways,0,0.9157925055333554,0.0783494751621756,0.0,0.005858019304468829,0.0
2011-02-08,Sideways,0,0.8437144834242272,0.14775310145648718,0.0,0.008532415119285484,0.0
2011-02-09,Sideways,0,0.7045758755337636,0.29070862202517345,0.0,0.004715502441062754,0.0
2011-02-10,Sideways,0,0.7543585814640507,0.24127442237250163,0.0,0.004366996163447605,0.0
2011-02-11,Sideways,0,0.8525224160265769,0.14317178243300427,0.0,0.0043058015404189975,0.0
2011-02-14,Sideways,0,0.8178850281534831,0.1777736607203263,0.0,0.004341311126190237,0.0
2011-02-15,Sideways,0,0.9055477124532892,0.0895864535879741,0.0,0.004865833958736691,0.0
2011-02-16,Sideways,0,0.8947420973147994,0.10045810175689891,0.0,0.004799800928301566,0.0
2011-02-17,Sideways,0,0.6440627032637067,0.35037245064098593,0.0,0.005564846095307167,0.0
2011-02-18,Sideways,0,0.5858102569468582,0.40686430481440494,0.0,0.007325438238736778,0.0
2011-02-22,Sideways,0,0.9631035545878471,0.004257948252273534,0.0,0.03263849715987944,0.0
2011-02-23,Sideways,0,0.9647111736473941,0.0013948403521120986,0.0,0.03389398600049371,0.0
2011-02-24,Sideways,0,0.974841298723664,0.0013708157292306974,0.0,0.023787885547105255,0.0
2011-02-25,Sideways,0,0.9709906748958217,0.000779965160364551,0.0,0.028229359943813793,0.0
2011-02-28,Sideways,0,0.9494269657135675,0.0002773988463879391,0.0,0.05029563544004459,0.0
2011-03-01,Sideways,0,0.5051796051218397,0.35380972927341986,0.0,0.14101066560474038,0.0
2011-03-02,Sideways,0,0.7298063040969203,0.2169643873898332,0.0,0.05322930851324663,0.0
2011-03-03,Sideways,0,0.9837106182307804,0.0028800038612292957,0.0,0.013409377907990393,0.0
2011-03-04,Sideways,0,0.9784717342544504,0.008079209090502236,0.0,0.013449056655047455,0.0
2011-03-07,Sideways,0,0.9798304647648717,0.0012782767858656844,0.0,0.01889125844926247,0.0
2011-03-08,Sideways,0,0.9849209839728005,0.0018360424254739147,0.0,0.013242973601725433,0.0
2011-03-09,Sideways,0,0.9864291324113049,0.0011946786946204306,0.0,0.012376188894074687,0.0
2011-03-10,Sideways,0,0.9280540018362395,2.5235164967557027e-06,0.0,0.07194347464726376,0.0
2011-03-11,Sideways,0,0.9727600196441896,2.121976187459706e-05,0.0,0.027218760593935746,0.0
2011-03-14,Sideways,0,0.9626853430226329,2.277645166653907e-05,0.0,0.037291880525700406,0.0
2011-03-15,Sideways,0,0.8276669934136687,1.1285257693398363e-07,0.0,0.17233289373375452,0.0
2011-03-16,Bull,3,0.16616591459218605,7.837394510831913e-12,0.0,0.8338340853999767,0.0
2011-03-17,Sideways,0,0.8143389258016022,4.2674766292989705e-09,0.0,0.1856610699309213,0.0
2011-03-18,Sideways,0,0.6331716778208076,8.068747085893184e-11,0.0,0.3668283220985049,0.0
2011-03-21,Sideways,0,0.6177654691262244,2.5390504286340028e-12,0.0,0.38223453087123654,0.0
2011-03-22,Sideways,0,0.8129785588228251,4.97131947113084e-11,0.0,0.18702144112746183,0.0
2011-03-23,Sideways,0,0.7354952795286825,5.271417512713886e-10,0.0,0.26450471994417574,0.0
2011-03-24,Sideways,0,0.7574827481332063,1.140465924262605e-08,0.0,0.24251724046213455,0.0
2011-03-25,Sideways,0,0.8169460551463094,7.726795046305067e-08,0.0,0.1830538675857401,0.0
2011-03-28,Sideways,0,0.9680789783094662,1.0176249236090649e-06,0.0,0.031920004065610234,0.0
2011-03-29,Sideways,0,0.9763309009832755,1.683234429963014e-07,0.0,0.023668930693281517,0.0
2011-03-30,Sideways,0,0.9255128815573529,3.6595535396459925e-05,0.0,0.07445052290725053,0.0
2011-03-31,Sideways,0,0.9643311258416225,0.00034363291133819547,0.0,0.03532524124703935,0.0
2011-04-01,Sideways,0,0.9889343289313527,0.00011192458754268855,0.0,0.010953746481104388,0.0
2011-04-04,Sideways,0,0.985062066807296,0.0003832185471441494,0.0,0.014554714645560022,0.0
2011-04-05,Sideways,0,0.9681160743230898,0.010146982301684326,0.0,0.021736943375226022,0.0
2011-04-06,Sideways,0,0.9865482022328766,0.004535433999384634,0.0,0.008916363767738552,0.0
2011-04-07,Sideways,0,0.9810123392308213,0.003387230742851937,0.0,0.015600430026326806,0.0
2011-04-08,Unknown,1,0.27194146430503785,0.6686954551730092,0.0,0.05936308052195281,0.0
2011-04-11,Sideways,0,0.7118204689529072,0.23458547924014428,0.0,0.0535940518069484,0.0
2011-04-12,Sideways,0,0.45896458958880987,0.28964645002215084,0.0,0.25138896038903924,0.0
2011-04-13,Unknown,1,0.016705930388944024,0.713866569008263,0.0,0.26942750060279314,0.0
2011-04-14,Bull,3,2.973325097232489e-06,0.37256120555991756,0.0,0.6274358211149852,0.0
2011-04-15,Unknown,1,0.00022858886047031013,0.9482032511186107,0.0,0.051568160020919,0.0
2011-04-18,Unknown,1,0.001229641013371263,0.944037528122425,0.0,0.05473283086420372,0.0
2011-04-19,Unknown,1,0.01092765748238094,0.9848502793476426,0.0,0.004222063169976852,0.0
2011-04-20,Unknown,1,0.03520757883949455,0.9171206656693023,0.0,0.047671755491202936,0.0
2011-04-21,Unknown,1,0.07979882092511768,0.8749259598264721,0.0,0.04527521924841012,0.0
2011-04-25,Unknown,1,0.13097274106223467,0.8640585135763004,0.0,0.004968745361465209,0.0
2011-04-26,Sideways,0,0.7858588869853333,0.1558472837964986,0.0,0.058293829218168,0.0
2011-04-27,Sideways,0,0.7038085191643652,0.2444529956221595,0.0,0.05173848521347534,0.0
2011-04-28,Unknown,1,0.4504046626360192,0.5441077606197351,0.0,0.0054875767442456305,0.0
2011-04-29,Unknown,1,0.44352656216843966,0.5537266509420996,0.0,0.0027467868894602994,0.0
2011-05-02,Unknown,1,0.47853183001345234,0.5179124629950155,0.0,0.0035557069915325983,0.0
2011-05-03,Unknown,1,0.43251798587172424,0.5653610681585097,0.0,0.002120945969765638,0.0
2011-05-04,Sideways,0,0.7068644939310256,0.2893545618663421,0.0,0.0037809442026323042,0.0
2011-05-05,Sideways,0,0.9552988619373483,0.035996476623053136,0.0,0.008704661439598431,0.0
2011-05-06,Sideways,0,0.9236926307143796,0.07076998461000145,0.0,0.005537384675619392,0.0
2011-05-09,Sideways,0,0.8493432711454176,0.14586847411477427,0.0,0.0047882547398079844,0.0
2011-05-10,Sideways,0,0.733349333125508,0.26008339543375736,0.0,0.006567271440734529,0.0
2011-05-11,Sideways,0,0.5906977662345224,0.405346607057458,0.0,0.003955626708019299,0.0
2011-05-12,Unknown,1,0.22138272414463273,0.7735558913012033,0.0,0.0050613845541639495,0.0
2011-05-13,Unknown,1,0.2714895671564974,0.7222005135106201,0.0,0.006309919332882652,0.0
2011-05-16,Sideways,0,0.5703180162516964,0.4135566742293693,0.0,0.01612530951893454,0.0
2011-05-17,Sideways,0,0.9338274868307651,0.02333133313824811,0.0,0.042841180030986796,0.0
2011-05-18,Sideways,0,0.3551793292003084,0.31149426940750874,0.0,0.3333264013921827,0.0
2011-05-19,Sideways,0,0.6570591730075818,0.06032135913651763,0.0,0.2826194678559006,0.0
2011-05-20,Sideways,0,0.7130752183030714,0.2815689800651293,0.0,0.005355801631799289,0.0
2011-05-23,Sideways,0,0.9136768094375753,0.07759527055128136,0.0,0.008727920011143442,0.0
2011-05-24,Sideways,0,0.9277984513593451,0.06382859545620016,0.0,0.008372953184454761,0.0
2011-05-25,Sideways,0,0.9827677858068528,0.0049149797020459135,0.0,0.012317234491101291,0.0
2011-05-26,Sideways,0,0.9754419670114355,0.0017145918289965918,0.0,0.022843441159567806,0.0
2011-05-27,Sideways,0,0.973796506787475,0.009294430657620789,0.0,0.01690906255490426,0.0
2011-05-31,Sideways,0,0.9741310229836464,0.001330036378394687,0.0,0.024538940637958993,0.0
2011-06-01,Sideways,0,0.9175780670680689,9.882484011868428e-05,0.0,0.08232310809181252,0.0
2011-06-02,Sideways,0,0.9726979936240973,0.0003331716380623613,0.0,0.026968834737840175,0.0
2011-06-03,Sideways,0,0.964977772249593,0.0001626618487589006,0.0,0.03485956590164797,0.0
2011-06-06,Sideways,0,0.8811507842858713,1.8918891054929526e-05,0.0,0.11883029682307353,0.0
2011-06-07,Sideways,0,0.6429439375504723,7.87368802929406e-09,0.0,0.35705605457583967,0.0
2011-06-08,Sideways,0,0.9247466713484848,3.3439012852470513e-06,0.0,0.07524998475023,0.0
2011-06-09,Sideways,0,0.9194213780661183,4.4126069180000747e-07,0.0,0.08057818067318984,0.0
2011-06-10,Sideways,0,0.8998769866617755,1.4461647549632514e-06,0.0,0.10012156717346953,0.0
2011-06-13,Sideways,0,0.8938549720173572,5.315887831976192e-07,0.0,0.10614449639385948,0.0
2011-06-14,Sideways,0,0.8760131768316767,2.7990758158944516e-08,0.0,0.12398679517756517,0.0
2011-06-15,Sideways,0,0.7827014331197937,1.4356652273971228e-07,0.0,0.21729842331368346,0.0
2011-06-16,Sideways,0,0.7214956470794028,1.1793405389858563e-08,0.0,0.2785043411271918,0.0
2011-06-17,Sideways,0,0.8854379863427869,4.10542317733709e-09,0.0,0.11456200955178997,0.0
2011-06-20,Sideways,0,0.8968316524764229,1.1910774926347718e-09,0.0,0.10316834633249944,0.0
2011-06-21,Sideways,0,0.573465323223563,9.29758832041646e-11,0.0,0.426534676683461,0.0
2011-06-22,Sideways,0,0.754622166486873,4.029358004376488e-08,0.0,0.24537779321954706,0.0
2011-06-23,Sideways,0,0.7973999066863704,3.474188757435601e-07,0.0,0.20259974589475394,0.0
2011-06-24,Sideways,0,0.790735545348596,3.4081749495864507e-07,0.0,0.20926411383390922,0.0
2011-06-27,Sideways,0,0.9218371395133091,1.6365074235029527e-07,0.0,0.0781626968359484,0.0
2011-06-28,Sideways,0,0.8589063765646292,5.114328980434454e-08,0.0,0.14109357229208105,0.0
2011-06-29,Sideways,0,0.9320261391315924,2.4579834258973077e-08,0.0,0.0679738362885733,0.0
2011-06-30,Sideways,0,0.8835978012088016,4.421483283255191e-06,0.0,0.11639777730791533,0.0
2011-07-01,Sideways,0,0.547820157025707,8.48837893570774e-11,0.0,0.4521798428894091,0.0
2011-07-05,Bull,3,0.2510689525395189,2.4832551797802976e-07,0.0,0.7489307991349631,0.0
2011-07-06,Bull,3,0.03572407969088083,0.00087831914239478,0.0,0.9633976011667245,0.0
2011-07-07,Bull,3,0.021989022711441868,0.0029802447036815826,0.0,0.9750307325848766,0.0
2011-07-08,Bull,3,0.005380105132762114,0.036545399992905014,0.0,0.9580744948743329,0.0
2011-07-11,Bull,3,0.006697792805490324,0.0002971853072434792,0.0,0.9930050218872661,0.0
2011-07-12,Bull,3,0.00011352898057143228,0.0019515950508412802,0.0,0.9979348759685873,0.0
2011-07-13,Bull,3,0.0002189369857832917,0.025201843528950926,0.0,0.9745792194852657,0.0
2011-07-14,Bull,3,0.007304785153622379,0.0008466923734409203,0.0,0.9918485224729366,0.0
2011-07-15,Bull,3,2.6971788496259736e-05,0.0198619910933048,0.0,0.9801110371181989,0.0
2011-07-18,Bull,3,0.0004546978448503917,0.09079582766259046,0.0,0.9087494744925592,0.0
2011-07-19,Bull,3,0.0006221133966783758,0.0833468544716076,0.0,0.9160310321317141,0.0
2011-07-20,Bull,3,0.004845935864912992,0.20713065358767743,0.0,0.7880234105474095,0.0
2011-07-21,Bull,3,0.2589645851569278,0.01867911260474276,0.0,0.7223563022383295,0.0
2011-07-22,Bull,3,0.051755992377572474,0.13494297438099362,0.0,0.8133010332414338,0.0
2011-07-25,Bull,3,0.040861192505574136,0.010122233385651354,0.0,0.9490165741087745,0.0
2011-07-26,Bull,3,0.00023038316012274074,0.3745388623423077,0.0,0.6252307544975694,0.0
2011-07-27,Bull,3,0.0030213826949320784,0.0026056978658488866,0.0,0.9943729194392191,0.0
2011-07-28,Bull,3,0.03554294155776517,0.000741977107865299,0.0,0.9637150813343696,0.0
2011-07-29,Bull,3,0.07482255258775758,2.0691947421457136e-05,0.0,0.925156755464821,0.0
2011-08-01,Bull,3,0.23946820455730966,1.181929599403717e-05,0.0,0.7605199761466963,0.0
2011-08-02,Bull,3,0.002313700236370906,2.9403471352918884e-13,0.0,0.997686299763335,0.0
2011-08-03,Bull,3,0.1264150754911895,6.575522583626476e-09,0.0,0.8735849179332879,0.0
2011-08-04,Bull,3,1.4469107770319347e-08,1.49145116067578e-30,0.0,0.9999999855308924,0.0
2011-08-05,Bull,3,3.554542771493094e-08,4.866397823415893e-30,0.0,0.9999999644545723,0.0
2011-08-08,High-Volatility,2,0.0,0.0,0.9881625904031549,0.0,0.011837409596845466
2011-08-09,High-Volatility,2,0.0,0.0,0.9835333312338019,0.0,0.016466668766197894
2011-08-10,High-Volatility,2,0.0,0.0,0.999986597122034,0.0,1.3402877966135724e-05
2011-08-11,High-Volatility,2,0.0,0.0,0.9999988056690654,0.0,1.1943309349405216e-06
2011-08-12,High-Volatility,2,0.0,0.0,0.9999994136530233,0.0,5.863469765755693e-07
2011-08-15,High-Volatility,2,0.0,0.0,0.9999953129064346,0.0,4.687093565625856e-06
2011-08-16,High-Volatility,2,0.0,0.0,0.9999985944777753,0.0,1.405522224578646e-06
2011-08-17,High-Volatility,2,0.0,0.0,0.9999771072866503,0.0,2.289271334953778e-05
2011-08-18,High-Volatility,2,0.0,0.0,0.9999999510618153,0.0,4.8938184784897817e-08
2011-08-19,High-Volatility,2,0.0,0.0,0.9999999643849111,0.0,3.5615088939636703e-08
2011-08-22,High-Volatility,2,0.0,0.0,0.9999999956037673,0.0,4.3962326827124586e-09
2011-08-23,High-Volatility,2,0.0,0.0,0.9999999999483862,0.0,5.161379660346407e-11
2011-08-24,High-Volatility,2,0.0,0.0,0.9999999999805373,0.0,1.946266967516507e-11
2011-08-25,High-Volatility,2,0.0,0.0,0.9999999982145358,0.0,1.7854645142203598e-09
2011-08-26,High-Volatility,2,0.0,0.0,0.9999999993048423,0.0,6.951578365946675e-10
2011-08-29,High-Volatility,2,0.0,0.0,0.9999999999906786,0.0,9.321210532937502e-12
2011-08-30,High-Volatility,2,0.0,0.0,0.9999999999945226,0.0,5.47732039496997e-12
2011-08-31,High-Volatility,2,0.0,0.0,0.9999999999727058,0.0,2.729405731471923e-11
2011-09-01,High-Volatility,2,0.0,0.0,0.9999999999830891,0.0,1.6911129190369988e-11
2011-09-02,High-Volatility,2,0.0,0.0,0.9999999986994217,0.0,1.3005780284268493e-09
2011-09-06,High-Volatility,2,0.0,0.0,0.9999999996333537,0.0,3.666461647363055e-10
2011-09-07,High-Volatility,2,0.0,0.0,0.9999986097750266,0.0,1.390224972948931e-06
2011-09-08,High-Volatility,2,0.0,0.0,0.9928585851925569,0.0,0.007141414807443282
2011-09-09,High-Volatility,2,0.0,0.0,0.9894558992743085,0.0,0.01054410072569192
2011-09-12,Bear,4,0.0,0.0,0.06971140550086971,0.0,0.9302885944991302
2011-09-13,Bear,4,0.0,0.0,0.03723964558281605,0.0,0.9627603544171839
2011-09-14,Bear,4,0.0,0.0,0.018834622752915284,0.0,0.9811653772470847
2011-09-15,Bear,4,0.0,0.0,0.028200268960559792,0.0,0.9717997310394402
2011-09-16,Bear,4,0.0,0.0,0.04547592661747168,0.0,0.9545240733825283
2011-09-19,Bull,3,1.7599714072165574e-23,1.2203625928593457e-26,0.0,1.0,0.0
2011-09-20,Bull,3,2.7123585717414525e-29,2.0031105085154418e-23,0.0,1.0,0.0
2011-09-21,Bull,3,2.0319145670488605e-30,6.537400852041908e-25,0.0,1.0,0.0
2011-09-22,Bull,3,7.939674578413778e-22,3.7098527085166346e-32,0.0,1.0,0.0
2011-09-23,Bull,3,2.6761020472992722e-18,1.6340935327191218e-28,0.0,1.0,0.0
2011-09-26,Bull,3,1.229530748887632e-22,1.1744713023036786e-26,0.0,1.0,0.0
2011-09-27,Bull,3,2.2123857712572084e-19,1.0483774015193321e-25,0.0,1.0,0.0
2011-09-28,Bull,3,1.8425648976733875e-10,7.523967981993618e-25,0.0,0.9999999998157436,0.0
2011-09-29,Bull,3,1.1915278035114072e-09,2.037775842929134e-34,0.0,0.9999999988084722,0.0
2011-09-30,Bull,3,3.3801153995264743e-12,4.674851975638008e-37,0.0,0.9999999999966196,0.0
2011-10-03,Bull,3,1.7618643607235223e-15,2.3608807146920967e-37,0.0,0.9999999999999982,0.0
2011-10-04,Bull,3,6.31085320087741e-20,7.657537961793986e-36,0.0,1.0,0.0
2011-10-05,Bear,4,0.0,0.0,0.0001591890572478858,0.0,0.9998408109427521
2011-10-06,Bull,3,1.4415950164266988e-19,5.738588011485982e-38,0.0,1.0,0.0
2011-10-07,Bull,3,3.1320109755480526e-14,1.7605025767863986e-32,0.0,0.9999999999999685,0.0
2011-10-10,Bear,4,0.0,0.0,0.0004156416883355819,0.0,0.9995843583116647
2011-10-11,Bear,4,0.0,0.0,0.00018910703166249193,0.0,0.9998108929683376
2011-10-12,Bear,4,0.0,0.0,0.000151827115187363,0.0,0.9998481728848125
2011-10-13,Bull,3,2.663122933226896e-19,5.71959507563946e-26,0.0,1.0,0.0
2011-10-14,Bull,3,5.811874138969242e-20,1.7869607377968873e-31,0.0,1.0,0.0
2011-10-17,Bear,4,0.0,0.0,0.00012590744870928812,0.0,0.9998740925512906
2011-10-18,Bear,4,0.0,0.0,0.00023399565422257184,0.0,0.9997660043457772
2011-10-19,Bear,4,0.0,0.0,0.0005852706071982855,0.0,0.9994147293928018
2011-10-20,Bull,3,5.230306584947577e-22,1.655905155582402e-18,0.0,1.0,0.0
2011-10-21,Bull,3,3.7159274380852677e-31,2.0036340378737392e-18,0.0,1.0,0.0
2011-10-24,Bull,3,3.2908316457567184e-26,7.096453722443583e-19,0.0,1.0,0.0
2011-10-25,Bull,3,2.160943119855045e-22,8.11765677173722e-16,0.0,0.9999999999999991,0.0
2011-10-26,Bull,3,2.9896204685162306e-20,7.128137141735121e-18,0.0,1.0,0.0
2011-10-27,Bull,3,8.168352093337822e-28,4.540372097396395e-21,0.0,1.0,0.0
2011-10-28,Bull,3,2.099210720554341e-27,8.408357292931622e-17,0.0,1.0,0.0
2011-10-31,Bull,3,2.8055721008927124e-31,6.082865945751362e-18,0.0,1.0,0.0
2011-11-01,Bull,3,1.4364006070489225e-37,3.05332269919321e-27,0.0,1.0,0.0
2011-11-02,Bull,3,4.611594892333155e-31,6.450302271481594e-18,0.0,1.0,0.0
2011-11-03,Bull,3,3.0803149386331766e-35,2.081828013939651e-20,0.0,1.0,0.0
2011-11-04,Bull,3,7.521908561861039e-29,2.6645198236155664e-17,0.0,1.0,0.0
2011-11-07,Bull,3,3.0804038110629414e-25,3.636142567532484e-14,0.0,0.9999999999999636,0.0
2011-11-08,Bull,3,3.120748536516403e-16,1.394880761624183e-17,0.0,0.9999999999999996,0.0
2011-11-09,Bull,3,2.2928312763949757e-20,9.44152293910835e-25,0.0,1.0,0.0
2011-11-10,Bull,3,1.5349079156951012e-21,8.89330069090201e-18,0.0,1.0,0.0
2011-11-11,Bull,3,2.4540810054021284e-22,8.04132479510988e-17,0.0,1.0,0.0
2011-11-14,Bull,3,1.6072753163233006e-21,9.380235878182332e-18,0.0,1.0,0.0
2011-11-15,Bull,3,5.4704654618510696e-24,4.0981107607601836e-17,0.0,1.0,0.0
2011-11-16,Bull,3,2.2803884852349635e-16,1.4451546028858924e-20,0.0,0.9999999999999996,0.0
2011-11-17,Bull,3,4.681075959724206e-17,1.8344141992631575e-19,0.0,1.0,0.0
2011-11-18,Bull,3,1.0420673375416533e-19,1.577131524135213e-20,0.0,1.0,0.0
2011-11-21,Bull,3,3.796905502760694e-18,5.398558346116564e-25,0.0,1.0,0.0
2011-11-22,Bull,3,1.0864991189358686e-19,6.106206143525144e-28,0.0,1.0,0.0
2011-11-23,Bull,3,1.0612331908600908e-16,4.8148961446850125e-29,0.0,1.0,0.0
2011-11-25,Bull,3,8.995399552328496e-15,3.2997998760998493e-28,0.0,0.9999999999999911,0.0
2011-11-28,Bull,3,1.1389420284117964e-19,6.064352868804609e-32,0.0,1.0,0.0
2011-11-29,Bull,3,1.4133846311720884e-16,2.0708003219274e-30,0.0,1.0,0.0
2011-11-30,Bull,3,1.0910918220604621e-19,3.2049886999233795e-43,0.0,1.0,0.0
2011-12-01,Bull,3,1.9677245345076533e-12,1.451352103159692e-35,0.0,0.9999999999980327,0.0
2011-12-02,Bull,3,5.445980782675293e-10,3.106681812314723e-34,0.0,0.9999999994554019,0.0
2011-12-05,Bull,3,2.3186958922635387e-12,1.5228345711057038e-26,0.0,0.999999999997681,0.0
2011-12-06,Bull,3,3.8721138323357575e-11,2.518987853415457e-24,0.0,0.999999999961279,0.0
2011-12-07,Bull,3,2.6820177696440937e-15,3.1678085044525335e-17,0.0,0.9999999999999973,0.0
2011-12-08,Bull,3,4.573499855985977e-16,1.1527421850126877e-21,0.0,0.9999999999999991,0.0
2011-12-09,Bull,3,3.519648342329943e-11,9.52420951785549e-12,0.0,0.9999999999552793,0.0
2011-12-12,Bull,3,1.4205953576380553e-11,1.3982305621676982e-13,0.0,0.9999999999856543,0.0
2011-12-13,Bull,3,7.583980852106427e-12,4.197470465227009e-17,0.0,0.9999999999924158,0.0
2011-12-14,Bull,3,2.607385307942804e-11,4.956582022862346e-18,0.0,0.9999999999739262,0.0
2011-12-15,Bull,3,5.121554168027689e-09,1.3455545328732388e-17,0.0,0.9999999948784457,0.0
2011-12-16,Bull,3,2.888289156748429e-09,1.1678630870988306e-13,0.0,0.999999997111594,0.0
2011-12-19,Bull,3,1.7745025879691552e-08,3.2946133616993463e-13,0.0,0.9999999822546447,0.0
2011-12-20,Bull,3,6.737160999683839e-10,7.660155153169113e-15,0.0,0.9999999993262763,0.0
2011-12-21,Bull,3,2.2055566052044962e-11,1.6056143383401048e-14,0.0,0.9999999999779284,0.0
2011-12-22,Bull,3,6.61412851090763e-13,8.177776598744478e-15,0.0,0.9999999999993303,0.0
2011-12-23,Bull,3,3.577096626872102e-19,1.2448811566963231e-15,0.0,0.9999999999999987,0.0
2011-12-27,Bull,3,1.2100432794318388e-18,4.277146989395804e-18,0.0,1.0,0.0
2011-12-28,Bull,3,1.255175930859946e-10,4.286516787036163e-09,0.0,0.9999999955879656,0.0
2011-12-29,Bull,3,1.3471869592898029e-10,8.580329289338961e-09,0.0,0.999999991284952,0.0
2011-12-30,Bull,3,0.0003509271891396762,9.228310767478166e-06,0.0,0.9996398445000929,0.0
2012-01-03,Bull,3,4.510705133836697e-05,0.00035623435859902795,0.0,0.9995986585900625,0.0
2012-01-04,Bull,3,4.962693621429123e-05,0.00023755061503453136,0.0,0.9997128224487511,0.0
2012-01-05,Bull,3,0.00011570537830785515,1.7442293261121423e-08,0.0,0.9998842771793989,0.0
2012-01-06,Bull,3,5.607862238429262e-05,3.0405617603826666e-07,0.0,0.9999436173214397,0.0
2012-01-09,Bull,3,4.138340413649906e-05,2.602336148588942e-09,0.0,0.9999586139935274,0.0
2012-01-10,Bull,3,7.944836312017912e-05,0.02378127591690631,0.0,0.9761392757199735,0.0
2012-01-11,Bull,3,0.000420091492563334,0.013187729129902941,0.0,0.9863921793775338,0.0
2012-01-12,Bull,3,0.0004413878640587783,0.23709526837126688,0.0,0.7624633437646743,0.0
2012-01-13,Bull,3,0.00031503323199750133,0.050099396153063074,0.0,0.9495855706149394,0.0
2012-01-17,Bull,3,1.4808436482448754e-05,0.17085641347408392,0.0,0.8291287780894335,0.0
2012-01-18,Bull,3,1.935599809746623e-06,0.17682358458621752,0.0,0.8231744798139727,0.0
2012-01-19,Bull,3,2.247412337008022e-06,0.1541759920134325,0.0,0.8458217605742305,0.0
2012-01-20,Bull,3,3.227951704553234e-08,0.02049239518395603,0.0,0.9795075725365269,0.0
2012-01-23,Unknown,1,0.0045066071722564376,0.9063018668804567,0.0,0.08919152594728684,0.0
2012-01-24,Unknown,1,0.004107928357191238,0.9342295799727199,0.0,0.0616624916700889,0.0
2012-01-25,Unknown,1,0.00020972138082775616,0.991968933300468,0.0,0.007821345318704305,0.0
2012-01-26,Unknown,1,0.0003840751697759226,0.9898394960905522,0.0,0.009776428739671656,0.0
2012-01-27,Unknown,1,0.00036462452426789637,0.9893779234547795,0.0,0.010257452020952466,0.0
2012-01-30,Unknown,1,0.001235756423365617,0.9889917536793009,0.0,0.009772489897333543,0.0
2012-01-31,Unknown,1,0.0017301824230752585,0.9952728922667916,0.0,0.002996925310133079,0.0
2012-02-01,Unknown,1,0.001284197915126369,0.9524439942952541,0.0,0.046271807789619576,0.0
2012-02-02,Unknown,1,0.0007359699468182916,0.9983310257120108,0.0,0.0009330043411710559,0.0
2012-02-03,Unknown,1,0.000849855930588737,0.9907943348067606,0.0,0.008355809262650452,0.0
2012-02-06,Unknown,1,0.0022586295321696988,0.9950971879063206,0.0,0.002644182561510111,0.0
2012-02-07,Unknown,1,0.010644212794364422,0.9840484566563045,0.0,0.005307330549331027,0.0
2012-02-08,Unknown,1,0.004648272200587519,0.9931559759909657,0.0,0.0021957518084463907,0.0
2012-02-09,Unknown,1,0.009426748978436223,0.988036270525659,0.0,0.002536980495904431,0.0
2012-02-10,Unknown,1,0.013114429764723093,0.9832934941522079,0.0,0.0035920760830691796,0.0
2012-02-13,Unknown,1,0.0039957018850417985,0.9947092980335223,0.0,0.0012950000814356021,0.0
2012-02-14,Unknown,1,0.007743321557407197,0.9905171137488257,0.0,0.0017395646937668366,0.0
2012-02-15,Unknown,1,0.02249256107303386,0.9741391039967868,0.0,0.0033683349301796253,0.0
2012-02-16,Unknown,1,0.004499406540095583,0.9936436134001811,0.0,0.0018569800597227986,0.0
2012-02-17,Unknown,1,0.006177119188541718,0.9927210821096675,0.0,0.0011017987017910723,0.0
2012-02-21,Unknown,1,0.004058301500369724,0.9948116626130928,0.0,0.0011300358865371258,0.0
2012-02-22,Unknown,1,0.014028639613645706,0.9849431388308357,0.0,0.0010282215555183854,0.0
2012-02-23,Unknown,1,0.022098626959777486,0.9769163064056411,0.0,0.0009850666345812603,0.0
2012-02-24,Unknown,1,0.009478776947067696,0.9894890809019545,0.0,0.0010321421509775135,0.0
2012-02-27,Unknown,1,0.020250235226741284,0.9786695943468511,0.0,0.0010801704264079422,0.0
2012-02-28,Unknown,1,0.02631198493238823,0.9726969781119011,0.0,0.000991036955710241,0.0
2012-02-29,Unknown,1,0.04301475528797947,0.9563398145405303,0.0,0.0006454301714900073,0.0
2012-03-01,Unknown,1,0.03885014487043575,0.9600479046271472,0.0,0.0011019505024168388,0.0
2012-03-02,Unknown,1,0.07044349124962934,0.9288958716512071,0.0,0.0006606370991632267,0.0
2012-03-05,Unknown,1,0.14079282383982994,0.8581366592372097,0.0,0.001070516922960337,0.0
2012-03-06,Sideways,0,0.9084119096248617,0.06743482828756062,0.0,0.024153262087577673,0.0
2012-03-07,Unknown,1,0.40823809887464274,0.5886220505979547,0.0,0.0031398505274028805,0.0
2012-03-08,Unknown,1,0.4725943329301245,0.5178044718589435,0.0,0.00960119521093216,0.0
2012-03-09,Unknown,1,0.33734572957285824,0.6576486493717094,0.0,0.005005621055431955,0.0
2012-03-12,Unknown,1,0.2809972524124289,0.7169614474001546,0.0,0.0020413001874167785,0.0
2012-03-13,Sideways,0,0.9612236739094536,0.017564145446955396,0.0,0.021212180643591094,0.0
2012-03-14,Sideways,0,0.8958535452934357,0.09520296412198545,0.0,0.0089434905845789,0.0
2012-03-15,Sideways,0,0.6848759472736983,0.3077235420127917,0.0,0.007400510713510459,0.0
2012-03-16,Unknown,1,0.46880156604353856,0.5259828071855701,0.0,0.005215626770890918,0.0
2012-03-19,Sideways,0,0.7646208349714406,0.2282965822066004,0.0,0.007082582821959237,0.0
2012-03-20,Unknown,1,0.3746700440632996,0.6224856480869718,0.0,0.0028443078497281246,0.0
2012-03-21,Sideways,0,0.544740041596447,0.4516929949734063,0.0,0.0035669634301464474,0.0
2012-03-22,Sideways,0,0.7937803316739532,0.1997071161165263,0.0,0.006512552209520408,0.0
2012-03-23,Sideways,0,0.6955296658990459,0.29998957562790574,0.0,0.004480758473048517,0.0
2012-03-26,Sideways,0,0.6520175933594992,0.33777767576589246,0.0,0.010204730874608338,0.0
2012-03-27,Sideways,0,0.6682345809018012,0.32719197887609036,0.0,0.004573440222108676,0.0
2012-03-28,Sideways,0,0.8742231952966775,0.11950409582796696,0.0,0.006272708875355276,0.0
2012-03-29,Sideways,0,0.891174944289737,0.10099095029943142,0.0,0.007834105410831974,0.0
2012-03-30,Sideways,0,0.8278418374995263,0.1676375669735486,0.0,0.004520595526924944,0.0
2012-04-02,Sideways,0,0.749110347283213,0.24043878831949034,0.0,0.010450864397296427,0.0
2012-04-03,Sideways,0,0.5567763943793061,0.4359304851845855,0.0,0.007293120436108748,0.0
2012-04-04,Unknown,1,0.06044328351851346,0.9218639367326579,0.0,0.017692779748828345,0.0
2012-04-05,Unknown,1,0.1386613052638463,0.8525026656232071,0.0,0.008836029112946934,0.0
2012-04-09,Sideways,0,0.8993115582667823,0.07878403975392809,0.0,0.0219044019792895,0.0
2012-04-10,Sideways,0,0.8570118701357745,1.4418285898641057e-05,0.0,0.14297371157832697,0.0
2012-04-11,Sideways,0,0.9027523977941327,0.0002854143664896722,0.0,0.09696218783937768,0.0
2012-04-12,Sideways,0,0.9845486763724359,0.0018604881845624718,0.0,0.013590835443001263,0.0
2012-04-13,Sideways,0,0.9829445560640551,0.0005808274999153599,0.0,0.016474616436029647,0.0
2012-04-16,Sideways,0,0.9817899868710178,0.001345429631829407,0.0,0.016864583497152603,0.0
2012-04-17,Sideways,0,0.9784103414749762,1.5887807425030663e-05,0.0,0.021573770717598768,0.0
2012-04-18,Sideways,0,0.979393650609673,0.00010104239918786476,0.0,0.020505306991139026,0.0
2012-04-19,Sideways,0,0.9820027545887797,0.0001728248666487635,0.0,0.01782442054457185,0.0
2012-04-20,Sideways,0,0.9833522666427854,0.00018810350271367544,0.0,0.01645962985450074,0.0
2012-04-23,Sideways,0,0.9741892288668272,0.0005383970716924274,0.0,0.025272374061480068,0.0
2012-04-24,Sideways,0,0.9705025467213335,4.7434328554239974e-05,0.0,0.029450018950112473,0.0
2012-04-25,Sideways,0,0.9567220500283392,9.374827582667904e-06,0.0,0.04326857514407813,0.0
2012-04-26,Sideways,0,0.9776667614276723,1.0429376622193272e-05,0.0,0.02232280919570562,0.0
2012-04-27,Sideways,0,0.9869995527077879,7.813735510002996e-05,0.0,0.012922309937112447,0.0
2012-04-30,Sideways,0,0.976865798793144,4.481121281549436e-05,0.0,0.02308938999404054,0.0
2012-05-01,Sideways,0,0.9818437468923797,2.7386805225940215e-05,0.0,0.018128866302394412,0.0
2012-05-02,Sideways,0,0.9801338889108417,0.0003305801543921273,0.0,0.01953553093476608,0.0
2012-05-03,Sideways,0,0.9797428793447926,0.00039495199517354567,0.0,0.019862168660033812,0.0
2012-05-04,Sideways,0,0.9090796368863882,2.8590305153152207e-05,0.0,0.09089177280845856,0.0
2012-05-07,Sideways,0,0.9503230121053229,9.172060165237879e-05,0.0,0.049585267293024676,0.0
2012-05-08,Sideways,0,0.7957254705237943,0.00011318719814566903,0.0,0.2041613422780601,0.0
2012-05-09,Bull,3,0.03439517827723849,0.0003306138101761991,0.0,0.9652742079125853,0.0
2012-05-10,Bull,3,0.3749479316450826,0.002447132258347065,0.0,0.6226049360965703,0.0
2012-05-11,Sideways,0,0.887853222070942,0.00953836289037374,0.0,0.10260841503868419,0.0
2012-05-14,Bull,3,0.3785227516991028,0.015456442287463453,0.0,0.6060208060134338,0.0
2012-05-15,Bull,3,0.25635902924513265,0.003623625425507859,0.0,0.7400173453293595,0.0
2012-05-16,Sideways,0,0.6424794918681312,0.001257866093894317,0.0,0.3562626420379745,0.0
2012-05-17,Bull,3,0.28972761396092167,3.7787097598727974e-06,0.0,0.7102686073293184,0.0
2012-05-18,Bull,3,0.07954443926570438,8.439393698115995e-08,0.0,0.9204554763403586,0.0
2012-05-21,Bull,3,0.13074006772582256,8.046440494068226e-09,0.0,0.869259924227737,0.0
2012-05-22,Bull,3,0.02286141919668739,1.4889913793462562e-08,0.0,0.9771385659133988,0.0
2012-05-23,Bull,3,0.10479012437974249,4.527711739362846e-08,0.0,0.8952098303431402,0.0
2012-05-24,Bull,3,0.30418568639378885,4.98078385930688e-08,0.0,0.6958142637983727,0.0
2012-05-25,Bull,3,0.06440533819003345,2.208136386177719e-09,0.0,0.9355946596018302,0.0
2012-05-29,Sideways,0,0.6901019709534066,8.009580787292486e-09,0.0,0.3098980210370126,0.0
2012-05-30,Sideways,0,0.6908163389261777,1.4623315725497963e-07,0.0,0.30918351484066503,0.0
2012-05-31,Bull,3,0.49522463108336723,9.161986173006345e-08,0.0,0.504775277296771,0.0
2012-06-01,Bull,3,0.024879977729366568,2.7275749204032667e-12,0.0,0.9751200222679058,0.0
2012-06-04,Bull,3,0.2092007078497145,4.311240076560084e-11,0.0,0.7907992921071731,0.0
2012-06-05,Bull,3,0.16817510500912342,2.7113486429531973e-12,0.0,0.8318248949881653,0.0
2012-06-06,Bull,3,0.187420661521459,4.7289974411264427e-14,0.0,0.8125793384784936,0.0
2012-06-07,Bull,3,0.42931799757222217,1.2367183585556809e-11,0.0,0.5706820024154107,0.0
2012-06-08,Bull,3,0.23431277253882032,3.537988119534741e-14,0.0,0.7656872274611443,0.0
2012-06-11,Bull,3,0.1776024597065242,1.4504588170608085e-13,0.0,0.8223975402933308,0.0
2012-06-12,Bull,3,0.49320109759712333,2.7209316646136556e-12,0.0,0.5067989024001557,0.0
2012-06-13,Bull,3,0.26285279289480495,4.4739269103746036e-07,0.0,0.737146759712504,0.0
2012-06-14,Bull,3,0.05758946346267744,1.988816853706928e-07,0.0,0.9424103376556372,0.0
2012-06-15,Bull,3,0.00725845865034948,1.363867171209674e-07,0.0,0.9927414049629334,0.0
2012-06-18,Bull,3,0.0001502334683966008,6.627944480121582e-07,0.0,0.9998491037371554,0.0
2012-06-19,Bull,3,7.971294446003581e-07,1.5644451048293115e-06,0.0,0.9999976384254505,0.0
2012-06-20,Bull,3,0.01960174536582371,1.5221197543231304e-05,0.0,0.980383033436633,0.0
2012-06-21,Bull,3,0.0033169954874254525,4.936470919417172e-07,0.0,0.9966825108654827,0.0
2012-06-22,Bull,3,0.012590733620867173,0.00020752981609189084,0.0,0.987201736563041,0.0
2012-06-25,Bull,3,0.002517635513271969,1.5154038367912384e-07,0.0,0.9974822129463443,0.0
2012-06-26,Bull,3,0.0006428605523721629,1.099003204355122e-06,0.0,0.9993560404444235,0.0
2012-06-27,Bull,3,0.030025002691150354,7.672255241779957e-06,0.0,0.9699673250536078,0.0
2012-06-28,Bull,3,0.009940789719601332,5.0561080538768206e-05,0.0,0.9900086491998599,0.0
2012-06-29,Bull,3,9.159243645061142e-05,2.2621556277333422e-07,0.0,0.9999081813479866,0.0
2012-07-02,Bull,3,6.960884116584263e-09,6.058210761106042e-08,0.0,0.9999999324570084,0.0
2012-07-03,Bull,3,4.2198998807486114e-09,1.0384716768247405e-07,0.0,0.9999998919329325,0.0
2012-07-05,Bull,3,1.0113825393532365e-06,4.394847839908532e-05,0.0,0.9999550401390616,0.0
2012-07-06,Bull,3,0.01523663482979832,4.252951717301604e-06,0.0,0.9847591122184843,0.0
2012-07-09,Bull,3,0.016527729686528343,0.0289360791190921,0.0,0.9545361911943796,0.0
2012-07-10,Bull,3,0.0490987631616214,0.0017062154998089836,0.0,0.9491950213385696,0.0
2012-07-11,Bull,3,0.0008601644496061728,0.0016270034053403922,0.0,0.9975128321450535,0.0
2012-07-12,Bull,3,0.04761976185564614,0.0032683881676654467,0.0,0.9491118499766885,0.0
2012-07-13,Bull,3,0.004381314877152431,0.0046817146050785186,0.0,0.9909369705177691,0.0
2012-07-16,Bull,3,0.12947405616581004,0.028317093171257603,0.0,0.8422088506629325,0.0
2012-07-17,Sideways,0,0.5152041107621204,0.005866007684713259,0.0,0.4789298815531663,0.0
2012-07-18,Bull,3,0.3671140274274281,0.0021506306703735377,0.0,0.6307353419021984,0.0
2012-07-19,Bull,3,0.39256906394839836,0.00010047808806290611,0.0,0.6073304579635387,0.0
2012-07-20,Bull,3,0.20352618689992233,0.013423137757808205,0.0,0.7830506753422696,0.0
2012-07-23,Bull,3,0.2216346926799634,0.29661017118190675,0.0,0.48175513613812965,0.0
2012-07-24,Bull,3,0.28337725839878763,0.03622919849997057,0.0,0.6803935431012418,0.0
2012-07-25,Bull,3,0.005126259703612674,0.0027558221186316356,0.0,0.9921179181777556,0.0
2012-07-26,Bull,3,7.52085186051116e-05,2.5269240089172034e-06,0.0,0.999922264557386,0.0
2012-07-27,Bull,3,0.00019243711690992253,1.7832985579559126e-06,0.0,0.9998057795845321,0.0
2012-07-30,Bull,3,0.0161621308337085,0.002019122811350525,0.0,0.9818187463549409,0.0
2012-07-31,Sideways,0,0.7391818634359261,0.002459490731510828,0.0,0.2583586458325632,0.0
2012-08-01,Sideways,0,0.6589963381616264,0.0008724272533021761,0.0,0.3401312345850714,0.0
2012-08-02,Bull,3,0.3857393891428162,0.07261151878261454,0.0,0.5416490920745692,0.0
2012-08-03,Bull,3,0.010769776241271829,0.017732118335249906,0.0,0.9714981054234783,0.0
2012-08-06,Bull,3,0.03197395656543564,0.18447315021348834,0.0,0.783552893221076,0.0
2012-08-07,Bull,3,0.09993166480154995,0.3797980396778887,0.0,0.5202702955205613,0.0
2012-08-08,Unknown,1,0.06058457702226922,0.6161111468396018,0.0,0.3233042761381289,0.0
2012-08-09,Bull,3,0.2691338446780424,0.16430396529575678,0.0,0.5665621900262009,0.0
2012-08-10,Unknown,1,0.0044318821163905125,0.8230243357247835,0.0,0.17254378215882582,0.0
2012-08-13,Unknown,1,0.029463119097698606,0.9439961998574291,0.0,0.02654068104487191,0.0
2012-08-14,Unknown,1,0.019735064723630614,0.9548279817719751,0.0,0.025436953504394726,0.0
2012-08-15,Unknown,1,0.04155573593640697,0.9343093983999582,0.0,0.02413486566363516,0.0
2012-08-16,Unknown,1,0.03766490171939963,0.9391462160196128,0.0,0.023188882260988034,0.0
2012-08-17,Unknown,1,0.051220474869677644,0.9212967138927827,0.0,0.027482811237539952,0.0
2012-08-20,Unknown,1,0.03788848693355929,0.9482985421469339,0.0,0.013812970919507199,0.0
2012-08-21,Unknown,1,0.01599385728392699,0.9700949761100661,0.0,0.013911166606006956,0.0
2012-08-22,Unknown,1,0.002233109052994019,0.9797394790873314,0.0,0.018027411859674883,0.0
2012-08-23,Unknown,1,0.0049003761891716026,0.8969525768147947,0.0,0.09814704699603359,0.0
2012-08-24,Unknown,1,0.02405462777303486,0.9684510783395979,0.0,0.007494293887367615,0.0
2012-08-27,Unknown,1,0.05356963099991271,0.9450056341040322,0.0,0.0014247348960552727,0.0
2012-08-28,Unknown,1,0.06374441907480637,0.9350747490958636,0.0,0.0011808318293302633,0.0
2012-08-29,Unknown,1,0.04383992662676641,0.9552110028821265,0.0,0.0009490704911074752,0.0
2012-08-30,Unknown,1,0.10826417816781372,0.890130779341846,0.0,0.0016050424903405974,0.0
2012-08-31,Unknown,1,0.03558521049981694,0.9615260592523254,0.0,0.002888730247857436,0.0
2012-09-04,Unknown,1,0.06633560312620833,0.9333257724230829,0.0,0.00033862445070884887,0.0
2012-09-05,Unknown,1,0.07407267293596254,0.9255941964402132,0.0,0.0003331306238244585,0.0
2012-09-06,Unknown,1,0.24236138869055682,0.7431122484278696,0.0,0.014526362881573605,0.0
2012-09-07,Unknown,1,0.371565262796517,0.6192641747649096,0.0,0.009170562438573365,0.0
2012-09-10,Unknown,1,0.1798846304072859,0.8178796966294493,0.0,0.002235672963264434,0.0
2012-09-11,Unknown,1,0.2884765031307122,0.7073254192380384,0.0,0.00419807763124959,0.0
2012-09-12,Unknown,1,0.4528165051783253,0.5397343819804779,0.0,0.007449112841196827,0.0
2012-09-13,Unknown,1,0.10896580676810469,0.860268851760115,0.0,0.030765341471780238,0.0
2012-09-14,Unknown,1,0.051862591669927294,0.9355536117002552,0.0,0.012583796629817602,0.0
2012-09-17,Unknown,1,0.15485142648007014,0.8355543161836245,0.0,0.009594257336305163,0.0
2012-09-18,Unknown,1,0.2148128690961169,0.7724179131755814,0.0,0.01276921772830145,0.0
2012-09-19,Unknown,1,0.21500370375491518,0.7743974992935014,0.0,0.010598796951583172,0.0
2012-09-20,Unknown,1,0.04739440597885047,0.9498174117247761,0.0,0.0027881822963731714,0.0
2012-09-21,Unknown,1,0.0735540741254686,0.9217938309811772,0.0,0.004652094893354347,0.0
2012-09-24,Unknown,1,0.05767592849606135,0.939585356080216,0.0,0.0027387154237230637,0.0
2012-09-25,Sideways,0,0.5628055026270028,0.41389010610618676,0.0,0.023304391266810595,0.0
2012-09-26,Sideways,0,0.7262219161633929,0.24096905656125597,0.0,0.032809027275351225,0.0
2012-09-27,Unknown,1,0.1885928107169265,0.7987051032595015,0.0,0.01270208602357184,0.0
2012-09-28,Unknown,1,0.33977960765050225,0.6394721025171521,0.0,0.02074828983234564,0.0
2012-10-01,Unknown,1,0.1302771119796744,0.8350172885731872,0.0,0.03470559944713812,0.0
2012-10-02,Unknown,1,0.10067276473590521,0.895308725245826,0.0,0.004018510018268458,0.0
2012-10-03,Unknown,1,0.11661793706528378,0.8766307465505578,0.0,0.006751316384158077,0.0
2012-10-04,Unknown,1,0.09193412703339135,0.8734059158034112,0.0,0.03465995716319764,0.0
2012-10-05,Unknown,1,0.22206867883828196,0.7766053051081911,0.0,0.0013260160535273637,0.0
2012-10-08,Unknown,1,0.23654492235428945,0.7622186648585566,0.0,0.0012364127871542306,0.0
2012-10-09,Unknown,1,0.38916489244962554,0.6081494873163604,0.0,0.002685620234014114,0.0
2012-10-10,Sideways,0,0.6580829613755611,0.3370080399893671,0.0,0.004908998635072069,0.0
2012-10-11,Sideways,0,0.8242598455761273,0.1686196936603341,0.0,0.007120460763538355,0.0
2012-10-12,Sideways,0,0.8474161381410105,0.14009661634461273,0.0,0.012487245514376901,0.0
2012-10-15,Sideways,0,0.6208167061497181,0.3663532233533219,0.0,0.012830070496960205,0.0
2012-10-16,Sideways,0,0.6704111796361903,0.3219437929144421,0.0,0.007645027449367192,0.0
2012-10-17,Sideways,0,0.831117841038613,0.16022432357092123,0.0,0.008657835390465852,0.0
2012-10-18,Sideways,0,0.7886987869561529,0.20359606854153345,0.0,0.0077051445023135585,0.0
2012-10-19,Sideways,0,0.9396797795746169,0.0038470504160132797,0.0,0.056473170009369696,0.0
2012-10-22,Sideways,0,0.9403417671275885,0.047029364404949495,0.0,0.012628868467462036,0.0
2012-10-23,Sideways,0,0.9599320387079325,0.0009467110483737466,0.0,0.039121250243693784,0.0
2012-10-24,Sideways,0,0.9526897561609909,0.00027144208433679855,0.0,0.04703880175467244,0.0
2012-10-25,Sideways,0,0.8757895349239495,0.0002976310373390063,0.0,0.12391283403871152,0.0
2012-10-26,Sideways,0,0.9826699991794231,0.007068531825976693,0.0,0.010261468994600348,0.0
2012-10-31,Sideways,0,0.97707977099636,0.0044235695211468275,0.0,0.018496659482493273,0.0
2012-11-01,Sideways,0,0.9827503871605731,0.0013119905210847594,0.0,0.01593762231834205,0.0
2012-11-02,Sideways,0,0.985538499098827,0.0021004262078317365,0.0,0.012361074693341271,0.0
2012-11-05,Sideways,0,0.9880131648662694,0.0014628965457184572,0.0,0.010523938588012104,0.0
2012-11-06,Sideways,0,0.985766071942932,0.00038445851255221693,0.0,0.013849469544516022,0.0
2012-11-07,Sideways,0,0.8992695090572701,9.80355118607073e-06,0.0,0.10072068739154386,0.0
2012-11-08,Sideways,0,0.813303657460826,5.502524733194098e-07,0.0,0.1866957922867007,0.0
2012-11-09,Sideways,0,0.9164405551703608,6.127367759636302e-06,0.0,0.0835533174618796,0.0
2012-11-12,Sideways,0,0.7830414910602796,2.6432747534530084e-06,0.0,0.21695586566496675,0.0
2012-11-13,Bull,3,0.41314061845173233,1.3044039799501205e-08,0.0,0.5868593685042278,0.0
2012-11-14,Sideways,0,0.6372966787048613,4.5136277310342366e-07,0.0,0.3627028699323656,0.0
2012-11-15,Sideways,0,0.804702798604182,7.335123443230866e-08,0.0,0.19529712804458363,0.0
2012-11-16,Sideways,0,0.8731083861048113,1.2325329714217577e-08,0.0,0.12689160156985888,0.0
2012-11-19,Sideways,0,0.7527017460389869,1.2644222287455034e-11,0.0,0.24729825394836902,0.0
2012-11-20,Sideways,0,0.8769518195209138,1.5347949378565248e-10,0.0,0.12304818032560651,0.0
2012-11-21,Sideways,0,0.8228169888949677,6.616840802174611e-10,0.0,0.17718301044334836,0.0
2012-11-23,Sideways,0,0.7214754209702552,2.8892441537971588e-12,0.0,0.27852457902685546,0.0
2012-11-26,Bull,3,0.39272052555871784,1.8766294056007978e-08,0.0,0.6072794556749882,0.0
2012-11-27,Sideways,0,0.5903969374103597,0.00032592656072916154,0.0,0.40927713602891086,0.0
2012-11-28,Sideways,0,0.7401863443474945,9.964906402246042e-05,0.0,0.2597140065884829,0.0
2012-11-29,Sideways,0,0.7415541503492535,0.0001755758694751419,0.0,0.2582702737812713,0.0
2012-11-30,Sideways,0,0.7389065169201048,0.007635021069778467,0.0,0.25345846201011685,0.0
2012-12-03,Sideways,0,0.9281269421443292,0.0006672838251467838,0.0,0.07120577403052387,0.0
2012-12-04,Sideways,0,0.8243986061510254,0.001077765951713636,0.0,0.17452362789726075,0.0
2012-12-05,Sideways,0,0.888374581933866,0.007572165105194693,0.0,0.10405325296093941,0.0
2012-12-06,Sideways,0,0.9362212621975332,0.007880660517031242,0.0,0.05589807728543553,0.0
2012-12-07,Unknown,1,0.12482392370619111,0.8106866699357667,0.0,0.06448940635804197,0.0
2012-12-10,Unknown,1,0.007351489316054055,0.8700303572606911,0.0,0.12261815342325474,0.0
2012-12-11,Unknown,1,0.014503277209621267,0.7605715582237753,0.0,0.22492516456660336,0.0
2012-12-12,Unknown,1,0.017052891796159608,0.8122835603796129,0.0,0.17066354782422746,0.0
2012-12-13,Unknown,1,0.005624453703449665,0.8146966390655446,0.0,0.17967890723100574,0.0
2012-12-14,Unknown,1,3.812312714510423e-05,0.6670931215893598,0.0,0.33286875528349497,0.0
2012-12-17,Bull,3,7.93446260671743e-06,0.3199703412169869,0.0,0.6800217243204063,0.0
2012-12-18,Bull,3,2.1261427687884042e-05,0.10707831905891964,0.0,0.8929004195133925,0.0
2012-12-19,Unknown,1,0.010786931095602578,0.9828383925161003,0.0,0.0063746763882967725,0.0
2012-12-20,Unknown,1,0.03299643494162973,0.9448842567906058,0.0,0.02211930826776454,0.0
2012-12-21,Unknown,1,0.2914396771247747,0.5314275146844547,0.0,0.17713280819077062,0.0
2012-12-24,Unknown,1,0.2939184814906592,0.6967624681204208,0.0,0.009319050388920083,0.0
2012-12-26,Unknown,1,0.28892617062335363,0.6943913790255641,0.0,0.016682450351082383,0.0
2012-12-27,Unknown,1,0.11556149228401057,0.875878304579544,0.0,0.00856020313644541,0.0
2012-12-28,Sideways,0,0.8563471678162597,0.09518756864838444,0.0,0.04846526353535579,0.0
2012-12-31,Unknown,1,0.35425133135711645,0.6234395597646439,0.0,0.022309108878239337,0.0
2013-01-02,Bull,3,0.07986038175112421,0.0013388559246988898,0.0,0.9188007623241768,0.0
2013-01-03,Bull,3,0.38695666239280774,0.06619036758594944,0.0,0.5468529700212427,0.0
2013-01-04,Bull,3,0.39103278109452183,0.03804522397508899,0.0,0.5709219949303892,0.0
2013-01-07,Sideways,0,0.5365537724080723,8.526604934584937e-05,0.0,0.4633609615425818,0.0
2013-01-08,Sideways,0,0.5922740610667246,0.1425690963501622,0.0,0.2651568425831133,0.0
2013-01-09,Unknown,1,0.03215622802803142,0.8046796279048127,0.0,0.16316414406715593,0.0
2013-01-10,Unknown,1,0.027570120843848037,0.7883492090450045,0.0,0.1840806701111473,0.0
2013-01-11,Unknown,1,0.027071310494879396,0.870832334753958,0.0,0.10209635475116251,0.0
2013-01-14,Unknown,1,0.049002170927428,0.8774656446031975,0.0,0.07353218446937466,0.0
2013-01-15,Unknown,1,0.046600220658806236,0.8996006401133375,0.0,0.05379913922785668,0.0
2013-01-16,Unknown,1,0.02284316564689689,0.9315250395981977,0.0,0.04563179475490585,0.0
2013-01-17,Unknown,1,0.020071771231287255,0.9321343381948867,0.0,0.047793890573825944,0.0
2013-01-18,Unknown,1,0.019966513652074715,0.9499011275015351,0.0,0.030132358846389998,0.0
2013-01-22,Unknown,1,0.021514267333456603,0.95723547355141,0.0,0.021250259115133556,0.0
2013-01-23,Unknown,1,0.031867995481924795,0.9503129904215862,0.0,0.017819014096489273,0.0
2013-01-24,Unknown,1,0.02858054404296288,0.9622924232659341,0.0,0.009127032691102622,0.0
2013-01-25,Unknown,1,0.010869621794290862,0.9756183864425891,0.0,0.013511991763119721,0.0
2013-01-28,Unknown,1,0.006448727273325617,0.9823316189947535,0.0,0.011219653731920689,0.0
2013-01-29,Unknown,1,0.003922417715384078,0.9714217622863611,0.0,0.024655819998254613,0.0
2013-01-30,Unknown,1,0.0006821520910254165,0.9398123193773258,0.0,0.05950552853164885,0.0
2013-01-31,Unknown,1,0.01439377964281057,0.9820168616870423,0.0,0.0035893586701474032,0.0
2013-02-01,Unknown,1,0.01502907093440332,0.9846027018025598,0.0,0.0003682272630370063,0.0
2013-02-04,Unknown,1,0.1143626713682912,0.8841067152672164,0.0,0.0015306133644920892,0.0
2013-02-05,Unknown,1,0.026694782245766678,0.9726621198560385,0.0,0.0006430978981952878,0.0
2013-02-06,Unknown,1,0.031978616511604115,0.9675787347669109,0.0,0.0004426487214849993,0.0
2013-02-07,Unknown,1,0.04456227104617658,0.9549525251330111,0.0,0.00048520382081195104,0.0
2013-02-08,Unknown,1,0.03928455532531571,0.9596964313654902,0.0,0.0010190133091940098,0.0
2013-02-11,Unknown,1,0.07532083486110187,0.9239797168640872,0.0,0.0006994482748108541,0.0
2013-02-12,Unknown,1,0.03888502947603417,0.9607037569193823,0.0,0.00041121360458376023,0.0
2013-02-13,Unknown,1,0.04254941648126232,0.9570390260246491,0.0,0.0004115574940883537,0.0
2013-02-14,Unknown,1,0.0477119858347593,0.9519028042686228,0.0,0.00038520989661746286,0.0
2013-02-15,Unknown,1,0.05867581878695489,0.9408056751547862,0.0,0.0005185060582590566,0.0
2013-02-19,Unknown,1,0.053237518842902766,0.9461948493437752,0.0,0.0005676318133217017,0.0
2013-02-20,Unknown,1,0.23877021860009326,0.759377800080849,0.0,0.0018519813190574384,0.0
2013-02-21,Sideways,0,0.5364636760870828,0.45843195365905187,0.0,0.00510437025386567,0.0
2013-02-22,Unknown,1,0.2524230099084516,0.7448903007789539,0.0,0.002686689312594152,0.0
2013-02-25,Sideways,0,0.9507202023013918,0.021602471663937695,0.0,0.027677326034670668,0.0
2013-02-26,Sideways,0,0.9249645754702618,0.0176870481274574,0.0,0.05734837640228069,0.0
2013-02-27,Sideways,0,0.8969405881861735,0.07516764876214473,0.0,0.027891763051681954,0.0
2013-02-28,Sideways,0,0.9163826219443231,0.07222990100253303,0.0,0.011387477053144064,0.0
2013-03-01,Sideways,0,0.8901412396230285,0.08529887516120072,0.0,0.024559885215770814,0.0
2013-03-04,Sideways,0,0.977037035364971,0.011429488983470654,0.0,0.01153347565155838,0.0
2013-03-05,Sideways,0,0.9732444081538761,0.009262422122890534,0.0,0.01749316972323348,0.0
2013-03-06,Sideways,0,0.7044155089460413,0.27656337241006007,0.0,0.019021118643898226,0.0
2013-03-07,Sideways,0,0.7738380613202267,0.21895759850775923,0.0,0.007204340172013902,0.0
2013-03-08,Sideways,0,0.750574155631438,0.24206786339519024,0.0,0.007357980973371796,0.0
2013-03-11,Sideways,0,0.6083504521033182,0.38525719816596143,0.0,0.006392349730720745,0.0
2013-03-12,Unknown,1,0.46853460233739486,0.5271577143671992,0.0,0.004307683295406138,0.0
2013-03-13,Sideways,0,0.5080015931580982,0.48787510969415226,0.0,0.004123297147749367,0.0
2013-03-14,Sideways,0,0.5188795318259452,0.4766625567741355,0.0,0.00445791139991902,0.0
2013-03-15,Sideways,0,0.5367301590923064,0.45848974413467813,0.0,0.0047800967730159145,0.0
2013-03-18,Sideways,0,0.7649486106324392,0.2262349227952709,0.0,0.008816466572289587,0.0
2013-03-19,Sideways,0,0.807162364139868,0.18359518305295497,0.0,0.00924245280717733,0.0
2013-03-20,Sideways,0,0.6869833290411188,0.30707925077927845,0.0,0.005937420179602829,0.0
2013-03-21,Sideways,0,0.6223789793142612,0.3669044434318378,0.0,0.010716577253901136,0.0
2013-03-22,Unknown,1,0.14477110377651903,0.8460899518532401,0.0,0.009138944370240742,0.0
2013-03-25,Unknown,1,0.41438144735719346,0.5817483905510887,0.0,0.0038701620917178468,0.0
2013-03-26,Unknown,1,0.006577146792717358,0.9884636771292602,0.0,0.00495917607802219,0.0
2013-03-27,Unknown,1,0.02281248413393691,0.9740432421770008,0.0,0.003144273689062075,0.0
2013-03-28,Unknown,1,0.07523549427213931,0.923922728216873,0.0,0.0008417775109875798,0.0
2013-04-01,Unknown,1,0.048588682670619894,0.9507332021345153,0.0,0.0006781151948647678,0.0
2013-04-02,Unknown,1,0.06071209750431077,0.9385400808231344,0.0,0.0007478216725545737,0.0
2013-04-03,Unknown,1,0.25823034811901113,0.7400678061695054,0.0,0.0017018457114831467,0.0
2013-04-04,Unknown,1,0.24228868157885586,0.7568610839688317,0.0,0.0008502344523122208,0.0
2013-04-05,Unknown,1,0.4496564636769755,0.5486176867675252,0.0,0.0017258495554990504,0.0
2013-04-08,Unknown,1,0.288121464033351,0.7108325364865069,0.0,0.0010459994801424257,0.0
2013-04-09,Unknown,1,0.38978141137518235,0.6085095270067612,0.0,0.001709061618056906,0.0
2013-04-10,Sideways,0,0.6983419460798348,0.2969453806301296,0.0,0.0047126732900359385,0.0
2013-04-11,Sideways,0,0.5645594123239296,0.43199287744505266,0.0,0.0034477102310179492,0.0
2013-04-12,Sideways,0,0.7666911778911893,0.22814060955265844,0.0,0.005168212556152518,0.0
2013-04-15,Sideways,0,0.9247447968355924,0.000689398514224925,0.0,0.07456580465018263,0.0
2013-04-16,Sideways,0,0.9605071812229855,0.031009632127945243,0.0,0.008483186649069335,0.0
2013-04-17,Sideways,0,0.9532004840062406,0.0016992430949571303,0.0,0.045100272898802474,0.0
2013-04-18,Sideways,0,0.8766902909974146,0.00016035530837204225,0.0,0.12314935369421354,0.0
2013-04-19,Sideways,0,0.9160870516589997,0.0002851565895271592,0.0,0.08362779175147285,0.0
2013-04-22,Sideways,0,0.9654601417399032,0.014058479380651167,0.0,0.020481378879445428,0.0
2013-04-23,Sideways,0,0.9310510096897745,0.0011994569216275401,0.0,0.06774953338859808,0.0
2013-04-24,Sideways,0,0.9772083677231281,0.004364271710531662,0.0,0.018427360566340343,0.0
2013-04-25,Sideways,0,0.9879743326672508,0.00021034593309513183,0.0,0.011815321399654398,0.0
2013-04-26,Sideways,0,0.987744484322525,0.0027745459770252183,0.0,0.009480969700449832,0.0
2013-04-29,Sideways,0,0.9871447895624237,0.00248060626988624,0.0,0.01037460416768986,0.0
2013-04-30,Sideways,0,0.9609856786294233,0.021779213952113092,0.0,0.01723510741846386,0.0
2013-05-01,Sideways,0,0.9778667928462902,0.009370274895221261,0.0,0.012762932258488915,0.0
2013-05-02,Sideways,0,0.878967555486692,0.08191681885099444,0.0,0.03911562566231332,0.0
2013-05-03,Sideways,0,0.9433545902570701,0.020293164883080646,0.0,0.03635224485984908,0.0
2013-05-06,Sideways,0,0.7887575298624183,0.13173833371032329,0.0,0.07950413642725829,0.0
2013-05-07,Sideways,0,0.8934718829623365,0.07566394797611026,0.0,0.030864169061552833,0.0
2013-05-08,Sideways,0,0.9752544812868829,0.002360533013915484,0.0,0.02238498569920168,0.0
2013-05-09,Sideways,0,0.9791911935151895,0.0034838535890826484,0.0,0.017324952895727712,0.0
2013-05-10,Sideways,0,0.9640062819073316,0.01915508370862973,0.0,0.016838634384038847,0.0
2013-05-13,Sideways,0,0.960220993294332,0.024221872740245107,0.0,0.015557133965422947,0.0
2013-05-14,Unknown,1,0.07118699819948619,0.9119497572354179,0.0,0.016863244565096257,0.0
2013-05-15,Unknown,1,0.2814900949735142,0.7141510316453553,0.0,0.0043588733811303045,0.0
2013-05-16,Unknown,1,0.050998695641792643,0.9402125459437161,0.0,0.008788758414491487,0.0
2013-05-17,Unknown,1,0.011976895804502742,0.9433649993693162,0.0,0.044658104826181204,0.0
2013-05-20,Unknown,1,0.06735469303457069,0.91587409533739,0.0,0.016771211628039254,0.0
2013-05-21,Unknown,1,0.07958265951700307,0.911525761398026,0.0,0.008891579084970996,0.0
2013-05-22,Sideways,0,0.52320692712849,0.4673612020275422,0.0,0.009431870843967472,0.0
2013-05-23,Sideways,0,0.5339781223370906,0.45502886522812497,0.0,0.01099301243478439,0.0
2013-05-24,Sideways,0,0.6680922571309059,0.32229294391809155,0.0,0.00961479895100242,0.0
2013-05-28,Unknown,1,0.32232659016184145,0.6682445033912857,0.0,0.009428906446872798,0.0
2013-05-29,Sideways,0,0.7108798855789918,0.280629123304824,0.0,0.008490991116183923,0.0
2013-05-30,Unknown,1,0.3106014365191181,0.6870509122469516,0.0,0.0023476512339299527,0.0
2013-05-31,Unknown,1,0.44945437111108755,0.528859069614877,0.0,0.021686559274035535,0.0
2013-06-03,Unknown,1,0.3820911514927995,0.6140543267427132,0.0,0.003854521764487519,0.0
2013-06-04,Sideways,0,0.8915419203262861,0.10266552448562595,0.0,0.005792555188087865,0.0
2013-06-05,Sideways,0,0.9789440724881818,0.00907956173993422,0.0,0.011976365771883577,0.0
2013-06-06,Sideways,0,0.9808827444923877,0.0051429003656239865,0.0,0.013974355141988012,0.0
2013-06-07,Sideways,0,0.9765666301632488,0.013669613467270959,0.0,0.009763756369480316,0.0
2013-06-10,Sideways,0,0.9736152143574685,0.013025099724718922,0.0,0.013359685917812203,0.0
2013-06-11,Sideways,0,0.9745050344644854,0.01917035744254094,0.0,0.0063246080929731975,0.0
2013-06-12,Sideways,0,0.9818583375512963,0.004051800103819341,0.0,0.014089862344884144,0.0
2013-06-13,Sideways,0,0.9832939111812158,0.0007219559794485208,0.0,0.015984132839336106,0.0
2013-06-14,Sideways,0,0.9520439969151342,0.00039139166610957515,0.0,0.047564611418756175,0.0
2013-06-17,Sideways,0,0.9610058380983698,0.00016466850954906817,0.0,0.03882949339208132,0.0
2013-06-18,Sideways,0,0.9530236914228456,0.00026360770082030973,0.0,0.04671270087633425,0.0
2013-06-19,Sideways,0,0.9137775496697941,5.580381936077974e-05,0.0,0.08616664651084506,0.0
2013-06-20,Bull,3,0.22478663964020937,9.786274811797833e-09,0.0,0.7752133505735159,0.0
2013-06-21,Sideways,0,0.8810845639090192,5.913837027030615e-07,0.0,0.1189148447072778,0.0
2013-06-24,Sideways,0,0.5411308236499347,1.0779940632600369e-09,0.0,0.45886917527207133,0.0
2013-06-25,Bull,3,0.10986776629759938,6.526849836611972e-13,0.0,0.890132233701748,0.0
2013-06-26,Bull,3,0.47048230707361677,8.59317313708314e-11,0.0,0.5295176928404515,0.0
2013-06-27,Sideways,0,0.9444868944988726,1.5044842210034668e-09,0.0,0.05551310399664338,0.0
2013-06-28,Sideways,0,0.9488696675148566,7.742130711117904e-09,0.0,0.05113032474301255,0.0
2013-07-01,Sideways,0,0.9046433343868554,1.0444126872307786e-08,0.0,0.09535665516901763,0.0
2013-07-02,Sideways,0,0.9591609474506732,1.2680934454351625e-07,0.0,0.04083892573998222,0.0
2013-07-03,Sideways,0,0.9463340071481654,3.4214554316263355e-06,0.0,0.05366257139640277,0.0
2013-07-05,Bull,3,0.27809526482822966,2.5497827818459e-05,0.0,0.7218792373439519,0.0
2013-07-08,Sideways,0,0.8940418221776046,1.739313822144565e-05,0.0,0.10594078468417394,0.0
2013-07-09,Sideways,0,0.9821953230373417,7.919817690270369e-06,0.0,0.017796757144967625,0.0
2013-07-10,Sideways,0,0.9826074082263677,1.072691351817847e-05,0.0,0.017381864860114025,0.0
2013-07-11,Sideways,0,0.9260296242587785,1.1776777182574222e-05,0.0,0.07395859896403864,0.0
2013-07-12,Sideways,0,0.7491148234614086,0.00761282713406234,0.0,0.2432723494045292,0.0
2013-07-15,Sideways,0,0.9798694016473956,0.0009399464446732249,0.0,0.019190651907931074,0.0
2013-07-16,Sideways,0,0.934548473865857,0.013652636317308413,0.0,0.05179888981683457,0.0
2013-07-17,Sideways,0,0.9657849425616282,0.0011116642755731097,0.0,0.03310339316279865,0.0
2013-07-18,Sideways,0,0.9806979991858037,0.006635027964405977,0.0,0.012666972849790804,0.0
2013-07-19,Sideways,0,0.8046391806211992,0.16670516195724472,0.0,0.028655657421556107,0.0
2013-07-22,Unknown,1,0.0007430309621034041,0.9728992539044369,0.0,0.026357715133459636,0.0
2013-07-23,Unknown,1,0.0033685265575855096,0.9492975436189315,0.0,0.04733392982348289,0.0
2013-07-24,Unknown,1,3.504091770933543e-05,0.7828303856316515,0.0,0.21713457345063908,0.0
2013-07-25,Unknown,1,0.0006432533849320874,0.9611051290347392,0.0,0.038251617580328655,0.0
2013-07-26,Unknown,1,0.007031170146630592,0.9839354373442504,0.0,0.009033392509119026,0.0
2013-07-29,Unknown,1,0.03467423543341675,0.9573043573531506,0.0,0.008021407213432637,0.0
2013-07-30,Unknown,1,0.007677485769218942,0.9849931582873498,0.0,0.0073293559434312395,0.0
2013-07-31,Unknown,1,0.012699592177404897,0.985002510334482,0.0,0.0022978974881134235,0.0
2013-08-01,Unknown,1,0.012642447913910336,0.9791101900774383,0.0,0.008247362008651159,0.0
2013-08-02,Unknown,1,0.011617429730880759,0.9807314513678849,0.0,0.0076511189012342835,0.0
2013-08-05,Unknown,1,0.03719512813423951,0.9616906912010902,0.0,0.0011141806646702314,0.0
2013-08-06,Unknown,1,0.09624972083408372,0.9026185388551249,0.0,0.0011317403107916713,0.0
2013-08-07,Unknown,1,0.18621299965803098,0.8126763767749999,0.0,0.0011106235669694651,0.0
2013-08-08,Unknown,1,0.2996873794081336,0.6984532846568527,0.0,0.001859335935013676,0.0
2013-08-09,Unknown,1,0.39107219001331683,0.607037724902535,0.0,0.0018900850841482607,0.0
2013-08-12,Unknown,1,0.3777330530685982,0.6204824829630484,0.0,0.0017844639683532418,0.0
2013-08-13,Unknown,1,0.1582570716607643,0.8408144366928616,0.0,0.0009284916463738412,0.0
2013-08-14,Unknown,1,0.16224512951692696,0.8370369840816472,0.0,0.0007178864014254775,0.0
2013-08-15,Sideways,0,0.8752929607956988,0.11827537044405452,0.0,0.00643166876024665,0.0
2013-08-16,Sideways,0,0.8806566272992526,0.10951240425260153,0.0,0.009830968448145705,0.0
2013-08-19,Sideways,0,0.9608100294846249,0.022462988756500844,0.0,0.01672698175887421,0.0
2013-08-20,Sideways,0,0.9657358816122736,0.0020194167768558466,0.0,0.032244701610870445,0.0
2013-08-21,Sideways,0,0.973961555434815,0.001784441315667257,0.0,0.024254003249517857,0.0
2013-08-22,Sideways,0,0.9741083514716138,0.008848242500583466,0.0,0.017043406027802552,0.0
2013-08-23,Sideways,0,0.9727887593473916,0.006700359128090622,0.0,0.020510881524517736,0.0
2013-08-26,Sideways,0,0.9612994868107214,0.023234434885787577,0.0,0.015466078303491029,0.0
2013-08-27,Sideways,0,0.9800590483694301,0.005010143849318302,0.0,0.014930807781251205,0.0
2013-08-28,Sideways,0,0.9822765637512909,0.0022365249261941085,0.0,0.015486911322515312,0.0
2013-08-29,Sideways,0,0.9681718297880965,0.00012119632472225581,0.0,0.03170697388718139,0.0
2013-08-30,Sideways,0,0.9210434919303362,0.00013261637570696725,0.0,0.07882389169395679,0.0
2013-09-03,Sideways,0,0.914189166178638,0.00014886612629791827,0.0,0.0856619676950641,0.0
2013-09-04,Sideways,0,0.944933487148901,0.00013045486594591595,0.0,0.05493605798515317,0.0
2013-09-05,Sideways,0,0.9758187345681826,0.0006309987605272628,0.0,0.02355026667128993,0.0
2013-09-06,Sideways,0,0.9815711639103732,0.002433071474556618,0.0,0.01599576461507009,0.0
2013-09-09,Sideways,0,0.9768880581159982,0.000235913893541685,0.0,0.022876027990460058,0.0
2013-09-10,Sideways,0,0.9829496102073525,0.0003669842709691294,0.0,0.016683405521678376,0.0
2013-09-11,Sideways,0,0.9860301038815007,0.004515012300593825,0.0,0.009454883817905282,0.0
2013-09-12,Sideways,0,0.980515591369926,0.00911522657620539,0.0,0.010369182053868295,0.0
2013-09-13,Sideways,0,0.9723918244305869,0.015005895509954388,0.0,0.012602280059458532,0.0
2013-09-16,Unknown,1,0.2786930396706362,0.7129162349927394,0.0,0.008390725336624393,0.0
2013-09-17,Unknown,1,0.08595946485978401,0.909038580928305,0.0,0.005001954211911342,0.0
2013-09-18,Unknown,1,0.04314287776213693,0.9248359496120535,0.0,0.03202117262580961,0.0
2013-09-19,Unknown,1,0.15861912721891355,0.8177250896473873,0.0,0.023655783133699135,0.0
2013-09-20,Unknown,1,0.061467957738495026,0.8668841129404442,0.0,0.07164792932106079,0.0
2013-09-23,Unknown,1,0.3951002487537135,0.5524125903303458,0.0,0.05248716091594051,0.0
2013-09-24,Unknown,1,0.48153521410196565,0.49048631656510383,0.0,0.027978469332930505,0.0
2013-09-25,Unknown,1,0.37594031078885426,0.5865114495179353,0.0,0.03754823969321023,0.0
2013-09-26,Unknown,1,0.003496618850340115,0.954045795846331,0.0,0.04245758530332887,0.0
2013-09-27,Unknown,1,0.0045401164224920494,0.9836042979789021,0.0,0.011855585598605962,0.0
2013-09-30,Unknown,1,0.008314261995149484,0.9765902953975194,0.0,0.01509544260733092,0.0
2013-10-01,Unknown,1,0.0010891825425843518,0.9907380386371502,0.0,0.008172778820265616,0.0
2013-10-02,Unknown,1,0.003053741870708763,0.9928923523856111,0.0,0.00405390574367968,0.0
2013-10-03,Unknown,1,0.06728473295716865,0.9249873978919021,0.0,0.007727869150929305,0.0
2013-10-04,Unknown,1,0.039178848744341466,0.9570130346755215,0.0,0.0038081165801373495,0.0
2013-10-07,Unknown,1,0.0887930706925061,0.902318629806627,0.0,0.008888299500867133,0.0
2013-10-08,Sideways,0,0.878600418101062,0.09814045428977888,0.0,0.023259127609159175,0.0
2013-10-09,Sideways,0,0.9412452147670061,0.04970255664859748,0.0,0.009052228584396648,0.0
2013-10-10,Sideways,0,0.975162062427668,0.005187653727618918,0.0,0.01965028384471335,0.0
2013-10-11,Sideways,0,0.9186139561567702,0.004091414993576571,0.0,0.07729462884965303,0.0
2013-10-14,Sideways,0,0.9733453458366813,0.005748606627261571,0.0,0.020906047536056887,0.0
2013-10-15,Sideways,0,0.9820681503637245,0.0003185240586586655,0.0,0.01761332557761667,0.0
2013-10-16,Sideways,0,0.9721591057277171,1.211438700292237e-05,0.0,0.02782877988527981,0.0
2013-10-17,Sideways,0,0.9195827925183186,0.00866737155282295,0.0,0.07174983592885849,0.0
2013-10-18,Sideways,0,0.8878519174811104,0.02554118100760964,0.0,0.08660690151127994,0.0
2013-10-21,Sideways,0,0.8271684406366532,0.14475228742925086,0.0,0.028079271934095925,0.0
2013-10-22,Sideways,0,0.9574674036108428,0.013902037449772092,0.0,0.028630558939385174,0.0
2013-10-23,Sideways,0,0.5663322686576059,0.41761840521638655,0.0,0.016049326126007155,0.0
2013-10-24,Unknown,1,0.2626514514234324,0.7240695323411044,0.0,0.013279016235463325,0.0
2013-10-25,Unknown,1,0.20166199819973452,0.7814986105395002,0.0,0.016839391260765578,0.0
2013-10-28,Unknown,1,0.13877430233374,0.8496232786880402,0.0,0.011602418978220192,0.0
2013-10-29,Unknown,1,0.05265272980218338,0.9264591226262451,0.0,0.02088814757157172,0.0
2013-10-30,Unknown,1,0.28678658797761614,0.6988297321759671,0.0,0.01438367984641696,0.0
2013-10-31,Unknown,1,0.2876531789811475,0.6938502631385659,0.0,0.018496557880286802,0.0
2013-11-01,Unknown,1,0.033593266719171865,0.9536437889787985,0.0,0.012762944302029256,0.0
2013-11-04,Unknown,1,0.06462007288235914,0.9276294600573983,0.0,0.0077504670602429925,0.0
2013-11-05,Unknown,1,0.028104602841993523,0.938400930009893,0.0,0.03349446714811348,0.0
2013-11-06,Unknown,1,0.0011101459412119975,0.9203495910775411,0.0,0.07854026298124683,0.0
2013-11-07,Unknown,1,0.0017481944826148268,0.9257354956165494,0.0,0.07251630990083592,0.0
2013-11-08,Unknown,1,0.03617490500430536,0.960197144564722,0.0,0.003627950430972155,0.0
2013-11-11,Unknown,1,0.06873003054310566,0.9288230009002849,0.0,0.002446968556609603,0.0
2013-11-12,Unknown,1,0.10775031905747788,0.8906483509077989,0.0,0.0016013300347232134,0.0
2013-11-13,Unknown,1,0.03867454741624485,0.9540085398441517,0.0,0.007316912739603316,0.0
2013-11-14,Unknown,1,0.30171234473222824,0.6949025897458436,0.0,0.0033850655219279497,0.0
2013-11-15,Unknown,1,0.11549838949929209,0.8834374639313447,0.0,0.0010641465693627837,0.0
2013-11-18,Unknown,1,0.18743531136407382,0.8113772179907269,0.0,0.0011874706451993219,0.0
2013-11-19,Unknown,1,0.34098071317218515,0.6567151074012544,0.0,0.002304179426560327,0.0
2013-11-20,Unknown,1,0.29802961657613664,0.6997957678165753,0.0,0.0021746156072883073,0.0
2013-11-21,Unknown,1,0.13874431056830158,0.860202535462359,0.0,0.0010531539693395884,0.0
2013-11-22,Unknown,1,0.1593946095171884,0.8386945733793957,0.0,0.0019108171034161485,0.0
2013-11-25,Unknown,1,0.1415084486363705,0.8574991350624389,0.0,0.0009924163011903705,0.0
2013-11-26,Unknown,1,0.1742778171416437,0.8246090469872494,0.0,0.0011131358711069998,0.0
2013-11-27,Unknown,1,0.23568078655237648,0.7620643246202674,0.0,0.0022548888273558718,0.0
2013-11-29,Unknown,1,0.13428203365657618,0.864932658824833,0.0,0.0007853075185911238,0.0
2013-12-02,Unknown,1,0.1841735788736586,0.8147119799744275,0.0,0.0011144411519135625,0.0
2013-12-03,Unknown,1,0.27868092374493314,0.7198999687298347,0.0,0.0014191075252320278,0.0
2013-12-04,Unknown,1,0.29923943091285793,0.6992312185397085,0.0,0.001529350547433347,0.0
2013-12-05,Sideways,0,0.5232798954268055,0.4736187036853154,0.0,0.003101400887878686,0.0
2013-12-06,Sideways,0,0.5174020521308274,0.47595093196871524,0.0,0.006647015900457723,0.0
2013-12-09,Unknown,1,0.23659647351865865,0.7556369184327028,0.0,0.007766608048638829,0.0
2013-12-10,Unknown,1,0.11610975398980565,0.8834546935863244,0.0,0.0004355524238694798,0.0
2013-12-11,Unknown,1,0.32892043671334675,0.6698440175068648,0.0,0.0012355457797884994,0.0
2013-12-12,Unknown,1,0.2971301832642186,0.7016038117972145,0.0,0.0012660049385667777,0.0
2013-12-13,Sideways,0,0.7404975297797757,0.2559938396260466,0.0,0.0035086305941776975,0.0
2013-12-16,Sideways,0,0.8757883480945491,0.11557085253040206,0.0,0.008640799375048771,0.0
2013-12-17,Sideways,0,0.742056763672738,0.25268839420454,0.0,0.005254842122721638,0.0
2013-12-18,Sideways,0,0.918583853360678,0.07173699205211659,0.0,0.009679154587205618,0.0
2013-12-19,Sideways,0,0.8044035496903563,0.19076098714869394,0.0,0.004835463160949578,0.0
2013-12-20,Sideways,0,0.8398427743017901,0.152254583957864,0.0,0.00790264174034573,0.0
2013-12-23,Sideways,0,0.8160333163679248,0.17857258220015712,0.0,0.0053941014319185574,0.0
2013-12-24,Sideways,0,0.936478695872261,0.05380441614057945,0.0,0.009716887987159495,0.0
2013-12-26,Sideways,0,0.508098501043924,0.48924491248047425,0.0,0.0026565864756021625,0.0
2013-12-27,Sideways,0,0.5719582224276214,0.425167320904196,0.0,0.0028744566681823632,0.0
2013-12-30,Unknown,1,0.48855780327095294,0.5091161129792768,0.0,0.0023260837497707473,0.0
2013-12-31,Unknown,1,0.3676890278104506,0.6307101912745495,0.0,0.001600780914999796,0.0
2014-01-02,Sideways,0,0.6860569062362868,0.3094923207671174,0.0,0.004450772996595811,0.0
2014-01-03,Unknown,1,0.46153013922593766,0.5352679307986336,0.0,0.003201929975429232,0.0
2014-01-06,Sideways,0,0.5351423660092591,0.4604283609400463,0.0,0.004429273050694176,0.0
2014-01-07,Unknown,1,0.1832587770190681,0.8137846757800615,0.0,0.0029565472008702817,0.0
2014-01-08,Unknown,1,0.45454453808194845,0.5431285876852879,0.0,0.0023268742327635012,0.0
2014-01-09,Unknown,1,0.38269541848743044,0.615691843665267,0.0,0.0016127378473026587,0.0
2014-01-10,Unknown,1,0.2392319915158682,0.7595178076891589,0.0,0.0012502007949731085,0.0
2014-01-13,Unknown,1,0.17992271770029988,0.8118136249361007,0.0,0.00826365736359983,0.0
2014-01-14,Unknown,1,0.048956035182320584,0.9434700844964057,0.0,0.007573880321273766,0.0
2014-01-15,Unknown,1,0.04915163758771873,0.9352408895907539,0.0,0.015607472821527307,0.0
2014-01-16,Unknown,1,0.08714986103164434,0.9084481446837427,0.0,0.004401994284613,0.0
2014-01-17,Unknown,1,0.05218223745096894,0.9409748625678301,0.0,0.006842899981201077,0.0
2014-01-21,Unknown,1,0.3107439775818068,0.686614348901198,0.0,0.0026416735169953916,0.0
2014-01-22,Unknown,1,0.14764123192082912,0.8513669758544465,0.0,0.000991792224724167,0.0
2014-01-23,Sideways,0,0.5167012405830862,0.4807507351719681,0.0,0.002548024244945576,0.0
2014-01-24,Sideways,0,0.9400068110794589,0.0003282803745385019,0.0,0.05966490854600269,0.0
2014-01-27,Sideways,0,0.9572548267515202,0.00038101343183016785,0.0,0.04236415981664966,0.0
2014-01-28,Sideways,0,0.9779825016100275,0.00037878020073984375,0.0,0.02163871818923273,0.0
2014-01-29,Sideways,0,0.9420719837010803,7.935660316441626e-06,0.0,0.05792008063860333,0.0
2014-01-30,Sideways,0,0.9605463995581182,3.065201216455276e-05,0.0,0.03942294842971741,0.0
2014-01-31,Sideways,0,0.9730421487690135,0.0002112694919858376,0.0,0.026746581739000828,0.0
2014-02-03,Sideways,0,0.7939810431786416,2.1782664481501516e-06,0.0,0.20601677855491018,0.0
2014-02-04,Sideways,0,0.9249652673793767,7.472227110298333e-07,0.0,0.07503398539791216,0.0
2014-02-05,Sideways,0,0.9258754537647506,8.030571174198757e-07,0.0,0.07412374317813215,0.0
2014-02-06,Sideways,0,0.6654188146159687,7.700499827634882e-10,0.0,0.3345811846139813,0.0
2014-02-07,Sideways,0,0.63442158046926,1.328233189602169e-10,0.0,0.36557841939791674,0.0
2014-02-10,Sideways,0,0.9193187622977753,5.4694633078209985e-11,0.0,0.0806812376475299,0.0
2014-02-11,Sideways,0,0.9155095149129635,2.8860134454710615e-11,0.0,0.08449048505817655,0.0
2014-02-12,Sideways,0,0.9121560989519972,4.011773922141191e-09,0.0,0.08784389703622873,0.0
2014-02-13,Sideways,0,0.9727684665443543,1.6351269254465014e-07,0.0,0.027231369942952915,0.0
2014-02-14,Sideways,0,0.9733395576059193,4.529076399438414e-06,0.0,0.026655913317681305,0.0
2014-02-18,Sideways,0,0.9784094587312309,1.5642430514837054e-05,0.0,0.021574898838254128,0.0
2014-02-19,Sideways,0,0.9776862701760952,0.0004677172693378387,0.0,0.021846012554567192,0.0
2014-02-20,Sideways,0,0.9759976305267617,0.00031320351605312294,0.0,0.02368916595718483,0.0
2014-02-21,Sideways,0,0.967463848776835,0.000610492182392329,0.0,0.03192565904077303,0.0
2014-02-24,Sideways,0,0.9639256323746174,0.008714245789313074,0.0,0.027360121836069673,0.0
2014-02-25,Unknown,1,0.13892046859239102,0.8117140634798057,0.0,0.049365467927803434,0.0
2014-02-26,Unknown,1,0.06831149142590734,0.8312061062511621,0.0,0.10048240232293036,0.0
2014-02-27,Unknown,1,0.13199407539431837,0.8238741357073833,0.0,0.04413178889829838,0.0
2014-02-28,Unknown,1,0.007865376692723578,0.9254112063815927,0.0,0.06672341692568366,0.0
2014-03-03,Unknown,1,0.16985666669332977,0.7677600456653126,0.0,0.06238328764135753,0.0
2014-03-04,Unknown,1,0.017854513447578227,0.9125276798239412,0.0,0.06961780672848047,0.0
2014-03-05,Unknown,1,3.6915286443709097e-06,0.6462669230207786,0.0,0.35372938545057697,0.0
2014-03-06,Unknown,1,4.058391186129486e-05,0.9085067175450862,0.0,0.09145269854305245,0.0
2014-03-07,Unknown,1,2.217253068110588e-05,0.8852358386369268,0.0,0.11474198883239214,0.0
2014-03-10,Unknown,1,0.0036289475017090163,0.9545746902014762,0.0,0.04179636229681465,0.0
2014-03-11,Unknown,1,0.030596220776061826,0.9655408675286522,0.0,0.0038629116952857688,0.0
2014-03-12,Unknown,1,0.029702687204112822,0.9677961212799333,0.0,0.0025011915159541434,0.0
2014-03-13,Sideways,0,0.6704151176499578,0.3162167542384683,0.0,0.013368128111573832,0.0
2014-03-14,Sideways,0,0.6306849425722483,0.359528182782746,0.0,0.009786874645005526,0.0
2014-03-17,Unknown,1,0.3078312814137853,0.6896189952656445,0.0,0.0025497233205705938,0.0
2014-03-18,Unknown,1,0.21985326356016258,0.7789065732438167,0.0,0.0012401631960203246,0.0
2014-03-19,Unknown,1,0.29875001949559,0.6998574009991065,0.0,0.001392579505303629,0.0
2014-03-20,Unknown,1,0.19960526450771185,0.798649249603992,0.0,0.0017454858882958754,0.0
2014-03-21,Unknown,1,0.44097812622191496,0.5563304692132902,0.0,0.002691404564794883,0.0
2014-03-24,Unknown,1,0.2582582116958389,0.7404387263032361,0.0,0.0013030620009249062,0.0
2014-03-25,Unknown,1,0.39815787431044397,0.5994135087779608,0.0,0.0024286169115954096,0.0
2014-03-26,Unknown,1,0.45480003402684,0.543139945514225,0.0,0.002060020458934807,0.0
2014-03-27,Sideways,0,0.7144035162595871,0.28068136998536974,0.0,0.00491511375504316,0.0
2014-03-28,Sideways,0,0.685970144690699,0.3093827534621582,0.0,0.004647101847143285,0.0
2014-03-31,Sideways,0,0.7899989986929771,0.20176780297204933,0.0,0.008233198334973981,0.0
2014-04-01,Sideways,0,0.8414381786883856,0.12563606225352816,0.0,0.032925759058086375,0.0
2014-04-02,Sideways,0,0.6317004954922326,0.3595380734258403,0.0,0.008761431081927038,0.0
2014-04-03,Sideways,0,0.5892621658021867,0.4041081390455005,0.0,0.0066296951523126795,0.0
2014-04-04,Sideways,0,0.6033173546588476,0.3886180904561247,0.0,0.00806455488502741,0.0
2014-04-07,Sideways,0,0.8912730520655838,0.09032288435120424,0.0,0.01840406358321204,0.0
2014-04-08,Sideways,0,0.9231852851451744,0.05915878777836152,0.0,0.017655927076464177,0.0
2014-04-09,Sideways,0,0.9203356022456004,0.011995359673209516,0.0,0.06766903808119012,0.0
2014-04-10,Sideways,0,0.9363173012270933,0.0005062450861099256,0.0,0.06317645368679661,0.0
2014-04-11,Sideways,0,0.9514156051520628,0.002067796313196031,0.0,0.0465165985347409,0.0
2014-04-14,Sideways,0,0.9479781401311578,0.010737055761245047,0.0,0.0412848041075971,0.0
2014-04-15,Sideways,0,0.9648264569369516,0.001223867238432092,0.0,0.03394967582461642,0.0
2014-04-16,Sideways,0,0.7927024336386669,3.786126164000401e-05,0.0,0.20725970509969316,0.0
2014-04-17,Sideways,0,0.9809352016029125,0.0007647630187570918,0.0,0.01830003537833042,0.0
2014-04-21,Sideways,0,0.9806702400658863,2.199548447160797e-05,0.0,0.01930776444964183,0.0
2014-04-22,Sideways,0,0.9824892543508144,0.0003819669264150905,0.0,0.017128778722770393,0.0
2014-04-23,Sideways,0,0.9709987480605401,0.01012096625892541,0.0,0.01888028568053429,0.0
2014-04-24,Sideways,0,0.9537957030178685,0.034335146482534634,0.0,0.011869150499596985,0.0
2014-04-25,Sideways,0,0.8605120656542738,0.11366135654454296,0.0,0.02582657780118323,0.0
2014-04-28,Sideways,0,0.7349601674991812,0.22744244536544184,0.0,0.03759738713537736,0.0
2014-04-29,Sideways,0,0.8369069971359313,0.13479267995919317,0.0,0.028300322904875448,0.0
2014-04-30,Sideways,0,0.9215770247650046,0.06827483305267262,0.0,0.010148142182323138,0.0
2014-05-01,Sideways,0,0.9414711008536708,0.049640925156115526,0.0,0.008887973990213627,0.0
2014-05-02,Sideways,0,0.9778025685783709,0.005353352946260635,0.0,0.016844078475368666,0.0
2014-05-05,Sideways,0,0.9740766509547506,0.01381917972081768,0.0,0.012104169324431346,0.0
2014-05-06,Sideways,0,0.902749574801921,0.07977446448895445,0.0,0.017475960709124817,0.0
2014-05-07,Unknown,1,0.23729961979586284,0.7437058282831965,0.0,0.018994551920940378,0.0
2014-05-08,Unknown,1,0.4110477557831813,0.5745173916392227,0.0,0.014434852577596321,0.0
2014-05-09,Sideways,0,0.7145303747874124,0.279951854840656,0.0,0.005517770371931342,0.0
2014-05-12,Unknown,1,0.02822823029926282,0.956516311687455,0.0,0.015255458013282446,0.0
2014-05-13,Unknown,1,0.0025369519435413618,0.9712843266045619,0.0,0.026178721451896633,0.0
2014-05-14,Unknown,1,0.0072144532004449705,0.9902650515799475,0.0,0.0025204952196075663,0.0
2014-05-15,Unknown,1,0.06407121870826572,0.931829431645574,0.0,0.004099349646160269,0.0
2014-05-16,Unknown,1,0.1337846954829064,0.8651400894087664,0.0,0.0010752151083270652,0.0
2014-05-19,Unknown,1,0.1899374877185799,0.8086149880707902,0.0,0.001447524210629971,0.0
2014-05-20,Unknown,1,0.40096082953055345,0.596954305169142,0.0,0.002084865300304278,0.0
2014-05-21,Unknown,1,0.3085234854251788,0.690098351285769,0.0,0.0013781632890523586,0.0
2014-05-22,Unknown,1,0.32964053772895485,0.6685346567515397,0.0,0.001824805519505588,0.0
2014-05-23,Unknown,1,0.31629113015095645,0.6820480756754258,0.0,0.0016607941736177878,0.0
2014-05-27,Unknown,1,0.15573462206502797,0.84137135957872,0.0,0.0028940183562520027,0.0
2014-05-28,Unknown,1,0.3118613827851941,0.6845628777908171,0.0,0.0035757394239882877,0.0
2014-05-29,Unknown,1,0.19462454426482767,0.8040269603166673,0.0,0.0013484954185053128,0.0
2014-05-30,Unknown,1,0.18518833080082922,0.8137620664149919,0.0,0.0010496027841788737,0.0
2014-06-02,Unknown,1,0.12968931799806518,0.869605689313055,0.0,0.0007049926888795493,0.0
2014-06-03,Unknown,1,0.07975894829916506,0.9197915575468244,0.0,0.00044949415401048263,0.0
2014-06-04,Unknown,1,0.09434795074916856,0.9051409122524855,0.0,0.0005111369983461169,0.0
2014-06-05,Unknown,1,0.037159743522493835,0.961958177092383,0.0,0.0008820793851236085,0.0
2014-06-06,Unknown,1,0.049813091605900556,0.9495566419698985,0.0,0.0006302664242007755,0.0
2014-06-09,Unknown,1,0.04216826099622261,0.9572618688815748,0.0,0.000569870122202355,0.0
2014-06-10,Unknown,1,0.05963876494824218,0.9396799629489603,0.0,0.0006812721027979762,0.0
2014-06-11,Unknown,1,0.143604511062466,0.8555060616728988,0.0,0.0008894272646355963,0.0
2014-06-12,Unknown,1,0.2649657224131797,0.733404600841413,0.0,0.0016296767454073967,0.0
2014-06-13,Unknown,1,0.11229225913229289,0.8869312835860547,0.0,0.0007764572816526243,0.0
2014-06-16,Unknown,1,0.08026487167545567,0.9175441324395709,0.0,0.0021909958849738857,0.0
2014-06-17,Unknown,1,0.08464835958961038,0.9134858809734299,0.0,0.001865759436960048,0.0
2014-06-18,Unknown,1,0.05490580125407606,0.9439301726978001,0.0,0.0011640260481242102,0.0
2014-06-19,Unknown,1,0.02542351650247007,0.9732532762771366,0.0,0.0013232072203936314,0.0
2014-06-20,Unknown,1,0.04104543799922389,0.9584079781480416,0.0,0.0005465838527346454,0.0
2014-06-23,Unknown,1,0.04202505980316719,0.9575720984678402,0.0,0.0004028417289923881,0.0
2014-06-24,Unknown,1,0.06618357789059962,0.9334521750218937,0.0,0.0003642470875066275,0.0
2014-06-25,Unknown,1,0.06249439042032945,0.937231524222982,0.0,0.00027408535668818856,0.0
2014-06-26,Unknown,1,0.06930063561332489,0.9303825451795699,0.0,0.0003168192071049536,0.0
2014-06-27,Unknown,1,0.07619709837351504,0.9234882865411015,0.0,0.00031461508538384796,0.0
2014-06-30,Unknown,1,0.07584031597890241,0.9238773300463965,0.0,0.0002823539747014251,0.0
2014-07-01,Unknown,1,0.06070905943682059,0.9389949313420516,0.0,0.00029600922112759114,0.0
2014-07-02,Unknown,1,0.057033656516990126,0.9426779177581861,0.0,0.00028842572482366667,0.0
2014-07-03,Unknown,1,0.06430431284548006,0.935304667327259,0.0,0.00039101982726104275,0.0
2014-07-07,Unknown,1,0.05877570098374689,0.9409655503065085,0.0,0.0002587487097447823,0.0
2014-07-08,Unknown,1,0.1345556538523391,0.8646028772466986,0.0,0.0008414689009623295,0.0
2014-07-09,Unknown,1,0.07740022872151356,0.9222479732368936,0.0,0.00035179804159268314,0.0
2014-07-10,Unknown,1,0.13132753628265081,0.86813696311781,0.0,0.0005355005995395438,0.0
2014-07-11,Unknown,1,0.21718027478745597,0.7818826089564029,0.0,0.0009371162561408472,0.0
2014-07-14,Unknown,1,0.12328135364738163,0.875762979315954,0.0,0.0009556670366640728,0.0
2014-07-15,Unknown,1,0.06755406410386688,0.9321626460789195,0.0,0.00028328981721381224,0.0
2014-07-16,Unknown,1,0.09183038484991761,0.9076476533977552,0.0,0.0005219617523274704,0.0
2014-07-17,Unknown,1,0.18966406221419585,0.8095952422122282,0.0,0.0007406955735756136,0.0
2014-07-18,Unknown,1,0.1811986752177919,0.8180784554882178,0.0,0.0007228692939901074,0.0
2014-07-21,Unknown,1,0.22148909376980078,0.7776420148074921,0.0,0.0008688914227069651,0.0
2014-07-22,Unknown,1,0.21040508206265285,0.7886915175179053,0.0,0.0009034004194421716,0.0
2014-07-23,Unknown,1,0.22732027933655224,0.7715535493813022,0.0,0.0011261712821456615,0.0
2014-07-24,Unknown,1,0.18461966788541878,0.814367785917022,0.0,0.001012546197559467,0.0
2014-07-25,Unknown,1,0.16881424733825057,0.8306052345870969,0.0,0.0005805180746528304,0.0
2014-07-28,Unknown,1,0.1556222493417129,0.8437993374016632,0.0,0.0005784132566237049,0.0
2014-07-29,Unknown,1,0.26728365309995805,0.7317539868792179,0.0,0.0009623600208239666,0.0
2014-07-30,Unknown,1,0.32558474962830436,0.673053786499524,0.0,0.0013614638721719428,0.0
2014-07-31,Sideways,0,0.9757666668026952,0.00489869652271404,0.0,0.019334636674590743,0.0
2014-08-01,Sideways,0,0.9791132881949939,0.006773171203216036,0.0,0.014113540601790103,0.0
2014-08-04,Sideways,0,0.9808188002385846,0.008762134846391479,0.0,0.010419064915023802,0.0
2014-08-05,Sideways,0,0.9838682327515649,0.0024531190558669913,0.0,0.013678648192568534,0.0
2014-08-06,Sideways,0,0.9759680715393171,0.0013475209746175113,0.0,0.02268440748606518,0.0
2014-08-07,Sideways,0,0.9788682994891011,0.0066009574626852046,0.0,0.01453074304821356,0.0
2014-08-08,Sideways,0,0.9803742301395342,0.0015577918595705217,0.0,0.018067978000895688,0.0
2014-08-11,Sideways,0,0.9756043960465188,0.0007472078725653972,0.0,0.0236483960809156,0.0
2014-08-12,Sideways,0,0.9868546703225944,0.001044744020711338,0.0,0.01210058565669455,0.0
2014-08-13,Sideways,0,0.9848754359815286,0.000479935723295091,0.0,0.014644628295176215,0.0
2014-08-14,Sideways,0,0.9822876414321859,7.692654931831104e-05,0.0,0.0176354320184959,0.0
2014-08-15,Sideways,0,0.9649469997240135,0.016043373759252032,0.0,0.0190096265167347,0.0
2014-08-18,Sideways,0,0.9848725256494912,0.005302544564166863,0.0,0.009824929786342003,0.0
2014-08-19,Sideways,0,0.984646163768923,0.004463480474490398,0.0,0.010890355756586721,0.0
2014-08-20,Sideways,0,0.972779188060355,0.019778273399496477,0.0,0.007442538540148443,0.0
2014-08-21,Sideways,0,0.9481529799337345,0.04489834937832454,0.0,0.00694867068794109,0.0
2014-08-22,Sideways,0,0.961539013190834,0.02846428587699524,0.0,0.009996700932170519,0.0
2014-08-25,Sideways,0,0.7710299653803996,0.22398722926667475,0.0,0.0049828053529253295,0.0
2014-08-26,Sideways,0,0.6529018985276841,0.3428074903494597,0.0,0.004290611122856436,0.0
2014-08-27,Unknown,1,0.49792366294722445,0.4979537191001182,0.0,0.004122617952657255,0.0
2014-08-28,Unknown,1,0.492730901086868,0.5027650389746127,0.0,0.004504059938519067,0.0
2014-08-29,Unknown,1,0.010375497978070598,0.9879513481927785,0.0,0.0016731538291512812,0.0
2014-09-02,Unknown,1,0.005054557329707924,0.9928336764639695,0.0,0.002111766206322233,0.0
2014-09-03,Unknown,1,0.01989649759506322,0.9789626144062498,0.0,0.0011408879986872461,0.0
2014-09-04,Unknown,1,0.0032069681464613558,0.9934779677742379,0.0,0.0033150640793006662,0.0
2014-09-05,Unknown,1,0.002281231352751,0.994517041705602,0.0,0.0032017269416469707,0.0
2014-09-08,Unknown,1,0.0008564004550241358,0.9885845287078943,0.0,0.010559070837081613,0.0
2014-09-09,Unknown,1,0.01589294262915021,0.9811000568807506,0.0,0.0030070004900989776,0.0
2014-09-10,Unknown,1,0.012242214453362038,0.9865160105613832,0.0,0.0012417749852545554,0.0
2014-09-11,Unknown,1,0.007766769665946049,0.9907953305903106,0.0,0.0014378997437433981,0.0
2014-09-12,Unknown,1,0.05073832763606968,0.9477421179134553,0.0,0.0015195544504746868,0.0
2014-09-15,Unknown,1,0.06789063725270506,0.9312682131942022,0.0,0.0008411495530926458,0.0
2014-09-16,Unknown,1,0.03644578687973919,0.9628226536273286,0.0,0.0007315594929325333,0.0
2014-09-17,Unknown,1,0.06837655136271625,0.9312146398569159,0.0,0.00040880878036763746,0.0
2014-09-18,Unknown,1,0.09027140553104315,0.9092636557133559,0.0,0.0004649387556007367,0.0
2014-09-19,Unknown,1,0.10293253565223894,0.896546916636439,0.0,0.000520547711322064,0.0
2014-09-22,Unknown,1,0.21976373079511816,0.7788844591903786,0.0,0.0013518100145033754,0.0
2014-09-23,Unknown,1,0.24184554892615628,0.757244015451355,0.0,0.0009104356224885929,0.0
2014-09-24,Unknown,1,0.18389261334293694,0.8154532851902094,0.0,0.000654101466853747,0.0
2014-09-25,Sideways,0,0.9121165797999276,0.08083855192816351,0.0,0.0070448682719088,0.0
2014-09-26,Sideways,0,0.8463752736720598,0.14709708936609814,0.0,0.006527636961842437,0.0
2014-09-29,Sideways,0,0.746642666605769,0.24948672366351848,0.0,0.0038706097307124624,0.0
2014-09-30,Sideways,0,0.7821384101432866,0.2138361136997136,0.0,0.004025476157000021,0.0
2014-10-01,Sideways,0,0.9804943661874528,0.005741686506580424,0.0,0.013763947305966908,0.0
2014-10-02,Sideways,0,0.9710391539510407,0.02069071127985275,0.0,0.008270134769106362,0.0
2014-10-03,Sideways,0,0.9723778770265689,0.001956592060406959,0.0,0.02566553091302404,0.0
2014-10-06,Sideways,0,0.9788282504798946,0.002917103261813505,0.0,0.018254646258292265,0.0
2014-10-07,Sideways,0,0.9792719095982937,0.0007212012281002087,0.0,0.02000688917360654,0.0
2014-10-08,Sideways,0,0.9620028487687918,5.4788974628488136e-05,0.0,0.03794236225657948,0.0
2014-10-09,Sideways,0,0.9533659013156127,1.72819040422966e-05,0.0,0.04661681678034493,0.0
2014-10-10,Sideways,0,0.8027915951226339,4.247047851033453e-07,0.0,0.19720798017258104,0.0
2014-10-13,Bull,3,0.3146471530788659,5.721890830588122e-10,0.0,0.685352846348945,0.0
2014-10-14,Sideways,0,0.6402699488884163,4.401831582065175e-09,0.0,0.35973004670975206,0.0
2014-10-15,Bull,3,0.04033598464735153,2.973898764071341e-15,0.0,0.9596640153526454,0.0
2014-10-16,Bull,3,0.3739861617887275,2.4759174398305325e-12,0.0,0.6260138382087965,0.0
2014-10-17,Bull,3,0.47133355268540617,4.338971508955247e-13,0.0,0.5286664473141599,0.0
2014-10-20,Sideways,0,0.6510492385883457,1.7507180370075845e-14,0.0,0.34895076141163683,0.0
2014-10-21,Bull,3,0.23889911501974073,1.1306540876726023e-17,0.0,0.7611008849802593,0.0
2014-10-22,Sideways,0,0.613013767332052,7.283238555699464e-15,0.0,0.38698623266794063,0.0
2014-10-23,Sideways,0,0.5645589640595217,2.661980186186011e-17,0.0,0.43544103594047834,0.0
2014-10-24,Bull,3,0.4338182916388029,1.8078557150783701e-12,0.0,0.5661817083593892,0.0
2014-10-27,Sideways,0,0.821798357983927,5.614544298571215e-10,0.0,0.1782016414546185,0.0
2014-10-28,Sideways,0,0.6407154780830344,3.4892774377740086e-07,0.0,0.3592841729892216,0.0
2014-10-29,Sideways,0,0.6905901661893759,7.753082683632604e-08,0.0,0.3094097562797974,0.0
2014-10-30,Bull,3,0.19972251464979277,0.00019705468188546034,0.0,0.8000804306683217,0.0
2014-10-31,Bull,3,0.08494157271218329,0.0003052480054639182,0.0,0.9147531792823529,0.0
2014-11-03,Bull,3,0.46911424097499377,1.745719176056083e-05,0.0,0.5308683018332456,0.0
2014-11-04,Bull,3,0.28103050696138715,0.00034387936000122084,0.0,0.7186256136786117,0.0
2014-11-05,Bull,3,0.03262795190568583,0.003563697700548547,0.0,0.9638083503937657,0.0
2014-11-06,Bull,3,0.48823412384446396,0.003546597310430926,0.0,0.5082192788451052,0.0
2014-11-07,Unknown,1,0.011486491247026488,0.7460338841487443,0.0,0.24247962460422906,0.0
2014-11-10,Unknown,1,0.0003237438397994054,0.6428034446473118,0.0,0.35687281151288897,0.0
2014-11-11,Bull,3,4.642392450189532e-07,0.07601023181161323,0.0,0.9239893039491417,0.0
2014-11-12,Bull,3,7.34217868795611e-07,0.134177230473923,0.0,0.8658220353082082,0.0
2014-11-13,Bull,3,7.663490743715326e-09,0.02579544329329114,0.0,0.9742045490432181,0.0
2014-11-14,Bull,3,2.9969790622204953e-09,0.01688196952145292,0.0,0.983118027481568,0.0
2014-11-17,Bull,3,2.9841223505208206e-06,0.2977340979633736,0.0,0.7022629179142759,0.0
2014-11-18,Unknown,1,6.81111031621281e-05,0.8056983439558614,0.0,0.19423354494097655,0.0
2014-11-19,Unknown,1,0.014222269405487285,0.977315248893499,0.0,0.00846248170101387,0.0
2014-11-20,Unknown,1,0.0031892613555440964,0.980029457908272,0.0,0.016781280736183946,0.0
2014-11-21,Unknown,1,0.012688756305331951,0.9841648399404119,0.0,0.003146403754256486,0.0
2014-11-24,Unknown,1,0.024788254171369754,0.9735326517633385,0.0,0.0016790940652915496,0.0
2014-11-25,Unknown,1,0.016764472360863397,0.9815284458909403,0.0,0.0017070817481959853,0.0
2014-11-26,Unknown,1,0.03174717639977712,0.9675351035777888,0.0,0.0007177200224336733,0.0
2014-11-28,Unknown,1,0.03352270673436182,0.9657122588383311,0.0,0.0007650344273070557,0.0
2014-12-01,Unknown,1,0.06998903166995599,0.9288544024678094,0.0,0.0011565658622348686,0.0
2014-12-02,Unknown,1,0.014783347688181243,0.9848078535667084,0.0,0.00040879874511010067,0.0
2014-12-03,Unknown,1,0.010756027720719714,0.9888843300486901,0.0,0.00035964223059035185,0.0
2014-12-04,Unknown,1,0.02380797868925843,0.9755232058889572,0.0,0.0006688154217843,0.0
2014-12-05,Unknown,1,0.012243757150926534,0.9874232687001845,0.0,0.0003329741488889121,0.0
2014-12-08,Unknown,1,0.01744786120639,0.9822357205246841,0.0,0.0003164182689254442,0.0
2014-12-09,Unknown,1,0.019006281493536507,0.9806192460485335,0.0,0.0003744724579300737,0.0
2014-12-10,Sideways,0,0.49574079904513607,0.47748353673080607,0.0,0.026775664224057857,0.0
2014-12-11,Unknown,1,0.2852285054634556,0.6985576615420609,0.0,0.016213832994483635,0.0
2014-12-12,Sideways,0,0.875156900833725,0.008128416506505767,0.0,0.1167146826597693,0.0
2014-12-15,Sideways,0,0.9032224028571523,0.0028020257077325814,0.0,0.09397557143511502,0.0
2014-12-16,Sideways,0,0.7851301715747683,3.1052253709982595e-05,0.0,0.21483877617152175,0.0
2014-12-17,Sideways,0,0.6509725948361972,0.00012320445840790825,0.0,0.34890420070539496,0.0
2014-12-18,Bull,3,0.0004716308733425541,5.257763864373003e-12,0.0,0.9995283691213995,0.0
2014-12-19,Bull,3,0.20713054498862157,9.837365224166243e-08,0.0,0.7928693566377261,0.0
2014-12-22,Sideways,0,0.6469914827664109,1.0761074888226884e-07,0.0,0.3530084096228402,0.0
2014-12-23,Sideways,0,0.6777311629418072,8.500819766666028e-10,0.0,0.32226883620811075,0.0
2014-12-24,Sideways,0,0.8296982125103045,3.1507599687527475e-05,0.0,0.17027027989000795,0.0
2014-12-26,Sideways,0,0.6805165774135469,0.02390452187847692,0.0,0.29557890070797616,0.0
2014-12-29,Sideways,0,0.734497156063565,0.05378890841816643,0.0,0.2117139355182685,0.0
2014-12-30,Sideways,0,0.8086596404564005,0.05597012726366648,0.0,0.13537023227993306,0.0
2014-12-31,Sideways,0,0.8433069115786997,0.012656812272613772,0.0,0.14403627614868636,0.0
2015-01-02,Sideways,0,0.8650378870667815,0.006445787957320393,0.0,0.12851632497589804,0.0
2015-01-05,Bull,3,0.22500789733247845,6.87535611841017e-07,0.0,0.7749914151319097,0.0
2015-01-06,Bull,3,0.13657022177797518,1.9666363510544198e-08,0.0,0.8634297585556613,0.0
2015-01-07,Sideways,0,0.5052596946645954,5.534982587239992e-06,0.0,0.49473477035281754,0.0
2015-01-08,Sideways,0,0.5647173863707082,1.6982850576132386e-05,0.0,0.43526563077871566,0.0
2015-01-09,Sideways,0,0.6869890496590433,3.163822777334257e-05,0.0,0.3129793121131836,0.0
2015-01-12,Bull,3,0.3912535768690108,8.195615377728381e-05,0.0,0.6086644669772119,0.0
2015-01-13,Bull,3,0.4787657148876287,7.444142701866409e-07,0.0,0.521233540698101,0.0
2015-01-14,Bull,3,0.029939752554464353,0.001361562264944011,0.0,0.9686986851805917,0.0
2015-01-15,Bull,3,0.00012338601847710953,1.1842747467790142e-06,0.0,0.9998754297067761,0.0
2015-01-16,Bull,3,5.674334368016064e-07,1.7986908892941887e-07,0.0,0.9999992526974743,0.0
2015-01-20,Bull,3,0.06029414195449364,0.000302475911884249,0.0,0.9394033821336222,0.0
2015-01-21,Sideways,0,0.9785506586356821,0.0003655927293552924,0.0,0.021083748634962568,0.0
2015-01-22,Sideways,0,0.9660561365754257,3.965320817167133e-06,0.0,0.03393989810375738,0.0
2015-01-23,Sideways,0,0.9349621031588612,1.3779101809408512e-07,0.0,0.0650377590501209,0.0
2015-01-26,Sideways,0,0.9702178286204909,2.4941319734942675e-05,0.0,0.02975723005977403,0.0
2015-01-27,Sideways,0,0.8673867568939804,5.509121092846757e-06,0.0,0.13260773398492684,0.0
2015-01-28,Bull,3,0.4705611968073375,3.234846740496305e-07,0.0,0.5294384797079885,0.0
2015-01-29,Sideways,0,0.7409360851517898,1.3107901078396299e-05,0.0,0.2590508069471319,0.0
2015-01-30,Sideways,0,0.623770544813679,7.910794764608588e-07,0.0,0.37622866410684447,0.0
2015-02-02,Sideways,0,0.6124991277320425,8.591113183051962e-06,0.0,0.3874922811547743,0.0
2015-02-03,Sideways,0,0.7466799777817329,3.069685126276971e-06,0.0,0.25331695253314074,0.0
2015-02-04,Bull,3,0.4176257166457582,9.581002032864085e-05,0.0,0.5822784733339132,0.0
2015-02-05,Bull,3,0.012043192870755467,0.0002265051591763159,0.0,0.9877303019700683,0.0
2015-02-06,Sideways,0,0.560691702964724,6.54632699910023e-06,0.0,0.43930175070827704,0.0
2015-02-09,Sideways,0,0.9437488903993029,8.826176161877745e-05,0.0,0.05616284783907832,0.0
2015-02-10,Sideways,0,0.877928928293807,0.016684376943735545,0.0,0.10538669476245717,0.0
2015-02-11,Sideways,0,0.7580410778823082,0.055490556608952135,0.0,0.18646836550873952,0.0
2015-02-12,Bull,3,0.2791691963669583,0.14386812542030303,0.0,0.5769626782127387,0.0
2015-02-13,Bull,3,0.1085159265662148,0.20199735138638233,0.0,0.689486722047403,0.0
2015-02-17,Bull,3,0.011450107879143441,0.09909543583508604,0.0,0.8894544562857706,0.0
2015-02-18,Unknown,1,0.1415517634449587,0.7199489700350752,0.0,0.1384992665199661,0.0
2015-02-19,Unknown,1,0.25698310017648385,0.5839663396453012,0.0,0.15905056017821478,0.0
2015-02-20,Unknown,1,0.10692985511747734,0.8402413852795789,0.0,0.052828759602943726,0.0
2015-02-23,Unknown,1,0.310925924140303,0.6623751664532737,0.0,0.026698909406422937,0.0
2015-02-24,Unknown,1,0.15169375252623052,0.8313505259666041,0.0,0.01695572150716567,0.0
2015-02-25,Unknown,1,0.30165937928786357,0.668689625600885,0.0,0.029650995111251896,0.0
2015-02-26,Unknown,1,0.05285223659957254,0.9298263072910733,0.0,0.017321456109354268,0.0
2015-02-27,Unknown,1,0.0022358374346699134,0.9705555288570891,0.0,0.027208633708240827,0.0
2015-03-02,Unknown,1,0.006399988663904235,0.9875545977847944,0.0,0.006045413551301332,0.0
2015-03-03,Unknown,1,0.0005503659710631515,0.9599377457640873,0.0,0.0395118882648494,0.0
2015-03-04,Unknown,1,0.013565764787163363,0.9784854557652911,0.0,0.007948779447545766,0.0
2015-03-05,Unknown,1,0.06598270807203047,0.9329203723837844,0.0,0.0010969195441848992,0.0
2015-03-06,Unknown,1,0.3981291018159826,0.57497877204361,0.0,0.026892126140407282,0.0
2015-03-09,Unknown,1,0.3725213805399928,0.6221136358918917,0.0,0.005364983568115465,0.0
2015-03-10,Sideways,0,0.9103187704425753,0.040621281873452736,0.0,0.04905994768397198,0.0
2015-03-11,Sideways,0,0.835955832732787,0.09831001312750064,0.0,0.06573415413971244,0.0
2015-03-12,Sideways,0,0.8821104214869828,0.025540659335696964,0.0,0.09234891917732016,0.0
2015-03-13,Sideways,0,0.8621508014334064,0.12482241434100075,0.0,0.01302678422559325,0.0
2015-03-16,Sideways,0,0.9082848632602321,0.010281323978372852,0.0,0.08143381276139527,0.0
2015-03-17,Sideways,0,0.9721576761615683,0.013085069082841494,0.0,0.014757254755590123,0.0
2015-03-18,Sideways,0,0.9610507204854722,0.0004918944096852383,0.0,0.038457385104842694,0.0
2015-03-19,Sideways,0,0.9469256913825644,0.028045770090049948,0.0,0.02502853852738527,0.0
2015-03-20,Sideways,0,0.9644294935856368,0.002250654274953936,0.0,0.0333198521394091,0.0
2015-03-23,Sideways,0,0.8759762885121568,0.0785526499902714,0.0,0.045471061497571894,0.0
2015-03-24,Sideways,0,0.9170576220233609,0.05175048809433013,0.0,0.03119188988230883,0.0
2015-03-25,Sideways,0,0.8344292686970723,0.006330847982329995,0.0,0.1592398833205975,0.0
2015-03-26,Sideways,0,0.8974906718100746,0.004390245425729954,0.0,0.09811908276419551,0.0
2015-03-27,Sideways,0,0.8235677406369432,0.001524591916177366,0.0,0.17490766744687955,0.0
2015-03-30,Sideways,0,0.7050649399695371,0.0010677490061491049,0.0,0.2938673110243139,0.0
2015-03-31,Sideways,0,0.8923546074867491,0.0021792255544216886,0.0,0.10546616695882938,0.0
2015-04-01,Sideways,0,0.9598126191578873,0.000607902862981218,0.0,0.03957947797913152,0.0
2015-04-02,Sideways,0,0.9732864606588805,0.0007145368857216571,0.0,0.025999002455397935,0.0
2015-04-06,Sideways,0,0.9663876053068438,0.0005960092171759224,0.0,0.033016385475980695,0.0
2015-04-07,Sideways,0,0.8408654239002173,0.020296072605833566,0.0,0.13883850349394908,0.0
2015-04-08,Sideways,0,0.9485394651275719,0.011947548551811136,0.0,0.039512986320616623,0.0
2015-04-09,Sideways,0,0.46609873672674,0.17921364502469447,0.0,0.3546876182485655,0.0
2015-04-10,Bull,3,0.20475137858649556,0.20113568452888947,0.0,0.594112936884615,0.0
2015-04-13,Sideways,0,0.5335255132333198,0.44046274990734047,0.0,0.02601173685934005,0.0
2015-04-14,Unknown,1,0.260494336639371,0.6911831569761502,0.0,0.048322506384478665,0.0
2015-04-15,Sideways,0,0.5984939682831225,0.3927293216566211,0.0,0.008776710060256378,0.0
2015-04-16,Unknown,1,0.31844795465810466,0.6746879218595007,0.0,0.006864123482394547,0.0
2015-04-17,Sideways,0,0.8646997941506958,0.12352346104799049,0.0,0.011776744801313436,0.0
2015-04-20,Sideways,0,0.6275559851099164,0.3654008365220908,0.0,0.007043178367992918,0.0
2015-04-21,Sideways,0,0.7711774988806465,0.22188866969065965,0.0,0.006933831428693996,0.0
2015-04-22,Sideways,0,0.5626820512454457,0.43271682079662427,0.0,0.0046011279579300166,0.0
2015-04-23,Unknown,1,0.37262345134202174,0.6234926032698734,0.0,0.003883945388104975,0.0
2015-04-24,Unknown,1,0.1682861476693141,0.8136560316024597,0.0,0.018057820728226218,0.0
2015-04-27,Unknown,1,0.03101417237709847,0.964647820906778,0.0,0.004338006716123524,0.0
2015-04-28,Unknown,1,0.048944744011274584,0.9465693019058795,0.0,0.004485954082845857,0.0
2015-04-29,Unknown,1,0.20208537757392256,0.7960472732800049,0.0,0.0018673491460726706,0.0
2015-04-30,Unknown,1,0.22363114073005125,0.7672181591637802,0.0,0.00915070010616878,0.0
2015-05-01,Unknown,1,0.044503992880437986,0.948613987256078,0.0,0.006882019863483569,0.0
2015-05-04,Unknown,1,0.0587860995866799,0.9378182691388697,0.0,0.003395631274450462,0.0
2015-05-05,Unknown,1,0.38813877916030626,0.6044653621089441,0.0,0.0073958587307501765,0.0
2015-05-06,Unknown,1,0.3944380124310509,0.5948744555262044,0.0,0.010687532042744337,0.0
2015-05-07,Unknown,1,0.49054186745235373,0.502247325513411,0.0,0.007210807034235609,0.0
2015-05-08,Sideways,0,0.6819417280629102,0.29147348343898083,0.0,0.02658478849810877,0.0
2015-05-11,Sideways,0,0.6391999187301968,0.3512925201772546,0.0,0.009507561092548987,0.0
2015-05-12,Sideways,0,0.6729695542210857,0.31950045436723185,0.0,0.007529991411682602,0.0
2015-05-13,Sideways,0,0.8346121829564227,0.15662946305351153,0.0,0.00875835399006582,0.0
2015-05-14,Sideways,0,0.8841867484379092,0.1030894037119574,0.0,0.012723847850133481,0.0
2015-05-15,Sideways,0,0.6316704609141591,0.3497417136106519,0.0,0.01858782547518853,0.0
2015-05-18,Unknown,1,0.2921664995021495,0.6914765308527576,0.0,0.01635696964509251,0.0
2015-05-19,Unknown,1,0.4680510750151432,0.5268734901488623,0.0,0.005075434835994348,0.0
2015-05-20,Unknown,1,0.4486254610292679,0.5462758697768275,0.0,0.00509866919390473,0.0
2015-05-21,Unknown,1,0.22019736863537268,0.7775214204234016,0.0,0.0022812109412262216,0.0
2015-05-22,Unknown,1,0.2609510009046462,0.7367519859096187,0.0,0.0022970131857348274,0.0
2015-05-26,Sideways,0,0.7399496302926721,0.2483665132531206,0.0,0.011683856454207522,0.0
2015-05-27,Unknown,1,0.3636870235824447,0.630381306866212,0.0,0.0059316695513429284,0.0
2015-05-28,Unknown,1,0.4479519798691773,0.5463003635966455,0.0,0.005747656534177627,0.0
2015-05-29,Sideways,0,0.5636819054811042,0.4255099954112827,0.0,0.010808099107613434,0.0
2015-06-01,Unknown,1,0.1972371640995097,0.7918696978052622,0.0,0.010893138095227886,0.0
2015-06-02,Sideways,0,0.5155330301203946,0.4802685988177413,0.0,0.004198371061863813,0.0
2015-06-03,Unknown,1,0.43995401886136987,0.5556498648032178,0.0,0.004396116335412571,0.0
2015-06-04,Unknown,1,0.3197795676488584,0.6730412498689459,0.0,0.007179182482195761,0.0
2015-06-05,Unknown,1,0.19583640834241384,0.7960422089416308,0.0,0.008121382715955583,0.0
2015-06-08,Sideways,0,0.5523900725797598,0.4337461567059996,0.0,0.013863770714240496,0.0
2015-06-09,Sideways,0,0.7767998060897097,0.21907109244620743,0.0,0.004129101464083178,0.0
2015-06-10,Sideways,0,0.8892623946679115,0.08146484581599567,0.0,0.029272759516092664,0.0
2015-06-11,Sideways,0,0.753417465976459,0.22707359208328617,0.0,0.019508941940254956,0.0
2015-06-12,Sideways,0,0.6236805316846368,0.368120604864184,0.0,0.008198863451179103,0.0
2015-06-15,Sideways,0,0.8817671880914981,0.11147955367526409,0.0,0.0067532582332379765,0.0
2015-06-16,Sideways,0,0.904814286883542,0.08909653635322758,0.0,0.006089176763230294,0.0
2015-06-17,Sideways,0,0.8214629112189827,0.1732422912710219,0.0,0.005294797509995238,0.0
2015-06-18,Sideways,0,0.9033377169562159,0.08172926318719544,0.0,0.014933019856588473,0.0
2015-06-19,Sideways,0,0.8582202657199688,0.1356920123565434,0.0,0.006087721923487499,0.0
2015-06-22,Sideways,0,0.9536617639142511,0.03690881623344842,0.0,0.009429419852300606,0.0
2015-06-23,Sideways,0,0.8475505233297141,0.14560087115673842,0.0,0.006848605513547606,0.0
2015-06-24,Sideways,0,0.5321144140436689,0.46156361769146675,0.0,0.006321968264864581,0.0
2015-06-25,Sideways,0,0.5893695412131351,0.40703149081122864,0.0,0.0035989679756367045,0.0
2015-06-26,Sideways,0,0.591983756932442,0.40451660822127883,0.0,0.003499634846278827,0.0
2015-06-29,Sideways,0,0.9307498301581372,0.0024117643817659347,0.0,0.0668384054600971,0.0
2015-06-30,Sideways,0,0.9574017392600178,0.003429958710350758,0.0,0.03916830202963124,0.0
2015-07-01,Sideways,0,0.953199806426976,0.014213252619161851,0.0,0.03258694095386239,0.0
2015-07-02,Sideways,0,0.9676949143752088,0.010406137767198648,0.0,0.021898947857592554,0.0
2015-07-06,Sideways,0,0.9256300850200961,0.019401036837774308,0.0,0.05496887814212967,0.0
2015-07-07,Sideways,0,0.9442098818995387,0.0061477346549765844,0.0,0.049642383445484474,0.0
2015-07-08,Sideways,0,0.7856045247183264,0.009175335304854305,0.0,0.2052201399768193,0.0
2015-07-09,Sideways,0,0.7457897464948201,0.008132893782408153,0.0,0.2460773597227718,0.0
2015-07-10,Sideways,0,0.9236731360614574,0.0004655030649585593,0.0,0.07586136087358386,0.0
2015-07-13,Sideways,0,0.9055545805845779,7.24087103845437e-05,0.0,0.09437301070503736,0.0
2015-07-14,Sideways,0,0.7079777150580598,0.0010020236652829976,0.0,0.29102026127665714,0.0
2015-07-15,Sideways,0,0.8095579045481173,0.00017145151733926868,0.0,0.1902706439345435,0.0
2015-07-16,Sideways,0,0.8748048131150493,2.6209258304784967e-05,0.0,0.12516897762664583,0.0
2015-07-17,Sideways,0,0.9246989761070976,0.003796568788440362,0.0,0.0715044551044618,0.0
2015-07-20,Sideways,0,0.9337630205099591,0.036277431276146244,0.0,0.02995954821389458,0.0
2015-07-21,Sideways,0,0.8517443864330579,0.11351130198708792,0.0,0.03474431157985394,0.0
2015-07-22,Sideways,0,0.9204031311290419,0.03679369075540134,0.0,0.042803178115556666,0.0
2015-07-23,Sideways,0,0.8909425073098567,0.04195382151608387,0.0,0.06710367117405941,0.0
2015-07-24,Sideways,0,0.8402977433492452,0.007820694744259673,0.0,0.15188156190649524,0.0
2015-07-27,Sideways,0,0.7897381299032163,0.0040805158592628,0.0,0.2061813542375208,0.0
2015-07-28,Sideways,0,0.7843191044372911,0.050977695509135404,0.0,0.1647032000535737,0.0
2015-07-29,Bull,3,0.03778049451997042,0.31250577518897904,0.0,0.6497137302910505,0.0
2015-07-30,Unknown,1,0.076990666052746,0.6869002575537174,0.0,0.23610907639353676,0.0
2015-07-31,Sideways,0,0.6368841513563297,0.25879803895464926,0.0,0.10431780968902114,0.0
2015-08-03,Sideways,0,0.7568621161515268,0.05493244221331722,0.0,0.18820544163515596,0.0
2015-08-04,Unknown,1,0.248776466647491,0.6583077386303123,0.0,0.09291579472219677,0.0
2015-08-05,Unknown,1,0.3705517201428373,0.5677968077667401,0.0,0.06165147209042243,0.0
2015-08-06,Unknown,1,0.027902730879716998,0.7743483377953392,0.0,0.19774893132494384,0.0
2015-08-07,Unknown,1,0.06039800807915625,0.7104217653715453,0.0,0.22918022654929857,0.0
2015-08-10,Unknown,1,0.4220876517989678,0.46520236479031973,0.0,0.11270998341071256,0.0
2015-08-11,Sideways,0,0.7044460966601488,0.28309373529915394,0.0,0.01246016804069709,0.0
2015-08-12,Sideways,0,0.7343318550214449,0.2536829693433834,0.0,0.011985175635171428,0.0
2015-08-13,Sideways,0,0.8491878827825253,0.1394046441845557,0.0,0.011407473032919167,0.0
2015-08-14,Sideways,0,0.8998266680563796,0.08714865755397984,0.0,0.013024674389640589,0.0
2015-08-17,Sideways,0,0.7241021372081331,0.25430047647525483,0.0,0.021597386316612146,0.0
2015-08-18,Sideways,0,0.8507889672483293,0.13399302153964854,0.0,0.015218011212022348,0.0
2015-08-19,Sideways,0,0.8926945914339123,0.09116318592460382,0.0,0.016142222641484003,0.0
2015-08-20,Sideways,0,0.7877425067206232,0.00015601204838729888,0.0,0.21210148123098946,0.0
2015-08-21,Bull,3,0.006115106952446996,7.801541927083785e-13,0.0,0.9938848930467729,0.0
2015-08-24,Bull,3,1.471062287770972e-09,3.3342267668995965e-34,0.0,0.9999999985289376,0.0
2015-08-25,Bull,3,1.911329767762763e-10,1.9907368096022956e-39,0.0,0.9999999998088667,0.0
2015-08-26,Bear,4,0.0,0.0,0.19963816954438837,0.0,0.8003618304556119
2015-08-27,Bear,4,0.0,0.0,0.04445850069564344,0.0,0.9555414993043564
2015-08-28,Bear,4,0.0,0.0,0.007756381948414369,0.0,0.9922436180515856
2015-08-31,Bear,4,0.0,0.0,0.005354526410574048,0.0,0.9946454735894259
2015-09-01,Bear,4,0.0,0.0,0.00916816564247243,0.0,0.9908318343575275
2015-09-02,Bear,4,0.0,0.0,0.009598274767527733,0.0,0.9904017252324723
2015-09-03,Bear,4,0.0,0.0,0.02457504879329289,0.0,0.9754249512067071
2015-09-04,Bear,4,0.0,0.0,0.032403669770690535,0.0,0.9675963302293095
2015-09-08,Bear,4,0.0,0.0,0.049497493790264434,0.0,0.9505025062097356
2015-09-09,Bear,4,0.0,0.0,0.0175364202033614,0.0,0.9824635797966386
2015-09-10,Bear,4,0.0,0.0,0.021799653200135043,0.0,0.978200346799865
2015-09-11,Bear,4,0.0,0.0,0.02155812494381186,0.0,0.9784418750561881
2015-09-14,Bear,4,0.0,0.0,0.01927755366349798,0.0,0.9807224463365021
2015-09-15,Bear,4,0.0,0.0,0.027492454065418753,0.0,0.9725075459345812
2015-09-16,Bear,4,0.0,0.0,0.02491537772390824,0.0,0.9750846222760918
2015-09-17,Bear,4,0.0,0.0,0.02902902497337528,0.0,0.9709709750266248
2015-09-18,Bear,4,0.0,0.0,0.06962574733835543,0.0,0.9303742526616446
2015-09-21,Bear,4,0.0,0.0,0.035799853869367466,0.0,0.9642001461306325
2015-09-22,Bear,4,0.0,0.0,0.0437878223974969,0.0,0.956212177602503
2015-09-23,Bear,4,0.0,0.0,0.21589482772676022,0.0,0.78410517227324
2015-09-24,Bear,4,0.0,0.0,0.39010942008574345,0.0,0.6098905799142563
2015-09-25,Bull,3,6.8578342775358e-10,1.6066793316970628e-12,0.0,0.9999999993126099,0.0
2015-09-28,Bull,3,3.524648491680117e-06,1.8639383163045606e-16,0.0,0.9999964753515082,0.0
2015-09-29,Bull,3,3.677727568208669e-05,1.2990554972276036e-15,0.0,0.9999632227243166,0.0
2015-09-30,Bull,3,1.3246802321093586e-06,8.100166231595182e-16,0.0,0.999998675319767,0.0
2015-10-01,Bull,3,6.899414473417783e-12,1.1714083753988922e-14,0.0,0.9999999999930891,0.0
2015-10-02,Bull,3,2.5236149662033156e-07,6.289361620739405e-14,0.0,0.9999997476384405,0.0
2015-10-05,Bull,3,5.258874515616815e-07,2.9191315971105053e-21,0.0,0.9999994741125484,0.0
2015-10-06,Bull,3,3.006867827619998e-09,5.346679622174999e-19,0.0,0.9999999969931324,0.0
2015-10-07,Bull,3,0.0005436425116895474,3.4966778127253328e-12,0.0,0.9994563574848139,0.0
2015-10-08,Bull,3,4.987316696965668e-06,3.4961665826972287e-12,0.0,0.9999950126798068,0.0
2015-10-09,Bull,3,4.5005865529047604e-05,5.089527443950852e-08,0.0,0.9999549432391965,0.0
2015-10-12,Bull,3,5.771196204269284e-05,0.00010024720007036253,0.0,0.9998420408378869,0.0
2015-10-13,Bull,3,3.0448045946658083e-05,4.16208705771751e-06,0.0,0.9999653898669957,0.0
2015-10-14,Bull,3,0.00021174970147481547,1.0869935486192022e-05,0.0,0.999777380363039,0.0
2015-10-15,Bull,3,5.76456570235364e-05,0.0008560878482292853,0.0,0.9990862664947472,0.0
2015-10-16,Bull,3,2.9283525275526513e-05,0.0008955917110680861,0.0,0.9990751247636563,0.0
2015-10-19,Bull,3,9.261282630577831e-06,0.006126763647390409,0.0,0.9938639750699789,0.0
2015-10-20,Bull,3,4.3516204102792625e-05,0.00022596210683573987,0.0,0.9997305216890615,0.0
2015-10-21,Bull,3,8.3223418006741e-06,2.1400552710805247e-05,0.0,0.9999702771054885,0.0
2015-10-22,Bull,3,5.319760575084049e-08,0.0032037604237513916,0.0,0.996796186378643,0.0
2015-10-23,Bull,3,7.005391732035569e-10,0.0003785252102293757,0.0,0.9996214740892314,0.0
2015-10-26,Bull,3,2.636483895613066e-09,0.0015574908314681534,0.0,0.9984425065320479,0.0
2015-10-27,Bull,3,1.4845395146252865e-12,7.796950286985021e-05,0.0,0.9999220304956455,0.0
2015-10-28,Bull,3,4.4464757778378996e-13,1.4007497427085636e-06,0.0,0.9999985992498127,0.0
2015-10-29,Bull,3,2.1876105352418176e-09,0.00935777989985332,0.0,0.9906422179125361,0.0
2015-10-30,Bull,3,1.1389836958401832e-09,0.012608495813175384,0.0,0.987391503047841,0.0
2015-11-02,Bull,3,4.4237625012920976e-08,0.13473040689275342,0.0,0.8652695488696215,0.0
2015-11-03,Unknown,1,3.3275469803656456e-06,0.7904271676785606,0.0,0.2095695047744591,0.0
2015-11-04,Unknown,1,1.5191914124072403e-06,0.8288353004448841,0.0,0.17116318036370357,0.0
2015-11-05,Unknown,1,6.97281734118516e-06,0.8833968492781586,0.0,0.11659617790449998,0.0
2015-11-06,Unknown,1,4.317970915942297e-05,0.8226942815646813,0.0,0.17726253872615932,0.0
2015-11-09,Unknown,1,3.529679838721853e-05,0.5105069823397196,0.0,0.48945772086189304,0.0
2015-11-10,Unknown,1,1.2260227272693667e-05,0.7478246665109,0.0,0.2521630732618273,0.0
2015-11-11,Unknown,1,6.365714548530224e-05,0.736711124049852,0.0,0.26322521880466276,0.0
2015-11-12,Bull,3,0.000162590169459567,0.03462466051253219,0.0,0.9652127493180083,0.0
2015-11-13,Bull,3,0.0009472167756116837,0.0017435440249428274,0.0,0.9973092391994456,0.0
2015-11-16,Bull,3,0.0007050886608339066,0.3366860925099243,0.0,0.6626088188292418,0.0
2015-11-17,Bull,3,0.0004982572143184652,0.07199458089426716,0.0,0.9275071618914144,0.0
2015-11-18,Bull,3,2.057488316721111e-05,0.001457271237428258,0.0,0.9985221538794045,0.0
2015-11-19,Bull,3,0.0019297685507373439,0.06516301179110745,0.0,0.9329072196581553,0.0
2015-11-20,Bull,3,0.04178170238862324,0.010765714738752532,0.0,0.9474525828726242,0.0
2015-11-23,Unknown,1,0.005006914305923024,0.55660391229903,0.0,0.43838917339504707,0.0
2015-11-24,Unknown,1,0.012590087631576756,0.5643126983297163,0.0,0.423097214038707,0.0
2015-11-25,Unknown,1,0.001191179403555933,0.7988789820712485,0.0,0.1999298385251955,0.0
2015-11-27,Unknown,1,0.000503885538821879,0.8792968975457299,0.0,0.1201992169154482,0.0
2015-11-30,Unknown,1,0.0010617609419803873,0.8767071763455081,0.0,0.12223106271251154,0.0
2015-12-01,Unknown,1,0.0018237323879218058,0.7893810827166,0.0,0.20879518489547827,0.0
2015-12-02,Unknown,1,0.002032687582341365,0.7336929374395678,0.0,0.2642743749780909,0.0
2015-12-03,Bull,3,0.003222074373432149,0.011001633112970272,0.0,0.9857762925135976,0.0
2015-12-04,Bull,3,0.0017516633996177958,0.04326688137770217,0.0,0.9549814552226801,0.0
2015-12-07,Bull,3,0.01552930701766022,0.06232205757554042,0.0,0.9221486354067994,0.0
2015-12-08,Bull,3,0.01042492767798323,0.009312100967552726,0.0,0.980262971354464,0.0
2015-12-09,Bull,3,0.18951974137455177,0.013482431831758396,0.0,0.7969978267936898,0.0
2015-12-10,Sideways,0,0.5081785634812322,0.0031083621834302536,0.0,0.4887130743353376,0.0
2015-12-11,Bull,3,0.02813749248431601,2.4905962738527024e-06,0.0,0.9718600169194102,0.0
2015-12-14,Bull,3,0.030814862268387727,0.0001508128065414828,0.0,0.9690343249250708,0.0
2015-12-15,Bull,3,0.0008540222152128889,4.828457536910056e-05,0.0,0.9990976932094181,0.0
2015-12-16,Bull,3,0.051598866670919105,5.227821133023087e-05,0.0,0.9483488551177507,0.0
2015-12-17,Bull,3,0.13993748832697445,0.0008566569432817511,0.0,0.8592058547297438,0.0
2015-12-18,Bull,3,0.17286054581419535,8.854251105313562e-09,0.0,0.8271394453315536,0.0
2015-12-21,Sideways,0,0.5530660063409671,1.7813070760562267e-06,0.0,0.44693221235195685,0.0
2015-12-22,Bull,3,0.30937426972046494,4.16077301257145e-06,0.0,0.6906215695065225,0.0
2015-12-23,Bull,3,0.006295684606605718,7.453090009248709e-08,0.0,0.9937042408624942,0.0
2015-12-24,Bull,3,0.30476599604370863,3.9411214585026175e-06,0.0,0.695230062834833,0.0
2015-12-28,Bull,3,0.3284697731657209,8.996987638264102e-10,0.0,0.6715302259345803,0.0
2015-12-29,Bull,3,0.31855290810917947,1.833602787491944e-08,0.0,0.6814470735547926,0.0
2015-12-30,Bull,3,0.23564028721576508,1.5271972157817245e-06,0.0,0.7643581855870192,0.0
2015-12-31,Bull,3,0.06612045849309357,7.449421813666031e-07,0.0,0.9338787965647251,0.0
2016-01-04,Bull,3,0.02351384798523001,1.992244936191566e-08,0.0,0.9764861320923206,0.0
2016-01-05,Bull,3,0.03180490859343376,8.427290584830453e-06,0.0,0.9681866641159813,0.0
2016-01-06,Bull,3,0.03523648764075923,8.115587424436898e-09,0.0,0.9647635042436533,0.0
2016-01-07,Bull,3,0.0005945816586424398,2.495907058173168e-15,0.0,0.9994054183413551,0.0
2016-01-08,Bull,3,0.000834269306810991,8.467285734143821e-16,0.0,0.9991657306931881,0.0
2016-01-11,Bull,3,0.004949111560535406,2.6433965982330046e-13,0.0,0.9950508884392003,0.0
2016-01-12,Bull,3,0.001623056297928222,2.283443958383716e-15,0.0,0.9983769437020694,0.0
2016-01-13,Bull,3,2.3386774539389266e-05,3.451011184353372e-17,0.0,0.9999766132254607,0.0
2016-01-14,Bull,3,0.0007043376109725317,2.6977045420727056e-17,0.0,0.9992956623890275,0.0
2016-01-15,Bull,3,0.003883785024665534,9.202769814910577e-20,0.0,0.9961162149753344,0.0
2016-01-19,Bull,3,0.011705268999864432,5.45322374095655e-21,0.0,0.9882947310001355,0.0
2016-01-20,Bull,3,0.0008270141646851769,1.0533025380143843e-22,0.0,0.9991729858353148,0.0
2016-01-21,Bull,3,0.00048178991476335295,1.0136230483006218e-21,0.0,0.9995182100852368,0.0
2016-01-22,Bull,3,2.772949490918311e-06,2.3184678884361403e-29,0.0,0.9999972270505092,0.0
2016-01-25,Bull,3,0.009828083857328505,7.785760635727883e-24,0.0,0.9901719161426715,0.0
2016-01-26,Bull,3,0.005720132249381866,3.7352215117846356e-26,0.0,0.994279867750618,0.0
2016-01-27,Bull,3,0.005099700939933795,1.3148426513389364e-26,0.0,0.9949002990600663,0.0
2016-01-28,Bull,3,0.008347989556366476,3.775640118729525e-25,0.0,0.9916520104436335,0.0
2016-01-29,Bull,3,9.08763568725343e-05,3.26087734364075e-27,0.0,0.9999091236431275,0.0
2016-02-01,Bull,3,0.0015577004214280576,1.0635059905394148e-26,0.0,0.9984422995785719,0.0
2016-02-02,Bull,3,0.0005946874883407352,1.2356273256920076e-21,0.0,0.9994053125116592,0.0
2016-02-03,Bull,3,0.0012833850958119195,6.716953538289e-22,0.0,0.998716614904188,0.0
2016-02-04,Bull,3,0.0010714323183459672,1.2484346534862292e-20,0.0,0.9989285676816541,0.0
2016-02-05,Bull,3,1.1621502134980446e-05,5.262776724131292e-18,0.0,0.999988378497865,0.0
2016-02-08,Bull,3,7.59119741590828e-08,1.729636778786476e-17,0.0,0.9999999240880257,0.0
2016-02-09,Bull,3,2.9406933083901447e-08,2.2947313569865095e-16,0.0,0.9999999705930667,0.0
2016-02-10,Bull,3,1.9597290092371934e-08,3.7292290544231526e-17,0.0,0.99999998040271,0.0
2016-02-11,Bull,3,1.8888205424356114e-07,1.4914496193106603e-19,0.0,0.9999998111179459,0.0
2016-02-12,Bull,3,2.5079088890149807e-11,6.153507844625112e-19,0.0,0.999999999974921,0.0
2016-02-16,Bull,3,4.4185404106651257e-07,1.9646377570366076e-20,0.0,0.999999558145959,0.0
2016-02-17,Bull,3,2.2159149440994537e-12,2.1319559323464154e-22,0.0,0.999999999997784,0.0
2016-02-18,Bull,3,2.96076205277708e-10,7.601961689496251e-19,0.0,0.9999999997039237,0.0
2016-02-19,Bull,3,6.193211015200595e-13,9.761903416866033e-23,0.0,0.9999999999993809,0.0
2016-02-22,Bull,3,5.511622881775299e-12,7.256086189179268e-18,0.0,0.9999999999944884,0.0
2016-02-23,Bull,3,6.494208912646143e-07,1.2615304997960122e-11,0.0,0.9999993505664935,0.0
2016-02-24,Bull,3,2.9670963698375383e-10,7.608582989314906e-09,0.0,0.9999999920947074,0.0
2016-02-25,Bull,3,1.7213896236943318e-07,7.321950961855942e-09,0.0,0.9999998205390866,0.0
2016-02-26,Bull,3,7.190112501399532e-09,9.523888659213205e-09,0.0,0.9999999832859988,0.0
2016-02-29,Bull,3,1.3918469898458392e-08,1.4951731100673732e-07,0.0,0.9999998365642191,0.0
2016-03-01,Bull,3,7.428169746024225e-06,1.549096553381572e-09,0.0,0.9999925702811574,0.0
2016-03-02,Bull,3,2.3819842934855785e-06,2.3562714502461928e-09,0.0,0.999997615659435,0.0
2016-03-03,Bull,3,6.268319594899638e-08,6.090064036456894e-06,0.0,0.9999938472527676,0.0
2016-03-04,Bull,3,2.9832359801839387e-07,2.358082877351308e-07,0.0,0.9999994658681143,0.0
2016-03-07,Bull,3,2.468469011426403e-07,1.7578189306418796e-11,0.0,0.9999997531355207,0.0
2016-03-08,Bull,3,1.5064543303615234e-09,7.088854164549964e-06,0.0,0.9999929096393811,0.0
2016-03-09,Bull,3,3.4634456053166537e-12,5.6493504076499816e-05,0.0,0.99994350649246,0.0
2016-03-10,Bull,3,1.2855906568589464e-12,6.712444446258114e-05,0.0,0.9999328755542518,0.0
2016-03-11,Bull,3,2.980242856257793e-15,2.213207550308413e-06,0.0,0.9999977867924467,0.0
2016-03-14,Bull,3,7.434237631506017e-18,2.0264396843955794e-07,0.0,0.9999997973560316,0.0
2016-03-15,Bull,3,3.310302634987466e-10,0.0005205506734305764,0.0,0.9994794489955392,0.0
2016-03-16,Bull,3,6.865764138126978e-08,0.02337960726328259,0.0,0.9766203240790761,0.0
2016-03-17,Bull,3,1.2265984814492683e-06,0.09897111886363293,0.0,0.9010276545378856,0.0
2016-03-18,Bull,3,1.663521113390697e-08,0.2024618857623916,0.0,0.7975380976023972,0.0
2016-03-21,Bull,3,4.698835730973618e-08,0.25200985034837486,0.0,0.7479901026632678,0.0
2016-03-22,Unknown,1,1.0251342298848533e-06,0.5672149597706033,0.0,0.43278401509516673,0.0
2016-03-23,Unknown,1,1.3559258717735017e-06,0.558357514919596,0.0,0.44164112915453224,0.0
2016-03-24,Unknown,1,7.77101637926746e-07,0.6040165447257654,0.0,0.39598267817259664,0.0
2016-03-28,Unknown,1,1.29084256484369e-06,0.8008847598137546,0.0,0.1991139493436805,0.0
2016-03-29,Unknown,1,3.1279436314031935e-07,0.5141982266217198,0.0,0.4858014605839171,0.0
2016-03-30,Bull,3,3.2142739105529246e-07,0.2158845488023924,0.0,0.7841151297702165,0.0
2016-03-31,Unknown,1,7.018205657838101e-06,0.9937040433681431,0.0,0.006288938426199266,0.0
2016-04-01,Unknown,1,7.264161520184578e-06,0.9913843978304151,0.0,0.008608338008064743,0.0
2016-04-04,Unknown,1,2.5000285133808608e-05,0.9910998136702897,0.0,0.008875186044576615,0.0
2016-04-05,Unknown,1,5.199410359338404e-05,0.9723144702412034,0.0,0.027633535655203136,0.0
2016-04-06,Unknown,1,4.8104292409530416e-06,0.9845297530182365,0.0,0.015465436552522631,0.0
2016-04-07,Unknown,1,0.00021376134826382593,0.9691952618866158,0.0,0.030590976765120223,0.0
2016-04-08,Unknown,1,0.00021532563329563768,0.8868438308999412,0.0,0.11294084346676314,0.0
2016-04-11,Unknown,1,0.0005165457777294433,0.935198087521297,0.0,0.06428536670097357,0.0
2016-04-12,Unknown,1,0.00012068021320632825,0.9940993927317913,0.0,0.005779927055002494,0.0
2016-04-13,Unknown,1,0.00012784343286662093,0.7207519550413688,0.0,0.27912020152576456,0.0
2016-04-14,Unknown,1,0.0005860540237966514,0.9829255609698263,0.0,0.01648838500637708,0.0
2016-04-15,Unknown,1,0.0003847485748111584,0.9930833858822681,0.0,0.006531865542920898,0.0
2016-04-18,Unknown,1,0.0008807826135747235,0.9700071188083392,0.0,0.02911209857808616,0.0
2016-04-19,Unknown,1,0.0001466252793915059,0.9900198716915519,0.0,0.009833503029056636,0.0
2016-04-20,Unknown,1,6.699962349220552e-05,0.9951250701028205,0.0,0.00480793027368713,0.0
2016-04-21,Unknown,1,0.00043719166334068205,0.9955641238124838,0.0,0.003998684524175782,0.0
2016-04-22,Unknown,1,0.001881195078678938,0.99586821679596,0.0,0.002250588125361051,0.0
2016-04-25,Unknown,1,0.0032228597117774133,0.9936062705237697,0.0,0.003170869764453197,0.0
2016-04-26,Unknown,1,0.004422685322763576,0.9916098601881717,0.0,0.0039674544890645515,0.0
2016-04-27,Unknown,1,0.004158258793597451,0.9934124514961714,0.0,0.002429289710230692,0.0
2016-04-28,Unknown,1,0.05431402543241386,0.9288407169251741,0.0,0.016845257642412164,0.0
2016-04-29,Unknown,1,0.17839186865771384,0.7944785610735167,0.0,0.02712957026876966,0.0
2016-05-02,Unknown,1,0.04083621605410514,0.9531977104890279,0.0,0.005966073456866726,0.0
2016-05-03,Unknown,1,0.2576586425291666,0.7169048008643044,0.0,0.025436556606529093,0.0
2016-05-04,Sideways,0,0.4876489735637839,0.47504974795270977,0.0,0.03730127848350641,0.0
2016-05-05,Unknown,1,0.4459541191808666,0.5457060024888959,0.0,0.008339878330237353,0.0
2016-05-06,Unknown,1,0.18715514966730976,0.8099693606666253,0.0,0.002875489666064958,0.0
2016-05-09,Unknown,1,0.40064592056411563,0.588604052039035,0.0,0.010750027396849134,0.0
2016-05-10,Unknown,1,0.42841848858566783,0.5341183062050884,0.0,0.0374632052092438,0.0
2016-05-11,Sideways,0,0.5883269986118388,0.4060149141185045,0.0,0.005658087269656856,0.0
2016-05-12,Sideways,0,0.6835448992804963,0.3100703559596521,0.0,0.006384744759851759,0.0
2016-05-13,Sideways,0,0.8058017586867299,0.18519780773319094,0.0,0.0090004335800794,0.0
2016-05-16,Sideways,0,0.7393361930935931,0.25370555891821106,0.0,0.006958247988195916,0.0
2016-05-17,Sideways,0,0.8849574349852891,0.09471396053984744,0.0,0.02032860447486334,0.0
2016-05-18,Sideways,0,0.8773290609240662,0.10628893273708928,0.0,0.01638200633884456,0.0
2016-05-19,Sideways,0,0.9221432623987034,0.058320086319832834,0.0,0.019536651281463768,0.0
2016-05-20,Sideways,0,0.9450340297355727,0.0461516191975628,0.0,0.008814351066864571,0.0
2016-05-23,Sideways,0,0.9195644309569325,0.07082390007278447,0.0,0.009611668970282573,0.0
2016-05-24,Sideways,0,0.9736352725994659,0.012477233351697382,0.0,0.01388749404883696,0.0
2016-05-25,Sideways,0,0.9756742831026807,0.0075304833495626455,0.0,0.01679523354775624,0.0
2016-05-26,Sideways,0,0.9781322143743394,0.002227876317312334,0.0,0.019639909308348476,0.0
2016-05-27,Sideways,0,0.9422766717485394,0.042072004680427245,0.0,0.01565132357103369,0.0
2016-05-31,Sideways,0,0.9233995005388835,0.04962793220171005,0.0,0.026972567259406225,0.0
2016-06-01,Sideways,0,0.6042758043922328,0.3890192887908871,0.0,0.006704906816880222,0.0
2016-06-02,Unknown,1,0.13675699922041826,0.8600885286463146,0.0,0.0031544721332668435,0.0
2016-06-03,Unknown,1,0.07220841491794186,0.9242509263360777,0.0,0.003540658745980636,0.0
2016-06-06,Unknown,1,0.04051646737242889,0.9563442335798156,0.0,0.0031392990477558313,0.0
2016-06-07,Unknown,1,0.0870694431523216,0.9096418557907415,0.0,0.0032887010569367047,0.0
2016-06-08,Unknown,1,0.07743144114181513,0.9194775439844404,0.0,0.0030910148737441174,0.0
2016-06-09,Unknown,1,0.2314779813057725,0.7662194003744379,0.0,0.0023026183197900306,0.0
2016-06-10,Unknown,1,0.46664444632052454,0.5168345394464593,0.0,0.01652101423301627,0.0
2016-06-13,Sideways,0,0.648070763438215,0.32414722206590835,0.0,0.027782014495876414,0.0
2016-06-14,Unknown,1,0.1761250571670664,0.8015954345650232,0.0,0.02227950826791049,0.0
2016-06-15,Sideways,0,0.5875107370737881,0.40052921646655737,0.0,0.01196004645965456,0.0
2016-06-16,Unknown,1,0.19156381774203365,0.7821871103424163,0.0,0.026249071915549996,0.0
2016-06-17,Unknown,1,0.08311728150403086,0.9102720431416869,0.0,0.0066106753542825225,0.0
2016-06-20,Unknown,1,0.026001653712143743,0.9660355695348454,0.0,0.00796277675301085,0.0
2016-06-21,Unknown,1,0.07686325072035803,0.9180482073348741,0.0,0.005088541944768081,0.0
2016-06-22,Unknown,1,0.060801586023835674,0.9336574634236319,0.0,0.005540950552532847,0.0
2016-06-23,Unknown,1,0.42418252240720894,0.5682304553073462,0.0,0.007587022285445208,0.0
2016-06-24,Bull,3,0.4618373250061622,3.842119176145766e-06,0.0,0.5381588328746616,0.0
2016-06-27,Bull,3,0.11113022935646429,6.493149154221532e-09,0.0,0.8888697641503865,0.0
2016-06-28,Bull,3,0.4240106576540011,1.0851077365363856e-06,0.0,0.5759882572382624,0.0
2016-06-29,Bull,3,0.0697737833005289,3.244133422485299e-08,0.0,0.9302261842581369,0.0
2016-06-30,Bull,3,0.0002488101183721125,2.9259564417443867e-12,0.0,0.999751189878702,0.0
2016-07-01,Sideways,0,0.6356584712195542,1.7445099043987318e-09,0.0,0.36434152703593603,0.0
2016-07-05,Bull,3,0.2782912464448535,1.6896740764248744e-14,0.0,0.7217087535551298,0.0
2016-07-06,Sideways,0,0.6001605939740778,1.0503957003582185e-09,0.0,0.3998394049755265,0.0
2016-07-07,Bull,3,0.48669634713297694,1.4873799984506751e-06,0.0,0.5133021654870247,0.0
2016-07-08,Bull,3,0.04288061708037037,7.31216633685247e-07,0.0,0.9571186517029959,0.0
2016-07-11,Bull,3,0.0632386795998761,5.462245609960164e-06,0.0,0.9367558581545139,0.0
2016-07-12,Bull,3,0.14874827102274527,3.86155255737694e-06,0.0,0.8512478674246974,0.0
2016-07-13,Bull,3,0.08056768362455669,0.00014920999582609078,0.0,0.9192831063796171,0.0
2016-07-14,Bull,3,0.05333215306380577,4.611974935599426e-05,0.0,0.9466217271868382,0.0
2016-07-15,Bull,3,0.013901053239995066,0.0027596976830902295,0.0,0.9833392490769148,0.0
2016-07-18,Bull,3,0.01658740106139118,0.0029824662374520745,0.0,0.9804301327011568,0.0
2016-07-19,Bull,3,0.0038460763278945244,0.006429389901192001,0.0,0.9897245337709135,0.0
2016-07-20,Bull,3,0.013675981823557115,0.005129336803199642,0.0,0.9811946813732433,0.0
2016-07-21,Bull,3,0.010513184301336046,0.00228143467027911,0.0,0.9872053810283848,0.0
2016-07-22,Bull,3,0.010007046733469312,0.00460676398254046,0.0,0.9853861892839904,0.0
2016-07-25,Bull,3,0.039544646414372206,0.0010631004916070183,0.0,0.9593922530940208,0.0
2016-07-26,Unknown,1,0.00026698871895638137,0.7995061284875401,0.0,0.2002268827935033,0.0
2016-07-27,Bull,3,9.726788187997059e-08,0.05355193150909003,0.0,0.9464479712230282,0.0
2016-07-28,Unknown,1,0.0002537871593234232,0.9485579909248737,0.0,0.05118822191580267,0.0
2016-07-29,Unknown,1,0.008433221633067693,0.9881041547224824,0.0,0.0034626236444495807,0.0
2016-08-01,Unknown,1,0.04415014735528965,0.9551488372046982,0.0,0.0007010154400120844,0.0
2016-08-02,Unknown,1,0.12561529976848196,0.8725709235376219,0.0,0.001813776693896354,0.0
2016-08-03,Unknown,1,0.02334920470067478,0.9755765400019313,0.0,0.001074255297393968,0.0
2016-08-04,Unknown,1,0.03705989107849469,0.9622796704373309,0.0,0.000660438484174032,0.0
2016-08-05,Unknown,1,0.03158916730342053,0.9664760401711138,0.0,0.001934792525465562,0.0
2016-08-08,Unknown,1,0.04478828977318976,0.954981558360025,0.0,0.00023015186678536755,0.0
2016-08-09,Unknown,1,0.0632628765626766,0.9364171918538031,0.0,0.0003199315835202684,0.0
2016-08-10,Unknown,1,0.05644878923581916,0.9432278257813905,0.0,0.00032338498279067373,0.0
2016-08-11,Unknown,1,0.045045061033967236,0.9547107119889889,0.0,0.0002442269770434821,0.0
2016-08-12,Unknown,1,0.03460618174797916,0.9651478805007729,0.0,0.000245937751247864,0.0
2016-08-15,Unknown,1,0.036672314625694064,0.9630969607467331,0.0,0.00023072462757310416,0.0
2016-08-16,Unknown,1,0.050587955592146315,0.9491084286120585,0.0,0.00030361579579487675,0.0
2016-08-17,Unknown,1,0.04700870838818676,0.9527503374545929,0.0,0.00024095415722027546,0.0
2016-08-18,Unknown,1,0.044572422572275866,0.955067638893675,0.0,0.00035993853404887345,0.0
2016-08-19,Unknown,1,0.06069041451831849,0.9390131568735236,0.0,0.0002964286081577557,0.0
2016-08-22,Unknown,1,0.06702047750876916,0.9325261524491361,0.0,0.0004533700420949476,0.0
2016-08-23,Unknown,1,0.05653562285533206,0.943184592436969,0.0,0.00027978470769876503,0.0
2016-08-24,Unknown,1,0.08485296190923301,0.9148262339675901,0.0,0.0003208041231767397,0.0
2016-08-25,Unknown,1,0.13668773977940943,0.8628207160274503,0.0,0.0004915441931402277,0.0
2016-08-26,Unknown,1,0.14831381429477644,0.8511739480917141,0.0,0.0005122376135098702,0.0
2016-08-29,Unknown,1,0.17211017564402825,0.8270952007536266,0.0,0.0007946236023449111,0.0
2016-08-30,Unknown,1,0.23020020831288,0.7688105291589488,0.0,0.00098926252817141,0.0
2016-08-31,Unknown,1,0.12602400209547834,0.8734063229038121,0.0,0.0005696750007091545,0.0
2016-09-01,Unknown,1,0.13794338901414935,0.861460199189992,0.0,0.0005964117958584012,0.0
2016-09-02,Unknown,1,0.1668828525650376,0.8321524292873934,0.0,0.0009647181475690535,0.0
2016-09-06,Unknown,1,0.17026713110817598,0.8287091836335028,0.0,0.0010236852583211152,0.0
2016-09-07,Unknown,1,0.10046874169894883,0.8990147519307365,0.0,0.0005165063703149115,0.0
2016-09-08,Unknown,1,0.07975113359381061,0.9197794135801228,0.0,0.00046945282606656474,0.0
2016-09-09,Sideways,0,0.9515495521740404,0.016774776601786678,0.0,0.03167567122417298,0.0
2016-09-12,Sideways,0,0.9326173315033143,0.061420791361647645,0.0,0.005961877135037786,0.0
2016-09-13,Sideways,0,0.9784989885636746,0.0016735694165007863,0.0,0.01982744201982491,0.0
2016-09-14,Sideways,0,0.9795843053605539,0.0006506728884509223,0.0,0.019765021750994746,0.0
2016-09-15,Sideways,0,0.9637450147631231,0.0008718672132434292,0.0,0.03538311802363325,0.0
2016-09-16,Sideways,0,0.9804506209818976,0.0018443473273771613,0.0,0.0177050316907249,0.0
2016-09-19,Sideways,0,0.9851879750049872,0.0022529558906339807,0.0,0.012559069104378913,0.0
2016-09-20,Sideways,0,0.9822459239906126,0.0014727508580188815,0.0,0.01628132515136838,0.0
2016-09-21,Sideways,0,0.9824457035700999,0.00018428316569182374,0.0,0.017370013264208697,0.0
2016-09-22,Sideways,0,0.9832626038246972,0.0003971672134680575,0.0,0.01634022896183507,0.0
2016-09-23,Sideways,0,0.9815834561720232,0.0023462629446991813,0.0,0.01607028088327773,0.0
2016-09-26,Sideways,0,0.9727197566494582,0.0022318109098544052,0.0,0.025048432440687045,0.0
2016-09-27,Sideways,0,0.973981711155614,0.0027678664646551498,0.0,0.023250422379730698,0.0
2016-09-28,Sideways,0,0.9809425300899676,0.0042153134608715285,0.0,0.014842156449160464,0.0
2016-09-29,Sideways,0,0.9718217490925858,0.004148417971224612,0.0,0.024029832936189637,0.0
2016-09-30,Sideways,0,0.9663504933015258,0.006854466821152296,0.0,0.026795039877322322,0.0
2016-10-03,Sideways,0,0.9716199008822533,0.0027065160392238867,0.0,0.025673583078522928,0.0
2016-10-04,Sideways,0,0.9763439128837014,0.0020195169578949633,0.0,0.02163657015840382,0.0
2016-10-05,Sideways,0,0.9806821517413705,0.0022774134876278915,0.0,0.01704043477100173,0.0
2016-10-06,Sideways,0,0.9826239375019331,0.0008654100816782086,0.0,0.016510652416388404,0.0
2016-10-07,Sideways,0,0.9769964393198256,0.00265997346697913,0.0,0.020343587213195395,0.0
2016-10-10,Unknown,1,0.1460459675221986,0.7435336341898057,0.0,0.11042039828799552,0.0
2016-10-11,Sideways,0,0.8866660095045389,0.08256291874493808,0.0,0.03077107175052306,0.0
2016-10-12,Unknown,1,0.10610423465225645,0.8491589318643474,0.0,0.04473683348339593,0.0
2016-10-13,Unknown,1,0.16380340978327154,0.7512363200360773,0.0,0.08496027018065117,0.0
2016-10-14,Sideways,0,0.5372475679364282,0.4430415341554059,0.0,0.019710897908165798,0.0
2016-10-17,Sideways,0,0.6666431813060277,0.26562428299752655,0.0,0.0677325356964458,0.0
2016-10-18,Sideways,0,0.5206913422107153,0.43085713536350967,0.0,0.04845152242577495,0.0
2016-10-19,Sideways,0,0.5773825307621409,0.3675437740420263,0.0,0.05507369519583309,0.0
2016-10-20,Sideways,0,0.8111321981030766,0.17959270684210651,0.0,0.00927509505481686,0.0
2016-10-21,Sideways,0,0.8721719773179426,0.1213910320885126,0.0,0.006436990593544884,0.0
2016-10-24,Sideways,0,0.8637895224834267,0.12643539323093844,0.0,0.009775084285635073,0.0
2016-10-25,Unknown,1,0.4159949788286028,0.575835054372383,0.0,0.00816996679901405,0.0
2016-10-26,Sideways,0,0.5686630129396932,0.4271183360303366,0.0,0.004218651029969913,0.0
2016-10-27,Sideways,0,0.6957073848084415,0.3000555756580524,0.0,0.004237039533505816,0.0
2016-10-28,Unknown,1,0.45421789888402136,0.5411217677864507,0.0,0.004660333329527661,0.0
2016-10-31,Sideways,0,0.6881047559622255,0.3084834790653529,0.0,0.003411764972421559,0.0
2016-11-01,Sideways,0,0.7897782112927207,0.20499300971167284,0.0,0.005228778995606374,0.0
2016-11-02,Sideways,0,0.8564341012484974,0.13450006729668876,0.0,0.009065831454813818,0.0
2016-11-03,Sideways,0,0.9453730326491454,0.046187016871876846,0.0,0.008439950478977698,0.0
2016-11-04,Sideways,0,0.963887688263128,0.02777627280295577,0.0,0.008336038933916242,0.0
2016-11-07,Sideways,0,0.9131328232179599,0.0002217071880354642,0.0,0.08664546959400468,0.0
2016-11-08,Sideways,0,0.9783824161688391,0.0005998430857823358,0.0,0.021017740745378332,0.0
2016-11-09,Sideways,0,0.8502155560722853,0.0002997152441140889,0.0,0.1494847286836006,0.0
2016-11-10,Sideways,0,0.9092148974184819,0.00013533976068275032,0.0,0.09064976282083537,0.0
2016-11-11,Sideways,0,0.8537112413907939,0.00024156308744727558,0.0,0.14604719552175877,0.0
2016-11-14,Sideways,0,0.644181148250703,0.3335571068252136,0.0,0.02226174492408329,0.0
2016-11-15,Unknown,1,0.448450585798515,0.4991510102216624,0.0,0.05239840397982248,0.0
2016-11-16,Unknown,1,0.1961126587138485,0.7981957666003203,0.0,0.005691574685831074,0.0
2016-11-17,Unknown,1,0.17947403311481955,0.8154447933273559,0.0,0.005081173557824217,0.0
2016-11-18,Unknown,1,0.20316485548357355,0.7916346300563711,0.0,0.005200514460055258,0.0
2016-11-21,Unknown,1,0.2134105162303555,0.7783284164209603,0.0,0.008261067348683865,0.0
2016-11-22,Unknown,1,0.10861659907088624,0.8880274402221568,0.0,0.0033559607069568063,0.0
2016-11-23,Unknown,1,0.15066359549822184,0.8428755633959479,0.0,0.0064608411058299925,0.0
2016-11-25,Unknown,1,0.05042216812918537,0.9457634248536727,0.0,0.0038144070171417226,0.0
2016-11-28,Unknown,1,0.1369680250078046,0.845607366477372,0.0,0.017424608514823633,0.0
2016-11-29,Unknown,1,0.019075374961796614,0.9756714341619531,0.0,0.0052531908762498735,0.0
2016-11-30,Unknown,1,0.023802287965735223,0.9684604346575836,0.0,0.007737277376681145,0.0
2016-12-01,Unknown,1,0.008045136413276912,0.9754223046335305,0.0,0.016532558953192097,0.0
2016-12-02,Unknown,1,0.001778797837368707,0.951508414689602,0.0,0.04671278747302908,0.0
2016-12-05,Unknown,1,0.00029953850484552456,0.9162428693919544,0.0,0.0834575921031998,0.0
2016-12-06,Unknown,1,0.00019560502092484024,0.7843117747529605,0.0,0.21549262022611462,0.0
2016-12-07,Unknown,1,0.0219760859748862,0.9662640026158272,0.0,0.011759911409286563,0.0
2016-12-08,Unknown,1,0.054549225741474375,0.9381961426669022,0.0,0.007254631591623577,0.0
2016-12-09,Unknown,1,0.20336895375424263,0.7872568238934259,0.0,0.009374222352331495,0.0
2016-12-12,Unknown,1,0.09367456026295028,0.9034020055056565,0.0,0.0029234342313934356,0.0
2016-12-13,Unknown,1,0.07300420021086305,0.9224056073072695,0.0,0.004590192481867317,0.0
2016-12-14,Unknown,1,0.021101909446658185,0.9778555490708583,0.0,0.0010425414824837746,0.0
2016-12-15,Unknown,1,0.014812901497949975,0.984615010424591,0.0,0.0005720880774586196,0.0
2016-12-16,Unknown,1,0.018204774600373362,0.9808841679401593,0.0,0.0009110574594676689,0.0
2016-12-19,Unknown,1,0.014947149756480564,0.9844970628537482,0.0,0.0005557873897708971,0.0
2016-12-20,Unknown,1,0.014693489441428148,0.9837882927276971,0.0,0.0015182178308750915,0.0
2016-12-21,Unknown,1,0.020703171660950575,0.9787870457893223,0.0,0.0005097825497274708,0.0
2016-12-22,Unknown,1,0.02357050388011264,0.9758442768920531,0.0,0.0005852192278346071,0.0
2016-12-23,Unknown,1,0.02101462493125935,0.9785708828595272,0.0,0.00041449220921298437,0.0
2016-12-27,Unknown,1,0.016113696941048604,0.9835110711036015,0.0,0.0003752319553501939,0.0
2016-12-28,Unknown,1,0.07210993957747126,0.9264720691706957,0.0,0.001417991251832784,0.0
2016-12-29,Unknown,1,0.059854047912587735,0.939275591828015,0.0,0.0008703602593976763,0.0
2016-12-30,Unknown,1,0.08682886358473978,0.9120354381991788,0.0,0.00113569821608183,0.0
2017-01-03,Unknown,1,0.08074094285627957,0.9138778600082612,0.0,0.005381197135459249,0.0
2017-01-04,Unknown,1,0.1537791686031489,0.8068464017040037,0.0,0.03937442969284734,0.0
2017-01-05,Unknown,1,0.058427658189054016,0.9402971092577184,0.0,0.001275232553227153,0.0
2017-01-06,Unknown,1,0.07267053692634914,0.9258112613181567,0.0,0.0015182017554945114,0.0
2017-01-09,Unknown,1,0.06797566467433655,0.9313996060599067,0.0,0.0006247292657567905,0.0
2017-01-10,Unknown,1,0.04171874398505778,0.9578757295168262,0.0,0.0004055264981160604,0.0
2017-01-11,Unknown,1,0.03215557115315587,0.9671886082048635,0.0,0.0006558206419808724,0.0
2017-01-12,Unknown,1,0.046075265023274484,0.9534402675460663,0.0,0.0004844674306592103,0.0
2017-01-13,Unknown,1,0.03299310208159571,0.9662785271268027,0.0,0.0007283707916018859,0.0
2017-01-17,Unknown,1,0.06519680219714774,0.9344957585942517,0.0,0.0003074392086009658,0.0
2017-01-18,Unknown,1,0.05760506325225752,0.9420789232371221,0.0,0.000316013510619965,0.0
2017-01-19,Unknown,1,0.11136350501380785,0.8882126036039928,0.0,0.00042389138219941846,0.0
2017-01-20,Unknown,1,0.08577154295320057,0.9138793174215233,0.0,0.000349139625275877,0.0
2017-01-23,Unknown,1,0.10843915176212021,0.8910642702541113,0.0,0.000496577983768447,0.0
2017-01-24,Unknown,1,0.10346904483604918,0.8960926905373293,0.0,0.00043826462662145113,0.0
2017-01-25,Unknown,1,0.1694835523300516,0.829280590881364,0.0,0.001235856788584542,0.0
2017-01-26,Unknown,1,0.14927917126947585,0.8499840817975145,0.0,0.0007367469330093549,0.0
2017-01-27,Unknown,1,0.12018135206890586,0.8793063828350551,0.0,0.0005122650960390998,0.0
2017-01-30,Unknown,1,0.13496416142330336,0.8642559946455325,0.0,0.0007798439311640133,0.0
2017-01-31,Unknown,1,0.0886788452350648,0.9109149098810589,0.0,0.0004062448838763408,0.0
2017-02-01,Unknown,1,0.14022520993838672,0.8584496949842285,0.0,0.0013250950773845956,0.0
2017-02-02,Unknown,1,0.1509025592781631,0.8484860372609484,0.0,0.0006114034608887051,0.0
2017-02-03,Unknown,1,0.11842074035619796,0.881099456288521,0.0,0.00047980335528132633,0.0
2017-02-06,Unknown,1,0.0939992226564164,0.9056410721833054,0.0,0.00035970516027865557,0.0
2017-02-07,Unknown,1,0.10683980484848064,0.8927381707172661,0.0,0.0004220244342532281,0.0
2017-02-08,Unknown,1,0.08733496509254997,0.9122912706742635,0.0,0.0003737642331862736,0.0
2017-02-09,Unknown,1,0.09813476907328417,0.9013513300707293,0.0,0.0005139008559863936,0.0
2017-02-10,Unknown,1,0.08731506141206918,0.9122764676926703,0.0,0.00040847089526025604,0.0
2017-02-13,Unknown,1,0.0964646218581221,0.902826384677404,0.0,0.000708993464473646,0.0
2017-02-14,Unknown,1,0.13350599077371283,0.8654814908259014,0.0,0.0010125184003854982,0.0
2017-02-15,Unknown,1,0.14350996940312816,0.8543722937961543,0.0,0.0021177368007178764,0.0
2017-02-16,Unknown,1,0.09226429564731341,0.9068824863664697,0.0,0.0008532179862170713,0.0
2017-02-17,Unknown,1,0.05222330160306803,0.9469680028341291,0.0,0.0008086955628030912,0.0
2017-02-21,Unknown,1,0.05144776773306063,0.9479561316598643,0.0,0.0005961006070755064,0.0
2017-02-22,Unknown,1,0.040195515636759924,0.9591576003897433,0.0,0.0006468839734968989,0.0
2017-02-23,Unknown,1,0.06239122766387118,0.9371608412474525,0.0,0.00044793108867676395,0.0
2017-02-24,Unknown,1,0.10360396650975201,0.8958270293581737,0.0,0.0005690041320741121,0.0
2017-02-27,Unknown,1,0.09317503751632424,0.9063063584824725,0.0,0.0005186040012031673,0.0
2017-02-28,Unknown,1,0.12245348614804484,0.8769165765047916,0.0,0.0006299373471635853,0.0
2017-03-01,Unknown,1,0.04270000559686479,0.9561405294206916,0.0,0.0011594649824433396,0.0
2017-03-02,Unknown,1,0.047284898689008814,0.9518956446627683,0.0,0.0008194566482225776,0.0
2017-03-03,Unknown,1,0.043487133971873544,0.9556770595965763,0.0,0.0008358064315497459,0.0
2017-03-06,Unknown,1,0.05463245752059198,0.9443444822968892,0.0,0.0010230601825186186,0.0
2017-03-07,Unknown,1,0.12886950824709148,0.8700449552223694,0.0,0.0010855365305390706,0.0
2017-03-08,Unknown,1,0.3010648163033423,0.6942488954532038,0.0,0.004686288243453964,0.0
2017-03-09,Unknown,1,0.0890660057450072,0.9096867555174728,0.0,0.0012472387375202366,0.0
2017-03-10,Unknown,1,0.08574721288831556,0.9126001839691218,0.0,0.0016526031425623793,0.0
2017-03-13,Unknown,1,0.07377874236153217,0.9256769093822975,0.0,0.0005443482561698929,0.0
2017-03-14,Unknown,1,0.08820263165855563,0.9114081905419228,0.0,0.0003891777995218368,0.0
2017-03-15,Unknown,1,0.09648703649847042,0.9030491666311791,0.0,0.00046379687035055025,0.0
2017-03-16,Unknown,1,0.10230194982977596,0.8973226901994595,0.0,0.0003753599707648146,0.0
2017-03-17,Unknown,1,0.12150969085419379,0.878055001233549,0.0,0.00043530791225767035,0.0
2017-03-20,Unknown,1,0.13560415160223627,0.8639426631472119,0.0,0.0004531852505522153,0.0
2017-03-21,Sideways,0,0.6032845985450453,0.39326321550494797,0.0,0.003452185950007053,0.0
2017-03-22,Sideways,0,0.7046156738668463,0.2912890735635664,0.0,0.0040952525695871714,0.0
2017-03-23,Sideways,0,0.7393593078288295,0.25673680579495234,0.0,0.0039038863762178994,0.0
2017-03-24,Sideways,0,0.7800433400723917,0.2156493794120763,0.0,0.004307280515532175,0.0
2017-03-27,Sideways,0,0.8362425377952872,0.1586494317057223,0.0,0.005108030498990819,0.0
2017-03-28,Sideways,0,0.7041797618329548,0.291789719882152,0.0,0.004030518284893189,0.0
2017-03-29,Sideways,0,0.6929170519007218,0.3033124483401955,0.0,0.003770499759082642,0.0
2017-03-30,Unknown,1,0.37828284519579813,0.6149545038206784,0.0,0.00676265098352321,0.0
2017-03-31,Unknown,1,0.3082474352190346,0.6894087352441238,0.0,0.0023438295368415057,0.0
2017-04-03,Unknown,1,0.30706096028746716,0.6903459403124118,0.0,0.00259309940012087,0.0
2017-04-04,Unknown,1,0.31450261557761805,0.6839395975514938,0.0,0.0015577868708879516,0.0
2017-04-05,Unknown,1,0.31583497051236276,0.6827666217044932,0.0,0.0013984077831443401,0.0
2017-04-06,Unknown,1,0.4486890431668233,0.5489026960801554,0.0,0.002408260753021586,0.0
2017-04-07,Unknown,1,0.3481277314758692,0.6502093908468074,0.0,0.0016628776773236424,0.0
2017-04-10,Unknown,1,0.3123254175046502,0.6861341078685204,0.0,0.001540474626829591,0.0
2017-04-11,Unknown,1,0.31202165545353633,0.6864567607005801,0.0,0.0015215838458834485,0.0
2017-04-12,Unknown,1,0.2643356198388821,0.7340636185268347,0.0,0.0016007616342833522,0.0
2017-04-13,Unknown,1,0.49030733154459505,0.5049667159665393,0.0,0.004725952488865608,0.0
2017-04-17,Sideways,0,0.5286373061922515,0.4683470205506203,0.0,0.003015673257128142,0.0
2017-04-18,Sideways,0,0.521898751724338,0.47517726954194167,0.0,0.0029239787337207233,0.0
2017-04-19,Sideways,0,0.5071061050504692,0.4897608983125374,0.0,0.003132996636993173,0.0
2017-04-20,Unknown,1,0.16777082071565166,0.8263146747078608,0.0,0.00591450457648742,0.0
2017-04-21,Unknown,1,0.1322317981010005,0.8632818071082902,0.0,0.004486394790709395,0.0
2017-04-24,Unknown,1,0.3261249784930374,0.6617159748745577,0.0,0.012159046632404937,0.0
2017-04-25,Unknown,1,0.33891607998185136,0.643315301982211,0.0,0.017768618035937767,0.0
2017-04-26,Unknown,1,0.22383287809178967,0.7622735611259029,0.0,0.013893560782307576,0.0
2017-04-27,Unknown,1,0.16515846171532314,0.8328226513861576,0.0,0.0020188868985190197,0.0
2017-04-28,Unknown,1,0.32075169872445153,0.6728269756196423,0.0,0.006421325655905978,0.0
2017-05-01,Unknown,1,0.14078708197204562,0.8583722227503071,0.0,0.0008406952776475232,0.0
2017-05-02,Unknown,1,0.09708588406424194,0.9023399233149174,0.0,0.0005741926208404248,0.0
2017-05-03,Unknown,1,0.08648038394099763,0.9128525416305697,0.0,0.0006670744284326593,0.0
2017-05-04,Unknown,1,0.08625579620221586,0.9131249865390112,0.0,0.0006192172587732501,0.0
2017-05-05,Unknown,1,0.053986147495535784,0.9453379402728169,0.0,0.000675912231647625,0.0
2017-05-08,Unknown,1,0.07065974302733492,0.9287684905750566,0.0,0.0005717663976087202,0.0
2017-05-09,Unknown,1,0.06666102624031277,0.9326961571749005,0.0,0.0006428165847863453,0.0
2017-05-10,Unknown,1,0.06886221980238684,0.930444280928329,0.0,0.0006934992692841284,0.0
2017-05-11,Unknown,1,0.06434111651108614,0.9349286695797463,0.0,0.0007302139091672546,0.0
2017-05-12,Unknown,1,0.037505630058658854,0.9617036533076,0.0,0.0007907166337411693,0.0
2017-05-15,Unknown,1,0.011774572179985317,0.9865360604268711,0.0,0.0016893673931432287,0.0
2017-05-16,Unknown,1,0.030700919801336938,0.9687981559260893,0.0,0.0005009242725737472,0.0
2017-05-17,Unknown,1,0.31617609416596887,0.6668264344646205,0.0,0.01699747136941068,0.0
2017-05-18,Unknown,1,0.086027559252453,0.9083468360018979,0.0,0.005625604745648754,0.0
2017-05-19,Unknown,1,0.18935262902095434,0.8077972936479617,0.0,0.0028500773310843686,0.0
2017-05-22,Unknown,1,0.30999363841688654,0.6680684291407486,0.0,0.021937932442364867,0.0
2017-05-23,Unknown,1,0.3612433801214762,0.6358127738561165,0.0,0.0029438460224075974,0.0
2017-05-24,Sideways,0,0.6332673173673988,0.361711421044583,0.0,0.005021261588018494,0.0
2017-05-25,Sideways,0,0.5510196913517076,0.44516730779169866,0.0,0.0038130008565937803,0.0
2017-05-26,Unknown,1,0.3004392171547978,0.6981160452773657,0.0,0.0014447375678362663,0.0
2017-05-30,Unknown,1,0.17577333717060947,0.8234422082636512,0.0,0.0007844545657391027,0.0
2017-05-31,Unknown,1,0.17651171886516429,0.822815829331624,0.0,0.0006724518032119947,0.0
2017-06-01,Unknown,1,0.2313195473081487,0.7673717132304626,0.0,0.0013087394613883938,0.0
2017-06-02,Unknown,1,0.1827543937967544,0.8159158479744557,0.0,0.0013297582287897193,0.0
2017-06-05,Unknown,1,0.1389775605745884,0.8603319762821402,0.0,0.0006904631432711673,0.0
2017-06-06,Unknown,1,0.19941942509061727,0.7997673263625067,0.0,0.0008132485468760857,0.0
2017-06-07,Unknown,1,0.1989483184976421,0.8002018577608159,0.0,0.0008498237415423586,0.0
2017-06-08,Unknown,1,0.1380584717104169,0.8613544072918202,0.0,0.000587120997763053,0.0
2017-06-09,Unknown,1,0.18369121001888045,0.8155463945947306,0.0,0.0007623953863889451,0.0
2017-06-12,Unknown,1,0.15963146941293743,0.839638738882693,0.0,0.0007297917043695966,0.0
2017-06-13,Unknown,1,0.11340565709269386,0.8858936573177655,0.0,0.0007006855895410925,0.0
2017-06-14,Unknown,1,0.14669712340590477,0.8527195436764362,0.0,0.0005833329176593183,0.0
2017-06-15,Unknown,1,0.15513692478832924,0.8442253930204753,0.0,0.000637682191195213,0.0
2017-06-16,Unknown,1,0.017780712249645787,0.981036284707636,0.0,0.0011830030427183841,0.0
2017-06-19,Unknown,1,0.03664885554821563,0.9610117380036908,0.0,0.0023394064480934994,0.0
2017-06-20,Unknown,1,0.05341367633535114,0.9460536842618573,0.0,0.0005326394027910885,0.0
2017-06-21,Unknown,1,0.06338184818470588,0.9362693909218093,0.0,0.0003487608934847643,0.0
2017-06-22,Unknown,1,0.06311533047503529,0.9365753350211644,0.0,0.0003093345038000235,0.0
2017-06-23,Unknown,1,0.06844088194245287,0.9312456595517348,0.0,0.00031345850581261187,0.0
2017-06-26,Unknown,1,0.16999285004402157,0.8293313513417433,0.0,0.0006757986142353654,0.0
2017-06-27,Unknown,1,0.16443561447565477,0.8349393743488165,0.0,0.0006250111755285304,0.0
2017-06-28,Unknown,1,0.1429289175968778,0.856356129328377,0.0,0.0007149530747448396,0.0
2017-06-29,Unknown,1,0.21379387559426,0.7852013238168812,0.0,0.0010048005888584005,0.0
2017-06-30,Unknown,1,0.27258472502537767,0.7264786593682011,0.0,0.0009366156064211496,0.0
2017-07-03,Unknown,1,0.3010720785670094,0.6978349089458487,0.0,0.0010930124871420931,0.0
2017-07-05,Unknown,1,0.2539516670212632,0.7449459342390538,0.0,0.0011023987396832906,0.0
2017-07-06,Sideways,0,0.5115896719615378,0.4863443832246991,0.0,0.002065944813763184,0.0
2017-07-07,Unknown,1,0.41586945407791126,0.5823591297713889,0.0,0.0017714161507001271,0.0
2017-07-10,Unknown,1,0.43766404855383134,0.5604695049240419,0.0,0.001866446522126488,0.0
2017-07-11,Unknown,1,0.41895217661825523,0.5791757993097962,0.0,0.0018720240719484434,0.0
2017-07-12,Sideways,0,0.6001273407171663,0.395400306766129,0.0,0.004472352516704167,0.0
2017-07-13,Sideways,0,0.6430421402818887,0.35326786561235357,0.0,0.003689994105757355,0.0
2017-07-14,Sideways,0,0.5273532673727033,0.4696581756338729,0.0,0.002988556993423696,0.0
2017-07-17,Unknown,1,0.36741912793803516,0.6306528862624168,0.0,0.0019279857995478206,0.0
2017-07-18,Unknown,1,0.369668918765438,0.6283410170692955,0.0,0.0019900641652661672,0.0
2017-07-19,Unknown,1,0.29413562380110636,0.7045162145900712,0.0,0.0013481616088226148,0.0
2017-07-20,Unknown,1,0.1601267919191001,0.8391525991295068,0.0,0.0007206089513929407,0.0
2017-07-21,Unknown,1,0.12265668427132057,0.8768450717890492,0.0,0.0004982439396301203,0.0
2017-07-24,Unknown,1,0.11744770774933973,0.8820544601133625,0.0,0.0004978321372976722,0.0
2017-07-25,Unknown,1,0.1189535598681546,0.8805361358212123,0.0,0.0005103043106333122,0.0
2017-07-26,Unknown,1,0.11241778147126617,0.8871264713550637,0.0,0.00045574717366995325,0.0
2017-07-27,Unknown,1,0.05227754524732806,0.9472307476514267,0.0,0.0004917071012454282,0.0
2017-07-28,Unknown,1,0.09355680421932139,0.9060729542805251,0.0,0.0003702415001532204,0.0
2017-07-31,Unknown,1,0.03712016783447372,0.9624534223372642,0.0,0.00042640982826183535,0.0
2017-08-01,Unknown,1,0.042321603643680185,0.9572536091294829,0.0,0.0004247872268366515,0.0
2017-08-02,Unknown,1,0.04439108926776152,0.9552202105204958,0.0,0.00038870021174248456,0.0
2017-08-03,Unknown,1,0.05397493124979043,0.945651305306685,0.0,0.00037376344352440025,0.0
2017-08-04,Unknown,1,0.017024004340584112,0.9821357629755024,0.0,0.0008402326839134795,0.0
2017-08-07,Unknown,1,0.028376350754919254,0.9711286811914636,0.0,0.0004949680536170367,0.0
2017-08-08,Unknown,1,0.03511448430853113,0.9644234309668764,0.0,0.0004620847245921674,0.0
2017-08-09,Unknown,1,0.033703385083687434,0.9657332819159656,0.0,0.0005633330003467234,0.0
2017-08-10,Unknown,1,0.3225724406465504,0.6744229910996605,0.0,0.0030045682537889213,0.0
2017-08-11,Unknown,1,0.26349489693097217,0.7351443613265773,0.0,0.0013607417424501228,0.0
2017-08-14,Unknown,1,0.36962959919532357,0.6284471403121175,0.0,0.0019232604925587214,0.0
2017-08-15,Unknown,1,0.27874965300936594,0.7199299664372136,0.0,0.0013203805534208915,0.0
2017-08-16,Unknown,1,0.27911155579439006,0.7194907563974884,0.0,0.0013976878081215706,0.0
2017-08-17,Sideways,0,0.8462763408441484,0.14166846464876232,0.0,0.012055194507089117,0.0
2017-08-18,Sideways,0,0.7783892576252301,0.21561946262710857,0.0,0.0059912797476613915,0.0
2017-08-21,Sideways,0,0.8681513317954386,0.1273081978513731,0.0,0.004540470353188029,0.0
2017-08-22,Sideways,0,0.9411080000267766,0.04848593364097359,0.0,0.010406066332249369,0.0
2017-08-23,Sideways,0,0.9379887031613044,0.05434529640982624,0.0,0.007666000428869052,0.0
2017-08-24,Sideways,0,0.8942286820785138,0.10051528522982751,0.0,0.005256032691658486,0.0
2017-08-25,Sideways,0,0.9157552351018592,0.0785981962305853,0.0,0.005646568667555468,0.0
2017-08-28,Sideways,0,0.9002336610931341,0.09426728789055767,0.0,0.0054990510163082955,0.0
2017-08-29,Sideways,0,0.8901927271003791,0.10352541584526606,0.0,0.0062818570543545825,0.0
2017-08-30,Sideways,0,0.9041941589032569,0.08967733045424423,0.0,0.006128510642498381,0.0
2017-08-31,Sideways,0,0.9364246464382394,0.05615494188490666,0.0,0.007420411676854131,0.0
2017-09-01,Sideways,0,0.8634708018936161,0.13026655756908137,0.0,0.006262640537302094,0.0
2017-09-05,Sideways,0,0.8463916652056218,0.14842675947578535,0.0,0.005181575318593128,0.0
2017-09-06,Sideways,0,0.8490707905238702,0.1458517103509005,0.0,0.0050774991252288924,0.0
2017-09-07,Sideways,0,0.7161138445324848,0.2798274052466793,0.0,0.004058750220836026,0.0
2017-09-08,Sideways,0,0.6685888627214496,0.32729034332717855,0.0,0.004120793951371555,0.0
2017-09-11,Unknown,1,0.3141435467550937,0.6643624859322178,0.0,0.021493967312688413,0.0
2017-09-12,Unknown,1,0.30673753082784516,0.6835359848522686,0.0,0.00972648431988618,0.0
2017-09-13,Unknown,1,0.3422967086917148,0.655382287904886,0.0,0.0023210034033996174,0.0
2017-09-14,Unknown,1,0.3733820514568253,0.6238659517006705,0.0,0.002751996842504031,0.0
2017-09-15,Sideways,0,0.5656118651919276,0.42938759737679844,0.0,0.005000537431273707,0.0
2017-09-18,Unknown,1,0.020306999573464952,0.9786701962181975,0.0,0.0010228042083376973,0.0
2017-09-19,Unknown,1,0.014072551067302139,0.9847566722090976,0.0,0.0011707767235998323,0.0
2017-09-20,Unknown,1,0.01411062960626263,0.9848479838414845,0.0,0.0010413865522532263,0.0
2017-09-21,Unknown,1,0.06454292408885298,0.9348365259408331,0.0,0.0006205499703139307,0.0
2017-09-22,Unknown,1,0.03851349731915441,0.9608409611868052,0.0,0.0006455414940403916,0.0
2017-09-25,Unknown,1,0.033908730912279944,0.9652015124005601,0.0,0.0008897566871600697,0.0
2017-09-26,Unknown,1,0.04019729895026017,0.9590833623101261,0.0,0.0007193387396138317,0.0
2017-09-27,Unknown,1,0.030704369970322533,0.968575196243964,0.0,0.0007204337857130604,0.0
2017-09-28,Unknown,1,0.029192056498989743,0.9702080314108522,0.0,0.0005999120901578111,0.0
2017-09-29,Unknown,1,0.04123849127778075,0.9583031975161824,0.0,0.00045831120603696194,0.0
2017-10-02,Unknown,1,0.07007410777336162,0.9294208810285207,0.0,0.0005050111981174058,0.0
2017-10-03,Unknown,1,0.07993381491186774,0.9194907338890611,0.0,0.0005754511990712654,0.0
2017-10-04,Unknown,1,0.03930104874482809,0.9600455107065963,0.0,0.0006534405485754737,0.0
2017-10-05,Unknown,1,0.05473445257748201,0.9444318489109228,0.0,0.0008336985115952916,0.0
2017-10-06,Unknown,1,0.04064713863492412,0.9588442197770708,0.0,0.0005086415880052475,0.0
2017-10-09,Unknown,1,0.034062402221314604,0.9654916003127227,0.0,0.00044599746596232505,0.0
2017-10-10,Unknown,1,0.04976300678988279,0.9499784370847498,0.0,0.0002585561253670424,0.0
2017-10-11,Unknown,1,0.04757212684699762,0.9521904853897823,0.0,0.00023738776322022306,0.0
2017-10-12,Unknown,1,0.06285647905706951,0.9368777598080583,0.0,0.0002657611348721887,0.0
2017-10-13,Unknown,1,0.055586427577018135,0.9441646793385562,0.0,0.00024889308442571065,0.0
2017-10-16,Unknown,1,0.04893495383343308,0.9508364470076894,0.0,0.0002285991588776203,0.0
2017-10-17,Unknown,1,0.04936660725612635,0.9504111376440838,0.0,0.00022225509978948332,0.0
2017-10-18,Unknown,1,0.050654727060017064,0.9491122958382995,0.0,0.00023297710168367536,0.0
2017-10-19,Unknown,1,0.04770726194119305,0.9520758586638262,0.0,0.0002168793949809447,0.0
2017-10-20,Unknown,1,0.052350514795306315,0.9472611706035645,0.0,0.00038831460112927104,0.0
2017-10-23,Unknown,1,0.05175648587094236,0.9479801524655501,0.0,0.00026336166350797473,0.0
2017-10-24,Unknown,1,0.052619501611626956,0.9469909945862106,0.0,0.0003895038021624902,0.0
2017-10-25,Unknown,1,0.06384965554932295,0.9357958173919229,0.0,0.0003545270587542488,0.0
2017-10-26,Unknown,1,0.06610862333056446,0.9335810749276842,0.0,0.0003103017417509707,0.0
2017-10-27,Unknown,1,0.11995778672895954,0.8784334824430455,0.0,0.001608730827994881,0.0
2017-10-30,Unknown,1,0.05660098560650222,0.943136863716431,0.0,0.0002621506770669744,0.0
2017-10-31,Unknown,1,0.059413744120279555,0.9403322901747956,0.0,0.00025396570492463753,0.0
2017-11-01,Unknown,1,0.05291462289471948,0.946860277339576,0.0,0.00022509976570451234,0.0
2017-11-02,Unknown,1,0.05330815150119224,0.9464737851559526,0.0,0.0002180633428553553,0.0
2017-11-03,Unknown,1,0.05423420029285375,0.9454918195684181,0.0,0.0002739801387281569,0.0
2017-11-06,Unknown,1,0.04781580581709799,0.951966894672165,0.0,0.00021729951073695523,0.0
2017-11-07,Unknown,1,0.05042927795164599,0.949368803054821,0.0,0.00020191899353278465,0.0
2017-11-08,Unknown,1,0.049118802972566364,0.9506816966971922,0.0,0.00019950033024149495,0.0
2017-11-09,Unknown,1,0.062164122267616855,0.9376131212377188,0.0,0.00022275649466460922,0.0
2017-11-10,Unknown,1,0.07248265522016396,0.9272798438686575,0.0,0.00023750091117818672,0.0
2017-11-13,Unknown,1,0.0801044981867853,0.9196256788989849,0.0,0.000269822914229744,0.0
2017-11-14,Unknown,1,0.09054432008355824,0.9091730905784571,0.0,0.000282589337984575,0.0
2017-11-15,Unknown,1,0.1881761276576369,0.8112511924972415,0.0,0.0005726798451216167,0.0
2017-11-16,Unknown,1,0.10734500260254182,0.8922471107945433,0.0,0.0004078866029148199,0.0
2017-11-17,Unknown,1,0.11054312301065759,0.889089215097244,0.0,0.0003676618920986299,0.0
2017-11-20,Unknown,1,0.11311440481445807,0.8865031596253441,0.0,0.00038243556019778755,0.0
2017-11-21,Unknown,1,0.12001579416812176,0.8793879232990152,0.0,0.0005962825328628992,0.0
2017-11-22,Unknown,1,0.13166767224549183,0.867689343021342,0.0,0.000642984733166162,0.0
2017-11-24,Unknown,1,0.07986882389109992,0.9196350304711413,0.0,0.0004961456377587802,0.0
2017-11-27,Unknown,1,0.07186635414107698,0.9277392897873955,0.0,0.00039435607152715443,0.0
2017-11-28,Unknown,1,0.14906602137471198,0.8500050394277752,0.0,0.0009289391975125642,0.0
2017-11-29,Unknown,1,0.07312375268874757,0.9264818546580706,0.0,0.0003943926531814744,0.0
2017-11-30,Unknown,1,0.13608456718498013,0.86275021689913,0.0,0.0011652159158894624,0.0
2017-12-01,Unknown,1,0.0906810743374508,0.908825969181447,0.0,0.00049295648110243,0.0
2017-12-04,Unknown,1,0.12914956750930584,0.870080013524989,0.0,0.000770418965704786,0.0
2017-12-05,Unknown,1,0.10614249389298296,0.8934500818117168,0.0,0.000407424295300106,0.0
2017-12-06,Unknown,1,0.11659074876062776,0.8829523516031089,0.0,0.0004568996362630867,0.0
2017-12-07,Unknown,1,0.10857311613633072,0.8909798651056462,0.0,0.0004470187580233592,0.0
2017-12-08,Unknown,1,0.07347893548275844,0.926198671082276,0.0,0.00032239343496588175,0.0
2017-12-11,Unknown,1,0.054516512825930744,0.9451472465172722,0.0,0.00033624065679680604,0.0
2017-12-12,Unknown,1,0.06514065691119933,0.9343766989952749,0.0,0.0004826440935254443,0.0
2017-12-13,Unknown,1,0.08222018344300132,0.917149320802209,0.0,0.0006304957547897638,0.0
2017-12-14,Unknown,1,0.07067935600502546,0.9286332609069576,0.0,0.0006873830880165317,0.0
2017-12-15,Unknown,1,0.023703245584578286,0.9754201063937155,0.0,0.0008766480217066217,0.0
2017-12-18,Unknown,1,0.04892968561102402,0.9504116480655782,0.0,0.0006586663233975204,0.0
2017-12-19,Unknown,1,0.03392453321792899,0.9655494797073256,0.0,0.0005259870747449343,0.0
2017-12-20,Unknown,1,0.03929930088722822,0.9601984680715118,0.0,0.0005022310412596626,0.0
2017-12-21,Unknown,1,0.07900568469858255,0.9204068250731948,0.0,0.0005874902282222419,0.0
2017-12-22,Unknown,1,0.05306984540472726,0.9465311047435211,0.0,0.0003990498517518838,0.0
2017-12-26,Unknown,1,0.0988987903240151,0.900423249280261,0.0,0.0006779603957239769,0.0
2017-12-27,Unknown,1,0.05978986331962434,0.9397618882075803,0.0,0.00044824847279515556,0.0
2017-12-28,Unknown,1,0.0712198397474812,0.9285187431194097,0.0,0.0002614171331086891,0.0
2017-12-29,Unknown,1,0.10641723206120471,0.8932012424169569,0.0,0.0003815255218387275,0.0
2018-01-02,Unknown,1,0.06756612123364684,0.9321668276321525,0.0,0.0002670511342005689,0.0
2018-01-03,Unknown,1,0.07335096124857206,0.9262705163060526,0.0,0.00037852244537569607,0.0
2018-01-04,Unknown,1,0.07976146520713269,0.9197306976259187,0.0,0.0005078371669483332,0.0
2018-01-05,Unknown,1,0.10255481061570894,0.8960531538332747,0.0,0.0013920355510167813,0.0
2018-01-08,Unknown,1,0.14751694497137838,0.8504187683219547,0.0,0.0020642867066667193,0.0
2018-01-09,Unknown,1,0.09495333340763562,0.9041451711019911,0.0,0.0009014954903732653,0.0
2018-01-10,Unknown,1,0.07979975071010684,0.9197694469440343,0.0,0.00043080234585880306,0.0
2018-01-11,Unknown,1,0.08152781089322213,0.9179051578179002,0.0,0.0005670312888779524,0.0
2018-01-12,Unknown,1,0.09346667120158339,0.9055561086646364,0.0,0.0009772201337798036,0.0
2018-01-16,Unknown,1,0.10021841958370932,0.8991691077615418,0.0,0.0006124726547487713,0.0
2018-01-17,Unknown,1,0.10441544160093875,0.8937223471106129,0.0,0.001862211288448567,0.0
2018-01-18,Unknown,1,0.16760585009097956,0.8311177797357454,0.0,0.0012763701732754135,0.0
2018-01-19,Unknown,1,0.12032550415023004,0.8786544429238289,0.0,0.00102005292594143,0.0
2018-01-22,Unknown,1,0.14503973075144105,0.8525535615362617,0.0,0.0024067077122972807,0.0
2018-01-23,Unknown,1,0.20619217777884788,0.7909732109765055,0.0,0.0028346112446467524,0.0
2018-01-24,Unknown,1,0.20002890743694327,0.7977489146661325,0.0,0.002222177896924361,0.0
2018-01-25,Unknown,1,0.2510208527980524,0.7462540835951278,0.0,0.0027250636068198776,0.0
2018-01-26,Unknown,1,0.2297178450187725,0.761461398186673,0.0,0.008820756794554565,0.0
2018-01-29,Unknown,1,0.28775318873798766,0.7056035186736378,0.0,0.006643292588374395,0.0
2018-01-30,Sideways,0,0.7316267633189296,0.2523318698931798,0.0,0.016041366787890476,0.0
2018-01-31,Unknown,1,0.36499822336368976,0.6191741411810145,0.0,0.015827635455295738,0.0
2018-02-01,Unknown,1,0.47500426347297753,0.5173095554470378,0.0,0.007686181079984441,0.0
2018-02-02,Sideways,0,0.8347274850910629,2.1518762096164204e-05,0.0,0.16525099614684097,0.0
2018-02-05,Bull,3,1.8384588666783046e-05,1.9049561421517065e-22,0.0,0.999981615411333,0.0
2018-02-06,Bull,3,0.03341805350318296,2.3127623585877087e-11,0.0,0.9665819464736893,0.0
2018-02-07,Bull,3,0.008029113668726749,5.2515986441256305e-14,0.0,0.9919708863312208,0.0
2018-02-08,Bear,4,0.0,0.0,3.697649228443455e-07,0.0,0.9999996302350773
2018-02-09,Bear,4,0.0,0.0,2.9757168880149494e-08,0.0,0.9999999702428313
2018-02-12,Bear,4,0.0,0.0,2.90918341618584e-09,0.0,0.9999999970908167
2018-02-13,Bear,4,0.0,0.0,4.7140936493250886e-09,0.0,0.9999999952859064
2018-02-14,Bear,4,0.0,0.0,1.2455053970670717e-09,0.0,0.9999999987544945
2018-02-15,Bear,4,0.0,0.0,3.2318339985094775e-10,0.0,0.9999999996768167
2018-02-16,Bear,4,0.0,0.0,1.762906869615495e-10,0.0,0.9999999998237095
2018-02-20,Bear,4,0.0,0.0,2.609761138253024e-10,0.0,0.9999999997390239
2018-02-21,Bear,4,0.0,0.0,5.647276875336051e-10,0.0,0.9999999994352722
2018-02-22,Bear,4,0.0,0.0,4.896205184014853e-10,0.0,0.9999999995103797
2018-02-23,Bear,4,0.0,0.0,6.57856233535507e-11,0.0,0.9999999999342144
2018-02-26,Bear,4,0.0,0.0,1.1458281625276349e-11,0.0,0.9999999999885416
2018-02-27,Bear,4,0.0,0.0,7.800248384671623e-11,0.0,0.9999999999219975
2018-02-28,Bear,4,0.0,0.0,4.236701082539986e-10,0.0,0.99999999957633
2018-03-01,Bear,4,0.0,0.0,3.761097615987327e-09,0.0,0.9999999962389023
2018-03-02,Bear,4,0.0,0.0,1.8113038116091851e-09,0.0,0.999999998188696
2018-03-05,Bear,4,0.0,0.0,5.281330703728034e-10,0.0,0.9999999994718669
2018-03-06,Bear,4,0.0,0.0,3.3114099727099867e-10,0.0,0.9999999996688591
2018-03-07,Bull,3,1.3774634329898476e-06,8.854261920206361e-08,0.0,0.9999985339939478,0.0
2018-03-08,Bull,3,0.043452900585920815,4.6765827832627244e-08,0.0,0.9565470526482514,0.0
2018-03-09,Bull,3,0.0016029956451053217,1.958118356000719e-09,0.0,0.9983970023967762,0.0
2018-03-12,Bull,3,8.651545978071534e-13,6.141857460176546e-06,0.0,0.9999938581416744,0.0
2018-03-13,Bull,3,3.351066706765636e-07,0.018494778332023704,0.0,0.9815048865613056,0.0
2018-03-14,Bull,3,0.0010706323425723053,0.07722080436017174,0.0,0.9217085632972559,0.0
2018-03-15,Bull,3,0.0027743231293376126,0.17311929697885756,0.0,0.8241063798918049,0.0
2018-03-16,Bull,3,0.22599918821838183,0.3515143210391191,0.0,0.4224864907424991,0.0
2018-03-19,Sideways,0,0.7685379971076668,0.0012167774539804405,0.0,0.23024522543835296,0.0
2018-03-20,Sideways,0,0.8672425190359178,0.005943869643205533,0.0,0.12681361132087665,0.0
2018-03-21,Sideways,0,0.6852165323554742,0.03521719232186325,0.0,0.2795662753226625,0.0
2018-03-22,Bull,3,0.011295442622156862,1.3856753836108222e-07,0.0,0.9887044188103048,0.0
2018-03-23,Bull,3,0.00045350666994325637,8.390811657990288e-14,0.0,0.9995464933299728,0.0
2018-03-26,Bull,3,0.40529592674450904,2.912979654669598e-09,0.0,0.5947040703425114,0.0
2018-03-27,Bull,3,0.10390495817870922,4.0634279710948375e-13,0.0,0.8960950418208844,0.0
2018-03-28,Bull,3,0.07833994924168919,1.2707338878637076e-12,0.0,0.92166005075704,0.0
2018-03-29,Bull,3,0.15015891271646495,6.173202803893304e-11,0.0,0.8498410872218031,0.0
2018-04-02,Bull,3,0.0008642098305342619,5.124421675768585e-13,0.0,0.9991357901689534,0.0
2018-04-03,Bull,3,0.0009167261689049553,1.0657640624987295e-14,0.0,0.9990832738310844,0.0
2018-04-04,Bull,3,0.12633957624419706,4.3739730949844e-15,0.0,0.8736604237557986,0.0
2018-04-05,Bull,3,0.21896297378983612,4.850931883385531e-16,0.0,0.7810370262101635,0.0
2018-04-06,Bear,4,0.0,0.0,3.3632624031169016e-05,0.0,0.9999663673759689
2018-04-09,Bear,4,0.0,0.0,3.3218398676457156e-05,0.0,0.9999667816013235
2018-04-10,Bull,3,0.10141558836395557,2.729239939787751e-18,0.0,0.8985844116360445,0.0
2018-04-11,Bull,3,0.044666020437266876,3.2505135427166093e-16,0.0,0.9553339795627328,0.0
2018-04-12,Bear,4,0.0,0.0,2.0525251661679937e-05,0.0,0.9999794747483383
2018-04-13,Bear,4,0.0,0.0,3.231477681243434e-05,0.0,0.9999676852231876
2018-04-16,Bear,4,0.0,0.0,1.88936245508971e-05,0.0,0.9999811063754491
2018-04-17,Bear,4,0.0,0.0,6.971280874177853e-06,0.0,0.9999930287191259
2018-04-18,Bear,4,0.0,0.0,8.591335590067462e-06,0.0,0.9999914086644098
2018-04-19,Bear,4,0.0,0.0,1.1884578218889237e-05,0.0,0.9999881154217811
2018-04-20,Bear,4,0.0,0.0,2.8850434704424743e-05,0.0,0.9999711495652954
2018-04-23,Bull,3,0.002080579486182,8.143418642401146e-07,0.0,0.9979186061719538,0.0
2018-04-24,Bull,3,6.251878772701513e-08,1.1762991024260407e-07,0.0,0.999999819851302,0.0
2018-04-25,Bull,3,0.030354410381795014,1.8597651910219246e-05,0.0,0.9696269919662948,0.0
2018-04-26,Bull,3,0.00011931597062461335,0.00010712938850793944,0.0,0.9997735546408674,0.0
2018-04-27,Bull,3,0.000125632691965527,0.0004917153172965916,0.0,0.9993826519907377,0.0
2018-04-30,Bull,3,0.044194325996438286,0.0014779955482047882,0.0,0.9543276784553568,0.0
2018-05-01,Bull,3,2.5474858191257926e-05,0.002875697528416957,0.0,0.9970988276133917,0.0
2018-05-02,Bull,3,0.0152104414662609,0.013319675057028807,0.0,0.9714698834767103,0.0
2018-05-03,Bull,3,0.3525174517547635,0.02538913382851771,0.0,0.6220934144167187,0.0
2018-05-04,Sideways,0,0.6521692761338086,0.007103133865049203,0.0,0.3407275900011422,0.0
2018-05-07,Bull,3,0.0056755722022950265,0.06622746381726896,0.0,0.9280969639804361,0.0
2018-05-08,Bull,3,0.05704544853000185,0.2765986188635235,0.0,0.6663559326064747,0.0
2018-05-09,Sideways,0,0.8845730191436447,0.02082166720779833,0.0,0.09460531364855672,0.0
2018-05-10,Sideways,0,0.5856745999191535,0.0038485526123940668,0.0,0.41047684746845237,0.0
2018-05-11,Sideways,0,0.8218571874165808,0.10930842849560125,0.0,0.06883438408781785,0.0
2018-05-14,Sideways,0,0.5926245074008899,0.33719437142605774,0.0,0.07018112117305217,0.0
2018-05-15,Sideways,0,0.9078224112462635,0.03941058978120928,0.0,0.05276699897252731,0.0
2018-05-16,Sideways,0,0.6826263396557367,0.2985083380461782,0.0,0.018865322298084873,0.0
2018-05-17,Unknown,1,0.320384535890259,0.6692200405218817,0.0,0.010395423587859302,0.0
2018-05-18,Unknown,1,0.25031622127477743,0.7412911950968538,0.0,0.008392583628368748,0.0
2018-05-21,Unknown,1,0.0451878339948175,0.9513431834973488,0.0,0.0034689825078333333,0.0
2018-05-22,Unknown,1,0.11193581379302026,0.8826606278059177,0.0,0.005403558401061722,0.0
2018-05-23,Unknown,1,0.008761955629597293,0.9868441043306052,0.0,0.004393940039797577,0.0
2018-05-24,Unknown,1,0.013963074177743333,0.9829797639688566,0.0,0.0030571618534001913,0.0
2018-05-25,Unknown,1,0.06253515440141573,0.935794371549151,0.0,0.0016704740494328317,0.0
2018-05-29,Unknown,1,0.2868720974326939,0.697820507081427,0.0,0.0153073954858793,0.0
2018-05-30,Unknown,1,0.03621983528718095,0.9423585981338125,0.0,0.0214215665790066,0.0
2018-05-31,Unknown,1,0.06976861758656916,0.901885817300286,0.0,0.028345565113144712,0.0
2018-06-01,Unknown,1,0.03181782101686376,0.625621840951923,0.0,0.34256033803121333,0.0
2018-06-04,Unknown,1,0.01760996248079405,0.5562623517108339,0.0,0.426127685808372,0.0
2018-06-05,Unknown,1,0.22178778401262883,0.7526350887048727,0.0,0.025577127282498526,0.0
2018-06-06,Unknown,1,0.0781892434232282,0.881634231945289,0.0,0.04017652463148275,0.0
2018-06-07,Unknown,1,0.14020788571616694,0.8379729460105982,0.0,0.02181916827323481,0.0
2018-06-08,Unknown,1,0.04562966771488089,0.9509482570244591,0.0,0.0034220752606602223,0.0
2018-06-11,Unknown,1,0.025946286056253348,0.9725715935402812,0.0,0.001482120403465218,0.0
2018-06-12,Unknown,1,0.03635543388897519,0.9617790124691171,0.0,0.0018655536419081378,0.0
2018-06-13,Unknown,1,0.024469845744176506,0.9742141375891605,0.0,0.0013160166666626985,0.0
2018-06-14,Unknown,1,0.019619409234471794,0.9795902605577069,0.0,0.00079033020782164,0.0
2018-06-15,Unknown,1,0.024007036177797713,0.975109484617153,0.0,0.0008834792050491909,0.0
2018-06-18,Unknown,1,0.037311800636134214,0.9615073160534403,0.0,0.0011808833104256012,0.0
2018-06-19,Unknown,1,0.06764459111960218,0.9301707091932919,0.0,0.002184699687106129,0.0
2018-06-20,Unknown,1,0.06139012823534478,0.9374605714253555,0.0,0.0011493003392997825,0.0
2018-06-21,Unknown,1,0.16397050744860872,0.8325907796965799,0.0,0.003438712854811532,0.0
2018-06-22,Unknown,1,0.11981236959995163,0.8780381590707578,0.0,0.002149471329290286,0.0
2018-06-25,Sideways,0,0.7241215952537369,0.25202039685599487,0.0,0.023858007890268026,0.0
2018-06-26,Unknown,1,0.4463008920670212,0.5419055213153957,0.0,0.011793586617583219,0.0
2018-06-27,Sideways,0,0.5901473861413188,0.297901381075002,0.0,0.11195123278367915,0.0
2018-06-28,Sideways,0,0.6659027528283153,0.3222434973357482,0.0,0.011853749835936489,0.0
2018-06-29,Sideways,0,0.7861580840634191,0.13823968102591874,0.0,0.07560223491066216,0.0
2018-07-02,Sideways,0,0.6421840357716879,0.3523359099275767,0.0,0.005480054300735339,0.0
2018-07-03,Sideways,0,0.6683667526662405,0.32725490380892697,0.0,0.0043783435248327665,0.0
2018-07-05,Sideways,0,0.8885111120596841,0.10253941813735987,0.0,0.008949469802956233,0.0
2018-07-06,Sideways,0,0.8860902497860718,0.09374025150683198,0.0,0.020169498707096167,0.0
2018-07-09,Sideways,0,0.917834395480786,0.043869165204748005,0.0,0.03829643931446589,0.0
2018-07-10,Sideways,0,0.844516545728555,0.1262532096567353,0.0,0.029230244614709678,0.0
2018-07-11,Sideways,0,0.9084198479697937,0.06599383952128,0.0,0.0255863125089263,0.0
2018-07-12,Sideways,0,0.7391782416579415,0.23898613210676994,0.0,0.02183562623528835,0.0
2018-07-13,Unknown,1,0.3131308927230646,0.6811251095552557,0.0,0.005743997721679832,0.0
2018-07-16,Unknown,1,0.13129399775268916,0.8660383219352877,0.0,0.00266768031202339,0.0
2018-07-17,Unknown,1,0.09292581182648692,0.9051109925892838,0.0,0.0019631955842287856,0.0
2018-07-18,Unknown,1,0.34062704195526505,0.6534358937281715,0.0,0.00593706431656334,0.0
2018-07-19,Unknown,1,0.14465452810275395,0.8529327767283985,0.0,0.0024126951688471492,0.0
2018-07-20,Unknown,1,0.20919070170714765,0.7872797842097,0.0,0.003529514083152788,0.0
2018-07-23,Unknown,1,0.10248520782484374,0.8955516625403525,0.0,0.001963129634803867,0.0
2018-07-24,Unknown,1,0.05519173739729736,0.9435778291118884,0.0,0.001230433490813963,0.0
2018-07-25,Unknown,1,0.011172240112005547,0.9844806947673194,0.0,0.004347065120675271,0.0
2018-07-26,Unknown,1,0.017660170182957905,0.9802520818959233,0.0,0.002087747921119089,0.0
2018-07-27,Unknown,1,0.008724495149728331,0.9837207113647081,0.0,0.007554793485563733,0.0
2018-07-30,Unknown,1,0.03458612565451658,0.9581159273519351,0.0,0.007297946993548254,0.0
2018-07-31,Unknown,1,0.011496417046317728,0.9859938205497201,0.0,0.0025097624039618115,0.0
2018-08-01,Unknown,1,0.032820291497806894,0.9579653606996854,0.0,0.00921434780250783,0.0
2018-08-02,Unknown,1,0.010264575225330747,0.9759018426650455,0.0,0.013833582109623743,0.0
2018-08-03,Unknown,1,0.017779586699333983,0.9804084396520734,0.0,0.0018119736485923822,0.0
2018-08-06,Unknown,1,0.07481706455878985,0.9235711778466311,0.0,0.0016117575945793512,0.0
2018-08-07,Unknown,1,0.0710174709163219,0.9282720297758549,0.0,0.0007104993078236271,0.0
2018-08-08,Unknown,1,0.17248004376775203,0.8258456757301729,0.0,0.001674280502074929,0.0
2018-08-09,Unknown,1,0.05686100469104973,0.942512391827257,0.0,0.0006266034816936215,0.0
2018-08-10,Unknown,1,0.16781038488529526,0.8310289374238814,0.0,0.0011606776908237102,0.0
2018-08-13,Unknown,1,0.21939310899772058,0.7792380519017129,0.0,0.0013688391005663122,0.0
2018-08-14,Unknown,1,0.08529017854020574,0.9140933108375258,0.0,0.0006165106222683339,0.0
2018-08-15,Unknown,1,0.2648068366254351,0.7334679887429375,0.0,0.0017251746316273742,0.0
2018-08-16,Unknown,1,0.11096663367595555,0.888139034615979,0.0,0.0008943317080652062,0.0
2018-08-17,Unknown,1,0.08872083385055345,0.9106070771519394,0.0,0.0006720889975067955,0.0
2018-08-20,Unknown,1,0.11486698091374183,0.8841745569469833,0.0,0.0009584621392748164,0.0
2018-08-21,Unknown,1,0.07768743926160965,0.9215643810221323,0.0,0.0007481797162577436,0.0
2018-08-22,Unknown,1,0.21172665686488884,0.7867297909146005,0.0,0.0015435522205102345,0.0
2018-08-23,Unknown,1,0.07888421640718811,0.9204647366397296,0.0,0.0006510469530820357,0.0
2018-08-24,Unknown,1,0.06174360189664196,0.9376974965430042,0.0,0.0005589015603535849,0.0
2018-08-27,Unknown,1,0.08149772631640848,0.9168967458501167,0.0,0.0016055278334749915,0.0
2018-08-28,Unknown,1,0.04722009232321443,0.9516991867805341,0.0,0.0010807208962516405,0.0
2018-08-29,Unknown,1,0.059543711009938015,0.9393828982392095,0.0,0.0010733907508524516,0.0
2018-08-30,Unknown,1,0.06024797184115665,0.9390650933334608,0.0,0.0006869348253827928,0.0
2018-08-31,Unknown,1,0.04298647064185214,0.9566702422938002,0.0,0.00034328706434791194,0.0
2018-09-04,Unknown,1,0.04324410674353075,0.9564224075451192,0.0,0.00033348571135026733,0.0
2018-09-05,Unknown,1,0.06899909467689884,0.9305316791376481,0.0,0.0004692261854534236,0.0
2018-09-06,Unknown,1,0.1528308171954175,0.8459149929955684,0.0,0.0012541898090142293,0.0
2018-09-07,Unknown,1,0.16189517395464859,0.837169825008458,0.0,0.0009350010368933383,0.0
2018-09-10,Unknown,1,0.13067026873412846,0.8686608580422286,0.0,0.0006688732236434017,0.0
2018-09-11,Unknown,1,0.07930054960013662,0.9201130852225274,0.0,0.0005863651773363207,0.0
2018-09-12,Unknown,1,0.051333032833334825,0.9480903214420863,0.0,0.0005766457245786451,0.0
2018-09-13,Unknown,1,0.06450752890572733,0.9350254035486913,0.0,0.000467067545581032,0.0
2018-09-14,Unknown,1,0.03500461114438289,0.9642339145811281,0.0,0.0007614742744889837,0.0
2018-09-17,Unknown,1,0.06537558100865151,0.9342379223902244,0.0,0.000386496601124197,0.0
2018-09-18,Unknown,1,0.059702871397633146,0.9399882338293412,0.0,0.00030889477302549056,0.0
2018-09-19,Unknown,1,0.06279505403722525,0.9369085786509063,0.0,0.0002963673118687513,0.0
2018-09-20,Unknown,1,0.08010931525059743,0.919275976917795,0.0,0.00061470783160754,0.0
2018-09-21,Unknown,1,0.05754103292342133,0.9421200874607257,0.0,0.00033887961585323895,0.0
2018-09-24,Unknown,1,0.08144648125020217,0.9180312652314332,0.0,0.0005222535183646453,0.0
2018-09-25,Unknown,1,0.07938865447588166,0.920300097035366,0.0,0.0003112484887526339,0.0
2018-09-26,Unknown,1,0.11313824352398764,0.886358063202978,0.0,0.0005036932730342493,0.0
2018-09-27,Unknown,1,0.10642115479862756,0.8931869227284341,0.0,0.00039192247293801325,0.0
2018-09-28,Unknown,1,0.08318637601003526,0.9164242858960125,0.0,0.00038933809395216704,0.0
2018-10-01,Unknown,1,0.0671867706327798,0.9325675385705112,0.0,0.0002456907967092985,0.0
2018-10-02,Unknown,1,0.07096805304656906,0.9287809600860102,0.0,0.00025098686742094765,0.0
2018-10-03,Unknown,1,0.07569028862755431,0.9240178506209586,0.0,0.0002918607514872966,0.0
2018-10-04,Unknown,1,0.13991874715549849,0.8595690653255924,0.0,0.0005121875189091189,0.0
2018-10-05,Unknown,1,0.20974762740076594,0.7893217922082543,0.0,0.0009305803909802818,0.0
2018-10-08,Unknown,1,0.27460037463980086,0.7238513038232263,0.0,0.001548321536973024,0.0
2018-10-09,Unknown,1,0.3742726444767581,0.6236458538816193,0.0,0.0020815016416224088,0.0
2018-10-10,Sideways,0,0.6841629702965412,2.233986775673642e-06,0.0,0.3158347957166832,0.0
2018-10-11,Bull,3,0.0655335331560726,1.766216789104296e-11,0.0,0.9344664668262653,0.0
2018-10-12,Sideways,0,0.5733170765739083,1.0697377074782432e-08,0.0,0.42668291272871456,0.0
2018-10-15,Bull,3,0.2492665307168204,3.2996083385630784e-11,0.0,0.7507334692501836,0.0
2018-10-16,Bull,3,0.001373201551361398,4.0007774627490695e-16,0.0,0.998626798448638,0.0
2018-10-17,Sideways,0,0.7922724845436692,1.927963569995781e-10,0.0,0.20772751526353436,0.0
2018-10-18,Sideways,0,0.5709366119898006,6.341953258587402e-13,0.0,0.42906338800956517,0.0
2018-10-19,Sideways,0,0.7603209953850147,2.7654603770818636e-11,0.0,0.23967900458733052,0.0
2018-10-22,Sideways,0,0.6832337475549258,6.469072070182507e-12,0.0,0.31676625243860496,0.0
2018-10-23,Bull,3,0.44421787945135854,8.336898888416089e-12,0.0,0.5557821205403044,0.0
2018-10-24,Bull,3,0.003272068379536204,3.053991524054399e-19,0.0,0.9967279316204638,0.0
2018-10-25,Bull,3,0.03129412940120677,1.708465192718589e-18,0.0,0.9687058705987932,0.0
2018-10-26,Bull,3,0.0035787030576523737,1.9493200571962252e-21,0.0,0.9964212969423476,0.0
2018-10-29,Bull,3,0.001943551235423009,3.7177313566820427e-23,0.0,0.998056448764577,0.0
2018-10-30,Bear,4,0.0,0.0,0.004495275863765566,0.0,0.9955047241362346
2018-10-31,Bear,4,0.0,0.0,0.0013474638895570026,0.0,0.998652536110443
2018-11-01,Bear,4,0.0,0.0,0.000861511038261654,0.0,0.9991384889617383
2018-11-02,Bear,4,0.0,0.0,0.0008098106602089172,0.0,0.9991901893397912
2018-11-05,Bear,4,0.0,0.0,0.0006721458965733561,0.0,0.9993278541034264
2018-11-06,Bear,4,0.0,0.0,0.0004282723967405856,0.0,0.9995717276032594
2018-11-07,Bear,4,0.0,0.0,0.00010830459023351167,0.0,0.9998916954097664
2018-11-08,Bear,4,0.0,0.0,0.00040969863377539377,0.0,0.9995903013662247
2018-11-09,Bull,3,6.300777685646331e-07,3.963580506793899e-11,0.0,0.9999993698825956,0.0
2018-11-12,Bull,3,9.895124466692138e-05,5.771109076284246e-12,0.0,0.999901048749562,0.0
2018-11-13,Bull,3,2.5416140394612208e-05,2.815515860117661e-10,0.0,0.9999745835780538,0.0
2018-11-14,Bull,3,0.004492112944565187,4.831560295010162e-11,0.0,0.9955078870071192,0.0
2018-11-15,Bull,3,0.006815041988491387,4.2764100828657853e-10,0.0,0.9931849575838675,0.0
2018-11-16,Bull,3,0.0017145386666456255,3.885269876489183e-08,0.0,0.9982854224806557,0.0
2018-11-19,Bull,3,0.0008283830356354075,1.3077208459702477e-11,0.0,0.9991716169512874,0.0
2018-11-20,Bull,3,1.9677789784071582e-05,3.954654355019813e-15,0.0,0.9999803222102119,0.0
2018-11-21,Bull,3,4.818540686937752e-05,4.194266159356952e-13,0.0,0.9999518145927112,0.0
2018-11-23,Bull,3,5.7044770990283974e-11,6.60843171791776e-12,0.0,0.9999999999363467,0.0
2018-11-26,Bull,3,3.66661066614599e-07,2.028895376971846e-12,0.0,0.9999996333369044,0.0
2018-11-27,Bull,3,6.391997374255117e-10,5.7125296189237326e-11,0.0,0.999999999303675,0.0
2018-11-28,Bull,3,1.6854045525505483e-12,2.2526053164211895e-17,0.0,0.9999999999983147,0.0
2018-11-29,Bull,3,9.545691618977323e-07,2.0887242271754402e-12,0.0,0.9999990454287494,0.0
2018-11-30,Bull,3,0.0002208187456492187,1.694325917715418e-14,0.0,0.9997791812543338,0.0
2018-12-03,Bull,3,0.0070605696360638666,1.2906120214181747e-11,0.0,0.99293943035103,0.0
2018-12-04,Bull,3,4.080434392264941e-05,4.813479135979586e-14,0.0,0.9999591956560293,0.0
2018-12-06,Bull,3,0.00015969752872907936,5.7874793310508e-10,0.0,0.999840301892523,0.0
2018-12-07,Bear,4,0.0,0.0,0.04335808909797978,0.0,0.95664191090202
2018-12-10,Bull,3,4.911774264902453e-05,7.973169275044558e-16,0.0,0.9999508822573502,0.0
2018-12-11,Bull,3,1.2844667987811994e-06,1.3601501056003944e-18,0.0,0.9999987155332012,0.0
2018-12-12,Bull,3,0.002144775892547441,6.097776063413101e-13,0.0,0.9978552241068429,0.0
2018-12-13,Bull,3,0.0006503979215191014,2.5620854274430264e-11,0.0,0.9993496020528599,0.0
2018-12-14,Bull,3,0.001338972437395882,2.6980600849742225e-14,0.0,0.9986610275625771,0.0
2018-12-17,Bear,4,0.0,0.0,0.055718765900571746,0.0,0.9442812340994282
2018-12-18,Bull,3,0.0002829614279170801,9.631510382700427e-18,0.0,0.9997170385720829,0.0
2018-12-19,Bear,4,0.0,0.0,0.08384297984728245,0.0,0.9161570201527175
2018-12-20,Bear,4,0.0,0.0,0.1416956312623608,0.0,0.8583043687376387
2018-12-21,Bear,4,0.0,0.0,0.08253071172600583,0.0,0.9174692882739938
2018-12-24,Bear,4,0.0,0.0,0.017750527709421957,0.0,0.9822494722905782
2018-12-26,Bear,4,0.0,0.0,0.10609731259580181,0.0,0.8939026874041979
2018-12-27,Bear,4,0.0,0.0,0.019411548150875757,0.0,0.9805884518491245
2018-12-28,Bear,4,0.0,0.0,0.004552344307244171,0.0,0.995447655692756
2018-12-31,Bear,4,0.0,0.0,0.002476625697257849,0.0,0.997523374302742
2019-01-02,Bear,4,0.0,0.0,0.003003432236385137,0.0,0.9969965677636147
2019-01-03,Bear,4,0.0,0.0,0.002395020683403413,0.0,0.9976049793165965
2019-01-04,Bear,4,0.0,0.0,0.014461288395011937,0.0,0.9855387116049878
2019-01-07,Bear,4,0.0,0.0,0.0044997486977813896,0.0,0.9955002513022185
2019-01-08,Bear,4,0.0,0.0,0.005557452998662003,0.0,0.994442547001338
2019-01-09,Bear,4,0.0,0.0,0.005039761252214249,0.0,0.9949602387477857
2019-01-10,Bear,4,0.0,0.0,0.008582328103612355,0.0,0.9914176718963876
2019-01-11,Bear,4,0.0,0.0,0.006112262954217713,0.0,0.9938877370457823
2019-01-14,Bear,4,0.0,0.0,0.007547210274723634,0.0,0.9924527897252763
2019-01-15,Bear,4,0.0,0.0,0.00740926466539113,0.0,0.9925907353346088
2019-01-16,Bear,4,0.0,0.0,0.009739274144949355,0.0,0.9902607258550506
2019-01-17,Bear,4,0.0,0.0,0.018237293171094748,0.0,0.9817627068289053
2019-01-18,Bear,4,0.0,0.0,0.02203608705458202,0.0,0.977963912945418
2019-01-22,Bear,4,0.0,0.0,0.08407057835067204,0.0,0.9159294216493279
2019-01-23,Bear,4,0.0,0.0,0.14833455824223887,0.0,0.8516654417577612
2019-01-24,Bear,4,0.0,0.0,0.4680370145213106,0.0,0.5319629854786891
2019-01-25,High-Volatility,2,0.0,0.0,0.9703049962686916,0.0,0.029695003731308185
2019-01-28,Bull,3,4.822805453058586e-16,1.9910473486839747e-07,0.0,0.9999998008952647,0.0
2019-01-29,Bull,3,1.1252348091710088e-12,2.2800026272541678e-07,0.0,0.999999771998612,0.0
2019-01-30,Bull,3,2.5159291512729834e-14,3.6458393816002214e-07,0.0,0.9999996354160366,0.0
2019-01-31,Bull,3,1.470185719831847e-12,7.333493127318501e-07,0.0,0.9999992666492171,0.0
2019-02-01,Bull,3,8.063534973009025e-13,5.259892255194015e-06,0.0,0.9999947401069385,0.0
2019-02-04,Bull,3,1.4478767221385927e-17,5.302682857145638e-09,0.0,0.999999994697317,0.0
2019-02-05,Bull,3,2.6234644046301623e-07,1.0692652798369404e-05,0.0,0.9999890450007614,0.0
2019-02-06,Bull,3,1.5019763139591828e-06,0.007184257902796938,0.0,0.9928142401208891,0.0
2019-02-07,Bull,3,6.3404471166086945e-06,0.004935574813492103,0.0,0.9950580847393913,0.0
2019-02-08,Bull,3,1.5208465746923209e-05,0.028088231264166097,0.0,0.971896560270087,0.0
2019-02-11,Bull,3,8.543245252064348e-06,0.20095861896367018,0.0,0.7990328377910777,0.0
2019-02-12,Bull,3,1.5686136957470294e-07,0.4707272660822063,0.0,0.5292725770564242,0.0
2019-02-13,Bull,3,8.540013627429329e-08,0.29510125755192934,0.0,0.7048986570479344,0.0
2019-02-14,Bull,3,6.608157991139599e-06,0.4756858870735819,0.0,0.524307504768427,0.0
2019-02-15,Bull,3,5.953998679758694e-07,0.35242350105988823,0.0,0.6475759035402439,0.0
2019-02-19,Bull,3,9.104212375714162e-07,0.38640981995527823,0.0,0.6135892696234844,0.0
2019-02-20,Unknown,1,1.224752938624896e-08,0.8970854647138553,0.0,0.10291452303861534,0.0
2019-02-21,Unknown,1,2.0359546012701295e-07,0.9267581828130523,0.0,0.07324161359148752,0.0
2019-02-22,Unknown,1,1.9362136508958619e-07,0.9026086375299555,0.0,0.09739116884867947,0.0
2019-02-25,Unknown,1,4.550084451942794e-08,0.7969234447163862,0.0,0.20307650978276942,0.0
2019-02-26,Unknown,1,3.305480334961819e-08,0.9299207096011001,0.0,0.07007925734409656,0.0
2019-02-27,Unknown,1,2.0283246144788384e-07,0.7876423575460777,0.0,0.21235743962146084,0.0
2019-02-28,Unknown,1,7.283020227163828e-07,0.8926233294788555,0.0,0.10737594221912182,0.0
2019-03-01,Unknown,1,2.2069580803254205e-07,0.9231009245151913,0.0,0.07689885478900055,0.0
2019-03-04,Unknown,1,1.9302892607228e-07,0.9818331571784931,0.0,0.01816664979258082,0.0
2019-03-05,Unknown,1,7.57067002628061e-07,0.9875295182457385,0.0,0.012469724687258845,0.0
2019-03-06,Unknown,1,2.7721333066226078e-06,0.9881971902183336,0.0,0.01180003764835972,0.0
2019-03-07,Unknown,1,4.769823137817672e-05,0.9520889558012677,0.0,0.04786334596735415,0.0
2019-03-08,Unknown,1,0.00043071213557661507,0.8254338851718191,0.0,0.17413540269260427,0.0
2019-03-11,Unknown,1,0.0002925372220244752,0.6895658373033667,0.0,0.31014162547460883,0.0
2019-03-12,Unknown,1,0.0004018879232902487,0.8087445742542753,0.0,0.19085353782243455,0.0
2019-03-13,Unknown,1,0.0006949364392736098,0.9083353808688187,0.0,0.09096968269190768,0.0
2019-03-14,Unknown,1,0.002520212764015576,0.9838454818462175,0.0,0.013634305389767025,0.0
2019-03-15,Unknown,1,0.014113062119706948,0.9160056059975759,0.0,0.06988133188271725,0.0
2019-03-18,Unknown,1,0.0008828183441558788,0.9942325301206708,0.0,0.0048846515351730745,0.0
2019-03-19,Unknown,1,0.00041352406135066735,0.997627668150345,0.0,0.0019588077883043033,0.0
2019-03-20,Unknown,1,0.00045233708609892224,0.9981080002434504,0.0,0.0014396626704509116,0.0
2019-03-21,Unknown,1,0.00036522257053415335,0.9967504365198078,0.0,0.002884340909658245,0.0
2019-03-22,Unknown,1,0.02424401299998788,0.8202158705088153,0.0,0.15554011649119687,0.0
2019-03-25,Unknown,1,0.015055779782750378,0.8750949911576549,0.0,0.10984922905959461,0.0
2019-03-26,Unknown,1,0.0032896986933995706,0.9760790539496458,0.0,0.020631247356954593,0.0
2019-03-27,Unknown,1,0.025740865807716628,0.9250252390079876,0.0,0.04923389518429564,0.0
2019-03-28,Unknown,1,0.016251618001567575,0.8665606217511012,0.0,0.1171877602473311,0.0
2019-03-29,Unknown,1,0.05206010501855794,0.9220469287251408,0.0,0.025892966256300987,0.0
2019-04-01,Unknown,1,0.11551212251541215,0.7202023032554927,0.0,0.1642855742290951,0.0
2019-04-02,Unknown,1,0.028125597224861257,0.9401532826436825,0.0,0.031721120131456344,0.0
2019-04-03,Unknown,1,0.24152905566253766,0.627191109983142,0.0,0.13127983435432009,0.0
2019-04-04,Unknown,1,0.10436949593983592,0.8304955901042177,0.0,0.06513491395594638,0.0
2019-04-05,Unknown,1,0.011430656117802786,0.9554450953985884,0.0,0.03312424848360893,0.0
2019-04-08,Unknown,1,0.0014094646400559993,0.9824805262519153,0.0,0.016110009108029014,0.0
2019-04-09,Unknown,1,0.020264479255404852,0.9735993909832681,0.0,0.006136129761326895,0.0
2019-04-10,Unknown,1,0.019517792378956796,0.9760318470742942,0.0,0.004450360546749148,0.0
2019-04-11,Unknown,1,0.034279392845951544,0.9604783954207105,0.0,0.005242211733338006,0.0
2019-04-12,Unknown,1,0.008880007490524174,0.9888052465500452,0.0,0.002314745959430619,0.0
2019-04-15,Unknown,1,0.01939406636554075,0.9774012562219242,0.0,0.0032046774125353544,0.0
2019-04-16,Unknown,1,0.0925361000129736,0.8967010976847121,0.0,0.010762802302314134,0.0
2019-04-17,Unknown,1,0.10452577512582334,0.884197802562936,0.0,0.011276422311240935,0.0
2019-04-18,Unknown,1,0.06618625371704648,0.9284487455690335,0.0,0.005365000713920088,0.0
2019-04-22,Unknown,1,0.041766248078093045,0.9549655341766465,0.0,0.003268217745260885,0.0
2019-04-23,Unknown,1,0.011448646104458126,0.98747043507262,0.0,0.0010809188229222002,0.0
2019-04-24,Unknown,1,0.013310282348532208,0.9856232254230065,0.0,0.0010664922284609427,0.0
2019-04-25,Unknown,1,0.03962265540083387,0.9594615572707812,0.0,0.0009157873283853148,0.0
2019-04-26,Unknown,1,0.017221124366398746,0.9816301659896656,0.0,0.0011487096439354114,0.0
2019-04-29,Unknown,1,0.023650025383234918,0.9753980928343943,0.0,0.0009518817823704655,0.0
2019-04-30,Unknown,1,0.02356004158217253,0.9759273253963809,0.0,0.0005126330214468456,0.0
2019-05-01,Unknown,1,0.11872593456883185,0.8801769336634472,0.0,0.0010971317677209193,0.0
2019-05-02,Unknown,1,0.12542297730260868,0.8736282891425616,0.0,0.0009487335548298535,0.0
2019-05-03,Unknown,1,0.028930028336290683,0.9707563413687891,0.0,0.000313630294920669,0.0
2019-05-06,Unknown,1,0.05132271168441906,0.9482384440093149,0.0,0.0004388443062657732,0.0
2019-05-07,Sideways,0,0.8232266025189554,0.15180867691179495,0.0,0.024964720569249577,0.0
2019-05-08,Sideways,0,0.6477724688663993,0.3427319489695119,0.0,0.009495582164088944,0.0
2019-05-09,Sideways,0,0.5751539024931915,0.42010455183263706,0.0,0.004741545674171672,0.0
2019-05-10,Sideways,0,0.8513258241490343,0.12716706574406408,0.0,0.021507110106901747,0.0
2019-05-13,Sideways,0,0.8184331674480669,5.8043489432666744e-05,0.0,0.18150878906250031,0.0
2019-05-14,Sideways,0,0.9664565587435296,0.00404798476927947,0.0,0.029495456487190548,0.0
2019-05-15,Sideways,0,0.9626332970809934,0.002156163078655892,0.0,0.0352105398403503,0.0
2019-05-16,Sideways,0,0.93871411612799,0.0005084381561275801,0.0,0.06077744571588219,0.0
2019-05-17,Sideways,0,0.9423087834160085,0.0010147316558551493,0.0,0.05667648492813656,0.0
2019-05-20,Sideways,0,0.970150922468076,3.8867027567513673e-05,0.0,0.029810210504356522,0.0
2019-05-21,Sideways,0,0.9769245026213745,0.00010266574266074732,0.0,0.022972831635964867,0.0
2019-05-22,Sideways,0,0.9706145652992986,0.0002447314767691647,0.0,0.029140703223931978,0.0
2019-05-23,Sideways,0,0.931691193424623,6.537483352783923e-05,0.0,0.06824343174184912,0.0
2019-05-24,Sideways,0,0.9578621397991229,5.960097708297152e-05,0.0,0.042078259223794476,0.0
2019-05-28,Sideways,0,0.901335442562723,7.656667244168444e-06,0.0,0.0986569007700328,0.0
2019-05-29,Sideways,0,0.7646954904521868,6.939613195448262e-07,0.0,0.2353038155864937,0.0
2019-05-30,Sideways,0,0.8004687507706943,4.304058796283165e-07,0.0,0.19953081882342616,0.0
2019-05-31,Sideways,0,0.8258581216795051,1.1954078810002448e-07,0.0,0.1741417587797066,0.0
2019-06-03,Sideways,0,0.7976499902782125,1.8619524525270695e-08,0.0,0.2023499911022632,0.0
2019-06-04,Sideways,0,0.6842703654783583,1.4087909312721148e-10,0.0,0.3157296343807626,0.0
2019-06-05,Sideways,0,0.8181702603760925,4.76478092333304e-11,0.0,0.18182973957625967,0.0
2019-06-06,Sideways,0,0.7546842298161947,6.079332130004849e-09,0.0,0.2453157641044731,0.0
2019-06-07,Sideways,0,0.7007987791858724,1.1629083244598348e-11,0.0,0.2992012208024985,0.0
2019-06-10,Bull,3,0.49132541103404925,1.6078259705677517e-12,0.0,0.5086745889643429,0.0
2019-06-11,Sideways,0,0.9003709020828811,2.983871940081619e-07,0.0,0.09962879952992476,0.0
2019-06-12,Bull,3,0.10555738678975618,0.043285238403393426,0.0,0.8511573748068504,0.0
2019-06-13,Sideways,0,0.64273382956592,0.09758755572967336,0.0,0.2596786147044068,0.0
2019-06-14,Sideways,0,0.7123748346281757,0.2181724400810353,0.0,0.06945272529078902,0.0
2019-06-17,Sideways,0,0.8842544731213599,0.0920881118696163,0.0,0.023657415009023755,0.0
2019-06-18,Sideways,0,0.6696280983175029,0.283986438561852,0.0,0.04638546312064506,0.0
2019-06-19,Sideways,0,0.44559993224698796,0.4450350450361385,0.0,0.10936502271687364,0.0
2019-06-20,Sideways,0,0.7789111386113069,0.17099314272439062,0.0,0.05009571866430272,0.0
2019-06-21,Sideways,0,0.8176830410350672,0.05514352520417588,0.0,0.12717343376075693,0.0
2019-06-24,Bull,3,0.2237051916977974,0.22852936277947744,0.0,0.5477654455227251,0.0
2019-06-25,Bull,3,0.24218085682208762,0.19039037362503314,0.0,0.5674287695528794,0.0
2019-06-26,Unknown,1,0.012688790775166246,0.6815185383177885,0.0,0.30579267090704537,0.0
2019-06-27,Unknown,1,0.0003899298099670125,0.7665532697705789,0.0,0.23305680041945423,0.0
2019-06-28,Unknown,1,0.00044231771003590086,0.8948840167993872,0.0,0.10467366549057683,0.0
2019-07-01,Bull,3,1.416520456934043e-06,0.19392079632482848,0.0,0.8060777871547147,0.0
2019-07-02,Bull,3,7.399514911865026e-07,0.19406503144963033,0.0,0.8059342285988784,0.0
2019-07-03,Unknown,1,0.008308995754319794,0.8746208447716283,0.0,0.11707015947405176,0.0
2019-07-05,Unknown,1,0.0423429392506718,0.9322438099755026,0.0,0.025413250773825398,0.0
2019-07-08,Unknown,1,0.10293140244301612,0.8856765867003245,0.0,0.011392010856659243,0.0
2019-07-09,Unknown,1,0.07653448590551296,0.9222560343905181,0.0,0.0012094797039688741,0.0
2019-07-10,Unknown,1,0.049253936429716906,0.9501692293644449,0.0,0.0005768342058381355,0.0
2019-07-11,Unknown,1,0.039188878141139166,0.9600187520280438,0.0,0.000792369830816816,0.0
2019-07-12,Unknown,1,0.028114937116525077,0.9710150741609705,0.0,0.0008699887225047319,0.0
2019-07-15,Unknown,1,0.04708841917371265,0.9522745188740404,0.0,0.000637061952247453,0.0
2019-07-16,Unknown,1,0.05249954160641103,0.9468033077927174,0.0,0.00069715060087128,0.0
2019-07-17,Unknown,1,0.09409750498300655,0.9045625377678638,0.0,0.0013399572491296858,0.0
2019-07-18,Unknown,1,0.07274085412240493,0.9266201505287542,0.0,0.0006389953488408017,0.0
2019-07-19,Unknown,1,0.24199675446764674,0.7553873723186549,0.0,0.0026158732136979117,0.0
2019-07-22,Unknown,1,0.15217704814088995,0.8453623371518453,0.0,0.002460614707265111,0.0
2019-07-23,Unknown,1,0.10466244882038761,0.8933846896462946,0.0,0.001952861533317864,0.0
2019-07-24,Unknown,1,0.09169684081705803,0.907265696741026,0.0,0.001037462441916167,0.0
2019-07-25,Unknown,1,0.07520786906559136,0.924106379502411,0.0,0.000685751431997872,0.0
2019-07-26,Unknown,1,0.09354310501072871,0.9049550810932514,0.0,0.001501813896019549,0.0
2019-07-29,Unknown,1,0.07735136734375829,0.9219801768380257,0.0,0.0006684558182157124,0.0
2019-07-30,Unknown,1,0.10542212920112931,0.8938658694736843,0.0,0.0007120013251862496,0.0
2019-07-31,Unknown,1,0.42870247345514345,0.5685366628626058,0.0,0.002760863682250267,0.0
2019-08-01,Sideways,0,0.7222429264351147,0.27220721448772106,0.0,0.0055498590771638065,0.0
2019-08-02,Sideways,0,0.955721450286735,0.010985828507013627,0.0,0.03329272120625121,0.0
2019-08-05,Bull,3,0.1422659235131953,2.136755481659349e-10,0.0,0.8577340762731293,0.0
2019-08-06,Bull,3,0.3518080019601409,8.453673839588713e-09,0.0,0.6481919895861853,0.0
2019-08-07,Sideways,0,0.6470053750820657,9.62989536270889e-08,0.0,0.3529945286189807,0.0
2019-08-08,Bull,3,0.2809722132837117,2.033073740737734e-09,0.0,0.7190277846832146,0.0
2019-08-09,Sideways,0,0.8731880116008741,2.5660654546863504e-07,0.0,0.12681173179258054,0.0
2019-08-12,Sideways,0,0.6933626724207095,6.409205691302706e-10,0.0,0.30663732693837,0.0
2019-08-13,Sideways,0,0.9121960578746225,1.2701854788285628e-09,0.0,0.08780394085519214,0.0
2019-08-14,Bull,3,0.28102662979681425,4.6972810165978674e-12,0.0,0.7189733701984885,0.0
2019-08-15,Bull,3,0.13684781237332966,1.745311441991364e-12,0.0,0.8631521876249251,0.0
2019-08-16,Bull,3,0.1454765769575411,1.3965583202049822e-13,0.0,0.8545234230423193,0.0
2019-08-19,Bull,3,0.27604419051465745,8.122689588114162e-14,0.0,0.7239558094852613,0.0
2019-08-20,Bull,3,0.15702584133757452,2.2159945674983854e-12,0.0,0.8429741586602095,0.0
2019-08-21,Sideways,0,0.687593678187089,1.9737910175350277e-15,0.0,0.312406321812909,0.0
2019-08-22,Sideways,0,0.5687057757740215,3.521012880762636e-15,0.0,0.431294224225975,0.0
2019-08-23,Bear,4,0.0,0.0,3.275997734808331e-06,0.0,0.9999967240022652
2019-08-26,Bear,4,0.0,0.0,1.0040518147150959e-06,0.0,0.9999989959481852
2019-08-27,Bear,4,0.0,0.0,1.5688395911695047e-06,0.0,0.999998431160409
2019-08-28,Bear,4,0.0,0.0,7.811169640121068e-07,0.0,0.999999218883036
2019-08-29,Bear,4,0.0,0.0,2.2589179372322586e-07,0.0,0.9999997741082063
2019-08-30,Bear,4,0.0,0.0,3.288490743560047e-07,0.0,0.9999996711509257
2019-09-03,Bear,4,0.0,0.0,5.957105565072545e-07,0.0,0.9999994042894433
2019-09-04,Bull,3,2.523490680871147e-06,3.206151451810161e-09,0.0,0.9999974733031677,0.0
2019-09-05,Bull,3,0.0011448661401671834,4.843443278220717e-09,0.0,0.9988551290163895,0.0
2019-09-06,Bull,3,0.0013825913408395272,9.668604479795146e-07,0.0,0.9986164417987125,0.0
2019-09-09,Sideways,0,0.5414207106111036,1.378418830311571e-06,0.0,0.4585779109700661,0.0
2019-09-10,Bull,3,0.15399793798852682,1.1509475127836112e-07,0.0,0.8460019469167219,0.0
2019-09-11,Bull,3,0.007871342232334249,0.00013992807615073,0.0,0.991988729691515,0.0
2019-09-12,Bull,3,0.39509518005786304,0.002281868702433348,0.0,0.6026229512397038,0.0
2019-09-13,Bull,3,0.00010169958184878382,0.3183777968722792,0.0,0.6815205035458719,0.0
2019-09-16,Bull,3,0.00042974305663204666,0.27413336784174563,0.0,0.7254368891016224,0.0
2019-09-17,Unknown,1,0.11381196588800092,0.45010117123075877,0.0,0.43608686288124027,0.0
2019-09-18,Sideways,0,0.5501247095732987,0.3533415466994939,0.0,0.09653374372720751,0.0
2019-09-19,Unknown,1,0.08923268467011704,0.8281836792149454,0.0,0.08258363611493766,0.0
2019-09-20,Sideways,0,0.621599937406472,0.26033916183207073,0.0,0.11806090076145709,0.0
2019-09-23,Sideways,0,0.5918605060356268,0.3069721592843701,0.0,0.10116733468000318,0.0
2019-09-24,Unknown,1,0.0008719867012443899,0.8894353740645063,0.0,0.1096926392342493,0.0
2019-09-25,Unknown,1,0.005994125336609054,0.984601689813923,0.0,0.009404184849468072,0.0
2019-09-26,Unknown,1,0.0030043061089047875,0.9735871166392582,0.0,0.023408577251837048,0.0
2019-09-27,Unknown,1,0.018200763224435982,0.973069386288675,0.0,0.008729850486888591,0.0
2019-09-30,Unknown,1,0.08271199398756036,0.9157105876671067,0.0,0.0015774183453325795,0.0
2019-10-01,Unknown,1,0.2990840362071882,0.6922874702637069,0.0,0.008628493529104797,0.0
2019-10-02,Sideways,0,0.6911178582573437,0.028305445144480395,0.0,0.2805766965981759,0.0
2019-10-03,Sideways,0,0.9352637640128678,0.03300893002727434,0.0,0.03172730595985782,0.0
2019-10-04,Sideways,0,0.964502504875952,0.01375996774206892,0.0,0.021737527381978983,0.0
2019-10-07,Sideways,0,0.9606064483999858,0.006368306786236441,0.0,0.033025244813777825,0.0
2019-10-08,Sideways,0,0.9778624708156736,0.0027813888159804517,0.0,0.019356140368345917,0.0
2019-10-09,Sideways,0,0.9839918464071616,0.0002908159078464801,0.0,0.01571733768499153,0.0
2019-10-10,Sideways,0,0.9588533473249528,0.00025145427616153913,0.0,0.04089519839888576,0.0
2019-10-11,Sideways,0,0.5363758256342167,3.2356935450004445e-05,0.0,0.46359181743033323,0.0
2019-10-14,Sideways,0,0.8753507569117446,0.0005893147204976997,0.0,0.12405992836775769,0.0
2019-10-15,Sideways,0,0.9281158612401806,3.891057853235862e-06,0.0,0.07188024770196601,0.0
2019-10-16,Sideways,0,0.9452161203806576,0.00033687488293091607,0.0,0.05444700473641137,0.0
2019-10-17,Sideways,0,0.9377405397642488,0.0023203629340030805,0.0,0.05993909730174817,0.0
2019-10-18,Sideways,0,0.8992361716023477,0.03125932471975759,0.0,0.06950450367789479,0.0
2019-10-21,Sideways,0,0.9119167926415719,0.02922784880688836,0.0,0.05885535855153998,0.0
2019-10-22,Sideways,0,0.806494501450426,0.1181993620468747,0.0,0.07530613650269934,0.0
2019-10-23,Sideways,0,0.6898615119423709,0.25388686586917975,0.0,0.056251622188449,0.0
2019-10-24,Sideways,0,0.6994638831402893,0.25604318911774276,0.0,0.04449292774196824,0.0
2019-10-25,Sideways,0,0.7869937228682544,0.17523195273120595,0.0,0.03777432440054005,0.0
2019-10-28,Unknown,1,0.40062573553235054,0.5442735603988234,0.0,0.05510070406882615,0.0
2019-10-29,Sideways,0,0.6881273660951837,0.27287490616915117,0.0,0.038997727735665205,0.0
2019-10-30,Unknown,1,0.12785708083486538,0.8439096023186495,0.0,0.028233316846484946,0.0
2019-10-31,Unknown,1,0.0015533160283823142,0.9742738151159042,0.0,0.024172868855713285,0.0
2019-11-01,Unknown,1,0.006957776870340191,0.972132017169996,0.0,0.02091020595966346,0.0
2019-11-04,Unknown,1,0.025620858411907112,0.9717788402018436,0.0,0.0026003013862491665,0.0
2019-11-05,Unknown,1,0.017732193129179216,0.9788303280166905,0.0,0.003437478854130054,0.0
2019-11-06,Unknown,1,0.0009016996096072394,0.9809066986128451,0.0,0.01819160177754749,0.0
2019-11-07,Unknown,1,0.008591435636881192,0.9835760011353285,0.0,0.007832563227790548,0.0
2019-11-08,Unknown,1,0.010401266181394211,0.9876702832588002,0.0,0.0019284505598051085,0.0
2019-11-11,Unknown,1,0.04283849552515101,0.9562647103153115,0.0,0.0008967941595373316,0.0
2019-11-12,Unknown,1,0.03589707092490458,0.9630041997146426,0.0,0.0010987293604525759,0.0
2019-11-13,Unknown,1,0.09549507471561405,0.9035769531876886,0.0,0.0009279720966977064,0.0
2019-11-14,Unknown,1,0.057786265524896394,0.9415924557178186,0.0,0.0006212787572848269,0.0
2019-11-15,Unknown,1,0.03149173784637775,0.9681089261549026,0.0,0.0003993359987197675,0.0
2019-11-18,Unknown,1,0.036865204503681144,0.9623413536854392,0.0,0.0007934418108798156,0.0
2019-11-19,Unknown,1,0.057043429433778554,0.9423845088587808,0.0,0.0005720617074406124,0.0
2019-11-20,Unknown,1,0.07337835971906129,0.9256624568573274,0.0,0.0009591834236111204,0.0
2019-11-21,Unknown,1,0.07552221980568286,0.923777048094237,0.0,0.0007007321000799309,0.0
2019-11-22,Unknown,1,0.061103045909133055,0.9382716975594104,0.0,0.0006252565314564219,0.0
2019-11-25,Unknown,1,0.038949005894342165,0.9604227443253529,0.0,0.0006282497803049538,0.0
2019-11-26,Unknown,1,0.0307806182304566,0.968877626880468,0.0,0.0003417548890752984,0.0
2019-11-27,Unknown,1,0.03257622180754001,0.9670027290172598,0.0,0.00042104917520001915,0.0
2019-11-29,Unknown,1,0.04284162183969125,0.9568220981558241,0.0,0.00033628000448457043,0.0
2019-12-02,Unknown,1,0.07978789443253272,0.9196633325941245,0.0,0.0005487729733427096,0.0
2019-12-03,Unknown,1,0.22329771807945029,0.7751745351961714,0.0,0.0015277467243783882,0.0
2019-12-04,Unknown,1,0.09962405821114435,0.8993926331679619,0.0,0.000983308620893846,0.0
2019-12-05,Unknown,1,0.2732787531024964,0.7215169297043105,0.0,0.005204317193193049,0.0
2019-12-06,Unknown,1,0.17632130189395206,0.8166352168214887,0.0,0.007043481284559471,0.0
2019-12-09,Unknown,1,0.05471102855653646,0.9448507927747023,0.0,0.00043817866876137815,0.0
2019-12-10,Unknown,1,0.09137168663286835,0.9080068659065794,0.0,0.0006214474605523574,0.0
2019-12-11,Unknown,1,0.06968625099415414,0.9298517383533977,0.0,0.00046201065244810217,0.0
2019-12-12,Unknown,1,0.12143703311527261,0.876978084512274,0.0,0.001584882372453535,0.0
2019-12-13,Unknown,1,0.09042707625396514,0.908282919807082,0.0,0.001290003938953159,0.0
2019-12-16,Unknown,1,0.11245746483450546,0.8858034103541507,0.0,0.0017391248113437603,0.0
2019-12-17,Unknown,1,0.09409372721331224,0.9049239537798134,0.0,0.0009823190068743248,0.0
2019-12-18,Unknown,1,0.09590295449948755,0.903319326628226,0.0,0.0007777188722866055,0.0
2019-12-19,Unknown,1,0.05601586925604444,0.9435204792020685,0.0,0.00046365154188670617,0.0
2019-12-20,Unknown,1,0.06340410733848786,0.9360502577368658,0.0,0.0005456349246460101,0.0
2019-12-23,Unknown,1,0.04934500526397093,0.9501488873470735,0.0,0.0005061073889552061,0.0
2019-12-24,Unknown,1,0.05806392181562213,0.9415124085242041,0.0,0.0004236696601740355,0.0
2019-12-26,Unknown,1,0.07130833517675829,0.9281620050307693,0.0,0.0005296597924726807,0.0
2019-12-27,Unknown,1,0.07783234797318986,0.9216399559160932,0.0,0.0005276961107171524,0.0
2019-12-30,Unknown,1,0.18483933856860504,0.8137082284837676,0.0,0.0014524329476276155,0.0
2019-12-31,Unknown,1,0.1168249378072973,0.882556336177851,0.0,0.0006187260148519595,0.0
2020-01-02,Unknown,1,0.050194936513006584,0.9491174581296103,0.0,0.0006876053573834532,0.0
2020-01-03,Unknown,1,0.05117852995784222,0.9471504403624198,0.0,0.001671029679737875,0.0
2020-01-06,Unknown,1,0.05405361525901592,0.9451337303438226,0.0,0.0008126543971610594,0.0
2020-01-07,Unknown,1,0.06596542840722938,0.9332760641000774,0.0,0.00075850749269368,0.0
2020-01-08,Unknown,1,0.07304067889469185,0.9265726330205667,0.0,0.0003866880847413449,0.0
2020-01-09,Unknown,1,0.08466085758419281,0.9137858699314383,0.0,0.0015532724843688095,0.0
2020-01-10,Unknown,1,0.04832270216691137,0.9510793388215433,0.0,0.0005979590115452112,0.0
2020-01-13,Unknown,1,0.05463183915553071,0.9445335043934715,0.0,0.0008346564509980489,0.0
2020-01-14,Unknown,1,0.1162267983151277,0.8830792654114455,0.0,0.0006939362734267238,0.0
2020-01-15,Unknown,1,0.08311443127023438,0.9164045358166806,0.0,0.0004810329130847151,0.0
2020-01-16,Unknown,1,0.09510721553510311,0.9042200608745787,0.0,0.0006727235903176666,0.0
2020-01-17,Unknown,1,0.12079747270386172,0.8783669950227317,0.0,0.0008355322734066279,0.0
2020-01-21,Unknown,1,0.10667921981338166,0.892721142963539,0.0,0.0005996372230794714,0.0
2020-01-22,Unknown,1,0.15378491036473096,0.8454248913657142,0.0,0.0007901982695547893,0.0
2020-01-23,Unknown,1,0.1612644519233874,0.8379236548546206,0.0,0.0008118932219920347,0.0
2020-01-24,Sideways,0,0.5137091038426799,0.4835709092661813,0.0,0.0027199868911391228,0.0
2020-01-27,Sideways,0,0.9744968004666952,0.004437976858105831,0.0,0.021065222675198763,0.0
2020-01-28,Sideways,0,0.831581625243546,0.16186635016549406,0.0,0.00655202459096044,0.0
2020-01-29,Sideways,0,0.8635552319254544,0.12952261025767262,0.0,0.006922157816873398,0.0
2020-01-30,Sideways,0,0.8538238233800205,0.13219463514390503,0.0,0.013981541476074678,0.0
2020-01-31,Sideways,0,0.9725494760601383,0.01137599804562439,0.0,0.016074525894237534,0.0
2020-02-03,Sideways,0,0.9546258146202768,0.03880804268535452,0.0,0.006566142694368984,0.0
2020-02-04,Sideways,0,0.9528128017543477,0.014265289422917143,0.0,0.03292190882273529,0.0
2020-02-05,Sideways,0,0.9413913189085418,0.0022940278418097267,0.0,0.05631465324964857,0.0
2020-02-06,Sideways,0,0.9338979928213642,0.011333039166309006,0.0,0.05476896801232683,0.0
2020-02-07,Sideways,0,0.9859899348404816,0.0005442794449384897,0.0,0.013465785714580134,0.0
2020-02-10,Sideways,0,0.9891696311570114,0.0008749195666384087,0.0,0.009955449276350512,0.0
2020-02-11,Sideways,0,0.9521073816866442,0.039214079210506694,0.0,0.008678539102849317,0.0
2020-02-12,Sideways,0,0.9389145787796542,0.04496522359664643,0.0,0.016120197623699012,0.0
2020-02-13,Sideways,0,0.897109474750345,0.09283147583875412,0.0,0.010059049410900736,0.0
2020-02-14,Sideways,0,0.9484290854810046,0.04465024372519966,0.0,0.006920670793795691,0.0
2020-02-18,Sideways,0,0.9505893656752996,0.03919159962634459,0.0,0.010219034698355743,0.0
2020-02-19,Sideways,0,0.9490862019502502,0.040115893648342144,0.0,0.010797904401408048,0.0
2020-02-20,Sideways,0,0.9583150001088102,0.03087604160223991,0.0,0.010808958288950106,0.0
2020-02-21,Sideways,0,0.9727175236330495,0.0018830444126555239,0.0,0.025399431954294883,0.0
2020-02-24,Bull,3,0.007490767546685292,4.058148354560359e-14,0.0,0.9925092324532739,0.0
2020-02-25,Bull,3,7.540430945745253e-06,5.715390044587389e-24,0.0,0.999992459569054,0.0
2020-02-26,Bull,3,1.137565229239053e-05,1.0850037752399575e-21,0.0,0.9999886243477077,0.0
2020-02-27,Bear,4,0.0,0.0,0.0001464321688509394,0.0,0.9998535678311485
2020-02-28,Bear,4,0.0,0.0,0.0003291220380511645,0.0,0.9996708779619484
2020-03-02,Bear,4,0.0,0.0,2.770175536533843e-06,0.0,0.999997229824463
2020-03-03,Bear,4,0.0,0.0,1.5622428972066392e-05,0.0,0.9999843775710283
2020-03-04,Bear,4,0.0,0.0,3.769514415137871e-05,0.0,0.9999623048558482
2020-03-05,Bear,4,0.0,0.0,0.00021955349439112273,0.0,0.9997804465056088
2020-03-06,Bear,4,0.0,0.0,0.0012324554200716037,0.0,0.998767544579928
2020-03-09,High-Volatility,2,0.0,0.0,0.9999999990116031,0.0,9.883970126902802e-10
2020-03-10,High-Volatility,2,0.0,0.0,0.9999999999969855,0.0,3.014086832815345e-12
2020-03-11,High-Volatility,2,0.0,0.0,1.0,0.0,8.417405046308552e-20
2020-03-12,High-Volatility,2,0.0,0.0,1.0,0.0,2.605422182839094e-39
2020-03-13,High-Volatility,2,0.0,0.0,1.0,0.0,4.580450824413697e-55
2020-03-16,High-Volatility,2,0.0,0.0,1.0,0.0,5.3939721645275014e-79
2020-03-17,High-Volatility,2,0.0,0.0,1.0,0.0,6.64751745262404e-94
2020-03-18,High-Volatility,2,0.0,0.0,1.0,0.0,1.7194686561342602e-94
2020-03-19,High-Volatility,2,0.0,0.0,1.0,0.0,1.3522205004236839e-86
2020-03-20,High-Volatility,2,0.0,0.0,1.0,0.0,4.7841064339335925e-98
2020-03-23,High-Volatility,2,0.0,0.0,1.0,0.0,1.278581799143716e-87
2020-03-24,High-Volatility,2,0.0,0.0,1.0,0.0,4.3237279458842837e-119
2020-03-25,High-Volatility,2,0.0,0.0,1.0,0.0,1.9559553717758542e-113
2020-03-26,High-Volatility,2,0.0,0.0,1.0,0.0,1.1480587540498908e-125
2020-03-27,High-Volatility,2,0.0,0.0,1.0,0.0,9.024071669668362e-117
2020-03-30,High-Volatility,2,0.0,0.0,1.0,0.0,1.956312792146153e-120
2020-03-31,High-Volatility,2,0.0,0.0,1.0,0.0,2.2369766009635497e-117
2020-04-01,High-Volatility,2,0.0,0.0,1.0,0.0,5.122419904431572e-120
2020-04-02,High-Volatility,2,0.0,0.0,1.0,0.0,3.631112952026054e-120
2020-04-03,High-Volatility,2,0.0,0.0,1.0,0.0,5.325689009295134e-116
2020-04-06,High-Volatility,2,0.0,0.0,1.0,0.0,3.0632511624583923e-131
2020-04-07,High-Volatility,2,0.0,0.0,1.0,0.0,2.9477295731895414e-114
2020-04-08,High-Volatility,2,0.0,0.0,1.0,0.0,1.4747724259308352e-108
2020-04-09,High-Volatility,2,0.0,0.0,1.0,0.0,2.406820892338808e-104
2020-04-13,High-Volatility,2,0.0,0.0,1.0,0.0,4.899234879545449e-81
2020-04-14,High-Volatility,2,0.0,0.0,1.0,0.0,3.134568087719196e-66
2020-04-15,High-Volatility,2,0.0,0.0,1.0,0.0,4.232872536406634e-40
2020-04-16,High-Volatility,2,0.0,0.0,1.0,0.0,2.101346397537652e-33
2020-04-17,High-Volatility,2,0.0,0.0,1.0,0.0,1.6944640465998875e-30
2020-04-20,High-Volatility,2,0.0,0.0,1.0,0.0,1.1354024803585515e-31
2020-04-21,High-Volatility,2,0.0,0.0,1.0,0.0,7.754220775189114e-33
2020-04-22,High-Volatility,2,0.0,0.0,1.0,0.0,1.0857334956149935e-31
2020-04-23,High-Volatility,2,0.0,0.0,0.9999999999999893,0.0,1.0740747913874818e-14
2020-04-24,High-Volatility,2,0.0,0.0,0.9999999999998996,0.0,1.0049976904756146e-13
2020-04-27,High-Volatility,2,0.0,0.0,0.9999994023045194,0.0,5.976954805701945e-07
2020-04-28,High-Volatility,2,0.0,0.0,0.9999990556817107,0.0,9.443182896705111e-07
2020-04-29,High-Volatility,2,0.0,0.0,0.9998341536163619,0.0,0.00016584638363861302
2020-04-30,High-Volatility,2,0.0,0.0,0.9999181015463531,0.0,8.189845364733502e-05
2020-05-01,High-Volatility,2,0.0,0.0,0.9998952958369897,0.0,0.00010470416301027763
2020-05-04,High-Volatility,2,0.0,0.0,0.9889235847755308,0.0,0.011076415224469179
2020-05-05,High-Volatility,2,0.0,0.0,0.9830861705063471,0.0,0.01691382949365327
2020-05-06,Bear,4,0.0,0.0,0.0004740789298122513,0.0,0.9995259210701879
2020-05-07,Bear,4,0.0,0.0,0.00019271786815478067,0.0,0.9998072821318454
2020-05-08,Bear,4,0.0,0.0,1.776500033676086e-05,0.0,0.9999822349996633
2020-05-11,Bear,4,0.0,0.0,1.0079621807427747e-05,0.0,0.9999899203781925
2020-05-12,Bear,4,0.0,0.0,1.4574027259005482e-05,0.0,0.9999854259727412
2020-05-13,Bear,4,0.0,0.0,1.0506166474506744e-05,0.0,0.9999894938335251
2020-05-14,Bear,4,0.0,0.0,2.676873276056738e-06,0.0,0.999997323126724
2020-05-15,Bear,4,0.0,0.0,2.122566537070428e-06,0.0,0.9999978774334626
2020-05-18,Bear,4,0.0,0.0,9.408064968079835e-07,0.0,0.9999990591935026
2020-05-19,Bear,4,0.0,0.0,1.5307584162164889e-06,0.0,0.9999984692415841
2020-05-20,Bear,4,0.0,0.0,2.265532332786574e-05,0.0,0.9999773446766725
2020-05-21,Bear,4,0.0,0.0,8.890556105816952e-06,0.0,0.9999911094438945
2020-05-22,Bear,4,0.0,0.0,1.7856600722211605e-05,0.0,0.9999821433992778
2020-05-26,Bear,4,0.0,0.0,1.2187118318783926e-05,0.0,0.9999878128816813
2020-05-27,Bear,4,0.0,0.0,1.6596111020367943e-05,0.0,0.9999834038889799
2020-05-28,Bear,4,0.0,0.0,2.4829669959054592e-05,0.0,0.9999751703300411
2020-05-29,Bull,3,6.1013846942483265e-31,2.6412683254027412e-11,0.0,0.9999999999735874,0.0
2020-06-01,Bull,3,3.438508906964013e-26,1.3619235335422635e-09,0.0,0.9999999986380761,0.0
2020-06-02,Bull,3,5.6922191894450305e-22,3.3424150071595756e-07,0.0,0.9999996657584996,0.0
2020-06-03,Bull,3,9.376419007364036e-24,1.7545015363003544e-08,0.0,0.9999999824549849,0.0
2020-06-04,Bull,3,2.39828365894675e-19,1.0835491461870365e-05,0.0,0.9999891645085384,0.0
2020-06-05,Bull,3,4.6457402659676826e-23,4.751119860751473e-10,0.0,0.9999999995248876,0.0
2020-06-08,Bull,3,1.4964984234549842e-22,3.6686385617146887e-10,0.0,0.9999999996331361,0.0
2020-06-09,Bull,3,4.258478537653594e-20,5.407799738944105e-09,0.0,0.9999999945922005,0.0
2020-06-10,Bull,3,1.5175246621883163e-19,7.483685443636608e-09,0.0,0.9999999925163143,0.0
2020-06-11,Bear,4,0.0,0.0,0.43352800022186694,0.0,0.5664719997781326
2020-06-12,Bear,4,0.0,0.0,0.04813626902118376,0.0,0.951863730978816
2020-06-15,Bear,4,0.0,0.0,0.012360021114068113,0.0,0.9876399788859322
2020-06-16,Bear,4,0.0,0.0,0.003066495614915535,0.0,0.9969335043850845
2020-06-17,Bear,4,0.0,0.0,0.0005344150280466391,0.0,0.9994655849719533
2020-06-18,Bear,4,0.0,0.0,0.003921521646172564,0.0,0.9960784783538273
2020-06-19,Bear,4,0.0,0.0,0.002036650541160842,0.0,0.9979633494588391
2020-06-22,Bear,4,0.0,0.0,0.0009317633352002743,0.0,0.9990682366647997
2020-06-23,Bear,4,0.0,0.0,0.00044656104878557285,0.0,0.9995534389512145
2020-06-24,Bear,4,0.0,0.0,0.0030271430787055325,0.0,0.9969728569212944
2020-06-25,Bear,4,0.0,0.0,0.0006674891466796709,0.0,0.9993325108533202
2020-06-26,Bear,4,0.0,0.0,0.007278732799091414,0.0,0.9927212672009085
2020-06-29,Bear,4,0.0,0.0,0.0019477109263937855,0.0,0.9980522890736062
2020-06-30,Bear,4,0.0,0.0,0.0009935968495325773,0.0,0.9990064031504676
2020-07-01,Bear,4,0.0,0.0,0.000502102105294389,0.0,0.9994978978947057
2020-07-02,Bear,4,0.0,0.0,0.00022732556008775497,0.0,0.9997726744399122
2020-07-06,Bear,4,0.0,0.0,0.00020028437882952475,0.0,0.9997997156211704
2020-07-07,Bear,4,0.0,0.0,0.00021843594933387516,0.0,0.9997815640506661
2020-07-08,Bear,4,0.0,0.0,7.66697260229467e-05,0.0,0.999923330273977
2020-07-09,Bear,4,0.0,0.0,9.181777310753205e-05,0.0,0.9999081822268923
2020-07-10,Bear,4,0.0,0.0,2.651440844337224e-05,0.0,0.9999734855915566
2020-07-13,Bull,3,5.163382399245866e-07,0.00027645317418816467,0.0,0.9997230304875719,0.0
2020-07-14,Bull,3,3.713190744604984e-05,0.001451825682353149,0.0,0.9985110424102008,0.0
2020-07-15,Bull,3,2.1185084829341676e-05,0.0009162165882606571,0.0,0.99906259832691,0.0
2020-07-16,Bull,3,0.0008641764447634841,0.0005219967085724557,0.0,0.9986138268466641,0.0
2020-07-17,Bull,3,0.0009291972587998684,0.009165722208468665,0.0,0.9899050805327314,0.0
2020-07-20,Bull,3,0.0032863516652101212,0.0002871239994692858,0.0,0.9964265243353206,0.0
2020-07-21,Bull,3,0.0014694609381095546,0.016817109520446665,0.0,0.9817134295414438,0.0
2020-07-22,Bull,3,0.0005801176419813829,0.02542565560216599,0.0,0.9739942267558527,0.0
2020-07-23,Bull,3,0.0012598081354966628,3.7912047181726915e-05,0.0,0.9987022798173216,0.0
2020-07-24,Bull,3,0.0015119769329053347,0.015509904027433392,0.0,0.9829781190396614,0.0
2020-07-27,Bull,3,0.005586154194687018,0.22263164855781278,0.0,0.7717821972475001,0.0
2020-07-28,Bull,3,1.8775972451279674e-05,0.0868989621227243,0.0,0.9130822619048244,0.0
2020-07-29,Bull,3,0.0004268136341219446,0.3298783482758917,0.0,0.6696948380899863,0.0
2020-07-30,Unknown,1,0.023249676550240198,0.9227390794300169,0.0,0.054011244019743075,0.0
2020-07-31,Unknown,1,0.12074138704571316,0.8091313435442056,0.0,0.07012726941008146,0.0
2020-08-03,Unknown,1,0.061668106929554836,0.9041460828055976,0.0,0.034185810264847086,0.0
2020-08-04,Sideways,0,0.787536658902416,0.09842554517376925,0.0,0.11403779592381491,0.0
2020-08-05,Unknown,1,0.06456197108902281,0.920700240814151,0.0,0.014737788096826496,0.0
2020-08-06,Sideways,0,0.5675008805398644,0.34791839174883776,0.0,0.08458072771129803,0.0
2020-08-07,Unknown,1,0.17514326329657337,0.7836609906421437,0.0,0.041195746061282804,0.0
2020-08-10,Unknown,1,0.20063468369739276,0.7765508460955295,0.0,0.0228144702070777,0.0
2020-08-11,Unknown,1,0.28689216498669523,0.6445826914304331,0.0,0.06852514358287154,0.0
2020-08-12,Unknown,1,0.06287564163209686,0.9287427948102952,0.0,0.008381563557607871,0.0
2020-08-13,Unknown,1,0.10857259238119352,0.8772053308408075,0.0,0.014222076777999143,0.0
2020-08-14,Unknown,1,0.1443377087483576,0.8428133302406057,0.0,0.01284896101103684,0.0
2020-08-17,Unknown,1,0.08555780778793114,0.9058828661445198,0.0,0.008559326067549061,0.0
2020-08-18,Unknown,1,0.2863556022111967,0.6884520349888239,0.0,0.02519236279997927,0.0
2020-08-19,Unknown,1,0.143351155079797,0.8352918739090439,0.0,0.02135697101115892,0.0
2020-08-20,Unknown,1,0.07295901872172086,0.9146359912622393,0.0,0.012404990016039895,0.0
2020-08-21,Unknown,1,0.06142802878854225,0.9361577005259498,0.0,0.002414270685508052,0.0
2020-08-24,Unknown,1,0.05401009440001356,0.9323767325266967,0.0,0.013613173073289533,0.0
2020-08-25,Unknown,1,0.06576717595197461,0.9280011931205127,0.0,0.006231630927512319,0.0
2020-08-26,Unknown,1,0.1457227553443068,0.790567802935362,0.0,0.06370944172033129,0.0
2020-08-27,Unknown,1,0.2063384996173731,0.7813329678798254,0.0,0.012328532502801613,0.0
2020-08-28,Unknown,1,0.27581908542353606,0.6845581989221459,0.0,0.03962271565431796,0.0
2020-08-31,Unknown,1,0.1911292236045191,0.8011198941601718,0.0,0.007750882235309181,0.0
2020-09-01,Unknown,1,0.21250335020238867,0.7718054044415392,0.0,0.01569124535607194,0.0
2020-09-02,Unknown,1,0.275538968965705,0.41990711449986956,0.0,0.3045539165344254,0.0
2020-09-03,Bull,3,0.20313984737932717,1.1028218176114175e-05,0.0,0.7968491244024969,0.0
2020-09-04,Bull,3,0.11757538118332245,1.0716600543632897e-06,0.0,0.8824235471566233,0.0
2020-09-08,Bull,3,0.0003873659503983001,4.3669128045617136e-16,0.0,0.999612634049601,0.0
2020-09-09,Bull,3,0.0033613485827147386,2.6494679443290823e-10,0.0,0.9966386511523384,0.0
2020-09-10,Bull,3,1.6801979307906465e-06,1.1296630198960141e-20,0.0,0.9999983198020692,0.0
2020-09-11,Bull,3,0.09054237076750994,1.195223085124396e-09,0.0,0.909457628037267,0.0
2020-09-14,Bull,3,0.22268669914847017,2.3608831882051515e-08,0.0,0.7773132772426979,0.0
2020-09-15,Sideways,0,0.904750479847312,6.34649036791282e-09,0.0,0.09524951380619749,0.0
2020-09-16,Sideways,0,0.602015345379676,3.248128738656217e-08,0.0,0.3979846221390366,0.0
2020-09-17,Sideways,0,0.8483546140898094,2.1065207806479596e-09,0.0,0.15164538380366993,0.0
2020-09-18,Sideways,0,0.6484198806357008,1.2600734800963957e-09,0.0,0.3515801181042256,0.0
2020-09-21,Bull,3,0.1626856030415124,6.784516428802657e-12,0.0,0.8373143969517031,0.0
2020-09-22,Bull,3,0.03827421431450703,3.03037352538572e-14,0.0,0.9617257856854626,0.0
2020-09-23,Bull,3,0.00557602832354385,2.1265859304187236e-18,0.0,0.9944239716764561,0.0
2020-09-24,Bull,3,0.015303133435144379,2.9435437657614266e-18,0.0,0.9846968665648557,0.0
2020-09-25,Bear,4,0.0,0.0,1.1587269176353268e-10,0.0,0.9999999998841274
2020-09-28,Bear,4,0.0,0.0,9.866203253392316e-12,0.0,0.9999999999901337
2020-09-29,Bear,4,0.0,0.0,1.624702053580384e-11,0.0,0.999999999983753
2020-09-30,Bear,4,0.0,0.0,6.128249365956495e-12,0.0,0.9999999999938716
2020-10-01,Bear,4,0.0,0.0,2.688584672943763e-12,0.0,0.9999999999973115
2020-10-02,Bear,4,0.0,0.0,1.2049123462640269e-11,0.0,0.999999999987951
2020-10-05,Sideways,0,0.6753815766193667,6.29690209049105e-13,0.0,0.3246184233800036,0.0
2020-10-06,Sideways,0,0.795637331821887,1.126123294133293e-11,0.0,0.20436266816685172,0.0
2020-10-07,Bull,3,0.06439868405831675,5.239503530665938e-08,0.0,0.935601263546648,0.0
2020-10-08,Sideways,0,0.9059081953492891,5.5944257803821926e-08,0.0,0.0940917487064531,0.0
2020-10-09,Bull,3,0.3535228670197208,7.672399083082263e-07,0.0,0.6464763657403709,0.0
2020-10-12,Bull,3,0.0983248790960656,8.973128167146814e-07,0.0,0.9016742235911177,0.0
2020-10-13,Sideways,0,0.6720867760809388,1.7877490236947851e-10,0.0,0.32791322374028636,0.0
2020-10-14,Sideways,0,0.7472860865803411,2.514410210336063e-08,0.0,0.25271388827555674,0.0
2020-10-15,Sideways,0,0.665290755318478,1.001302212982508e-06,0.0,0.33470824337930905,0.0
2020-10-16,Bull,3,0.3218944389096715,0.00014540496126564393,0.0,0.6779601561290628,0.0
2020-10-19,Bull,3,0.0007563270729800274,3.91300080814887e-07,0.0,0.9992432816269392,0.0
2020-10-20,Bull,3,1.7879435436848104e-05,7.204719107054774e-05,0.0,0.9999100733734926,0.0
2020-10-21,Bull,3,0.002558484193802855,0.0002770637006162388,0.0,0.9971644521055809,0.0
2020-10-22,Bull,3,1.7322315233620768e-08,0.0026973215186009624,0.0,0.9973026611590838,0.0
2020-10-23,Bull,3,5.578805679831592e-08,0.0036911934709562798,0.0,0.9963087507409869,0.0
2020-10-26,Bull,3,0.00021141048555077923,0.00026758949935791774,0.0,0.9995210000150914,0.0
2020-10-27,Bull,3,0.13519110651269262,0.001039110462761171,0.0,0.8637697830245462,0.0
2020-10-28,Bull,3,9.85448086965682e-06,1.499635517037553e-14,0.0,0.9999901455191152,0.0
2020-10-29,Bull,3,0.0028338344996058514,6.852724802464197e-11,0.0,0.9971661654318669,0.0
2020-10-30,Bull,3,0.0014089772835803845,2.5377363242308626e-15,0.0,0.9985910227164173,0.0
2020-11-02,Bull,3,0.0010183488819350411,1.897801549438449e-11,0.0,0.998981651099087,0.0
2020-11-03,Bull,3,0.06574602380354094,4.599217133891606e-13,0.0,0.9342539761959991,0.0
2020-11-04,Bull,3,0.004612884805148263,1.991947068238152e-17,0.0,0.9953871151948518,0.0
2020-11-05,Bull,3,0.13733900621421752,1.5170503852915818e-19,0.0,0.8626609937857823,0.0
2020-11-06,Sideways,0,0.5585036038262593,2.28947825610184e-21,0.0,0.44149639617374087,0.0
2020-11-09,Sideways,0,0.6102420425288559,5.109609681667625e-21,0.0,0.38975795747114367,0.0
2020-11-10,Bull,3,0.20898081911604754,1.6558141306640005e-16,0.0,0.7910191808839524,0.0
2020-11-11,Sideways,0,0.6763557219257411,8.625101363190513e-11,0.0,0.3236442779880078,0.0
2020-11-12,Sideways,0,0.5851848092438108,7.551001187802723e-08,0.0,0.4148151152461772,0.0
2020-11-13,Sideways,0,0.5614019658931715,3.3001577140973177e-08,0.0,0.4385980011052514,0.0
2020-11-16,Bull,3,0.12388975540587181,2.6605833138515013e-08,0.0,0.8761102179882947,0.0
2020-11-17,Sideways,0,0.5294428621061674,4.8918907380332475e-06,0.0,0.47055224600309453,0.0
2020-11-18,Bull,3,0.26083008835345617,1.4382198497830656e-07,0.0,0.739169767824559,0.0
2020-11-19,Sideways,0,0.5041855681673671,1.3683571733313187e-07,0.0,0.49581429499691543,0.0
2020-11-20,Bull,3,0.2043660672181454,3.009166920584136e-08,0.0,0.7956339026901853,0.0
2020-11-23,Bull,3,0.051510370033023015,1.545782930936185e-08,0.0,0.948489614509148,0.0
2020-11-24,Bull,3,0.0035149621673650354,5.707315072988532e-07,0.0,0.9964844671011273,0.0
2020-11-25,Bull,3,0.035079297508706975,2.764077694166408e-05,0.0,0.9648930617143515,0.0
2020-11-27,Bull,3,2.6587175043178478e-09,6.592641149214897e-05,0.0,0.9999340709297903,0.0
2020-11-30,Bull,3,6.357781381646553e-06,0.008014450180967964,0.0,0.9919791920376504,0.0
2020-12-01,Bull,3,1.9838993945024596e-10,2.5244945207222446e-05,0.0,0.9999747548564029,0.0
2020-12-02,Bull,3,2.360655167173245e-08,1.803275464934953e-05,0.0,0.9999819436387991,0.0
2020-12-03,Bull,3,0.0015673259612814239,0.02519929993818186,0.0,0.9732333741005366,0.0
2020-12-04,Sideways,0,0.7200876398147863,0.07738545173109923,0.0,0.20252690845411445,0.0
2020-12-07,Sideways,0,0.9850845237200834,0.006566524253881404,0.0,0.008348952026035372,0.0
2020-12-08,Sideways,0,0.9738073655357993,0.016180421718186053,0.0,0.010012212746014486,0.0
2020-12-09,Sideways,0,0.9866739770928779,0.000912619627196101,0.0,0.012413403279926004,0.0
2020-12-10,Sideways,0,0.9885669350238,0.0022200985838015464,0.0,0.0092129663923983,0.0
2020-12-11,Sideways,0,0.986604061939003,0.0007496355900093526,0.0,0.012646302470987593,0.0
2020-12-14,Sideways,0,0.9843932189349375,0.003050638817154691,0.0,0.012556142247907819,0.0
2020-12-15,Sideways,0,0.9836696401742687,0.002204854141889132,0.0,0.014125505683842063,0.0
2020-12-16,Sideways,0,0.9645054234275663,0.01339756335742245,0.0,0.02209701321501113,0.0
2020-12-17,Sideways,0,0.9740935905489655,0.016224754506399486,0.0,0.009681654944635174,0.0
2020-12-18,Sideways,0,0.8737337232369415,0.11899092211033335,0.0,0.007275354652725209,0.0
2020-12-21,Sideways,0,0.9106426919753771,0.0804436254238814,0.0,0.008913682600741487,0.0
2020-12-22,Sideways,0,0.8932913687276455,0.0928263393033245,0.0,0.013882291969029893,0.0
2020-12-23,Sideways,0,0.9484020608009139,0.03949411383604735,0.0,0.012103825363038908,0.0
2020-12-24,Sideways,0,0.9592150835959755,0.014785413534977773,0.0,0.02599950286904663,0.0
2020-12-28,Sideways,0,0.9514759314973823,0.01709189472335004,0.0,0.03143217377926762,0.0
2020-12-29,Sideways,0,0.8876847290652672,0.09830453267507658,0.0,0.014010738259656241,0.0
2020-12-30,Sideways,0,0.8097733259720011,0.17972667753657934,0.0,0.010499996491419483,0.0
2020-12-31,Sideways,0,0.7685987676342646,0.20994590546264155,0.0,0.02145532690309379,0.0
2021-01-04,Sideways,0,0.89883688698309,0.0861465927558983,0.0,0.015016520261011765,0.0
2021-01-05,Sideways,0,0.9668190997616438,0.01692121996459849,0.0,0.016259680273757644,0.0
2021-01-06,Sideways,0,0.9259767660690519,0.03654057441245426,0.0,0.03748265951849385,0.0
2021-01-07,Sideways,0,0.9270899030658782,0.00153746233376723,0.0,0.07137263460035448,0.0
2021-01-08,Sideways,0,0.9371195434341787,0.0027036994410571296,0.0,0.06017675712476417,0.0
2021-01-11,Sideways,0,0.9594964899951309,0.029940458078226418,0.0,0.0105630519266425,0.0
2021-01-12,Sideways,0,0.916322137755072,0.0755729263313985,0.0,0.008104935913529399,0.0
2021-01-13,Sideways,0,0.8505736913670141,0.14110056823496725,0.0,0.008325740398018781,0.0
2021-01-14,Sideways,0,0.8308697870359784,0.15149507906830384,0.0,0.017635133895718063,0.0
2021-01-15,Sideways,0,0.980164380529427,0.00888372323108545,0.0,0.01095189623948738,0.0
2021-01-19,Sideways,0,0.9059872059992874,0.08674510929971739,0.0,0.00726768470099513,0.0
2021-01-20,Sideways,0,0.9626943783238077,0.029144015001467447,0.0,0.00816160667472486,0.0
2021-01-21,Sideways,0,0.9158610185875238,0.07591969583044711,0.0,0.008219285582029218,0.0
2021-01-22,Sideways,0,0.807750481507605,0.1811851933847187,0.0,0.011064325107676173,0.0
2021-01-25,Sideways,0,0.8180511328790986,0.1511234986915373,0.0,0.030825368429364067,0.0
2021-01-26,Sideways,0,0.7000469095422333,0.28092646183505254,0.0,0.019026628622714384,0.0
2021-01-27,Sideways,0,0.8382228528234825,3.4048419180622474e-05,0.0,0.16174309875733686,0.0
2021-01-28,Sideways,0,0.9767067582217973,0.0002716532176221537,0.0,0.02302158856058045,0.0
2021-01-29,Sideways,0,0.7245915147938137,4.5918683557801987e-07,0.0,0.27540802601935077,0.0
2021-02-01,Sideways,0,0.7975886616422779,1.1290275333232133e-06,0.0,0.2024102093301888,0.0
2021-02-02,Sideways,0,0.7158799552688964,1.9717536772276419e-07,0.0,0.28411984755573605,0.0
2021-02-03,Sideways,0,0.824952581985588,0.0005673486209557308,0.0,0.17448006939345642,0.0
2021-02-04,Sideways,0,0.8723139390618023,3.145961177662095e-05,0.0,0.12765460132642106,0.0
2021-02-05,Sideways,0,0.9230187078811517,3.039073788890214e-08,0.0,0.07698126172811041,0.0
2021-02-08,Sideways,0,0.9865359922260449,4.4137935226505607e-07,0.0,0.013463566394602687,0.0
2021-02-09,Sideways,0,0.9892842930936356,1.008062580353632e-05,0.0,0.010705626280560722,0.0
2021-02-10,Sideways,0,0.9907152046904785,4.428545277357554e-05,0.0,0.00924050985674787,0.0
2021-02-11,Sideways,0,0.9906164408956679,0.0002124109161148365,0.0,0.009171148188217106,0.0
2021-02-12,Sideways,0,0.9904800369959776,0.00018107045219288324,0.0,0.009338892551829575,0.0
2021-02-16,Sideways,0,0.984739660007598,0.0004948770881416609,0.0,0.01476546290426026,0.0
2021-02-17,Sideways,0,0.9625755257649968,0.0041936576153875325,0.0,0.033230816619615564,0.0
2021-02-18,Sideways,0,0.9831964813613595,0.000698453551840049,0.0,0.01610506508680053,0.0
2021-02-19,Sideways,0,0.984432765655036,0.00013690096819169993,0.0,0.015430333376772309,0.0
2021-02-22,Sideways,0,0.9679504993500609,2.1904163468588935e-05,0.0,0.03202759648647048,0.0
2021-02-23,Sideways,0,0.9816774063649469,0.00011293759089182144,0.0,0.01820965604416131,0.0
2021-02-24,Sideways,0,0.9844523697965603,0.00012145586100054973,0.0,0.015426174342439002,0.0
2021-02-25,Sideways,0,0.8288437239272715,1.4588562406027036e-07,0.0,0.1711561301871044,0.0
2021-02-26,Bull,3,0.28264975693308053,0.0009718346464829443,0.0,0.7163784084204365,0.0
2021-03-01,Sideways,0,0.6123575394747777,9.863500796952054e-05,0.0,0.38754382551725286,0.0
2021-03-02,Bull,3,0.001533932016131391,0.0027378143270665165,0.0,0.9957282536568021,0.0
2021-03-03,Bull,3,0.21377909408238044,5.896395321370758e-05,0.0,0.7861619419644059,0.0
2021-03-04,Sideways,0,0.8104916647399016,7.214464437823213e-05,0.0,0.1894361906157202,0.0
2021-03-05,Sideways,0,0.9290660938840081,1.4474201457207247e-05,0.0,0.07091943191453473,0.0
2021-03-08,Sideways,0,0.8528152882735952,8.822750181142208e-08,0.0,0.1471846234989029,0.0
2021-03-09,Sideways,0,0.8909566176634606,3.1154663556735286e-08,0.0,0.1090433511818759,0.0
2021-03-10,Sideways,0,0.9714943169796267,2.5068348858219746e-08,0.0,0.02850565795202432,0.0
2021-03-11,Sideways,0,0.9545554847262515,5.563089485188066e-11,0.0,0.0454445152181176,0.0
2021-03-12,Sideways,0,0.9816383309286804,6.12872745116398e-08,0.0,0.018361607784045046,0.0
2021-03-15,Sideways,0,0.9767222526500493,3.573089961664168e-09,0.0,0.02327774377686065,0.0
2021-03-16,Sideways,0,0.9803771009430103,2.6803530472296445e-07,0.0,0.01962263102168518,0.0
2021-03-17,Sideways,0,0.9840107837006092,1.000039039669172e-06,0.0,0.01598821626035117,0.0
2021-03-18,Sideways,0,0.9216596613007945,2.9483770611113353e-07,0.0,0.07834004386149944,0.0
2021-03-19,Sideways,0,0.9378240476658728,9.060472165260334e-07,0.0,0.0621750462869106,0.0
2021-03-22,Sideways,0,0.9489507645498511,3.3562798368467226e-06,0.0,0.051045879170312024,0.0
2021-03-23,Sideways,0,0.8816204613161045,8.77400780368973e-06,0.0,0.11837076467609178,0.0
2021-03-24,Sideways,0,0.7860219230471805,1.3973624751088728e-06,0.0,0.2139766795903444,0.0
2021-03-25,Sideways,0,0.9642206304507893,1.0857046212879014e-06,0.0,0.0357782838445892,0.0
2021-03-26,Sideways,0,0.4996249704179701,0.0009425492783126431,0.0,0.49943248030371723,0.0
2021-03-29,Bull,3,0.11657992116428094,0.004579304398034522,0.0,0.8788407744376846,0.0
2021-03-30,Sideways,0,0.9862825541768986,0.0012419141704954784,0.0,0.012475531652605926,0.0
2021-03-31,Sideways,0,0.9550436185822104,0.0035765094078639174,0.0,0.041379872009925454,0.0
2021-04-01,Bull,3,0.33147606449128314,0.08915744067738345,0.0,0.5793664948313335,0.0
2021-04-05,Bull,3,0.0001284974054121509,0.00023488012953388142,0.0,0.9996366224650541,0.0
2021-04-06,Sideways,0,0.4804154421453467,0.3434949488855373,0.0,0.17608960896911605,0.0
2021-04-07,Unknown,1,0.1798847899550012,0.5307945805476842,0.0,0.2893206294973145,0.0
2021-04-08,Sideways,0,0.8304505740934347,0.1333333322326483,0.0,0.03621609367391677,0.0
2021-04-09,Sideways,0,0.8562090284523975,0.12794609756963704,0.0,0.0158448739779656,0.0
2021-04-12,Sideways,0,0.8687679258238801,0.1255070102592078,0.0,0.005725063916912002,0.0
2021-04-13,Sideways,0,0.9185551586185646,0.0749360435394722,0.0,0.006508797841963054,0.0
2021-04-14,Sideways,0,0.9784912052694601,0.011131998145292893,0.0,0.010376796585246904,0.0
2021-04-15,Sideways,0,0.9485876699391544,0.04426351268193353,0.0,0.007148817378912086,0.0
2021-04-16,Sideways,0,0.952125322838014,0.04046055390021251,0.0,0.007414123261773321,0.0
2021-04-19,Sideways,0,0.7404206654657024,0.23288714786843748,0.0,0.026692186665860228,0.0
2021-04-20,Sideways,0,0.8026493226709724,0.12443268932783318,0.0,0.07291798800119441,0.0
2021-04-21,Sideways,0,0.7482890406273957,0.23691506279558006,0.0,0.01479589657702445,0.0
2021-04-22,Sideways,0,0.6760549002360108,0.1920602324188823,0.0,0.13188486734510688,0.0
2021-04-23,Bull,3,0.12529525966432603,0.1878818511648348,0.0,0.6868228891708391,0.0
2021-04-26,Unknown,1,0.23519612329726297,0.6149618946085733,0.0,0.14984198209416372,0.0
2021-04-27,Sideways,0,0.5922378831869023,0.4010393469087573,0.0,0.006722769904340468,0.0
2021-04-28,Sideways,0,0.6443990481962117,0.34288049284643646,0.0,0.01272045895735194,0.0
2021-04-29,Unknown,1,0.3666229120610544,0.6170272256998083,0.0,0.016349862239137477,0.0
2021-04-30,Sideways,0,0.6270362237086095,0.35693398626758344,0.0,0.016029790023807187,0.0
2021-05-03,Sideways,0,0.8152381804233501,0.17756836613988045,0.0,0.007193453436769399,0.0
2021-05-04,Sideways,0,0.8864228449677989,0.10782615460741765,0.0,0.005751000424783545,0.0
2021-05-05,Sideways,0,0.8611135344176148,0.13398764715986486,0.0,0.004898818422520316,0.0
2021-05-06,Sideways,0,0.9591718671755779,0.024189438486715623,0.0,0.01663869433770659,0.0
2021-05-07,Sideways,0,0.9120087119791279,0.07540861617617557,0.0,0.012582671844696556,0.0
2021-05-10,Sideways,0,0.9095694843735912,0.0815358295292,0.0,0.008894686097208707,0.0
2021-05-11,Sideways,0,0.952353255998227,0.03610765971492893,0.0,0.011539084286844194,0.0
2021-05-12,Sideways,0,0.8344934857455726,1.5146123788447876e-05,0.0,0.16549136813063892,0.0
2021-05-13,Sideways,0,0.9657711350226603,3.6848642563363354e-05,0.0,0.03419201633477642,0.0
2021-05-14,Sideways,0,0.5646717390547319,1.954881070987319e-07,0.0,0.435328065457161,0.0
2021-05-17,Sideways,0,0.9343325877073616,3.075706122274455e-05,0.0,0.06563665523141571,0.0
2021-05-18,Sideways,0,0.9827794920856331,0.00015545675376128906,0.0,0.017065051160605544,0.0
2021-05-19,Sideways,0,0.9736828851620345,0.0001743686133163906,0.0,0.026142746224649058,0.0
2021-05-20,Sideways,0,0.9850330253876658,6.331802996948652e-05,0.0,0.014903656582364628,0.0
2021-05-21,Sideways,0,0.9634523565521114,8.054974571698656e-05,0.0,0.03646709370217166,0.0
2021-05-24,Sideways,0,0.967527529061106,2.8663370134083678e-05,0.0,0.03244380756876012,0.0
2021-05-25,Sideways,0,0.9867947769188883,0.00016597342067587597,0.0,0.0130392496604359,0.0
2021-05-26,Sideways,0,0.9871064679786102,0.0001347490134596158,0.0,0.012758783007929987,0.0
2021-05-27,Sideways,0,0.9896673377304878,0.00047880518852217206,0.0,0.00985385708098976,0.0
2021-05-28,Sideways,0,0.9857775856110501,0.00040817441560238755,0.0,0.01381423997334747,0.0
2021-06-01,Sideways,0,0.9894780170739726,0.0015250262151570665,0.0,0.008996956710870207,0.0
2021-06-02,Sideways,0,0.9899371662911413,0.0018370042778451938,0.0,0.008225829431013928,0.0
2021-06-03,Sideways,0,0.983819209905306,0.006316465185084276,0.0,0.009864324909609447,0.0
2021-06-04,Sideways,0,0.9851634903840604,0.00415947045209255,0.0,0.01067703916384665,0.0
2021-06-07,Sideways,0,0.988985518503341,0.0029991649971532917,0.0,0.008015316499505907,0.0
2021-06-08,Sideways,0,0.9852339850261657,0.0016124839959031408,0.0,0.01315353097793113,0.0
2021-06-09,Sideways,0,0.9744665623833428,0.014726809980047492,0.0,0.010806627636609414,0.0
2021-06-10,Sideways,0,0.8436066550215948,0.13011853621922773,0.0,0.026274808759177627,0.0
2021-06-11,Unknown,1,0.0022705516684129352,0.9557013035141035,0.0,0.042028144817483626,0.0
2021-06-14,Unknown,1,0.015630557808897057,0.9777304426082531,0.0,0.006638999582850163,0.0
2021-06-15,Unknown,1,0.07386383822513821,0.9230005912241974,0.0,0.003135570550664046,0.0
2021-06-16,Unknown,1,0.07187740051981098,0.9206119008341983,0.0,0.0075106986459907,0.0
2021-06-17,Unknown,1,0.008892638123829462,0.9875658644322666,0.0,0.003541497443903949,0.0
2021-06-18,Unknown,1,0.07155585619029099,0.8371985792872549,0.0,0.09124556452245396,0.0
2021-06-21,Unknown,1,0.3115515972860845,0.6672710095528892,0.0,0.02117739316102641,0.0
2021-06-22,Unknown,1,0.22626683489066682,0.7509577148851865,0.0,0.022775450224146454,0.0
2021-06-23,Unknown,1,0.21289472737527046,0.7818321508691473,0.0,0.005273121755582632,0.0
2021-06-24,Unknown,1,0.20132805461532968,0.7919750806780982,0.0,0.0066968647065721205,0.0
2021-06-25,Sideways,0,0.6351275209068119,0.28137008591150814,0.0,0.08350239318167996,0.0
2021-06-28,Unknown,1,0.262855322265386,0.730570208975113,0.0,0.006574468759500998,0.0
2021-06-29,Unknown,1,0.2519624590330919,0.7441678535130398,0.0,0.0038696874538678505,0.0
2021-06-30,Unknown,1,0.2118363972591342,0.7837926247406557,0.0,0.004370978000209776,0.0
2021-07-01,Unknown,1,0.2814520121296428,0.7147627578415902,0.0,0.003785230028766826,0.0
2021-07-02,Unknown,1,0.27464235796096526,0.717394003407494,0.0,0.00796363863154072,0.0
2021-07-06,Unknown,1,0.32584867342281343,0.671456540148635,0.0,0.0026947864285513604,0.0
2021-07-07,Unknown,1,0.31581645420214116,0.6811674092892235,0.0,0.0030161365086357394,0.0
2021-07-08,Sideways,0,0.5034005761042674,0.4904963334403948,0.0,0.006103090455338042,0.0
2021-07-09,Unknown,1,0.39208816612212966,0.6043126427241765,0.0,0.0035991911536941965,0.0
2021-07-12,Sideways,0,0.555999114923537,0.44034596509016843,0.0,0.003654919986294284,0.0
2021-07-13,Sideways,0,0.5562944416004661,0.44080779064434195,0.0,0.002897767755192234,0.0
2021-07-14,Sideways,0,0.5959013553873587,0.401297673515113,0.0,0.0028009710975281437,0.0
2021-07-15,Sideways,0,0.633175585247501,0.3615467541699585,0.0,0.0052776605825406026,0.0
2021-07-16,Sideways,0,0.6579060163199105,0.33265464643898895,0.0,0.009439337241100439,0.0
2021-07-19,Sideways,0,0.9409594227265671,0.004738447082603975,0.0,0.05430213019082906,0.0
2021-07-20,Bull,3,0.22247037887445806,0.3286790273021922,0.0,0.44885059382334985,0.0
2021-07-21,Sideways,0,0.8432285375502071,0.06620455331729799,0.0,0.09056690913249478,0.0
2021-07-22,Sideways,0,0.8188071718272849,0.1602234512710113,0.0,0.0209693769017039,0.0
2021-07-23,Sideways,0,0.7981670506559134,0.1643383202535815,0.0,0.03749462909050512,0.0
2021-07-26,Sideways,0,0.9613568854637248,0.010520907632357475,0.0,0.028122206903917688,0.0
2021-07-27,Sideways,0,0.7974747237627898,0.1964867396298521,0.0,0.006038536607358234,0.0
2021-07-28,Sideways,0,0.7050192773164178,0.2909732797949827,0.0,0.0040074428885994995,0.0
2021-07-29,Sideways,0,0.7061873537651939,0.28923117130427717,0.0,0.004581474930529247,0.0
2021-07-30,Sideways,0,0.8064138811034044,0.18754227854778288,0.0,0.006043840348813047,0.0
2021-08-02,Sideways,0,0.91214943936424,0.08227397402317604,0.0,0.005576586612583864,0.0
2021-08-03,Sideways,0,0.8919730626177663,0.10362680692849076,0.0,0.00440013045374334,0.0
2021-08-04,Sideways,0,0.8904971366798529,0.10521834516423292,0.0,0.004284518155914281,0.0
2021-08-05,Sideways,0,0.9219200783608053,0.07304796563061743,0.0,0.005031956008577186,0.0
2021-08-06,Sideways,0,0.7158913853046402,0.27950557965117,0.0,0.004603035044189889,0.0
2021-08-09,Sideways,0,0.816285655009371,0.1795025632708473,0.0,0.004211781719781438,0.0
2021-08-10,Sideways,0,0.815062497895694,0.18088548827455747,0.0,0.00405201382974837,0.0
2021-08-11,Sideways,0,0.7531283493177092,0.24337746234232518,0.0,0.0034941883399656716,0.0
2021-08-12,Sideways,0,0.7542816711034475,0.2423074115364714,0.0,0.0034109173600813483,0.0
2021-08-13,Sideways,0,0.6513823568088551,0.34530572826328226,0.0,0.003311914927862536,0.0
2021-08-16,Unknown,1,0.30854060741170614,0.6875221842200041,0.0,0.003937208368289499,0.0
2021-08-17,Unknown,1,0.010942164881477284,0.9850615080405526,0.0,0.003996327077970341,0.0
2021-08-18,Unknown,1,0.2756840764259817,0.7193000006516026,0.0,0.0050159229224156264,0.0
2021-08-19,Unknown,1,0.48401227807303143,0.5124160153849763,0.0,0.0035717065419926105,0.0
2021-08-20,Sideways,0,0.6384974572659149,0.3553334965269587,0.0,0.006169046207126159,0.0
2021-08-23,Sideways,0,0.8087482415059478,0.18236148894459323,0.0,0.008890269549458821,0.0
2021-08-24,Unknown,1,0.44313565373470876,0.5540113683984452,0.0,0.0028529778668457276,0.0
2021-08-25,Unknown,1,0.40975785482004795,0.5858750562204282,0.0,0.004367088959523658,0.0
2021-08-26,Unknown,1,0.3528402283669211,0.6432913035106608,0.0,0.0038684681224183397,0.0
2021-08-27,Unknown,1,0.4231282248613242,0.5743391350984329,0.0,0.0025326400402430832,0.0
2021-08-30,Unknown,1,0.33051201146624853,0.6664372389482477,0.0,0.003050749585503935,0.0
2021-08-31,Unknown,1,0.17552591699733558,0.8227977381490879,0.0,0.0016763448535766872,0.0
2021-09-01,Unknown,1,0.23112059409646576,0.7677272779359239,0.0,0.0011521279676107892,0.0
2021-09-02,Unknown,1,0.13495278586128642,0.8634939666916385,0.0,0.0015532474470750881,0.0
2021-09-03,Unknown,1,0.17404744249050683,0.8249972742422308,0.0,0.0009552832672625385,0.0
2021-09-07,Unknown,1,0.27718378306136,0.7214492060260659,0.0,0.001367010912573957,0.0
2021-09-08,Unknown,1,0.23091673575643126,0.7677212294413535,0.0,0.001362034802214802,0.0
2021-09-09,Unknown,1,0.34819142299834777,0.649510476072388,0.0,0.0022981009292640637,0.0
2021-09-10,Sideways,0,0.8101417048323112,0.18303293546090754,0.0,0.006825359706781418,0.0
2021-09-13,Sideways,0,0.7458188316570009,0.249642328857229,0.0,0.004538839485770441,0.0
2021-09-14,Sideways,0,0.8113606220473707,0.18251859408055818,0.0,0.006120783872070916,0.0
2021-09-15,Sideways,0,0.791521320097827,0.20350173340763159,0.0,0.004976946494540962,0.0
2021-09-16,Unknown,1,0.4905102926858333,0.5051180995884357,0.0,0.0043716077257311275,0.0
2021-09-17,Unknown,1,0.0766948343320537,0.9184988255681524,0.0,0.004806340099793774,0.0
2021-09-20,Sideways,0,0.8119256485203208,0.08957077503745055,0.0,0.0985035764422285,0.0
2021-09-21,Sideways,0,0.911507875070884,0.055160351303823525,0.0,0.03333177362529265,0.0
2021-09-22,Sideways,0,0.9671855422832687,0.0005512892094616732,0.0,0.0322631685072698,0.0
2021-09-23,Sideways,0,0.9143008734584509,4.5295516400123115e-05,0.0,0.08565383102514908,0.0
2021-09-24,Sideways,0,0.9777529818530903,0.0012620830326699726,0.0,0.020984935114239812,0.0
2021-09-27,Sideways,0,0.9615994971312357,0.005891113798909824,0.0,0.032509389069854275,0.0
2021-09-28,Sideways,0,0.7898485418714646,0.00011955270553412725,0.0,0.21003190542300126,0.0
2021-09-29,Sideways,0,0.9573505456573688,0.00045231267933518935,0.0,0.04219714166329583,0.0
2021-09-30,Sideways,0,0.9113662143650256,5.143433625670603e-06,0.0,0.08862864220134867,0.0
2021-10-01,Sideways,0,0.9081776666665939,4.0512438434697433e-07,0.0,0.09182192820902184,0.0
2021-10-04,Sideways,0,0.8359399184077116,8.637738215706782e-08,0.0,0.16405999521490602,0.0
2021-10-05,Sideways,0,0.9402931456874939,2.71624028750494e-07,0.0,0.05970658268847755,0.0
2021-10-06,Sideways,0,0.9526700050626193,2.2489197964095764e-07,0.0,0.04732977004540108,0.0
2021-10-07,Sideways,0,0.9497067164165381,1.19427745078277e-08,0.0,0.05029327164068731,0.0
2021-10-08,Sideways,0,0.9686251022368241,9.507624785405872e-07,0.0,0.03137394700069729,0.0
2021-10-11,Sideways,0,0.9066844681184887,1.6433433629880315e-06,0.0,0.09331388853814836,0.0
2021-10-12,Sideways,0,0.9563368646685579,1.0456240778367416e-05,0.0,0.043652679090663726,0.0
2021-10-13,Sideways,0,0.9458253702563271,4.023867731730898e-05,0.0,0.054134391066355425,0.0
2021-10-14,Sideways,0,0.9324920557170309,6.00673391318393e-07,0.0,0.06750734360957782,0.0
2021-10-15,Sideways,0,0.9538753850595159,1.4403571645035247e-06,0.0,0.04612317458331963,0.0
2021-10-18,Sideways,0,0.9242666265957514,1.1021313292393784e-05,0.0,0.0757223520909563,0.0
2021-10-19,Bull,3,0.1303819441561426,0.00011981100932836493,0.0,0.869498244834529,0.0
2021-10-20,Bull,3,0.11642019178859699,0.0003094880905099247,0.0,0.8832703201208931,0.0
2021-10-21,Sideways,0,0.8088669880847315,0.03688932325634624,0.0,0.15424368865892224,0.0
2021-10-22,Sideways,0,0.9615618336764522,0.018616571045544403,0.0,0.019821595278003284,0.0
2021-10-25,Sideways,0,0.9648258824695649,0.015405068585828234,0.0,0.019769048944606942,0.0
2021-10-26,Sideways,0,0.8781286605669494,0.09596150726773403,0.0,0.025909832165316306,0.0
2021-10-27,Unknown,1,0.019047462455118683,0.9526482555743778,0.0,0.02830428197050355,0.0
2021-10-28,Unknown,1,0.013567613831689685,0.9661917022739565,0.0,0.020240683894353934,0.0
2021-10-29,Unknown,1,0.0003338020040595665,0.9375441065811227,0.0,0.06212209141481749,0.0
2021-11-01,Unknown,1,0.007239228999834631,0.981020075462139,0.0,0.011740695538026648,0.0
2021-11-02,Unknown,1,0.000171947681207584,0.9350362938923474,0.0,0.064791758426445,0.0
2021-11-03,Unknown,1,0.00798201961511729,0.9381478857842313,0.0,0.05387009460065153,0.0
2021-11-04,Unknown,1,0.0076631219748832975,0.977040862023305,0.0,0.015296016001811796,0.0
2021-11-05,Unknown,1,0.0498003805769867,0.9404857968222905,0.0,0.009713822600722932,0.0
2021-11-08,Unknown,1,0.04779769840302232,0.9334399233397578,0.0,0.01876237825721998,0.0
2021-11-09,Unknown,1,0.011223368421611165,0.9455637104679655,0.0,0.043212921110423234,0.0
2021-11-10,Unknown,1,0.009342884619747645,0.8649045712797925,0.0,0.12575254410045975,0.0
2021-11-11,Unknown,1,0.012713930404702587,0.9139740290076019,0.0,0.07331204058769533,0.0
2021-11-12,Unknown,1,0.09519843477832446,0.8982393744643697,0.0,0.006562190757305758,0.0
2021-11-15,Unknown,1,0.14741089740851282,0.8496991871643067,0.0,0.002889915427180667,0.0
2021-11-16,Unknown,1,0.07777059501337111,0.921021558801656,0.0,0.0012078461849725026,0.0
2021-11-17,Unknown,1,0.09535953464769205,0.904084388556259,0.0,0.0005560767960485196,0.0
2021-11-18,Unknown,1,0.07437037175130409,0.9251817231380205,0.0,0.0004479051106752844,0.0
2021-11-19,Unknown,1,0.08027817271198323,0.9192526891428286,0.0,0.00046913814518823087,0.0
2021-11-22,Unknown,1,0.1013762337333243,0.8981001113631273,0.0,0.0005236549035486321,0.0
2021-11-23,Unknown,1,0.12984504104261263,0.8692698807040273,0.0,0.0008850782533598382,0.0
2021-11-24,Unknown,1,0.09626003741195738,0.9030336963966292,0.0,0.0007062661914132912,0.0
2021-11-26,Sideways,0,0.9240199744750369,0.059580778127586165,0.0,0.01639924739737689,0.0
2021-11-29,Sideways,0,0.7341135052509848,0.24867505974174314,0.0,0.017211435007272,0.0
2021-11-30,Sideways,0,0.9530153898594417,0.0031585443759225298,0.0,0.04382606576463573,0.0
2021-12-01,Sideways,0,0.8660875277914277,2.812130094182169e-05,0.0,0.13388435090763062,0.0
2021-12-02,Bull,3,0.34406049717559745,1.4231417365632769e-06,0.0,0.655938079682666,0.0
2021-12-03,Sideways,0,0.9422598101541568,0.00024410612509850863,0.0,0.05749608372074455,0.0
2021-12-06,Bull,3,0.24514249376112626,4.018149451132328e-07,0.0,0.7548571044239286,0.0
2021-12-07,Bull,3,0.2693644223300186,4.280119146394091e-09,0.0,0.7306355733898622,0.0
2021-12-08,Sideways,0,0.761057413946818,3.2731905813945277e-09,0.0,0.23894258277999142,0.0
2021-12-09,Sideways,0,0.9098443263452755,7.350746215680467e-06,0.0,0.09014832290850865,0.0
2021-12-10,Sideways,0,0.9496265104138732,2.097377973136541e-07,0.0,0.050373279848329275,0.0
2021-12-13,Sideways,0,0.9647845313120446,3.647798540470621e-05,0.0,0.03517899070255047,0.0
2021-12-14,Sideways,0,0.8347302496420738,9.50460844530407e-05,0.0,0.16517470427347328,0.0
2021-12-15,Sideways,0,0.5429458791256926,1.6416276986004672e-05,0.0,0.4570377045973214,0.0
2021-12-16,Sideways,0,0.8514522850529456,2.1749490528274664e-05,0.0,0.14852596545652624,0.0
2021-12-17,Sideways,0,0.5941634952323384,2.8793530256360676e-06,0.0,0.4058336254146361,0.0
2021-12-20,Bull,3,0.421710592349026,5.8400317252806445e-08,0.0,0.5782893492506568,0.0
2021-12-21,Sideways,0,0.809143382444736,2.3311785325498683e-07,0.0,0.19085638443741046,0.0
2021-12-22,Bull,3,0.23267721695524174,1.1129883165192593e-07,0.0,0.7673226717459266,0.0
2021-12-23,Sideways,0,0.7114861289719446,4.037273874514407e-07,0.0,0.28851346730066796,0.0
2021-12-27,Sideways,0,0.7871228437936972,8.088285284390474e-10,0.0,0.21287715539747434,0.0
2021-12-28,Bull,3,0.3179786991938257,6.131726727881767e-09,0.0,0.6820212946744476,0.0
2021-12-29,Sideways,0,0.864930516496537,3.0608321167645332e-06,0.0,0.1350664226713464,0.0
2021-12-30,Bull,3,0.12435489676287322,0.03461230329024347,0.0,0.8410327999468833,0.0
2021-12-31,Bull,3,0.0012377025051389962,0.13015115077822798,0.0,0.868611146716633,0.0
2022-01-03,Bull,3,0.09053325808598998,0.36342625643827076,0.0,0.5460404854757394,0.0
2022-01-04,Bull,3,0.004532690999967801,0.4387348487522347,0.0,0.5567324602477974,0.0
2022-01-05,Bull,3,0.07509905765128015,0.0011333973394453969,0.0,0.9237675450092745,0.0
2022-01-06,Sideways,0,0.8705954875179405,0.0004979070807408953,0.0,0.1289066054013184,0.0
2022-01-07,Sideways,0,0.8869654093195974,0.0002683185650502864,0.0,0.11276627211535198,0.0
2022-01-10,Sideways,0,0.8350865812902166,0.0014969361821588149,0.0,0.1634164825276245,0.0
2022-01-11,Sideways,0,0.937260817945541,0.0019917027295492367,0.0,0.06074747932490956,0.0
2022-01-12,Sideways,0,0.942679128299552,0.023157145102836153,0.0,0.03416372659761217,0.0
2022-01-13,Sideways,0,0.750614667924121,0.014649866192946165,0.0,0.2347354658829326,0.0
2022-01-14,Sideways,0,0.9723784264290818,0.0013198761599594582,0.0,0.026301697410958554,0.0
2022-01-18,Sideways,0,0.730242194502218,0.00011205582245889965,0.0,0.2696457496753232,0.0
2022-01-19,Bull,3,0.16387166079570345,1.6767914949097874e-05,0.0,0.8361115712893474,0.0
2022-01-20,Bull,3,0.0010504240416091535,2.5144902617222624e-09,0.0,0.9989495734439007,0.0
2022-01-21,Bull,3,0.07298998275243429,4.2137829648249894e-11,0.0,0.9270100172054279,0.0
2022-01-24,Bull,3,0.13737347330465172,3.411956859788602e-13,0.0,0.8626265266950071,0.0
2022-01-25,Bull,3,0.24799344878762108,9.120853425219829e-13,0.0,0.7520065512114669,0.0
2022-01-26,Bull,3,0.0928177981278184,2.789356483316151e-13,0.0,0.9071822018719026,0.0
2022-01-27,Bull,3,0.0680605313726037,4.4805107682819e-14,0.0,0.9319394686273516,0.0
2022-01-28,Bull,3,0.06804921319283413,1.4816544309499694e-19,0.0,0.9319507868071659,0.0
2022-01-31,Bull,3,0.015853417119916568,7.767035166837066e-24,0.0,0.9841465828800833,0.0
2022-02-01,Bull,3,0.10903383922178381,3.9690869752925197e-23,0.0,0.890966160778216,0.0
2022-02-02,Bull,3,0.05966500528547672,2.0545243840528258e-24,0.0,0.9403349947145235,0.0
2022-02-03,Bull,3,0.0025920725894313813,8.376723152121497e-25,0.0,0.9974079274105685,0.0
2022-02-04,Sideways,0,0.7077677993215457,1.0751904270969964e-13,0.0,0.2922322006783467,0.0
2022-02-07,Sideways,0,0.543426901741303,1.3349134694028993e-11,0.0,0.4565730982453479,0.0
2022-02-08,Bull,3,0.2768587221720642,1.1517106550023983e-11,0.0,0.7231412778164188,0.0
2022-02-09,Bull,3,0.017644082688426328,2.3500618522474955e-13,0.0,0.9823559173113386,0.0
2022-02-10,Bull,3,0.23158529839274336,1.9121678426628318e-13,0.0,0.7684147016070654,0.0
2022-02-11,Bull,3,0.0024646265917979042,1.9563343633983212e-17,0.0,0.9975353734082021,0.0
2022-02-14,Bull,3,0.029456253930392803,1.8669418885572183e-14,0.0,0.9705437460695885,0.0
2022-02-15,Bull,3,0.08656457401096661,4.246969208107098e-13,0.0,0.9134354259886087,0.0
2022-02-16,Bull,3,0.0013402220051947644,2.4791915799955547e-12,0.0,0.9986597779923261,0.0
2022-02-17,Bull,3,0.0003499181861899525,7.634177726629467e-13,0.0,0.9996500818130466,0.0
2022-02-18,Bull,3,2.9434735821515657e-05,2.1014444613820716e-13,0.0,0.9999705652639683,0.0
2022-02-22,Bull,3,7.677529313272788e-09,9.030734967461618e-13,0.0,0.9999999923215677,0.0
2022-02-23,Bull,3,3.1211680279591812e-09,3.486199006133953e-18,0.0,0.9999999968788318,0.0
2022-02-24,Bull,3,5.848762008897403e-14,6.1447911607314155e-22,0.0,0.9999999999999414,0.0
2022-02-25,Bear,4,0.0,0.0,0.008872767525934248,0.0,0.9911272324740655
2022-02-28,Bear,4,0.0,0.0,0.008738535509874398,0.0,0.9912614644901261
2022-03-01,Bull,3,1.216807243270201e-05,4.627142629486583e-16,0.0,0.9999878319275668,0.0
2022-03-02,Bull,3,0.0028692295849232145,5.613763490250737e-23,0.0,0.9971307704150769,0.0
2022-03-03,Bull,3,0.020744641710736093,2.0611257399994985e-18,0.0,0.9792553582892639,0.0
2022-03-04,Bull,3,0.019954313111842086,1.1963545900109143e-15,0.0,0.9800456868881567,0.0
2022-03-07,Bull,3,2.2876828934218856e-05,6.285549113034417e-19,0.0,0.9999771231710659,0.0
2022-03-08,Bull,3,9.464887415318904e-05,8.726806050515443e-21,0.0,0.9999053511258468,0.0
2022-03-09,Bear,4,0.0,0.0,0.009733096926666405,0.0,0.9902669030733336
2022-03-10,Bear,4,0.0,0.0,0.009230892258772664,0.0,0.9907691077412273
2022-03-11,Bear,4,0.0,0.0,0.015803513311100945,0.0,0.9841964866888991
2022-03-14,Bear,4,0.0,0.0,0.013413320891422272,0.0,0.9865866791085777
2022-03-15,Bear,4,0.0,0.0,0.00804327726619349,0.0,0.9919567227338065
2022-03-16,Bear,4,0.0,0.0,0.011036629908367514,0.0,0.9889633700916324
2022-03-17,Bear,4,0.0,0.0,0.005511501118888887,0.0,0.9944884988811111
2022-03-18,Bear,4,0.0,0.0,0.005577579066473277,0.0,0.9944224209335267
2022-03-21,Bear,4,0.0,0.0,0.017612029282453416,0.0,0.9823879707175466
2022-03-22,Bear,4,0.0,0.0,0.010352344790560518,0.0,0.9896476552094395
2022-03-23,Bear,4,0.0,0.0,0.013239855612742714,0.0,0.9867601443872573
2022-03-24,Bear,4,0.0,0.0,0.027203214700255798,0.0,0.9727967852997443
2022-03-25,Bear,4,0.0,0.0,0.010415526888658318,0.0,0.9895844731113417
2022-03-28,Bull,3,1.5957604197288438e-07,9.187883802670899e-09,0.0,0.9999998312360742,0.0
2022-03-29,Bull,3,1.62363201364062e-09,3.184469017166195e-08,0.0,0.9999999665316778,0.0
2022-03-30,Bull,3,1.7777839036947948e-09,2.5825155977346075e-10,0.0,0.9999999979639645,0.0
2022-03-31,Bull,3,1.109516802365787e-08,3.434384585360286e-11,0.0,0.9999999888704881,0.0
2022-04-01,Bull,3,5.230329837229574e-09,9.852465429676869e-09,0.0,0.9999999849172048,0.0
2022-04-04,Bull,3,1.561661385399265e-10,1.0690829418302269e-06,0.0,0.9999989307608921,0.0
2022-04-05,Bull,3,2.783695534973097e-16,1.516770120575451e-08,0.0,0.9999999848322986,0.0
2022-04-06,Bull,3,6.620887049873666e-18,8.910664944701977e-10,0.0,0.9999999991089334,0.0
2022-04-07,Bull,3,1.2920305672961056e-08,7.3087401222522e-05,0.0,0.9999268996784718,0.0
2022-04-08,Bull,3,7.691317396929089e-10,5.297168142103638e-05,0.0,0.9999470275494472,0.0
2022-04-11,Bull,3,2.543942853812613e-14,1.8720687485406794e-09,0.0,0.9999999981279057,0.0
2022-04-12,Bull,3,1.8184053795365793e-15,1.1292925024611834e-08,0.0,0.9999999887070733,0.0
2022-04-13,Bull,3,9.670000441253064e-09,5.972441263584647e-05,0.0,0.9999402659173637,0.0
2022-04-14,Bull,3,0.00011667683991306777,0.0001516425833817118,0.0,0.9997316805767054,0.0
2022-04-18,Bull,3,0.0023159146309111567,0.00030761026276335653,0.0,0.9973764751063255,0.0
2022-04-19,Bull,3,0.0124694727632715,9.246185903308456e-05,0.0,0.9874380653776953,0.0
2022-04-20,Bull,3,0.024177860917008166,7.518781750380949e-05,0.0,0.9757469512654882,0.0
2022-04-21,Bull,3,0.004167723906608121,2.62748210635626e-05,0.0,0.9958060012723283,0.0
2022-04-22,Bull,3,0.0009511481417304094,3.5178226278497173e-10,0.0,0.9990488515064874,0.0
2022-04-25,Bull,3,0.0012941205369484305,3.204580400367252e-09,0.0,0.9987058762584712,0.0
2022-04-26,Bull,3,4.6752443729039894e-08,4.879210181579749e-21,0.0,0.9999999532475561,0.0
2022-04-27,Bull,3,2.9263391439706083e-09,1.330392316679384e-23,0.0,0.9999999970736608,0.0
2022-04-28,Bull,3,4.9208922060029675e-11,9.496525030419841e-25,0.0,0.9999999999507909,0.0
2022-04-29,Bear,4,0.0,0.0,0.023376749928454336,0.0,0.9766232500715458
2022-05-02,Bear,4,0.0,0.0,0.017215772066423173,0.0,0.9827842279335769
2022-05-03,Bear,4,0.0,0.0,0.008328751218256112,0.0,0.991671248781744
2022-05-04,Bear,4,0.0,0.0,0.009428880234272215,0.0,0.9905711197657279
2022-05-05,Bear,4,0.0,0.0,0.01715115460746784,0.0,0.9828488453925321
2022-05-06,Bear,4,0.0,0.0,0.0052438500595337455,0.0,0.9947561499404662
2022-05-09,Bear,4,0.0,0.0,0.01777872002572688,0.0,0.9822212799742729
2022-05-10,Bear,4,0.0,0.0,0.01625273333835873,0.0,0.9837472666616414
2022-05-11,Bear,4,0.0,0.0,0.19494406913127751,0.0,0.8050559308687221
2022-05-12,Bear,4,0.0,0.0,0.013506002139960324,0.0,0.9864939978600397
2022-05-13,Bear,4,0.0,0.0,0.03185146188057166,0.0,0.9681485381194284
2022-05-16,Bear,4,0.0,0.0,0.0034279200926684195,0.0,0.9965720799073315
2022-05-17,Bear,4,0.0,0.0,0.015222538676876047,0.0,0.9847774613231242
2022-05-18,Bear,4,0.0,0.0,0.027104703759975143,0.0,0.9728952962400245
2022-05-19,Bear,4,0.0,0.0,0.01990278492051989,0.0,0.9800972150794803
2022-05-20,Bear,4,0.0,0.0,0.026020401574215802,0.0,0.9739795984257843
2022-05-23,Bear,4,0.0,0.0,0.02801161507173658,0.0,0.9719883849282632
2022-05-24,Bear,4,0.0,0.0,0.05981205134345108,0.0,0.9401879486565485
2022-05-25,Bear,4,0.0,0.0,0.00505974850018293,0.0,0.9949402514998169
2022-05-26,Bear,4,0.0,0.0,0.0178007005005627,0.0,0.9821992994994373
2022-05-27,Bear,4,0.0,0.0,0.03364109536105273,0.0,0.9663589046389472
2022-05-31,Bear,4,0.0,0.0,0.011270389760896102,0.0,0.9887296102391039
2022-06-01,Bear,4,0.0,0.0,0.011980717309685977,0.0,0.988019282690314
2022-06-02,Bear,4,0.0,0.0,0.024795608827329643,0.0,0.9752043911726701
2022-06-03,Bear,4,0.0,0.0,0.012153413666550289,0.0,0.9878465863334496
2022-06-06,Bear,4,0.0,0.0,0.006323011015229172,0.0,0.9936769889847709
2022-06-07,Bear,4,0.0,0.0,0.007444378967588465,0.0,0.9925556210324115
2022-06-08,Bear,4,0.0,0.0,0.03805161787893377,0.0,0.961948382121066
2022-06-09,Bear,4,0.0,0.0,0.03206353439490818,0.0,0.9679364656050918
2022-06-10,Bear,4,0.0,0.0,0.04458196449873289,0.0,0.9554180355012674
2022-06-13,Bear,4,0.0,0.0,0.11676874753382199,0.0,0.8832312524661785
2022-06-14,Bear,4,0.0,0.0,0.008846308584250744,0.0,0.9911536914157493
2022-06-15,Bear,4,0.0,0.0,0.002407263494950807,0.0,0.997592736505049
2022-06-16,Bear,4,0.0,0.0,0.00023900419561815678,0.0,0.9997609958043814
2022-06-17,Bear,4,0.0,0.0,1.0148399909169212e-05,0.0,0.9999898516000908
2022-06-21,Bear,4,0.0,0.0,3.8511008110585824e-06,0.0,0.999996148899189
2022-06-22,Bear,4,0.0,0.0,2.0465002835281387e-06,0.0,0.9999979534997163
2022-06-23,Bear,4,0.0,0.0,2.4920492801072793e-06,0.0,0.9999975079507198
2022-06-24,Bear,4,0.0,0.0,1.9248335179209945e-05,0.0,0.9999807516648207
2022-06-27,Bear,4,0.0,0.0,6.424301096056896e-06,0.0,0.999993575698904
2022-06-28,Bear,4,0.0,0.0,1.4184948558739628e-06,0.0,0.9999985815051442
2022-06-29,Bear,4,0.0,0.0,7.242376707523045e-07,0.0,0.999999275762329
2022-06-30,Bear,4,0.0,0.0,4.0794727972096726e-07,0.0,0.9999995920527202
2022-07-01,Bear,4,0.0,0.0,8.409189806013905e-07,0.0,0.9999991590810194
2022-07-05,Bear,4,0.0,0.0,4.0833227458104284e-07,0.0,0.9999995916677252
2022-07-06,Bear,4,0.0,0.0,2.052049276007049e-07,0.0,0.9999997947950725
2022-07-07,Bear,4,0.0,0.0,2.9805046089564107e-07,0.0,0.9999997019495392
2022-07-08,Bear,4,0.0,0.0,4.4191510251862027e-07,0.0,0.9999995580848977
2022-07-11,Bear,4,0.0,0.0,3.516091024606725e-07,0.0,0.9999996483908974
2022-07-12,Bear,4,0.0,0.0,1.9380790791468848e-07,0.0,0.9999998061920922
2022-07-13,Bear,4,0.0,0.0,2.3078186053455074e-07,0.0,0.9999997692181395
2022-07-14,Bull,3,1.3035071692703418e-21,3.53283082963798e-20,0.0,1.0,0.0
2022-07-15,Bull,3,7.362885930799706e-26,3.4058903324664276e-24,0.0,1.0,0.0
2022-07-18,Bull,3,1.175693157595213e-17,3.717860132349561e-18,0.0,1.0,0.0
2022-07-19,Bull,3,1.498192108082494e-29,8.838077057552365e-27,0.0,1.0,0.0
2022-07-20,Bull,3,7.275653156216887e-27,7.960248325932504e-25,0.0,1.0,0.0
2022-07-21,Bull,3,1.6902669257394356e-17,1.5337119165110038e-21,0.0,1.0,0.0
2022-07-22,Bull,3,7.996366243248995e-18,8.294204695369982e-15,0.0,0.9999999999999916,0.0
2022-07-25,Bull,3,6.3888518620056285e-15,3.294016902217622e-17,0.0,0.9999999999999938,0.0
2022-07-26,Bull,3,6.43520670735443e-11,2.2316346845514772e-10,0.0,0.9999999997124847,0.0
2022-07-27,Bull,3,1.854006616828073e-14,1.4075731874708792e-09,0.0,0.9999999985924083,0.0
2022-07-28,Bull,3,2.9728546549189482e-18,8.911501234534218e-10,0.0,0.99999999910885,0.0
2022-07-29,Bull,3,2.1885528412186516e-18,2.7197667783525517e-12,0.0,0.9999999999972802,0.0
2022-08-01,Bull,3,1.8125168160544576e-18,1.6312959162883697e-12,0.0,0.9999999999983689,0.0
2022-08-02,Bull,3,4.333124627323813e-16,9.829668507269984e-20,0.0,1.0,0.0
2022-08-03,Bull,3,3.37834893151727e-18,3.147818422781035e-11,0.0,0.9999999999685218,0.0
2022-08-04,Bull,3,1.2886965217688463e-18,7.320111295385396e-10,0.0,0.9999999992679889,0.0
2022-08-05,Bull,3,5.3387064395857885e-18,1.6931893081608813e-08,0.0,0.9999999830681069,0.0
2022-08-08,Bull,3,1.861175122651282e-17,1.1272358173673316e-09,0.0,0.9999999988727644,0.0
2022-08-09,Bull,3,3.738824857144254e-17,5.084182292747995e-11,0.0,0.999999999949158,0.0
2022-08-10,Bull,3,1.0422637420857426e-22,1.3124067890411351e-08,0.0,0.9999999868759321,0.0
2022-08-11,Bull,3,5.809053829579244e-23,4.865656327838719e-09,0.0,0.9999999951343437,0.0
2022-08-12,Bull,3,1.1316106792208407e-25,3.0866955601927615e-11,0.0,0.9999999999691331,0.0
2022-08-15,Bull,3,4.7272403399818645e-21,3.5032139260505065e-09,0.0,0.9999999964967861,0.0
2022-08-16,Bull,3,4.467713561164928e-21,5.1606523102992354e-11,0.0,0.9999999999483933,0.0
2022-08-17,Bull,3,3.2562149367053513e-18,4.370019294743425e-06,0.0,0.9999956299807053,0.0
2022-08-18,Bull,3,5.03519141461575e-18,1.3306529771025558e-05,0.0,0.999986693470229,0.0
2022-08-19,Bull,3,1.772050687115442e-19,9.410258590343256e-07,0.0,0.999999058974141,0.0
2022-08-22,Bull,3,6.663736258670554e-20,1.561905659890547e-11,0.0,0.9999999999843809,0.0
2022-08-23,Bull,3,4.5467863028715576e-20,2.650116748437229e-11,0.0,0.999999999973499,0.0
2022-08-24,Bull,3,1.2688432667558058e-19,5.064953352936425e-10,0.0,0.9999999994935047,0.0
2022-08-25,Bull,3,8.838240525568116e-19,7.879915723322129e-09,0.0,0.9999999921200846,0.0
2022-08-26,Bull,3,5.27455681634152e-16,8.181093775566058e-12,0.0,0.9999999999918185,0.0
2022-08-29,Bull,3,3.90553836949483e-13,4.032528406214168e-11,0.0,0.9999999999592841,0.0
2022-08-30,Bull,3,7.913185551048432e-12,8.861992615422969e-12,0.0,0.9999999999832248,0.0
2022-08-31,Bull,3,1.476185776550045e-11,4.4284357545650697e-13,0.0,0.9999999999847953,0.0
2022-09-01,Bull,3,4.328457299785291e-15,2.2903341203981906e-19,0.0,0.9999999999999956,0.0
2022-09-02,Bull,3,3.6070023891879636e-09,4.566163625272551e-13,0.0,0.999999996392541,0.0
2022-09-06,Bull,3,1.5046687771367364e-08,3.392490470492037e-14,0.0,0.9999999849532782,0.0
2022-09-07,Bull,3,2.2437659684519783e-09,1.6634896160300307e-17,0.0,0.9999999977562339,0.0
2022-09-08,Bull,3,1.3113994266597374e-08,3.1645598729814635e-18,0.0,0.9999999868860058,0.0
2022-09-09,Bull,3,1.457784963448603e-10,4.20807080201725e-20,0.0,0.9999999998542215,0.0
2022-09-12,Bull,3,2.6552750943359184e-09,1.434321504509956e-21,0.0,0.9999999973447249,0.0
2022-09-13,Bear,4,0.0,0.0,0.004877481016617308,0.0,0.995122518983383
2022-09-14,Bear,4,0.0,0.0,0.0028335963964600717,0.0,0.9971664036035398
2022-09-15,Bear,4,0.0,0.0,0.003955440786448036,0.0,0.9960445592135521
2022-09-16,Bear,4,0.0,0.0,0.0048357073411650405,0.0,0.9951642926588349
2022-09-19,Bear,4,0.0,0.0,0.006660079342212567,0.0,0.9933399206577872
2022-09-20,Bear,4,0.0,0.0,0.002037731250332001,0.0,0.9979622687496681
2022-09-21,Bull,3,1.940604654061974e-08,1.8245928026774775e-24,0.0,0.9999999805939535,0.0
2022-09-22,Bear,4,0.0,0.0,0.0014643826206439804,0.0,0.9985356173793558
2022-09-23,Bear,4,0.0,0.0,0.0012657513991074512,0.0,0.9987342486008927
2022-09-26,Bull,3,9.238783756471077e-11,1.7394520483439492e-35,0.0,0.9999999999076126,0.0
2022-09-27,Bull,3,9.88541629700766e-07,2.688871817421253e-29,0.0,0.9999990114583702,0.0
2022-09-28,Bull,3,4.684129135584956e-07,2.6975470680261788e-31,0.0,0.9999995315870862,0.0
2022-09-29,Bull,3,3.2568414425387117e-07,3.118111969943778e-30,0.0,0.9999996743158557,0.0
2022-09-30,Bull,3,1.9169991135703974e-07,9.585048020994857e-32,0.0,0.9999998083000887,0.0
2022-10-03,Bear,4,0.0,0.0,0.00010227341402425835,0.0,0.9998977265859759
2022-10-04,Bear,4,0.0,0.0,0.0006906308858483621,0.0,0.9993093691141517
2022-10-05,Bear,4,0.0,0.0,0.0008179892352716297,0.0,0.9991820107647285
2022-10-06,Bear,4,0.0,0.0,0.00022991389265458962,0.0,0.9997700861073453
2022-10-07,Bear,4,0.0,0.0,0.00025942129207043535,0.0,0.9997405787079292
2022-10-10,Bear,4,0.0,0.0,0.0002161972569825372,0.0,0.9997838027430176
2022-10-11,Bear,4,0.0,0.0,0.0005169901457386203,0.0,0.9994830098542614
2022-10-12,Bull,3,1.716633885077149e-08,1.9075058715828163e-29,0.0,0.9999999828336611,0.0
2022-10-13,Bear,4,0.0,0.0,0.00023061990031457202,0.0,0.9997693800996856
2022-10-14,Bear,4,0.0,0.0,4.855096864320402e-05,0.0,0.9999514490313569
2022-10-17,Bear,4,0.0,0.0,7.963619267619884e-05,0.0,0.9999203638073239
2022-10-18,Bear,4,0.0,0.0,0.0001347687921417001,0.0,0.9998652312078584
2022-10-19,Bear,4,0.0,0.0,0.00017274472578697114,0.0,0.9998272552742129
2022-10-20,Bear,4,0.0,0.0,0.00019764066601616264,0.0,0.9998023593339839
2022-10-21,Bear,4,0.0,0.0,0.0006205668562965209,0.0,0.9993794331437037
2022-10-24,Bear,4,0.0,0.0,0.0021318961984250367,0.0,0.9978681038015749
2022-10-25,Bear,4,0.0,0.0,0.008490212072643322,0.0,0.9915097879273567
2022-10-26,Bear,4,0.0,0.0,0.008663044042622064,0.0,0.9913369559573777
2022-10-27,Bear,4,0.0,0.0,0.005030678612380322,0.0,0.9949693213876196
2022-10-28,Bear,4,0.0,0.0,0.012182441345553685,0.0,0.9878175586544461
2022-10-31,Bear,4,0.0,0.0,0.03371766763286608,0.0,0.9662823323671338
2022-11-01,Bear,4,0.0,0.0,0.006186098247802693,0.0,0.9938139017521973
2022-11-02,Bear,4,0.0,0.0,0.005161295591660139,0.0,0.9948387044083399
2022-11-03,Bear,4,0.0,0.0,0.0033261536077871757,0.0,0.9966738463922129
2022-11-04,Bear,4,0.0,0.0,0.000953076663108796,0.0,0.9990469233368912
2022-11-07,Bull,3,1.4815074459044698e-21,1.1252511751719225e-14,0.0,0.9999999999999889,0.0
2022-11-08,Bull,3,3.19221624376193e-23,8.508218738558311e-15,0.0,0.9999999999999916,0.0
2022-11-09,Bear,4,0.0,0.0,0.005928680229459556,0.0,0.9940713197705404
2022-11-10,Bear,4,0.0,0.0,0.048634904185116144,0.0,0.9513650958148843
2022-11-11,Bear,4,0.0,0.0,0.0064843212876004065,0.0,0.9935156787123998
2022-11-14,Bear,4,0.0,0.0,0.026144312447932777,0.0,0.973855687552067
2022-11-15,Bear,4,0.0,0.0,0.005487566187683858,0.0,0.994512433812316
2022-11-16,Bear,4,0.0,0.0,0.01803907639193363,0.0,0.9819609236080663
2022-11-17,Bear,4,0.0,0.0,0.003926013311507797,0.0,0.9960739866884922
2022-11-18,Bear,4,0.0,0.0,0.005470480238377887,0.0,0.9945295197616223
2022-11-21,Bear,4,0.0,0.0,0.0014029013695014254,0.0,0.9985970986304986
2022-11-22,Bear,4,0.0,0.0,0.0005189216023039431,0.0,0.999481078397696
2022-11-23,Bear,4,0.0,0.0,0.0003532059703502613,0.0,0.9996467940296497
2022-11-25,Bear,4,0.0,0.0,0.0006958436358216123,0.0,0.9993041563641782
2022-11-28,Bear,4,0.0,0.0,0.0016730877553220427,0.0,0.998326912244678
2022-11-29,Bear,4,0.0,0.0,0.001138458301314159,0.0,0.9988615416986859
2022-11-30,Bear,4,0.0,0.0,0.0002790524672402514,0.0,0.9997209475327599
2022-12-01,Bear,4,0.0,0.0,0.0004094840914384888,0.0,0.9995905159085614
2022-12-02,Bear,4,0.0,0.0,0.0024245082514614733,0.0,0.9975754917485383
2022-12-05,Bear,4,0.0,0.0,0.01221746886705151,0.0,0.9877825311329484
2022-12-06,Bear,4,0.0,0.0,0.011083479443123089,0.0,0.9889165205568768
2022-12-07,Bear,4,0.0,0.0,0.006194972506684473,0.0,0.9938050274933156
2022-12-08,Bear,4,0.0,0.0,0.003909111631500327,0.0,0.9960908883684997
2022-12-09,Bear,4,0.0,0.0,0.021132461966403917,0.0,0.978867538033596
2022-12-12,Bull,3,2.0948564528297614e-10,4.530679657275312e-05,0.0,0.9999546929939416,0.0
2022-12-13,Bull,3,2.83637144162252e-09,1.3848399916587092e-05,0.0,0.999986148763712,0.0
2022-12-14,Bull,3,2.0604288969272978e-07,8.18409230635136e-05,0.0,0.9999179530340468,0.0
2022-12-15,Bull,3,3.5802985467187723e-09,4.412291282371598e-09,0.0,0.9999999920074102,0.0
2022-12-16,Bull,3,1.3812565244626083e-07,1.1790456556935297e-09,0.0,0.9999998606953019,0.0
2022-12-19,Bull,3,1.08056031574687e-08,7.753087992378597e-12,0.0,0.9999999891866438,0.0
2022-12-20,Bull,3,1.9974466160774588e-10,1.1397851900881976e-15,0.0,0.9999999998002542,0.0
2022-12-21,Bull,3,3.452709142576418e-11,1.4735640681867718e-16,0.0,0.999999999965473,0.0
2022-12-22,Bull,3,1.7897531782444008e-06,1.3476412978467791e-11,0.0,0.9999982102333453,0.0
2022-12-23,Bull,3,6.90219078104763e-06,2.1169947035453003e-12,0.0,0.999993097807102,0.0
2022-12-27,Bull,3,5.376085891182728e-05,2.5778277296260056e-13,0.0,0.9999462391408304,0.0
2022-12-28,Bull,3,0.0008845014393785476,9.99760287312583e-12,0.0,0.9991154985506239,0.0
2022-12-29,Bull,3,1.4182332348489537e-06,6.664054135053669e-15,0.0,0.9999985817667585,0.0
2022-12-30,Bull,3,4.67807874279295e-05,4.701648386328393e-12,0.0,0.9999532192078704,0.0
2023-01-03,Bull,3,5.965535374235726e-05,1.9663629171958187e-11,0.0,0.9999403446265941,0.0
2023-01-04,Bull,3,0.00015103132137269813,7.553903637535077e-12,0.0,0.9998489686710733,0.0
2023-01-05,Bull,3,0.028620974040228692,4.452932062426493e-11,0.0,0.9713790259152421,0.0
2023-01-06,Bull,3,0.00040646237866586696,2.9649752310062534e-11,0.0,0.9995935375916843,0.0
2023-01-09,Bull,3,0.0033774366701075156,2.266707257143092e-09,0.0,0.9966225610631853,0.0
2023-01-10,Bull,3,0.010612379182864036,4.532955462862043e-10,0.0,0.9893876203638404,0.0
2023-01-11,Bull,3,0.001051410042679898,1.086587760329994e-09,0.0,0.9989485888707323,0.0
2023-01-12,Bull,3,0.004533883584895667,3.161245270878637e-13,0.0,0.9954661164147883,0.0
2023-01-13,Bull,3,0.0009690401397939791,4.861751370102405e-08,0.0,0.9990309112426923,0.0
2023-01-17,Bull,3,0.002552820841057682,1.3085954201535504e-08,0.0,0.9974471660729881,0.0
2023-01-18,Bull,3,0.0028353497874721704,2.661760465832515e-06,0.0,0.997161988452062,0.0
2023-01-19,Bull,3,0.00019072599565741712,8.528024152599964e-05,0.0,0.9997239937628165,0.0
2023-01-20,Bull,3,1.2075297318858006e-06,0.0011129542089592622,0.0,0.9988858382613088,0.0
2023-01-23,Bull,3,2.511450053291524e-07,0.0005034597719232442,0.0,0.9994962890830715,0.0
2023-01-24,Bull,3,0.0005186358626303115,0.009368785784773074,0.0,0.9901125783525965,0.0
2023-01-25,Bull,3,3.14340708099293e-05,3.800854466052784e-05,0.0,0.9999305573845295,0.0
2023-01-26,Bull,3,9.672609353564027e-05,3.6180897065005254e-08,0.0,0.9999032377255673,0.0
2023-01-27,Bull,3,1.8515089522470798e-05,0.000558322908972651,0.0,0.9994231620015049,0.0
2023-01-30,Bull,3,3.741509910706795e-08,0.0006117865340354669,0.0,0.9993881760508654,0.0
2023-01-31,Bull,3,8.015370242010312e-05,0.022797934265790173,0.0,0.9771219120317897,0.0
2023-02-01,Bull,3,1.09729795502625e-05,0.005622301079521346,0.0,0.9943667259409285,0.0
2023-02-02,Bull,3,4.670235979049172e-08,0.0012679622850900265,0.0,0.9987319910125502,0.0
2023-02-03,Bull,3,4.330035098587157e-06,0.002241491080648841,0.0,0.9977541788842527,0.0
2023-02-06,Bull,3,1.0700297175237354e-07,7.48234704006558e-07,0.0,0.9999991447623242,0.0
2023-02-07,Bull,3,0.0004392993886512038,0.03774246485797457,0.0,0.9618182357533741,0.0
2023-02-08,Bull,3,9.290017411228441e-05,0.008724557362143174,0.0,0.9911825424637445,0.0
2023-02-09,Bull,3,3.499652824964661e-05,0.0002745353881351766,0.0,0.9996904680836152,0.0
2023-02-10,Bull,3,0.0026120424721437956,0.009636800703644291,0.0,0.9877511568242119,0.0
2023-02-13,Bull,3,0.004392863211042847,0.18736765373738226,0.0,0.8082394830515748,0.0
2023-02-14,Bull,3,0.0006205570329044976,0.12227935511060448,0.0,0.8771000878564911,0.0
2023-02-15,Bull,3,0.003424187664892661,0.2927742978587744,0.0,0.7038015144763329,0.0
2023-02-16,Bull,3,0.004613098965507373,0.04540276234775174,0.0,0.9499841386867408,0.0
2023-02-17,Bull,3,0.0006844957748956853,0.16899116531169822,0.0,0.8303243389134062,0.0
2023-02-21,Bull,3,0.002464077120742029,3.172060380220531e-05,0.0,0.9975042022754558,0.0
2023-02-22,Bull,3,0.00963414679073471,6.963425294681075e-05,0.0,0.9902962189563185,0.0
2023-02-23,Bull,3,0.0011504757580011037,4.358574244494433e-06,0.0,0.9988451656677544,0.0
2023-02-24,Bull,3,0.022426213254156748,4.776224970441938e-05,0.0,0.9775260244961387,0.0
2023-02-27,Bull,3,0.01765001611923999,1.3613295124784643e-05,0.0,0.9823363705856353,0.0
2023-02-28,Bull,3,0.33226631338130724,0.0001804451151009071,0.0,0.6675532415035919,0.0
2023-03-01,Bull,3,0.4701021272829501,0.00024602442104019366,0.0,0.5296518482960098,0.0
2023-03-02,Bull,3,0.13390395781468054,7.934172169774027e-06,0.0,0.8660881080131497,0.0
2023-03-03,Bull,3,0.04418789525835649,8.53955910489352e-08,0.0,0.9558120193460525,0.0
2023-03-06,Bull,3,0.006442913480718621,1.7018389245434338e-06,0.0,0.9935553846803568,0.0
2023-03-07,Bull,3,0.2883756128970116,3.912134280355681e-05,0.0,0.7115852657601849,0.0
2023-03-08,Sideways,0,0.7102022425529045,2.8450087756441183e-05,0.0,0.2897693073593391,0.0
2023-03-09,Bull,3,0.02082436559562367,2.5610495721310407e-07,0.0,0.979175378299419,0.0
2023-03-10,Bull,3,0.02733362916546704,7.421470650419393e-10,0.0,0.9726663700923859,0.0
2023-03-13,Bull,3,0.042228572190843375,4.189262680510844e-11,0.0,0.957771427767264,0.0
2023-03-14,Bull,3,0.10606013414186637,5.244404722589523e-10,0.0,0.8939398653336931,0.0
2023-03-15,Bull,3,0.05978064835843817,5.884220586150847e-10,0.0,0.9402193510531398,0.0
2023-03-16,Bull,3,0.21452604128978978,4.598628861694514e-11,0.0,0.785473958664224,0.0
2023-03-17,Bull,3,0.1329779654961457,1.2142458694818453e-12,0.0,0.86702203450264,0.0
2023-03-20,Sideways,0,0.7277738155806516,7.948468098726769e-12,0.0,0.2722261844113999,0.0
2023-03-21,Sideways,0,0.5088217783671085,2.684379165035795e-10,0.0,0.49117822136445355,0.0
2023-03-22,Bull,3,0.4298792937412519,1.3586562189533292e-07,0.0,0.5701205703931262,0.0
2023-03-23,Bull,3,0.19543892659948192,5.422182693955484e-06,0.0,0.8045556512178239,0.0
2023-03-24,Sideways,0,0.5744767058899727,2.6923447914047044e-07,0.0,0.42552302487554794,0.0
2023-03-27,Bull,3,0.11063059590227496,3.0628068260375595e-05,0.0,0.8893387760294645,0.0
2023-03-28,Bull,3,0.09782204303085607,8.776807609510922e-05,0.0,0.9020901888930489,0.0
2023-03-29,Bull,3,0.07077191603641808,1.914731255025289e-06,0.0,0.929226169232327,0.0
2023-03-30,Bull,3,0.020521283032155033,3.992834141839368e-06,0.0,0.9794747241337033,0.0
2023-03-31,Bull,3,0.04793514788206851,1.2555564535443042e-06,0.0,0.952063596561478,0.0
2023-04-03,Bull,3,0.4491638263146165,2.911763615454145e-07,0.0,0.550835882509022,0.0
2023-04-04,Bull,3,0.09983981081777307,2.5581178075224543e-10,0.0,0.9001601889264153,0.0
2023-04-05,Bull,3,0.06886665627811016,5.9170307223067927e-05,0.0,0.9310741734146668,0.0
2023-04-06,Bull,3,0.0836445711661343,0.0004459179006522016,0.0,0.9159095109332135,0.0
2023-04-10,Bull,3,0.0006671523266680839,0.19548312587587455,0.0,0.8038497217974574,0.0
2023-04-11,Bull,3,1.1581721250389438e-06,0.09761307305957939,0.0,0.9023857687682957,0.0
2023-04-12,Bull,3,9.053307137344549e-07,0.03228691991363473,0.0,0.9677121747556515,0.0
2023-04-13,Bull,3,0.0014296254007764965,0.3933114375784391,0.0,0.6052589370207843,0.0
2023-04-14,Bull,3,0.00010976171173088978,0.3218156397274823,0.0,0.6780745985607869,0.0
2023-04-17,Unknown,1,0.02802462552499975,0.8128217223443712,0.0,0.1591536521306292,0.0
2023-04-18,Unknown,1,0.0011198439849311214,0.815867001816427,0.0,0.18301315419864192,0.0
2023-04-19,Unknown,1,0.05299582827556999,0.6351197458625794,0.0,0.3118844258618506,0.0
2023-04-20,Unknown,1,0.12239955285497787,0.8283353945085309,0.0,0.049265052636491447,0.0
2023-04-21,Unknown,1,0.0030918742210975687,0.9796667680810571,0.0,0.017241357697845343,0.0
2023-04-24,Unknown,1,0.0030859650761851354,0.9851218307646368,0.0,0.011792204159178137,0.0
2023-04-25,Unknown,1,0.1715536528143334,0.5318335764902686,0.0,0.2966127706953978,0.0
2023-04-26,Unknown,1,0.2306156996075083,0.48248923735633836,0.0,0.2868950630361535,0.0
2023-04-27,Unknown,1,0.012403009385918188,0.5531486446945325,0.0,0.43444834591954906,0.0
2023-04-28,Unknown,1,0.08662557137346016,0.6815628276568991,0.0,0.23181160096964085,0.0
2023-05-01,Unknown,1,0.06868221999324758,0.8878249811507798,0.0,0.0434927988559727,0.0
2023-05-02,Sideways,0,0.782111369845885,0.10783116150105783,0.0,0.11005746865305709,0.0
2023-05-03,Sideways,0,0.7414793573356567,0.00754087024826924,0.0,0.250979772416074,0.0
2023-05-04,Sideways,0,0.7128939521125781,0.16730012159852647,0.0,0.11980592628889532,0.0
2023-05-05,Bull,3,0.06547533164145687,0.00666474669640709,0.0,0.927859921662136,0.0
2023-05-08,Bull,3,0.16395452908649413,0.03527258220276409,0.0,0.8007728887107418,0.0
2023-05-09,Sideways,0,0.6151663067516195,0.2102130756423244,0.0,0.17462061760605588,0.0
2023-05-10,Sideways,0,0.7851245878689603,0.08575798508998518,0.0,0.12911742704105447,0.0
2023-05-11,Sideways,0,0.9084220740166565,0.02299171439696897,0.0,0.06858621158637446,0.0
2023-05-12,Sideways,0,0.5800137585356971,0.25048216546083657,0.0,0.16950407600346615,0.0
2023-05-15,Sideways,0,0.6004184134826376,0.22568793241067772,0.0,0.17389365410668467,0.0
2023-05-16,Sideways,0,0.7459924564007089,0.1267512850871053,0.0,0.1272562585121856,0.0
2023-05-17,Sideways,0,0.5097617338236036,0.05346604947736144,0.0,0.4367722166990349,0.0
2023-05-18,Bull,3,0.4271292108301964,0.017769934923893668,0.0,0.5551008542459099,0.0
2023-05-19,Sideways,0,0.7531171936629748,0.08181827106131566,0.0,0.16506453527570966,0.0
2023-05-22,Sideways,0,0.7371074317241088,0.15105443474828031,0.0,0.11183813352761078,0.0
2023-05-23,Sideways,0,0.883959889415315,0.0041263348741374245,0.0,0.11191377571054767,0.0
2023-05-24,Sideways,0,0.5593526174334155,0.3067220480290803,0.0,0.13392533453750402,0.0
2023-05-25,Bull,3,0.12616141775765094,0.13525360637122966,0.0,0.7385849758711195,0.0
2023-05-26,Sideways,0,0.6333906307411544,0.1983277466960961,0.0,0.16828162256274934,0.0
2023-05-30,Sideways,0,0.5800499134967617,0.37635036256082716,0.0,0.04359972394241149,0.0
2023-05-31,Sideways,0,0.9073950334387626,0.06799693663501546,0.0,0.024608029926221672,0.0
2023-06-01,Sideways,0,0.9270555744796325,0.04042919890016744,0.0,0.03251522662019995,0.0
2023-06-02,Sideways,0,0.5878489262750827,0.11515137067610522,0.0,0.296999703048812,0.0
2023-06-05,Unknown,1,0.0304963803738613,0.8856282549421298,0.0,0.08387536468400876,0.0
2023-06-06,Unknown,1,0.27382069871036463,0.7189929408444725,0.0,0.007186360445163006,0.0
2023-06-07,Sideways,0,0.8523811508026703,0.11585431402287436,0.0,0.03176453517445515,0.0
2023-06-08,Unknown,1,0.18129155043452475,0.8084682761185434,0.0,0.010240173446931624,0.0
2023-06-09,Unknown,1,0.07170347496189351,0.9245956046576276,0.0,0.003700920380479206,0.0
2023-06-12,Unknown,1,0.060988377915411576,0.9325862760142076,0.0,0.006425346070380694,0.0
2023-06-13,Unknown,1,0.05429445823923719,0.9336778492640477,0.0,0.01202769249671527,0.0
2023-06-14,Unknown,1,0.30706968768620396,0.6624822126499011,0.0,0.03044809966389504,0.0
2023-06-15,Unknown,1,0.07545372157380671,0.8064096581227377,0.0,0.11813662030345559,0.0
2023-06-16,Sideways,0,0.555748858622065,0.39195475362638343,0.0,0.052296387751551474,0.0
2023-06-20,Sideways,0,0.7307984180469217,0.22740336540039427,0.0,0.04179821655268427,0.0
2023-06-21,Sideways,0,0.7295218310308259,0.215586925936163,0.0,0.05489124303301089,0.0
2023-06-22,Unknown,1,0.3890025491888196,0.5897534478767333,0.0,0.021244002934447163,0.0
2023-06-23,Sideways,0,0.3738701086944574,0.35883697877225096,0.0,0.2672929125332915,0.0
2023-06-26,Unknown,1,0.10339493970744304,0.47737960108797606,0.0,0.4192254592045809,0.0
2023-06-27,Unknown,1,0.043021527200274474,0.9323209037699767,0.0,0.02465756902974901,0.0
2023-06-28,Unknown,1,0.1078684777602195,0.8898395452917072,0.0,0.0022919769480736455,0.0
2023-06-29,Unknown,1,0.10192471287811199,0.8939901202145332,0.0,0.00408516690735446,0.0
2023-06-30,Unknown,1,0.10738325293521463,0.8639762252614822,0.0,0.028640521803303176,0.0
2023-07-03,Unknown,1,0.362184594552697,0.628097822700729,0.0,0.009717582746573987,0.0
2023-07-05,Unknown,1,0.16967603512586554,0.8287110281116629,0.0,0.0016129367624714748,0.0
2023-07-06,Unknown,1,0.343082008495958,0.654255851134176,0.0,0.002662140369865862,0.0
2023-07-07,Unknown,1,0.35825218947520504,0.6392198401297218,0.0,0.002527970395073412,0.0
2023-07-10,Unknown,1,0.46341943808638186,0.5272382891022139,0.0,0.009342272811404316,0.0
2023-07-11,Sideways,0,0.49587938992589514,0.4901478252606183,0.0,0.01397278481348649,0.0
2023-07-12,Unknown,1,0.4639130113507811,0.5142111701098531,0.0,0.021875818539365606,0.0
2023-07-13,Unknown,1,0.4113693583358392,0.5790172411134269,0.0,0.009613400550734084,0.0
2023-07-14,Unknown,1,0.4471375246596988,0.5452278859360034,0.0,0.007634589404298014,0.0
2023-07-17,Sideways,0,0.4976651360936213,0.4941930321091641,0.0,0.008141831797214635,0.0
2023-07-18,Unknown,1,0.24475472895298642,0.7294229649894589,0.0,0.02582230605755466,0.0
2023-07-19,Unknown,1,0.1794079103642568,0.8137098542789826,0.0,0.0068822353567604255,0.0
2023-07-20,Unknown,1,0.28553972080311013,0.7110165805918622,0.0,0.0034436986050272286,0.0
2023-07-21,Unknown,1,0.28883324930547727,0.709228100599151,0.0,0.0019386500953717945,0.0
2023-07-24,Unknown,1,0.2616933746481478,0.736190002079428,0.0,0.0021166232724242253,0.0
2023-07-25,Unknown,1,0.336681195255507,0.6568837183975401,0.0,0.0064350863469531455,0.0
2023-07-26,Unknown,1,0.3173285156214481,0.6711964864629669,0.0,0.011474997915584938,0.0
2023-07-27,Unknown,1,0.35200269503549514,0.6462257010294228,0.0,0.0017716039350823705,0.0
2023-07-28,Unknown,1,0.2125271396507836,0.7858222478973275,0.0,0.0016506124518890016,0.0
2023-07-31,Unknown,1,0.259624735536828,0.738462083010613,0.0,0.0019131814525593092,0.0
2023-08-01,Unknown,1,0.31248339112248136,0.6857944881137764,0.0,0.00172212076374209,0.0
2023-08-02,Sideways,0,0.9206324665048923,0.07082113457556236,0.0,0.008546398919545338,0.0
2023-08-03,Sideways,0,0.8396485110081712,0.1547757069365106,0.0,0.005575782055318514,0.0
2023-08-04,Sideways,0,0.9386700230767452,0.05145595348426118,0.0,0.009874023438993646,0.0
2023-08-07,Sideways,0,0.9010524355841826,0.0493474533410283,0.0,0.049600111074789094,0.0
2023-08-08,Sideways,0,0.8984498220979772,0.07681822745769255,0.0,0.02473195044433025,0.0
2023-08-09,Sideways,0,0.6548142869802076,0.3405716077576879,0.0,0.004614105262104242,0.0
2023-08-10,Sideways,0,0.7050525039406922,0.29116959412146365,0.0,0.003777901937844197,0.0
2023-08-11,Sideways,0,0.6992769409023472,0.2950903761263772,0.0,0.005632682971276131,0.0
2023-08-14,Sideways,0,0.91542542090936,0.07714503696822447,0.0,0.007429542122415391,0.0
2023-08-15,Sideways,0,0.9477872181914757,0.0422075872111952,0.0,0.010005194597328886,0.0
2023-08-16,Sideways,0,0.9300221716966628,0.021975423930451866,0.0,0.048002404372885235,0.0
2023-08-17,Sideways,0,0.9022013461494822,0.003555343966289964,0.0,0.09424330988422784,0.0
2023-08-18,Sideways,0,0.9679686434389339,0.0029046306179785456,0.0,0.029126725943087763,0.0
2023-08-21,Sideways,0,0.9511418226655589,7.546598974969534e-05,0.0,0.048782711344691164,0.0
2023-08-22,Sideways,0,0.9592722516643996,0.0017733732939961783,0.0,0.0389543750416041,0.0
2023-08-23,Sideways,0,0.9516803810435751,0.0002454272336514061,0.0,0.048074191722773385,0.0
2023-08-24,Sideways,0,0.8833010489735779,0.0002539318564180243,0.0,0.11644501917000404,0.0
2023-08-25,Sideways,0,0.9663669494795281,0.00018111952341299183,0.0,0.03345193099705878,0.0
2023-08-28,Sideways,0,0.9455976704829365,0.00010673985739359054,0.0,0.05429558965966976,0.0
2023-08-29,Sideways,0,0.9240105598728311,1.4581681453278177e-06,0.0,0.07598798195902341,0.0
2023-08-30,Sideways,0,0.966845096410258,2.4976081280805267e-05,0.0,0.03312992750846134,0.0
2023-08-31,Sideways,0,0.9705315800349348,0.00015088395201483376,0.0,0.02931753601305042,0.0
2023-09-01,Sideways,0,0.9791287639757799,0.0020742503172388386,0.0,0.01879698570698116,0.0
2023-09-05,Sideways,0,0.9436455063008294,0.03630021462721317,0.0,0.020054279071957594,0.0
2023-09-06,Sideways,0,0.9596937707481493,0.03050982945158397,0.0,0.009796399800267173,0.0
2023-09-07,Sideways,0,0.9517301813717776,0.036068731690588045,0.0,0.012201086937634668,0.0
2023-09-08,Sideways,0,0.8057220788767557,0.17594625633338826,0.0,0.018331664789855723,0.0
2023-09-11,Sideways,0,0.8163539170304654,0.1651289707215855,0.0,0.018517112247949427,0.0
2023-09-12,Sideways,0,0.7880967940665373,0.190787633394228,0.0,0.02111557253923485,0.0
2023-09-13,Sideways,0,0.9057468913257861,0.07800266014269933,0.0,0.016250448531514465,0.0
2023-09-14,Unknown,1,0.409660642083666,0.5487447894172082,0.0,0.04159456849912573,0.0
2023-09-15,Unknown,1,0.11209551256404428,0.7738438163686527,0.0,0.11406067106730276,0.0
2023-09-18,Unknown,1,0.00754836185451179,0.9077881141456365,0.0,0.0846635239998517,0.0
2023-09-19,Unknown,1,0.007541872017308351,0.9027482543958705,0.0,0.08970987358682121,0.0
2023-09-20,Unknown,1,0.14861765919585407,0.5556918944856613,0.0,0.29569044631848473,0.0
2023-09-21,Bull,3,0.04505859054970132,0.00045728575922713183,0.0,0.9544841236910715,0.0
2023-09-22,Sideways,0,0.6115158801269369,0.002925142145175031,0.0,0.385558977727888,0.0
2023-09-25,Bull,3,0.04355955913029234,0.0084531706845954,0.0,0.9479872701851123,0.0
2023-09-26,Bull,3,0.20188472584688325,0.00011153291413939449,0.0,0.7980037412389773,0.0
2023-09-27,Sideways,0,0.6427179208371478,0.00018208494743248492,0.0,0.3570999942154197,0.0
2023-09-28,Sideways,0,0.9266211621273873,0.00022275349638495022,0.0,0.0731560843762278,0.0
2023-09-29,Sideways,0,0.9190825313415554,9.133821104784726e-05,0.0,0.08082613044739666,0.0
2023-10-02,Sideways,0,0.9397848981161501,3.3022035091413116e-05,0.0,0.06018207984875837,0.0
2023-10-03,Sideways,0,0.6617521736493586,5.598937600626212e-06,0.0,0.33824222741304083,0.0
2023-10-04,Sideways,0,0.8997269838006876,1.723568074166347e-06,0.0,0.10027129263123824,0.0
2023-10-05,Sideways,0,0.9035133773291939,1.5072797013324157e-06,0.0,0.0964851153911048,0.0
2023-10-06,Sideways,0,0.8180696908655077,5.691036548761009e-08,0.0,0.18193025222412693,0.0
2023-10-09,Sideways,0,0.8794171575379272,4.898729705064731e-08,0.0,0.12058279347477574,0.0
2023-10-10,Sideways,0,0.9139128152719151,4.969102270348792e-09,0.0,0.08608717975898256,0.0
2023-10-11,Sideways,0,0.9559175498160956,1.839297792220374e-07,0.0,0.044082266254125035,0.0
2023-10-12,Sideways,0,0.9598405730786973,1.354730835772473e-06,0.0,0.04015807219046684,0.0
2023-10-13,Sideways,0,0.9553564121790538,4.671627437956774e-05,0.0,0.04459687154656692,0.0
2023-10-16,Sideways,0,0.9857722150371985,0.0002965446854825047,0.0,0.013931240277318773,0.0
2023-10-17,Sideways,0,0.986839856070489,0.0012731434164299444,0.0,0.011887000513080751,0.0
2023-10-18,Sideways,0,0.9746383013349958,0.0006496748970892894,0.0,0.02471202376791485,0.0
2023-10-19,Sideways,0,0.9449590457873382,0.0006307949472224246,0.0,0.05441015926543935,0.0
2023-10-20,Sideways,0,0.5126247152144432,0.0031323532194163246,0.0,0.48424293156614057,0.0
2023-10-23,Bull,3,0.29480641056025775,0.00014089249133347704,0.0,0.7050526969484088,0.0
2023-10-24,Bull,3,0.35278879955559783,1.8256277942227887e-05,0.0,0.6471929441664599,0.0
2023-10-25,Bull,3,0.033030462263192006,0.00021263794784256112,0.0,0.9667568997889654,0.0
2023-10-26,Bull,3,0.03457663852618676,1.9552193290683198e-05,0.0,0.9654038092805225,0.0
2023-10-27,Bull,3,0.21452592476542764,1.2199005351843319e-05,0.0,0.7854618762292206,0.0
2023-10-30,Bull,3,0.07704583132754773,5.844154872964725e-07,0.0,0.9229535842569649,0.0
2023-10-31,Bull,3,0.013698272603063753,4.929693403039386e-09,0.0,0.9863017224672428,0.0
2023-11-01,Bull,3,0.00012277570665913227,1.8221129451704313e-09,0.0,0.9998772224712278,0.0
2023-11-02,Bull,3,0.0009243755255627225,2.0100767682408584e-13,0.0,0.9990756244742361,0.0
2023-11-03,Bull,3,0.0012100508592617955,1.1785187551901759e-14,0.0,0.9987899491407264,0.0
2023-11-06,Bull,3,0.25691403148055414,4.971602380238698e-10,0.0,0.7430859680222857,0.0
2023-11-07,Sideways,0,0.6390279491102688,5.670055528518992e-09,0.0,0.36097204521967563,0.0
2023-11-08,Sideways,0,0.8332515817409629,5.78109519789155e-07,0.0,0.16674784014951727,0.0
2023-11-09,Sideways,0,0.8655915755961604,0.0005767955928321659,0.0,0.13383162881100746,0.0
2023-11-10,Sideways,0,0.6486122820333331,0.018547672623219148,0.0,0.3328400453434479,0.0
2023-11-13,Sideways,0,0.5095416305876761,0.07032395325190227,0.0,0.42013441616042135,0.0
2023-11-14,Bull,3,0.27184381512929756,0.005070657524323632,0.0,0.7230855273463789,0.0
2023-11-15,Bull,3,0.26082701846267253,0.0023168463517014154,0.0,0.736856135185626,0.0
2023-11-16,Bull,3,0.11301024075260553,2.9188862091439003e-05,0.0,0.8869605703853031,0.0
2023-11-17,Bull,3,0.025039190193033908,0.06363103002243879,0.0,0.9113297797845274,0.0
2023-11-20,Bull,3,0.0006737165809461621,0.018793576264819478,0.0,0.9805327071542344,0.0
2023-11-21,Bull,3,5.476848307369382e-05,0.39087148522427817,0.0,0.6090737462926481,0.0
2023-11-22,Unknown,1,0.00039446265519617904,0.5798985813347997,0.0,0.4197069560100042,0.0
2023-11-24,Bull,3,5.577401412898494e-06,0.25932223783717595,0.0,0.7406721847614112,0.0
2023-11-27,Bull,3,2.244180349573321e-08,0.0229090461303037,0.0,0.9770909314278928,0.0
2023-11-28,Bull,3,2.3577816279006936e-10,0.001274183589326633,0.0,0.9987258161748953,0.0
2023-11-29,Bull,3,6.263791847531879e-07,0.10077565645156764,0.0,0.8992237171692476,0.0
2023-11-30,Bull,3,3.0807523805551694e-06,0.17477784091890822,0.0,0.8252190783287112,0.0
2023-12-01,Unknown,1,6.722984345550004e-05,0.6474660257126995,0.0,0.352466744443845,0.0
2023-12-04,Unknown,1,0.004243299905518352,0.9863456859828544,0.0,0.009411014111626974,0.0
2023-12-05,Unknown,1,0.007688148578175106,0.9881690503416577,0.0,0.00414280108016691,0.0
2023-12-06,Unknown,1,0.017927001292051846,0.9760119043144226,0.0,0.006061094393525504,0.0
2023-12-07,Unknown,1,0.003860365093918755,0.9932183539016164,0.0,0.0029212810044644912,0.0
2023-12-08,Unknown,1,0.003797336204724242,0.985213596330365,0.0,0.010989067464910308,0.0
2023-12-11,Unknown,1,0.0028784023885568464,0.9839329870676687,0.0,0.013188610543774357,0.0
2023-12-12,Unknown,1,0.005266693581964639,0.9930668614899704,0.0,0.0016664449280646165,0.0
2023-12-13,Unknown,1,0.0367108037682993,0.8910768817130104,0.0,0.07221231451869042,0.0
2023-12-14,Unknown,1,0.005305609939748981,0.9903717243476414,0.0,0.004322665712609434,0.0
2023-12-15,Unknown,1,0.0050427660994778346,0.9929161761493895,0.0,0.0020410577511327465,0.0
2023-12-18,Unknown,1,0.004619840889313774,0.9927485277467097,0.0,0.0026316313639766684,0.0
2023-12-19,Unknown,1,0.00419506571216998,0.991806099069612,0.0,0.003998835218217952,0.0
2023-12-20,Unknown,1,0.0061635618088419315,0.981160123139938,0.0,0.012676315051220096,0.0
2023-12-21,Unknown,1,0.001548806054965966,0.9931351190490965,0.0,0.005316074895937542,0.0
2023-12-22,Unknown,1,0.0014011288189707547,0.9953547649297053,0.0,0.0032441062513237553,0.0
2023-12-26,Unknown,1,0.0015683602706232987,0.9915697182099846,0.0,0.00686192151939191,0.0
2023-12-27,Unknown,1,0.003901643765179233,0.9714885344921029,0.0,0.024609821742717822,0.0
2023-12-28,Unknown,1,0.006235280706054154,0.9912705891625568,0.0,0.0024941301313888206,0.0
2023-12-29,Unknown,1,0.007379796915309325,0.9894072668267141,0.0,0.0032129362579766023,0.0
2024-01-02,Unknown,1,0.021464789104695542,0.9729480611838542,0.0,0.00558714971145011,0.0
2024-01-03,Unknown,1,0.16721460197606353,0.7762837439733289,0.0,0.05650165405060748,0.0
2024-01-04,Unknown,1,0.4323287578824972,0.47899000279647475,0.0,0.08868123932102794,0.0
2024-01-05,Sideways,0,0.5053059132807279,0.34016013161519976,0.0,0.15453395510407236,0.0
2024-01-08,Bull,3,0.13766037359338212,0.11918346728426063,0.0,0.7431561591223571,0.0
2024-01-09,Unknown,1,0.13815071410562638,0.842440795284355,0.0,0.019408490610018536,0.0
2024-01-10,Unknown,1,0.15019748808518124,0.8441041371963952,0.0,0.005698374718423433,0.0
2024-01-11,Unknown,1,0.251011664937467,0.7454134851110981,0.0,0.003574849951434802,0.0
2024-01-12,Unknown,1,0.32932450961913284,0.6671694623601502,0.0,0.0035060280207166268,0.0
2024-01-16,Unknown,1,0.14719526083278353,0.8500398660038968,0.0,0.0027648731633197893,0.0
2024-01-17,Unknown,1,0.36397547035059075,0.6285771140865812,0.0,0.007447415562827578,0.0
2024-01-18,Unknown,1,0.28156638167642256,0.713119390647047,0.0,0.005314227676530609,0.0
2024-01-19,Unknown,1,0.37761812314399,0.6009084872114877,0.0,0.02147338964452229,0.0
2024-01-22,Unknown,1,0.2488457050647168,0.7374154568287539,0.0,0.013738838106529518,0.0
2024-01-23,Unknown,1,0.25760112568392496,0.740178001849067,0.0,0.002220872467008431,0.0
2024-01-24,Sideways,0,0.7286956508194379,0.2599792807512418,0.0,0.01132506842932028,0.0
2024-01-25,Unknown,1,0.4079380168668703,0.5871764630438407,0.0,0.004885520089288991,0.0
2024-01-26,Unknown,1,0.17197116361211032,0.8259533519390239,0.0,0.002075484448866021,0.0
2024-01-29,Unknown,1,0.17520545663303397,0.8221588285658696,0.0,0.002635714801096635,0.0
2024-01-30,Unknown,1,0.241395803081503,0.7556922404827803,0.0,0.0029119564357171094,0.0
2024-01-31,Sideways,0,0.9469820695458888,0.024484178914839696,0.0,0.028533751539271273,0.0
2024-02-01,Unknown,1,0.4267132670210417,0.5677943296516524,0.0,0.005492403327305622,0.0
2024-02-02,Unknown,1,0.2008816925955002,0.7881679791042147,0.0,0.01095032830028481,0.0
2024-02-05,Unknown,1,0.1300209606953143,0.854081860888386,0.0,0.015897178416299906,0.0
2024-02-06,Unknown,1,0.10994625220396596,0.8786299929760937,0.0,0.01142375481993998,0.0
2024-02-07,Sideways,0,0.8924980253052163,0.0951578476823871,0.0,0.012344127012396592,0.0
2024-02-08,Unknown,1,0.3764922913702369,0.6184433821888238,0.0,0.0050643264409394465,0.0
2024-02-09,Unknown,1,0.31430034477700886,0.6808217232699567,0.0,0.004877931953034335,0.0
2024-02-12,Unknown,1,0.4697939267118832,0.5245105807493563,0.0,0.005695492538760924,0.0
2024-02-13,Sideways,0,0.9219832986593277,0.05101944690321987,0.0,0.02699725443745222,0.0
2024-02-14,Unknown,1,0.3721064314394923,0.6092886974008119,0.0,0.01860487115969597,0.0
2024-02-15,Unknown,1,0.11194285528975782,0.8504206567204053,0.0,0.037636487989836945,0.0
2024-02-16,Unknown,1,0.4602784448693426,0.5131329556895028,0.0,0.02658859944115468,0.0
2024-02-20,Sideways,0,0.8859885357582332,0.10282559352350117,0.0,0.01118587071826559,0.0
2024-02-21,Sideways,0,0.8993971757379152,0.0917935847049367,0.0,0.00880923955714839,0.0
2024-02-22,Sideways,0,0.8859115197247732,0.0906930385865214,0.0,0.023395441688705255,0.0
2024-02-23,Sideways,0,0.8325254548304345,0.14561042359852272,0.0,0.02186412157104296,0.0
2024-02-26,Sideways,0,0.9449091239708823,0.04537640219785367,0.0,0.009714473831263934,0.0
2024-02-27,Sideways,0,0.972579592198335,0.01618036794962794,0.0,0.011240039852037203,0.0
2024-02-28,Sideways,0,0.9823654510052858,0.004512823907517551,0.0,0.013121725087196688,0.0
2024-02-29,Sideways,0,0.9124403983104834,0.07244633889192746,0.0,0.015113262797589308,0.0
2024-03-01,Unknown,1,0.4285678680284093,0.47280373297110395,0.0,0.09862839900048671,0.0
2024-03-04,Sideways,0,0.6031346661301349,0.39117454412943203,0.0,0.0056907897404330976,0.0
2024-03-05,Sideways,0,0.9341212005813515,0.05804319120847434,0.0,0.007835608210173792,0.0
2024-03-06,Sideways,0,0.7821768292227739,0.21314544171274413,0.0,0.004677729064481623,0.0
2024-03-07,Sideways,0,0.8063810283772642,0.18612460532820532,0.0,0.007494366294530543,0.0
2024-03-08,Sideways,0,0.9153130893730912,0.07505859219589865,0.0,0.009628318431010516,0.0
2024-03-11,Sideways,0,0.917093091524111,0.07504579147834445,0.0,0.007861116997544632,0.0
2024-03-12,Sideways,0,0.9448756057708351,0.04695125579147459,0.0,0.008173138437690188,0.0
2024-03-13,Sideways,0,0.9252694787842143,0.06798933554722979,0.0,0.006741185668555483,0.0
2024-03-14,Sideways,0,0.7081818500327466,0.28059427956168226,0.0,0.011223870405571228,0.0
2024-03-15,Sideways,0,0.8610993715509201,0.13413498198823737,0.0,0.0047656464608429126,0.0
2024-03-18,Sideways,0,0.8430101608193257,0.15307848916858538,0.0,0.003911350012088631,0.0
2024-03-19,Sideways,0,0.873296917783515,0.11551458114930939,0.0,0.01118850106717546,0.0
2024-03-20,Sideways,0,0.794922203781588,0.16159383086545356,0.0,0.0434839653529584,0.0
2024-03-21,Sideways,0,0.6788553670922353,0.2987400065897186,0.0,0.022404626318046097,0.0
2024-03-22,Sideways,0,0.7772951395724264,0.21602318222202194,0.0,0.006681678205551553,0.0
2024-03-25,Sideways,0,0.7117260218629309,0.2835559780531756,0.0,0.0047180000838934,0.0
2024-03-26,Sideways,0,0.589706017925475,0.40751333124959827,0.0,0.002780650824927154,0.0
2024-03-27,Sideways,0,0.7082096880915769,0.2875119220505168,0.0,0.004278389857906644,0.0
2024-03-28,Sideways,0,0.7041380916481886,0.2913055205621791,0.0,0.004556387789632153,0.0
2024-04-01,Sideways,0,0.6702472135860018,0.3265607113843626,0.0,0.003192075029635669,0.0
2024-04-02,Sideways,0,0.8548453809721555,0.13812497950113237,0.0,0.007029639526712293,0.0
2024-04-03,Sideways,0,0.7458729554701801,0.24933294702820016,0.0,0.004794097501620044,0.0
2024-04-04,Sideways,0,0.9417599373261077,0.04481091429341336,0.0,0.013429148380479051,0.0
2024-04-05,Sideways,0,0.911814469612071,0.07942098476323477,0.0,0.00876454562469408,0.0
2024-04-08,Sideways,0,0.8975665574145308,0.09645777316752986,0.0,0.005975669417939067,0.0
2024-04-09,Sideways,0,0.5959337330854868,0.3994102171017055,0.0,0.004656049812807547,0.0
2024-04-10,Sideways,0,0.8072347361373259,0.18399841220587046,0.0,0.008766851656803864,0.0
2024-04-11,Sideways,0,0.7608865760479129,0.22992859945286542,0.0,0.009184824499221471,0.0
2024-04-12,Sideways,0,0.9622718905596487,0.023079126170146198,0.0,0.014648983270205126,0.0
2024-04-15,Sideways,0,0.954210631017445,0.0009090861077253433,0.0,0.04488028287482952,0.0
2024-04-16,Sideways,0,0.9163789223303179,0.0006732811377392408,0.0,0.08294779653194256,0.0
2024-04-17,Sideways,0,0.9329287477643327,0.0011743664697189576,0.0,0.06589688576594852,0.0
2024-04-18,Sideways,0,0.8687239076766057,2.981061866816357e-06,0.0,0.13127311126152746,0.0
2024-04-19,Sideways,0,0.7849519340070396,3.619094919268688e-05,0.0,0.21501187504376773,0.0
2024-04-22,Sideways,0,0.8248417424591546,7.149726279833588e-05,0.0,0.17508676027804693,0.0
2024-04-23,Sideways,0,0.8444202482664634,1.5136720409493126e-06,0.0,0.1555782380614957,0.0
2024-04-24,Sideways,0,0.890219179128569,1.070212075984403e-05,0.0,0.1097701187506713,0.0
2024-04-25,Sideways,0,0.8952702336952907,5.6340300816494245e-05,0.0,0.10467342600389268,0.0
2024-04-26,Sideways,0,0.7051633763998686,7.335659744064844e-07,0.0,0.29483589003415694,0.0
2024-04-29,Sideways,0,0.8819038829603226,5.615718607098816e-06,0.0,0.11809050132107024,0.0
2024-04-30,Sideways,0,0.9081140352627011,2.8990008605717134e-05,0.0,0.09185697472869311,0.0
2024-05-01,Sideways,0,0.9260643685465446,6.403973437980538e-05,0.0,0.07387159171907555,0.0
2024-05-02,Sideways,0,0.951007494179745,1.5913523962762756e-05,0.0,0.048976592296292344,0.0
2024-05-03,Sideways,0,0.8611874752205668,1.1561919649056713e-05,0.0,0.13880096285978405,0.0
2024-05-06,Sideways,0,0.9549837490122246,4.103238587598281e-06,0.0,0.04501214774918791,0.0
2024-05-07,Sideways,0,0.9622871071148879,3.344523938875263e-06,0.0,0.03770954836117333,0.0
2024-05-08,Sideways,0,0.8848770747546303,5.00121467330332e-07,0.0,0.11512242512390239,0.0
2024-05-09,Sideways,0,0.9551665052568139,0.00012661802365571958,0.0,0.04470687671953025,0.0
2024-05-10,Sideways,0,0.9853429848852183,0.000927983179468686,0.0,0.013729031935313156,0.0
2024-05-13,Sideways,0,0.7779386731287423,0.20288048746354273,0.0,0.01918083940771474,0.0
2024-05-14,Unknown,1,0.06265833446888311,0.9090681806956914,0.0,0.02827348483542544,0.0
2024-05-15,Unknown,1,0.11955722256776176,0.7002669582465235,0.0,0.18017581918571474,0.0
2024-05-16,Unknown,1,0.006540786864773388,0.9338212609254433,0.0,0.0596379522097836,0.0
2024-05-17,Unknown,1,0.0032695261843554823,0.9213569705456598,0.0,0.07537350326998465,0.0
2024-05-20,Unknown,1,9.950131589804364e-05,0.8199171185495766,0.0,0.17998338013452536,0.0
2024-05-21,Unknown,1,0.002128485541092682,0.938478149902587,0.0,0.05939336455632017,0.0
2024-05-22,Unknown,1,0.05400938269604244,0.9281005712024883,0.0,0.017890046101469357,0.0
2024-05-23,Unknown,1,0.14600297589006522,0.740386345886045,0.0,0.11361067822388975,0.0
2024-05-24,Unknown,1,0.010929645568263561,0.9658992075272781,0.0,0.023171146904458245,0.0
2024-05-28,Unknown,1,0.08591509279532211,0.9025550109501522,0.0,0.01152989625452569,0.0
2024-05-29,Unknown,1,0.42817477624330474,0.5316646193594973,0.0,0.040160604397198124,0.0
2024-05-30,Unknown,1,0.006467173291365088,0.9010850883724296,0.0,0.09244773833620523,0.0
2024-05-31,Unknown,1,0.00026606191229220413,0.9796644252403134,0.0,0.020069512847394378,0.0
2024-06-03,Unknown,1,0.007747388769075257,0.9760476288930316,0.0,0.016204982337893265,0.0
2024-06-04,Unknown,1,0.07183124498421538,0.9243217192172228,0.0,0.0038470357985620628,0.0
2024-06-05,Unknown,1,0.24141250110255122,0.755179592119464,0.0,0.003407906777984907,0.0
2024-06-06,Unknown,1,0.3402827887087294,0.6544356382014574,0.0,0.0052815730898128745,0.0
2024-06-07,Unknown,1,0.16966311550758412,0.8287679484758361,0.0,0.0015689360165799641,0.0
2024-06-10,Unknown,1,0.2695875025501116,0.7288044886778305,0.0,0.0016080087720579017,0.0
2024-06-11,Unknown,1,0.294929942846755,0.7033579764001435,0.0,0.0017120807531010801,0.0
2024-06-12,Sideways,0,0.5347198114860516,0.4584597972644198,0.0,0.006820391249528758,0.0
2024-06-13,Unknown,1,0.4335074939909463,0.5634622852516377,0.0,0.003030220757415867,0.0
2024-06-14,Unknown,1,0.2837961650073193,0.7137319955477487,0.0,0.002471839444931582,0.0
2024-06-17,Unknown,1,0.4095189906864221,0.5866805741288381,0.0,0.003800435184739806,0.0
2024-06-18,Unknown,1,0.38573827749234485,0.6107745263695312,0.0,0.0034871961381240067,0.0
2024-06-20,Unknown,1,0.32230134085612644,0.6754873330027217,0.0,0.0022113261411514876,0.0
2024-06-21,Unknown,1,0.3501377522115225,0.6474372686885475,0.0,0.00242497909993014,0.0
2024-06-24,Unknown,1,0.4111565113548266,0.586869319064308,0.0,0.001974169580865173,0.0
2024-06-25,Sideways,0,0.5690829854987001,0.4257608989614504,0.0,0.0051561155398494865,0.0
2024-06-26,Sideways,0,0.6369469663273913,0.35784073570172564,0.0,0.005212297970882996,0.0
2024-06-27,Unknown,1,0.44941503150279566,0.5477124793138678,0.0,0.0028724891833369344,0.0
2024-06-28,Unknown,1,0.2928366025686575,0.7049466283167793,0.0,0.002216769114562806,0.0
2024-07-01,Unknown,1,0.09178917699456056,0.9052147362626994,0.0,0.002996086742740474,0.0
2024-07-02,Unknown,1,0.25643529108620194,0.7386203054774269,0.0,0.004944403436371403,0.0
2024-07-03,Unknown,1,0.260681719307626,0.732020710248404,0.0,0.007297570443970064,0.0
2024-07-05,Unknown,1,0.3089457977359242,0.6779636022320146,0.0,0.013090600032061294,0.0
2024-07-08,Unknown,1,0.1636937429921087,0.8342453843356814,0.0,0.002060872672209923,0.0
2024-07-09,Unknown,1,0.14356866055705092,0.8546233159834727,0.0,0.0018080234594762996,0.0
2024-07-10,Unknown,1,0.32180934667908917,0.6701885941540511,0.0,0.008002059166859725,0.0
2024-07-11,Unknown,1,0.2470218452546408,0.7513489452532373,0.0,0.0016292094921220958,0.0
2024-07-12,Unknown,1,0.32622907516634353,0.6711094356987434,0.0,0.00266148913491277,0.0
2024-07-15,Unknown,1,0.3216562725541813,0.676298390114068,0.0,0.0020453373317507757,0.0
2024-07-16,Unknown,1,0.3572577008123699,0.6400511318141616,0.0,0.00269116737346841,0.0
2024-07-17,Sideways,0,0.8969330362089772,0.09782584839826348,0.0,0.005241115392759296,0.0
2024-07-18,Sideways,0,0.9548176962951186,0.02789740980838009,0.0,0.017284893896501338,0.0
2024-07-19,Sideways,0,0.97706235940985,0.006428356788479382,0.0,0.01650928380167073,0.0
2024-07-22,Sideways,0,0.9555896205346929,0.03766410293006567,0.0,0.006746276535241852,0.0
2024-07-23,Sideways,0,0.980679188653999,0.004036709296371298,0.0,0.015284102049629654,0.0
2024-07-24,Sideways,0,0.9480760750179243,0.00029196695739204314,0.0,0.05163195802468373,0.0
2024-07-25,Sideways,0,0.9581911000781548,0.0004492051900401903,0.0,0.04135969473180514,0.0
2024-07-26,Sideways,0,0.9827983591862106,0.0027948187396531856,0.0,0.014406822074135774,0.0
2024-07-29,Sideways,0,0.9499718766331864,6.552942573916491e-05,0.0,0.049962593941074336,0.0
2024-07-30,Sideways,0,0.9103465444953773,5.669880873201743e-05,0.0,0.08959675669589076,0.0
2024-07-31,Sideways,0,0.9555489464987499,4.059607053534212e-05,0.0,0.044410457430714714,0.0
2024-08-01,Sideways,0,0.9762627432121299,3.541537244498806e-05,0.0,0.023701841415425143,0.0
2024-08-02,Sideways,0,0.8837379482888882,5.376888253379922e-07,0.0,0.11626151402228656,0.0
2024-08-05,Bull,3,0.010192718680633537,1.1100429414316355e-15,0.0,0.9898072813193654,0.0
2024-08-06,Bull,3,0.1898670766598618,1.2353073336364957e-13,0.0,0.8101329233400146,0.0
2024-08-07,Bull,3,0.0017382706885385952,8.231916641827947e-22,0.0,0.9982617293114615,0.0
2024-08-08,Bull,3,0.0022113945082992306,5.62103540367777e-22,0.0,0.9977886054917008,0.0
2024-08-09,Bull,3,0.19269930378255304,2.325798573839311e-17,0.0,0.8073006962174469,0.0
2024-08-12,Bull,3,0.2969850719196401,4.2489143275257536e-19,0.0,0.7030149280803598,0.0
2024-08-13,Bull,3,0.3706148992684909,1.7351467971673565e-20,0.0,0.6293851007315093,0.0
2024-08-14,Bull,3,0.10480452647608249,1.5233657752498056e-22,0.0,0.8951954735239179,0.0
2024-08-15,Sideways,0,0.6290856113976958,8.976953502286994e-18,0.0,0.370914388602304,0.0
2024-08-16,Sideways,0,0.8395493440362592,1.4794809385949723e-14,0.0,0.16045065596372593,0.0
2024-08-19,Sideways,0,0.7643449187757729,2.2593347267927523e-14,0.0,0.23565508122420445,0.0
2024-08-20,Sideways,0,0.8994898032163702,2.90834640980859e-11,0.0,0.10051019675454638,0.0
2024-08-21,Sideways,0,0.8656913550773093,5.4524343536595885e-11,0.0,0.13430864486816638,0.0
2024-08-22,Bull,3,0.3433925612928856,8.278969644571213e-05,0.0,0.6565246490106688,0.0
2024-08-23,Bull,3,0.08537604278218089,0.00024198760466700154,0.0,0.9143819696131521,0.0
2024-08-26,Bull,3,0.49261303494143877,0.00015015927435646262,0.0,0.5072368057842048,0.0
2024-08-27,Bull,3,0.49515119361834864,7.098447952627386e-05,0.0,0.5047778219021251,0.0
2024-08-28,Bull,3,0.12410079127012962,4.6127125735372554e-05,0.0,0.875853081604135,0.0
2024-08-29,Sideways,0,0.6029811404253781,3.4853085880632746e-07,0.0,0.39701851104376307,0.0
2024-08-30,Bull,3,0.38887226864159896,0.004440231953315361,0.0,0.6066874994050856,0.0
2024-09-03,Bull,3,0.00023317883898580543,2.304402803548349e-05,0.0,0.9997437771329788,0.0
2024-09-04,Bull,3,6.679255541720839e-11,0.0005079892184556729,0.0,0.9994920107147517,0.0
2024-09-05,Bull,3,4.86777346260894e-08,0.007729376651930623,0.0,0.9922705746703347,0.0
2024-09-06,Bull,3,8.578855347281174e-11,6.651198085974611e-06,0.0,0.9999933487161254,0.0
2024-09-09,Bull,3,3.633954090152597e-05,4.2689659754136316e-05,0.0,0.9999209707993443,0.0
2024-09-10,Bull,3,0.0026259873561272724,0.09283734511203773,0.0,0.904536667531835,0.0
2024-09-11,Bull,3,0.0012023337180026917,0.012785109951365975,0.0,0.9860125563306313,0.0
2024-09-12,Sideways,0,0.5028131659329392,0.03406978689299809,0.0,0.46311704717406266,0.0
2024-09-13,Sideways,0,0.6551425299021085,7.595615800161886e-05,0.0,0.3447815139398897,0.0
2024-09-16,Sideways,0,0.9840555827483857,0.0004317410778711299,0.0,0.015512676173743184,0.0
2024-09-17,Sideways,0,0.9860337665850131,0.0009648470611631099,0.0,0.013001386353824234,0.0
2024-09-18,Sideways,0,0.9819754042434969,0.005673794942616606,0.0,0.01235080081388667,0.0
2024-09-19,Sideways,0,0.9731673275627706,0.005581280870455562,0.0,0.021251391566773966,0.0
2024-09-20,Sideways,0,0.9609739858309985,0.01866687186882226,0.0,0.020359142300179156,0.0
2024-09-23,Sideways,0,0.918117244998647,0.06630983976026213,0.0,0.015572915241090786,0.0
2024-09-24,Sideways,0,0.9382569874216828,0.03804186331934246,0.0,0.023701149258974714,0.0
2024-09-25,Sideways,0,0.9629924734723854,0.012772524519668912,0.0,0.024235002007945566,0.0
2024-09-26,Sideways,0,0.7413664375647118,0.2231282999884257,0.0,0.03550526244686233,0.0
2024-09-27,Sideways,0,0.7186434806918384,0.2631307818754255,0.0,0.018225737432736266,0.0
2024-09-30,Sideways,0,0.6363983883867221,0.3428069244501773,0.0,0.020794687163100813,0.0
2024-10-01,Sideways,0,0.8695301055946842,0.07264463380765229,0.0,0.057825260597663554,0.0
2024-10-02,Unknown,1,0.22797104998023893,0.7669564200682317,0.0,0.005072529951529415,0.0
2024-10-03,Unknown,1,0.2747135920246473,0.7111316053093456,0.0,0.014154802666007263,0.0
2024-10-04,Unknown,1,0.16582613932256046,0.7914085892783843,0.0,0.042765271399055386,0.0
2024-10-07,Unknown,1,0.01170367990347214,0.5793943901649735,0.0,0.4089019299315543,0.0
2024-10-08,Unknown,1,0.036548248835727354,0.9333584219169019,0.0,0.03009332924737097,0.0
2024-10-09,Unknown,1,0.0960832307400525,0.8424735856917075,0.0,0.06144318356824006,0.0
2024-10-10,Unknown,1,0.12413454806981983,0.8728993052537846,0.0,0.0029661466763955865,0.0
2024-10-11,Unknown,1,0.2531670726425644,0.7407624374439152,0.0,0.0060704899135204885,0.0
2024-10-14,Sideways,0,0.5875908408094844,0.4038161199020765,0.0,0.008593039288438796,0.0
2024-10-15,Unknown,1,0.2603471899952588,0.7378878641602693,0.0,0.0017649458444721374,0.0
2024-10-16,Unknown,1,0.2087323247084932,0.7891527873804489,0.0,0.002114887911058021,0.0
2024-10-17,Unknown,1,0.16126903551569005,0.8369104480612333,0.0,0.0018205164230770622,0.0
2024-10-18,Unknown,1,0.17734456212534275,0.8217056584834941,0.0,0.0009497793911629521,0.0
2024-10-21,Unknown,1,0.24950858887217944,0.7491844913558787,0.0,0.0013069197719422134,0.0
2024-10-22,Unknown,1,0.2999162300155505,0.698690701316578,0.0,0.0013930686678711873,0.0
2024-10-23,Sideways,0,0.7617005295760106,0.23251089482811083,0.0,0.0057885755958782675,0.0
2024-10-24,Unknown,1,0.49231548716520473,0.5054370808168479,0.0,0.0022474320179476414,0.0
2024-10-25,Sideways,0,0.5839641788190102,0.41327022792429413,0.0,0.002765593256695449,0.0
2024-10-28,Unknown,1,0.4220582473611033,0.5761007295170678,0.0,0.0018410231218288075,0.0
2024-10-29,Unknown,1,0.4112967959861224,0.586914017009258,0.0,0.0017891870046190903,0.0
2024-10-30,Unknown,1,0.17705742428829258,0.8221053965518331,0.0,0.0008371791598743224,0.0
2024-10-31,Sideways,0,0.9457750137152114,0.036239921129353654,0.0,0.017985065155434726,0.0
2024-11-01,Sideways,0,0.810911145169048,0.17826183631680764,0.0,0.01082701851414477,0.0
2024-11-04,Sideways,0,0.9658507949873067,0.025049123911095525,0.0,0.009100081101598167,0.0
2024-11-05,Sideways,0,0.842124560906499,0.006821061646894538,0.0,0.15105437744660646,0.0
2024-11-06,Bull,3,0.23143035528302883,2.692036440931976e-06,0.0,0.7685669526805302,0.0
2024-11-07,Sideways,0,0.9410591645345747,3.181768699930223e-06,0.0,0.05893765369672543,0.0
2024-11-08,Sideways,0,0.9607994772512384,2.1502626523348743e-05,0.0,0.03917902012223845,0.0
2024-11-11,Sideways,0,0.9624809609818286,2.588430716986952e-06,0.0,0.037516450587454474,0.0
2024-11-12,Sideways,0,0.9636641453878265,0.00020370463592636455,0.0,0.03613214997624706,0.0
2024-11-13,Sideways,0,0.7658946572468378,0.22396400510683745,0.0,0.010141337646324475,0.0
2024-11-14,Sideways,0,0.890559496887307,0.09250636667525387,0.0,0.016934136437438903,0.0
2024-11-15,Sideways,0,0.9358422271974776,0.0013907176503355242,0.0,0.06276705515218685,0.0
2024-11-18,Sideways,0,0.9536879102380358,0.0045420308449735936,0.0,0.04177005891699044,0.0
2024-11-19,Sideways,0,0.9605731906420062,0.01625855666556308,0.0,0.023168252692430568,0.0
2024-11-20,Sideways,0,0.9599449392764324,0.017155738656257212,0.0,0.022899322067310126,0.0
2024-11-21,Sideways,0,0.796961307352885,0.18053047971064282,0.0,0.022508212936471927,0.0
2024-11-22,Sideways,0,0.9351394058729142,0.050621393092717994,0.0,0.01423920103436815,0.0
2024-11-25,Sideways,0,0.8820765105803139,0.10121291931785543,0.0,0.016710570101830448,0.0
2024-11-26,Sideways,0,0.900867433079452,0.08377735562904838,0.0,0.015355211291499162,0.0
2024-11-27,Sideways,0,0.9285715619687516,0.05724985873011221,0.0,0.01417857930113619,0.0
2024-11-29,Sideways,0,0.7728068378925619,0.20286572549481888,0.0,0.024327436612619286,0.0
2024-12-02,Unknown,1,0.007003462368666067,0.9462728417660792,0.0,0.046723695865254794,0.0
2024-12-03,Unknown,1,0.012926960719548235,0.9641762176716892,0.0,0.022896821608762417,0.0
2024-12-04,Unknown,1,0.008271454654525582,0.8753637451971962,0.0,0.1163648001482783,0.0
2024-12-05,Unknown,1,0.05978636821300807,0.9329644716206275,0.0,0.007249160166364311,0.0
2024-12-06,Unknown,1,0.1774640897790721,0.8218231815895173,0.0,0.0007127286314108829,0.0
2024-12-09,Unknown,1,0.3536605831920038,0.643887738565575,0.0,0.0024516782424211176,0.0
2024-12-10,Unknown,1,0.46526268171748336,0.5292337183292386,0.0,0.0055035999532783075,0.0
2024-12-11,Unknown,1,0.26370068593412377,0.7346586368465281,0.0,0.0016406772193479572,0.0
2024-12-12,Unknown,1,0.4104277403566305,0.587634946478649,0.0,0.0019373131647204152,0.0
2024-12-13,Unknown,1,0.43262106237845394,0.5655449452659521,0.0,0.0018339923555938408,0.0
2024-12-16,Unknown,1,0.1753158841850209,0.8240168987647415,0.0,0.0006672170502373805,0.0
2024-12-17,Unknown,1,0.030800421446400474,0.968579223613782,0.0,0.0006203549398173143,0.0
2024-12-18,Sideways,0,0.7729408365863276,0.00018319318143030189,0.0,0.22687597023224207,0.0
2024-12-19,Sideways,0,0.9393461351820283,0.001987335831663084,0.0,0.05866652898630845,0.0
2024-12-20,Sideways,0,0.9226123528893966,0.004054754047685626,0.0,0.07333289306291768,0.0
2024-12-23,Sideways,0,0.8440166450330883,0.00016464456778331237,0.0,0.15581871039912837,0.0
2024-12-24,Sideways,0,0.7934359787388138,8.727573240306354e-05,0.0,0.2064767455287831,0.0
2024-12-26,Sideways,0,0.9854489000141033,0.0001180187567287708,0.0,0.014433081229167569,0.0
2024-12-27,Sideways,0,0.9751035704928436,5.6954895542406376e-05,0.0,0.024839474611614013,0.0
2024-12-30,Sideways,0,0.9776184330248643,0.0004852097719511927,0.0,0.02189635720318473,0.0
2024-12-31,Sideways,0,0.9765767731602253,0.00015493256125676235,0.0,0.023268294278517784,0.0
2025-01-02,Sideways,0,0.9302749135097986,4.475509464924537e-06,0.0,0.06972061098073645,0.0
2025-01-03,Sideways,0,0.7952975000693637,4.125691885239558e-07,0.0,0.20470208736144777,0.0
2025-01-06,Sideways,0,0.9444843718255211,4.024690333484635e-06,0.0,0.05551160348414558,0.0
2025-01-07,Sideways,0,0.9706542181989466,7.520178258876942e-06,0.0,0.02933826162279469,0.0
2025-01-08,Sideways,0,0.9669098259188093,3.077262238736586e-06,0.0,0.03308709681895197,0.0
2025-01-10,Sideways,0,0.8879119210040787,5.167749899297955e-07,0.0,0.11208756222093162,0.0
2025-01-13,Sideways,0,0.9322963856996589,8.53433133974718e-07,0.0,0.06770276086720693,0.0
2025-01-14,Sideways,0,0.8551276213040817,7.337001294510558e-08,0.0,0.14487230532590528,0.0
2025-01-15,Sideways,0,0.8926250744747586,1.1847475484974924e-08,0.0,0.10737491367776576,0.0
2025-01-16,Sideways,0,0.9458929276611365,1.5038115865868751e-07,0.0,0.05410692195770473,0.0
2025-01-17,Sideways,0,0.9560569861671119,8.267660682060317e-10,0.0,0.04394301300612222,0.0
2025-01-21,Sideways,0,0.9522749340046152,5.29400859199098e-10,0.0,0.047725065465983985,0.0
2025-01-22,Bull,3,0.11877416891805742,5.7410713947649895e-05,0.0,0.881168420367995,0.0
2025-01-23,Bull,3,0.15171816230166002,0.011702825832490245,0.0,0.8365790118658497,0.0
2025-01-24,Sideways,0,0.9159909788783122,0.007276107423099648,0.0,0.07673291369858823,0.0
2025-01-27,Sideways,0,0.9345744277879893,0.003120737631079283,0.0,0.06230483458093152,0.0
2025-01-28,Sideways,0,0.9808184719297487,0.006928915653274725,0.0,0.012252612416976345,0.0
2025-01-29,Sideways,0,0.9756851985008913,0.004773203687899257,0.0,0.019541597811209607,0.0
2025-01-30,Sideways,0,0.8779354861659988,0.08282180538812793,0.0,0.03924270844587323,0.0
2025-01-31,Unknown,1,0.36812769424325864,0.5034356820153091,0.0,0.1284366237414321,0.0
2025-02-03,Bull,3,0.2992380918935597,0.27004051574684285,0.0,0.43072139235959733,0.0
2025-02-04,Unknown,1,0.06930612584728989,0.7200922769325134,0.0,0.21060159722019647,0.0
2025-02-05,Sideways,0,0.5892922572758442,0.37023940698096014,0.0,0.04046833574319529,0.0
2025-02-06,Sideways,0,0.7380864380530585,0.2420913372566194,0.0,0.01982222469032162,0.0
2025-02-07,Unknown,1,0.28029513081917645,0.62187210796031,0.0,0.09783276122051364,0.0
2025-02-10,Sideways,0,0.45387213685777567,0.42866840778105136,0.0,0.11745945536117323,0.0
2025-02-11,Unknown,1,0.001513723259088168,0.932354949325907,0.0,0.0661313274150047,0.0
2025-02-12,Unknown,1,0.002502400056800449,0.935551497901945,0.0,0.061946102041254475,0.0
2025-02-13,Unknown,1,0.005754529847642587,0.649210954910576,0.0,0.34503451524178136,0.0
2025-02-14,Unknown,1,0.2485961008261061,0.7400941808262854,0.0,0.011309718347608785,0.0
2025-02-18,Unknown,1,0.09637055478547235,0.896085293898682,0.0,0.007544151315846015,0.0
2025-02-19,Unknown,1,0.299709101629201,0.6970780361706144,0.0,0.003212862200184296,0.0
2025-02-20,Sideways,0,0.7359440181069908,0.2587974624881017,0.0,0.005258519404907846,0.0
2025-02-21,Sideways,0,0.9634159205792496,0.007670227300653169,0.0,0.028913852120097273,0.0
2025-02-24,Sideways,0,0.9581169224755565,0.004639247797503644,0.0,0.03724382972693981,0.0
2025-02-25,Sideways,0,0.9706530271633632,0.001902105248816539,0.0,0.027444867587820342,0.0
2025-02-26,Sideways,0,0.9609743557581796,0.0031105126946869934,0.0,0.035915131547133675,0.0
2025-02-27,Sideways,0,0.9441668456984603,2.4996861217408358e-05,0.0,0.055808157440322054,0.0
2025-02-28,Sideways,0,0.9735346543648231,0.0016804703982897173,0.0,0.024784875236886866,0.0
2025-03-03,Sideways,0,0.9595527635237944,5.892764053904136e-05,0.0,0.040388308835666666,0.0
2025-03-04,Sideways,0,0.9074745842877078,5.367672543383051e-06,0.0,0.09252004803974896,0.0
2025-03-05,Sideways,0,0.6542536171221934,8.207190225344182e-07,0.0,0.3457455621587842,0.0
2025-03-06,Sideways,0,0.8524160933282401,1.752271139774383e-07,0.0,0.14758373144464607,0.0
2025-03-07,Bull,3,0.37969651421703543,8.36924434547953e-11,0.0,0.6203034856992721,0.0
2025-03-10,Bull,3,0.14825313482824243,3.1828125934482816e-13,0.0,0.8517468651714393,0.0
2025-03-11,Bull,3,0.1631300424795197,1.2159724503882694e-13,0.0,0.8368699575203588,0.0
2025-03-12,Bull,3,0.01512184152178421,5.134982544454022e-19,0.0,0.9848781584782159,0.0
2025-03-13,Bull,3,0.04349870899130285,3.383559511632734e-18,0.0,0.9565012910086971,0.0
2025-03-14,Bull,3,0.0003415888374263387,4.2551285426104226e-26,0.0,0.9996584111625736,0.0
2025-03-17,Bull,3,0.04799355496992149,7.070925913988208e-23,0.0,0.9520064450300785,0.0
2025-03-18,Bull,3,0.07589251758299662,2.9428889962747183e-21,0.0,0.9241074824170034,0.0
2025-03-19,Bull,3,0.04882138352311696,1.7426753688902168e-22,0.0,0.951178616476883,0.0
2025-03-20,Bull,3,0.015057780198605162,3.482069890976289e-24,0.0,0.984942219801395,0.0
2025-03-21,Bull,3,0.07008322989900331,3.499030114344403e-19,0.0,0.9299167701009967,0.0
2025-03-24,Bull,3,0.05651559076290274,3.0667045736712973e-19,0.0,0.9434844092370972,0.0
2025-03-25,Bull,3,0.3160383752945663,1.136648735009831e-17,0.0,0.6839616247054338,0.0
2025-03-26,Bull,3,0.26772080862128655,1.2080134146451738e-13,0.0,0.7322791913785925,0.0
2025-03-27,Bull,3,0.2077705294758284,4.337546702185782e-14,0.0,0.7922294705241282,0.0
2025-03-28,Bull,3,0.003690217198812959,1.6309607428235635e-14,0.0,0.9963097828011708,0.0
2025-03-31,Bull,3,0.058293271528192366,3.5806812393988856e-13,0.0,0.9417067284714495,0.0
2025-04-01,Bull,3,0.009163372581419995,1.7633150927738508e-11,0.0,0.9908366274009469,0.0
2025-04-02,Bull,3,0.0020468641706775747,3.6613872355664184e-10,0.0,0.9979531354631838,0.0
2025-04-03,Bear,4,0.0,0.0,0.024371366651701358,0.0,0.9756286333482989
2025-04-04,High-Volatility,2,0.0,0.0,0.8694756248160929,0.0,0.13052437518390714
2025-04-07,High-Volatility,2,0.0,0.0,0.7125029871474898,0.0,0.28749701285251056
2025-04-08,High-Volatility,2,0.0,0.0,0.8780618764751836,0.0,0.12193812352481671
2025-04-09,High-Volatility,2,0.0,0.0,1.0,0.0,1.5729839211147253e-16
2025-04-10,High-Volatility,2,0.0,0.0,0.9999999999999991,0.0,1.3158378987012002e-15
2025-04-11,High-Volatility,2,0.0,0.0,0.9999999999999876,0.0,1.2371503900541327e-14
2025-04-14,High-Volatility,2,0.0,0.0,0.9999999999999414,0.0,5.850004243786493e-14
2025-04-15,High-Volatility,2,0.0,0.0,0.9999999999999298,0.0,7.016280918788624e-14
2025-04-16,High-Volatility,2,0.0,0.0,1.0,0.0,2.2131940592549647e-16
2025-04-17,High-Volatility,2,0.0,0.0,0.9999999999999871,0.0,1.3044330784616632e-14
2025-04-21,High-Volatility,2,0.0,0.0,0.9999999999999996,0.0,4.993957390044509e-16
2025-04-22,High-Volatility,2,0.0,0.0,1.0,0.0,1.1748000080240832e-17
2025-04-23,High-Volatility,2,0.0,0.0,1.0,0.0,3.40593382454611e-17
2025-04-24,High-Volatility,2,0.0,0.0,1.0,0.0,1.4323492451627614e-17
2025-04-25,High-Volatility,2,0.0,0.0,1.0,0.0,1.5241374506110998e-17
2025-04-28,High-Volatility,2,0.0,0.0,1.0,0.0,9.401419379362667e-18
2025-04-29,High-Volatility,2,0.0,0.0,1.0,0.0,3.2116500710478083e-17
2025-04-30,High-Volatility,2,0.0,0.0,1.0,0.0,2.8101520827838295e-17
2025-05-01,High-Volatility,2,0.0,0.0,1.0,0.0,2.0078368175081444e-17
2025-05-02,High-Volatility,2,0.0,0.0,1.0,0.0,1.3674544892016062e-17
2025-05-05,High-Volatility,2,0.0,0.0,0.9999999999999138,0.0,8.596689312802028e-14
2025-05-06,High-Volatility,2,0.0,0.0,0.9999999986738297,0.0,1.3261699568091589e-09
2025-05-07,High-Volatility,2,0.0,0.0,0.9999999985581915,0.0,1.4418086780831176e-09
2025-05-08,High-Volatility,2,0.0,0.0,0.9999999989553681,0.0,1.0446314937737478e-09
2025-05-09,Bear,4,0.0,0.0,0.011064920452869968,0.0,0.98893507954713
2025-05-12,Bull,3,9.961998860576961e-21,5.564054749561853e-13,0.0,0.9999999999994436,0.0
2025-05-13,Bull,3,7.125087251623871e-14,1.125360726773173e-11,0.0,0.9999999999886752,0.0
2025-05-14,Bull,3,4.946210132970854e-12,1.4447057376950672e-11,0.0,0.9999999999806067,0.0
2025-05-15,Bull,3,4.300529640778592e-13,3.735899784178179e-11,0.0,0.9999999999622109,0.0
2025-05-16,Bull,3,6.798716179004292e-17,6.436119183324381e-13,0.0,0.9999999999993563,0.0
2025-05-19,Bull,3,2.8875008381967564e-19,4.4910139735256876e-08,0.0,0.9999999550898603,0.0
2025-05-20,Bull,3,1.220136613993571e-25,2.6287509775062825e-11,0.0,0.9999999999737126,0.0
2025-05-21,Bull,3,2.5942462711422324e-16,5.0098687700780535e-09,0.0,0.999999994990131,0.0
2025-05-22,Bull,3,4.649680494272447e-13,1.447434773535392e-06,0.0,0.9999985525647614,0.0
2025-05-23,Bull,3,8.184745878815444e-10,3.7505456974669925e-06,0.0,0.9999962486358279,0.0
2025-05-27,Bull,3,2.4011783215746942e-11,0.0015152824359074295,0.0,0.9984847175400807,0.0
2025-05-28,Bull,3,2.2408582486450098e-10,0.001969887554370476,0.0,0.9980301122215437,0.0
2025-05-29,Bull,3,4.3195615202220445e-08,0.011603820023671631,0.0,0.9883961367807131,0.0
2025-05-30,Bull,3,5.4618095275225853e-08,0.01426215639251382,0.0,0.9857377889893909,0.0
2025-06-02,Bull,3,3.0147821178170775e-07,0.005997054709149947,0.0,0.9940026438126383,0.0
2025-06-03,Bull,3,4.530858619061806e-09,0.08872070591884593,0.0,0.9112792895502955,0.0
2025-06-04,Bull,3,4.5681154291786366e-08,0.14104008928406367,0.0,0.858959865034782,0.0
2025-06-05,Bull,3,3.015424431504631e-08,0.11084442984726033,0.0,0.8891555399984954,0.0
2025-06-06,Bull,3,4.837957204071962e-09,0.020198382333404565,0.0,0.9798016128286382,0.0
2025-06-09,Bull,3,3.181701838598145e-09,0.025153514811252782,0.0,0.9748464820070454,0.0
2025-06-10,Bull,3,1.9276089399705643e-10,0.0013686255353783838,0.0,0.9986313742718608,0.0
2025-06-11,Unknown,1,4.847388276759832e-09,0.8948380556121189,0.0,0.10516193954049281,0.0
2025-06-12,Unknown,1,4.6966613520915115e-09,0.8627275202165775,0.0,0.13727247508676121,0.0
2025-06-13,Unknown,1,8.923972322214773e-09,0.6166372379294895,0.0,0.38336275314653806,0.0
2025-06-16,Bull,3,1.6226095705693379e-09,0.41804188217325633,0.0,0.5819581162041342,0.0
2025-06-17,Bull,3,5.4103253115702215e-09,0.14409405149851945,0.0,0.8559059430911553,0.0
2025-06-18,Bull,3,1.0484674979962634e-07,0.31266535339956397,0.0,0.6873345417536862,0.0
2025-06-20,Bull,3,2.8039494406615862e-06,0.2533315956207435,0.0,0.7466656004298159,0.0
2025-06-23,Unknown,1,8.510862007390052e-05,0.9204033595087416,0.0,0.07951153187118447,0.0
2025-06-24,Bull,3,1.850607901981244e-05,0.06804350540778066,0.0,0.9319379885131995,0.0
2025-06-25,Unknown,1,0.00038323598802072925,0.795706596111065,0.0,0.20391016790091435,0.0
2025-06-26,Unknown,1,0.00022511947344941875,0.957274131359047,0.0,0.04250074916750349,0.0
2025-06-27,Unknown,1,0.0030694478476017326,0.9065195622727332,0.0,0.09041098987966492,0.0
2025-06-30,Unknown,1,0.0005988339364134493,0.9751949412651684,0.0,0.02420622479841794,0.0
2025-07-01,Unknown,1,0.00020137087451526435,0.9954490272145752,0.0,0.004349601910909471,0.0
2025-07-02,Unknown,1,0.0005742006447898053,0.994628101442983,0.0,0.0047976979122272105,0.0
2025-07-03,Unknown,1,0.00026812240717384974,0.9945245461585943,0.0,0.005207331434231796,0.0
2025-07-07,Unknown,1,0.0018647429366592414,0.9891865771815742,0.0,0.008948679881766435,0.0
2025-07-08,Unknown,1,0.0028889911794214695,0.989726741002205,0.0,0.007384267818373581,0.0
2025-07-09,Unknown,1,0.002278185899673085,0.9935613946825909,0.0,0.004160419417736338,0.0
2025-07-10,Unknown,1,0.002228427890665289,0.9943473281908237,0.0,0.0034242439185113013,0.0
2025-07-11,Unknown,1,0.006028378836283555,0.9827776826549273,0.0,0.011193938508789256,0.0
2025-07-14,Unknown,1,0.018192729040200438,0.9744385818074611,0.0,0.007368689152338416,0.0
2025-07-15,Unknown,1,0.11392178269681608,0.8504482322370291,0.0,0.03562998506615463,0.0
2025-07-16,Unknown,1,0.01392809425611635,0.9830771146408888,0.0,0.002994791102995028,0.0
2025-07-17,Unknown,1,0.008539990177938713,0.9902840396302917,0.0,0.001175970191769699,0.0
2025-07-18,Unknown,1,0.014230440784717113,0.9841763090734236,0.0,0.0015932501418596107,0.0
2025-07-21,Unknown,1,0.012415450880201701,0.9858119415555378,0.0,0.0017726075642602059,0.0
2025-07-22,Unknown,1,0.01521919949764691,0.9818150888989745,0.0,0.002965711603378512,0.0
2025-07-23,Unknown,1,0.018856302891836,0.9797879800382285,0.0,0.001355717069935307,0.0
2025-07-24,Unknown,1,0.02460932484768314,0.9748498036088714,0.0,0.0005408715434451865,0.0
2025-07-25,Unknown,1,0.02824924834424761,0.9710594510655111,0.0,0.0006913005902409046,0.0
2025-07-28,Unknown,1,0.04035904267262285,0.9589566566232071,0.0,0.0006843007041699753,0.0
2025-07-29,Unknown,1,0.08395199891516257,0.9145988730240715,0.0,0.0014491280607657176,0.0
2025-07-30,Unknown,1,0.04769370986394827,0.9514364277463544,0.0,0.0008698623896974211,0.0
2025-07-31,Unknown,1,0.09335711124751765,0.9054043551660121,0.0,0.001238533586470632,0.0
2025-08-01,Sideways,0,0.8923730924682707,0.0433308986156558,0.0,0.06429600891607354,0.0
2025-08-04,Unknown,1,0.12852225512178478,0.8606091603544507,0.0,0.010868584523764645,0.0
2025-08-05,Unknown,1,0.2932524985072231,0.7011752321075793,0.0,0.005572269385197537,0.0
2025-08-06,Unknown,1,0.1886754943770572,0.8070861544815936,0.0,0.004238351141349353,0.0
2025-08-07,Unknown,1,0.17228711160754964,0.825528890379161,0.0,0.002183998013289391,0.0
2025-08-08,Sideways,0,0.7591402090214034,0.23054365625553777,0.0,0.010316134723058614,0.0
2025-08-11,Unknown,1,0.20001800930584512,0.7981870448244063,0.0,0.001794945869748706,0.0
2025-08-12,Sideways,0,0.5561490161805828,0.4360304419843953,0.0,0.00782054183502165,0.0
2025-08-13,Unknown,1,0.2765131324534168,0.7181726652526136,0.0,0.005314202293969362,0.0
2025-08-14,Unknown,1,0.3392569609164937,0.6571396949022983,0.0,0.00360334418120788,0.0
2025-08-15,Unknown,1,0.2334331961794297,0.7644304127971024,0.0,0.0021363910234674897,0.0
2025-08-18,Unknown,1,0.35078287600668995,0.6465191781949048,0.0,0.0026979457984056977,0.0
2025-08-19,Unknown,1,0.415102123414419,0.5809651067004692,0.0,0.003932769885111671,0.0
2025-08-20,Sideways,0,0.576033764411981,0.4178274219208693,0.0,0.006138813667150058,0.0
2025-08-21,Sideways,0,0.7862388149310328,0.2032884445985772,0.0,0.010472740470390138,0.0
2025-08-22,Sideways,0,0.5975391679167315,0.39138846078890477,0.0,0.01107237129436364,0.0
2025-08-25,Sideways,0,0.6619007954256775,0.3289714141022505,0.0,0.009127790472072307,0.0
2025-08-26,Sideways,0,0.7143614703389382,0.2791779182224115,0.0,0.006460611438650654,0.0
2025-08-27,Sideways,0,0.7724947863483489,0.2221115655743696,0.0,0.005393648077281116,0.0
2025-08-28,Sideways,0,0.9067737690208617,0.08626357174309239,0.0,0.006962659236045833,0.0
2025-08-29,Sideways,0,0.5766816689258878,0.41804437957227,0.0,0.00527395150184216,0.0
2025-09-02,Unknown,1,0.06764439458509698,0.9257477547620382,0.0,0.006607850652864601,0.0
2025-09-03,Unknown,1,0.22704572613148843,0.7714469712209617,0.0,0.001507302647549691,0.0
2025-09-04,Unknown,1,0.1378258664208916,0.8578875496477494,0.0,0.0042865839313588,0.0
2025-09-05,Unknown,1,0.24733277668322,0.7507246238442139,0.0,0.0019425994725661396,0.0
2025-09-08,Unknown,1,0.15047067422071433,0.84822222878145,0.0,0.0013070969978359586,0.0
2025-09-09,Unknown,1,0.4344524924293717,0.562857834190496,0.0,0.0026896733801321984,0.0
2025-09-10,Unknown,1,0.23169808438248823,0.7668581970654893,0.0,0.001443718552022205,0.0
2025-09-11,Unknown,1,0.2959803926253368,0.7026692425877316,0.0,0.00135036478693131,0.0
2025-09-12,Unknown,1,0.395581365029299,0.6024620194612799,0.0,0.0019566155094214058,0.0
2025-09-15,Unknown,1,0.4076030412886855,0.5903614861436167,0.0,0.002035472567697566,0.0
2025-09-16,Unknown,1,0.3690139645753438,0.6292157553224288,0.0,0.0017702801022272587,0.0
2025-09-17,Unknown,1,0.3631169634383136,0.6351141338458469,0.0,0.0017689027158395328,0.0
2025-09-18,Unknown,1,0.13785493928351109,0.8612945912974221,0.0,0.000850469419066664,0.0
2025-09-19,Unknown,1,0.10033518150103214,0.8985207811503381,0.0,0.0011440373486298378,0.0
2025-09-22,Unknown,1,0.06438110735097319,0.9331113373295222,0.0,0.002507555319504663,0.0
2025-09-23,Unknown,1,0.19786262710245653,0.8011913656116691,0.0,0.0009460072858741,0.0
2025-09-24,Unknown,1,0.19033576092302917,0.8081180589938182,0.0,0.0015461800831523464,0.0
2025-09-25,Unknown,1,0.35881032444220046,0.6389634645111865,0.0,0.002226211046613038,0.0
2025-09-26,Unknown,1,0.23416624169834627,0.7648420334968906,0.0,0.0009917248047627298,0.0
2025-09-29,Unknown,1,0.3484043732264244,0.650036021739836,0.0,0.0015596050337391453,0.0
2025-09-30,Unknown,1,0.1076607070849199,0.8914830309746673,0.0,0.0008562619404127629,0.0
2025-10-01,Unknown,1,0.03235421750496009,0.9662587109039952,0.0,0.0013870715910443531,0.0
2025-10-02,Unknown,1,0.05001329811596801,0.9488926993520302,0.0,0.001094002532002049,0.0
2025-10-03,Unknown,1,0.07223427004595254,0.9272107809159879,0.0,0.0005549490380593051,0.0
2025-10-06,Unknown,1,0.057658866350504684,0.9416045046020165,0.0,0.000736629047478942,0.0
2025-10-07,Unknown,1,0.07664353938264898,0.9227467605604567,0.0,0.0006097000568941374,0.0
2025-10-08,Unknown,1,0.10820253327713762,0.8908185914059882,0.0,0.0009788753168741837,0.0
2025-10-09,Unknown,1,0.11779029305650619,0.881506398531422,0.0,0.0007033084120720714,0.0
2025-10-10,Sideways,0,0.9445444446068763,0.00044952984640512107,0.0,0.055006025546718615,0.0
2025-10-13,Sideways,0,0.9696015123852673,0.019532295879832844,0.0,0.010866191734899671,0.0
2025-10-14,Sideways,0,0.974668311605757,0.01766894770186747,0.0,0.0076627406923754655,0.0
2025-10-15,Sideways,0,0.9764134009316268,0.00535572755782929,0.0,0.018230871510544214,0.0
2025-10-16,Sideways,0,0.979289214343057,0.006043191498835438,0.0,0.014667594158107599,0.0
2025-10-17,Sideways,0,0.986206243369824,0.003575884095554463,0.0,0.01021787253462115,0.0
2025-10-20,Sideways,0,0.9879837909287588,0.003352619596326946,0.0,0.008663589474914706,0.0
2025-10-21,Sideways,0,0.9888162113733937,0.00406769193167511,0.0,0.007116096694931387,0.0
2025-10-22,Sideways,0,0.9800688982723799,0.013880413390034908,0.0,0.006050688337584887,0.0
2025-10-23,Sideways,0,0.9833325097057924,0.009288802126657877,0.0,0.007378688167550005,0.0
2025-10-24,Sideways,0,0.9681120628469513,0.01326748687493849,0.0,0.018620450278110504,0.0
2025-10-27,Sideways,0,0.9568297703257517,0.001674633110208049,0.0,0.041495596564040386,0.0
2025-10-28,Sideways,0,0.9813935686655321,0.00521208174222047,0.0,0.013394349592247317,0.0
2025-10-29,Sideways,0,0.9904411514675416,0.0017443049248683452,0.0,0.007814543607589706,0.0
2025-10-30,Sideways,0,0.9859482879059644,0.0010787439778748111,0.0,0.012972968116160891,0.0
2025-10-31,Sideways,0,0.9868805702211414,0.005157453727296781,0.0,0.007961976051561574,0.0
2025-11-03,Sideways,0,0.9808924098953549,0.007850262273963874,0.0,0.011257327830681351,0.0
2025-11-04,Sideways,0,0.9704505046049395,0.00025895341442908575,0.0,0.029290541980631555,0.0
2025-11-05,Sideways,0,0.9758996813975996,0.0010917178355089926,0.0,0.023008600766891315,0.0
2025-11-06,Sideways,0,0.9608656301334147,8.086248925899387e-05,0.0,0.03905350737732637,0.0
2025-11-07,Sideways,0,0.9756840230247256,0.00026812030160592605,0.0,0.024047856673668686,0.0
2025-11-10,Bull,3,0.06377466412556404,0.01686504872013427,0.0,0.9193602871543017,0.0
2025-11-11,Sideways,0,0.6537676924617507,0.32326270933310663,0.0,0.02296959820514259,0.0
2025-11-12,Sideways,0,0.4883472659434701,0.4854921511091897,0.0,0.0261605829473402,0.0
2025-11-13,Sideways,0,0.8938549218797053,0.031808282313079514,0.0,0.07433679580721542,0.0
2025-11-14,Sideways,0,0.47009217369638406,0.42862538646192094,0.0,0.10128243984169491,0.0
2025-11-17,Sideways,0,0.8751172851777078,0.010090862215752347,0.0,0.11479185260654001,0.0
2025-11-18,Sideways,0,0.9287146428515479,7.838347962604561e-05,0.0,0.07120697366882582,0.0
2025-11-19,Sideways,0,0.8971322389220101,2.413092639979211e-05,0.0,0.10284363015159009,0.0
2025-11-20,Sideways,0,0.7804090539104078,0.00016491279420693069,0.0,0.21942603329538518,0.0
2025-11-21,Sideways,0,0.8875210501416386,1.601770325516966e-05,0.0,0.11246293215510615,0.0
2025-11-24,Sideways,0,0.9406028646828571,1.0576758490696282e-06,0.0,0.05939607764129399,0.0
2025-11-25,Sideways,0,0.9537510878921678,1.3980308568908824e-07,0.0,0.0462487723047464,0.0
2025-11-26,Sideways,0,0.9560173715852094,1.4185402562498234e-07,0.0,0.04398248656076493,0.0
2025-11-28,Sideways,0,0.8343589545877453,2.1658556323346426e-10,0.0,0.1656410451956691,0.0
2025-12-01,Sideways,0,0.9627751835819951,1.2352729738745e-06,0.0,0.037223581145031125,0.0
2025-12-02,Sideways,0,0.9877222616140473,5.742115533537216e-05,0.0,0.012220317230617303,0.0
2025-12-03,Sideways,0,0.9903295347210112,0.00020025968682257976,0.0,0.009470205592166348,0.0
2025-12-04,Sideways,0,0.9816111624166134,0.006858277386052533,0.0,0.011530560197334358,0.0
2025-12-05,Sideways,0,0.9845581470158907,0.006330460129285522,0.0,0.00911139285482392,0.0
2025-12-08,Sideways,0,0.8636316207100966,0.11227425989265744,0.0,0.02409411939724624,0.0
2025-12-09,Sideways,0,0.8735350616820895,0.10335125692474824,0.0,0.023113681393162097,0.0
2025-12-10,Sideways,0,0.9680705430040314,0.02639676623143541,0.0,0.005532690764532815,0.0
2025-12-11,Sideways,0,0.9716534922264787,0.022799920009447177,0.0,0.005546587764073889,0.0
2025-12-12,Sideways,0,0.9820931552816486,0.0034864535535293695,0.0,0.014420391164822301,0.0
2025-12-15,Sideways,0,0.677007111605448,0.30447712695609,0.0,0.018515761438461696,0.0
2025-12-16,Sideways,0,0.6911669701227394,0.2868226865027772,0.0,0.022010343374483786,0.0
2025-12-17,Sideways,0,0.5945087553153422,0.15112257489545736,0.0,0.2543686697892006,0.0
2025-12-18,Bull,3,0.05933595146931846,0.07524850906434426,0.0,0.8654155394663373,0.0
2025-12-19,Bull,3,0.13292179751146693,0.41925496950016145,0.0,0.4478232329883717,0.0
2025-12-22,Bull,3,0.00011596621343988821,0.060945095290542865,0.0,0.9389389384960172,0.0
2025-12-23,Unknown,1,0.0077246186741930295,0.6199260832755767,0.0,0.37234929805023026,0.0
2025-12-24,Unknown,1,0.31130555141381266,0.5232989409106445,0.0,0.16539550767554273,0.0
2025-12-26,Unknown,1,0.3378131922874204,0.6459501269613674,0.0,0.01623668075121207,0.0
2025-12-29,Unknown,1,0.26311064373855203,0.73348678239717,0.0,0.0034025738642781494,0.0
2025-12-30,Unknown,1,0.3199698612562573,0.6776071323410807,0.0,0.0024230064026621,0.0
2025-12-31,Unknown,1,0.43353603071762575,0.5620406525774031,0.0,0.004423316704971408,0.0
2026-01-02,Sideways,0,0.5198151637664976,0.4765074283118165,0.0,0.003677407921685454,0.0
2026-01-05,Sideways,0,0.5339469604355049,0.46302892401288664,0.0,0.0030241155516079325,0.0
2026-01-06,Unknown,1,0.46344398520960617,0.5338874465989389,0.0,0.0026685681914547003,0.0
2026-01-07,Unknown,1,0.450982600097818,0.5466598400714855,0.0,0.002357559830696502,0.0
2026-01-08,Unknown,1,0.4542534521349638,0.5413994871899681,0.0,0.0043470606750681505,0.0
2026-01-09,Unknown,1,0.47331324461025365,0.5228923060688186,0.0,0.003794449320928091,0.0
2026-01-12,Unknown,1,0.46839516913148443,0.5294146008213813,0.0,0.0021902300471340966,0.0
2026-01-13,Unknown,1,0.4704873597821302,0.5276175628193805,0.0,0.0018950773984888142,0.0
2026-01-14,Unknown,1,0.17679262815317837,0.8219684609822916,0.0,0.0012389108645298695,0.0
2026-01-15,Unknown,1,0.1380566376381018,0.8607739272161149,0.0,0.0011694351457831528,0.0
2026-01-16,Unknown,1,0.17496830623821782,0.8224861821294815,0.0,0.002545511632300372,0.0
2026-01-20,Sideways,0,0.5010286880550479,0.3315575423697669,0.0,0.16741376957518522,0.0
2026-01-21,Sideways,0,0.6533281247849371,0.2912241351099171,0.0,0.05544774010514566,0.0
2026-01-22,Sideways,0,0.7606124028160747,0.22758263205164483,0.0,0.011804965132280522,0.0
2026-01-23,Sideways,0,0.8806471259701907,0.11148897168324534,0.0,0.007863902346563631,0.0
2026-01-26,Sideways,0,0.9118644417291851,0.08058087071911064,0.0,0.007554687551704392,0.0
2026-01-27,Sideways,0,0.9766654688548227,0.01354480912256689,0.0,0.009789722022610177,0.0
2026-01-28,Sideways,0,0.8695608782473585,0.125887124479789,0.0,0.004551997272852456,0.0
2026-01-29,Sideways,0,0.7054289850633958,0.2912347204436351,0.0,0.0033362944929690923,0.0
2026-01-30,Sideways,0,0.6506666060610535,0.34609230555236775,0.0,0.0032410883865786567,0.0
2026-02-02,Unknown,1,0.4250168557349664,0.5682244071745087,0.0,0.006758737090524592,0.0
2026-02-03,Sideways,0,0.59259594767905,0.40037743667994224,0.0,0.007026615641007949,0.0
2026-02-04,Sideways,0,0.8400324550175722,0.15372289990288296,0.0,0.006244645079544624,0.0
2026-02-05,Sideways,0,0.9765292268978022,0.005308533932777047,0.0,0.018162239169420644,0.0
2026-02-06,Sideways,0,0.9747293128202495,0.009455264482222631,0.0,0.015815422697527507,0.0
2026-02-09,Sideways,0,0.9625454832626695,0.0055814907052461745,0.0,0.03187302603208411,0.0
2026-02-10,Sideways,0,0.9819534700561355,0.010607711867679321,0.0,0.007438818076185337,0.0
2026-02-11,Sideways,0,0.9863435069357745,0.0059055130732519855,0.0,0.007750979990973657,0.0
2026-02-12,Sideways,0,0.8856043386635643,2.3413080141354918e-05,0.0,0.11437224825629436,0.0
2026-02-13,Sideways,0,0.9757138001057795,0.0028300947732337886,0.0,0.02145610512098681,0.0
2026-02-17,Sideways,0,0.9724546669542563,0.0008458173667238843,0.0,0.02669951567902017,0.0
2026-02-18,Sideways,0,0.968596252819496,0.0009108864151750437,0.0,0.030492860765328974,0.0
2026-02-19,Sideways,0,0.4804701503016471,0.06994920526543051,0.0,0.44958064443292234,0.0
2026-02-20,Sideways,0,0.9341462751671661,0.038110360277619826,0.0,0.02774336455521392,0.0
2026-02-23,Sideways,0,0.963045102377912,0.02315054561606372,0.0,0.013804352006023996,0.0
2026-02-24,Sideways,0,0.9732275452545659,0.013266931180147002,0.0,0.013505523565286656,0.0
2026-02-25,Sideways,0,0.9818582372122429,0.003996384157154867,0.0,0.014145378630602484,0.0
2026-02-26,Sideways,0,0.9859233231374246,0.005780794530627103,0.0,0.008295882331948175,0.0
2026-02-27,Sideways,0,0.9812579065162689,0.009179288269601831,0.0,0.00956280521412914,0.0
2026-03-02,Sideways,0,0.984438356106451,0.004250445854530295,0.0,0.01131119803901911,0.0
2026-03-03,Sideways,0,0.9765124582117447,0.00535371814399916,0.0,0.018133823644256135,0.0
2026-03-04,Sideways,0,0.9802343128064569,0.0027142714209159734,0.0,0.01705141577262707,0.0
2026-03-05,Sideways,0,0.9672849637636388,0.010522953695386144,0.0,0.02219208254097486,0.0
2026-03-06,Sideways,0,0.9106470513160633,0.002168239480964287,0.0,0.08718470920297239,0.0
2026-03-09,Bull,3,0.3926173198366986,0.025838512182845906,0.0,0.5815441679804556,0.0
2026-03-10,Sideways,0,0.9766826735027585,0.010500192943898048,0.0,0.012817133553343029,0.0
2026-03-11,Sideways,0,0.9851334766573493,0.0037222947075976087,0.0,0.011144228635053427,0.0
2026-03-12,Sideways,0,0.9645108109758891,0.0003069376505244022,0.0,0.03518225137358668,0.0
2026-03-13,Sideways,0,0.937235807180438,9.666969383885534e-05,0.0,0.06266752312572334,0.0
2026-03-16,Sideways,0,0.7928877237614775,0.0007531442243132303,0.0,0.20635913201420927,0.0
2026-03-17,Sideways,0,0.7987664297660522,0.00043098048363232746,0.0,0.20080258975031554,0.0
2026-03-18,Sideways,0,0.8689815603435936,0.0001466439590169534,0.0,0.1308717956973895,0.0
2026-03-19,Sideways,0,0.9399062220353113,5.772195606579218e-05,0.0,0.060036056008622815,0.0
2026-03-20,Sideways,0,0.7719524662433204,3.582965078629221e-06,0.0,0.22804395079160097,0.0
2026-03-23,Sideways,0,0.9030072557883667,1.7377663996874816e-07,0.0,0.09699257043499347,0.0
2026-03-24,Sideways,0,0.6610378383726835,1.324745605712705e-07,0.0,0.338962029152756,0.0
2026-03-25,Sideways,0,0.925482391973779,1.668916708604237e-07,0.0,0.07451744113455006,0.0
2026-03-26,Sideways,0,0.8169088138919366,2.1730219682426858e-08,0.0,0.18309116437784367,0.0
2026-03-27,Bull,3,0.262273704460368,7.822162842748773e-11,0.0,0.7377262954614104,0.0
2026-03-30,Bull,3,0.49085554739315285,3.16979921904187e-11,0.0,0.5091444525751492,0.0
2026-03-31,Bull,3,0.06889432304121722,1.2702267746986756e-16,0.0,0.9311056769587827,0.0
2026-04-01,Bull,3,0.008030306644155109,1.0872103982678459e-16,0.0,0.9919696933558448,0.0
2026-04-02,Sideways,0,0.5471950872535034,4.682619014556629e-14,0.0,0.45280491274644985,0.0
2026-04-06,Bull,3,0.3520863838733505,4.2772199172614075e-17,0.0,0.6479136161266493,0.0
2026-04-07,Bull,3,0.07009410854723148,2.194523784158789e-16,0.0,0.9299058914527683,0.0
2026-04-08,Bull,3,0.05879653109794269,7.626326430290758e-15,0.0,0.9412034689020498,0.0
2026-04-09,Bull,3,0.0901519490130024,6.353948683606709e-12,0.0,0.9098480509806437,0.0
2026-04-10,Bull,3,0.16745491282788744,1.5924925543685937e-10,0.0,0.8325450870128633,0.0
2026-04-13,Bull,3,0.008193577690076458,4.524511293183104e-09,0.0,0.9918064177854122,0.0
2026-04-14,Bull,3,0.0005400444911307324,6.901509452844543e-11,0.0,0.9994599554398542,0.0
2026-04-15,Bull,3,0.0027549033517496476,1.0123153796717135e-05,0.0,0.9972349734944536,0.0
2026-04-16,Bull,3,0.0035684492960737814,2.0629868939890133e-05,0.0,0.9964109208349863,0.0
2026-04-17,Bull,3,6.328754501386982e-05,1.1909018006774083e-06,0.0,0.9999355215531854,0.0
2026-04-20,Bull,3,1.5017808727947309e-05,5.120952792163346e-06,0.0,0.9999798612384799,0.0
2026-04-21,Bull,3,3.128914901252567e-08,4.518628954136333e-05,0.0,0.9999547824213096,0.0
2026-04-22,Bull,3,8.838576091560127e-07,0.0014549991097531632,0.0,0.9985441170326377,0.0
2026-04-23,Bull,3,1.4979383082931624e-07,0.00014633590965473203,0.0,0.9998535142965145,0.0
2026-04-24,Bull,3,1.3683719488091687e-07,0.0030647261455159446,0.0,0.9969351370172892,0.0
2026-04-27,Bull,3,1.657992768648117e-10,0.0005745731737910779,0.0,0.9994254266604097,0.0
2026-04-28,Bull,3,2.120118501806219e-14,4.078263044999752e-06,0.0,0.9999959217369337,0.0
2026-04-29,Bull,3,1.5886688334512513e-16,1.178635367055097e-06,0.0,0.9999988213646329,0.0
2026-04-30,Bull,3,4.015017306848954e-07,0.038537974262952544,0.0,0.9614616242353168,0.0
2026-05-01,Bull,3,3.141195461984462e-06,0.14859590650339405,0.0,0.851400952301144,0.0
2026-05-04,Bull,3,4.130443285320609e-06,0.11668204887452423,0.0,0.8833138206821906,0.0
2026-05-05,Bull,3,1.4432366038104119e-05,0.28366568362106037,0.0,0.7163198840129015,0.0
2026-05-06,Bull,3,1.1821896539517622e-06,0.019815321470747695,0.0,0.9801834963395983,0.0
2026-05-07,Unknown,1,0.0009456740486839732,0.9523519765312083,0.0,0.04670234942010769,0.0
2026-05-08,Unknown,1,0.0006622512161104281,0.9411093394328912,0.0,0.05822840935099846,0.0
2026-05-11,Unknown,1,0.003276048804239846,0.8436892167613298,0.0,0.15303473443443028,0.0
2026-05-12,Unknown,1,0.0018293416443142432,0.9618708738405827,0.0,0.03629978451510291,0.0
2026-05-13,Unknown,1,0.00017933285268745852,0.9763565625257368,0.0,0.023464104621575683,0.0
2026-05-14,Unknown,1,0.00010878707606940409,0.9764837371102583,0.0,0.023407475813672456,0.0
2026-05-15,Unknown,1,0.0006095734340000901,0.9018534158411886,0.0,0.0975370107248113,0.0
2026-05-18,Unknown,1,0.00024151480619556608,0.8871370412578949,0.0,0.11262144393590946,0.0
2026-05-19,Unknown,1,0.002323276645576343,0.819549229117474,0.0,0.17812749423694968,0.0
2026-05-20,Unknown,1,0.0007491752133305488,0.8540871302475754,0.0,0.145163694539094,0.0
2026-05-21,Bull,3,0.00037204315390855085,0.25517201390462857,0.0,0.744455942941463,0.0
2026-05-22,Unknown,1,0.0007113151711360629,0.9724987383473206,0.0,0.02678994648154342,0.0
2026-05-26,Unknown,1,0.00047352415130746787,0.9693532066161483,0.0,0.030173269232544223,0.0
2026-05-27,Unknown,1,0.001433789526304637,0.9898105819826098,0.0,0.00875562849108539,0.0
2026-05-28,Unknown,1,0.0025215017289690095,0.9515169990902828,0.0,0.04596149918074811,0.0
2026-05-29,Unknown,1,0.00419267616877323,0.956584776889623,0.0,0.03922254694160389,0.0
2026-06-01,Unknown,1,0.002337721897984299,0.9785737829918977,0.0,0.019088495110118026,0.0
2026-06-02,Unknown,1,0.0034314093737775803,0.9724311779699654,0.0,0.02413741265625709,0.0
2026-06-03,Unknown,1,0.011628415052254398,0.9820995334401234,0.0,0.006272051507622329,0.0
2026-06-04,Unknown,1,0.013188977806182708,0.9712315183284145,0.0,0.01557950386540267,0.0
2026-06-05,Bull,3,0.06178469563929309,0.0019083261604027205,0.0,0.9363069782003042,0.0
2026-06-08,Bull,3,0.2506454458265779,0.01689525844695417,0.0,0.7324592957264678,0.0
2026-06-09,Bull,3,0.17343706682902632,0.0023164533426034925,0.0,0.8242464798283702,0.0
2026-06-10,Bull,3,0.21508537596754773,1.9205727880529545e-05,0.0,0.7848954183045718,0.0
2026-06-11,Bull,3,0.05954015372913072,5.853342469654114e-06,0.0,0.9404539929283996,0.0
2026-06-12,Sideways,0,0.8805001262977691,0.005639975470870774,0.0,0.11385989823136021,0.0
2026-06-15,Bull,3,0.3782650280153028,9.158579522468264e-05,0.0,0.6216433861894725,0.0
2026-06-16,Sideways,0,0.9617497824428796,0.0020142212033556267,0.0,0.03623599635376485,0.0
2026-06-17,Sideways,0,0.9333610610130139,2.984742715466897e-06,0.0,0.06663595424427073,0.0
2026-06-18,Sideways,0,0.9576050901040715,0.0020293467180842913,0.0,0.04036556317784414,0.0
2026-06-22,Sideways,0,0.9735004995553009,0.0015483371914850417,0.0,0.024951163253214385,0.0
2026-06-23,Sideways,0,0.7667905713189368,2.5901911537420264e-05,0.0,0.23318352676952597,0.0
2026-06-24,Sideways,0,0.8728650488380368,3.1402535881530375e-05,0.0,0.12710354862608186,0.0
2026-06-25,Sideways,0,0.9356056675442859,2.661883927909433e-05,0.0,0.06436771361643501,0.0
2026-06-26,Sideways,0,0.8240585598371043,3.140406036577669e-06,0.0,0.17593829975685932,0.0
2026-06-29,Sideways,0,0.7767541400969054,1.3091614684831466e-06,0.0,0.22324455074162605,0.0
2026-06-30,Sideways,0,0.9171407809950306,2.2088693703636664e-07,0.0,0.08285899811803253,0.0
2026-07-01,Sideways,0,0.8931146560083858,1.9879657064256576e-07,0.0,0.10688514519504347,0.0
2026-07-02,Sideways,0,0.8563980441725502,1.894426663847159e-07,0.0,0.1436017663847834,0.0
2026-07-06,Sideways,0,0.9419776542333835,1.1301035564032145e-08,0.0,0.058022334465580895,0.0
2026-07-07,Sideways,0,0.9220038901723503,1.7552299749421192e-06,0.0,0.0779943545976748,0.0
2026-07-08,Sideways,0,0.9184049250765169,0.021911615270371505,0.0,0.059683459653111934,0.0
2026-07-09,Sideways,0,0.9364309084668316,0.011658333295868309,0.0,0.05191075823730015,0.0
2026-07-10,Sideways,0,0.8879169378166886,0.022277318185654645,0.0,0.08980574399765671,0.0
2026-07-13,Unknown,1,0.036670881108603254,0.5310576609930228,0.0,0.43227145789837396,0.0
2026-07-14,Sideways,0,0.7233711425590051,0.23886820907802786,0.0,0.037760648362967074,0.0
2026-07-15,Sideways,0,0.9197489517676266,0.05727679293467605,0.0,0.022974255297697067,0.0
2026-07-16,Sideways,0,0.972999871414497,0.015122686684088645,0.0,0.011877441901414574,0.0
2026-07-17,Sideways,0,0.9702776563288581,0.004877344102196903,0.0,0.024844999568944797,0.0
2026-07-20,Sideways,0,0.7897476257794305,0.16839296378647908,0.0,0.041859410434090465,0.0
2026-07-21,Sideways,0,0.8619881245727273,0.1312195191316449,0.0,0.006792356295627972,0.0
2026-07-22,Sideways,0,0.8325753925624034,0.15755441342524956,0.0,0.00987019401234705,0.0
2026-07-23,Unknown,1,0.3565649659683847,0.5527961223877369,0.0,0.09063891164387816,0.0
2026-07-24,Unknown,1,0.17976115577852866,0.7662049685542474,0.0,0.054033875667224084,0.0
2026-07-27,Unknown,1,0.23775707875047108,0.714561016474731,0.0,0.047681904774797966,0.0
2026-07-28,Unknown,1,0.09557580558219635,0.6521727569898698,0.0,0.2522514374279338,0.0
2026-07-29,Sideways,0,0.9199570219961868,0.034764920676992606,0.0,0.0452780573268208,0.0
2026-07-30,Sideways,0,0.974176295840592,0.012375634437423913,0.0,0.013448069721984212,0.0
2026-07-31,Sideways,0,0.9735107470208855,0.0077074878199528,0.0,0.01878176515916193,0.0
2026-08-03,Sideways,0,0.9436996452989018,0.0004887713230764084,0.0,0.05581158337802168,0.0
2026-08-04,Sideways,0,0.9299853679103303,2.4349747817077874e-06,0.0,0.0700121971148879,0.0
2026-08-05,Sideways,0,0.8668382843267852,1.5828803077570982e-08,0.0,0.1331616998444117,0.0
2026-08-06,Sideways,0,0.9558346317045224,0.00021092904466087724,0.0,0.043954439250816706,0.0
2026-08-07,Sideways,0,0.9792692990090688,0.00022173431980832437,0.0,0.020508966671123004,0.0
2026-08-10,Sideways,0,0.9773731641223161,0.009218907892957732,0.0,0.013407927984726554,0.0
2026-08-11,Sideways,0,0.7299330208538027,0.25062941165934777,0.0,0.019437567486849515,0.0
2026-08-12,Sideways,0,0.7988468560973431,0.1862247870017954,0.0,0.014928356900861797,0.0
2026-08-13,Sideways,0,0.8499021714996432,0.13531992225481929,0.0,0.014777906245537315,0.0
2026-08-14,Sideways,0,0.6696982795580166,0.31237804596733215,0.0,0.01792367447465098,0.0
2026-08-17,Unknown,1,0.3670893604660868,0.6038337307090914,0.0,0.0290769088248216,0.0
2026-08-18,Sideways,0,0.5692949413537893,0.34555827796679867,0.0,0.08514678067941217,0.0
2026-08-19,Sideways,0,0.6968970433729171,0.2786942031479079,0.0,0.024408753479175285,0.0
2026-08-20,Sideways,0,0.8522866203470053,0.04883982968042083,0.0,0.09887354997257398,0.0
2026-08-21,Unknown,1,0.13437855684713376,0.629780791239267,0.0,0.23584065191359918,0.0
2026-08-24,Unknown,1,0.12682284367965588,0.7338095996874671,0.0,0.13936755663287723,0.0
2026-08-25,Unknown,1,0.06163029898698067,0.8766557407193356,0.0,0.06171396029368398,0.0
2026-08-26,Unknown,1,0.132803141910141,0.7591530007583136,0.0,0.10804385733154558,0.0
2026-08-27,Unknown,1,0.000976866624441542,0.5825203653789925,0.0,0.4165027679965659,0.0
2026-08-28,Unknown,1,0.03774576917989527,0.9498183994979433,0.0,0.012435831322161328,0.0
2026-08-31,Unknown,1,0.09984485875970255,0.8962814971425783,0.0,0.003873644097719602,0.0
2026-09-01,Unknown,1,0.45443469512940665,0.5433278248989736,0.0,0.0022374799716195306,0.0
2026-09-02,Unknown,1,0.24583817596577445,0.7522553916803294,0.0,0.0019064323538962524,0.0
2026-09-03,Sideways,0,0.608033403488174,0.38650798802666003,0.0,0.005458608485165873,0.0
2026-09-04,Unknown,1,0.4013092754294016,0.5968571764543227,0.0,0.0018335481162755761,0.0
2026-09-08,Unknown,1,0.40985013310485335,0.5868787519132869,0.0,0.0032711149818600714,0.0
2026-09-09,Sideways,0,0.6038479030221442,0.3877547948131758,0.0,0.008397302164680149,0.0
2026-09-10,Sideways,0,0.7047822572872965,0.2897122765772791,0.0,0.005505466135424218,0.0
2026-09-11,Sideways,0,0.9248169128189927,0.06669510004817872,0.0,0.008487987132828785,0.0
2026-09-14,Sideways,0,0.8398688226951065,0.14786274380862957,0.0,0.012268433496263796,0.0
2026-09-15,Sideways,0,0.8474293355639901,0.142228413882063,0.0,0.010342250553946669,0.0
2026-09-16,Sideways,0,0.8682018927527552,0.12420323196257112,0.0,0.0075948752846735565,0.0
2026-09-17,Sideways,0,0.9243009145465552,0.06867942070790396,0.0,0.0070196647455409876,0.0
2026-09-18,Sideways,0,0.9534701158308684,0.03787939230843901,0.0,0.008650491860692514,0.0
