,strategy,buy_and_hold
2011-01-03,1.0,1.0
2011-01-04,0.9998346747321474,0.9994489157738247
2011-01-05,1.0013937386487828,1.0046437904215453
2011-01-06,1.0008052622087207,1.002675835898098
2011-01-07,1.0002161667768263,1.0007085142592054
2011-01-10,0.9998384731475307,0.9994489157738247
2011-01-11,1.0009014688356797,1.0029908541852974
2011-01-12,1.0036112429107953,1.0120422899788428
2011-01-13,1.0031195401585218,1.0103895119637334
2011-01-14,1.0052997459764974,1.0177095338362236
2011-01-18,1.0058128598209628,1.0194410268678482
2011-01-19,1.0028540970360662,1.0094448526549824
2011-01-20,1.0024552951106644,1.0081067764847946
2011-01-21,1.0031362766261875,1.0103895119637332
2011-01-24,1.00484759556431,1.0161351543953516
2011-01-25,1.0050110843454716,1.0166862386215267
2011-01-26,1.0061781333877031,1.020621593894436
2011-01-27,1.0069230802683724,1.0231403953123506
2011-01-28,1.0016479279916297,1.0052733523325275
2011-01-31,1.003906602885415,1.012829519254563
2011-02-01,1.0087279815607946,1.0290436259981377
2011-02-02,1.0087279815607946,1.0290436259981377
2011-02-03,1.0109697047932982,1.0313304972318378
2011-02-04,1.0118278795220976,1.034248691402472
2011-02-07,1.0162560995376724,1.0407148967000337
2011-02-08,1.0194904548580357,1.0454466086104108
2011-02-09,1.0178755541701672,1.043080871548431
2011-02-10,1.0181448062026786,1.0434750421655525
2011-02-11,1.0224000003850278,1.0497051255511087
2011-02-14,1.024120479831307,1.0522285942696483
2011-02-15,1.021863654567697,1.0489160709576146
2011-02-16,1.0263813111246154,1.055540721270987
2011-02-17,1.0285282816400378,1.0586949580914884
2011-02-18,1.030029736859977,1.0609028049726303
2011-02-22,1.0155591535279167,1.0396109336283932
2011-02-23,1.0111911863083698,1.0332231978484163
2011-02-24,1.0107048720082725,1.0325133261317583
2011-02-25,1.0182700420809214,1.0435539079938323
2011-02-28,1.022686881167583,1.050020351077811
2011-03-01,1.0107509760153102,1.0325133261317585
2011-03-02,1.0122638400660415,1.0347210937507618
2011-03-03,1.0244690294792644,1.05254389905849
2011-03-04,1.0244690294792644,1.05254389905849
2011-03-07,1.018839152153698,1.0442808129957033
2011-03-08,1.0250794476057312,1.0534181319507505
2011-03-09,1.0240513706462027,1.0519088483633903
2011-03-10,1.0107853794806612,1.0324418931899852
2011-03-11,1.0156861541876547,1.0395930016523485
2011-03-14,1.011393219109876,1.0333158865007464
2011-03-15,1.0032820149741157,1.0214772861370278
2011-03-16,0.9902806314666791,1.0025670385083336
2011-03-17,0.9994550360151633,1.0158359404250248
2011-03-18,1.0019997073893863,1.0195307663127873
2011-03-21,1.012869693458697,1.03533100649439
2011-03-22,1.0104104680650658,1.0317399193959804
2011-03-23,1.0124347807434784,1.0346928412397944
2011-03-24,1.0192122490938509,1.0445877967572679
2011-03-25,1.0213923866638766,1.047779820937743
2011-03-28,1.0196499796077376,1.0452263613143626
2011-03-29,1.0244452470870442,1.0522485749299084
2011-03-30,1.029394353196123,1.0595106096266143
2011-03-31,1.0284172561523943,1.0580739192336508
2011-04-01,1.0314578145923403,1.0625428329468158
2011-04-04,1.0314578145923403,1.0625428329468158
2011-04-05,1.0313803157234247,1.0623831640460373
2011-04-06,1.0330059001549554,1.0657320616456243
2011-04-07,1.0316920147534017,1.06302104170362
2011-04-08,1.0299121064874661,1.0593531254806883
2011-04-11,1.0283618088726978,1.0561638967818796
2011-04-12,1.024518827123453,1.0482701408206523
2011-04-13,1.0244799118110997,1.0481905058566459
2011-04-14,1.0248696256442693,1.0489879726204543
2011-04-15,1.0267389874797104,1.05281468000408
2011-04-18,1.020985146199023,1.0410147412843265
2011-04-19,1.0239176775559504,1.0469948642728049
2011-04-20,1.0308963777126894,1.0612668382479902
2011-04-21,1.0335297384071749,1.0666887185428922
2011-04-25,1.0329891584470972,1.0655728715121642
2011-04-26,1.0374336413802607,1.0747422231994512
2011-04-27,1.040820064956951,1.0817586380492044
2011-04-28,1.0425077663653455,1.0852668055768044
2011-04-29,1.0437333724530555,1.0878185555907958
2011-05-02,1.0429299436189645,1.0861438275100663
2011-05-03,1.0410543290909013,1.0822371659842214
2011-05-04,1.0410543290909013,1.0822371659842214
2011-05-05,1.036344270231342,1.0724443999213018
2011-05-06,1.0386324092082078,1.0771800884419394
2011-05-09,1.0406447441121838,1.0813541293646414
2011-05-10,1.0450861950317116,1.0905845248850632
2011-05-11,1.0340870192701597,1.0791064947196416
2011-05-12,1.0390094027122518,1.0842431764909795
2011-05-13,1.0310102890688928,1.075895817590138
2011-05-16,1.0244721796592104,1.069073068444563
2011-05-17,1.0243183816371406,1.0689125747516748
2011-05-18,1.0334718271818806,1.0784645199480885
2011-05-19,1.035932749486972,1.0810325796886495
2011-05-20,1.0277028618345214,1.0724443999213022
2011-05-23,1.0157805130606152,1.0600030059626824
2011-05-24,1.014934546963244,1.0591202103246227
2011-05-25,1.0166269410139084,1.0626523568029445
2011-05-26,1.0189687318522478,1.067547976726255
2011-05-27,1.0209225222673723,1.0716418511296864
2011-05-31,1.0262368668930277,1.0827985726006366
2011-06-01,1.0031867129408902,1.058477994571548
2011-06-02,1.0021214858070082,1.0573540567582875
2011-06-03,1.0021214858070082,1.0573540567582875
2011-06-06,0.9946987866169014,1.0461657624219896
2011-06-07,0.9942670044743862,1.045517015139464
2011-06-08,0.9913526886069025,1.0411391068580964
2011-06-09,0.9966483802058844,1.049084313853583
2011-06-10,0.9869436409980407,1.0344909887577747
2011-06-13,0.987485204322955,1.035301922860932
2011-06-14,0.9962540850777688,1.0484354854370799
2011-06-15,0.983850822814378,1.0297884634332124
2011-06-16,0.9853691882530886,1.032058835520121
2011-06-17,0.9874276576415081,1.0351388435665503
2011-06-20,0.9909636213004984,1.0404342959972532
2011-06-21,1.0004700943849092,1.054692943436681
2011-06-22,0.9962500934391513,1.048337637860451
2011-06-23,0.994244712155632,1.045323023799729
2011-06-24,0.9861622283907553,1.0331834335795376
2011-06-27,0.9923135452836266,1.0423900305201756
2011-06-28,1.0013804762354368,1.0559964419160535
2011-06-29,1.007383635808671,1.0650401218302643
2011-06-30,1.014126580226813,1.0752242209294658
2011-07-01,1.0246162025188092,1.0911122009011203
2011-07-05,1.0246162025188092,1.0911122009011203
2011-07-06,1.0254735347717165,1.092416446305502
2011-07-07,1.0329216288976575,1.1037511687405805
2011-07-08,1.02779335152566,1.0959226918889413
2011-07-11,1.0147855026860033,1.0761082631075691
2011-07-12,1.0117175737431718,1.0714606606940973
2011-07-13,1.0140888719257013,1.0750482693640255
2011-07-14,1.0091891526583667,1.0676279071557946
2011-07-15,1.0132898728093336,1.0738253058454483
2011-07-18,1.0074728150552166,1.0650187667415505
2011-07-19,1.0189196386818997,1.082305418195168
2011-07-20,1.0184896730775839,1.0816529706902365
2011-07-21,1.0283792264385092,1.0966570708851584
2011-07-22,1.0288608596293256,1.0973908002758939
2011-07-25,1.0248472021165684,1.09127508947547
2011-07-26,1.0221669673701121,1.0871980030756438
2011-07-27,1.0075168280815896,1.0649377284578019
2011-07-28,1.0054644796417622,1.0618387043102346
2011-07-29,1.0006541248377978,1.0545814742784074
2011-08-01,0.9976751953848451,1.0500965168372287
2011-08-02,0.9798337463098342,1.023269515688293
2011-08-03,0.9798337463098342,1.023269515688293
2011-08-04,0.9660647839869273,0.9753383931526132
2011-08-05,0.9656309380410931,0.9738783578468394
2011-08-08,0.9467654043552789,0.9104561460332988
2011-08-09,0.9599725951756785,0.9527917587730982
2011-08-10,0.9472498650430801,0.9106998890664233
2011-08-11,0.9600046624807286,0.9515753857373498
2011-08-12,0.9619438186054708,0.9579824839162218
2011-08-15,0.9680516437569314,0.978258059948665
2011-08-16,0.9655717912738294,0.9699047326073559
2011-08-17,0.9657655286534184,0.9705534218194355
2011-08-18,0.9532726861432216,0.9287041644624977
2011-08-19,0.948602592011369,0.9135383889478662
2011-08-22,0.9488299781948181,0.9142683258376539
2011-08-23,0.9581978408769724,0.9443571029909819
2011-08-24,0.9622466102000674,0.9576580585470827
2011-08-25,0.9578461015918893,0.9430596438037235
2011-08-26,0.9620224399814481,0.956765868591176
2011-08-29,0.9703158164045187,0.9842594043175907
2011-08-30,0.97108340689671,0.9868548072707019
2011-08-31,0.9723763669742137,0.9912346708987263
2011-09-01,0.9723763669742137,0.9912346708987263
2011-09-02,0.9599544250612569,0.9659089638531554
2011-09-06,0.9564517685956667,0.9588601973928186
2011-09-07,0.9699413556995383,0.9859073075093222
2011-09-08,0.9649017677665219,0.9756622209568198
2011-09-09,0.9522568488692409,0.9500903543331382
2011-09-12,0.9553372607015611,0.956237161410948
2011-09-13,0.9597180964168734,0.9650070860885256
2011-09-14,0.966361460942578,0.9783670380717365
2011-09-15,0.9746997320954341,0.9952507611508866
2011-09-16,0.9775840586076785,1.0011410431776346
2011-09-19,0.972717056894182,0.9911724780610204
2011-09-20,0.9721511231374851,0.9900191355549587
2011-09-21,0.9578320443486878,0.9608546123300576
2011-09-22,0.9423516208351559,0.9297960641815369
2011-09-23,0.9451904068040705,0.9353979901772952
2011-09-26,0.9564287465275949,0.9576418054226471
2011-09-27,0.9617771988731919,0.9683522772252778
2011-09-28,0.9519580321920019,0.9485796886729086
2011-09-29,0.955719888381001,0.956076700624951
2011-09-30,0.943778424740949,0.9321848567982954
2011-10-03,0.943778424740949,0.9321848567982954
2011-10-04,0.964469451335494,0.9526217105739471
2011-10-05,0.9823267536758102,0.9702596501459189
2011-10-06,1.0000979819714861,0.9878125730244871
2011-10-07,0.9934009620100939,0.9811978206313082
2011-10-10,1.0266266489354816,1.014015356396728
2011-10-11,1.0276564755486282,1.0150325324083185
2011-10-12,1.0366711157100228,1.0239364348791176
2011-10-13,1.0346109521633071,1.021901578804395
2011-10-14,1.0522961914677464,1.03936956899815
2011-10-17,1.0322069177050492,1.01952707599901
2011-10-18,1.052382180458983,1.0394545016829633
2011-10-19,1.039933424065973,1.027158668369418
2011-10-20,1.044483611062183,1.0316529599343387
2011-10-21,1.064315598278401,1.0512413269477616
2011-10-24,1.077365427076029,1.0641308489690964
2011-10-25,1.0564171139350047,1.0434398692077276
2011-10-26,1.0671490673724184,1.0540399891256707
2011-10-27,1.1043231034087646,1.0907573716709091
2011-10-28,1.104065646755478,1.0905030776680116
2011-10-31,1.0774513310138611,1.0642156976453188
2011-11-01,1.0774513310138611,1.0642156976453188
2011-11-02,1.0897535793666286,1.0815744476569609
2011-11-03,1.1036579842219314,1.1012887984005133
2011-11-04,1.0989460442216947,1.0945719054924596
2011-11-07,1.103728183116422,1.101376340536452
2011-11-08,1.1136411350688438,1.1155075252045115
2011-11-09,1.0848682126533142,1.0743344624005966
2011-11-10,1.092020797470199,1.0844532271558744
2011-11-11,1.1064089115337017,1.104865236007458
2011-11-14,1.0990711463998761,1.0943973397327393
2011-11-15,1.1028735177070486,1.0998061993045907
2011-11-16,1.0906268712784284,1.0823596479009308
2011-11-17,1.0785061245152243,1.0651755500677016
2011-11-18,1.0777022775404512,1.0640413911416766
2011-11-21,1.063353885595394,1.043803515956349
2011-11-22,1.0604305891347423,1.0397041588384792
2011-11-23,1.0440513528155704,1.0167625884261156
2011-11-25,1.0426718662207919,1.0148434020935062
2011-11-28,1.0638138268356672,1.0442401031930357
2011-11-29,1.0659288653266652,1.0472059927344235
2011-11-30,1.0966321328483855,1.0902973776840186
2011-12-01,1.0966321328483855,1.0902973776840186
2011-12-02,1.0963425621452172,1.089337717743182
2011-12-05,1.0999250093140527,1.1012029107268995
2011-12-06,1.1000296698267604,1.1015521844205787
2011-12-07,1.1012580768326292,1.1056525417648355
2011-12-08,1.0940107982059362,1.0813985477705985
2011-12-09,1.0995713347979779,1.0997199884892221
2011-12-12,1.0947559760764316,1.0836666227510086
2011-12-13,1.0916887928908057,1.0735462424508604
2011-12-14,1.0882022115135193,1.0621174471111388
2011-12-15,1.0893821121959906,1.0659561733069753
2011-12-16,1.0898665777198107,1.0675363320963451
2011-12-19,1.0863709059629352,1.0561228353074232
2011-12-20,1.0962330497889572,1.088081335062826
2011-12-21,1.0968698747378332,1.0901882998811427
2011-12-22,1.0997850483694982,1.0998463527901774
2011-12-23,1.1027348075541028,1.1096794314922585
2011-12-27,1.1029967339163091,1.1105580177571062
2011-12-28,1.09865407426049,1.09598325263205
2011-12-29,1.1020601365809146,1.1073091933082035
2011-12-30,1.1004347707830715,1.1018655021982544
2012-01-03,1.1004347707830715,1.1018655021982544
2012-01-04,1.1021606894067084,1.10359366477679
2012-01-05,1.10509542229995,1.1065322132660644
2012-01-06,1.1022470150760635,1.1036801026825542
2012-01-09,1.1049229408936594,1.1063595076078934
2012-01-10,1.1145030510030627,1.1159520733074493
2012-01-11,1.11510724572234,1.1165570535711211
2012-01-12,1.1177830016075159,1.1192362883431022
2012-01-13,1.1120000314228078,1.1134457994236757
2012-01-17,1.1163156351608952,1.117767014098465
2012-01-18,1.1286576568924096,1.1301250823224087
2012-01-19,1.1346129385509887,1.1360881067466486
2012-01-20,1.1388423015859308,1.1403229685923526
2012-01-23,1.1359074837264789,1.1373843350263992
2012-01-24,1.1346129385509887,1.1360881067466486
2012-01-25,1.1441066380248268,1.1455941494637614
2012-01-26,1.1382378519680232,1.1397177330986439
2012-01-27,1.137720152850521,1.139199360894094
2012-01-30,1.1338360924930007,1.135310250671448
2012-01-31,1.133404719044854,1.1348783163726628
2012-02-01,1.1433300468654688,1.1448165486185975
2012-02-02,1.1433300468654688,1.1448165486185975
2012-02-03,1.1545500209405277,1.1608659225272504
2012-02-06,1.1540088680561609,1.16008861791142
2012-02-07,1.1560520110574994,1.163022770828547
2012-02-08,1.1584533088420366,1.1664738810062956
2012-02-09,1.159473407797701,1.167941254762002
2012-02-10,1.153477132560517,1.159312587426202
2012-02-13,1.1594867967313252,1.167941254762002
2012-02-14,1.15846707048904,1.1664738810062956
2012-02-15,1.1546881420922899,1.161038100044056
2012-02-16,1.1636386404134966,1.173894842405271
2012-02-17,1.1657937792284392,1.1770007481289997
2012-02-21,1.1661527337563362,1.1775184698679886
2012-02-22,1.163520963674146,1.1737221552362205
2012-02-23,1.1671134591174164,1.1788992876840678
2012-02-24,1.1689069577517555,1.1814873017847258
2012-02-27,1.170281493341155,1.1834720575112578
2012-02-28,1.172670462655085,1.186923337573088
2012-02-29,1.1694482761061902,1.182264266632393
2012-03-01,1.1736899461501755,1.1883902016765495
2012-03-02,1.1711843725688353,1.1847659796195462
2012-03-05,1.1711843725688353,1.1847659796195462
2012-03-06,1.159194116694744,1.167438407414767
2012-03-07,1.164854708725569,1.1755824797865204
2012-03-08,1.1729671745461345,1.1872784481642396
2012-03-09,1.1761427146929517,1.1918702833706074
2012-03-12,1.176202336750442,1.1919565967037336
2012-03-13,1.1910440182435718,1.2134429875217172
2012-03-14,1.190151234425342,1.2121435965828078
2012-03-15,1.1949743450328434,1.219161075261613
2012-03-16,1.1961324839283494,1.2208490467793
2012-03-19,1.1994145929322886,1.2256346605359272
2012-03-20,1.1969708223863373,1.2220672417763756
2012-03-21,1.1955987803501076,1.2200660859116144
2012-03-22,1.1895700110996592,1.2112773075269159
2012-03-23,1.1922620849615602,1.215193305923312
2012-03-26,1.203975290592907,1.232248291751934
2012-03-27,1.2013566611628723,1.2284195448770674
2012-03-28,1.1971863848905693,1.222327802282996
2012-03-29,1.1957550362662184,1.2202400772155442
2012-03-30,1.1992168305651705,1.2252867632179214
2012-04-02,1.2053572812802327,1.2342495329065497
2012-04-03,1.2053572812802327,1.2342495329065497
2012-04-04,1.1969953960985538,1.2220176494167923
2012-04-05,1.19657572045613,1.2214055799399963
2012-04-09,1.1898563266007156,1.2076879271270358
2012-04-10,1.1798704774368476,1.1874169259856318
2012-04-11,1.1846457124017722,1.1970284806966671
2012-04-12,1.1923848252029021,1.2126684958358682
2012-04-13,1.1852969031650622,1.1982515063295376
2012-04-16,1.184908022726364,1.1974652449798153
2012-04-17,1.1936834795904099,1.2152021568784046
2012-04-18,1.191666617477971,1.2110957162162572
2012-04-19,1.1878408070442286,1.203319342254944
2012-04-20,1.1888327389532911,1.205329057437814
2012-04-23,1.1838343889101743,1.1951936425071674
2012-04-24,1.1860842745805404,1.1997365905322963
2012-04-25,1.1942041636748606,1.2161632952214974
2012-04-26,1.1983652897486123,1.224638577675903
2012-04-27,1.1993485473126246,1.2266482072187177
2012-04-30,1.1971275423386876,1.2221050879134776
2012-05-01,1.20085052673225,1.2297064136013098
2012-05-02,1.1990589951445112,1.2260372510626438
2012-05-03,1.1990589951445112,1.2260372510626438
2012-05-04,1.1893718225426315,1.2062269923256304
2012-05-07,1.1898059207505292,1.2071074923774423
2012-05-08,1.187419272643742,1.2022647852415527
2012-05-09,1.1838975064223292,1.1951331922020851
2012-05-10,1.1851185577945502,1.197598471529745
2012-05-11,1.1833323552730188,1.193988447206762
2012-05-14,1.17678792682234,1.1807817231129567
2012-05-15,1.1734098588052313,1.1740026580271938
2012-05-16,1.1702676563027112,1.16951152956533
2012-05-17,1.1581181999605452,1.152166377559671
2012-05-18,1.151180306169804,1.1423060369324063
2012-05-21,1.1650310874425909,1.1619403337361018
2012-05-22,1.1664521059868582,1.1639649746961684
2012-05-23,1.1668844668594236,1.1645813161026217
2012-05-24,1.1684901582861726,1.1668706334969634
2012-05-25,1.165836410635769,1.1630848198369672
2012-05-29,1.1757204937690051,1.177171612491821
2012-05-30,1.1637787186336659,1.1600908780259789
2012-05-31,1.1619858456946508,1.1575377471788892
2012-06-01,1.141507312445229,1.128394688421955
2012-06-04,1.141507312445229,1.128394688421955
2012-06-05,1.1501511911968862,1.1369392739575832
2012-06-06,1.1759936513691085,1.1624848788574997
2012-06-07,1.1767060119282753,1.1631890564500926
2012-06-08,1.1860627752905164,1.172438337609893
2012-06-11,1.1710031097274114,1.1575516641339103
2012-06-12,1.184458566561946,1.170852556609015
2012-06-13,1.176884538777581,1.1633655325412233
2012-06-14,1.1893594080694763,1.1756971015940567
2012-06-15,1.2015234275293367,1.1877213915821476
2012-06-18,1.2038525740510762,1.1900237829335067
2012-06-19,1.215497171215036,1.2015346172885482
2012-06-20,1.2135266505461584,1.1995867322141862
2012-06-21,1.1862964148804838,1.1726692933553793
2012-06-22,1.1954332513314956,1.1817011739293346
2012-06-25,1.1762644986096649,1.1627526148450706
2012-06-26,1.182175885932492,1.168596097390964
2012-06-27,1.1928353537748673,1.179133118716719
2012-06-28,1.1894312031135708,1.1757680719203332
2012-06-29,1.219080110751346,1.2050763991918538
2012-07-02,1.2227522263704063,1.2087063328021281
2012-07-03,1.2227522263704063,1.2087063328021281
2012-07-05,1.217235141330587,1.2032526231441771
2012-07-06,1.2056663824311329,1.1918167558908916
2012-07-09,1.2041539845851041,1.1903217311305299
2012-07-10,1.1936534488573345,1.179941816248146
2012-07-11,1.1938315872840644,1.180117908378555
2012-07-12,1.1880480321475635,1.174400789596159
2012-07-13,1.2079800995030985,1.1941038950323175
2012-07-16,1.2051324010000106,1.1912889083650589
2012-07-17,1.2134089396427794,1.199470373469311
2012-07-18,1.2223961230565736,1.208354320087468
2012-07-19,1.2255994042546143,1.211520804830915
2012-07-20,1.2143874428274992,1.2004376364769185
2012-07-23,1.2021071714588865,1.188298429978942
2012-07-24,1.1917849476974733,1.1780947787731244
2012-07-25,1.1920522854922877,1.1783590456283553
2012-07-26,1.2117178827511412,1.1977987419400689
2012-07-27,1.2340535607052328,1.219877847427104
2012-07-30,1.2340535607052328,1.219877847427104
2012-07-31,1.2254220467562045,1.211345484658214
2012-08-01,1.2243540838939597,1.210289789606548
2012-08-02,1.2243540838939597,1.210289789606548
2012-08-03,1.2486366408738,1.2342934100990537
2012-08-06,1.2510561767364854,1.236685152478743
2012-08-07,1.2573289536464143,1.2428858732885446
2012-08-08,1.2588516046459455,1.244391033423271
2012-08-09,1.259927691735532,1.2454547593783574
2012-08-10,1.2619874251757652,1.2474908324268477
2012-08-13,1.2613603484429003,1.2468709589955667
2012-08-14,1.2615399875348288,1.2470485345528628
2012-08-15,1.2629736053462883,1.2484656842338515
2012-08-16,1.2722926453593708,1.2576776753768855
2012-08-17,1.2739945859584334,1.2593600655911699
2012-08-20,1.2740842307581994,1.259448680630949
2012-08-21,1.2702310770840546,1.2556397885702708
2012-08-22,1.270769208001947,1.2561717379172486
2012-08-23,1.260375042003369,1.2458969708829075
2012-08-24,1.267991355059496,1.2534257944867464
2012-08-27,1.268260027339496,1.2536913804977803
2012-08-28,1.2670060486199648,1.2524518063740875
2012-08-29,1.2679913550594961,1.2534257944867466
2012-08-30,1.2588516046459453,1.2443910334232708
2012-08-31,1.2588516046459453,1.2443910334232708
2012-09-04,1.258503884121615,1.2432452793592312
2012-09-05,1.2581824874008314,1.242186946098187
2012-09-06,1.2658437981839268,1.2673999824689348
2012-09-07,1.2673228985473313,1.2723363781952168
2012-09-10,1.265162711974459,1.2651072709079725
2012-09-11,1.2662204984685832,1.2686330713764786
2012-09-12,1.2674875941722676,1.2728647711903143
2012-09-13,1.2732812692923903,1.292258951693627
2012-09-14,1.2749752455575813,1.2979896990821336
2012-09-17,1.2736761906990994,1.2935813525129825
2012-09-18,1.2733637286417765,1.2925235350088882
2012-09-19,1.2735722068284927,1.2932289185972679
2012-09-20,1.2735982376050248,1.2933170270761962
2012-09-21,1.2734385305350782,1.292776427833286
2012-09-24,1.272862385460809,1.29082678060345
2012-09-25,1.268798659835443,1.2770898521232936
2012-09-26,1.266659123661949,1.2699114609361155
2012-09-27,1.2702390841902118,1.2818753029822598
2012-09-28,1.2684739327755508,1.2759375651378895
2012-10-01,1.2694784161022667,1.2793055439797487
2012-10-02,1.2694784161022667,1.2793055439797487
2012-10-03,1.272069970057271,1.2845287747178324
2012-10-04,1.2766290802208864,1.2937362999799977
2012-10-05,1.2766728881098888,1.2938250898361996
2012-10-08,1.2744889237101806,1.2893984775661846
2012-10-09,1.268188267066964,1.2766497483582744
2012-10-10,1.2641423918538692,1.2685040089490425
2012-10-11,1.2644955171378873,1.2692126962635801
2012-10-12,1.2624228273753273,1.2650518524703003
2012-10-15,1.2676797201149703,1.275587533154005
2012-10-16,1.2741022098557422,1.2885126398905788
2012-10-17,1.2769913970354043,1.2943563691788686
2012-10-18,1.2753314702174754,1.2909913710212533
2012-10-19,1.2647054519013077,1.2694783788700488
2012-10-22,1.2647936512872053,1.2696554433608496
2012-10-23,1.2560184243238965,1.2520375265261898
2012-10-24,1.2542418050143196,1.2484955497480408
2012-10-25,1.2560651555177564,1.2521255435499872
2012-10-26,1.2557101276772877,1.2514177149381203
2012-10-31,1.2557101276772877,1.2514177149381203
2012-11-01,1.262284243847492,1.2645210024789675
2012-11-02,1.262284243847492,1.2645210024789675
2012-11-05,1.2648703045534297,1.2671116456659381
2012-11-06,1.2747681857403346,1.2770270658273537
2012-11-07,1.2458766266245171,1.2480843110758908
2012-11-08,1.230896657442508,1.2330777974958744
2012-11-09,1.2319664204896215,1.234149456155439
2012-11-12,1.2329472744565806,1.2351320481885963
2012-11-13,1.2286670979315093,1.230844287221405
2012-11-14,1.2120816625482251,1.2142294625655135
2012-11-15,1.2100308725592883,1.2121750385914174
2012-11-16,1.2160051649034929,1.2181599173388296
2012-11-19,1.2406158555947826,1.2428142179976036
2012-11-20,1.2411509533369196,1.2433502639291039
2012-11-21,1.2434696813903692,1.2456731007520425
2012-11-23,1.2604118774308886,1.2626453182424964
2012-11-26,1.2577366481824999,1.2599653485070568
2012-11-27,1.2513162536637445,1.2535335770952385
2012-11-28,1.2613925584229833,1.2636277369942792
2012-11-29,1.2672777687121692,1.26952337583391
2012-11-30,1.2675446689274974,1.2697907489945064
2012-12-03,1.261302784468508,1.2635378039610003
2012-12-04,1.261302784468508,1.2635378039610003
2012-12-05,1.2628657460212798,1.2657745626887706
2012-12-06,1.2658642778427593,1.270068046228093
2012-12-07,1.268547961610067,1.273914611838527
2012-12-10,1.268922202420915,1.2744515033438581
2012-12-11,1.2749697694718012,1.283128530762279
2012-12-12,1.275405060709977,1.2837543546840557
2012-12-13,1.2699305337618532,1.275882404233633
2012-12-14,1.266627550847512,1.2711417424754226
2012-12-17,1.277047712181518,1.286080739934937
2012-12-18,1.286995657172379,1.3003926120226776
2012-12-19,1.2803023804955764,1.290731254590038
2012-12-20,1.2854581491952066,1.298156634164905
2012-12-21,1.2772900229170439,1.2863726117875445
2012-12-24,1.2745353274753872,1.2824093494940674
2012-12-26,1.2707746900983041,1.2770038203141774
2012-12-27,1.2695825490571802,1.2752924135684334
2012-12-28,1.2599771282340089,1.2615086698893796
2012-12-31,1.274967271989202,1.2829491909527249
2013-01-02,1.2978418920763388,1.315831800097615
2013-01-03,1.2957893421041895,1.312858941251675
2013-01-04,1.2957893421041895,1.312858941251675
2013-01-07,1.2947269244247213,1.309270897772404
2013-01-08,1.2936093176323333,1.3055036939942113
2013-01-09,1.2945959075469806,1.3088225651053822
2013-01-10,1.2976833075985656,1.3192269928022549
2013-01-11,1.2976568724213107,1.319137412652794
2013-01-14,1.297392100191642,1.3182402290150892
2013-01-15,1.2976569985625974,1.3191374126527942
2013-01-16,1.2976040237169655,1.3189579068180985
2013-01-17,1.3001189368875932,1.327478905393762
2013-01-18,1.3009886442510656,1.3304389376034282
2013-01-22,1.3030937651875392,1.3376148517940831
2013-01-23,1.3037226016599508,1.3397665030600134
2013-01-24,1.3038275084723037,1.3401258602651793
2013-01-25,1.306026608151668,1.3476602678215643
2013-01-28,1.3055572920364078,1.3460460110684553
2013-01-29,1.3070969518153084,1.3513373731466347
2013-01-30,1.3055615121728967,1.3460460110684553
2013-01-31,1.3045958220914078,1.342727226341228
2013-02-01,1.3086220567318676,1.3565402780666198
2013-02-04,1.3042091492548216,1.3412919571191535
2013-02-05,1.3042091492548216,1.3412919571191535
2013-02-06,1.304684386100817,1.3422694557966086
2013-02-07,1.3029581131391796,1.3404934527314547
2013-02-08,1.310208841956621,1.347953058999145
2013-02-11,1.30994965579134,1.3476864062540612
2013-02-12,1.3121076009006052,1.3499065169860591
2013-02-13,1.3132293832291697,1.3510606153808324
2013-02-14,1.3144375332375697,1.3523035695171521
2013-02-15,1.312884161887152,1.3507054489759793
2013-02-19,1.3227235935779655,1.3608283329176252
2013-02-20,1.3062380899543333,1.3438679184195583
2013-02-21,1.2982970015786313,1.3356980648626056
2013-02-22,1.31098490418852,1.3487514778663998
2013-02-25,1.286041103619469,1.3230891016074322
2013-02-26,1.294844871284229,1.3321464863345185
2013-02-27,1.3111580551770639,1.348929616951714
2013-02-28,1.3085689366748186,1.3462659116755376
2013-03-01,1.312884161887152,1.3507054489759793
2013-03-04,1.3198747901557917,1.3578974617736999
2013-03-05,1.331700013476622,1.3700633436073602
2013-03-06,1.3335122384892217,1.3719277748118395
2013-03-07,1.3335122384892217,1.3719277748118395
2013-03-08,1.339198126633612,1.3777774608099222
2013-03-11,1.3442820283717627,1.3830078185056904
2013-03-12,1.3412662880637312,1.3799052013936828
2013-03-13,1.343162026647239,1.3818555520102196
2013-03-14,1.3503125132832254,1.389212028341059
2013-03-15,1.3485297041964637,1.387377860470139
2013-03-18,1.3410873101618346,1.3797210675345382
2013-03-19,1.3379713355907106,1.3765153286321523
2013-03-20,1.347318512525633,1.3861317770478256
2013-03-21,1.335808582223567,1.374290271127008
2013-03-22,1.3465394566513147,1.3853302782979389
2013-03-25,1.3409143894629236,1.3795431653729915
2013-03-26,1.351645180915288,1.3905830871782021
2013-03-27,1.351645180915288,1.3905830871782021
2013-03-28,1.3557988456306478,1.3948564097813108
2013-04-01,1.3504338232936908,1.389336833024448
2013-04-02,1.3570965806263173,1.396191529650118
2013-04-03,1.3433373536322681,1.3820359297776617
2013-04-04,1.348788836318681,1.3876444576152982
2013-04-05,1.3427320482106946,1.3814131868465267
2013-04-08,1.3427320482106946,1.3814131868465267
2013-04-09,1.345980645863692,1.386187733363288
2013-04-10,1.3575213099109145,1.403166885314998
2013-04-11,1.3606355013321174,1.4077653190768653
2013-04-12,1.3583021465643728,1.4043164937554649
2013-04-15,1.348859079779479,1.3717732816991428
2013-04-16,1.3548329524427978,1.3920244678822418
2013-04-17,1.3488941670975343,1.371685098133861
2013-04-18,1.3463634832292768,1.363106957029221
2013-04-19,1.3498746669939239,1.3749564540301327
2013-04-22,1.3516720125188713,1.3810589263313864
2013-04-23,1.355852423713835,1.3952965869055205
2013-04-24,1.3561102619990575,1.396181051106915
2013-04-25,1.3577592900694226,1.4018402314088503
2013-04-26,1.3570398451392132,1.3993642234379053
2013-04-29,1.359766963615971,1.4087381364273206
2013-04-30,1.360740084358815,1.41209869339155
2013-05-01,1.3571610054672056,1.399718144785487
2013-05-02,1.3609424159974295,1.4127180981457623
2013-05-03,1.365082706920363,1.427044111868957
2013-05-06,1.366123189545656,1.4306698130722586
2013-05-07,1.366123189545656,1.4306698130722586
2013-05-08,1.3723398555501416,1.4371802042716995
2013-05-09,1.368475807324521,1.4331335873963285
2013-05-10,1.3729282516690577,1.4377964009455455
2013-05-13,1.3740202968207593,1.4389400430746062
2013-05-14,1.388219300534879,1.4538099216806841
2013-05-15,1.3956968613987946,1.461640782532239
2013-05-16,1.389143784907919,1.4547780861151118
2013-05-17,1.4025865094921937,1.468855952895605
2013-05-20,1.402502245754463,1.4687677078626311
2013-05-21,1.4045190975114707,1.4708798518832245
2013-05-22,1.3941005227497745,1.4599690200337536
2013-05-23,1.3900677859325585,1.455745744363882
2013-05-24,1.3888914770431262,1.454513857201847
2013-05-28,1.3972094196584837,1.4632248061834077
2013-05-29,1.3881356812616814,1.45372235156192
2013-05-30,1.393260624346732,1.459089438089405
2013-05-31,1.3732643399231814,1.438148368706127
2013-06-03,1.3808260034086945,1.4460673058621034
2013-06-04,1.374188179831688,1.4391158582263446
2013-06-05,1.3549484967702488,1.418967138125756
2013-06-06,1.3549484967702488,1.418967138125756
2013-06-07,1.3601193317939906,1.4370176273580013
2013-06-10,1.3601193317939906,1.4370176273580013
2013-06-11,1.350297543494925,1.4221932107603366
2013-06-12,1.3424742202279532,1.4104219668281366
2013-06-13,1.3567660639780454,1.4318722647374302
2013-06-14,1.350808611219544,1.4228904959355921
2013-06-17,1.3581097932891002,1.4338773358492978
2013-06-18,1.3656257895718553,1.445213487209312
2013-06-19,1.352417531345916,1.4252448784937686
2013-06-20,1.3289603786174475,1.3899301434091464
2013-06-21,1.3319465724532589,1.3943918488500937
2013-06-24,1.3201652667023271,1.3767723554306113
2013-06-25,1.3290498310725205,1.390008817911534
2013-06-26,1.3382612171175512,1.4037715049599702
2013-06-27,1.3437601544838957,1.4120116766989168
2013-06-28,1.3399055289735629,1.40622538024699
2013-07-01,1.3454017268915948,1.414465719200607
2013-07-02,1.3445260765966713,1.4131505758185008
2013-07-03,1.3449347903678204,1.4137642536585937
2013-07-05,1.355092064980737,1.4290172414563016
2013-07-08,1.355092064980737,1.4290172414563016
2013-07-09,1.3619193852664508,1.439302634765794
2013-07-10,1.3622657406467362,1.4398255419602843
2013-07-11,1.3752539186450066,1.4594364738149481
2013-07-12,1.3756566378818558,1.4600470032960826
2013-07-15,1.3793359245886576,1.46562556679037
2013-07-16,1.3757180159449385,1.4601337942517343
2013-07-17,1.3781901371234466,1.4638820994322068
2013-07-18,1.3834750802210285,1.4719014507214432
2013-07-19,1.3851954146709453,1.4745161529600925
2013-07-22,1.3870868196015356,1.4773923919290861
2013-07-23,1.385024743406018,1.4742547824959467
2013-07-24,1.3814708005370697,1.4688506322439552
2013-07-25,1.3838233724875206,1.4724240253835361
2013-07-26,1.3848555103407678,1.4739929132332052
2013-07-29,1.381874572925721,1.469460330394097
2013-07-30,1.381874572925721,1.469460330394097
2013-07-31,1.3825631181207747,1.470506311049276
2013-08-01,1.3937493984326565,1.4875032057300845
2013-08-02,1.395407188442587,1.4900307844806853
2013-08-05,1.3939788051969662,1.4878518659484776
2013-08-06,1.3939788051969662,1.4878518659484776
2013-08-07,1.391720071132124,1.4830301833224182
2013-08-08,1.3942699559768676,1.4884645465498956
2013-08-09,1.3922585358310868,1.4841699297687239
2013-08-12,1.3914358784177434,1.4824159977741083
2013-08-13,1.3934931500413203,1.486799573638237
2013-08-14,1.3899190173347222,1.4791726700052494
2013-08-15,1.3801994896216783,1.4584853355934042
2013-08-16,1.3779179738158376,1.4536634857510236
2013-08-19,1.3735141990025919,1.4443717764226989
2013-08-20,1.376890126004124,1.451471948643441
2013-08-21,1.372649468020978,1.4425312263736252
2013-08-22,1.3789054207797302,1.4556801145864757
2013-08-23,1.381230373244847,1.4605889169159574
2013-08-26,1.378660429613412,1.4551537176068736
2013-08-27,1.3675732071673943,1.4317489507568075
2013-08-28,1.3700012079312998,1.4368328285747398
2013-08-29,1.371087702022529,1.4391118198183868
2013-08-30,1.3689167530471447,1.434554506196378
2013-09-03,1.3720113638749598,1.4410404928688105
2013-09-04,1.377686828871231,1.4529625149319336
2013-09-05,1.377686828871231,1.4529625149319336
2013-09-06,1.3780186563747363,1.4536624315079114
2013-09-09,1.3872557259284939,1.467582604841463
2013-09-10,1.394439192452604,1.4784389104816498
2013-09-11,1.3975022495761455,1.4830783002408165
2013-09-12,1.3949036280354539,1.4791386600529568
2013-09-13,1.397100275197716,1.4824662281217618
2013-09-16,1.401143019929217,1.4910457590828012
2013-09-17,1.4042692457717973,1.4976993921783723
2013-09-18,1.4123960857265248,1.5150344770236392
2013-09-19,1.4112122916631993,1.5124948369924063
2013-09-20,1.4062791423493877,1.5019204352367936
2013-09-23,1.4030256315100444,1.494970869864288
2013-09-24,1.4013742102763547,1.4914515804332253
2013-09-25,1.3993491012219867,1.4871410228711717
2013-09-26,1.402039357253756,1.4928590958000452
2013-09-27,1.3988170601516892,1.4859970408751206
2013-09-30,1.395090156258684,1.4780786814063975
2013-10-01,1.400612180025421,1.4897796966722814
2013-10-02,1.399950622728739,1.4883723483101323
2013-10-03,1.3934963096147477,1.4746484054649542
2013-10-04,1.3934963096147477,1.4746484054649542
2013-10-07,1.3874727336098387,1.4618996716655919
2013-10-08,1.3793932748997428,1.4448739561334463
2013-10-09,1.379892829641175,1.4459204939826478
2013-10-10,1.3947669605240787,1.4770922055993585
2013-10-11,1.3992603083253754,1.4866093352736212
2013-10-14,1.4020549907876767,1.4925476171113372
2013-10-15,1.3969693002106813,1.4817197460193543
2013-10-16,1.4067242767280705,1.502413316487353
2013-10-17,1.411425048797054,1.5124543780813695
2013-10-18,1.4161921956843817,1.5226711333909633
2013-10-21,1.4162321226410517,1.5227569912632926
2013-10-22,1.42033346124497,1.531576650036472
2013-10-23,1.4169326288922046,1.5242422661550716
2013-10-24,1.4192861970634831,1.5293058916370328
2013-10-25,1.4225277442417403,1.5362915400678916
2013-10-28,1.4236594684395503,1.5387360031974486
2013-10-29,1.4274561061337896,1.5469430544491445
2013-10-30,1.4239111947124832,1.5392597693684142
2013-10-31,1.4218922488437096,1.5348947750290542
2013-11-01,1.4235905441186203,1.5385613039746013
2013-11-04,1.4235905441186203,1.5385613039746013
2013-11-05,1.4190818922737667,1.533688528378947
2013-11-06,1.4227046158851235,1.5415191259991072
2013-11-07,1.4047176437848772,1.5220300056281215
2013-11-08,1.4141932122722611,1.5425638112964604
2013-11-11,1.4143129875112581,1.5428251064965255
2013-11-12,1.412877017633033,1.5396922067779177
2013-11-13,1.4185457300103275,1.5520472414495237
2013-11-14,1.4220845463098017,1.5597909608931766
2013-11-15,1.425178481800282,1.5665780293894351
2013-11-18,1.4226850742883919,1.561096445887687
2013-11-19,1.4211387474946124,1.5577029116395575
2013-11-20,1.4189163350806475,1.552830961882083
2013-11-21,1.424640646160912,1.5653600832419752
2013-11-22,1.4282042011813925,1.5731911763650432
2013-11-25,1.4274930091502398,1.5716243961704675
2013-11-26,1.4276905859542632,1.572059447723547
2013-11-27,1.4294288562496331,1.575887538021848
2013-11-29,1.4289554332429748,1.5748436785626747
2013-12-02,1.4271003038508734,1.5707546233995804
2013-12-03,1.4240172023727056,1.5639677200709576
2013-12-04,1.4240172023727056,1.5639677200709576
2013-12-05,1.4221395677934523,1.55709383337177
2013-12-06,1.4269080625175068,1.5744971738442095
2013-12-09,1.427996425614398,1.5785002923472762
2013-12-10,1.4264611032179373,1.572843166021679
2013-12-11,1.4216551353486053,1.5551793271635281
2013-12-12,1.4202471330472575,1.5500451798418389
2013-12-13,1.4201992296160801,1.5498709085692162
2013-12-16,1.4228546054675049,1.5595303274676782
2013-12-17,1.4214969558419552,1.5545701210465308
2013-12-18,1.428777383653044,1.5811100665995645
2013-12-19,1.4282821020598127,1.5792831089927346
2013-12-20,1.4307744984605453,1.5884694350714896
2013-12-23,1.433067726346261,1.5969560330831079
2013-12-24,1.4340098259522338,1.6004554993489932
2013-12-26,1.4376549390852196,1.6085919029549622
2013-12-27,1.4376158902753653,1.6085045195395904
2013-12-30,1.4374985930271995,1.6082420389213938
2013-12-31,1.4409005646369315,1.6158541420351316
2014-01-02,1.4339959854560143,1.6003682811196618
2014-01-03,1.4338785367396933,1.6001061308735463
2014-01-06,1.4338785367396933,1.6001061308735463
2014-01-07,1.4400430189175848,1.6099334483542393
2014-01-08,1.4402627165529829,1.6102843293121643
2014-01-09,1.4409216626522368,1.6113368065197646
2014-01-10,1.443668202501762,1.615724475155573
2014-01-13,1.430222623707334,1.5942273009996444
2014-01-14,1.4411326081101468,1.6116002157374705
2014-01-15,1.4465706330540773,1.6202877499365187
2014-01-16,1.4452543127297672,1.618181470191921
2014-01-17,1.4409750672239237,1.6113368065197649
2014-01-21,1.4439412535293839,1.6160751904473236
2014-01-22,1.444599929859196,1.6171283303196224
2014-01-23,1.4363148887585702,1.6038790123352007
2014-01-24,1.414863462781107,1.5696590072979124
2014-01-27,1.4099914223409413,1.561937472563293
2014-01-28,1.4158683369830827,1.5712378059424
2014-01-29,1.4063490897504651,1.5561466114281342
2014-01-30,1.416784133949442,1.572641661106449
2014-01-31,1.4109744717954749,1.5634291307999109
2014-02-03,1.3887460335523536,1.5282431262981935
2014-02-04,1.3955559637382218,1.5389488058369214
2014-02-05,1.3955559637382218,1.5389488058369214
2014-02-06,1.4047575317999914,1.5592428571661932
2014-02-07,1.413464050159826,1.5785708568473384
2014-02-10,1.4147620847108087,1.5814701729114873
2014-02-11,1.4225033847172046,1.5987771606968957
2014-02-12,1.4228553766707723,1.5995683808826036
2014-02-13,1.4265281719400988,1.607826264682454
2014-02-14,1.4304647570565727,1.6167000395828355
2014-02-18,1.4313198182038733,1.6186328063760995
2014-02-19,1.4265809197802175,1.60791467565918
2014-02-20,1.430789767755907,1.6174023511690592
2014-02-21,1.4299739154852336,1.6155578294782682
2014-02-24,1.4339395913135753,1.6245185224871006
2014-02-25,1.4336682113635055,1.623903626632086
2014-02-26,1.433706945426978,1.6239913741118008
2014-02-27,1.4374687341152947,1.632513495596312
2014-02-28,1.439286625159131,1.63664260337049
2014-03-03,1.4342261740191176,1.6251339159648737
2014-03-04,1.4443055464101002,1.6479759616909297
2014-03-05,1.444960093516731,1.6494696593371143
2014-03-06,1.446614719430464,1.6532472795696747
2014-03-07,1.446614719430464,1.6532472795696747
2014-03-10,1.446077079544816,1.6523695143327715
2014-03-11,1.4410737127745474,1.644202185695708
2014-03-12,1.441342976218522,1.6446410683141597
2014-03-13,1.430029629430718,1.6261995423461666
2014-03-14,1.4272190486182563,1.6216336377194496
2014-03-17,1.4362536410549003,1.6362983192727434
2014-03-18,1.443429914549024,1.647978035287698
2014-03-19,1.4380461663543866,1.6391970668429698
2014-03-20,1.443924249135306,1.6487689193413493
2014-03-21,1.4400040853126426,1.6423741989679301
2014-03-24,1.4358357250827343,1.6355825443336218
2014-03-25,1.4406051213678206,1.6433438195016306
2014-03-26,1.433352195394237,1.631524330896062
2014-03-27,1.431237233869409,1.6280852287910668
2014-03-28,1.4361762916839347,1.6361114584072376
2014-03-31,1.4444142783370206,1.6495183524487924
2014-04-01,1.4511187877044363,1.6604562623304067
2014-04-02,1.4545177193630372,1.6660123471601433
2014-04-03,1.453170349126919,1.6638076542332259
2014-04-04,1.441144823136703,1.6441381854347634
2014-04-07,1.441144823136703,1.6441381854347634
2014-04-08,1.4441157786818382,1.6509170481563518
2014-04-09,1.4518785347262808,1.6686658553969278
2014-04-10,1.4366294596724207,1.6336138723829927
2014-04-11,1.430158378288775,1.6188971362803466
2014-04-14,1.4357922783120804,1.631651953861784
2014-04-15,1.440736725083342,1.642889813762492
2014-04-16,1.4482844290736772,1.6601032932096806
2014-04-17,1.4492960691017942,1.6624224881254113
2014-04-21,1.4518230030894477,1.668219553302973
2014-04-22,1.4551220728993526,1.6758011562296156
2014-04-23,1.4534180015075155,1.6718761455904074
2014-04-24,1.454891675493919,1.6752664990629658
2014-04-25,1.448927158410392,1.6615305545642396
2014-04-28,1.4512218293417654,1.6667932978885205
2014-04-29,1.454599574660104,1.6745522815872909
2014-04-30,1.4567687344589957,1.6795466065597981
2014-05-01,1.456846387895962,1.67972566389877
2014-05-02,1.4558017576387652,1.6773167726568692
2014-05-05,1.4571952101105894,1.6805277334770867
2014-05-06,1.4508537605591312,1.66590102901398
2014-05-07,1.4508537605591312,1.66590102901398
2014-05-08,1.4497728163000323,1.664127938868723
2014-05-09,1.451286804945075,1.666610565087336
2014-05-12,1.461177942628889,1.6828372233963707
2014-05-13,1.4620937376928225,1.684343966667016
2014-05-14,1.4572447698700637,1.6763638942873746
2014-05-15,1.448288580042666,1.6616454793252502
2014-05-16,1.4518052832083965,1.667409439036031
2014-05-19,1.455533803840123,1.6735269167199354
2014-05-20,1.4491099377764118,1.6629755469469043
2014-05-21,1.4576553377197423,1.6769849258610947
2014-05-22,1.4601370205473712,1.6810636332256923
2014-05-23,1.464234273834562,1.6878024758335972
2014-05-27,1.470533880691404,1.6981760032316529
2014-05-28,1.4697817945780178,1.6969352734853382
2014-05-29,1.475104142774566,1.705713719788253
2014-05-30,1.4767680626207524,1.708462359531197
2014-06-02,1.4779487131467803,1.7104136254017106
2014-06-03,1.4774119716993224,1.7095262469533792
2014-06-04,1.4795040163533564,1.7129844227696789
2014-06-05,1.4862587356091637,1.7241568241164296
2014-06-06,1.4862587356091637,1.7241568241164296
2014-06-09,1.4870193895456663,1.7259216402200996
2014-06-10,1.48709528027516,1.726097806655112
2014-06-11,1.4845102680995308,1.7200968679046311
2014-06-12,1.4792555640361424,1.7079196533774845
2014-06-13,1.4815102206055362,1.7131260184709884
2014-06-16,1.4821204757869464,1.7145373405322746
2014-06-17,1.4841804223513402,1.7193032895382472
2014-06-18,1.489627336467762,1.7319229107341112
2014-06-19,1.4904617709057106,1.7338632297457313
2014-06-20,1.4919749189893445,1.7373837384559663
2014-06-23,1.4917464281551704,1.7368515897520869
2014-06-24,1.4872533451914882,1.7263889291536492
2014-06-25,1.4906143802769203,1.734191841523283
2014-06-26,1.4900807645436,1.732950216508153
2014-06-27,1.4915294957773124,1.7363199386935042
2014-06-30,1.4911486769101845,1.7354333006566478
2014-07-01,1.496138856612043,1.7470486736438817
2014-07-02,1.496897943273717,1.7488214520722982
2014-07-03,1.5005789999970671,1.7574225874977512
2014-07-07,1.4979669028356302,1.7513042044572618
2014-07-08,1.4979669028356302,1.7513042044572618
2014-07-09,1.501325440783494,1.75915727733596
2014-07-10,1.4983550488682242,1.7521962462199356
2014-07-11,1.4993853368146886,1.7546059109702015
2014-07-14,1.5031602512370346,1.7634408475221701
2014-07-15,1.5017527762314786,1.7601384731883338
2014-07-16,1.5045325474175935,1.7666545686319786
2014-07-17,1.495982114431585,1.7465743629568788
2014-07-18,1.503625879937175,1.7644227111954403
2014-07-21,1.5022191081100162,1.7611211716377249
2014-07-22,1.5054920728423355,1.7687952685161261
2014-07-23,1.5071631951630031,1.7727220553883114
2014-07-24,1.5072014493005106,1.7728120442541322
2014-07-25,1.5036730737326602,1.764511698329916
2014-07-28,1.5042811575021968,1.7652252649579654
2014-07-29,1.4978174575176812,1.7576403221692642
2014-07-30,1.498045524500032,1.7579079513935887
2014-07-31,1.4684612674138966,1.7231917829479426
2014-08-01,1.4639747644685133,1.7179270169093588
2014-08-04,1.474545519711619,1.7303314561538157
2014-08-05,1.4602484373725997,1.7135542926334488
2014-08-06,1.4602484373725997,1.7135542926334488
2014-08-07,1.4547133191232766,1.7042753181074948
2014-08-08,1.4631281064849595,1.7239920749682653
2014-08-11,1.4652482272650174,1.728988317479902
2014-08-12,1.4642274285869512,1.7265792389960881
2014-08-13,1.46918317862759,1.7382666243936946
2014-08-14,1.47265157996312,1.7464739144978274
2014-08-15,1.4725014157061123,1.746117743409809
2014-08-18,1.478670530737194,1.760748630826297
2014-08-19,1.4825291216924936,1.7699379784196052
2014-08-20,1.4845093291031175,1.7746661746485064
2014-08-21,1.4866735631853636,1.7798406696071927
2014-08-22,1.4855183991233156,1.7770747524231993
2014-08-25,1.489284463513015,1.786085179957297
2014-08-26,1.4897682814592077,1.7872456567965624
2014-08-27,1.4894709061925924,1.7865321462992434
2014-08-28,1.4890616639444416,1.7855504226161485
2014-08-29,1.4911822774517578,1.7906361251573903
2014-09-02,1.4908105452006428,1.78974336079478
2014-09-03,1.4904019478653994,1.7887623047238463
2014-09-04,1.4893239925100223,1.786174806889943
2014-09-05,1.4893239925100223,1.786174806889943
2014-09-08,1.4854726634875377,1.7815558341831297
2014-09-09,1.4760680169882638,1.7702766613979
2014-09-10,1.4816218886330481,1.7769375261006133
2014-09-11,1.483324846881344,1.778979916564736
2014-09-12,1.4746604302812438,1.7685885156839813
2014-09-15,1.4735496005354876,1.7672562762810091
2014-09-16,1.4846583136190474,1.7805791687789554
2014-09-17,1.4866580288286069,1.7829774655540245
2014-09-18,1.4945816613615381,1.7924804299060073
2014-09-19,1.4932350331339561,1.7908653928647387
2014-09-22,1.4817029357023008,1.7770347274040232
2014-09-23,1.4732202862045247,1.766861323292625
2014-09-24,1.4847532148881726,1.7806929856897855
2014-09-25,1.4775660023494503,1.751960446557958
2014-09-26,1.481087839921985,1.7658800055183725
2014-09-29,1.480279737347477,1.762668374760072
2014-09-30,1.4791105567632823,1.758027635607538
2014-10-01,1.4730972115445464,1.7342033469077136
2014-10-02,1.473165635822157,1.7344718551236282
2014-10-03,1.478031150133095,1.7535670096394416
2014-10-06,1.478031150133095,1.7535670096394416
2014-10-07,1.4711865897883933,1.726498578740958
2014-10-08,1.478905488401989,1.7566934060056072
2014-10-09,1.4701061053880202,1.7218527344441465
2014-10-10,1.4650719247357624,1.702198557352197
2014-10-13,1.4578520193369224,1.6742369891710729
2014-10-14,1.4585287484543747,1.676827569707962
2014-10-15,1.4555682163995285,1.6654821145113445
2014-10-16,1.4551935175332003,1.6640529950486582
2014-10-17,1.4603494116075748,1.68370600768522
2014-10-20,1.464603366669433,1.7000546286320126
2014-10-21,1.473308011054111,1.733734670873119
2014-10-22,1.4701650452278103,1.721406248978211
2014-10-23,1.4752921566215587,1.7414172484712154
2014-10-24,1.4786979990043125,1.7548179674277546
2014-10-27,1.4780880672092056,1.752405215863699
2014-10-28,1.483174229491539,1.7725055457200447
2014-10-29,1.4825014911532892,1.7698256348198145
2014-10-30,1.4920056142583698,1.7811717554195108
2014-10-31,1.5090669407250452,1.80153974366434
2014-11-03,1.5098906053832004,1.80252304306417
2014-11-04,1.5098906053832004,1.80252304306417
2014-11-05,1.5165662629697514,1.8139079990191276
2014-11-06,1.5208164457685027,1.8211701192482188
2014-11-07,1.5218117566231315,1.8228728046641973
2014-11-10,1.5251646240809953,1.8286101867962739
2014-11-11,1.526211348014115,1.8304030143813335
2014-11-12,1.5250604848790312,1.8284312378976533
2014-11-13,1.5262639606223447,1.8304924888306437
2014-11-14,1.5265257558040306,1.830941029586794
2014-11-17,1.5272057692284073,1.8321062005871402
2014-11-18,1.5333782948739207,1.8426845510587637
2014-11-19,1.531655259003692,1.839726552473358
2014-11-20,1.533535850011569,1.8429534751965226
2014-11-21,1.5392799623863083,1.8528150284940077
2014-11-24,1.542303727149248,1.8580145623505664
2014-11-25,1.5415223287151123,1.8566697747318288
2014-11-26,1.5442840120661838,1.8614216024819505
2014-11-28,1.5419930642972157,1.857476714075048
2014-12-01,1.534491133867807,1.8445670200230762
2014-12-02,1.541434413211422,1.8564903250433795
2014-12-03,1.545602812879525,1.8636623031033894
2014-12-04,1.545602812879525,1.8636623031033894
2014-12-05,1.5481334082632496,1.866713653153839
2014-12-08,1.5429604411018591,1.8542386966986104
2014-12-09,1.5424377121902413,1.85298232725454
2014-12-10,1.5300738827687272,1.8232761585915302
2014-12-11,1.533952598165719,1.8325201165323062
2014-12-12,1.5215572560320578,1.8029041898884237
2014-12-15,1.5111056250494583,1.790519976796873
2014-12-16,1.5074700212772503,1.7761604661755386
2014-12-17,1.5163361453983113,1.8109818532894064
2014-12-18,1.5275851788604304,1.8557647895109612
2014-12-19,1.529535033490737,1.8636606319548874
2014-12-22,1.5316458294856548,1.872233623771968
2014-12-23,1.532265964712412,1.8747604003075282
2014-12-24,1.5323101363441816,1.874940550116082
2014-12-26,1.533792613605454,1.8809870996273026
2014-12-29,1.5344106054399553,1.8835133748183124
2014-12-30,1.5319406730866796,1.8734071042503213
2014-12-31,1.5273802297601335,1.854817248310126
2015-01-02,1.5271348786270023,1.8538240847551763
2015-01-05,1.518861094736078,1.8203449641184
2015-01-06,1.518861094736078,1.8203449641184
2015-01-07,1.5377886950127178,1.8430295677110768
2015-01-08,1.5650765109279687,1.8757338343851457
2015-01-09,1.5525346390734327,1.860702484019963
2015-01-12,1.5403725466806588,1.8461262968247967
2015-01-13,1.5360406959926434,1.8409346024607958
2015-01-14,1.5267669263485335,1.829820050953383
2015-01-15,1.5127805412113429,1.8130574609845291
2015-01-16,1.5326197248068747,1.8368345911483788
2015-01-20,1.53588796778063,1.8407515587100665
2015-01-21,1.5436410711810722,1.8500436017943198
2015-01-22,1.5665968956449785,1.8775560054004699
2015-01-23,1.5580077988333412,1.8672620297488607
2015-01-26,1.5616556805055295,1.871633991776647
2015-01-27,1.5410570787498026,1.846946703976683
2015-01-28,1.5212940481152837,1.8232608426323211
2015-01-29,1.5353560231601713,1.8401140266049922
2015-01-30,1.5160494880017437,1.8169752720658057
2015-02-02,1.5348235154863958,1.8394758196842471
2015-02-03,1.5570193587367909,1.866077390838612
2015-02-04,1.5510899850274493,1.858971075712375
2015-02-05,1.5510899850274493,1.858971075712375
2015-02-06,1.5498030418996764,1.853829766324116
2015-02-09,1.5477220408632897,1.8455323212924843
2015-02-10,1.552668669484867,1.8651938254504692
2015-02-11,1.552939032884552,1.866276434925007
2015-02-12,1.55741939754372,1.8842243363047202
2015-02-13,1.5593425416345952,1.8919799755456388
2015-02-17,1.560078479440311,1.8949564000204517
2015-02-18,1.5601229064393933,1.895136278206826
2015-02-19,1.559788962997415,1.893784101979449
2015-02-20,1.5625968352817776,1.9051478270701732
2015-02-23,1.562530259338757,1.904877258210446
2015-02-24,1.5638617461880808,1.9102879673337299
2015-02-25,1.5634631659423208,1.9086650552288111
2015-02-26,1.5629090817607152,1.9064103147310851
2015-02-27,1.5613119981849188,1.8999166620976342
2015-03-02,1.5642691835686096,1.9119117145277218
2015-03-03,1.562343334576484,1.9040655516312648
2015-03-04,1.5603673639983324,1.8960383414237312
2015-03-05,1.5608797475074814,1.8981137047885268
2015-03-06,1.5542935758565357,1.8714165751885634
2015-03-09,1.5542935758565357,1.8714165751885634
2015-03-10,1.5467294157777893,1.8410583151862243
2015-03-11,1.5456429421235982,1.8367475819817503
2015-03-12,1.5515383584103597,1.860100089675857
2015-03-13,1.5486838564047387,1.8486927888554516
2015-03-16,1.5548913745474122,1.8733928892656386
2015-03-17,1.5535047551265695,1.8678240480255648
2015-03-18,1.5591075470965212,1.8902787150036264
2015-03-19,1.5569739144481511,1.881655917967459
2015-03-20,1.5610967746837765,1.8982646405870818
2015-03-23,1.5601842661489287,1.894565995903365
2015-03-24,1.5575541114169282,1.8839198138522488
2015-03-25,1.5507069419327504,1.8563134572672817
2015-03-26,1.549599031311385,1.8518926146604322
2015-03-27,1.5506634909252592,1.8561329909506998
2015-03-30,1.5563387003058289,1.8787769396506693
2015-03-31,1.5522583287022809,1.8623578314097593
2015-04-01,1.5506116156845746,1.8557722246459383
2015-04-02,1.552285142139019,1.8624484803890564
2015-04-06,1.5554207189856677,1.8749888102864722
2015-04-07,1.5541857304889837,1.8700264024014746
2015-04-08,1.5541857304889837,1.8700264024014746
2015-04-09,1.55624824342202,1.878298587560149
2015-04-10,1.5587961246582556,1.8885490553063673
2015-04-13,1.556680998329595,1.8800071646197947
2015-04-14,1.557574434145709,1.883603846143336
2015-04-15,1.5596711217751158,1.8920557244748695
2015-04-16,1.5595378085624148,1.8915166449562928
2015-04-17,1.5541557103797452,1.8697573599480148
2015-04-20,1.5584157588135201,1.8868411413211599
2015-04-21,1.5578586663216047,1.8845928216684986
2015-04-22,1.5601552055846393,1.8938534850465065
2015-04-23,1.5613331590686668,1.8986198298797268
2015-04-24,1.5624198891978822,1.9030247991439138
2015-04-27,1.5604712070920679,1.8951131607112246
2015-04-28,1.5619592967032145,1.9011371919858477
2015-04-29,1.5600311139803582,1.8933142397593203
2015-04-30,1.5553415665567045,1.874342851228109
2015-05-01,1.5604002101558359,1.8946634304732488
2015-05-04,1.5617329898640788,1.9000577067998172
2015-05-05,1.5563675842410762,1.8782985875601488
2015-05-06,1.554445524504336,1.8705664765317087
2015-05-07,1.554445524504336,1.8705664765317087
2015-05-08,1.5646784711656598,1.8951944312320355
2015-05-11,1.5609442516297625,1.886148391167129
2015-05-12,1.5586098576325276,1.8805069168125674
2015-05-13,1.5587583367171673,1.8808652052505621
2015-05-14,1.5668855266125044,1.900478442697999
2015-05-15,1.5677345567865992,1.9025380233318905
2015-05-18,1.570169996636928,1.908449122119284
2015-05-19,1.5699120975828236,1.9078221999077332
2015-05-20,1.5693591233343025,1.9064782054905554
2015-05-21,1.5716445818191875,1.9120310158399543
2015-05-22,1.5697675555631831,1.9074639114697385
2015-05-26,1.5613286595095175,1.8869552831470737
2015-05-27,1.5687389882377587,1.9048668981788552
2015-05-28,1.567853790890499,1.9027171675508878
2015-05-29,1.5629832714754819,1.890895630415618
2015-06-01,1.5645749358219765,1.8947468183493617
2015-06-02,1.563798556715634,1.8928663819344675
2015-06-03,1.5658699521080024,1.8978809340774783
2015-06-04,1.5592568642477604,1.881850415900108
2015-06-05,1.5579211573902176,1.8786263152877944
2015-06-08,1.5579211573902176,1.8786263152877944
2015-06-09,1.5576971420898191,1.8783561854186677
2015-06-10,1.5763791364100175,1.900883953262051
2015-06-11,1.5814603985928581,1.9070112163820616
2015-06-12,1.569355030582515,1.8924139032942997
2015-06-15,1.5626287851974858,1.8843030296961991
2015-06-16,1.571147979610428,1.8945759390364998
2015-06-17,1.573688472931061,1.8976394044649745
2015-06-18,1.5900541270018125,1.917374002880541
2015-06-19,1.5829957162482342,1.9088625861616133
2015-06-22,1.591105455880866,1.918641752592292
2015-06-23,1.592231732068294,1.9199998778568137
2015-06-24,1.580668078794216,1.9060557939482687
2015-06-25,1.5758618071031316,1.9002601293637917
2015-06-26,1.5755613290156967,1.899897796495055
2015-06-29,1.5425215520810867,1.8600566311663973
2015-06-30,1.5457503482558346,1.86395008972289
2015-07-01,1.5581407640254181,1.878891128947936
2015-07-02,1.5567138719797677,1.877170504683147
2015-07-06,1.5522830256844926,1.871827548520177
2015-07-07,1.5620450503710481,1.88359913040008
2015-07-08,1.5620450503710481,1.88359913040008
2015-07-09,1.5634575459065074,1.8870056587350386
2015-07-10,1.5733007411864117,1.9107660291292907
2015-07-13,1.581983373208374,1.9318560570898502
2015-07-14,1.585414485927585,1.9402359376896352
2015-07-15,1.5851510551074364,1.9395911625234132
2015-07-16,1.5915109012594757,1.9551549806866835
2015-07-17,1.5921858090218068,1.956813215351595
2015-07-20,1.5925979786064874,1.9578263369178073
2015-07-21,1.589451634769282,1.9500905556192902
2015-07-22,1.5880251459202377,1.9465902510219488
2015-07-23,1.5835553310221986,1.9356321145884685
2015-07-24,1.5753430035841933,1.9155557150928373
2015-07-27,1.5707604117744909,1.9044112088982612
2015-07-28,1.5804075040847585,1.9278037397912384
2015-07-29,1.585843365813778,1.9410652239883293
2015-07-30,1.5860315208956872,1.9415258259545558
2015-07-31,1.5848278438878292,1.938578885788393
2015-08-03,1.5821548253944206,1.9320395544248912
2015-08-04,1.580609057109041,1.928264341757465
2015-08-05,1.5832131131787974,1.9346179792248248
2015-08-06,1.5832131131787974,1.9346179792248248
2015-08-07,1.5810856156539583,1.9309041077963904
2015-08-10,1.5910456359337461,1.955231498902308
2015-08-11,1.5838675528411035,1.937589246728647
2015-08-12,1.5848165425729437,1.9399110978157172
2015-08-13,1.5838302646070723,1.9374965703040108
2015-08-14,1.5867144863734568,1.944553096379111
2015-08-17,1.5911467844829845,1.9554168517515806
2015-08-18,1.5888423533670775,1.9497528571010687
2015-08-19,1.5825622699879798,1.9343396092287672
2015-08-20,1.5660392654677513,1.8939480205841237
2015-08-21,1.5424685760772059,1.836935835130788
2015-08-24,1.5099940754740837,1.7595876481906534
2015-08-25,1.501109541227678,1.738881452088534
2015-08-26,1.5299261277130554,1.8056435722079585
2015-08-27,1.5488477553509195,1.8503067944396006
2015-08-28,1.5488864013597774,1.8503991301420875
2015-08-31,1.542629611772094,1.8354496051151161
2015-09-01,1.5196075320427394,1.7806654017966916
2015-09-02,1.534029647608753,1.814464868655864
2015-09-03,1.5345789093015896,1.815764212572592
2015-09-04,1.5345789093015896,1.815764212572592
2015-09-08,1.573144410924507,1.861396181878539
2015-09-09,1.5521088156685494,1.83650617405658
2015-09-10,1.5605552160543177,1.846500232656354
2015-09-11,1.5676467071563815,1.854891118050944
2015-09-14,1.5618301582061502,1.8480087861223022
2015-09-15,1.5813517870678435,1.8711074191370876
2015-09-16,1.5950570131715025,1.8873238932026444
2015-09-17,1.5914716495350276,1.8830815730842654
2015-09-18,1.565464496228689,1.8523090543442349
2015-09-21,1.5735537490766836,1.8618805242366003
2015-09-22,1.5531296757816382,1.8377140893017028
2015-09-23,1.5506470398886876,1.8347765529000593
2015-09-24,1.5450399843570524,1.8281421004710967
2015-09-25,1.5446400025054972,1.8276688287955052
2015-09-28,1.5058730480348297,1.7817984938576263
2015-09-29,1.506754440791784,1.7828413867421813
2015-09-30,1.5348680774676629,1.8161063658526797
2015-10-01,1.5388727203257244,1.8208447909292447
2015-10-02,1.561860127606578,1.8480442469020892
2015-10-05,1.5896533109861812,1.8809300551379908
2015-10-06,1.5896533109861812,1.8809300551379908
2015-10-07,1.5961631853273073,1.8963354497844491
2015-10-08,1.60336717720091,1.9134529792393968
2015-10-09,1.6038455472285782,1.9145947495932332
2015-10-12,1.6046022195711656,1.9164013087058402
2015-10-13,1.5995457027195794,1.9043231557609162
2015-10-14,1.5957117468941249,1.8951942001528779
2015-10-15,1.6079626174233235,1.9242944168041012
2015-10-16,1.6116181459430488,1.9330437658806952
2015-10-19,1.6120140787126995,1.9339935632927037
2015-10-20,1.610983980359367,1.9315218682731488
2015-10-21,1.6059867611504879,1.9195388339286963
2015-10-22,1.6195525247588003,1.951967507300073
2015-10-23,1.6284290254874798,1.9733643323317134
2015-10-26,1.6264278301206039,1.9685141515781024
2015-10-27,1.6248565522576248,1.9647106225778563
2015-10-28,1.6340975436990812,1.9870582864660362
2015-10-29,1.6336284929617628,1.9859175575567305
2015-10-30,1.6301079600744695,1.977358098532903
2015-11-02,1.6397511574825618,2.000752934896713
2015-11-03,1.6421278929466385,2.0065529130623325
2015-11-04,1.6421278929466385,2.0065529130623325
2015-11-05,1.64098041263417,2.004549867437763
2015-11-06,1.6403796131622899,2.003501424086945
2015-11-09,1.629664405607468,1.9848054610800414
2015-11-10,1.6322956165556843,1.98938347800295
2015-11-11,1.6278031968978,1.9815617632937435
2015-11-12,1.6118968210404592,1.9539000601279117
2015-11-13,1.5992274239420183,1.9319607475390779
2015-11-16,1.616250978596486,1.9613399687480542
2015-11-17,1.6154258557516163,1.9599095452059885
2015-11-18,1.6333674678243795,1.9910061103559262
2015-11-19,1.6323806642366439,1.9892877218018625
2015-11-20,1.636545014480241,1.9965375108373002
2015-11-23,1.6352317676299357,1.9942487635291217
2015-11-24,1.6367648161938504,1.996919665130732
2015-11-25,1.6366003950078383,1.9966330929362042
2015-11-27,1.6379140230115479,1.998922536653118
2015-11-30,1.633154232036768,1.9906241301646788
2015-12-01,1.644055330785377,2.009605794855191
2015-12-02,1.63231092675233,1.989097602217158
2015-12-03,1.6163113197358583,1.9612450830578863
2015-12-04,1.6163113197358583,1.9612450830578863
2015-12-07,1.6094562791987475,1.9493622816062026
2015-12-08,1.6018858871840334,1.936263415467204
2015-12-09,1.593162524711266,1.9212001634135607
2015-12-10,1.5960405401079063,1.9261581757807587
2015-12-11,1.574387650625456,1.888827500222964
2015-12-14,1.5799557252861918,1.8983705597450167
2015-12-15,1.5915661609034777,1.9182996074924763
2015-12-16,1.6078676039148776,1.9463681428387973
2015-12-17,1.5907169241608066,1.9167090406482616
2015-12-18,1.5708798157626631,1.882562743439626
2015-12-21,1.5799508625243106,1.898092543551933
2015-12-22,1.5899865233426314,1.915316056565348
2015-12-23,1.603769033542857,1.9390340141874678
2015-12-24,1.6019159881360474,1.9358334125346581
2015-12-28,1.5993540509249196,1.9314105984163081
2015-12-29,1.6113019351653735,1.9520227326332606
2015-12-30,1.6033074101131877,1.9381869869652966
2015-12-31,1.592080287969054,1.918798260615206
2016-01-04,1.5765009802876517,1.8919748211311533
2016-01-05,1.5783674281336977,1.8951747396974936
2016-01-06,1.5783674281336977,1.8951747396974936
2016-01-07,1.5670072598336915,1.8497068644378423
2016-01-08,1.5618472634289267,1.8294038724117534
2016-01-11,1.5623110581965494,1.8312146938319185
2016-01-12,1.5660926408193145,1.8459895784031144
2016-01-13,1.554374742797766,1.7999490546504195
2016-01-14,1.5671336808974803,1.829498477886141
2016-01-15,1.533493457727081,1.7902263099554832
2016-01-19,1.5355346744323928,1.7926092610086857
2016-01-20,1.5158570372402795,1.7696372531128755
2016-01-21,1.5243490202239112,1.7795509382899382
2016-01-22,1.555621354977922,1.8160587930631467
2016-01-25,1.532105732594358,1.7886062560641092
2016-01-26,1.5530082775901812,1.813008242135843
2016-01-27,1.5361066832652572,1.7932770338361215
2016-01-28,1.5441084364566204,1.8026184164268113
2016-01-29,1.581749758448355,1.8465615350828168
2016-02-01,1.581178194066798,1.8458942811153864
2016-02-02,1.5526819021799763,1.8126272259382668
2016-02-03,1.5619898977643378,1.8234935380859376
2016-02-04,1.5644395652213223,1.82635332148445
2016-02-05,1.5644395652213223,1.82635332148445
2016-02-08,1.5581217813686248,1.8017683608798036
2016-02-09,1.5581640155765772,1.8018660377886888
2016-02-10,1.5574918695144548,1.8003114939156886
2016-02-11,1.5473618541158523,1.7768928379180398
2016-02-12,1.563312650015306,1.8135266154891256
2016-02-16,1.5765055049209087,1.8441354556406617
2016-02-17,1.5893817014680014,1.874259613802079
2016-02-18,1.586126865860964,1.8665831608490835
2016-02-19,1.5857550850248034,1.865708123847643
2016-02-22,1.5972355641985048,1.8927226653267302
2016-02-23,1.587149164555188,1.8688179168420835
2016-02-24,1.5907801685925813,1.87736870154808
2016-02-25,1.600413679742463,1.9001067928015096
2016-02-26,1.598572460380001,1.8957347814122856
2016-02-29,1.5923039659342122,1.880867262744853
2016-03-01,1.6110190633715438,1.9250806979205985
2016-03-02,1.6146376827003646,1.9337288069112606
2016-03-03,1.6178020654376266,1.9413082882038102
2016-03-04,1.6204339644604486,1.9476246695410264
2016-03-07,1.6210805121054281,1.949178860789807
2016-03-08,1.6210805121054281,1.949178860789807
2016-03-09,1.6250846709834759,1.958808020824799
2016-03-10,1.6254758948792278,1.9603799030342213
2016-03-11,1.6333449342258317,1.9920143444509681
2016-03-14,1.6327166263697097,1.9894600804252471
2016-03-15,1.6319183896710003,1.98621791739225
2016-03-16,1.634751791297757,1.9977130859289691
2016-03-17,1.6378631297076895,2.0103868987352165
2016-03-18,1.6397939829828063,2.0182869526881726
2016-03-21,1.640491857204033,2.0211501384499937
2016-03-22,1.6402275165532618,2.0200645450438497
2016-03-23,1.6369801140710016,2.0067331371513517
2016-03-24,1.6367625178317586,2.0058439844567952
2016-03-28,1.63705266344749,2.0070292242856054
2016-03-29,1.6415952794572222,2.0255934063057492
2016-03-30,1.6437563223306155,2.0344819028592096
2016-03-31,1.6425596594644636,2.029544859349099
2016-04-01,1.6459162028008956,2.0433693298625157
2016-04-04,1.6443174063520756,2.0367530926108817
2016-04-05,1.6393904332471563,2.016410248684907
2016-04-06,1.6447616380192667,2.0384317515773285
2016-04-07,1.6447616380192667,2.0384317515773285
2016-04-08,1.6491965579380357,2.0439281599134373
2016-04-11,1.6453250104166288,2.0391299659302167
2016-04-12,1.660648448476352,2.0581210354944877
2016-04-13,1.6774223884914539,2.078909781496014
2016-04-14,1.6775031822073545,2.0790099130117383
2016-04-15,1.6756482749496833,2.076711037744425
2016-04-18,1.687422903628814,2.0913038981369363
2016-04-19,1.6927455354026513,2.0979004902259946
2016-04-20,1.6938740998756614,2.099898610111844
2016-04-21,1.6874972641320043,2.088605218475308
2016-04-22,1.6874972641320043,2.088605218475308
2016-04-25,1.6854623173545829,2.0850071593436152
2016-04-26,1.6872153214555246,2.088105102148123
2016-04-27,1.689646352214765,2.0924031798041587
2016-04-28,1.6743118039616272,2.0734133731599056
2016-04-29,1.6652720619065164,2.0622188501190752
2016-05-02,1.678508389990145,2.078610289034569
2016-05-03,1.6638996668227244,2.060519320608944
2016-05-04,1.6546183715777063,2.049025665940959
2016-05-05,1.6542952322681679,2.048625500712353
2016-05-06,1.6542952322681679,2.048625500712353
2016-05-09,1.6549787104123197,2.050318294994749
2016-05-10,1.6652677132071614,2.075811953051849
2016-05-11,1.6574787088666003,2.0563934437223543
2016-05-12,1.6577192234690141,2.056990244934795
2016-05-13,1.6504964298125744,2.039065356471015
2016-05-16,1.6586379629474766,2.0591818715559027
2016-05-17,1.6508973847791486,2.0399621761242877
2016-05-18,1.65113901942832,2.040559336855531
2016-05-19,1.6482788096222045,2.0334897591197256
2016-05-20,1.6534851378821172,2.0463359052175143
2016-05-23,1.6523582913836843,2.04354675834636
2016-05-24,1.663067804238196,2.0700366430056727
2016-05-25,1.6687082223426803,2.084078009362955
2016-05-26,1.6689473657393765,2.0846753498536
2016-05-27,1.6725350820978033,2.093638153604293
2016-05-31,1.670944026386704,2.0896548650300533
2016-06-01,1.6726559030890875,2.0939365542105133
2016-06-02,1.6752014563962767,2.1003099237849376
2016-06-03,1.672699623736024,2.0940365004376567
2016-06-06,1.676955068041673,2.1046911996737387
2016-06-07,1.676955068041673,2.1046911996737387
2016-06-08,1.6824210957170491,2.111551431390604
2016-06-09,1.6801243144467612,2.1086688166925276
2016-06-10,1.6642008604621665,2.088683812855231
2016-06-13,1.651366427847318,2.0725757382311314
2016-06-14,1.6481188154540523,2.0684997666357567
2016-06-15,1.645821462169252,2.065616434021063
2016-06-16,1.6507329217750075,2.071780645577344
2016-06-17,1.6445849097974081,2.0640644777733654
2016-06-20,1.6551763305061196,2.0773574218614255
2016-06-21,1.6598748577096925,2.083254388956874
2016-06-22,1.6571676560268693,2.0798566690858022
2016-06-23,1.6787476185194175,2.106940970873563
2016-06-24,1.6184652971320626,2.031282610230643
2016-06-27,1.589479319745862,1.994903262518053
2016-06-28,1.6181471140596266,2.0308832691122056
2016-06-29,1.645700767107168,2.065464953614788
2016-06-30,1.6681566268215902,2.093648565222966
2016-07-01,1.6716603587127132,2.098045983983789
2016-07-05,1.6596358986472022,2.0829544792899495
2016-07-06,1.6695898091820178,2.095447305307901
2016-07-07,1.6695898091820178,2.095447305307901
2016-07-08,1.686992208339928,2.126648990057729
2016-07-11,1.6911572697925845,2.1341497645875456
2016-07-12,1.6972989690562317,2.1496507546749877
2016-07-13,1.6971804958557177,2.1493506590412346
2016-07-14,1.7019185493274465,2.1613514313537845
2016-07-15,1.7007766909320072,2.158451225255953
2016-07-18,1.7030620834929384,2.164251996632505
2016-07-19,1.7021964233456721,2.162051834089653
2016-07-20,1.7057393693838572,2.171052009245564
2016-07-21,1.7025179957812566,2.1628517299321035
2016-07-22,1.7063358956506078,2.1725521282334377
2016-07-25,1.7040188435185626,2.166651863750303
2016-07-26,1.7044119948137102,2.1676516437581443
2016-07-27,1.7035075387945264,2.1653510901564843
2016-07-28,1.7044911009073451,2.1678515279235344
2016-07-29,1.705867209022224,2.1713519252888713
2016-08-01,1.7051602037824067,2.1695520698481348
2016-08-02,1.6996974484976088,2.1556510510360396
2016-08-03,1.7021812584221183,2.1619512634404
2016-08-04,1.7030869830298965,2.1642519966325047
2016-08-05,1.7030869830298965,2.1642519966325047
2016-08-08,1.7023766675365857,2.162962488026783
2016-08-09,1.7030871100720362,2.1642519966325047
2016-08-10,1.700136440256772,2.158895343326431
2016-08-11,1.7056595009501594,2.16891446358183
2016-08-12,1.7046218258915584,2.167029454593606
2016-08-15,1.7080630744383518,2.1732790912731406
2016-08-16,1.6992530320181605,2.1620695046533216
2016-08-17,1.7024492764316643,2.166136293086618
2016-08-18,1.7062695095158202,2.170997022652074
2016-08-19,1.70377453484683,2.167822505058129
2016-08-22,1.703696693765187,2.167723462816827
2016-08-23,1.7071274414372375,2.172088624908721
2016-08-24,1.6983958001064705,2.160978793064313
2016-08-25,1.6972256638468093,2.1594899530412954
2016-08-26,1.6940295594352508,2.1554233427415266
2016-08-29,1.7023714353500217,2.166037250845317
2016-08-30,1.6995652363564047,2.162466742419693
2016-08-31,1.6947313891875462,2.1563163261149882
2016-09-01,1.6948093702711344,2.156415546489817
2016-09-02,1.7024492764316648,2.166136293086619
2016-09-06,1.7024492764316648,2.166136293086619
2016-09-07,1.7023714605574023,2.165938272749976
2016-09-08,1.7004284175345643,2.160993980218913
2016-09-09,1.6800784494059244,2.1092703579009586
2016-09-12,1.6921306606782525,2.1395324828545528
2016-09-13,1.679968094948617,2.1087757510511373
2016-09-14,1.679653011362964,2.1079847352848526
2016-09-15,1.6880454723883667,2.129050014379213
2016-09-16,1.684782695679879,2.120819649840166
2016-09-19,1.6849406382423289,2.121217288883882
2016-09-20,1.6849801378157305,2.121316743043989
2016-09-21,1.6944544526774081,2.145172244119511
2016-09-22,1.6997930331777362,2.158689485251848
2016-09-23,1.695136120751364,2.1468611888741944
2016-09-26,1.6882688624788147,2.129466656271377
2016-09-27,1.6935095455480655,2.142687133293822
2016-09-28,1.6977122622465135,2.1533219797501846
2016-09-29,1.6900327959401795,2.133841218542395
2016-09-30,1.6964092264301913,2.1499430246605282
2016-10-03,1.6943700195483253,2.144774249882366
2016-10-04,1.6900514763435464,2.1338412185423947
2016-10-05,1.6900514763435464,2.1338412185423947
2016-10-06,1.6906391583992122,2.135325220907211
2016-10-07,1.6877401970815185,2.1280022801302247
2016-10-10,1.6921354564633242,2.139085884114322
2016-10-11,1.6814500252881701,2.112070251405792
2016-10-12,1.6825529147200526,2.1148409313839496
2016-10-13,1.6797973566049333,2.1079138778099686
2016-10-14,1.680231127649446,2.1090025234146603
2016-10-17,1.6773139831719743,2.1016794058233805
2016-10-18,1.6825659761261444,2.1148409313839496
2016-10-19,1.6848097157244986,2.1204813073445887
2016-10-20,1.6832372532739481,2.1165231425717086
2016-10-21,1.683630560702432,2.117512241729195
2016-10-24,1.6872108327576778,2.1265181009511145
2016-10-25,1.684384258750628,2.1193930153684843
2016-10-26,1.682693346923007,2.11513780258263
2016-10-27,1.6804496820857187,2.1094972498076965
2016-10-28,1.677966385746671,2.103262601006815
2016-10-31,1.6780058828419997,2.10336161701114
2016-11-01,1.6719268587154148,2.0881216394312196
2016-11-02,1.6668957265854552,2.075554563525186
2016-11-03,1.6668957265854552,2.075554563525186
2016-11-04,1.6656104566223287,2.0732683223620616
2016-11-07,1.6913270567202068,2.1189979415620357
2016-11-08,1.6966591463657972,2.128541324280642
2016-11-09,1.7092507574736295,2.1511081640607905
2016-11-10,1.7122368500141876,2.15647677201
2016-11-11,1.709474328959505,2.1515064044995853
2016-11-14,1.7104144465159963,2.1531967060230324
2016-11-15,1.7197563189382958,2.169997052669806
2016-11-16,1.7174953030120923,2.165921393941821
2016-11-17,1.7236757140351122,2.1770557845151477
2016-11-18,1.7209758590934146,2.172184355418832
2016-11-21,1.7300724876143243,2.1885866392541256
2016-11-22,1.7324383225249202,2.1928621287107646
2016-11-23,1.7330983452446904,2.194055606635948
2016-11-25,1.7376057837991237,2.202207456973859
2016-11-28,1.7318953569952296,2.1918684815142355
2016-11-29,1.7342593526191126,2.1961425499523592
2016-11-30,1.7313473716956274,2.1908746566903927
2016-12-01,1.726892778083144,2.182821922393894
2016-12-02,1.727498037801036,2.183914863259149
2016-12-05,1.727498037801036,2.183914863259149
2016-12-06,1.7291395851227525,2.190832381188149
2016-12-07,1.7359250887521507,2.219489988709368
2016-12-08,1.7372004467972775,2.224925408381795
2016-12-09,1.7403484416582211,2.238364758965434
2016-12-12,1.7397492060276107,2.2357957180274854
2016-12-13,1.743232390676472,2.250716813734923
2016-12-14,1.738915835967519,2.2321395578417738
2016-12-15,1.7410635784443296,2.241329308611355
2016-12-16,1.7400419805636276,2.2369455183428064
2016-12-19,1.7411785777954816,2.2418161021416587
2016-12-20,1.7431937359266663,2.2504646769335896
2016-12-21,1.7417384387510138,2.244202043735782
2016-12-22,1.7408358628976894,2.2403255286984853
2016-12-23,1.741600534464802,2.2436057790452355
2016-12-27,1.7428969829252332,2.249172917242728
2016-12-28,1.7385755872278534,2.230584007968005
2016-12-29,1.7384594493165269,2.230087326720001
2016-12-30,1.7365531362321522,2.221935962875236
2017-01-03,1.740538539616649,2.238933832432306
2017-01-04,1.7436449715158027,2.2522536475716164
2017-01-05,1.7436449715158027,2.2522536475716164
2017-01-06,1.7498833002862497,2.260311651900202
2017-01-09,1.744107227012729,2.2528507396666644
2017-01-10,1.744107227012729,2.2528507396666644
2017-01-11,1.749035672272353,2.2592167769014093
2017-01-12,1.7446462286871565,2.253546964246271
2017-01-13,1.7486511205701158,2.2587200542381423
2017-01-17,1.742489674779625,2.250761359100861
2017-01-18,1.7463405270977614,2.2557354772966325
2017-01-19,1.7398708653751676,2.2473786618604032
2017-01-20,1.7462633705128936,2.255635814691835
2017-01-23,1.741719340153051,2.249766323413611
2017-01-24,1.7528866613929448,2.264191071803927
2017-01-25,1.768059558528075,2.283789793719844
2017-01-26,1.766210399737914,2.2814012486329056
2017-01-27,1.7634380979784545,2.2778202864233315
2017-01-30,1.752501972888252,2.2636941724339135
2017-01-31,1.7523479333234284,2.263495200637813
2017-02-01,1.7530412481675899,2.2643907504270113
2017-02-02,1.7541959976939456,2.2658823320707824
2017-02-03,1.7662874195203253,2.2815007345309555
2017-02-06,1.7662874195203253,2.2815007345309555
2017-02-07,1.7663413339749734,2.2816002215490134
2017-02-08,1.7679615284826198,2.2845899657624944
2017-02-09,1.775303673709648,2.2981437442991286
2017-02-10,1.7802073582498519,2.3072121099113034
2017-02-13,1.7869896724162395,2.319769425058886
2017-02-14,1.7919873912538657,2.329037649822995
2017-02-15,1.798535800833654,2.3411961317825276
2017-02-16,1.797463821566144,2.339202673934934
2017-02-17,1.7994475045061749,2.342890597506457
2017-02-21,1.8069485912923284,2.35684267816165
2017-02-22,1.8058253552493893,2.3547497332959986
2017-02-23,1.8066814773638349,2.356344534978706
2017-02-24,1.808285917221592,2.3593339251458603
2017-02-27,1.8102643256101134,2.3630214946710564
2017-02-28,1.8068440057564972,2.356643350079207
2017-03-01,1.824548057885118,2.389630731538216
2017-03-02,1.8165048781182287,2.3745818153600964
2017-03-03,1.8173055021949205,2.3760769530015824
2017-03-06,1.8135174246517454,2.3690015141675107
2017-03-07,1.809725478679485,2.3619251902176193
2017-03-08,1.809725478679485,2.3619251902176193
2017-03-09,1.810873127640171,2.3649208500806274
2017-03-10,1.8140457513986572,2.3732074649310917
2017-03-13,1.8145037599558997,2.374405835287752
2017-03-14,1.8110321898253852,2.365320247748705
2017-03-15,1.8188679843869873,2.385788314123101
2017-03-16,1.8170791659828147,2.3810955688756206
2017-03-17,1.8154836133735799,2.3769139533259187
2017-03-20,1.814487903316266,2.374306695280446
2017-03-21,1.8028394722254668,2.343822118471915
2017-03-22,1.8049604888887165,2.3493370695760594
2017-03-23,1.8039974910243235,2.34683019300489
2017-03-24,1.8033422209303125,2.3451253041135813
2017-03-27,1.8024168857185547,2.3427186316642876
2017-03-28,1.8089747897579687,2.359766101757952
2017-03-29,1.8098204405884468,2.3619723659634944
2017-03-30,1.8127018526510623,2.369493350381859
2017-03-31,1.8105921344399147,2.3639778672204304
2017-04-03,1.8090175933397659,2.359866305879828
2017-04-04,1.809594106993562,2.3613704318225297
2017-04-05,1.8069045667957937,2.3543511774232555
2017-04-06,1.8069045667957937,2.3543511774232555
2017-04-07,1.8056152493950888,2.3519512515293077
2017-04-10,1.8066898963219549,2.353351060921393
2017-04-11,1.804540330921304,2.3505510884266996
2017-04-12,1.796633156224292,2.340251391727235
2017-04-13,1.7849639705292235,2.3250513894515348
2017-04-17,1.8007788630170833,2.3456514902715098
2017-04-18,1.7954048137419973,2.3386513821795156
2017-04-19,1.7921033463163898,2.334350969649137
2017-04-20,1.8066898963219546,2.353351060921393
2017-04-21,1.8009321512521346,2.34585115986136
2017-04-24,1.8207385118835222,2.371650451648932
2017-04-25,1.8313331864251832,2.385450821387808
2017-04-26,1.8301812844002259,2.3839503813521223
2017-04-27,1.8317168822199175,2.3859506143558473
2017-04-28,1.8277247352090955,2.3807505391119452
2017-05-01,1.8323309855743353,2.386750530702076
2017-05-02,1.8330219367064673,2.3876505471261225
2017-05-03,1.8307953877546435,2.3847502976983512
2017-05-04,1.8329456320225888,2.3875511544693504
2017-05-05,1.8401613124936333,2.396950127323725
2017-05-08,1.8401613124936333,2.396950127323725
2017-05-09,1.8393165249372354,2.394749327179605
2017-05-10,1.8409684963919888,2.399050987580253
2017-05-11,1.8390880680152064,2.3941500416235626
2017-05-12,1.8375513146378906,2.39014890842472
2017-05-15,1.8426260975334454,2.403350702248576
2017-05-16,1.8417827025084617,2.4011506096434827
2017-05-17,1.825442323932775,2.3585443782727817
2017-05-18,1.8291192090148214,2.3680457429843575
2017-05-19,1.8350677547799614,2.3834481600675765
2017-05-22,1.83972645200378,2.395549907588886
2017-05-23,1.8417618610981032,2.4008506130959475
2017-05-24,1.8439099555743002,2.40645096138103
2017-05-25,1.8483166216881342,2.4179530695767837
2017-05-26,1.8481255655159328,2.417453193254064
2017-05-30,1.8473227896980737,2.4153530405365635
2017-05-31,1.8470932771459085,2.414752870556737
2017-06-01,1.8544375090932814,2.433955479755073
2017-06-02,1.8575235842525626,2.4420564478470537
2017-06-05,1.8568390169534756,2.440256468561845
2017-06-06,1.8538709262192579,2.432455143247885
2017-06-07,1.8538709262192579,2.432455143247885
2017-06-08,1.8543272257025745,2.433652559971301
2017-06-09,1.8529202560403615,2.429959495152119
2017-06-12,1.8527298204220817,2.4294600124168575
2017-06-13,1.8572595437543378,2.44133954453398
2017-06-14,1.8560824541132388,2.4382450115184517
2017-06-15,1.8542963116462245,2.4335522749965293
2017-06-16,1.8544180363091305,2.4340847740879226
2017-06-19,1.8590494427701738,2.454348518523661
2017-06-20,1.8552881303767352,2.4377960243866847
2017-06-21,1.8551507910469227,2.4371944910961094
2017-06-22,1.854898804222216,2.4360910032575145
2017-06-23,1.8555632521100647,2.4389997972000503
2017-06-26,1.855929632494938,2.4406050630286114
2017-06-27,1.85144402252836,2.4209426753253935
2017-06-28,1.8597296181988305,2.4426111156401493
2017-06-29,1.8515572616985017,2.421143598391044
2017-06-30,1.8532834488542662,2.425658011278249
2017-07-03,1.8548549899269176,2.4297718139405307
2017-07-05,1.856998698181352,2.4353881256438425
2017-07-06,1.848508201007991,2.413118152038512
2017-07-07,1.848508201007991,2.413118152038512
2017-07-10,1.8495007721985732,2.4157096380334107
2017-07-11,1.8488144771692732,2.413916841250911
2017-07-12,1.855760655679217,2.4320554890109194
2017-07-13,1.85731977737071,2.436142083320618
2017-07-14,1.8616511101188093,2.447504415335891
2017-07-17,1.861537560798722,2.447205849766046
2017-07-18,1.8620302161018778,2.448501154212424
2017-07-19,1.8670708598687855,2.461757676018053
2017-07-20,1.8674864896834338,2.462853702857296
2017-07-21,1.866655215497248,2.460661122917524
2017-07-24,1.8664284577889887,2.460063290096119
2017-07-25,1.8686968427592214,2.4660430216736007
2017-07-26,1.8687347274050294,2.4661430113180254
2017-07-27,1.8678660567335466,2.4638502663133997
2017-07-28,1.8667706367658776,2.4609603901690837
2017-07-31,1.8662413009447523,2.4595647452374236
2017-08-01,1.8683212438880201,2.4650471598992114
2017-08-02,1.8687742899424058,2.4662426501215924
2017-08-03,1.8669616809436826,2.461458408766492
2017-08-04,1.8686627572793961,2.465943909131319
2017-08-07,1.8686627572793961,2.465943909131319
2017-08-08,1.8663630643762914,2.4598744204713747
2017-08-09,1.8663254682535724,2.4597753167735457
2017-08-10,1.8531537400852738,2.4250552292231684
2017-08-11,1.854521867550887,2.42863591936556
2017-08-14,1.8729063745465024,2.4527118145224844
2017-08-15,1.8726785436791655,2.4524134528597634
2017-08-16,1.8759453227763705,2.456691545879277
2017-08-17,1.8466980699962665,2.4183900678070183
2017-08-18,1.8438107416041685,2.4146088940356276
2017-08-21,1.845254338948437,2.4164993933738863
2017-08-22,1.8645496345991563,2.4417680348022026
2017-08-23,1.8578647239740982,2.433013641367519
2017-08-24,1.8535347341626554,2.4273431939219763
2017-08-25,1.857864723974098,2.4330136413675185
2017-08-28,1.8579406675965426,2.433113095255091
2017-08-29,1.8600676238392615,2.43589850448664
2017-08-30,1.868880159224841,2.447439182627234
2017-08-31,1.8801234253429215,2.4621630855496712
2017-09-01,1.8827821206463191,2.465644847089106
2017-09-05,1.8692602784477508,2.447936977349719
2017-09-06,1.8692602784477508,2.447936977349719
2017-09-07,1.8691466173099913,2.44763928172625
2017-09-08,1.8680490476824674,2.4447647565179245
2017-09-11,1.8780112493491503,2.470840345445577
2017-09-12,1.8811761040024086,2.4791681449382073
2017-09-13,1.8816276180560771,2.4803582294353106
2017-09-14,1.881326658836794,2.4795647816041777
2017-09-15,1.8825930478902115,2.4829029511686316
2017-09-18,1.8845951510988646,2.488183994749324
2017-09-19,1.885538439940536,2.49067479623197
2017-09-20,1.8858778779014012,2.4915715475854325
2017-09-21,1.8833512735185949,2.4848953829557163
2017-09-22,1.883540267891118,2.485394101649664
2017-09-25,1.88161460977815,2.4803121616483255
2017-09-26,1.8821815210975208,2.4818067472374294
2017-09-27,1.8858464437581612,2.4914717340469665
2017-09-28,1.8869777925183842,2.494461079724366
2017-09-29,1.8902942994376093,2.503229489679634
2017-10-02,1.8984955071156504,2.51408997046126
2017-10-03,1.9025586877890714,2.5194706530812256
2017-10-04,1.9036872465981365,2.52245964976024
2017-10-05,1.9036872465981365,2.52245964976024
2017-10-06,1.9030368071122472,2.5195867910300778
2017-10-09,1.9014658484338864,2.5154269484874017
2017-10-10,1.9039740517880472,2.5220630942951625
2017-10-11,1.9054696602364847,2.5260253529906285
2017-10-12,1.9040497469930342,2.522260678142373
2017-10-13,1.905208944504905,2.5253318146050727
2017-10-16,1.906479268594691,2.5286994135742544
2017-10-17,1.9071513799150108,2.530482351925115
2017-10-18,1.9080845389993843,2.5329586551901984
2017-10-19,1.9083459571756871,2.5336527139897496
2017-10-20,1.9132694968765427,2.5467263809300675
2017-10-23,1.9095489012217661,2.5368215148123965
2017-10-24,1.9112264312766776,2.5412786872182154
2017-10-25,1.9064961668638205,2.528699413574254
2017-10-26,1.9077283164790564,2.5319679604128327
2017-10-27,1.9155274384172067,2.552670202651596
2017-10-30,1.9119596529889322,2.5431611981136744
2017-10-31,1.9134488790268829,2.547122936395145
2017-11-01,1.9147138474956287,2.5504907088356585
2017-11-02,1.9150855211814826,2.551480883199028
2017-11-03,1.9150855211814826,2.551480883199028
2017-11-06,1.9165675000618825,2.5554297833821518
2017-11-07,1.9159013193432508,2.5536532969819064
2017-11-08,1.9175305437168058,2.55799639560713
2017-11-09,1.9140521994215187,2.548716134388679
2017-11-10,1.9137557720675096,2.547926700140161
2017-11-13,1.91464545161697,2.5502956944619286
2017-11-14,1.9124221559822814,2.544372862869402
2017-11-15,1.9076360227167526,2.5316374868847693
2017-11-16,1.9157442552067654,2.5531584742006412
2017-11-17,1.9129293775676297,2.545655563852703
2017-11-20,1.9145615101189513,2.5499995269481945
2017-11-21,1.920824923828191,2.5666839760100055
2017-11-22,1.9199751653211206,2.5644130126166016
2017-11-24,1.9221926999521493,2.5703367086793967
2017-11-27,1.9217129450761887,2.5690536619079887
2017-11-28,1.9314605247295793,2.595115884434454
2017-11-29,1.9308729101008653,2.5935368430433643
2017-11-30,1.939325217294854,2.616243019096334
2017-12-01,1.937312720258781,2.6108131084504835
2017-12-04,1.9361407608938739,2.607654334092091
2017-12-05,1.9361407608938739,2.607654334092091
2017-12-06,1.9363245431537244,2.6081493813697554
2017-12-07,1.939377113172542,2.61637275346336
2017-12-08,1.9446649913316962,2.630640283223586
2017-12-11,1.9475948275840866,2.6385669392832596
2017-12-12,1.94931363776223,2.6432241663889386
2017-12-13,1.949203651482875,2.6429258886916713
2017-12-14,1.9452212068493993,2.6321262926473206
2017-12-15,1.953320540657683,2.654045105165553
2017-12-18,1.9595136263070605,2.6708746303883486
2017-12-19,1.9557511133798182,2.660617799112499
2017-12-20,1.9552388778449314,2.6592241013437654
2017-12-21,1.9572522511711603,2.664700681146651
2017-12-22,1.9569963295478983,2.664003832262284
2017-12-26,1.95582592133871,2.6608173449832715
2017-12-27,1.9563015966940065,2.6621116168529158
2017-12-28,1.95831419808422,2.6675890642465445
2017-12-29,1.95462228314833,2.6575309112507246
2018-01-02,1.961617307452626,2.676551970689046
2018-01-03,1.967821024961195,2.6934814423653752
2018-01-04,1.9719679888093908,2.704833867230839
2018-01-05,1.9719679888093908,2.704833867230839
2018-01-08,1.9744918373806217,2.709779319207144
2018-01-09,1.9789617342934205,2.715913775670311
2018-01-10,1.9759336990951666,2.7117581205276973
2018-01-11,1.9903510602635095,2.7315444100386954
2018-01-12,2.0033258061310457,2.7493508640124227
2018-01-16,1.9964773397800895,2.7399520748481554
2018-01-17,2.0155065232739,2.766067598304222
2018-01-18,2.012118525037851,2.761417932309282
2018-01-19,2.0212737189366576,2.7739824588475273
2018-01-22,2.0377086817236805,2.7965376912516753
2018-01-23,2.042033010890211,2.8024723715188036
2018-01-24,2.0412407405334734,2.801385065009218
2018-01-25,2.0421057319644893,2.802572173432096
2018-01-26,2.0657483705540014,2.8350191716361195
2018-01-29,2.052052693829193,2.8162233170021156
2018-01-30,2.0310050295327304,2.7873376440667283
2018-01-31,2.0320133279512294,2.7887214260354916
2018-02-01,2.0297071027942195,2.785556378139325
2018-02-02,1.9855209491174952,2.7249155979842965
2018-02-05,1.902481646142206,2.610953017018489
2018-03-08,1.902481646142206,2.610953017018489
2018-03-09,1.919035527917218,2.6563898890655624
2018-03-12,1.9178312189476094,2.65305580366314
2018-03-13,1.9116339010590675,2.6359095292372148
2018-03-14,1.90672898929249,2.6223829814411883
2018-03-15,1.9056903023428968,2.6195259052704754
2018-03-16,1.9067234581029513,2.6223662180687453
2018-03-19,1.8938243017224192,2.5868851295132527
2018-03-20,1.8954346386761645,2.591284435948766
2018-03-21,1.8936156393996006,2.586310859526575
2018-03-22,1.8699480991396966,2.521660341101537
2018-03-23,1.8500195613957748,2.467912321776175
2018-03-26,1.8753268783152681,2.5354318664988167
2018-03-27,1.8593756961011576,2.492300041149715
2018-03-28,1.8566285859946152,2.4849356094795207
2018-03-29,1.8684902049559986,2.5166870966273165
2018-04-02,1.848324673526534,2.4623648073152764
2018-04-03,1.8601697828066068,2.4939252584068097
2018-04-04,1.8701209972206239,2.520608397987213
2018-04-05,1.8775003731931446,2.540500711988162
2018-04-06,1.8565796522958051,2.483883832339181
2018-04-09,1.8565796522958051,2.483883832339181
2018-04-10,1.8713397576545285,2.5233783803041128
2018-04-11,1.8664348107619029,2.510150384805418
2018-04-12,1.8741123065572736,2.530801166621071
2018-04-13,1.8713639406704092,2.523378380304113
2018-04-16,1.87905706334381,2.544125450405434
2018-04-17,1.889108259438562,2.571342829047644
2018-04-18,1.8898074169323442,2.5732461329996856
2018-04-19,1.8845657356231247,2.5589715185193804
2018-04-20,1.8765753722852974,2.53727197064199
2018-04-23,1.8764348353387381,2.5368919374596186
2018-04-24,1.8637994892490712,2.502726607528402
2018-04-25,1.8661032026822202,2.508913501492607
2018-04-26,1.8755881922817772,2.534418005673985
2018-04-27,1.8764685261520144,2.5367971356140377
2018-04-30,1.8692529291175115,2.5172876094655674
2018-05-01,1.870913627908811,2.5217604728488725
2018-05-02,1.864629865448334,2.5048210016116945
2018-05-03,1.86257509997277,2.4993005282867196
2018-05-04,1.8746321238540664,2.531658016751513
2018-05-07,1.8778032247280434,2.5402230496957117
2018-06-07,1.8778032247280434,2.5402230496957117
2018-06-08,1.879469013192677,2.547734440662306
2018-06-11,1.880218864882886,2.551122672414863
2018-06-12,1.8809476722933982,2.554418879297135
2018-06-13,1.8791471192237912,2.546268082366542
2018-06-14,1.8805663894354478,2.5526785125793143
2018-06-15,1.8798467787218296,2.549422516909792
2018-06-18,1.8786865881832204,2.54417773505396
2018-06-19,1.8765265809713336,2.53442723118137
2018-06-20,1.8774872356486447,2.5387520822095544
2018-06-21,1.8739562237448875,2.5228365477782853
2018-06-22,1.8749810653033232,2.5274355661661256
2018-06-25,1.8673239281125298,2.493030026062011
2018-06-26,1.8685642440846946,2.4985497699654986
2018-06-27,1.8639204212791352,2.477851485281019
2018-06-28,1.8671175344694675,2.492018706114478
2018-06-29,1.8679237688938668,2.495605609866786
2018-07-02,1.8691219466441127,2.5009416219049037
2018-07-03,1.8671420065916622,2.492110889922362
2018-07-05,1.8717115118479541,2.512440916188103
2018-07-06,1.8764609813529722,2.5336919858446905
2018-07-09,1.8764609813529722,2.5336919858446905
2018-07-10,1.8798370427286493,2.5428090415535762
2018-07-11,1.8757120174822812,2.5242096430335925
2018-07-12,1.880813558875288,2.5470940372592525
2018-07-13,1.8812578691445347,2.549099729657899
2018-07-16,1.8807532254188348,2.5468204263508687
2018-07-17,1.883035769664973,2.5571234443678836
2018-07-18,1.8842240025186154,2.562502096110927
2018-07-19,1.8820921759448594,2.5528379761045077
2018-07-20,1.88144680820264,2.5499200898253496
2018-07-23,1.8824963533909571,2.5546615762693654
2018-07-24,1.885338224070141,2.5675168784248608
2018-07-25,1.8901584852855968,2.5893981901723477
2018-07-26,1.888820809609599,2.583289751821048
2018-07-27,1.8849812248783386,2.565785427011532
2018-07-30,1.8820272639240063,2.552382588000803
2018-07-31,1.8848102292206312,2.5649633341325138
2018-08-01,1.8838656418181263,2.560678495946071
2018-08-02,1.886944448491317,2.574628241735101
2018-08-03,1.8893700919509815,2.5856604162834387
2018-08-06,1.8914485054399923,2.595141656459903
2018-08-07,1.8914485054399923,2.595141656459903
2018-08-08,1.8912100931720097,2.5940512864669696
2018-08-09,1.8904349652237982,2.5905073092386797
2018-08-10,1.886635253008506,2.573151193762979
2018-08-13,1.8845163914857375,2.563518257652628
2018-08-14,1.888123457397448,2.57987396454734
2018-08-15,1.8838937534076814,2.5606095053331077
2018-08-16,1.8884669276313208,2.581329204211054
2018-08-17,1.8904612823263898,2.590416091820985
2018-08-20,1.8916749002206592,2.595959316204064
2018-08-21,1.8930060070620227,2.602048275086125
2018-08-22,1.892668866894053,2.6005035450126237
2018-08-23,1.891914982399924,2.5970507852020295
2018-08-24,1.8953305206876971,2.612679264766682
2018-08-27,1.89981997940207,2.6333080602283703
2018-08-28,1.900095291893652,2.634580080053099
2018-08-29,1.9031625857580663,2.6487566169691346
2018-08-30,1.9008511056879214,2.638033153865132
2018-08-31,1.9008708578086277,2.6381245282835457
2018-09-04,1.8998885699726142,2.6335802994749855
2018-09-05,1.898354575699583,2.6264923450184052
2018-09-06,1.898354575699583,2.6264923450184052
2018-09-07,1.896509752800164,2.6213874891761257
2018-09-10,1.8981584202474655,2.6259451205975166
2018-09-11,1.9012877829943267,2.634603549470517
2018-09-12,1.9015177398994842,2.635240849393203
2018-09-13,1.907141088660996,2.65082721817197
2018-09-14,1.907305366910087,2.651283894667099
2018-09-17,1.9022559450928045,2.6372458166814745
2018-09-18,1.9074172859768745,2.6515569557162557
2018-09-19,1.9084331861044337,2.6543814211013044
2018-09-20,1.9161661324370791,2.675892458768435
2018-09-21,1.9152909615764606,2.6734481371969183
2018-09-24,1.91210964151181,2.6645668816892254
2018-09-25,1.9112228929767134,2.662095474477308
2018-09-26,1.908362997073029,2.6541285168077953
2018-09-27,1.9110293778516847,2.661545258038004
2018-09-28,1.9111279741600116,2.661819893833695
2018-10-01,1.914447739594299,2.6710674353854125
2018-10-02,1.9138902864743483,2.6695119007582098
2018-10-03,1.914415499567821,2.6709770449343075
2018-10-04,1.9069341686663441,2.6501012600193676
2018-10-05,1.9069341686663441,2.6501012600193676
2018-10-08,1.9069341686663441,2.6501012600193676
2018-10-09,1.9049861951778904,2.64623392522987
2018-10-10,1.8627637263527559,2.562445894418296
2018-10-11,1.834042581166286,2.5060041218866815
2018-10-12,1.8518727011086393,2.540808076298733
2018-10-15,1.8445913556407543,2.526536421634127
2018-10-16,1.872824853029103,2.5817813014775206
2018-10-17,1.8730589340940649,2.5822422904448943
2018-10-18,1.8541242294610205,2.5449511176468693
2018-10-19,1.8534199061912466,2.543570051077146
2018-10-22,1.8475966005526636,2.5321533291173863
2018-10-23,1.8410125484181958,2.5192625826614705
2018-10-24,1.8019664523999928,2.4429324063430222
2018-10-25,1.8245964724641295,2.486760405865624
2018-10-26,1.80213352398393,2.4430247308253232
2018-10-29,1.7951443757145886,2.429489454964663
2018-10-30,1.8137655294810793,2.4654912522311334
2018-10-31,1.8273260736944312,2.491824316621276
2018-11-01,1.840938249707452,2.5183417132539554
2018-11-02,1.8333054310050039,2.5034253708235714
2018-11-05,1.8333054310050039,2.5034253708235714
2018-11-06,1.8414260724360871,2.5192667182468975
2018-11-07,1.869022122842274,2.573201478286589
2018-11-08,1.8666477354381028,2.5685315211975945
2018-11-09,1.8538842506305215,2.5434419200247773
2018-11-12,1.8296358958237227,2.495916775309782
2018-11-13,1.827239248758504,2.491246188252207
2018-11-14,1.818494766121865,2.4742145151955794
2018-11-15,1.8317800917009217,2.500037084812084
2018-11-16,1.8351146978892705,2.506538675549567
2018-11-19,1.813386726321617,2.4641419475581956
2018-11-20,1.7898957688467525,2.4185405693966215
2018-11-21,1.7941650734312904,2.426781660877662
2018-11-23,1.7857769017484644,2.410573356756057
2018-11-26,1.8059582693610603,2.4494909257681696
2018-11-27,1.8102112142140596,2.457731544772775
2018-11-28,1.839387710451552,2.514321622380267
2018-11-29,1.8365746866047548,2.5088284538483965
2018-11-30,1.8444108746754102,2.5241206261614666
2018-12-03,1.8615065682261471,2.5575432942281116
2018-12-04,1.8192841835427063,2.4746721873694844
2018-12-06,1.8192841835427063,2.4746721873694844
2018-12-07,1.8066025291906616,2.4171716649135844
2018-12-10,1.80831586935732,2.421756444616135
2018-12-11,1.8085213909812723,2.4223069273340587
2018-12-12,1.813074738057313,2.4345042994191797
2018-12-13,1.8128903234099047,2.4336788908051696
2018-12-14,1.7961529445377673,2.3887413619072126
2018-12-17,1.7785342440045442,2.3418784053480235
2018-12-18,1.7775589237355351,2.3393099066148784
2018-12-19,1.764248836787827,2.3042771233536112
2018-12-20,1.7498896812133133,2.2667682719817495
2018-12-21,1.7391334037840949,2.22032346146417
2018-12-24,1.7161569161308388,2.1616560418314212
2018-12-26,1.7595110767987556,2.270873074919073
2018-12-27,1.766265361584295,2.288307603933488
2018-12-28,1.7651261708605557,2.285355817806488
2018-12-31,1.7728563996749218,2.305372883652012
2019-01-02,1.7737785007030706,2.307771032432333
2019-01-03,1.7526147783578174,2.252700993701503
2019-01-04,1.781967401809033,2.328157032110873
2019-01-07,1.7889925275934884,2.3465138168421085
2019-01-08,1.7889925275934884,2.3465138168421085
2019-01-09,1.7948450273899457,2.357480062147884
2019-01-10,1.7992770365246058,2.36579623828468
2019-01-11,1.799763453590317,2.3667099097529873
2019-01-14,1.7920775066848698,2.3522711815724513
2019-01-15,1.8064546105989439,2.3792301934976745
2019-01-16,1.8095143807160818,2.384987245701433
2019-01-17,1.8191243233340932,2.4030817535982427
2019-01-18,1.8360730463898938,2.4350666617839694
2019-01-22,1.8187087835307842,2.402167925866643
2019-01-23,1.8213726464179478,2.407194290917023
2019-01-24,1.8220503199264864,2.4084737747518954
2019-01-25,1.8328422966537563,2.4288528519777026
2019-01-28,1.82309135719444,2.4103931567674963
2019-01-29,1.8213977424959773,2.407194290917023
2019-01-30,1.8415816504056648,2.4453020636730742
2019-01-31,1.8529028347033756,2.46677717162895
2019-02-01,1.8535274399093697,2.4679650851747117
2019-02-04,1.8626559402010696,2.485328749654851
2019-02-05,1.8681218230375802,2.4957474483854685
2019-02-06,1.8663978302708661,2.4924571685091763
2019-02-07,1.8663978302708661,2.4924571685091763
2019-02-08,1.8686774406859301,2.495501445151745
2019-02-11,1.8697132835611001,2.496884748302763
2019-02-12,1.8937572901171276,2.5289940100733657
2019-02-13,1.8999057169642257,2.5372048482567124
2019-02-14,1.8956912257770886,2.531576659774799
2019-02-15,1.9163492500514954,2.5591641547101682
2019-02-19,1.919665766592856,2.5635931544089057
2019-02-20,1.9235348193029178,2.568760031484161
2019-02-21,1.9166955155016687,2.5596265704874983
2019-02-22,1.9285779375345855,2.5754947993799937
2019-02-25,1.9312039315388374,2.579001649567132
2019-02-26,1.9298219413525075,2.5771560884060225
2019-02-27,1.928993196168963,2.5760493512248646
2019-02-28,1.9253999980567025,2.5712508606525315
2019-03-01,1.9374220604042232,2.5873055704214525
2019-03-04,1.9303741231041662,2.5778934924808237
2019-03-05,1.9277489560730126,2.5743877466643577
2019-03-06,1.9160731591756657,2.5587954526727676
2019-03-07,1.9000444121667173,2.5373900669952265
2019-03-08,1.8962443526408592,2.5323153259875113
2019-03-11,1.8962443526408592,2.5323153259875113
2019-03-12,1.903394636749281,2.541864081667498
2019-03-13,1.9159940983204804,2.5586898718624718
2019-03-14,1.9147682255344256,2.557052795691611
2019-03-15,1.9242281857935661,2.5696859789172284
2019-03-18,1.9312053082383736,2.579003488062962
2019-03-19,1.9316838027076342,2.579642487396683
2019-03-20,1.9258699027630548,2.571878388896976
2019-03-21,1.9476220121318768,2.6009269658119245
2019-03-22,1.910137111748102,2.550868233875426
2019-03-25,1.9087011625389398,2.5489506138257543
2019-03-26,1.9229284834885254,2.567950308057251
2019-03-27,1.9128729961629949,2.5545218358093305
2019-03-28,1.9201238933698448,2.5642049539678604
2019-03-29,1.932231235781372,2.5803735499101452
2019-04-01,1.955146334749732,2.610975226446866
2019-04-02,1.9561033236882521,2.612253225114306
2019-04-03,1.9591813392179387,2.6163637216801083
2019-04-04,1.9643803813387912,2.6233067161442736
2019-04-05,1.9738887849416193,2.636004592415116
2019-04-08,1.9753933234042231,2.6380138091081458
2019-04-09,1.9753933234042231,2.6380138091081458
2019-04-10,1.9821314362581681,2.647012135945357
2019-04-11,1.981966254990415,2.6462768385572764
2019-04-12,1.9859895383524127,2.6641828305639503
2019-04-15,1.9855992822309552,2.662437749773021
2019-04-16,1.985989717406335,2.6641828305639503
2019-04-17,1.9845318149279287,2.657663631399987
2019-04-18,1.985703893375382,2.662895747508369
2019-04-22,1.9862176509143084,2.6651923013403582
2019-04-23,1.9915753716137008,2.689156368511244
2019-04-24,1.9902496103520844,2.6831892676412217
2019-04-25,1.9898816009858804,2.681535473770922
2019-04-26,1.9926612364061953,2.694021461178467
2019-04-29,1.993598719180504,2.698246294895525
2019-04-30,1.9939041031020144,2.699624039618854
2019-05-01,1.9894077588973345,2.6793314573653233
2019-05-02,1.9881193224503084,2.6735472429629996
2019-05-03,1.9939571726246978,2.6997156391659236
2019-05-06,1.9914953884945263,2.6886052080966243
2019-05-07,1.9815181321972648,2.64370611133696
2019-05-08,1.9806925033522598,2.640034313793165
2019-05-09,1.9806925033522598,2.640034313793165
2019-05-10,1.9856677977394268,2.653297299219842
2019-05-13,1.9607176837137164,2.5866194085525214
2019-05-14,1.969583798724389,2.6100121339362476
2019-05-15,1.9753520055906437,2.625299718980083
2019-05-16,1.9844992903620955,2.649613728910423
2019-05-17,1.97808418737879,2.6324834179856564
2019-05-20,1.9715442424821872,2.6150763767639575
2019-05-21,1.9804319825766632,2.6386539548502808
2019-05-22,1.977390988220112,2.63055053917513
2019-05-23,1.965309868539691,2.5984071784756093
2019-05-24,1.9675390605209973,2.6043017689818186
2019-05-28,1.9583899115558883,2.5800815180982584
2019-05-29,1.9518183849241988,2.5627661976831915
2019-05-30,1.9544838654907388,2.569765827924687
2019-05-31,1.9413151470979666,2.535137225334701
2019-06-03,1.9388469068383603,2.528690742111663
2019-06-04,1.959889936554601,2.583580392492785
2019-06-05,1.9683782057342405,2.6059593285847473
2019-06-06,1.9747781514542897,2.622905257170028
2019-06-07,1.984658992702968,2.6491527730617097
2019-06-10,1.984658992702968,2.6491527730617097
2019-06-11,1.984418948336671,2.648511943376638
2019-06-12,1.9833679109381508,2.6438360404626735
2019-06-13,1.9858231335246108,2.6547454401184183
2019-06-14,1.9851650373092715,2.651812856148011
2019-06-17,1.9853911854573933,2.6528198296326875
2019-06-18,1.9916279499926528,2.6805977519435413
2019-06-19,1.9929766560107542,2.686648645000097
2019-06-20,1.9986889743084262,2.7123171045677883
2019-06-21,1.9978176499381544,2.7083756742543956
2019-06-24,1.9970837264167498,2.705059154330439
2019-06-25,1.9912072992418093,2.678526994938786
2019-06-26,1.9906115442955747,2.6758556747026243
2019-06-27,1.9927292131868488,2.6853445113302343
2019-06-28,1.9958053333343058,2.699162147798355
2019-07-01,2.0012409695596003,2.7236663137833306
2019-07-02,2.002804633477215,2.730760076775504
2019-07-03,2.0076084525676876,2.7525929225243173
2019-07-05,2.0069229392799115,2.749459942714741
2019-07-08,2.0036148542145877,2.734353155443237
2019-07-09,2.0043641567508628,2.7377617575674353
2019-07-10,2.0043641567508628,2.7377617575674353
2019-07-11,2.0067134860028224,2.7441796569898393
2019-07-12,2.0112058292507786,2.7564662111384473
2019-07-15,2.0115402757626697,2.757382965153429
2019-07-16,2.008296423266317,2.7484897366929437
2019-07-17,2.001463063309653,2.7297859044394612
2019-07-18,2.0051265672953047,2.739779175586172
2019-07-19,1.9995573245123328,2.724559692038904
2019-07-22,2.002013377012264,2.7312528351269383
2019-07-23,2.009170410710614,2.7507808450834856
2019-07-24,2.0138920804144513,2.763709841557741
2019-07-25,2.0090813975093016,2.7505062227353863
2019-07-26,2.0158117786423135,2.7689345006644737
2019-07-29,2.0139762424784373,2.763891887593925
2019-07-30,2.011504293278318,2.757107100170269
2019-07-31,2.0005011236366097,2.7269436874001283
2019-08-01,1.9917912030113758,2.7031981740523916
2019-08-02,1.9842924888334859,2.6828441224401884
2019-08-05,1.9544552666189325,2.6021618473232624
2019-08-06,1.9681591699106913,2.638652602485862
2019-08-07,1.9687402052597602,2.6402105561914317
2019-08-08,1.9687402052597602,2.6402105561914317
2019-08-09,1.9620352840824211,2.6222270725163916
2019-08-12,1.950093079508791,2.590305962439977
2019-08-13,1.9652567200716058,2.630589648357216
2019-08-14,1.9362026705784627,2.552809192441273
2019-08-15,1.9387596607879574,2.559551780095933
2019-08-16,1.953063407366212,2.5973194113881304
2019-08-19,1.9648284507142664,2.6286113554678496
2019-08-20,1.9573005473103964,2.60846920782836
2019-08-21,1.9652625182107386,2.629690839790509
2019-08-22,1.964960020129939,2.628881302718732
2019-08-23,1.93972242126374,2.5613515299954392
2019-08-26,1.9504479590843071,2.5896771011241526
2019-08-27,1.946621246680121,2.5795153847455614
2019-08-28,1.9534748878305668,2.5976792394956836
2019-08-29,1.9659507155353444,2.63085929092723
2019-08-30,1.965514143850149,2.6296908397905097
2019-09-03,1.9597676523898733,2.6143142056397926
2019-09-04,1.9708895993296731,2.643987380256827
2019-09-05,1.9835580272237099,2.6779772734410203
2019-09-06,1.9843237420734865,2.6800448378253185
2019-09-09,1.9843237420734865,2.6800448378253185
2019-09-10,1.9841839931050462,2.6794156839335446
2019-09-11,1.9884167285051464,2.698468449295996
2019-09-12,1.9904830863159757,2.7078159220491402
2019-09-13,1.9891610013495158,2.70601738241467
2019-09-16,1.9830175371064531,2.697659928684835
2019-09-17,1.9880383707862248,2.7044901768158094
2019-09-18,1.9892279338596701,2.7061084361482806
2019-09-19,1.9890942926939106,2.7059266332085956
2019-09-20,1.979697550290068,2.6931434807812056
2019-09-23,1.9792323805372232,2.6925106725589867
2019-09-24,1.9637022473450236,2.671383770140934
2019-09-25,1.9753162690568213,2.687183267823899
2019-09-26,1.971202046300545,2.681586356218425
2019-09-27,1.9605828342045528,2.6671401789106013
2019-09-30,1.969675582130838,2.679509782942527
2019-10-01,1.9462465173222303,2.6476373218482263
2019-10-02,1.9118671595396428,2.6008682872186415
2019-10-03,1.9275304861885034,2.6221763835213037
2019-10-04,1.9536137943847374,2.657659627623718
2019-10-07,1.9451847751962705,2.6461929477394737
2019-10-08,1.9451847751962705,2.6461929477394737
2019-10-09,1.9581155251127798,2.6713225907095444
2019-10-10,1.9673857277510658,2.6893893065395016
2019-10-11,1.9816631267112044,2.717270747338961
2019-10-14,1.9801179522035859,2.714243955324508
2019-10-15,1.9938404064972703,2.741115434353177
2019-10-16,1.9915990121300848,2.7367133620836137
2019-10-17,1.9957101918103504,2.7447837763561815
2019-10-18,1.9895956209250654,2.7327700258955456
2019-10-21,1.9990371663065887,2.751296096466583
2019-10-22,1.9944660296394798,2.7423085193608165
2019-10-23,1.9985277978892688,2.7502867533553768
2019-10-24,2.00081433047503,2.754781933892324
2019-10-25,2.0065489374746686,2.766061335426816
2019-10-28,2.0144660009361792,2.7816524849316164
2019-10-29,2.014047472054317,2.7808268837168413
2019-10-30,2.018371923847349,2.7893566527304885
2019-10-31,2.014608911040301,2.78192747911668
2019-11-01,2.0276729512644356,2.807698672075302
2019-11-04,2.0333759459128116,2.8189799295885467
2019-11-05,2.0318015787623596,2.815861885285462
2019-11-06,2.0318015787623596,2.815861885285462
2019-11-07,2.033945070551496,2.825764060926924
2019-11-08,2.035450094960128,2.832733839259528
2019-11-11,2.0342837216470984,2.8273230373911677
2019-11-12,2.035570413629273,2.833284011671726
2019-11-13,2.0357677824482723,2.8341997286545912
2019-11-14,2.0366567741979753,2.83832524859766
2019-11-15,2.0410785033225696,2.8588659464311434
2019-11-18,2.0415300507030385,2.8609741675294864
2019-11-19,2.0413533515245774,2.860148754281506
2019-11-20,2.0390761269757127,2.8495133246831466
2019-11-21,2.038092018499273,2.84492917310023
2019-11-22,2.0394516372973546,2.8512553826920897
2019-11-25,2.0441934224949025,2.873352892174254
2019-11-26,2.0455828287040694,2.8798628018295456
2019-11-27,2.0483182968259643,2.8926998488547953
2019-11-29,2.046039437861896,2.881972259965353
2019-12-02,2.040825137427623,2.8574900515115993
2019-12-03,2.036718875200751,2.83832524859766
2019-12-04,2.0404892333979663,2.8558395342750065
2019-12-05,2.0415898376595996,2.8609741675294864
2019-12-06,2.0415898376595996,2.8609741675294864
2019-12-09,2.038379801060592,2.851977422329076
2019-12-10,2.0372433399127265,2.848797287269476
2019-12-11,2.040134786199579,2.8568838463730377
2019-12-12,2.0489269528454424,2.8815079045824246
2019-12-13,2.0495408099056496,2.8832345000267514
2019-12-16,2.056580733599063,2.903041620502036
2019-12-17,2.0568060867330518,2.9036778313899347
2019-12-18,2.0568704507833693,2.9038595621493397
2019-12-19,2.061086435500906,2.91576369304026
2019-12-20,2.065604460685507,2.928546751111573
2019-12-23,2.067181972455965,2.9330198407646435
2019-12-24,2.0672143712403175,2.9331117787542245
2019-12-26,2.072716462558456,2.9487253010647643
2019-12-27,2.072459362750657,2.9479937811276664
2019-12-30,2.0667467730895637,2.931741902709471
2019-12-31,2.069257164324884,2.938864032302329
2020-01-02,2.0789332240112435,2.966348894287505
2020-01-03,2.0710621062295798,2.9438869111330925
2020-01-06,2.0750124098636844,2.9551171365603857
2020-01-07,2.072094987154467,2.946807474602109
2020-01-08,2.072094987154467,2.946807474602109
2020-01-09,2.0791199800075435,2.96678850981218
2020-01-10,2.0761285474356423,2.958251294194482
2020-01-13,2.0832674925339623,2.9785956930057913
2020-01-14,2.0816794304830117,2.974054562496014
2020-01-15,2.0840314969545215,2.9807752649427535
2020-01-16,2.092699300180086,3.0055702581987678
2020-01-17,2.095956363141307,3.0149259564249613
2020-01-21,2.0939040295425793,3.0090216027400656
2020-01-22,2.0940305634969816,3.0093852711765403
2020-01-23,2.0952312377159905,3.012836310882602
2020-01-24,2.08591456788393,2.9860425129845374
2020-01-27,2.069196536277887,2.938177893907921
2020-01-28,2.0800386659686265,2.9689686914196134
2020-01-29,2.079179385457955,2.966515682276015
2020-01-30,2.082553084670358,2.9761426838621934
2020-01-31,2.0636459814134516,2.922103017411168
2020-02-03,2.071310507985475,2.94380881038618
2020-02-04,2.087095564184313,2.9886772039287544
2020-02-05,2.099146204860838,3.023189734836022
2020-02-06,2.1026782050282713,3.033363306000239
2020-02-07,2.1026782050282713,3.033363306000239
2020-02-10,2.113665445563938,3.056006735695479
2020-02-11,2.1162295445152934,3.061302818913499
2020-02-12,2.125774265458289,3.0810274420252997
2020-02-13,2.124186361197789,3.0777396472933445
2020-02-14,2.1265680925395745,3.0826695005799065
2020-02-18,2.1227323050368816,3.0747261419242804
2020-02-19,2.129836951600892,3.089427438838142
2020-02-20,2.1237120444751474,3.076735349816031
2020-02-21,2.108402594311507,3.0450501781393515
2020-02-24,2.0594542487784335,2.9440595929397517
2020-02-25,2.015770060718004,2.8548481269163926
2020-02-26,2.010580212433463,2.8443479010489185
2020-02-27,1.9473709699423012,2.7166029168648866
2020-02-28,1.9416436538008484,2.7051891082144186
2020-03-02,2.000503673611056,2.822341313025286
2020-03-03,1.9604084511177888,2.741531376157578
2020-03-04,2.018089819675407,2.8567663136452617
2020-03-05,1.9711302972128162,2.7618021262466663
2020-03-06,1.9483210268793596,2.7161468916447946
2020-03-09,1.8418138413211231,2.5040308059038936
2020-03-10,1.8418138413211231,2.5040308059038936
2020-03-11,1.7789643180319759,2.381963915008749
2020-03-12,1.6598196397757004,2.154063797270794
2020-03-13,1.7591441961608771,2.3382072392639452
2020-03-16,1.62439945605184,2.0823513947302605
2020-03-17,1.6857929740658844,2.1947822884875574
2020-03-18,1.6260432634008373,2.0836539108996694
2020-03-19,1.6284619570017242,2.088081591703734
2020-03-20,1.579337875295031,1.9980973932659158
2020-03-23,1.5510715278811296,1.9470100574468607
2020-03-24,1.6494437573118022,2.1234150381623857
2020-03-25,1.6667285902303173,2.1552031346807246
2020-03-26,1.734852226439914,2.2810444085607355
2020-03-27,1.6986807907047343,2.2131023095360813
2020-03-30,1.7372970610780996,2.2849746855390323
2020-03-31,1.71917009536325,2.2509154903575226
2020-04-01,1.6650110301538428,2.1496145535592275
2020-04-02,1.6919051497088868,2.1992169626670286
2020-04-03,1.6747866177611381,2.1674291575393303
2020-04-06,1.7535290638772698,2.3130073394642303
2020-04-07,1.754780220845507,2.315364981148053
2020-04-08,1.754780220845507,2.315364981148053
2020-04-09,1.7814832794405724,2.3505986394866274
2020-04-13,1.7733508061044,2.3291376681934586
2020-04-14,1.7995014298282177,2.397830678682114
2020-04-15,1.780383475033061,2.3468814348953377
2020-04-16,1.7846775376242057,2.358202204737069
2020-04-17,1.808784770795688,2.421910890722751
2020-04-20,1.7928511446290358,2.379241554531089
2020-04-21,1.765632919331069,2.307000495519007
2020-04-22,1.7852262014948619,2.358202204737069
2020-04-23,1.7851623869420348,2.3580336125227657
2020-04-24,1.7976041083808272,2.390902328069225
2020-04-27,1.8105632496347595,2.425374925065806
2020-04-28,1.8064002304367817,2.414221619731259
2020-04-29,1.8300446371654746,2.477422273659793
2020-04-30,1.8215253959558237,2.454356434172774
2020-05-01,1.7974141186194832,2.3893804873120184
2020-05-04,1.7998934367312402,2.39597221734986
2020-05-05,1.8082080217672303,2.418108544243972
2020-05-06,1.8020793141650164,2.4017167574144875
2020-05-07,1.8129520513100819,2.4306979845946755
2020-05-08,1.8129520513100819,2.4306979845946755
2020-05-11,1.8130635664303358,2.431196360669315
2020-05-12,1.7769261457826977,2.3827385088933335
2020-05-13,1.7454995680601773,2.340597580796856
2020-05-14,1.7663888482742938,2.3686087012969232
2020-05-15,1.7745085735408876,2.379496707036647
2020-05-18,1.828559482682635,2.4519753426616564
2020-05-19,1.8097779515245789,2.426790571953829
2020-05-20,1.8405230423331826,2.468017671911219
2020-05-21,1.8278161552263033,2.450978590512377
2020-05-22,1.831286878110195,2.455632596582789
2020-05-26,1.8538497826361195,2.485887934776782
2020-05-27,1.8814329396237988,2.522875094039073
2020-05-28,1.8779618030907939,2.5182205332930074
2020-05-29,1.8863295110007217,2.5294410670869847
2020-06-01,1.8939538914543177,2.5396648487316824
2020-06-02,1.9096359498075348,2.560693434768084
2020-06-03,1.935049517196738,2.594771320227942
2020-06-04,1.9299668037188973,2.5879557431359705
2020-06-05,1.9794315851431417,2.654284689790995
2020-06-08,2.0033576703214546,2.6863679616009875
2020-06-09,2.0033576703214546,2.6863679616009875
2020-06-10,1.9977685448132667,2.6713786784380327
2020-06-11,1.8825992060456866,2.517376395845142
2020-06-12,1.898380866093335,2.5475234532930275
2020-06-15,1.9107863498095998,2.5713055699988177
2020-06-16,1.936531536942334,2.6207980906952297
2020-06-17,1.9309007679725188,2.60991183180274
2020-06-18,1.9316441524907673,2.6109166312631458
2020-06-19,1.9206046029792287,2.595994968086125
2020-06-22,1.932926263386812,2.612649602968773
2020-06-23,1.9418245512631962,2.6246770189792534
2020-06-24,1.9071511210373273,2.557724850261865
2020-06-25,1.9214632457002792,2.585145313400897
2020-06-26,1.889516993136319,2.523744410222962
2020-06-29,1.9089566187757103,2.560836766721969
2020-06-30,1.9260735226732117,2.593639724857049
2020-07-01,1.9355179277598207,2.611807985623183
2020-07-02,1.9429791514131076,2.626191203705598
2020-07-06,1.9639751738902085,2.6667324589086605
2020-07-07,1.949795722427741,2.6392278899193555
2020-07-08,1.9602353204930454,2.6594149705134726
2020-07-09,1.9602353204930454,2.6594149705134726
2020-07-10,1.9802509321029125,2.686569780246151
2020-07-13,1.9631037780945257,2.663306553839163
2020-07-14,1.988543939651502,2.6978207500632605
2020-07-15,2.0068127500660133,2.722605706951806
2020-07-16,2.000202952112285,2.713638316431675
2020-07-17,2.0060022160831577,2.7215060705022522
2020-07-20,2.0222135171565725,2.743499642557314
2020-07-21,2.0265166178363208,2.7493375795885022
2020-07-22,2.038051554177571,2.7649868141825023
2020-07-23,2.0137340847205385,2.731995753546594
2020-07-24,2.00076450530102,2.714400165247096
2020-07-27,2.0153551526862503,2.7341950264457022
2020-07-28,2.00257324098676,2.7168540434677726
2020-07-29,2.027202040005824,2.75026747915701
2020-07-30,2.019969375789267,2.7404550575088935
2020-07-31,2.0359314889297977,2.7621105609084955
2020-08-03,2.0500854878008803,2.7813130291514003
2020-08-04,2.0580035741869422,2.7920553503680265
2020-08-05,2.070786521580252,2.8093977384525872
2020-08-06,2.0846283623342465,2.8281767075568567
2020-08-07,2.0846283623342465,2.8281767075568567
2020-08-10,2.090857935815253,2.83662825457374
2020-08-11,2.073599309842604,2.8132137962164596
2020-08-12,2.1025100284510283,2.85243643294367
2020-08-13,2.098709069591654,2.847279742424298
2020-08-14,2.0987715805961487,2.8473645499468625
2020-08-17,2.1054385241185347,2.856409468802086
2020-08-18,2.1099871311508687,2.8625804797568977
2020-08-19,2.1012010231781053,2.8506605297228185
2020-08-20,2.1077441866319893,2.8595375184505794
2020-08-21,2.1152208753516675,2.869681003624584
2020-08-24,2.1366549052404133,2.8987601551777895
2020-08-25,2.1441318009501726,2.9089039211714054
2020-08-26,2.165627306893007,2.9380664761491198
2020-08-27,2.170362825968581,2.9444910672127915
2020-08-28,2.184382264161981,2.963510979475335
2020-08-31,2.1764694473414097,2.9527758073806574
2020-09-01,2.1969685030337938,2.980586496750342
2020-09-02,2.2287447923250676,3.0236968001741804
2020-09-03,2.1520450317509057,2.919639654905305
2020-09-04,2.134474057745866,2.895801439754814
2020-09-08,2.134474057745866,2.895801439754814
2020-09-09,2.1766231772507614,2.952984369902755
2020-09-10,2.1388295270559747,2.9017104243373395
2020-09-11,2.1399182347801413,2.903187453952046
2020-09-14,2.168103975467814,2.941426526555306
2020-09-15,2.1790578733164745,2.956287476982868
2020-09-16,2.1704099248225965,2.944554965356119
2020-09-17,2.1513207244744903,2.9186570006321104
2020-09-18,2.1265536877721063,2.8850560204370335
2020-09-21,2.102885786213451,2.8529462165437462
2020-09-22,2.1243020035599467,2.8820012021506356
2020-09-23,2.075037127823488,2.815164457253563
2020-09-24,2.0805681290859606,2.8226682642738594
2020-09-25,2.1142052821602584,2.86830316714294
2020-09-28,2.1493207879632084,2.915943723791021
2020-09-29,2.1376148390791285,2.9000624796460284
2020-09-30,2.15382266675616,2.922051339408518
2020-10-01,2.1676498507056214,2.940810423897411
2020-10-02,2.1470693165555303,2.912889194212523
2020-10-05,2.185143230251632,2.9645433680818023
2020-10-06,2.1540799473735412,2.9224003872592186
2020-10-07,2.1540799473735412,2.9224003872592186
2020-10-08,2.159807309780681,2.9483010757596713
2020-10-09,2.1655934957210228,2.9746296871982953
2020-10-12,2.176045209997174,3.022484127762178
2020-10-13,2.1717849446096267,3.0027593774754977
2020-10-14,2.167691097989153,2.9838918919077937
2020-10-15,2.166887431104246,2.9802043199041193
2020-10-16,2.166494441449754,2.978402673528488
2020-10-19,2.1566131521910483,2.933121445964168
2020-10-20,2.159204826795256,2.944870881809658
2020-10-21,2.1579784912690574,2.9392956815667803
2020-10-22,2.161529754797138,2.9554191254818845
2020-10-23,2.163731362191211,2.9654531805838413
2020-10-26,2.1517356786221886,2.910651802719308
2020-10-27,2.1495102755418034,2.900617463848825
2020-10-28,2.1274700930727266,2.8014783887710464
2020-10-29,2.133956712979864,2.8299505876599023
2020-10-30,2.1272829460407725,2.8004491603249266
2020-11-02,2.1344358330423425,2.831837080824999
2020-11-03,2.145741632912607,2.881836527681746
2020-11-04,2.160128233835672,2.9462429026359582
2020-11-05,2.160128233835672,2.9462429026359582
2020-11-06,2.1598817129042076,2.9455704327952312
2020-11-09,2.17345140235233,2.9825821596706428
2020-11-10,2.171858168266302,2.978209435664922
2020-11-11,2.179924673760235,3.000332190387945
2020-11-12,2.1693513220213263,2.971226994264062
2020-11-13,2.1843681814945857,3.012362330696746
2020-11-16,2.198001266762343,3.049963860383623
2020-11-17,2.192090583590938,3.03356043938877
2020-11-18,2.1789002296387436,2.9970530648939038
2020-11-19,2.1834866569746967,3.009670224612511
2020-11-20,2.1760105887820367,2.989060527031124
2020-11-23,2.1825328196776828,3.006978953548774
2020-11-24,2.200117324709831,3.0554329663026816
2020-11-25,2.198420738530193,3.050720667294607
2020-11-27,2.2014821672633116,3.0592172791977665
2020-11-30,2.1966091711741482,3.0456740817473302
2020-12-01,2.208621665698684,3.078985554457748
2020-12-02,2.210944901390004,3.085463086797731
2020-12-03,2.2106437323021173,3.084622499496822
2020-12-04,2.220168654681778,3.111203706996652
2020-12-07,2.220168654681778,3.111203706996652
2020-12-08,2.2234168856520906,3.120307437215263
2020-12-09,2.2134461273904757,3.092321834192132
2020-12-10,2.2130842749435375,3.0913107734677916
2020-12-11,2.2117867843408177,3.087686016178543
2020-12-14,2.206835624497565,3.0738622361287566
2020-12-15,2.2217531405785365,3.115418923748915
2020-12-16,2.2234962560972593,3.1203074372152626
2020-12-17,2.2297132713359433,3.137756532380905
2020-12-18,2.225261746942762,3.125227746798184
2020-12-21,2.221283687292417,3.1140539220427303
2020-12-22,2.21941155406468,3.108804773675259
2020-12-23,2.2204090428062986,3.1115992060606836
2020-12-24,2.2247277949907303,3.123703485595833
2020-12-28,2.2342839807333377,3.150538850156295
2020-12-29,2.232152703035574,3.144528268470907
2020-12-30,2.233745214962957,3.149015146780552
2020-12-31,2.239419844917957,3.1650147295091187
2021-01-04,2.2241763223632223,3.121926807854028
2021-01-05,2.2318351313873643,3.143427118749612
2021-01-06,2.2385072103927994,3.1622216916902097
2021-01-07,2.2385072103927994,3.1622216916902097
2021-01-08,2.244884157346351,3.180238448473172
2021-01-11,2.2373180210024546,3.1588011572628383
2021-01-12,2.2375542370411905,3.1594681697210762
2021-01-13,2.240567206381733,3.1679769071364237
2021-01-14,2.236644040999567,3.156882843724107
2021-01-15,2.2284884410987384,3.133860607789151
2021-01-19,2.2372373293901577,3.1584672387886896
2021-01-20,2.2527176143889966,3.202176479979719
2021-01-21,2.2537442591184567,3.205095174790798
2021-01-22,2.2497558887546556,3.193751290890414
2021-01-25,2.2541925496749644,3.206347850021391
2021-01-26,2.252432925663539,3.2013420960393777
2021-01-27,2.224907709123633,3.1230999131909445
2021-01-28,2.234475080642085,3.1499593258634033
2021-01-29,2.2121083622880047,3.086898203652856
2021-02-01,2.2305192161676497,3.1382812486588505
2021-02-02,2.246289327044188,3.1826575023081185
2021-02-03,2.247172483419008,3.1851601044691056
2021-02-04,2.2599427783599304,3.221361539177174
2021-02-05,2.2643901543261564,3.2340402724840933
2021-02-08,2.2643901543261564,3.2340402724840933
2021-02-09,2.263636179437174,3.231886593136255
2021-02-10,2.2631432043340327,3.230478911423915
2021-02-11,2.2649706394171347,3.235695983402969
2021-02-12,2.270565035089202,3.251680087824149
2021-02-16,2.2695817058931254,3.248863632961817
2021-02-17,2.269842369628857,3.249609903456729
2021-02-18,2.2650121152669325,3.2357794783833866
2021-02-19,2.2630121672234655,3.230065256553609
2021-02-22,2.2543087793965113,3.205220042691018
2021-02-23,2.2556775676628678,3.2091123822193244
2021-02-24,2.2681058008145025,3.24447523502044
2021-02-25,2.240779858043328,3.1662969202673765
2021-02-26,2.2350068843419693,3.1499821102374823
2021-03-01,2.262095281440024,3.2263379969702473
2021-03-02,2.253269626126252,3.201162623217769
2021-03-03,2.238346404462537,3.1587605432767143
2021-03-04,2.224496669764494,3.119670976611063
2021-03-05,2.2449584519935475,3.1770628612718506
2021-03-08,2.2393696693451126,3.1612443825144405
2021-03-09,2.255356101739157,3.206379422337409
2021-03-10,2.255356101739157,3.206379422337409
2021-03-11,2.2667896933376714,3.2388890848218543
2021-03-12,2.2683162193530113,3.2432514202103677
2021-03-15,2.2750800221053926,3.262593267432128
2021-03-16,2.273645082342989,3.2584776980785217
2021-03-17,2.2775215920526755,3.2695889489360046
2021-03-18,2.2609526556446324,3.222016524977964
2021-03-19,2.2588609326552866,3.2160548202774937
2021-03-22,2.267879724608941,3.2417358428816923
2021-03-23,2.258954517116698,3.2162202348723214
2021-03-24,2.253212979840321,3.1998710359596068
2021-03-25,2.259550715143072,3.2178719402773956
2021-03-26,2.277757084810536,3.26972805989854
2021-03-29,2.2771818739739182,3.2680766256649334
2021-03-30,2.2741613013179034,3.2594067315242268
2021-03-31,2.2787702723793157,3.2726182053930866
2021-04-01,2.291074478458888,3.307959169163755
2021-04-05,2.3075164694047547,3.355438581308639
2021-04-06,2.3068350601165473,3.35345686022831
2021-04-07,2.3081701141008826,3.357338408605955
2021-04-08,2.3136479979604587,3.3732740710316005
2021-04-09,2.3136479979604587,3.3732740710316005
2021-04-12,2.3144920222405005,3.374504649417637
2021-04-13,2.3213514967492053,3.3845056899914465
2021-04-14,2.31342365109976,3.3729469757047497
2021-04-15,2.338275374541213,3.409180523063467
2021-04-16,2.346090769788876,3.420575285865347
2021-04-19,2.334564141987162,3.403769585635999
2021-04-20,2.3174722348591574,3.378849767586666
2021-04-21,2.3394002478542775,3.4108205763401536
2021-04-22,2.318034671515689,3.3796697942250096
2021-04-23,2.3431672439901647,3.4163128164743775
2021-04-26,2.3480587441438727,3.4234445714567667
2021-04-27,2.3475531789549082,3.4227074628107443
2021-04-28,2.3468782918965942,3.421723484687585
2021-04-29,2.3618338260383616,3.4435284937396635
2021-04-30,2.3463160398876837,3.420903727263502
2021-05-03,2.3513761233202537,3.428281274865986
2021-05-04,2.33687002149037,3.4071315333246517
2021-05-05,2.3376010414257644,3.4081973525830898
2021-05-06,2.3562676234739617,3.4354130298483763
2021-05-07,2.373416771364778,3.4604163043185516
2021-05-10,2.373416771364778,3.4604163043185516
2021-05-11,2.352234926529703,3.4295334007732587
2021-05-12,2.302261333809735,3.356672436310573
2021-05-13,2.329917144444868,3.3969943128497406
2021-05-14,2.3656938527225524,3.4491563714197397
2021-05-17,2.359674187224648,3.4403797634144313
2021-05-18,2.339344248703298,3.410738930176104
2021-05-19,2.333210821635478,3.401796459016844
2021-05-20,2.358311659306943,3.438393212262353
2021-05-21,2.3563806965284155,3.435577889154138
2021-05-24,2.3804021047463233,3.4706008457847775
2021-05-25,2.3751209569809824,3.4629009887461026
2021-05-26,2.3798338563798778,3.46977234573545
2021-05-27,2.3810835551995524,3.471594393267626
2021-05-28,2.385342713779426,3.477804200988837
2021-06-01,2.3832418546235337,3.4747411707769347
2021-06-02,2.3869896456219197,3.480205410025794
2021-06-03,2.378130603235558,3.4672890208419473
2021-06-04,2.399880509942701,3.4990001525297574
2021-06-07,2.397552127646978,3.4956053960099522
2021-06-08,2.3980631222397117,3.496350420668684
2021-06-09,2.3980631222397117,3.496350420668684
2021-06-10,2.409210108272646,3.5126026072537626
2021-06-11,2.4131915482589745,3.518407504231648
2021-06-14,2.418593957209791,3.526284158783664
2021-06-15,2.4141580985207023,3.5198167241903926
2021-06-16,2.400679251614789,3.5001647093570196
2021-06-17,2.399883038326722,3.4990038388866567
2021-06-18,2.367507246632294,3.4518002803729124
2021-06-21,2.4014003821578864,3.501216109987109
2021-06-22,2.4142385976825973,3.5199340911086967
2021-06-23,2.41132904792855,3.5156919986415813
2021-06-24,2.425593648834674,3.5364896344153296
2021-06-25,2.434209673979362,3.549051707056264
2021-06-28,2.439117134486975,3.556206732064189
2021-06-29,2.4404290280209606,3.5581194588255842
2021-06-30,2.442483157446754,3.561114357590081
2021-07-01,2.4560062695530602,3.5808309106128693
2021-07-02,2.474779570617272,3.608202183063735
2021-07-06,2.470270683686186,3.601628274073581
2021-07-07,2.4790017609972943,3.614358091544388
2021-07-08,2.458802634870661,3.5849079813804674
2021-07-09,2.458802634870661,3.5849079813804674
2021-07-12,2.4632063337730252,3.5977490733158617
2021-07-13,2.459007969398094,3.5854848457257886
2021-07-14,2.4608425248490593,3.5908347842781962
2021-07-15,2.4566399284216693,3.578570017814377
2021-07-16,2.4470053909938594,3.550500892684736
2021-07-19,2.4289368079207376,3.498067399430672
2021-07-20,2.446340634679157,3.548196129672181
2021-07-21,2.4562438226773606,3.5769234890828216
2021-07-22,2.4588157867514027,3.5844143730289355
2021-07-23,2.471463758072252,3.621290311792944
2021-07-26,2.4744975041826702,3.6301806508579735
2021-07-27,2.468858575203221,3.613635610227981
2021-07-28,2.468352628667605,3.612154515736513
2021-07-29,2.4734709445655674,3.627134667007501
2021-07-30,2.46746471679305,3.6095194231175287
2021-08-02,2.464876431218767,3.601946899798864
2021-08-03,2.4749030402099583,3.631250854117953
2021-08-04,2.468815766247248,3.6133879977415955
2021-08-05,2.4766333486856276,3.636271810248297
2021-08-06,2.478679681285266,3.6422807913923236
2021-08-09,2.478679681285266,3.6422807913923236
2021-08-10,2.480838005109058,3.6468115568549413
2021-08-11,2.485153300684498,3.6558736270928156
2021-08-12,2.4903670427043716,3.666830572280446
2021-08-13,2.49353942973835,3.6735034875368413
2021-08-16,2.497649267036962,3.6821529836074847
2021-08-17,2.4861886019300625,3.6580160465429103
2021-08-18,2.467140555557186,3.6179788246608564
2021-08-19,2.4698143975138387,3.6235803953640446
2021-08-20,2.4835716137280306,3.6524144758397217
2021-08-23,2.498863820410905,3.684541868932644
2021-08-24,2.5016407657415636,3.6903912537924892
2021-08-25,2.5053154105386253,3.6981352439457735
2021-08-26,2.4949629718435506,3.676304677372913
2021-08-27,2.5105779008712723,3.7091738949978956
2021-08-30,2.5183062855796328,3.725485405701013
2021-08-31,2.515694794699497,3.7199663498312705
2021-09-01,2.5166306114192505,3.7219432003018365
2021-09-02,2.522050616954547,3.7333944255211895
2021-09-03,2.521621914200129,3.732487840978556
2021-09-07,2.515310648871826,3.719142280122084
2021-09-08,2.515310648871826,3.719142280122084
2021-09-09,2.5077748423674886,3.7032244867713784
2021-09-10,2.4939337881632935,3.674025846500584
2021-09-13,2.498401621223037,3.683428624563358
2021-09-14,2.4889637627266783,3.6635509568092672
2021-09-15,2.5035167795636033,3.694152170716496
2021-09-16,2.5007382596045087,3.6882951096060403
2021-09-17,2.483686569961345,3.652367625689267
2021-09-20,2.4546969979654403,3.5914670414408416
2021-09-21,2.4530742258912195,3.588075216109844
2021-09-22,2.469824282637005,3.623075300519177
2021-09-23,2.490830232827263,3.667095863805684
2021-09-24,2.4937022315820894,3.6731362449352227
2021-09-27,2.4887083198239237,3.6626278770666354
2021-09-28,2.453601935594302,3.5888192955982015
2021-09-29,2.45649297304653,3.5948602166983417
2021-09-30,2.4354756856035324,3.550921728943207
2021-10-01,2.4644196801354257,3.593122051333305
2021-10-04,2.4326384312165112,3.546785014167951
2021-10-05,2.457949658709861,3.583688764931567
2021-10-06,2.468165218869682,3.5985830440078312
2021-10-07,2.468165218869682,3.5985830440078312
2021-10-08,2.466814800881673,3.592020015951173
2021-10-11,2.4614570656804453,3.5660146964921196
2021-10-12,2.4596395148751444,3.5572374929762387
2021-10-13,2.4622941766093542,3.570035116632052
2021-10-14,2.474719302541052,3.630084989803337
2021-10-15,2.4803734217875184,3.6577311331943343
2021-10-18,2.4825764584649312,3.6685603034740444
2021-10-19,2.4883221776236146,3.696862241095589
2021-10-20,2.4912542307180803,3.711382596044385
2021-10-21,2.493203597466454,3.72106292190062
2021-10-22,2.4924285527579007,3.717207119496112
2021-10-25,2.4964384514439746,3.7371416580780905
2021-10-26,2.4971125154237743,3.7405052133030177
2021-10-27,2.493793636471563,3.7239336946037356
2021-10-28,2.5010123539152245,3.7598655973443735
2021-10-29,2.5025348523368764,3.767495027121238
2021-11-01,2.503826258743015,3.773975612474626
2021-11-02,2.5068632309137557,3.7892342043572396
2021-11-03,2.511454803366018,3.8123687511131794
2021-11-04,2.5150054842820793,3.8303351039901705
2021-11-05,2.5150054842820793,3.8303351039901705
2021-11-08,2.5156496702383193,3.8336054057809026
2021-11-09,2.507334866366612,3.8209344534429466
2021-11-10,2.4871627761854977,3.790194150101387
2021-11-11,2.4879676153123156,3.791420646645741
2021-11-12,2.506743927503598,3.820033920095025
2021-11-15,2.507001500529938,3.8213423075569777
2021-11-16,2.5099782365789807,3.836466786474963
2021-11-17,2.5081491142993606,3.8271474933540164
2021-11-18,2.5107047160735405,3.840146009362366
2021-11-19,2.5093576368102735,3.833278108856169
2021-11-22,2.507238382597407,3.8224869131837336
2021-11-23,2.5082358309227413,3.827555880959368
2021-11-24,2.510244820096182,3.8377749071912546
2021-11-26,2.4934489208766624,3.752180492850537
2021-11-29,2.50262474965863,3.7982069229799986
2021-11-30,2.488016169993128,3.7243026371856773
2021-12-01,2.4797257402714914,3.6829362537351784
2021-12-02,2.4911196486492617,3.739344424949084
2021-12-03,2.4846169725515237,3.7068078563335614
2021-12-06,2.4934447709925798,3.750708590299048
2021-12-07,2.4934447709925798,3.750708590299048
2021-12-08,2.4954254239584324,3.7606397668783296
2021-12-09,2.490371013810123,3.735249552689662
2021-12-10,2.4974040387032854,3.7704117874739063
2021-12-13,2.486342469096968,3.7370117674649075
2021-12-14,2.477789545954032,3.7113014119297065
2021-12-15,2.4971473244909768,3.769290639411352
2021-12-16,2.4861368417529732,3.736051343425307
2021-12-17,2.4729069290475505,3.696288742826345
2021-12-20,2.4597591059991095,3.656984271027769
2021-12-21,2.481600585153267,3.721928797935246
2021-12-22,2.4940069170341768,3.7591430734158005
2021-12-23,2.501765775175363,3.782532469523602
2021-12-27,2.5194685649137196,3.836063761422253
2021-12-28,2.518439129600254,3.832928989624972
2021-12-29,2.5200501527913355,3.837832771034242
2021-12-30,2.5165666660933463,3.8272226334604347
2021-12-31,2.5133954859877203,3.8175771013642223
2022-01-03,2.520671710783184,3.8396807052883957
2022-01-04,2.5202495768892406,3.838394651764893
2022-01-05,2.4960525595589416,3.76468948957701
2022-01-06,2.4960525595589416,3.76468948957701
2022-01-07,2.4911185737865815,3.749806049476527
2022-01-10,2.489568804611881,3.7451404073928978
2022-01-11,2.500906398885367,3.7792514408839994
2022-01-12,2.504287368006526,3.789469762072203
2022-01-13,2.487034421774587,3.7372556920035316
2022-01-14,2.4875432506575246,3.7387849218544456
2022-01-18,2.46551640565355,3.6725720944351687
2022-01-19,2.4527159499496594,3.6344376116904065
2022-01-20,2.4391426520316273,3.5942117514810437
2022-01-21,2.4152016720752845,3.5236550323573077
2022-01-24,2.4203299360806154,3.5386187792597465
2022-01-25,2.405555042214481,3.4954158124932087
2022-01-26,2.402537479921084,3.486646414353964
2022-01-27,2.396605890114874,3.469430153211666
2022-01-28,2.426365974796254,3.5555941199961794
2022-01-31,2.4482168914199756,3.619634739977552
2022-02-01,2.4647590480718535,3.644091954165205
2022-02-02,2.4887017922187544,3.6794907739300062
2022-02-03,2.4594534772290384,3.593004795180649
2022-02-04,2.4652359006220976,3.6098998291151263
2022-02-07,2.4652359006220976,3.6098998291151263
2022-02-08,2.4855199438030877,3.639602205262716
2022-02-09,2.5218978141996424,3.692871131005261
2022-02-10,2.4765903984160946,3.6265264730950775
2022-02-11,2.4277555021634716,3.5550164469784233
2022-02-14,2.419818267875258,3.543393778051106
2022-02-15,2.458842062249125,3.6005371891973157
2022-02-16,2.46159820318973,3.604573067754818
2022-02-17,2.409014854897723,3.5275740998403413
2022-02-18,2.393416197551388,3.5047326385121376
2022-02-22,2.367730806310779,3.46712094811495
2022-02-23,2.3257306162842974,3.4056191345314555
2022-02-24,2.3607312226761348,3.4568713019207653
2022-02-25,2.4128179673823165,3.5331430821453513
2022-02-28,2.4066451005796514,3.5241040158188928
2022-03-01,2.3699914189530045,3.470431213549916
2022-03-02,2.413589486125362,3.5342728342222127
2022-03-03,2.4015740449807605,3.5166783561750226
2022-03-04,2.38206205818654,3.4881065193879714
2022-03-07,2.311840590690855,3.38527966072957
2022-03-08,2.2943130468796187,3.3596136879952674
2022-03-09,2.2943130468796187,3.3596136879952674
2022-03-10,2.289132931335866,3.344442970895561
2022-03-11,2.2745795476821007,3.301917732629753
2022-03-14,2.266268139405116,3.2777870431571707
2022-03-15,2.2911860902574848,3.3498665425118768
2022-03-16,2.3165888423772882,3.424147570819174
2022-03-17,2.331080120097699,3.466986656026448
2022-03-18,2.343845950687,3.5049595801868985
2022-03-21,2.343503192173654,3.5039344661134315
2022-03-22,2.357214341722204,3.544935450992515
2022-03-23,2.342035893070391,3.4992827330665177
2022-03-24,2.352627371296382,3.5520325321957316
2022-03-25,2.3560741551103,3.5693792206795063
2022-03-28,2.3611018114039575,3.5947683648261726
2022-03-29,2.369864478973112,3.639238789632285
2022-03-30,2.3654743629011317,3.6167667863568607
2022-03-31,2.3545519563622292,3.56109959078072
2022-04-01,2.356553901082132,3.571192274590546
2022-04-04,2.3626101865758047,3.601785195264227
2022-04-05,2.3536573748347926,3.556290167536019
2022-04-06,2.3465967690837766,3.5207291111171055
2022-04-07,2.3465967690837766,3.5207291111171055
2022-04-08,2.3447144201397827,3.5113151365025863
2022-04-11,2.332691491928745,3.4512988868335617
2022-04-12,2.3300984219761873,3.4385104269912015
2022-04-13,2.338104774162652,3.477893492266723
2022-04-14,2.329370786959233,3.434587937568485
2022-04-18,2.3296581996302397,3.4360005423492432
2022-04-19,2.3409401031206656,3.4914659414050466
2022-04-20,2.340419402454954,3.488877225533199
2022-04-21,2.3054217093310276,3.4367059547096073
2022-04-22,2.242163124409208,3.342406003161738
2022-04-25,2.255162326056317,3.3617839909399714
2022-04-26,2.1898507328300605,3.2644236076123683
2022-04-27,2.196008393051518,3.2736028685972496
2022-04-28,2.251477999229627,3.3562917428652987
2022-04-29,2.1682734193759816,3.2322581771689345
2022-05-02,2.181325332245864,3.2517147418827674
2022-05-03,2.191324088270478,3.2666199473947994
2022-05-04,2.2580570080603044,3.3660991107463945
2022-05-05,2.17779879791453,3.2464577160263133
2022-05-06,2.164799766853902,3.2270799825423695
2022-05-09,2.164799766853902,3.2270799825423695
2022-05-10,2.1673002771825067,3.2345350339989833
2022-05-11,2.150085403466678,3.183151187721713
2022-05-12,2.148963232142294,3.179828490885317
2022-05-13,2.1746516388604373,3.255850943336838
2022-05-16,2.170239798644731,3.2426402811126245
2022-05-17,2.1925610772790765,3.309342474364141
2022-05-18,2.148368247488025,3.1759375624504775
2022-05-19,2.1417893400550674,3.1564863354453814
2022-05-20,2.1422566355156394,3.1578636994170153
2022-05-23,2.1622977507295604,3.216948226621332
2022-05-24,2.154044513124725,3.192390796389716
2022-05-25,2.1635600243804425,3.220595627228268
2022-05-26,2.185175246191691,3.284946870607163
2022-05-27,2.2119972553891736,3.365589258745343
2022-05-31,2.2082738546517025,3.346705212517428
2022-06-01,2.2029153962233345,3.3196355313491854
2022-06-02,2.2155007476927233,3.3828529385843518
2022-06-03,2.204592771999075,3.327334898749652
2022-06-06,2.207949271502563,3.33746665467069
2022-06-07,2.218538605122364,3.369479661769552
2022-06-08,2.218538605122364,3.369479661769552
2022-06-09,2.1816040624748543,3.289343131494171
2022-06-10,2.1373242029969157,3.193966618573114
2022-06-13,2.09674911701654,3.072697725454009
2022-06-14,2.0948536486407354,3.063438627930551
2022-06-15,2.103813050604919,3.1071116518639834
2022-06-16,2.082924860310175,3.0042794167904825
2022-06-17,2.0842718306551857,3.010755366963005
2022-06-21,2.100012338209673,3.086546532813474
2022-06-22,2.0988702229297127,3.080951022899407
2022-06-23,2.1050423813678676,3.111151584525028
2022-06-24,2.1251207199928586,3.210067653200061
2022-06-27,2.122685602756235,3.1978065598270353
2022-06-28,2.10967378465617,3.1324659409719486
2022-06-29,2.1091583614924,3.1299149217615527
2022-06-30,2.104017833905567,3.104487063437422
2022-07-01,2.1106936364291737,3.1373209780532636
2022-07-05,2.111889560018103,3.143246354272309
2022-07-06,2.1140293174607043,3.1538621000130185
2022-07-07,2.1235279750333165,3.2010980518701837
2022-07-08,2.1230039578374873,3.198464964472801
2022-07-11,2.1230039578374873,3.198464964472801
2022-07-12,2.1042179944570294,3.1701624992444892
2022-07-13,2.093167291395465,3.1535137848392605
2022-07-14,2.088084099948614,3.1458555750227224
2022-07-15,2.127976765298877,3.2059568725220564
2022-07-18,2.1104064523689776,3.179485876029732
2022-07-19,2.1674284296862183,3.2653937689382
2022-07-20,2.1812412289526693,3.286203788793293
2022-07-21,2.2034533757138797,3.3196680566950008
2022-07-22,2.1830091559831577,3.2888673036896674
2022-07-25,2.1856619381604374,3.292863919344143
2022-07-26,2.1598031967001687,3.2539057825584363
2022-07-27,2.21588575101997,3.338398364142101
2022-07-28,2.2436775496731474,3.3802687968201526
2022-07-29,2.2763879445896835,3.4295494643047206
2022-08-01,2.2696468534451877,3.419393504035127
2022-08-02,2.2546729715788265,3.396834226010749
2022-08-03,2.2899806891904473,3.450027955273176
2022-08-04,2.288433530130883,3.44769704391137
2022-08-05,2.2845652758293538,3.441869228182889
2022-08-08,2.281913385283621,3.4378739558383273
2022-08-09,2.281913385283621,3.4378739558383273
2022-08-10,2.329842556551847,3.5100828532884245
2022-08-11,2.329842556551847,3.5100828532884245
2022-08-12,2.369284645267267,3.5695053232353957
2022-08-15,2.3790479054514213,3.5842144082197955
2022-08-16,2.3837077083710456,3.5912347514107466
2022-08-17,2.366787970594267,3.565743895264526
2022-08-18,2.373666582350212,3.576107040667237
2022-08-19,2.3417693030571574,3.5280513929590906
2022-08-22,2.293008324651552,3.4545893155625857
2022-08-23,2.2874608549675863,3.4462316357004568
2022-08-24,2.294783121068436,3.4572631797056643
2022-08-25,2.327179735296091,3.5060711130079847
2022-08-26,2.2484070980819073,3.387394216830489
2022-08-29,2.2335402015959582,3.364996120319549
2022-08-30,2.209021048030715,3.32805617334138
2022-08-31,2.192212313358796,3.30273255171233
2022-09-01,2.199090925114741,3.313095697115041
2022-09-02,2.1759027345842106,3.2781609459443612
2022-09-06,2.1676928017190202,3.265792065267976
2022-09-07,2.2066355554998403,3.324462249620773
2022-09-08,2.2066355554998403,3.324462249620773
2022-09-09,2.240916092030228,3.376108453411867
2022-09-12,2.265000853516008,3.4123939560863046
2022-09-13,2.166512903903768,3.2640144605631844
2022-09-14,2.1747799840982585,3.2764694379846584
2022-09-15,2.15008902579894,3.2392706542668583
2022-09-16,2.133686136903031,3.2145584697906955
2022-09-19,2.1502331042669467,3.2394877193035736
2022-09-20,2.125551217574873,3.2023026026436407
2022-09-21,2.088473602143989,3.146442389343484
2022-09-22,2.0709307146043106,3.120012711262006
2022-09-23,2.036232528391356,3.067737286845966
2022-09-26,2.0160887576921827,3.0373891828794957
2022-09-27,2.010942310389921,3.0296356733643477
2022-09-28,2.050509993072191,3.089247360058295
2022-09-29,2.0076774211550337,3.02471687243978
2022-09-30,1.9766315351687178,2.977943912713697
2022-10-03,2.028817289904622,3.0565656729563773
2022-10-04,2.091683528111452,3.151278383976268
2022-10-05,2.0868133201435293,3.143941049772254
2022-10-06,2.065286218276842,3.111508853471795
2022-10-07,2.065286218276842,3.111508853471795
2022-10-10,2.057401577555106,3.0877512462258663
2022-10-11,2.0508868162295917,3.0681965198941925
2022-10-12,2.0475045789004707,3.0580766354417257
2022-10-13,2.0745224367639383,3.13878236936133
2022-10-14,2.050884734545017,3.067254000554967
2022-10-17,2.0772353730999167,3.146072766098729
2022-10-18,2.0894386860712606,3.1830377736202693
2022-10-19,2.0820352210888298,3.160480989492699
2022-10-20,2.0733061393790653,3.133979903901062
2022-10-21,2.0984981092217536,3.2101395464421416
2022-10-24,2.111337350908436,3.249420742173151
2022-10-25,2.1281949133259506,3.3013094779627035
2022-10-26,2.1201778885367184,3.276437056967775
2022-10-27,2.1145170650173837,3.258941042079605
2022-10-28,2.1396698947748267,3.336473250806706
2022-10-31,2.1319421819284283,3.3123729844386194
2022-11-01,2.127277632663784,3.297878476004235
2022-11-02,2.100584444630315,3.2151145819832383
2022-11-03,2.089769633454205,3.182008693569573
2022-11-04,2.104808918957101,3.22780813141114
2022-11-07,2.104808918957101,3.22780813141114
2022-11-08,2.110487101684703,3.2452235691876696
2022-11-09,2.0887468341688304,3.1783650430335544
2022-11-10,2.146139252219276,3.35302867606239
2022-11-11,2.1565252963815698,3.3854820258354867
2022-11-14,2.147352754886148,3.3566824801811084
2022-11-15,2.156510231853362,3.385311910002143
2022-11-16,2.1482843317693177,3.3594857051331117
2022-11-17,2.144997685540132,3.349206394465063
2022-11-18,2.1498674104124382,3.3644136031176055
2022-11-21,2.14595858944472,3.3521794621912875
2022-11-22,2.1603977295113626,3.397289921471518
2022-11-23,2.1672048035900264,3.418698575856085
2022-11-25,2.166962291179092,3.4179334641947254
2022-11-28,2.1496734277396574,3.363394273413162
2022-11-29,2.147827154329019,3.357616888498443
2022-11-30,2.1816560913989083,3.463383882082519
2022-12-01,2.1808533417012024,3.4608351482327233
2022-12-02,2.179595604493072,3.4568432969202996
2022-12-05,2.159990640209653,3.3946562662346134
2022-12-06,2.144422811862526,3.3457232522979337
2022-12-07,2.144422811862526,3.3457232522979337
2022-12-08,2.1528223665965047,3.3719331820067233
2022-12-09,2.1447812337212526,3.346743771878238
2022-12-12,2.154057779951358,3.394994572211658
2022-12-13,2.158949691769305,3.4206949259413255
2022-12-14,2.1548086706161422,3.398824461025226
2022-12-15,2.1389954810347374,3.315682886726753
2022-12-16,2.1314194912283333,3.2765374405366585
2022-12-19,2.125997403656263,3.2487536513625592
2022-12-20,2.126870275069492,3.2531997906758385
2022-12-21,2.1364108516311444,3.3018430985401452
2022-12-22,2.1272671039769544,3.254737271394383
2022-12-23,2.13093826329054,3.273460290904275
2022-12-27,2.1284172918464406,3.2605515798153233
2022-12-28,2.120481762307987,3.220029758785215
2022-12-29,2.1319324931892583,3.2779909492607904
2022-12-30,2.130247817315434,3.2693566041545283
2023-01-03,2.127557468737308,3.255593402803215
2023-01-04,2.1324849761529383,3.2807270139517
2023-01-05,2.1251833293886997,3.2432828896027988
2023-01-06,2.1398036632936788,3.317657459455302
2023-01-09,2.1398036632936788,3.317657459455302
2023-01-10,2.1473067515320885,3.3409237778471446
2023-01-11,2.160886268888723,3.383179624522146
2023-01-12,2.1663933013183354,3.395496845718236
2023-01-13,2.1722766730739815,3.408670136502856
2023-01-17,2.1694910069037427,3.4024255905305147
2023-01-18,2.1455143932789857,3.348707497529808
2023-01-19,2.1345812374499604,3.324329766542372
2023-01-20,2.162416979375555,3.3862590666609362
2023-01-23,2.180578961015124,3.426888983212711
2023-01-24,2.178940836975045,3.4232112776082793
2023-01-25,2.1795123775304046,3.424494013593394
2023-01-26,2.1962799100347983,3.4621304233806747
2023-01-27,2.1998124317490118,3.470085466452859
2023-01-30,2.18049195638157,3.426546883792742
2023-01-31,2.202934430458611,3.4769288232499136
2023-02-01,2.219322877643925,3.5138804868381848
2023-02-02,2.241937662712992,3.565032286830053
2023-02-03,2.225257041864496,3.5271397129971005
2023-02-06,2.215737047808728,3.505583070666494
2023-02-07,2.2360224271088636,3.551431782289776
2023-02-08,2.2360224271088636,3.551431782289776
2023-02-09,2.2263301361255636,3.520643620396607
2023-02-10,2.2289279555812067,3.528859829075675
2023-02-13,2.2420105542537585,3.5702848170838224
2023-02-14,2.241494744885336,3.568642018076392
2023-02-15,2.245134049686962,3.5802301568050723
2023-02-16,2.229677958606568,3.53093567178306
2023-02-17,2.2268926606681836,3.522114032039775
2023-02-21,2.2045558675657344,3.4514570724058973
2023-02-22,2.20303687156057,3.4467007860426304
2023-02-23,2.2088962351359633,3.4650349985124502
2023-02-24,2.197098088117041,3.4280201386128466
2023-02-27,2.200839663159057,3.439695716197237
2023-02-28,2.196772477273276,3.426982493964394
2023-03-01,2.192559217991156,3.4138370581473167
2023-03-02,2.2010852201036455,3.440387202590965
2023-03-03,2.218735378581777,3.4955630574804073
2023-03-06,2.219504123569197,3.4979853351477557
2023-03-07,2.2024928608526326,3.4443651171152734
2023-03-08,2.204290380600408,3.44998721417321
2023-03-09,2.1839560098159767,3.386335601089967
2023-03-10,2.1839560098159767,3.386335601089967
2023-03-13,2.180843437244295,3.381509397969076
2023-03-14,2.2168931477496137,3.437406319676503
2023-03-15,2.2030274426989047,3.41590683413907
2023-03-16,2.2416805603267163,3.4758404718716385
2023-03-17,2.2154688606147186,3.43519788955731
2023-03-20,2.2367719663857204,3.4682294456701124
2023-03-21,2.266142049074324,3.513769262483435
2023-03-22,2.22751228932096,3.4538718423310066
2023-03-23,2.233533732070889,3.4632083975832013
2023-03-24,2.248190526683301,3.485934507985973
2023-03-27,2.2523942198086164,3.4924525493853102
2023-03-28,2.2473382358691705,3.4846129874455407
2023-03-29,2.280003227405179,3.535261729109989
2023-03-30,2.2933534295989024,3.5559619010764405
2023-03-31,2.3256771064579116,3.606081416860558
2023-04-03,2.3345395185882762,3.619823040580861
2023-04-04,2.3215869434665373,3.599739409746084
2023-04-05,2.3155086451152402,3.5903146969732394
2023-04-06,2.324540899774531,3.6043196702297498
2023-04-10,2.326926843275232,3.6080191977762293
2023-04-11,2.326926843275232,3.6080191977762293
2023-04-12,2.322184387108374,3.593312355621663
2023-04-13,2.3376069401296236,3.6410415976526913
2023-04-14,2.334751914674673,3.632147658928112
2023-04-17,2.3389405991659,3.645180238940724
2023-04-18,2.339703321755327,3.6475576069780007
2023-04-19,2.33950563663501,3.6469412315104845
2023-04-20,2.333122370442456,3.627040106841415
2023-04-21,2.3340285523035647,3.629857582680634
2023-04-24,2.335245981560639,3.633644249999512
2023-04-25,2.316711302623441,3.5759643052934504
2023-04-26,2.3118049603539026,3.5608179166989338
2023-04-27,2.3348168586678106,3.6317072704451734
2023-04-28,2.3447808131305643,3.662704276253513
2023-05-01,2.343596864354444,3.6590054620864256
2023-05-02,2.3304267094916926,3.617880924575487
2023-05-03,2.3224288283123817,3.5930482348042974
2023-05-04,2.3142040160133024,3.5675988888845964
2023-05-05,2.3356249274850756,3.633644249999511
2023-05-08,2.3359362343292087,3.634612880117179
2023-05-09,2.3308144714792376,3.618674409751564
2023-05-10,2.3308144714792376,3.618674409751564
2023-05-11,2.3295949645253136,3.6123633131217843
2023-05-12,2.328679296831366,3.607630409712971
2023-05-15,2.331089507215986,3.6200768756692936
2023-05-16,2.3264159902207195,3.5958843385884705
2023-05-17,2.3348880556886598,3.6395345537115356
2023-05-18,2.341635982063006,3.674595922279076
2023-05-19,2.340613774970006,3.6692489511238144
2023-05-22,2.3408989525916746,3.6707391410053214
2023-05-23,2.333017427136575,3.6295426824869197
2023-05-24,2.327946790835801,3.6032475640322272
2023-05-25,2.3339947239664474,3.6344513131989715
2023-05-26,2.343062777314221,3.68151996915258
2023-05-30,2.3433304991618042,3.682922155694628
2023-05-31,2.3394322088628865,3.6624995140508245
2023-06-01,2.346100390105386,3.6972974313513487
2023-06-02,2.356278534468467,3.750764349147155
2023-06-05,2.3549239507616373,3.7435768510066345
2023-06-06,2.3564624074518306,3.751729033373034
2023-06-07,2.3540178868159867,3.7387559442583616
2023-06-08,2.358289513131832,3.761370567493899
2023-06-09,2.358289513131832,3.761370567493899
2023-06-12,2.3647076294402654,3.795492634422589
2023-06-13,2.369384903326455,3.8205169522469062
2023-06-14,2.370231153481712,3.8250654084861346
2023-06-15,2.3790468622135403,3.872487875379109
2023-06-16,2.376615902065531,3.859297910035961
2023-06-20,2.372916610602703,3.8392741053217345
2023-06-21,2.369269225197916,3.819603077869472
2023-06-22,2.371835029466953,3.833391230743776
2023-06-23,2.366455654888585,3.804410508954656
2023-06-26,2.3635549637699627,3.7888662782791003
2023-06-27,2.37132882882043,3.830405591718811
2023-06-28,2.3716875531396275,3.8323370820874736
2023-06-29,2.374491874619514,3.8474418052809307
2023-06-30,2.3828981384521817,3.8928446572085784
2023-07-03,2.383720496926785,3.8973228368707193
2023-07-05,2.3826569677796856,3.8915266925128953
2023-07-06,2.3770597298939244,3.861053987837211
2023-07-07,2.3752592541891815,3.8513056226441735
2023-07-10,2.377062920029293,3.8610539878372117
2023-07-11,2.3816043937932037,3.8856429813090196
2023-07-12,2.3816043937932037,3.8856429813090196
2023-07-13,2.3910557828813537,3.9164833037149576
2023-07-14,2.3903110294433447,3.9140435326094662
2023-07-17,2.3944609512427797,3.9276342112950737
2023-07-18,2.4033570606013686,3.956818787010189
2023-07-19,2.4060294183134254,3.9656181746451105
2023-07-20,2.39804792785101,3.9393079862512392
2023-07-21,2.39804792785101,3.9393079862512392
2023-07-24,2.4034042894835914,3.956905931572865
2023-07-25,2.4066848450736558,3.967707984252875
2023-07-26,2.4068700197525805,3.96831854949041
2023-07-27,2.398891173943014,3.9420083610965393
2023-07-28,2.4106341834137006,3.980602059735894
2023-07-31,2.412929113450363,3.988181146843961
2023-08-01,2.409476850131668,3.9767690822252257
2023-08-02,2.392717926684642,3.921448883890995
2023-08-03,2.389289243370482,3.9102102784493935
2023-08-04,2.3838862765184725,3.892525741863904
2023-08-07,2.3942901386746973,3.926501608629706
2023-08-08,2.389084228625737,3.9094268073335354
2023-08-09,2.381098292602297,3.8832909080650144
2023-08-10,2.381098292602297,3.8832909080650144
2023-08-11,2.380681656991128,3.88102596267426
2023-08-14,2.384624161602069,3.9024497464997747
2023-08-15,2.376290726775866,3.8569907161717136
2023-08-16,2.3710593897708514,3.8286871952905455
2023-08-17,2.3656392401195556,3.7995130946669975
2023-08-18,2.3659808888795095,3.8013421970863446
2023-08-21,2.370598977866668,3.8260746264130794
2023-08-22,2.368672651819656,3.8157111876373606
2023-08-23,2.3765871285834073,3.858209472501024
2023-08-24,2.3667060362785777,3.80473878552215
2023-08-25,2.37171146775672,3.8315613805709017
2023-08-28,2.3762233989427326,3.855858520026445
2023-08-29,2.3865276410834166,3.9115935992958564
2023-08-30,2.3894765638713475,3.927704855532068
2023-08-31,2.388427533283223,3.921957038071575
2023-09-01,2.3897640144380956,3.9292723415485273
2023-09-05,2.3866655338294898,3.9122905055699353
2023-09-06,2.381852309857277,3.8859905902267426
2023-09-07,2.379658503046864,3.8740599419846746
2023-09-08,2.380733742674235,3.879894872729428
2023-09-11,2.380733742674235,3.879894872729428
2023-09-12,2.3768158693560744,3.8586116070892866
2023-09-13,2.377647289783354,3.863110803615801
2023-09-14,2.383797554870791,3.896419858897006
2023-09-15,2.375181364451815,3.8494747434054952
2023-09-18,2.375599249640367,3.8517323092248876
2023-09-19,2.374121263853172,3.8437444220844457
2023-09-20,2.367573467569165,3.8084077611385068
2023-09-21,2.3558337878669215,3.7454607707511873
2023-09-22,2.3542447048025608,3.737039338659668
2023-09-25,2.3572146823416,3.752754106791297
2023-09-26,2.3468255358974313,3.697621365769337
2023-09-27,2.347106507163678,3.6990970121142253
2023-09-28,2.3511887357621624,3.720542651053534
2023-09-29,2.348335668700424,3.71151321200591
2023-10-02,2.34786866196663,3.7100370161743905
2023-10-03,2.332154275483594,3.6603741398108554
2023-10-04,2.3406456261699957,3.6870289120026505
2023-10-05,2.3402046153799207,3.6856395350586726
2023-10-06,2.3540970238994063,3.7293984523260755
2023-10-09,2.36163279111428,3.753275020116545
2023-10-10,2.36163279111428,3.753275020116545
2023-10-11,2.3645350341775524,3.768649858000843
2023-10-12,2.3602104102422516,3.745674243846822
2023-10-13,2.35668371357229,3.7270179172396536
2023-10-16,2.364122374278965,3.766231242832705
2023-10-17,2.364089793571287,3.766058230808585
2023-10-18,2.354639385929026,3.7158757242297815
2023-10-19,2.3484326768755963,3.6832261960446706
2023-10-20,2.3340038289267158,3.637966469191639
2023-10-23,2.331981033920088,3.6316606865558456
2023-10-24,2.3372556429415323,3.659041684287679
2023-10-25,2.3204834369974825,3.6065269318924305
2023-10-26,2.3065897840054412,3.563339522838566
2023-10-27,2.301362045849384,3.54718736078903
2023-10-30,2.3096165542638105,3.589597445677657
2023-10-31,2.31396797778369,3.612140666431746
2023-11-01,2.326306856670727,3.650663037211252
2023-11-02,2.348597981912088,3.720625765252166
2023-11-03,2.3593116795952533,3.7545708337126733
2023-11-06,2.3620253348868094,3.7632077688819794
2023-11-07,2.3653865775745535,3.773918115133387
2023-11-08,2.3653865775745535,3.773918115133387
2023-11-09,2.3598523736330956,3.7444858118959092
2023-11-10,2.370899938452485,3.8029180683432586
2023-11-13,2.3702219716003436,3.799293210752362
2023-11-14,2.384017117676802,3.873001925882022
2023-11-15,2.3855312962907282,3.881201554769447
2023-11-16,2.386406621653254,3.8859486652115343
2023-11-17,2.3872970989843263,3.8907820817867376
2023-11-20,2.392809969522359,3.920731402460892
2023-11-21,2.3912455004206206,3.9121865490410017
2023-11-22,2.394015277632651,3.9272914879397764
2023-11-24,2.3944571090023516,3.9297075134256922
2023-11-27,2.393163488648648,3.922630683630807
2023-11-28,2.3938743762088124,3.926514732741727
2023-11-29,2.3933691418178773,3.9237523902406473
2023-11-30,2.396196230253572,3.939201734309866
2023-12-01,2.400448995163265,3.9625060289753917
2023-12-04,2.396668753099327,3.941705431532271
2023-12-05,2.3965270663387885,3.940928676334222
2023-12-06,2.393629859923892,3.92504780159942
2023-12-07,2.3991091492694134,3.954997395394248
2023-12-08,2.3991091492694134,3.954997395394248
2023-12-11,2.401908595109574,3.97038060685249
2023-12-12,2.40519958242812,3.9885140643503534
2023-12-13,2.4151500494572353,4.043516537578812
2023-12-14,2.4174754031719106,4.056493793661544
2023-12-15,2.416281319601909,4.049814935509952
2023-12-18,2.420358809479499,4.072595229167115
2023-12-19,2.4247741888424037,4.097360225246622
2023-12-20,2.41469389940782,4.0405816364357685
2023-12-21,2.421562690968828,4.078894171001359
2023-12-22,2.423022689935276,4.087091606616141
2023-12-26,2.426092059119909,4.104349380118397
2023-12-27,2.427408033563992,4.1117703940538455
2023-12-28,2.4276831489783093,4.11332378131562
2023-12-29,2.4255746809877707,4.1014155667815615
2024-01-02,2.421502366935446,4.078462583889239
2024-01-03,2.415569717872514,4.045155317627735
2024-01-04,2.4132354508477416,4.032125302944024
2024-01-05,2.414227022816459,4.037647823098933
2024-01-08,2.424566679827643,4.095289314182477
2024-01-09,2.423463227685431,4.089076580990037
2024-01-10,2.423463227685431,4.089076580990037
2024-01-11,2.422929206482014,4.08727448754649
2024-01-12,2.4237684875037493,4.090106078249878
2024-01-16,2.4193193779926254,4.075090345560831
2024-01-17,2.41259524859284,4.052438160778099
2024-01-18,2.4233226180714715,4.088475702894065
2024-01-19,2.4384273695771865,4.139443253866305
2024-01-22,2.4410051291360344,4.14819519747479
2024-01-23,2.4445647061638542,4.160293345205491
2024-01-24,2.445900883969903,4.164841305519651
2024-01-25,2.4525523977635384,4.187493490302383
2024-01-26,2.4509945500972967,4.182173745071073
2024-01-29,2.460699730016203,4.215293972650877
2024-01-30,2.459747989942105,4.212033221939249
2024-01-31,2.439679962762329,4.143304882673904
2024-02-01,2.4556453629724864,4.197532913935586
2024-02-02,2.4685711553088368,4.241722062408435
2024-02-05,2.4640768150851255,4.226276899288963
2024-02-06,2.4676537094306537,4.238546765107396
2024-02-07,2.4779444078865027,4.273898246138986
2024-02-08,2.478491515680296,4.275785522570936
2024-02-09,2.478491515680296,4.275785522570936
2024-02-12,2.4777296978928267,4.273908015658889
2024-02-13,2.453841604219374,4.215043347781328
2024-02-14,2.4694516956589707,4.2533490057735
2024-02-15,2.4813784655492386,4.28269543630996
2024-02-16,2.472728537566481,4.261368000997873
2024-02-20,2.4631990357397937,4.237907096210333
2024-02-21,2.464760934910002,4.241745996924955
2024-02-22,2.5004676206564076,4.329531208048603
2024-02-23,2.5016747018010688,4.332516989841282
2024-02-26,2.4952610521285044,4.31664919298774
2024-02-27,2.4985058468514953,4.324668188212114
2024-02-28,2.4961942720431463,4.318952318321923
2024-02-29,2.502475823801624,4.334478652512096
2024-03-01,2.518921764836957,4.375172398201934
2024-03-04,2.5170308264885826,4.370480378565369
2024-03-05,2.4994216922354777,4.326800582214613
2024-03-06,2.5082872800276967,4.348725442753475
2024-03-07,2.525716339784533,4.391893313977418
2024-03-08,2.5151044835965086,4.365532396365397
2024-03-11,2.513590668312955,4.3617787268824975
2024-03-12,2.513590668312955,4.3617787268824975
2024-03-13,2.5124086380882367,4.354941556516741
2024-03-14,2.5074421510612037,4.346332781488653
2024-03-15,2.4902243412634406,4.316487893096
2024-03-18,2.505024359042203,4.342141845834742
2024-03-19,2.518944886750455,4.366271314141076
2024-03-20,2.542243777255607,4.406656984267902
2024-03-21,2.5506448947604086,4.421219255384227
2024-03-22,2.5458094641842943,4.412837650083111
2024-03-25,2.53877569208662,4.400645498717743
2024-03-26,2.534086817611943,4.39251792982091
2024-03-27,2.555382877038708,4.429431946426999
2024-03-28,2.5548944078545457,4.428585247081623
2024-04-01,2.5504492308553477,4.420880096834006
2024-04-02,2.5342333737133798,4.392771966225193
2024-04-03,2.537017018869371,4.397597061866342
2024-04-04,2.506049944828491,4.343919568651313
2024-04-05,2.5322303891731073,4.389300046697751
2024-04-08,2.533646995845744,4.391755554601354
2024-04-09,2.536577964412605,4.396836016680317
2024-04-10,2.5111784876074803,4.352809246760998
2024-04-11,2.5111784876074803,4.352809246760998
2024-04-12,2.4765167548956595,4.292727531581717
2024-04-15,2.445490414530659,4.238947307714556
2024-04-16,2.4410302505415555,4.231216179421745
2024-04-17,2.426583724091449,4.206174959044171
2024-04-18,2.421590619017147,4.197520045008898
2024-04-19,2.4004539227395854,4.160882264199216
2024-04-22,2.4225599351263796,4.199200231480757
2024-04-23,2.4513076819976476,4.249030802673655
2024-04-24,2.4501443198916895,4.247014262090365
2024-04-25,2.4408365091696287,4.230880353338746
2024-04-26,2.4639607299458355,4.270963255655544
2024-04-29,2.4726867073025183,4.286088630101302
2024-04-30,2.433516375258612,4.21819183010846
2024-05-01,2.4256141033574186,4.204494244543881
2024-05-02,2.4483019491095908,4.243820746131282
2024-05-03,2.4786495854232498,4.296424522651082
2024-05-06,2.504246293377516,4.340793167739359
2024-05-07,2.5070093926134662,4.345582649635336
2024-05-08,2.5072517216407744,4.346002696253301
2024-05-09,2.521697638841284,4.37104286057401
2024-05-10,2.521697638841284,4.37104286057401
2024-05-13,2.522036554246526,4.371630327421583
2024-05-14,2.5336077468165255,4.3916875213897955
2024-05-15,2.5649817604301663,4.446070392714714
2024-05-16,2.5597042330201707,4.436922468652911
2024-05-17,2.563383929453208,4.443300755476425
2024-05-20,2.5663377262839946,4.448420787454061
2024-05-21,2.572631695676858,4.459330584709527
2024-05-22,2.5652236255532976,4.446489635213655
2024-05-23,2.5464865322157277,4.414011261597567
2024-05-24,2.563335252195723,4.443216379627581
2024-05-28,2.5651265752711856,4.446321410865022
2024-05-29,2.5471639066769223,4.4151854042691285
2024-05-30,2.5302675742544487,4.385897756111963
2024-05-31,2.553313213345196,4.425844447048813
2024-06-03,2.5553950788012747,4.429453096634038
2024-06-04,2.5582518253499495,4.434404904263042
2024-06-05,2.5886571615396305,4.487108696195975
2024-06-06,2.588608180049286,4.487023792998076
2024-06-07,2.5854614995857137,4.481569421719398
2024-06-10,2.5934500460047873,4.4954165532127295
2024-06-11,2.5934500460047873,4.4954165532127295
2024-06-12,2.6041000815327346,4.5323375234688505
2024-06-13,2.6067217837595926,4.541463470249788
2024-06-14,2.607514736183633,4.544226453618294
2024-06-17,2.617891527098554,4.58039460034046
2024-06-18,2.621217030786234,4.59203153714765
2024-06-20,2.6176565538413485,4.579556551500775
2024-06-21,2.6159019315105074,4.573417172995354
2024-06-24,2.6116502474257866,4.5585506179666755
2024-06-25,2.6166787881151996,4.576104926618679
2024-06-26,2.618311643911402,4.581816074266909
2024-06-27,2.620375492251685,4.589039181968659
2024-06-28,2.615219932000116,4.570981412714284
2024-07-01,2.617911235625894,4.580389339519121
2024-07-02,2.6267199880108816,4.611213543922687
2024-07-03,2.632581202868404,4.631792298763864
2024-07-05,2.6401712821469956,4.6585004365499145
2024-07-08,2.6416945469886417,4.663875943796564
2024-07-09,2.6429791448242557,4.668411823957124
2024-07-10,2.6560556626653535,4.714607096156009
2024-07-11,2.6446043772814307,4.673954099240295
2024-07-12,2.6446043772814307,4.673954099240295
2024-07-15,2.651878114850057,4.686809373858205
2024-07-16,2.667603763909059,4.714602174367026
2024-07-17,2.6302006612518793,4.648497623345848
2024-07-18,2.60998771658832,4.612774179650622
2024-07-19,2.592655870091431,4.5821426584758695
2024-07-22,2.6193861901047066,4.629384616431216
2024-07-23,2.615277519310554,4.622123137600686
2024-07-24,2.5560082422512607,4.51737329945852
2024-07-25,2.5426910019471896,4.493837011594637
2024-07-26,2.571168616300355,4.544167058495409
2024-07-29,2.5726795659343744,4.546837442503065
2024-07-30,2.559645406836207,4.523801459552128
2024-07-31,2.601251540689508,4.597334257708153
2024-08-01,2.564415487846035,4.5322318848668255
2024-08-02,2.5166697160515223,4.447848168452594
2024-08-05,2.4433747561718153,4.318309973202547
2024-08-06,2.465902044988971,4.358123684023049
2024-08-07,2.449420181611376,4.328994384548766
2024-08-08,2.506043669907653,4.429068175361941
2024-08-09,2.5170947815613283,4.448599409998993
2024-08-12,2.5170947815613283,4.448599409998993
2024-08-13,2.537792467699871,4.521759717682878
2024-08-14,2.54179552620856,4.536024768070172
2024-08-15,2.563579141854677,4.613773760142952
2024-08-16,2.5664529288627485,4.624117894149665
2024-08-19,2.578722136700095,4.668330092916043
2024-08-20,2.5766258349802142,4.660740110060988
2024-08-21,2.5810529422645545,4.6767560920569355
2024-08-22,2.5709243073872647,4.6400507970272065
2024-08-23,2.5845828838797296,4.689353289953981
2024-08-26,2.5815021473306725,4.6781741846817875
2024-08-27,2.583274516026357,4.684597924818098
2024-08-28,2.5757759989067597,4.6574017925296
2024-08-29,2.5758912996314303,4.657818755652162
2024-08-30,2.5881864590171086,4.702283849345005
2024-09-03,2.5615550094479964,4.6055144417490474
2024-09-04,2.5589335031572764,4.596087835616042
2024-09-05,2.5558217357257367,4.584909775364206
2024-09-06,2.534314274466685,4.507744949671156
2024-09-09,2.548501519174825,4.558214207826854
2024-09-10,2.5540519550988137,4.578069072105334
2024-09-11,2.5540519550988137,4.578069072105334
2024-09-12,2.5605059816631477,4.616631299139307
2024-09-13,2.573878881422848,4.640742841167724
2024-09-16,2.5776802857347287,4.647596831063702
2024-09-17,2.578733617807867,4.6494960048410965
2024-09-18,2.5710854860720267,4.635706306787477
2024-09-19,2.6149594059855095,4.714811652894481
2024-09-20,2.610438568983153,4.706660514895642
2024-09-23,2.616962228571199,4.718422772533307
2024-09-24,2.6244502951390625,4.731923870650165
2024-09-25,2.6186615584190394,4.7214866901415
2024-09-26,2.6290442802020535,4.740206895716878
2024-09-27,2.625230827974304,4.733331183245015
2024-09-30,2.6357509533692554,4.752299129626323
2024-10-01,2.612139046251552,4.709726501320587
2024-10-02,2.6132408568433063,4.711713082605709
2024-10-03,2.608463284490879,4.70309904685884
2024-10-04,2.6321675589635793,4.74583821491303
2024-10-07,2.6083714908461606,4.702933541518762
2024-10-08,2.633040459153819,4.747412067256334
2024-10-09,2.6512784220835686,4.780295392308882
2024-10-10,2.6512784220835686,4.780295392308882
2024-10-11,2.662391794024172,4.808920505083687
2024-10-14,2.6776340729693544,4.848250826643321
2024-10-15,2.6630706589678126,4.8105805326195785
2024-10-16,2.671173268295827,4.831489936884865
2024-10-17,2.671333477913672,4.831903907546906
2024-10-18,2.678526283801687,4.8504901022394895
2024-10-21,2.6754474252191254,4.8425251823552005
2024-10-22,2.674452759544935,4.839953279518695
2024-10-23,2.657346351900448,4.795728363660818
2024-10-24,2.6613694145065216,4.806100427094344
2024-10-25,2.6607257476035753,4.804439881447486
2024-10-28,2.6664835985743176,4.819292568517214
2024-10-29,2.6695044430089903,4.827092211003267
2024-10-30,2.6638513788218443,4.812489253419276
2024-10-31,2.6272975538223045,4.718149536239099
2024-11-01,2.6350593578038177,4.738062095005304
2024-11-04,2.631086632699646,4.727857381413881
2024-11-05,2.6533566548543592,4.785025227319856
2024-11-06,2.699540407359396,4.904006820166246
2024-11-07,2.7141518647859146,4.941925807453793
2024-11-08,2.7141518647859146,4.941925807453793
2024-11-11,2.714927719477654,4.9466347263782025
2024-11-12,2.712397679106001,4.931268834717108
2024-11-13,2.7127930036077257,4.933664564283822
2024-11-14,2.7075597979239947,4.901939719071899
2024-11-15,2.6971558152264103,4.839152929701721
2024-11-18,2.70047117307137,4.858980635536481
2024-11-19,2.707381325626764,4.876742772640595
2024-11-20,2.7080236519334764,4.878395640326158
2024-11-21,2.7181996002225755,4.90458358514197
2024-11-22,2.724097175416332,4.919785428137644
2024-11-25,2.730565137869936,4.93647299489562
2024-11-26,2.7405454767752553,4.962248754542655
2024-11-27,2.7347327345491887,4.947213023717628
2024-11-29,2.746624528364457,4.977945322916123
2024-12-02,2.7490862307328463,4.986868435387148
2024-12-03,2.74972353656092,4.9891805929922315
2024-12-04,2.758260915610615,5.0201615445703895
2024-12-05,2.7559914005812898,5.011900301400418
2024-12-06,2.7586037633734706,5.021401711210867
2024-12-09,2.7515006023841075,4.9955423796022025
2024-12-10,2.7515006023841075,4.9955423796022025
2024-12-11,2.757881799193413,5.034160747903783
2024-12-12,2.7536187323068986,5.008221802064921
2024-12-13,2.753454761396026,5.007227712988483
2024-12-16,2.7569819491249583,5.028608649152558
2024-12-17,2.7535742063624804,5.007890094049306
2024-12-18,2.728954461488368,4.858638046549
2024-12-19,2.728702898496714,4.857145101736131
2024-12-20,2.7385353279644633,4.915484831153303
2024-12-23,2.7434550254878207,4.94491990702882
2024-12-24,2.752603221270415,4.999883562976611
2024-12-26,2.752658177115105,5.000216305962634
2024-12-27,2.743965387923178,4.947581333431798
2024-12-30,2.73457141007643,4.89112111027471
2024-12-31,2.7315868405347357,4.87332686405795
2025-01-02,2.7295733330517264,4.861352773927966
2025-01-03,2.7398121673417055,4.922137103447738
2025-01-06,2.7445469868474204,4.9504911527325834
2025-01-07,2.7352395102196048,4.894529785311929
2025-01-08,2.7364384025825466,4.901680913342796
2025-01-10,2.723904879258952,4.826844790599913
2025-01-13,2.723904879258952,4.826844790599913
2025-01-14,2.7257788463295873,4.833486247327369
2025-01-15,2.7505697793249215,4.921407271333198
2025-01-16,2.74792489628797,4.9119426529783246
2025-01-17,2.7617193453435642,4.961258078434122
2025-01-21,2.774359054108692,5.00667098929038
2025-01-22,2.782157318150533,5.034816836012916
2025-01-23,2.7897497731686944,5.062296677000141
2025-01-24,2.7856774758072156,5.047517446547973
2025-01-27,2.7659753945592813,4.976118944965561
2025-01-28,2.777858675444586,5.018876099825311
2025-01-29,2.7716321323685085,4.99637657635761
2025-01-30,2.7790699039688667,5.023192478345708
2025-01-31,2.7687170336605407,4.996459762489019
2025-02-03,2.7556741545907517,4.962834998142557
2025-02-04,2.7686144130710586,4.9961275346474325
2025-02-05,2.7764722784980744,5.016384649355436
2025-02-06,2.7832274290986416,5.0338201524881585
2025-02-07,2.765393724833443,4.987742269264681
2025-02-10,2.7785401714157714,5.021615558637276
2025-02-11,2.780019278145006,5.025434370421361
2025-02-12,2.780019278145006,5.025434370421361
2025-02-13,2.8093699583061826,5.078491526548581
2025-02-14,2.8092311722026624,5.078240643232681
2025-02-18,2.8174786224287898,5.093149539786225
2025-02-19,2.8241142613163093,5.105144768739204
2025-02-20,2.8123647559614806,5.083905215290853
2025-02-21,2.764261607180664,4.9969492653415015
2025-02-24,2.751683399678783,4.974211668953169
2025-02-25,2.737998631074662,4.949473744639096
2025-02-26,2.739380757146908,4.951972210718927
2025-02-27,2.6956548188417826,4.872928933945636
2025-02-28,2.7377222058602126,4.94897405142313
2025-03-03,2.6897572696866203,4.862267948081762
2025-03-04,2.6579190493435485,4.804714071364804
2025-03-05,2.686485760068725,4.856354047769565
2025-03-06,2.6387975358577296,4.770148155998121
2025-03-07,2.653587718571499,4.796884334822098
2025-03-10,2.5829083146205445,4.669117341014404
2025-03-11,2.5614363265674647,4.630302478250134
2025-03-12,2.575029049016152,4.654874010943537
2025-03-13,2.5407030017430374,4.592822895282885
2025-03-14,2.5407030017430374,4.592822895282885
2025-03-17,2.5544173907715515,4.628239279691769
2025-03-18,2.5350910914944897,4.578215718955475
2025-03-19,2.5544175511304066,4.628076255437506
2025-03-20,2.549246840961945,4.614693030676365
2025-03-21,2.549835611311873,4.616215606110257
2025-03-24,2.5818002429052656,4.698885154660412
2025-03-25,2.586144618314001,4.710180551666808
2025-03-26,2.564532645923447,4.653948864811806
2025-03-27,2.5597652518604286,4.641589493311081
2025-03-28,2.5236808773277257,4.54811615983592
2025-03-31,2.535539410427232,4.578646387390411
2025-04-01,2.5405522991166687,4.591578121304077
2025-04-02,2.55180667183637,4.620635544069281
2025-04-03,2.4637784318336586,4.392927734916123
2025-04-04,2.362812281749643,4.135751895179782
2025-04-07,2.359866248085475,4.128385331914742
2025-04-08,2.333993013401011,4.06372386909595
2025-04-09,2.5055730840068784,4.490493434250621
2025-04-10,2.428718959625836,4.2937246829469125
2025-04-11,2.459053435309262,4.370336433039611
2025-04-14,2.459053435309262,4.370336433039611
2025-04-15,2.4569870397628293,4.358094807038359
2025-04-16,2.4406030408647306,4.261224101358637
2025-04-17,2.441647657097983,4.267303669666515
2025-04-21,2.4242122277109934,4.165729811553368
2025-04-22,2.443134139097548,4.2741135708264695
2025-04-23,2.4544912237608765,4.340341984714661
2025-04-24,2.469990710934064,4.431702500040052
2025-04-25,2.475344484617607,4.463721962182121
2025-04-28,2.4756277364052193,4.465424563218124
2025-04-29,2.4803061249208387,4.493553443672311
2025-04-30,2.4806015531817396,4.495337528125694
2025-05-01,2.4858755684512888,4.527196035369235
2025-05-02,2.4969457507567516,4.594398226393527
2025-05-05,2.4926502564372566,4.568052424424607
2025-05-06,2.486399818386451,4.5298704016051055
2025-05-07,2.4895368096181127,4.548920922798194
2025-05-08,2.49474079984469,4.580616966191031
2025-05-09,2.4937872416129463,4.574780842167178
2025-05-12,2.5185111676541836,4.725965275371478
2025-05-13,2.5235007433588463,4.757174933180323
2025-05-14,2.5235007433588463,4.757174933180323
2025-05-15,2.529663607023873,4.780410765879029
2025-05-16,2.5376751975838783,4.810690439159322
2025-05-19,2.5390630785347565,4.815952472399382
2025-05-20,2.5347948456036904,4.7997609826243375
2025-05-21,2.513438112277554,4.718880894428728
2025-05-22,2.5139339095751274,4.720742574160247
2025-05-23,2.5053541344192665,4.688519841732217
2025-05-27,2.5313982645698125,4.785997814441889
2025-05-28,2.5240756402971334,4.758308719244555
2025-05-29,2.529057308228057,4.777091289444633
2025-05-30,2.5276430034180155,4.771748379130431
2025-06-02,2.5347619930857666,4.798627196560107
2025-06-03,2.5419894743461007,4.8259922811187925
2025-06-04,2.5416480105301265,4.824695736222125
2025-06-05,2.53550652560864,4.801379528791351
2025-06-06,2.5485250866800184,4.850684905836227
2025-06-09,2.54967343724251,4.855056286576561
2025-06-10,2.556901543996362,4.882583627625609
2025-06-11,2.5532553248466012,4.8686582029527985
2025-06-12,2.558328948488611,4.888007415013955
2025-06-13,2.558328948488611,4.888007415013955
2025-06-16,2.5753670233709354,4.934512233499119
2025-06-17,2.5533603045758673,4.892346428731106
2025-06-18,2.553168077212898,4.891609797202026
2025-06-20,2.551369170910462,4.880121393478847
2025-06-23,2.563969676421823,4.928324528654849
2025-06-24,2.578132018174268,4.982768710958261
2025-06-25,2.57885447594441,4.9855613064860895
2025-06-26,2.5889426644319165,5.024567216005224
2025-06-27,2.595374018088654,5.0495308964931205
2025-06-30,2.6015786241327854,5.073674121864145
2025-07-01,2.601157536587436,5.072031687565169
2025-07-02,2.6070534561879857,5.095024751707341
2025-07-03,2.617326978270047,5.135180314433584
2025-07-07,2.6075748479695102,5.096913068530507
2025-07-08,2.6068607635470764,5.0941214890461675
2025-07-09,2.6146770284403327,5.124669344546232
2025-07-10,2.618364014650102,5.139122055146777
2025-07-11,2.6137616653752596,5.121055785879788
2025-07-14,2.616255404238335,5.130827584129339
2025-07-15,2.6106656042200416,5.108902889715204
2025-07-16,2.6106656042200416,5.108902889715204
2025-07-17,2.615458606173791,5.14016820061566
2025-07-18,2.614117569161478,5.1364031379935
2025-07-21,2.6165960388331326,5.1461428830983795
2025-07-22,2.616783202727487,5.146879085499217
2025-07-23,2.6279144104146153,5.190666419491207
2025-07-24,2.628349423941763,5.192384900198525
2025-07-25,2.6339008875671355,5.214319073516436
2025-07-28,2.6335703162255095,5.213010212989502
2025-07-29,2.630096898998485,5.199259329356819
2025-07-30,2.6284410084718943,5.192712495077027
2025-07-31,2.623511212221086,5.173234017525317
2025-08-01,2.602010755725652,5.088441627527992
2025-08-04,2.6296957795660827,5.165784904924829
2025-08-05,2.6203630442546038,5.139594529831516
2025-08-06,2.634413002695092,5.1789626241023905
2025-08-07,2.6328682768773204,5.1746243970251085
2025-08-08,2.647239210707696,5.214973756944416
2025-08-11,2.6435750234343676,5.204661860042464
2025-08-12,2.6632755706143736,5.260070964121389
2025-08-13,2.6696571669574407,5.278076530542402
2025-08-14,2.6696571669574407,5.278076530542402
2025-08-15,2.665282099981879,5.265719706704776
2025-08-18,2.6651079724838596,5.264572978061673
2025-08-19,2.6607704986863765,5.236012600041919
2025-08-20,2.658649515767727,5.2220999717361885
2025-08-21,2.655449735893519,5.201150024163732
2025-08-22,2.667683583742994,5.281023597841079
2025-08-25,2.664161272329899,5.257780699264377
2025-08-26,2.6675077755822,5.279795357802152
2025-08-27,2.6693311129282304,5.291825123492562
2025-08-28,2.672167073313596,5.310565656584444
2025-08-29,2.6673862190455444,5.278894682192404
2025-09-02,2.6614564275446173,5.239776806426675
2025-09-03,2.6657836151170584,5.268174161654783
2025-09-04,2.672467331097223,5.3122024661664105
2025-09-05,2.6701453006830156,5.2968170636342835
2025-09-08,2.6721131128951314,5.309829016330265
2025-09-09,2.6739664141642914,5.322104835054029
2025-09-10,2.6762855005800246,5.337490743868117
2025-09-11,2.682957602864785,5.381846106526961
2025-09-12,2.682688275731245,5.380045261589426
2025-09-15,2.682688275731245,5.380045261589426
2025-09-16,2.6789946416370696,5.3726377969256465
2025-09-17,2.6756663782415835,5.3659630714749875
2025-09-18,2.6881680828699435,5.391034838983743
2025-09-19,2.7014823920213,5.417736258790547
2025-09-22,2.7142630841728512,5.443367526825609
2025-09-23,2.6994880455683834,5.413736660968822
2025-09-24,2.6908991974534135,5.396512001651719
2025-09-25,2.6784848804560806,5.371615487233112
2025-09-26,2.693830198687163,5.402390030583368
2025-09-29,2.701401031123447,5.417573092120406
2025-09-30,2.711576667860424,5.4379800051060405
2025-10-01,2.7208166542720966,5.456510501385084
2025-10-02,2.7239503044088305,5.462794936189579
2025-10-03,2.7239098750737862,5.462713856455343
2025-10-06,2.733678456207618,5.482304432489451
2025-10-07,2.7235434999195673,5.461979102838886
2025-10-08,2.7397840391409094,5.494548983161498
2025-10-09,2.7318468315504063,5.478631168008003
2025-10-10,2.658011063407582,5.330555904054968
2025-10-13,2.698795724594989,5.412348233470143
2025-10-14,2.698795724594989,5.412348233470143
2025-10-15,2.704786584672341,5.436377188800943
2025-10-16,2.6955763132507906,5.399353558365532
2025-10-17,2.7001665776187807,5.430001871711749
2025-10-20,2.7142081355388394,5.48647667324411
2025-10-21,2.7141876814204084,5.486393981690596
2025-10-22,2.7071324540363175,5.45787144632983
2025-10-23,2.7151589751873924,5.490236113628247
2025-10-24,2.726253865022322,5.53510535731167
2025-10-27,2.7423356542752346,5.600406977964833
2025-10-28,2.745977406090626,5.615281373261513
2025-10-29,2.7466368613583847,5.617978428869714
2025-10-30,2.737574504608081,5.556191199240884
2025-10-31,2.742064525189784,5.57441712353882
2025-11-03,2.7446375368468963,5.584878613491888
2025-11-04,2.7283706873899467,5.518677974302657
2025-11-05,2.733098138237682,5.537802412919869
2025-11-06,2.7184359830696754,5.478385506419504
2025-11-07,2.719774167040948,5.483779113419117
2025-11-10,2.7409944021411587,5.569350249018942
2025-11-11,2.744131686490143,5.5820993705469615
2025-11-12,2.744131686490143,5.5820993705469615
2025-11-13,2.721363576990871,5.489469814662207
2025-11-14,2.721140984970258,5.4885718000136166
2025-11-17,2.7084651936831827,5.437437374428638
2025-11-18,2.69709307821266,5.391776705921654
2025-11-19,2.702302831977144,5.4126064127032585
2025-11-20,2.6817080849751704,5.330105474339273
2025-11-21,2.6950647239047525,5.383200212484866
2025-11-24,2.7148981964066343,5.462432115481059
2025-11-25,2.7276662886173386,5.513811454152017
2025-11-26,2.7370816942244667,5.551876793375304
2025-11-28,2.74455170075174,5.582181008242286
2025-12-01,2.7382866678466087,5.556695937081514
2025-12-02,2.74082266526195,5.566988333929328
2025-12-03,2.7455680546196755,5.58626541269056
2025-12-04,2.746571643417855,5.5903493132024416
2025-12-05,2.749180219269474,5.600968260831561
2025-12-08,2.7450506738845126,5.584141824739293
2025-12-09,2.7438658057269345,5.57932116922391
2025-12-10,2.752964954364371,5.616325218407954
2025-12-11,2.756168003986691,5.629394304769645
2025-12-12,2.756168003986691,5.629394304769645
2025-12-15,2.7520038475461583,5.620889134360366
2025-12-16,2.744484622080826,5.605531331443565
2025-12-17,2.7142855091116935,5.543850507084663
2025-12-18,2.734781808352624,5.585713611963921
2025-12-19,2.759568465708675,5.636339650562656
2025-12-22,2.776760326240895,5.671453533906663
2025-12-23,2.7894510768496423,5.697374028991431
2025-12-24,2.799263631164442,5.717415890479945
2025-12-26,2.7989798021018326,5.716836177738824
2025-12-29,2.7890051310113773,5.696463197373571
2025-12-30,2.785599431670488,5.689507153893774
2025-12-31,2.7649609684878294,5.647353683230301
2026-01-02,2.7700292377156726,5.657705478144468
2026-01-05,2.78847787737486,5.695386296903686
2026-01-06,2.8050616752931594,5.729258229753094
2026-01-07,2.7960197991887843,5.71079045646323
2026-01-08,2.7957359701261746,5.710210743722109
2026-01-09,2.814225263684488,5.74797459690734
2026-01-12,2.818644816399285,5.757001406900896
2026-01-13,2.813008889046223,5.745490186504486
2026-01-14,2.813008889046223,5.745490186504486
2026-01-15,2.8206692716462554,5.761136298830949
2026-01-16,2.8183057141447567,5.756308800246433
2026-01-20,2.760933927449575,5.639128567107831
2026-01-21,2.7927983419483065,5.704210722203063
2026-01-22,2.8073857275885215,5.734005040084166
2026-01-23,2.807894907552922,5.736085011107378
2026-01-26,2.815024389984856,5.765213820169831
2026-01-27,2.8206322039804297,5.7881836010806085
2026-01-28,2.8204902567607704,5.7876010248993595
2026-01-29,2.8176918347942737,5.776116390408902
2026-01-30,2.813489903909949,5.758888926743354
2026-02-02,2.8204833803841516,5.787518604191819
2026-02-03,2.796634765779308,5.738582204966898
2026-02-04,2.7830883175847543,5.710785437401466
2026-02-05,2.7483295455892875,5.639461833447017
2026-02-06,2.7746925783702854,5.747653602094959
2026-02-09,2.7813821597076975,5.775367948952851
2026-02-10,2.77771459623773,5.760137011743253
2026-02-11,2.7773936674897293,5.758805994105953
2026-02-12,2.7559399406858254,5.66983923943923
2026-02-13,2.7559399406858254,5.66983923943923
2026-02-17,2.7581633223462196,5.678987636613093
2026-02-18,2.765110716224996,5.707596648722421
2026-02-19,2.7614643094015485,5.692543204935691
2026-02-20,2.7714496601951284,5.73371124800282
2026-02-23,2.757299491660033,5.675162119973483
2026-02-24,2.767320202070058,5.71641201415887
2026-02-25,2.7789959679122256,5.764648924426604
2026-02-26,2.7712780246343343,5.732629278533338
2026-02-27,2.764624314587364,5.705101724324001
2026-03-02,2.7654102830549268,5.708345586454485
2026-03-03,2.7532226211708704,5.658030169352473
2026-03-04,2.7629350760221576,5.69794947129667
2026-03-05,2.7552326893221104,5.666180494453071
2026-03-06,2.73717603255313,5.591912882301153
2026-03-09,2.7491649075271996,5.640898218731465
2026-03-10,2.7469558074420384,5.631832695814839
2026-03-11,2.7452318689962842,5.624763828614232
2026-03-12,2.7243887928708377,5.539352186711409
2026-03-13,2.716678563797296,5.507998604292973
2026-03-16,2.730502210493226,5.56405280792389
2026-03-17,2.730502210493226,5.56405280792389
2026-03-18,2.703831741346845,5.486413558907306
2026-03-19,2.6991676616980933,5.47289355561852
2026-03-20,2.672081401832593,5.394435391767666
2026-03-23,2.6917211247701385,5.451076746024392
2026-03-24,2.6853961889348508,5.432778463967416
2026-03-25,2.6958716633152373,5.463053821924496
2026-03-26,2.6621703027719255,5.365490706637861
2026-03-27,2.6303937214797704,5.273998786125673
2026-03-30,2.6242376501618527,5.256365840482335
2026-03-31,2.6776342728205775,5.409156980374027
2026-04-01,2.691756563934783,5.449912407300525
2026-04-02,2.693453215932476,5.454819773578415
2026-04-06,2.7023653773087237,5.480604110743439
2026-04-07,2.7031976604444714,5.483015445015566
2026-04-08,2.751392223374201,5.622665680510597
2026-04-09,2.762503181812491,5.655102871584688
2026-04-10,2.7612236092340177,5.651360864485286
2026-04-13,2.7801123095249913,5.706588378863032
2026-04-14,2.803824935953673,5.776122156815926
2026-04-15,2.8193125074135805,5.821701782968611
2026-04-16,2.8193125074135805,5.821701782968611
2026-04-17,2.8431638821457796,5.892061180587492
2026-04-20,2.839183896612402,5.880278372403886
2026-04-21,2.826172443997771,5.841780909657304
2026-04-22,2.8462062630141176,5.9009387503645305
2026-04-23,2.838474537733755,5.878038875384108
2026-04-24,2.853871929980073,5.923589735789801
2026-04-27,2.8573135247833807,5.933794716527654
2026-04-28,2.8475809811433286,5.9049209832469725
2026-04-29,2.8472729191401482,5.9040083882114125
2026-04-30,2.867103547563515,5.962751412993385
2026-05-01,2.8726609695128937,5.979262613748296
2026-05-04,2.865294413480959,5.957358296988484
2026-05-05,2.8813846749426526,6.005149672367145
2026-05-06,2.909419375426438,6.088617762200659
2026-05-07,2.903174998433063,6.069949518634426
2026-05-08,2.9199531386575326,6.120063354217916
2026-05-11,2.924608403783665,6.134002187259654
2026-05-12,2.92150706603703,6.124709801557361
2026-05-13,2.9329488472631775,6.158976650842945
2026-05-14,2.9491562482116147,6.207597149095521
2026-05-15,2.9491562482116147,6.207597149095521
2026-05-18,2.9470814771467655,6.203230021055088
2026-05-19,2.927451553386699,6.161911539254118
2026-05-20,2.957454842965037,6.225064630909713
2026-05-21,2.9633198587756984,6.237409739938012
2026-05-22,2.974970345676474,6.261932526519661
2026-05-26,2.9947199536468396,6.303502928293707
2026-05-27,2.9942013220688737,6.3024112750770405
2026-05-28,3.0107189668551735,6.337178807230477
2026-05-29,3.018219911626251,6.35296733773126
2026-06-01,3.026438961659127,6.370267388070504
2026-06-02,3.029315714834179,6.3789176708270094
2026-06-03,3.0144356739233813,6.334155767553555
2026-06-04,3.022408988910427,6.358090225690923
2026-06-05,2.9678044594105155,6.193991925028067
2026-06-08,2.972508298030581,6.208016500543544
2026-06-09,2.966400197635515,6.189792743636352
2026-06-10,2.9336634271403335,6.092207497950986
2026-06-11,2.9685675683812063,6.195755880013373
2026-06-12,2.9798058085733827,6.229263812301427
2026-06-15,3.0165879551009085,6.339110708864501
2026-06-16,3.0165879551009085,6.339110708864501
2026-06-17,2.9977525383859627,6.259948560383638
2026-06-18,3.013336324690598,6.325033119161495
2026-06-22,3.0085949480620484,6.305128693651292
2026-06-23,2.986749521754113,6.213565537681804
2026-06-24,2.9860573420031993,6.210685547769805
2026-06-25,2.988215719236341,6.21966394352929
2026-06-26,2.9774113290594433,6.174687487791854
2026-06-29,3.001937476135744,6.276414307998196
2026-06-30,3.0136252423619525,6.3252875865084075
2026-07-01,3.011587272795633,6.316732611975863
2026-07-02,3.0096085835480775,6.3084321047902305
2026-07-06,3.022741600822923,6.363488266087942
2026-07-07,3.0155597325169867,6.333249667670551
2026-07-08,3.010901583598607,6.313683668183838
2026-07-09,3.023645611085338,6.367130621513807
2026-07-10,3.030161746044253,6.394573706959214
2026-07-13,3.018562073842804,6.3456159515089885
2026-07-14,3.0239209843194335,6.368146936111149
2026-07-15,3.02991383767792,6.39338792021841
2026-07-16,3.0217048666274313,6.358744600861289
2026-07-17,3.0217048666274313,6.358744600861289
2026-07-20,3.0202414366821637,6.348479339280006
2026-07-21,3.0378764117832104,6.40143408167622
2026-07-22,3.0354037726328302,6.393990707055555
2026-07-23,3.0091642925649507,6.315029693120771
2026-07-24,3.011304338078573,6.321445547039581
2026-07-27,3.011760946912147,6.322814876716633
2026-07-28,3.0168096722838036,6.337956543218178
2026-07-29,2.9843149772418376,6.2404315854773555
2026-07-30,3.0193389592479547,6.345057061975515
2026-07-31,3.0345561511387493,6.390740642848828
2026-08-03,3.064810959484428,6.481763901843992
2026-08-04,3.1034896905733818,6.598623313056228
2026-08-05,3.099152272830508,6.585448749355278
2026-08-06,3.0956859809439736,6.574926476737514
2026-08-07,3.1089377757250274,6.615134309234822
2026-08-10,3.1082904632001105,6.613166682990161
2026-08-11,3.1013383364590044,6.5920362929277845
2026-08-12,3.1067756841674368,6.608546765662313
2026-08-13,3.1219499860851427,6.654658000337671
2026-08-14,3.117623508259755,6.6414834366367215
2026-08-17,3.117623508259755,6.6414834366367215
2026-08-18,3.102880199745819,6.596615268377371
2026-08-19,3.107436622052641,6.610453547203797
2026-08-20,3.0891652690096385,6.554926874889401
2026-08-21,3.0980122089285045,6.581744588314388
2026-08-24,3.0916398912555967,6.5624045523124055
2026-08-25,3.0985563776667973,6.583377601987086
2026-08-26,3.0990379099848497,6.584839162372409
2026-08-27,3.1132531697329493,6.627988590315373
2026-08-28,3.1083073286099454,6.612946456965015
2026-08-31,3.1018026247650625,6.593176735883936
2026-09-01,3.086885157175927,6.547878882545489
2026-09-02,3.0964725332055325,6.576931273939977
2026-09-03,3.119163151240991,6.645781339288344
2026-09-04,3.1107477657715945,6.620166954456958
2026-09-08,3.098788417436562,6.583807812996511
2026-09-09,3.088706812347454,6.553208134573012
2026-09-10,3.0757466202072052,6.513926398272246
2026-09-11,3.0940996341932645,6.569453070586642
2026-09-14,3.0844362739024165,6.540142447400433
2026-09-15,3.0745329920453157,6.510144433273735
