date,log_return_5d,log_return_21d,realized_vol_21d,sma50_dist,sma200_dist,ema_ratio,high_vol_flag
2010-10-18,0.013876563391390496,0.05019058996269656,0.12735319254491095,0.05999315811971723,0.06244583775049272,1.015402394917144,0.0
2010-10-19,-0.00239563667991018,0.02182483276237322,0.12936633482291807,0.04528894511690007,0.04828762418348252,1.01432447239943,0.0
2010-10-20,-0.000423968695230351,0.03355973073541078,0.13222930056325108,0.05434768407395458,0.058247736708819546,1.0140960432878503,0.0
2010-10-21,0.0056876654790727135,0.04068774727725705,0.1300869572832129,0.054896977012760265,0.060295216809921635,1.0139310285114902,0.0
2010-10-22,0.005507332827752245,0.05069330896524824,0.1248271951493582,0.05492153045137912,0.06199516953019651,1.0137898731686708,0.0
2010-10-25,0.0035446674423029526,0.03323363407527732,0.10639905169588498,0.05597685014892478,0.06486143554687832,1.013757080502168,0.0
2010-10-26,0.016904333539713795,0.03820380811778319,0.10400753823381292,0.05408487710466457,0.06477301665799552,1.0135847268046891,0.0
2010-10-27,0.004317059971823273,0.03184088174054355,0.10504668571795808,0.049318925965094705,0.06142212765469048,1.013061599173585,0.0
2010-10-28,0.0022831407343905418,0.03375573670369985,0.10450555904434732,0.04778869263625424,0.06134513722919126,1.012515098630886,0.0
2010-10-29,0.0011821394839513894,0.037490565225669535,0.10323525863624862,0.04651357163762581,0.06190540964341846,1.012004090556021,0.0
2010-11-01,-0.0014331864055507847,0.033631411866364924,0.10296458799226181,0.04473139013047494,0.06195516151257623,1.0114929184289068,0.0
2010-11-02,0.0062970845172398635,0.04906212668225229,0.09953588271100956,0.05062317597480533,0.07008731047738602,1.011595360987793,0.0
2010-11-03,0.01317535770382549,0.033139437912541744,0.07674177071056547,0.05207210953301675,0.07401798882017895,1.0118639303177832,0.0
2010-11-04,0.03208084801681977,0.05230071685393487,0.09742386951292425,0.06916617287827573,0.09410694770806545,1.013486079206751,0.0
2010-11-05,0.0350768529017142,0.057264178080512484,0.09656339452612343,0.06981198711122266,0.09748499835393155,1.014896754621802,0.0
2010-11-08,0.03286292292011911,0.04979466997157264,0.09723405515105901,0.06479935347669079,0.09472940934807608,1.0156659542160436,0.0
2010-11-09,0.017754222709469317,0.04164097822192294,0.10269158085823422,0.05405990320606486,0.08619300274798587,1.015497225284642,0.0
2010-11-10,0.01776556112666189,0.042581072261615706,0.102869722440073,0.055133285813638945,0.08989687649936601,1.015509157348907,0.0
2010-11-11,-0.005083673309634567,0.031059588210524215,0.10254042446119677,0.048664820831350694,0.08508382575407562,1.015033084921308,0.0
2010-11-12,-0.020748676110038125,0.023058872999265997,0.11121545347563874,0.03423286589116375,0.07155350778921118,1.0135346535229286,0.0
2010-11-15,-0.020287403395391566,0.01960269647716249,0.1114902322606993,0.031044049070058505,0.06944217418937829,1.0120942773435009,0.0
2010-11-16,-0.028779672281292294,-0.0010152574507598447,0.12434714735293925,0.013395807892484478,0.05234300340694744,1.009587961540437,0.0
2010-11-17,-0.03229319655400275,0.012683512387523133,0.11479132378565962,0.012451850129042723,0.052411508022350964,1.0075534669725625,0.0
2010-11-18,-0.013907751111853689,0.017575805793900875,0.1207807188141478,0.025661511629704536,0.06718772219028195,1.007031696853675,0.0
2010-11-19,0.0007489350209713952,0.01812014254116468,0.12087298942363936,0.02683229461894768,0.06940406806901615,1.0067622977573758,0.0
2010-11-22,0.0013322354058317607,0.015427599055242004,0.12095271312509787,0.024567025423091166,0.06776549712120758,1.0064073000400522,0.0
2010-11-23,0.0024513857243405567,-0.0021085391687222423,0.1316792520110224,0.008633531591226165,0.0517119148471446,1.0048978131976978,0.0
2010-11-24,0.016609666736064177,0.012388845583873515,0.14127892370970757,0.02219067190060578,0.06655384257342957,1.0048251766373673,0.0
2010-11-26,-0.009716470177016483,0.0035422756450611166,0.14720695986631846,0.009195165317561862,0.053561967131687906,1.003780323945442,0.0
2010-11-29,-0.009438578765619713,0.006398423041154424,0.1475392361631424,0.011107268638790803,0.05616222135312964,1.0031585402855945,0.0
2010-11-30,-0.0142454595712908,-1.8648277366750676e-16,0.14894867215505558,0.004692398173086791,0.049744751243011795,1.0021879469863584,0.0
2010-12-01,0.02138245904170303,0.020707106278531572,0.16585336495306888,0.02483821994579125,0.07148652965437992,1.003084926296448,0.0
2010-12-02,0.019443759006323807,0.02553552007295746,0.16919871878484816,0.036360393274211734,0.08457616069371283,1.004781230359324,0.0
2010-12-03,0.033848076923739166,0.024214994864974793,0.16898569027427146,0.037328389006252446,0.08685634343611079,1.0062678694023761,0.0
2010-12-06,0.02976422151092291,0.004081796535257561,0.155973106574076,0.034843921828747036,0.08507486005532952,1.0072690190565436,0.0
2010-12-07,0.03597264192640886,0.0008957890246944607,0.15544604294662215,0.03394166840831033,0.08499486251124903,1.008012128544889,0.0
2010-12-08,0.01858486422682073,0.0064290475852331885,0.15576684623623405,0.03622771467013332,0.08829600084669455,1.008794949669273,0.0
2010-12-09,0.009743541519227912,0.01752483888271605,0.15375010076191278,0.03864004670324532,0.09182711760341825,1.0096181476351684,0.0
2010-12-10,0.012855442772739383,0.01930487651105229,0.1543374707956691,0.042871114978041,0.09743863146080574,1.0106187327585179,0.0
2010-12-13,0.014556395542043028,0.023721865386935152,0.1534005386771674,0.04180455458970423,0.09745480578788922,1.0113270120812574,0.0
2010-12-14,0.014869070348021894,0.03651353548275448,0.14591851991315208,0.04082317209545363,0.09774428725406048,1.011818666880009,0.0
2010-12-15,0.006629572405604847,0.0333460233862296,0.1471881241524583,0.03467209169272295,0.0920819719581103,1.0116948946921687,0.0
2010-12-16,0.008528622105528027,0.054833133269536365,0.13357582180533636,0.039151762460009065,0.09775281772053326,1.011928578357132,0.0
2010-12-17,0.00379852462140671,0.05539659768646175,0.13347824175952056,0.03869774237745718,0.0983344089005929,1.012058448492436,0.0
2010-12-20,0.005566098290255762,0.043195714789044604,0.1261804512067476,0.03969770773319603,0.10037558903457207,1.012213856375676,0.0
2010-12-21,0.011004118740057838,0.04676871920184092,0.12703104961521441,0.04465990119354107,0.10671080772687341,1.012703674209438,0.0
2010-12-22,0.018692042548754978,0.05070583052915281,0.12656786630357242,0.046273437735066404,0.109515313772629,1.0131886737930245,0.0
2010-12-23,0.011474989322093265,0.06385673686728909,0.11163200426154049,0.04333589331351909,0.10732313067364901,1.013296980401151,0.0
2010-12-27,0.010801940517447588,0.04958887146784516,0.10356054733614936,0.04222666697873664,0.10715807542744711,1.0132585536415621,0.0
2010-12-28,0.00982319215501793,0.06273537712107902,0.09019604856461254,0.04220747150978503,0.1081306217698083,1.0131894971088058,0.0
2010-12-29,0.004217418343876941,0.06042471631133757,0.09053828036210984,0.041527815121463474,0.10834950460509954,1.0130396216731705,0.0
2010-12-30,-0.00047749236691680633,0.06447379773352681,0.08674667289684156,0.03822475457050511,0.10605988910072617,1.01264321166721,0.0
2010-12-31,0.0011934037435863915,0.04366768156917244,0.05740528211621992,0.037017310139095094,0.10579064596093198,1.0122060952419327,0.0
2011-01-03,0.011080473542398706,0.04122558600392005,0.05207363645821413,0.046092452501318736,0.11659183846513405,1.012551587022524,0.0
2011-01-04,0.009098003436122555,0.0379853036334624,0.05271023155662769,0.04392613185588365,0.11538049115809673,1.012630225506606,0.0
2011-01-05,0.013567313735318052,0.04422780853573272,0.05286729546212216,0.04770497638157652,0.12058638013973949,1.0129630960010236,0.0
2011-01-06,0.013196222989554708,0.04169737879667266,0.05449537915502883,0.04406043795731654,0.1177866972810215,1.0129132756279926,0.0
2011-01-07,0.010992976476673135,0.03607579381902484,0.05578700252942386,0.040411788788483366,0.11499294403906497,1.0125661206902774,0.0
2011-01-10,-0.0005510778205300381,0.030930966664162104,0.05611374348364266,0.03754057032756554,0.11299590176030426,1.01204817538298,0.0
2011-01-11,0.0035376260487511523,0.028667486909474172,0.05443668762444116,0.03959338546996786,0.11635827627628341,1.0117879053155003,0.0
2011-01-12,0.0073373953862672075,0.0370088083799569,0.06038545712506537,0.0471520046168088,0.1257933015758896,1.0121719647146172,0.0
2011-01-13,0.007663491292807549,0.034491799741458315,0.061467304412669156,0.043822464224195216,0.12330808569165774,1.0121977965384,0.0
2011-01-14,0.016846366829070543,0.04629258824249054,0.05998469419465154,0.04968114024114577,0.13078819121770205,1.0126589572960771,0.0
2011-01-18,0.01980515401849533,0.04220749857712941,0.05856477597085669,0.050119972781564624,0.13208979958975703,1.0130082935014302,0.0
2011-01-19,0.006414215785989528,0.03128317807405699,0.07155688125749883,0.03878397884072855,0.12045006755713748,1.0123364856373887,0.0
2011-01-20,-0.0038961866377865226,0.02754652345191462,0.07211978836874597,0.03636087450180663,0.11840192197492086,1.0115626677955518,0.0
2011-01-21,-3.903127820947816e-17,0.02348768100140044,0.06990447496989147,0.037465730495164266,0.12037633650014884,1.011005216497769,0.0
2011-01-24,-0.001547558431654241,0.02605298726208132,0.07137265647863641,0.04207899829916982,0.12618904833951047,1.0108973593190085,0.0
2011-01-25,-0.0027056011410934505,0.028026908113942695,0.07076622711419439,0.041270900327530224,0.12624657034823905,1.0107303089667632,0.0
2011-01-26,0.011011471009183217,0.03149270856579262,0.07120529772828228,0.04360271544894152,0.13003195802723055,1.0107862232648366,0.0
2011-01-27,0.014802620974997073,0.03252595227189376,0.07128273413611842,0.044398055591316654,0.13229536716037238,1.0109031636298254,0.0
2011-01-28,-0.005076257228762711,0.01419400542876079,0.09746410428341258,0.02448430676586393,0.11212141997357881,1.0094604920916774,0.0
2011-01-31,-0.0032589936111189098,0.02327148601787922,0.09984915347339866,0.03035323916398288,0.1199372957875532,1.008818766923782,0.0
2011-02-01,0.012081377395982924,0.03891488176633923,0.11208784969614873,0.04493910796982597,0.137235121047033,1.0094922943109126,0.0
2011-02-02,0.0063033752677328705,0.026715610291126787,0.10843150834163301,0.041138485512545966,0.13449534418733775,1.009753022585222,0.0
2011-02-03,0.006058446998247306,0.029486395834018516,0.10826916834573007,0.041587415052082057,0.13642576380224933,1.010022336153694,0.0
2011-02-04,0.026501133449792217,0.027127825143234953,0.10753742964350808,0.04232316509185761,0.13904888283376943,1.0103440932130754,0.0
2011-02-07,0.02524602761366502,0.035321290641989536,0.10815897828464907,0.04677716969368479,0.14557303676822067,1.0109787110614536,0.0
2011-02-08,0.013900154397057836,0.041822059686723936,0.1077409590055615,0.04914112767433718,0.15012915718240416,1.0117131784552447,0.0
2011-02-09,0.013548860071608793,0.040815548183265625,0.10817910295515502,0.04449654463739579,0.14675080987025677,1.011965925836954,0.0
2011-02-10,0.011706971778013176,0.03765574156328054,0.10814621093625677,0.04251210664894126,0.14645081193702603,1.0120542873086193,0.0
2011-02-11,0.014834035337563686,0.03462446509453143,0.10609702054667045,0.04663631312944627,0.15259206569371772,1.0124636277404135,0.0
2011-02-14,0.011002131329334908,0.03865993067851689,0.10544246579095119,0.04725654751632369,0.15454164516817132,1.0128316347572401,0.0
2011-02-15,0.003313373763277137,0.02828906662093053,0.10489717486045737,0.04219943155007801,0.15018654229538453,1.0127146549816746,0.0
2011-02-16,0.01187445898141103,0.03288485314618132,0.10629071304955814,0.046856643030186204,0.1565444440792784,1.0129832366192641,0.0
2011-02-17,0.014480375491292953,0.04572190126858396,0.09788327971881537,0.048007413316096176,0.159038636258502,1.0132824055081773,0.0
2011-02-18,0.0106116321109289,0.04913228384324685,0.09705455765786321,0.04824686642679386,0.16028900937323645,1.0135290996102697,0.0
2011-02-22,-0.012063391882807575,0.02659653879570936,0.12473227316590428,0.025815098928189017,0.13591162391365239,1.0119410105919682,0.0
2011-02-23,-0.01507438773644758,0.014762237316137189,0.12619544143789854,0.018372191762580505,0.12812380022748843,1.0100728992657335,0.0
2011-02-24,-0.02205714178707312,0.013533312500201653,0.12628699881644262,0.016562995821296594,0.1265310138275856,1.008440091883764,0.0
2011-02-25,-0.014404722396547746,0.020305707862853004,0.13056880462065756,0.0261085751079776,0.1377611262268875,1.0079105066100789,0.0
2011-02-28,-0.010311076034630724,0.024018586833619054,0.13173370782711818,0.030916305650785788,0.14388079719223193,1.00790003717848,0.0
2011-03-01,-0.00685074145260476,0.024822054571867307,0.13031368960932688,0.012667210301224767,0.12390246147175475,1.0064613489454428,0.0
2011-03-02,0.0014492177892424132,0.01947044871649851,0.12835458799079663,0.013749424492194882,0.125388733281203,1.0054296017011133,0.0
2011-03-03,0.019214194660437462,0.02066612976465619,0.13016399428760236,0.02979921396983939,0.1436556493426138,1.005925259626,0.0
2011-03-04,0.0010573288297336574,0.01505966142485379,0.13315157504888767,0.02096801492360665,0.13399802546096945,1.005641081991961,0.0
2011-03-07,-0.013002054595021168,0.004958085240350581,0.13627673110116223,0.012071095061263875,0.1238672303445725,1.0047262104980368,0.0
2011-03-08,0.01252388133766262,0.010844802459737714,0.13918089400038586,0.019830744612813356,0.13248464632537796,1.0046502026667152,0.0
2011-03-09,0.008952923280016976,0.0031773443828504687,0.1377398186510914,0.017313955399467146,0.12959149458933064,1.004422672556424,0.0
2011-03-10,-0.026803781381339365,-0.02003780601374101,0.15124253771217935,-0.002142307192823431,0.10756507896144098,1.002713644762011,0.0
2011-03-11,-0.012380777959433452,-0.010869976606188454,0.1535575881539976,0.004010336100855191,0.11403503605281977,1.0018870303640148,0.0
2011-03-14,-0.01055533966033903,-0.017304226198001624,0.15469821819531743,-0.0027147332054378876,0.10632045150422038,1.0007382911814606,0.0
2011-03-15,-0.030790488352507226,-0.034779721230333197,0.1568819554114539,-0.014565077150575369,0.0926763984448528,0.9989221769062522,0.0
2011-03-16,-0.04804265798878976,-0.055867444935274194,0.16670997493653864,-0.03267960117622523,0.07152372517112682,0.9960519392897531,0.0
2011-03-17,-0.0162155301958117,-0.03956670997282985,0.17543831944345295,-0.020007819859510948,0.08482103878626109,0.9948606153479104,0.0
2011-03-18,-0.019486880390121204,-0.04223131597772069,0.17411075740541854,-0.016544828136170704,0.08787684180454672,0.99426777042891,0.0
2011-03-21,0.0019484042476400672,-0.029836197441654513,0.18362562123969556,-0.001749357165426795,0.10356183763964291,0.9950900086509059,0.0
2011-03-22,0.009996486207451184,-0.03539486713381092,0.18329819928905347,-0.005625197933622596,0.09852592368754297,0.9955125126117673,0.0
2011-03-23,0.03154095117897802,-0.012263101873488608,0.1708318904532985,-0.0032745402420224614,0.10049549328724425,0.9961229884024067,0.0
2011-03-24,0.027910732588452353,0.0034184103520700834,0.17300158261813017,0.00563584864675883,0.10975240922165931,0.9974095683484557,0.0
2011-03-25,0.027331133316554422,0.007156959125906855,0.1732546971477027,0.008201565952903004,0.11199954138941949,0.9986919554013489,0.0
2011-03-28,0.009511903545842864,-0.005919571499263903,0.1693414499810566,0.005255532532656525,0.10818937634520144,0.9995137716883399,0.0
2011-03-29,0.019683287925438036,-0.0054005031737421536,0.1696002717522654,0.011525572794404396,0.11448108775268588,1.0007017200739434,0.0
2011-03-30,0.02370296103945223,0.01829060061856838,0.16004680109508515,0.01791118779267224,0.12108491951711235,1.0021784745729552,0.0
2011-03-31,0.012828070616286255,0.014797263179113927,0.16015623586388758,0.015768545083174778,0.11848760141183903,1.003197266568714,0.0
2011-04-01,0.013991538106538772,0.0019343025720081663,0.149426206471395,0.019180618213979768,0.12211402570937746,1.0042970404157743,0.0
2011-04-04,0.017257653489195824,0.010280753160198264,0.1468432543361521,0.019172963777416452,0.12194491758919893,1.0051731281786151,0.0
2011-04-05,0.01041086344117372,0.018012414862452735,0.14369834093758518,0.0182880853046526,0.12066872775412636,1.0057855876480302,0.0
2011-04-06,0.006680872253000036,0.012447591533905795,0.14113593255856272,0.020710456212782287,0.12298720306319748,1.0064510508349773,0.0
2011-04-07,0.005491035985744188,0.011335375884841136,0.14138958921438916,0.017459902392653687,0.118922490705365,1.0066911984679947,0.0
2011-04-08,-0.002180279928419968,0.026557804024927564,0.12409385866275235,0.013418209845891642,0.113798209317884,1.0065244368014943,0.0
2011-04-11,-0.006021330091972373,0.016640201027659344,0.12316904559359422,0.009551948839421712,0.1092272454474263,1.0060778965482347,0.0
2011-04-12,-0.013372952288359687,0.015194802234432078,0.12427850058988037,0.001495904460567007,0.0997614471251586,1.005061747432474,0.0
2011-04-13,-0.0165963654422543,0.02664171444415872,0.11612446324715459,0.00122372720447781,0.0983551578575919,1.0042018387884561,0.0
2011-04-14,-0.013289405343121346,0.046088628530509546,0.09079489744837936,0.0017357574735514427,0.09782063304121281,1.0035405948561371,0.0
2011-04-15,-0.006191084140711799,0.03658225008002747,0.08187881352212899,0.005111091890306653,0.1004117923897219,1.0032722844826139,0.0
2011-04-18,-0.014447963754334513,0.021679117663446032,0.09305898948524055,-0.006151654132290444,0.08672461885405637,1.002129725590789,0.0
2011-04-19,-0.0012179794938201455,0.012028418492971867,0.07930049833708416,-0.00042882947926848556,0.09160616437121064,1.0016638262127373,0.0
2011-04-20,0.012397821042458887,0.029043049279166427,0.08959388435760911,0.013027053384600855,0.10517479636797766,1.002363226430928,0.0
2011-04-21,0.016733555193695872,0.03128123254522741,0.09039002882611813,0.017879949042795988,0.10952176491612706,1.0032935239032974,0.0
2011-04-25,0.012044657397260735,0.020716174888835853,0.08586225895618531,0.016521982275534978,0.10710825317917254,1.003898306791531,0.0
2011-04-26,0.03188520163782764,0.02623318598471925,0.08958041673078881,0.024917607714928437,0.11532493571082852,1.00501766836141,0.0
2011-04-27,0.03266443971756629,0.03518095466469529,0.090296526146907,0.031167122139953377,0.12132446198649095,1.0063610263635099,0.0
2011-04-28,0.0223625322482546,0.03172229360198299,0.08865304805163594,0.03393372403308615,0.12365702061580051,1.007598124647149,0.0
2011-04-29,0.01961502014529586,0.027193291651071035,0.08656201420344992,0.03586755648169196,0.12498135468961473,1.0086653464499173,0.0
2011-05-02,0.019121607049243504,0.0270097113217931,0.0866351816410307,0.03387258150045412,0.12180941812754026,1.009272324060138,0.0
2011-05-03,0.006949877858887432,0.01919152573706791,0.0875336994638711,0.029875290306068572,0.116393993202168,1.0093479333249071,0.0
2011-05-04,-0.006210901590858038,0.01171239958464143,0.09137838348617118,0.022491906291932373,0.10771728059097949,1.008765543420564,0.0
2011-05-05,-0.018538198192810818,0.002773231967998448,0.0973056480074954,0.012755311365778966,0.09642768524658474,1.0074857290130141,0.0
2011-05-06,-0.01648078513488513,0.00403163426318587,0.0978928756646795,0.016635942338400843,0.10007917340075255,1.0067480705693972,0.0
2011-05-09,-0.011072733319697204,0.010445942016351708,0.09815317050809651,0.02011759215610957,0.10316892291310392,1.0064019757916538,0.0
2011-05-10,0.0010304508583051679,0.022402256523793046,0.10078774961938705,0.0283120809197123,0.11140422820540107,1.0067393867624974,0.0
2011-05-11,-0.002896300957484353,0.014837428719129448,0.10781035462140331,0.016862315603178413,0.09860467449174505,1.0060784924828226,0.0
2011-05-12,0.010942200105365245,0.02708838436172338,0.10435507202273946,0.02101761435972994,0.10266800437184209,1.005870707978218,0.0
2011-05-13,-0.001192441624754085,0.019435558080686085,0.10888610731989047,0.01298109645076752,0.09304612995094508,1.005024599769824,0.0
2011-05-16,-0.011421798546015306,0.01231354881345775,0.11177891799156403,0.006360493861364607,0.0850282389311166,1.0038000580671709,0.0
2011-05-17,-0.020072044081632896,0.008521296582871946,0.11124345666256232,0.005858219953781192,0.08389021589509547,1.0027848764506833,0.0
2011-05-18,-0.0005955370638701715,0.02868985540959379,0.10640045498093863,0.014485963785822691,0.09251767634117787,1.0026650850451106,0.0
2011-05-19,-0.002965383587558114,0.025340980267985414,0.10529730476614584,0.016463169821804086,0.09408007052462775,1.0027309851779846,0.0
2011-05-20,-0.003213402982783548,0.003824334055443652,0.09977905177096771,0.007743535250865752,0.08439950995207325,1.0021154986677838,0.0
2011-05-23,-0.00852023663381413,-0.012940243014052253,0.10607798049125172,-0.004215384712903038,0.07089244601244296,1.0006861677472008,0.0
2011-05-24,-0.009203198741706192,-0.01272655955609498,0.10606962648448942,-0.005414282501457375,0.06910593648099563,0.9994906837222646,0.0
2011-05-25,-0.014770815004048105,-0.01796616123228195,0.10182750204823737,-0.0027574103512966533,0.07172961460308189,0.9988211101367078,0.0
2011-05-26,-0.012552711515334807,-0.019876170964915684,0.10029069604793053,0.0007273683546069147,0.07556586766415636,0.9986742208070131,0.0
2011-05-27,-0.000748541222587286,-0.01928673941539823,0.1006208064152946,0.003626481410585417,0.07853514465061805,0.9988792641109563,0.0
2011-05-31,0.021276990829892074,-0.011278272329456034,0.10748705397580563,0.012987558934275023,0.08852386450874575,0.9998832665013726,0.0
2011-06-01,-0.0006066270471448733,-0.032454793652483355,0.13217521840747104,-0.01008174272330934,0.06299329025025359,0.998860396471142,0.0
2011-06-02,-0.004997559671375564,-0.029913598762544943,0.13196967780373078,-0.011494777514806633,0.06084876888398324,0.9979864554368284,0.0
2011-06-03,-0.01958934381347166,-0.0332546131875293,0.13412750110471522,-0.02143670504223201,0.049358641761298644,0.9965362666042887,0.0
2011-06-06,-0.03405425870586626,-0.03480279992845367,0.1353210388279055,-0.03152074345941616,0.037305497531510794,0.9946029607285072,0.0
2011-06-07,-0.04503154645629469,-0.03982903365086559,0.13359258350368228,-0.031781300594846386,0.035703784375465064,0.9930929886935952,0.0
2011-06-08,-0.026510247724377954,-0.04789230805716411,0.13212087565270206,-0.035464395307320117,0.030420387945800813,0.9916536174308475,0.0
2011-06-09,-0.017845853072792024,-0.04878990269364214,0.13123165768674758,-0.027744562879568002,0.03722539442118626,0.9912107165180799,0.0
2011-06-10,-0.021859489921516057,-0.05221780215156101,0.13444702455184523,-0.04052358443225561,0.021845885312003335,0.9898615390317821,0.0
2011-06-13,-0.01043857438599166,-0.05618357441981057,0.1324447592367191,-0.0390650120681537,0.021663707196983555,0.9889729359888234,0.0
2011-06-14,0.00278798990674709,-0.035848602119364414,0.14111761862398442,-0.026313376982004297,0.03363039928687838,0.9893913041475497,0.0
2011-06-15,-0.010961608175562727,-0.04743211768671153,0.15127144951698862,-0.0427311432070937,0.014303772137707102,0.9884246110913365,0.0
2011-06-16,-0.01636226088441702,-0.04508011949642626,0.15190256777243186,-0.03976161034642304,0.015584374860366818,0.9879648292157385,0.0
2011-06-17,0.0006257450331278586,-0.05099652005456298,0.14781066338365118,-0.03602618702086307,0.017769796609957367,0.9879720179243412,0.0
2011-06-20,0.004945199571882805,-0.04827299126036966,0.14922120850057255,-0.030364479680948308,0.02214205300630196,0.9885163856161168,0.0
2011-06-21,0.005950558719618874,-0.026684640416961992,0.1573868285315446,-0.016664681094947335,0.035290714540943985,0.9901607920825792,0.0
2011-06-22,0.017851906372375825,-0.02105997468052158,0.15387149278977325,-0.02212402717753242,0.028181240972585057,0.9910773686972418,0.0
2011-06-23,0.01277027773033736,-0.023106643024382707,0.1540063717668792,-0.02456247619638155,0.024403164807161492,0.9916675598593303,0.0
2011-06-24,-0.0018907398399700542,-0.038116444890484935,0.15730928198152247,-0.03530334727558017,0.011776720253309026,0.9912986854366291,0.0
2011-06-27,0.001877653185914048,-0.033842626559120806,0.1601749637983925,-0.02626709153992369,0.020033302245483584,0.9918098285994967,0.0
2011-06-28,0.0012350632641839575,-0.02470103593019075,0.1670682311490084,-0.013289424181466477,0.032561728698193806,0.993341869923704,0.0
2011-06-29,0.015806305699373795,-0.026530659811039862,0.16559049261007067,-0.0049613134479189434,0.040563490589185035,0.9953058209443841,0.0
2011-06-30,0.028203649868216836,0.005703633890979,0.14987300124222136,0.004353990317220116,0.04963201914926888,0.9976681537307688,0.0
2011-07-01,0.054552651247803945,0.021433766028694574,0.15780510494663794,0.01896536404383477,0.06416413153996178,1.0007391883209114,0.0
2011-07-05,0.04485959357173886,0.030606310826089715,0.15285930948487894,0.01802138158659072,0.06232157144932299,1.0030577336770146,0.0
2011-07-06,0.03308586597422566,0.042439088749901155,0.14642261793699152,0.019085463814040998,0.06268901129123741,1.0049280568516994,0.0
2011-07-07,0.03488043853585547,0.0533813251811103,0.1488222108794776,0.02946536727608184,0.07273515901534985,1.007172537353285,0.0
2011-07-08,0.018245647856087337,0.05045952947144429,0.15081970643007395,0.02225755555639115,0.06417340414841637,1.0082576333249036,0.0
2011-07-11,-0.01466795238734935,0.02461166671413725,0.1654606532117268,0.004304839904724249,0.04406109890404792,1.0075421054437181,0.0
2011-07-12,-0.018174347968851,0.03429145277875477,0.15747614099107224,0.0006309019105155738,0.038802567033229374,1.0065511146825716,0.0
2011-07-13,-0.016026899527208965,0.03685076360868385,0.15755171537117815,0.0045485805548124945,0.04148958189598818,1.0059662446540893,0.0
2011-07-14,-0.03327495427445979,0.017318380999903422,0.15511121452184376,-0.001756762955805994,0.03356962491258602,1.0048894466862386,0.0
2011-07-15,-0.020369697600014048,0.04105144004699298,0.13997411912329363,0.004416606250411055,0.03879527795145924,1.0044502702673206,0.0
2011-07-18,-0.010358574774565778,0.030615352823988494,0.14434267975112264,-0.0034644875325921237,0.029540395278917136,1.0034011691017115,0.0
2011-07-19,0.01007043990280955,0.043736147648436474,0.1529834755221734,0.012835231741774573,0.04543624055958373,1.0038251937722893,0.0
2011-07-20,0.006125137004981358,0.038030701041782404,0.15284090577741025,0.012442194100995731,0.04396192715372292,1.004064440277783,0.0
2011-07-21,0.026827095711384794,0.038194917991669346,0.15300163367641545,0.026597067504162374,0.057605327391156126,1.0053157547366423,0.0
2011-07-22,0.021708262280917195,0.04490779595553434,0.15039996797358754,0.027158046990964038,0.05747214916966413,1.006285170456205,0.0
2011-07-25,0.024354393545373908,0.04219946863902504,0.15182452015340658,0.021524897425826122,0.050769459770210607,1.0065188716935152,0.0
2011-07-26,0.004510633353753181,0.05013752084215971,0.14514887088308903,0.017716054710162216,0.04608525606372811,1.0063262088363307,0.0
2011-07-27,-0.01557475331938287,0.020578294536485492,0.16347326624690917,-0.0028279385013190517,0.024038164905129816,1.0044619249509237,0.0
2011-07-28,-0.032264646957331944,0.004695207770153442,0.15796241711432213,-0.005381336501642852,0.020462311886436678,1.0027192917906211,0.0
2011-07-29,-0.039791455027585736,-0.010689964771425184,0.1567583266504749,-0.011519556101436798,0.012967667230406864,1.0007821652171716,0.0
2011-08-01,-0.03846480723926552,-0.02446898846845732,0.15287268078258334,-0.01493487171440215,0.008146040839696831,0.9989175456418198,0.0
2011-08-02,-0.060601613504479325,-0.06501674391012358,0.16407663742440076,-0.03900423006155744,-0.01797454065365527,0.9954560467719086,0.0
2011-08-03,-0.034509358789238206,-0.05879065782449159,0.16656267751533532,-0.03302089206782706,-0.0130236471550814,0.9931941747475312,0.0
2011-08-04,-0.07956899436168623,-0.10795965256575844,0.22760590780898943,-0.0767531609064629,-0.05944661030735211,0.9878290496289804,0.0
2011-08-05,-0.07420917044073941,-0.11977957374802006,0.22107736198416045,-0.07648229354086628,-0.06099813859077843,0.9835936561760101,0.0
2011-08-08,-0.13728808617848814,-0.18000272250303284,0.3074778559205255,-0.13394939820596075,-0.12200603607707353,0.9754478171987897,1.0
2011-08-09,-0.0659577405502784,-0.11630653207305261,0.357352460537896,-0.09152405782354917,-0.08121003928937691,0.9725615173742836,1.0
2011-08-10,-0.11654492278356554,-0.15716123263920612,0.3827324896449306,-0.12870103261723645,-0.12163842033790426,0.9671892779297313,1.0
2011-08-11,-0.024666073877560687,-0.11659882691611016,0.4210634748508763,-0.08762779256706675,-0.08222633338662992,0.9665608338455738,1.0
2011-08-12,-0.016457247247022362,-0.10296186672058265,0.4231476260937135,-0.07962940593124009,-0.0760989609581162,0.9669424060907994,1.0
2011-08-15,0.07182742437860146,-0.08780560052441733,0.43115384958025804,-0.05880685743380593,-0.05668959797029002,0.9692513176186127,1.0
2011-08-16,0.01780156611958761,-0.08814639117889923,0.43119583155757957,-0.06555814359117974,-0.06484690453536453,0.970730006304589,1.0
2011-08-17,0.06365269567544071,-0.10357897686657498,0.4253161458603243,-0.0636673012016204,-0.06432608124708311,0.9722700881094466,1.0
2011-08-18,-0.024328155532778596,-0.14705211945387012,0.4459030305038386,-0.10217531221975029,-0.10455767028301632,0.9703651017782199,1.0
2011-08-19,-0.04750357259184196,-0.1772925350238094,0.44041920576049476,-0.11459832490296336,-0.11898790260964083,0.9679181250805722,1.0
2011-08-22,-0.06764941026673177,-0.1771632730720663,0.44045312671226217,-0.11190312328284986,-0.11801652582153505,0.9663767316764048,1.0
2011-08-23,-0.02669338116047501,-0.13919416588474814,0.4626270380031171,-0.0811362688329534,-0.0888290887381192,0.9680311123848476,1.0
2011-08-24,-0.013375752824070913,-0.12146536304439907,0.4680646896834724,-0.06663314665190756,-0.07590051361980048,0.9707974475753152,1.0
2011-08-25,0.015339198386083584,-0.11613816774840367,0.46628780278098575,-0.0793889820343328,-0.08985961448333198,0.972078894025914,1.0
2011-08-26,0.04623278868706145,-0.09879509937941602,0.4713566776849281,-0.06472053348338176,-0.07654644079127376,0.9745425806528148,1.0
2011-08-29,0.07376555976010908,-0.0636062582843715,0.48489860066962026,-0.03697540406471871,-0.0500648104066511,0.9790553613884982,1.0
2011-08-30,0.044018448949678005,-0.056710909695804626,0.48526588058252934,-0.03351245554940919,-0.04767952771624843,0.9830425246451008,1.0
2011-08-31,0.03446053820917355,-0.026403211330746204,0.4783329210110788,-0.02810719807850802,-0.04360014547608569,0.9867182467564509,1.0
2011-09-01,0.03929345791094069,-0.04233535104822478,0.4787210509470098,-0.037101760580540336,-0.05378222426436508,0.9888921518241888,1.0
2011-09-02,-0.001017520732531113,-0.02024362575026091,0.4576517637664918,-0.06013986157047361,-0.07800621667906434,0.9886592226072576,1.0
2011-09-06,-0.036672514690850054,-0.026069602534482136,0.4581821181690705,-0.06553464691557613,-0.0846898774854778,0.9880262651246484,1.0
2011-09-07,-0.011489145535974174,0.06908803094670937,0.4001079556785886,-0.03800008713114634,-0.058935147105830726,0.98987493304474,1.0
2011-09-08,-0.02636285733858436,0.01319167188094783,0.3717421616999415,-0.0463844424780322,-0.06873541866197107,0.9906024567568268,1.0
2011-09-09,-0.04239446910294662,0.031815102632394156,0.3476414534424674,-0.06917143326709682,-0.09311463241245467,0.989186332396856,1.0
2011-09-12,-0.010063461381744222,-0.005641013254444446,0.31253539547036646,-0.060841500427775634,-0.0871831184105101,0.9886962071978443,1.0
2011-09-13,0.006390159179717248,-0.00322219610774252,0.31332731056695157,-0.049752845685817525,-0.0788348714200543,0.9891585847524291,1.0
2011-09-14,-0.007677530813582434,-0.010416924245474508,0.3081721187679563,-0.03434663456748407,-0.06615248711488872,0.9907422460912562,1.0
2011-09-15,0.01987803756854458,0.01526814332990481,0.3125016925427383,-0.015685343640763762,-0.050209821724060716,0.9934723230425326,1.0
2011-09-16,0.052338912248497946,0.0205013192054514,0.3130146593524809,-0.007734125730187802,-0.044695939517170054,0.9961621757188662,1.0
2011-09-19,0.03588276926162404,0.05456991153995819,0.27060626155721,-0.015460172630812069,-0.05421334360974055,0.9974973341708125,0.0
2011-09-20,0.02558890768021871,0.06987028416431815,0.26208160384842333,-0.014812655385583472,-0.0553018255515124,0.998477061750067,0.0
2011-09-21,-0.018061276416535668,0.039171209604721605,0.2862733475954319,-0.04161988527343864,-0.08299632217995798,0.996889543921549,0.0
2011-09-22,-0.06802954971596582,-0.026068025225585996,0.2878508287361362,-0.06980127517543856,-0.11237369769056456,0.9931322493652504,0.0
2011-09-23,-0.06792373231897887,-0.03404666028945655,0.2838316573416383,-0.06161086033238028,-0.10676781426012882,0.9907035712430433,0.0
2011-09-26,-0.034414833361516545,0.004815879792358063,0.2919389124428211,-0.03694433253797886,-0.08534294505094935,0.9907327251839063,0.0
2011-09-27,-0.022128829981930973,0.0015086654953257329,0.290131281494105,-0.024169041799254217,-0.07494934688577551,0.9917451906397898,0.0
2011-09-28,-0.012857819068854207,-0.04745216922424168,0.279420242680157,-0.04140307459821224,-0.09358815372493087,0.990997470344869,0.0
2011-09-29,0.02787304231177397,-0.04221343186349003,0.2811600788721674,-0.031259357856307395,-0.08620177462183785,0.9911318684712032,0.0
2011-09-30,-0.0034408695872848727,-0.07194806808591497,0.291267322265841,-0.05220016670204738,-0.10873752202264997,0.9893508548724405,0.0
2011-10-03,-0.05581315797341496,-0.0902907360919976,0.30357338791610716,-0.07546177215495652,-0.1336758743795435,0.9858423674102005,0.0
2011-10-04,-0.045248572804331616,-0.04272238657647478,0.3056768840684922,-0.05187562142226168,-0.11432812047158464,0.9848964756189502,0.0
2011-10-05,-0.006273097459088984,-0.01705275199248062,0.3129277505350541,-0.03134150710518021,-0.09763142725260451,0.9857643479586554,1.0
2011-10-06,0.0037843437050915207,-0.02693994262242434,0.303255225908038,-0.011568111460505995,-0.08104887653718311,0.9880424042249121,0.0
2011-10-07,0.022373140766133608,-0.023212069981197014,0.30210876500222517,-0.015874737702284803,-0.08690391804795718,0.989423466830021,0.0
2011-10-10,0.08414176767980187,0.036245500690750894,0.30911704965590064,0.018613534762089917,-0.05620813931083348,0.9932977994801424,1.0
2011-10-11,0.06345874743289646,0.030799822238165905,0.30864393041734073,0.02110024942098136,-0.05510608683582026,0.9964816302788997,1.0
2011-10-12,0.053846700249391484,0.030403789077193613,0.3085230651969897,0.03077710895581605,-0.04669441649445478,0.9997235679081335,1.0
2011-10-13,0.033927243463751776,0.014664831654909867,0.3054177859513799,0.029609020938897074,-0.048453900951816745,1.0020917585243971,0.0
2011-10-14,0.05759467723652631,0.014504569686784706,0.30530976559661477,0.04668525738006947,-0.032136728580599884,1.0053057882877265,0.0
2011-10-17,0.0054208211572219465,-0.010672590400525112,0.31227351365472067,0.026568109305128235,-0.05047506099601631,1.0061735658156097,1.0
2011-10-18,0.023775305721290104,0.018692358697831972,0.3175423500076141,0.044689594836261844,-0.03181406928589812,1.0083549979788033,1.0
2011-10-19,0.003142129904821052,0.007957011301795953,0.3205805604116952,0.03158372248909305,-0.043114581977679686,1.008988765733643,1.0
2011-10-20,0.009497394168483648,0.042223502239929184,0.3011895070189786,0.03434445372063578,-0.03877051580283822,1.0097320636778833,0.0
2011-10-21,0.01135733634887555,0.09389145575162608,0.2781173590613259,0.052687370082975624,-0.020457555249403278,1.0117313218887463,0.0
2011-10-24,0.04281966462402892,0.10007080654248267,0.27936837068488873,0.06415264248442482,-0.008454074797744463,1.014150795267993,0.0
2011-10-25,0.003826923895704163,0.05693411595505267,0.28285797740338925,0.04292218839849807,-0.027652131017298562,1.0142629894967785,0.0
2011-10-26,0.025833728419638144,0.05591956970336506,0.2824994828513047,0.05256643703098536,-0.017724045177491925,1.0150028604961665,0.0
2011-10-27,0.055709964390336805,0.1107912856991202,0.2893585993849041,0.08746877834316472,0.016417324696733855,1.0182217811325638,0.0
2011-10-28,0.03666713872041909,0.10268555216027118,0.28980415478279115,0.08452315156784278,0.016097011675672252,1.0204791904397166,0.0
2011-10-31,8.004778241133687e-05,0.10359172391217886,0.2886290841301941,0.055986675340024404,-0.00832004568900932,1.0199945397488814,0.0
2011-11-01,-0.008569752198602641,0.10417752172986498,0.28777049024133117,0.02483796274235015,-0.03576078165323778,1.0171292392883697,0.0
2011-11-02,-0.0024972151442853065,0.09867092736341138,0.2843497802416841,0.04013032878473519,-0.01993900584333749,1.0159743864515565,0.0
2011-11-03,-0.01867603189654179,0.09838835126166737,0.2841805355319407,0.057531489717002414,-0.0020755518216036407,1.016342051752878,0.0
2011-11-04,-0.024560197420474515,0.07434101103470514,0.2822618005313213,0.04935916677373393,-0.008120632761076704,1.0159426702059566,0.0
2011-11-07,0.0060373398330909045,0.08725592297913616,0.2798834411845441,0.054313272580976645,-0.0019158834343656584,1.0159448681476777,0.0
2011-11-08,0.047070984893496884,0.06710673894356,0.2619390839107332,0.06656798340376363,0.010867564429784609,1.016794445381372,0.0
2011-11-09,-0.006716675502444949,0.02849550442806996,0.2977164933439584,0.026840655663536463,-0.026264115183427056,1.0142483175814876,0.0
2011-11-10,-0.015405366395045996,0.029136284617229894,0.29792474311998834,0.036040380442107105,-0.016945164029189604,1.0128338590576609,0.0
2011-11-11,0.009359721157376643,0.04977348872833,0.30350220314038434,0.05442658134853413,0.0015278341862322699,1.0130755377956566,0.0
2011-11-14,-0.006356700804376336,0.02330454493823352,0.3013240526844702,0.04300977378025966,-0.007906989043608148,1.0123464833442515,0.0
2011-11-15,-0.014175343026324139,0.04751057476001392,0.29221969107045936,0.046478328855131944,-0.0028938529610798096,1.0120292360482293,0.0
2011-11-16,0.007442071418937577,0.012162270125717436,0.2918188267691493,0.029124415846880584,-0.018535155200494948,1.0103671909052114,0.0
2011-11-17,-0.017936384561353994,0.008057770151054848,0.2943656142658628,0.012166945757536114,-0.033857989103594104,1.007687021663562,0.0
2011-11-18,-0.03764883690481938,0.0026272576550269806,0.2940409559480935,0.009975092004976023,-0.03460790605293285,1.005413006139478,0.0
2011-11-21,-0.04733215448190496,-0.03538494589254699,0.2930893378919731,-0.009822943835572036,-0.05257867012404342,1.0020704834598497,0.0
2011-11-22,-0.05619843220745061,-0.05150752207146561,0.2887642030905547,-0.014048152456836467,-0.05587138495751685,0.9991117989111147,0.0
2011-11-23,-0.06252004018550884,-0.054184693955495564,0.29091230158233083,-0.0354528875393494,-0.07619823859332975,0.9950747291241262,0.0
2011-11-25,-0.04840497583515345,-0.06618093410373674,0.2872654177323564,-0.03656132712328373,-0.07742685771211806,0.9917968336003062,0.0
2011-11-28,-0.01878533815702254,-0.07186804489233237,0.2784789244248511,-0.00835678549294632,-0.05027058316189238,0.9915274979168369,0.0
2011-11-29,0.003253728052754176,-0.06879835656021191,0.27912410816348454,-0.005497360988936591,-0.04713961610771679,0.9916354760624162,0.0
2011-11-30,0.04751509217866384,-0.004072477675213099,0.30614964425829716,0.03459963013022391,-0.007689230335084459,0.9950698292449507,0.0
2011-12-01,0.06966720169709405,0.02405225994020112,0.28863542653540175,0.03300781453575698,-0.007573798430251099,0.9977946997020778,0.0
2011-12-02,0.07067594486287838,0.006992225903426947,0.2834422044986217,0.030055344947484255,-0.008153074968881888,0.9998760851121281,0.0
2011-12-05,0.05295445454927244,-0.00023755844651813553,0.2788126141349854,0.039100903349646804,0.0029044271104345363,1.002386315760198,0.0
2011-12-06,0.05043512723352706,0.006196968093789668,0.2779265785168294,0.037718300226740276,0.0033690586295557264,1.004342217477201,0.0
2011-12-07,0.013825330261517405,0.0037155127532133916,0.2773950513322786,0.04001005036473454,0.007200535681243071,1.0061201629910286,0.0
2011-12-08,-0.008195488703861315,-0.031214213657157087,0.2837655011531134,0.015726965474021085,-0.014694295034773937,1.005648882030685,0.0
2011-12-09,0.009485756148904042,0.02319465755477593,0.25791540137584273,0.03124611893434348,0.002174161539505138,1.0065654008252765,0.0
2011-12-12,-0.016052824115922928,-0.0008850161673950741,0.26164888270053244,0.01435656320651345,-0.01217923503224303,1.0060246462704845,0.0
2011-12-13,-0.02575236714808727,-0.028915120211674254,0.2543359345256069,0.0027350478284328588,-0.02117054902708979,1.00478691605053,0.0
2011-12-14,-0.0401712703783419,-0.03009905682075218,0.25484607607887644,-0.009457905387619552,-0.03129908384193135,1.0029181406847512,0.0
2011-12-15,-0.01438278583339184,-0.0314216564642248,0.25447086472876346,-0.007131735923120627,-0.027435248502050973,1.001702504820843,0.0
2011-12-16,-0.029702248378414675,-0.013949662242576323,0.2490721228489743,-0.006607663205318233,-0.025675013882342366,1.0008467287754084,0.0
2011-12-19,-0.025745810215348712,-0.00869444182138979,0.2456355994700925,-0.018080213770303152,-0.035765834316584054,0.9993179930291733,0.0
2011-12-20,0.013447768083674528,0.02218148477681965,0.2669649259559272,0.010790284460683046,-0.00635230974018881,1.0005013516657721,0.0
2011-12-21,0.02608600767797665,0.04331910533912942,0.2565940774132513,0.01188556638331274,-0.004208345323870028,1.0015769750318009,0.0
2011-12-22,0.031298441257552004,0.05607521700077782,0.2566413463972227,0.019972020893053985,0.004694010802720494,1.0031131581705353,0.0
2011-12-23,0.03871767286378666,0.08728805080671917,0.2406354731767433,0.027979542288846086,0.013747996110649344,1.0050001882220907,0.0
2011-12-27,0.05025748123505399,0.08996801524881765,0.23996525573819422,0.028008190332933988,0.014586194315461168,1.0064782727505628,0.0
2011-12-28,0.007236086986554138,0.048202909920396324,0.23015420209037868,0.013634367157220042,0.001314959979033752,1.0064902750324325,0.0
2011-12-29,0.015582254467603564,0.05564763175397881,0.23181355300121784,0.023392571980785273,0.011559838046885764,1.0072526237285016,0.0
2011-12-30,0.0018342421355979069,0.01039436695771188,0.18800913571230027,0.0175140654501563,0.006575991092733987,1.0073669365432412,0.0
2012-01-03,0.008744332500505277,0.0263651816101304,0.1953064749625169,0.03262333848235288,0.02254251230453512,1.0086490523981047,0.0
2012-01-04,0.00952053379400543,0.02881260417994469,0.19515319907899026,0.03348761272769586,0.024143150326086174,1.0096752854913034,0.0
2012-01-05,0.025390018240881457,0.02063847361200534,0.19219176518918368,0.035679354932464484,0.026834793541728165,1.0105785132846472,0.0
2012-01-06,0.0125281526028327,0.017740657123284445,0.19258001963371635,0.03210232724562445,0.024181425886712835,1.0109506735631466,0.0
2012-01-09,0.01988086623987628,0.016449902936070758,0.19238939837662075,0.03385543163953977,0.026698589473042163,1.011309483320186,0.0
2012-01-10,0.012703109088724619,0.04726377940271634,0.17485909969037555,0.04259864992841476,0.03560173676094503,1.012156804199554,0.0
2012-01-11,0.011677915245739709,0.031004763276780357,0.16669233872153413,0.042926241341386846,0.0361483634473341,1.0127190756464195,0.0
2012-01-12,0.011415042374654096,0.048106340102582364,0.15595579457407968,0.04461866916442408,0.038642576070339184,1.0132029197926165,0.0
2012-01-13,0.008809234045202119,0.052302258316573834,0.15264066167379325,0.037940602500608746,0.03334264568276915,1.0130074196871288,0.0
2012-01-17,0.010257598707447475,0.06687877202186014,0.1449218773770151,0.040940135035941946,0.03739800100306538,1.0130154862787897,0.0
2012-01-18,0.012620551508593687,0.07426711674470186,0.14743182881176867,0.05154971186553068,0.04887699748940207,1.0137599341203019,0.0
2012-01-19,0.01734113575879702,0.07804814741399205,0.14734953858023198,0.055948226245151694,0.05439554168583104,1.0146063799996932,0.0
2012-01-20,0.018665045203135736,0.09251719552106681,0.13765797121311493,0.058780642694821805,0.05828794645836678,1.0153966819538027,0.0
2012-01-23,0.021271655730919384,0.06012614596381869,0.10393550607136441,0.0552842848290615,0.05555562475161094,1.0156219905243455,0.0
2012-01-24,0.01625844985660998,0.05705121420049347,0.10482358661454588,0.052549864948261846,0.054339688223527374,1.0155225389629938,0.0
2012-01-25,0.013595089296636028,0.056563764783785886,0.10447901191489013,0.05982559044566214,0.06308229612453481,1.0159376854698998,0.0
2012-01-26,0.0031900515055371687,0.04252052605574256,0.10528894362003104,0.05337566763103113,0.057562438906330844,1.0156586458446704,0.0
2012-01-27,-0.000985678482388588,0.04127403580362422,0.10556119141557561,0.05169450321094669,0.05697510867587261,1.0152215575996604,0.0
2012-01-30,-0.0018248465785348578,0.051065212398729694,0.09246147408252335,0.047088071317988596,0.053280606332973456,1.0144287510909444,0.0
2012-01-31,-0.0010654410258721964,0.040403518707017715,0.08834175607420235,0.04535275385470923,0.05279938171008913,1.0136116662906325,0.0
2012-02-01,-0.0006790798398900594,0.05405044280829792,0.08765119397379462,0.05264182088589465,0.06190895816467084,1.0135159507893592,0.0
2012-02-02,0.006047353573592487,0.03982354712882977,0.07325235517761117,0.052392236240850924,0.06341119287262299,1.0134114452531706,0.0
2012-02-03,0.02042417360380632,0.05217767561342511,0.08423118351716484,0.0645051605895356,0.0780867171883066,1.0143008207415336,0.0
2012-02-06,0.023174452268147405,0.04884964642599564,0.08493039403116025,0.06110482040410382,0.07721392338279122,1.01477143415197,0.0
2012-02-07,0.0260808188569469,0.05395618496113191,0.0830339302324705,0.06061334630662945,0.07980009096129174,1.0151698134549432,0.0
2012-02-08,0.020325109476514128,0.054494686044935764,0.08304306918027221,0.06049259252937139,0.08284289108886554,1.0155426244062615,0.0
2012-02-09,0.019997670903841604,0.04711810894394675,0.08016676411176053,0.059100089235547416,0.08408417293433967,1.015752686284114,0.0
2012-02-10,-0.0013384668603224313,0.03916129350736297,0.08676218283889754,0.04880320921073836,0.07603670047110987,1.0151344630631074,0.0
2012-02-13,0.006745387647294651,0.04417999169863619,0.08886580166108685,0.05477157036971869,0.08398137088893062,1.0150726999245212,0.0
2012-02-14,0.0029632596498037423,0.04811021056573353,0.08579295599704859,0.05164304848893205,0.08257766211393837,1.0147472882171151,0.0
2012-02-15,-0.004671193505354599,0.039565893832133686,0.08885848132897141,0.04503704781554226,0.07750838629236367,1.0139466670610506,0.0
2012-02-16,0.005084776698339054,0.03958233413369211,0.08887973874028728,0.054868049679094845,0.0893295144331675,1.0140453106969634,0.0
2012-02-17,0.01514230255179117,0.03696246030035712,0.0880850744862324,0.05586715273754419,0.09204686812390736,1.0141717037106823,0.0
2012-02-21,0.00816693639118016,0.033681882886680614,0.0878981871615149,0.05461080049583729,0.09230675338441065,1.014140283430635,0.0
2012-02-22,0.0061942429320108235,0.03303279776682497,0.08831525134039944,0.0491253929217335,0.0886102488102895,1.0136910342580434,0.0
2012-02-23,0.015266460077804229,0.03857390405332793,0.0882563742290806,0.05190723778685585,0.09323223253731841,1.0135351481109778,0.0
2012-02-24,0.006447428901634288,0.03243467373869037,0.0850677385911247,0.05202967111315843,0.09548925058763282,1.0134325720288246,0.0
2012-02-27,0.0054829314097976315,0.03925534020461757,0.08151932323166239,0.05139173642421603,0.09711364132598925,1.0133312900568823,0.0
2012-02-28,0.007955153508476469,0.04262271487754567,0.0811429874060091,0.05178296936841583,0.10010689613696455,1.0133316912880304,0.0
2012-02-29,0.007251010393591881,0.0421086547389517,0.08159621225635082,0.045159267851668294,0.09556215229301579,1.0128604062690592,0.0
2012-03-01,0.008018639087009262,0.04765798416620938,0.08181587693101705,0.04799488859379071,0.10094405266206243,1.0127586332998275,0.0
2012-03-02,0.002771198486534005,0.03588495206511443,0.08027226551988574,0.042099964756425454,0.09731009958582316,1.012285436878445,0.0
2012-03-05,-0.0029934872632968613,0.030214499367728225,0.08274863723539448,0.03583437381908757,0.09263508412798244,1.0114463588740639,0.0
2012-03-06,-0.020638356450580812,0.00156018482315853,0.08767410740394939,0.01905185693217104,0.07655780363900774,1.0094887070086722,0.0
2012-03-07,-0.009753792728859685,0.009180409741944609,0.09077907623062838,0.024545545564267728,0.08388302200746983,1.0083974207448931,0.0
2012-03-08,-0.005022526321678893,0.016554638987583588,0.09634056241227536,0.0330773535157588,0.09435495246845173,1.0082376431025197,0.0
2012-03-09,0.0018916077952124462,0.017451450383812753,0.09664526977558709,0.035343235096406356,0.09824668355935066,1.0083275723097878,0.0
2012-03-12,0.0060508854192308946,0.016267713883117513,0.09666660590134471,0.03343522899511082,0.098004521665198,1.008307404382698,0.0
2012-03-13,0.03864930415926898,0.04154795584274994,0.10861056507030323,0.04986515038337978,0.11738558243294135,1.00964018569324,0.0
2012-03-14,0.030626471066954736,0.0330614931616047,0.10722809186803836,0.04648007072050457,0.11580721588341743,1.010479549232789,0.0
2012-03-15,0.02649952305927953,0.04009090239705937,0.1076539111378253,0.050461424471491594,0.12190866212508128,1.011480400201399,0.0
2012-03-16,0.024023099469943025,0.046145743359110376,0.10500126149399162,0.04984460200512102,0.12296098728552948,1.01223861184172,0.0
2012-03-19,0.027863197022727243,0.039046134207505696,0.1002647829827702,0.051856006808102505,0.1268299508438416,1.013004078055115,0.0
2012-03-20,0.00708247196032901,0.033488125251287776,0.10155795556185788,0.04671661415435722,0.12297886794483767,1.0132125403263854,0.0
2012-03-21,0.006515017757636617,0.031409574528061146,0.10210958538397412,0.04302036291249519,0.12052040112641058,1.0130888986711915,0.0
2012-03-22,-0.006487620057185794,0.027409039407862754,0.10533159533638407,0.03387124073728738,0.1118757213375019,1.0122602509655867,0.0
2012-03-23,-0.004643883664852209,0.026235399616453936,0.10497481932636189,0.03551918948589128,0.11485224502605866,1.01172924153182,0.0
2012-03-26,0.005380607508720837,0.03797931281459225,0.11381626334631685,0.04808399198521425,0.12982826961298763,1.0123016547456682,0.0
2012-03-27,0.005184186824352488,0.033189380665842635,0.11508782190919739,0.042837511122915964,0.12559063872339293,1.0123530979115556,0.0
2012-03-28,0.0018525376658458043,0.025306958685430488,0.11715949268632621,0.03587705270831071,0.11932245736820306,1.011850098624833,0.0
2012-03-29,0.007371985418041535,0.027530014432312407,0.11618000641602386,0.032579414849394715,0.11680590268429325,1.0111829756304598,0.0
2012-03-30,0.00827223550867252,0.02648899603811719,0.1157998140665287,0.03533724991787441,0.1206931054690982,1.010863066660667,0.0
2012-04-02,0.0016231544594617932,0.036831268787520036,0.11648362321196169,0.04130795762495917,0.1281203972205507,1.0110736637076374,0.0
2012-04-03,0.0006376552826280538,0.03682052321176754,0.1164904175790491,0.03549560763956823,0.12278386825053614,1.0107798420564724,0.0
2012-04-04,-0.004352279642353027,0.04159303549365827,0.10890619124876855,0.02388564190125808,0.11103018871711118,1.0096299777504132,0.0
2012-04-05,-0.0031423527566122335,0.03414145440455985,0.10767302345295533,0.022204864771803286,0.10992887225183244,1.0085797652788744,0.0
2012-04-09,-0.018564352585816034,0.01294716977398005,0.11209223927103774,0.009703473492309985,0.09695941630434023,1.006764921669574,0.0
2012-04-10,-0.04278027132321055,-0.007840610330902966,0.12669300321241495,-0.007919384342239008,0.0781352004138972,1.0039381377943393,0.0
2012-04-11,-0.03062124479753001,0.0001483929950066385,0.13002619014518185,-0.0007941553855784768,0.08633688212442704,1.0023041503761783,0.0
2012-04-12,-0.007679653486141594,-0.004735922151752305,0.1224541119718426,0.011074878722349276,0.09996960795726831,1.0020244028572245,0.0
2012-04-13,-0.019139030277876327,-0.015624046940271209,0.12903393919945538,-0.0017085422609515615,0.08648071357059386,1.0008337745473255,0.0
2012-04-16,-0.008501125029633023,-0.022053478314932505,0.12684603924067397,-0.00308194938690579,0.08540714467700723,0.999838202233325,0.0
2012-04-17,0.023130072729249707,-0.008733637071596283,0.13797053823346198,0.010930464028271926,0.10108379946131736,1.0002291255750773,0.0
2012-04-18,0.011683209202983843,-0.01603159482473676,0.13740054285312403,0.006819345925810499,0.09706760319593445,1.0002620040049723,0.0
2012-04-19,-0.007739158459009702,-0.019557552571091014,0.138633730044786,-0.00015611226496312138,0.0897643068436507,0.9997720995493199,0.0
2012-04-20,0.005888833696220018,-0.016250231001687807,0.1388941677231022,0.0010264477030485887,0.09132106591027904,0.9995231584491832,0.0
2012-04-23,-0.0018990253948269658,-0.017464883652573676,0.13966711495853099,-0.007681949192570885,0.08199207237763641,0.9986638706207994,0.0
2012-04-24,-0.012808134150607487,-0.016897887557351565,0.13988837576624266,-0.004420359883380708,0.08588959054155541,0.9983052818771141,0.0
2012-04-25,0.004175562924488702,-0.0172366394089689,0.13944278162336338,0.008564006234549356,0.10035249941829794,0.9991297009683059,0.0
2012-04-26,0.017561690409702922,-0.0071800489857405825,0.14169439937095343,0.014774994941997873,0.10754680879862692,1.0003440512328754,0.0
2012-04-27,0.01753295066303696,-0.0005698180044966506,0.1408211600429894,0.015496554127871414,0.10889875359464232,1.0014219065623284,0.0
2012-04-30,0.022266639090806943,-0.0025702299798082686,0.14129212241701605,0.011089811459908852,0.10431193785964356,1.0019497697145892,0.0
2012-05-01,0.0246731372074284,-0.0004969858585956817,0.14225712546980449,0.016655010109304147,0.1106932794398741,1.0028392457824906,0.0
2012-05-02,0.008085878513747044,-0.010773915354683649,0.1400387575284277,0.012970465964651056,0.10686485945802798,1.0032615006732766,0.0
2012-05-03,-0.006513760950668683,-0.014331465219037321,0.14171823788756202,0.004692731665252462,0.09805150878050765,1.0029420451189086,0.0
2012-05-04,-0.024443123702466072,-0.020660662064609696,0.14847419460371467,-0.011678701127800535,0.08003530183772875,1.001368414405439,0.0
2012-05-07,-0.02000315404877182,-0.019431031271967852,0.14858571243405483,-0.011067115775673163,0.08062201586838236,1.0001751162725119,0.0
2012-05-08,-0.030223714475823654,-0.012156347748603304,0.14426325132889517,-0.015032692369481872,0.07611365127446365,0.9989196293544955,0.0
2012-05-09,-0.03318402383253129,-0.0011776678640043805,0.1331733800557656,-0.020702581169041966,0.06956160489459251,0.9974779749986189,0.0
2012-05-10,-0.023468584809824364,-0.0071788052313316725,0.1301524922105867,-0.01862565937073244,0.07156567543320372,0.9965356888012515,0.0
2012-05-11,-0.010197670709989151,-0.023178679288457255,0.12099541078498846,-0.021369322360310413,0.0680384425244001,0.9955965986504219,0.0
2012-05-14,-0.022050086397290045,-0.02234208739138157,0.12008089875398771,-0.031830953582710264,0.05597745643310219,0.9940350337356664,0.0
2012-05-15,-0.023788335845821983,-0.02744355856479227,0.12115833435791906,-0.03699841479793711,0.04966489649180997,0.992422894483946,0.0
2012-05-16,-0.021671316056882963,-0.04597905665013705,0.10641326402030353,-0.04049697030292842,0.04540026613654274,0.990938803948925,0.0
2012-05-17,-0.03867406496632195,-0.057536079400637465,0.11521625788606504,-0.05414835332130535,0.029598280758165205,0.9887093064683558,0.0
2012-05-18,-0.044250868609278446,-0.059690389438726,0.11632467703924859,-0.0613343212612138,0.02056310837533593,0.9864103985690335,0.0
2012-05-21,-0.016085685411025452,-0.04431660649862704,0.13459275600118925,-0.04450913575300106,0.03754964425182017,0.986073461966306,0.0
2012-05-22,-0.008586358919613497,-0.0341308920895788,0.13317050291251442,-0.04218087594402449,0.03878595250087537,0.9861001326124429,0.0
2012-05-23,-0.004225267268421545,-0.03739618976795111,0.13197109300637122,-0.04067603614339314,0.03844726919569286,0.986317730391187,0.0
2012-05-24,0.012680696314791077,-0.049030946010335086,0.12054721106849935,-0.03784548533052757,0.039798831179475434,0.9867970118804313,0.0
2012-05-25,0.0180268224197969,-0.05922525742863202,0.11573601910755443,-0.03985084259198084,0.035548941439538566,0.9870640787006696,0.0
2012-05-29,0.013023831420758329,-0.04882572574090567,0.12594208894937833,-0.02728839123995645,0.04734360644706962,0.9883768842212084,0.0
2012-05-30,-0.003334136133662964,-0.059731667314048706,0.1329266251895384,-0.040133114956905365,0.03152021327550199,0.9883766004405263,0.0
2012-05-31,-0.006066446502940875,-0.06813577347832038,0.12884643051036998,-0.04099224074833718,0.028736719058016797,0.9883322315860209,0.0
2012-06-01,-0.03352928095112289,-0.09064610547520502,0.1501227992507517,-0.06349052766698271,0.0024266400993430332,0.9864337799096075,0.0
2012-06-04,-0.030748203208341197,-0.08345969968630454,0.15017328052780562,-0.062408154729546673,0.0015532187606952632,0.9850487376034635,0.0
2012-06-05,-0.035243734512136145,-0.05962633655057574,0.14822840858548486,-0.053843249973127845,0.008492051996472048,0.9847109104108104,0.0
2012-06-06,0.0015927414569617306,-0.03813577180831516,0.17159970881715397,-0.031215218805960027,0.030302082018461983,0.986378397143529,0.0
2012-06-07,0.00440198379106101,-0.03351007521143571,0.1715993757675237,-0.029328228770402944,0.030078497383711805,0.987889062503135,0.0
2012-06-08,0.03782117119887713,-0.0196409104437966,0.17387666717133818,-0.020548609722385883,0.03752095571713857,0.9898473248583419,0.0
2012-06-11,0.025510848916032655,-0.03448026596044752,0.17820008388297007,-0.031728278739961126,0.023741061823488445,0.99047423657523,0.0
2012-06-12,0.029392735277650503,-0.020035930562936084,0.18373276923216442,-0.019461785987737925,0.03476044174162999,0.9919879605400059,0.0
2012-06-13,0.0007576459587170913,-0.015328039452308023,0.18115536028237325,-0.02432560863245349,0.02750536149009547,0.9927513649183093,0.0
2012-06-14,0.010695976099596325,0.0009742367339825985,0.18423038576133074,-0.012847132188390146,0.03783108270210132,0.9942779898252897,0.0
2012-06-15,0.012950899750322476,0.014981305363408838,0.18688557930183536,-0.0020097092912040996,0.047831094101833914,0.9963608673991093,0.0
2012-06-18,0.027666378156056697,0.031860177161931125,0.17800537666856192,0.0006202004793007857,0.049259032401862975,0.9981881606785636,0.0
2012-06-19,0.025866916427451682,0.050081854473794055,0.17614369175095043,0.01057068801135929,0.058694029652058353,1.0004192552654867,0.0
2012-06-20,0.030659910117646207,0.03141755607636364,0.1682645959611419,0.008890521692311717,0.0561506688851591,1.00202454447801,0.0
2012-06-21,-0.002579093241498267,0.006981502412097825,0.18795573222086517,-0.013181635304036229,0.03173243161724782,1.0014353421156637,0.0
2012-06-22,-0.0050817483464939035,0.01412482428533648,0.1896709716975197,-0.0048969442178227185,0.039044451182915524,1.0015688462929917,0.0
2012-06-25,-0.023183156318757947,-0.004003675471617903,0.1983152310911013,-0.02010603981998684,0.021796664719019487,1.000371871994683,0.0
2012-06-26,-0.027795747235544132,0.0042592848184530175,0.19877451143907962,-0.014539351733713984,0.026194761038087763,0.9998251445268234,0.0
2012-06-27,-0.01719765878896722,0.0011960658666380925,0.19674914449441094,-0.004882418126022809,0.03468588705931499,1.0001137904395065,0.0
2012-06-28,0.002639162144513495,0.012954800690274288,0.1897929881109903,-0.006964529404106235,0.03103222487580817,1.00011026427294,0.0
2012-06-29,0.019587756042627177,0.039779026830904535,0.20675958848076356,0.01792703564395953,0.055944724309927155,1.0020911285691179,0.0
2012-07-02,0.03876057750798627,0.06828618298749127,0.18117014420279723,0.021105012623189742,0.058403012059331655,1.003857806889799,0.0
2012-07-03,0.04031856387784896,0.07532605190464318,0.18098994262274812,0.027633485010869444,0.0646463543195116,1.0057267215885803,0.0
2012-07-05,0.026820435353876442,0.06326023573265069,0.18248649131687975,0.022968048483298798,0.05908880516226836,1.0067503747732223,0.0
2012-07-06,0.020129339053364288,0.03149139828667685,0.17330718550554788,0.013698477952600742,0.04832528394840147,1.0067022745851157,0.0
2012-07-09,-0.0057473584317507395,0.02962968460809279,0.1735479604388366,0.013050539645490912,0.04617900139111833,1.0064868926696948,0.0
2012-07-10,-0.01751411203829168,0.012950899750322448,0.17527471557174584,0.005047951794824217,0.03613244275551,1.0055456600209194,0.0
2012-07-11,-0.02393563468118118,0.02587956830742935,0.16841242779077045,0.005950650677450927,0.03539173816510747,1.0047569768054816,0.0
2012-07-12,-0.024270434568094152,0.009597065886906031,0.16541389701910536,0.002054004809373951,0.02961616650127935,1.0036994293260617,0.0
2012-07-13,0.0019170522776566553,0.03265080460561642,0.17247326856992617,0.01945487017273133,0.0460816610640063,1.0041569149474385,0.0
2012-07-16,0.0008128523745540967,0.019746560883050563,0.16977037454362107,0.017525994914062735,0.042727950357119515,1.0042774325665187,0.0
2012-07-17,0.016414905786011402,0.016414905786011375,0.16786855274212337,0.024503027686464087,0.048994296122685375,1.0048723540532172,0.0
2012-07-18,0.02364443223980775,0.021857622391180404,0.1693922920616025,0.031939761628367945,0.055708075165835445,1.005876694026863,0.0
2012-07-19,0.031118884993858408,0.014849034453312754,0.1666340615947664,0.03435155344833227,0.05727522054737641,1.0068045347053385,0.0
2012-07-20,0.005289445512401174,0.00728034000037138,0.16999588243625244,0.02466847575178146,0.04656213963250889,1.0067104178495339,0.0
2012-07-23,-0.0025138756269245492,0.019811778497624277,0.15331916471148477,0.014342150369816559,0.03508771322936392,1.0057489652777147,0.0
2012-07-24,-0.01798142284947716,0.0035152312830281137,0.1546941590197977,0.005780106770261912,0.025442185456174046,1.0042473921566413,0.0
2012-07-25,-0.02513668388004867,0.019904094829889682,0.14285751779780248,0.005923790943627522,0.024884566869085172,1.003039273655483,0.0
2012-07-26,-0.011391369783971175,0.03125341190488571,0.1520418634366691,0.021979007260137434,0.04105680796123934,1.0033614396906096,0.0
2012-07-27,0.016064687619374136,0.04054268640871274,0.16095028672795597,0.03979723223225882,0.059401683674320825,1.005050844727381,0.0
2012-07-30,0.02622790810968539,0.04340052446279617,0.16018161546581583,0.03847441408065324,0.05859985976185855,1.0063103001793368,0.0
2012-07-31,0.02783282122139281,0.011760296461793742,0.14031424970359999,0.02987820284614976,0.05042970662307985,1.0066532667552415,0.0
2012-08-01,0.026737071764509793,0.007880589086413205,0.1401048457564387,0.02801220622513955,0.048836556723523265,1.006774402634068,0.0
2012-08-02,0.0034456076828333826,-0.005619544290129871,0.14038683776131064,0.0201332980365019,0.04086848120946014,1.0062365746819388,0.0
2012-08-03,0.0048197735551909725,0.018542024610027262,0.1553168208711121,0.039161702261758684,0.06075701636451318,1.0073240783178776,0.0
2012-08-06,0.006755360816392387,0.030026546225824263,0.15062188945778135,0.03996937613590566,0.06198776906252653,1.008244431825351,0.0
2012-08-07,0.018775908639641,0.03628356353318548,0.15077569469731306,0.04379955490166168,0.06647790816985534,1.009272107239731,0.0
2012-08-08,0.020858285385910176,0.04625298651061506,0.14591600562847173,0.04390255817428725,0.06702097843625716,1.0100637752365915,0.0
2012-08-09,0.028640356585317852,0.04695644697636916,0.1458116297563464,0.04331628125546029,0.0672390704916095,1.0106331640852164,0.0
2012-08-10,0.010635597358733201,0.0534480565368546,0.14354922795675049,0.04346717953036357,0.06818530808928107,1.0110857306442622,0.0
2012-08-13,0.008202921325234681,0.03631241527340229,0.1343285308995589,0.04090177254777718,0.06690894643285845,1.0112696697352634,0.0
2012-08-14,0.0033436639392202894,0.03881437509785166,0.13364676949107074,0.03899831820386713,0.06648726063079947,1.0112936790563107,0.0
2012-08-15,0.0032686480757996026,0.03310672880040326,0.13241573537552281,0.038256565536969975,0.06711826617782923,1.011272689434155,0.0
2012-08-16,0.00976679923539303,0.03307881397195443,0.13240035595485045,0.044271242387147434,0.0742412049102002,1.0117184644701624,0.0
2012-08-17,0.009469230043877562,0.031798401586873755,0.13234764239316582,0.04400824583078864,0.07477991927701512,1.0120376768378914,0.0
2012-08-20,0.010036818624180979,0.041059788385182094,0.12667575955312674,0.042585021060589,0.07403765369215412,1.012152170845631,0.0
2012-08-21,0.006866404491106856,0.04819465521588307,0.12032764995546173,0.0377542843560926,0.07008287523012746,1.0118564820868812,0.0
2012-08-22,0.006153448369382363,0.057241600019262776,0.11389264469516118,0.03673821961007013,0.06979590670993505,1.0115219967229245,0.0
2012-08-23,-0.00941124712745561,0.048804250724547485,0.11982363472745294,0.02686630810449736,0.06039005044036539,1.0104706302327555,0.0
2012-08-24,-0.004723751307690934,0.03846602006315399,0.10946613963352525,0.031756528974248764,0.066169022369603,1.010009016261755,0.0
2012-08-27,-0.0045819720197712655,0.020413128746036683,0.09174747715619953,0.030863186405173267,0.06557976324737588,1.0095496140599338,0.0
2012-08-28,-0.0025433986160269214,0.019423348490170755,0.09194346609813071,0.02879435887870632,0.06376332381151988,1.0090011106152619,0.0
2012-08-29,-0.0021886991839889405,0.027220079613881024,0.08730533302189228,0.028724831437587504,0.06391665844795204,1.0085306539009131,0.0
2012-08-30,-0.0012088935741274807,0.02085828538591021,0.09195338769492964,0.02056710134821528,0.0555739402661744,1.0074879026110366,0.0
2012-08-31,-0.0024759873801371464,0.03254442500018346,0.08809804662717285,0.024136440757883786,0.05992822437911056,1.0069648025176257,0.0
2012-09-04,-0.0036095635790108775,0.011983791611834832,0.05883377499756468,0.02207066862246,0.05820118440156205,1.0064019999153802,0.0
2012-09-05,-0.0034712741786639863,0.009196713495114377,0.05881123787669613,0.019783250635659434,0.05647919666762539,1.0058202023154552,0.0
2012-09-06,0.015844732379558267,0.02428890335379829,0.08903713223532435,0.03870896053133257,0.076965051351189,1.0069138135631768,0.0
2012-09-07,0.02696573587358843,0.026965735873588463,0.08953909471307687,0.04107609773702425,0.08008583366203567,1.0080021250144475,0.0
2012-09-10,0.016510636116654147,0.020414704531519758,0.09275425035122524,0.033562823380621304,0.07289770995815512,1.0082980176460272,0.0
2012-09-11,0.020215488682094874,0.021563682935196508,0.09294285056622291,0.0352791585698325,0.0747159004774502,1.008657291891471,0.0
2012-09-12,0.024396794025179573,0.025390586195059274,0.0930975346164921,0.037555844486673116,0.07709869775868713,1.0091060261247107,0.0
2012-09-13,0.019424942530956814,0.040370181945534815,0.10467582037254629,0.05197674684221277,0.09233807220034221,1.0105773726229514,0.0
2012-09-14,0.019961675589424393,0.04365876338721326,0.10498387799646494,0.05505892687069377,0.09599420231973495,1.0119605502232791,0.0
2012-09-17,0.02225796057546984,0.032905865871596565,0.1047874324994723,0.04978381888391412,0.0913093128615076,1.012621217673452,0.0
2012-09-18,0.018655728988458197,0.03075018187977714,0.10511260949455548,0.047231564905554475,0.08945949545554358,1.0129225338135401,0.0
2012-09-19,0.015871374233772138,0.031225141804650434,0.10504611084914925,0.045926347290628965,0.08909070639108223,1.0130508508200256,0.0
2012-09-20,0.0008181786510725294,0.03432195610550049,0.10391053112492038,0.04412943588123382,0.08825731635346502,1.0130043806362308,0.0
2012-09-21,-0.0040241759352549426,0.03348113908257595,0.10407475086575148,0.041744846992061456,0.08690049807241441,1.0127831085256935,0.0
2012-09-24,-0.0021323509342049997,0.04018476206484718,0.0985597055063644,0.03859789830807284,0.08438927683379138,1.0123405695719316,0.0
2012-09-25,-0.01201240097011168,0.023461532217356404,0.10647796266771127,0.026171377986280383,0.07194177640468363,1.0109977216588393,0.0
2012-09-26,-0.0181951568137131,0.017611957010708605,0.1090025824452332,0.019291671011527022,0.06512824532610703,1.0093733923437822,0.0
2012-09-27,-0.008885970174101733,0.027979384547425684,0.11266617782971863,0.027725557291429108,0.07424396176278499,1.0087400670875604,0.0
2012-09-28,-0.013111258463070964,0.022558579803493933,0.11455166548943554,0.02195215779773505,0.06833519193755618,1.0077740311892702,0.0
2012-10-01,-0.008965678719328202,0.03242797691964647,0.11056566806625312,0.02339941497305743,0.07015595850974014,1.0071387429624201,0.0
2012-10-02,0.0027720401811268947,0.02870955977862045,0.10995269207036416,0.022994257826630952,0.07028129228123255,1.0066425793762026,0.0
2012-10-03,0.012484088715072367,0.03370560930479185,0.11000458011757727,0.025447585202914187,0.07364559411286345,1.006503929895607,0.0
2012-10-04,0.01024855791572847,0.041699216641818145,0.11123372723000753,0.03092055577556774,0.08023743452569775,1.0068941859693625,0.0
2012-10-05,0.01496009150521918,0.02167393892915485,0.08970619652006005,0.029437739942698337,0.07935213544289911,1.0071249215539138,0.0
2012-10-08,0.008897219176227756,0.014359460222285795,0.09034865062087212,0.024804836995916197,0.07473483525924741,1.0069480309286636,0.0
2012-10-09,-0.002078729797590209,0.010120193864376093,0.09518542400091969,0.013779234762211162,0.0632929488277771,1.0059374999309432,0.0
2012-10-10,-0.012553472756411957,0.0009366478662850225,0.0976711674130732,0.00642008468241816,0.05577957483485724,1.0045710800124619,0.0
2012-10-11,-0.019137810085859467,-0.0018353874692208926,0.09696585816480707,0.006062851315824679,0.05563991569228529,1.0034919605160446,0.0
2012-10-12,-0.02248957804787467,-0.020240581649676632,0.08008286986641475,0.0017840239110609435,0.051408953686171814,1.0023464158556625,0.0
2012-10-15,-0.010769067176088765,-0.016371282543227363,0.08437004865713678,0.009352856930011482,0.059392680841152165,1.0020800848577591,0.0
2012-10-16,0.009250103624469262,-0.002887663086624484,0.0917013638293879,0.018630132689306158,0.06926715369988423,1.0026549038317794,0.0
2012-10-17,0.02017482643844546,0.0024557453162722836,0.09305934836480433,0.022301551182281925,0.07330480054009268,1.00343807393883,0.0
2012-10-18,0.017014381228069083,-0.0006923804749239459,0.0935145712322385,0.018778625417052334,0.06972948738950528,1.0038014100032333,0.0
2012-10-19,0.0034929800761325062,-0.017565780224616658,0.11008353628106024,0.0013077418065973036,0.051238225041970925,1.0027031151344532,0.0
2012-10-22,-0.004661528037181399,-0.01700863464515382,0.11012713093169839,0.000983241158454891,0.050707228089043134,1.0018222200270837,0.0
2012-10-23,-0.028716378101183077,-0.02947169025360256,0.11921264532445212,-0.013098406702278303,0.03554817966305263,1.0000095031457834,0.0
2012-10-24,-0.03607408923046518,-0.02160594294408122,0.11450592651906535,-0.016024571280545557,0.03209735367674483,0.9983629907736615,0.0
2012-10-25,-0.030567873453301683,-0.013065097114512533,0.11399600006667136,-0.01333254448305799,0.03456326792376274,0.9973159325852118,0.0
2012-10-26,-0.014328944533256827,-0.023008754583771752,0.10805486413756343,-0.013906526490536832,0.033458090176771066,0.996479188799979,0.0
2012-10-31,-0.014468074817697043,-0.0183654509997799,0.10732875701809204,-0.013896204306366417,0.032913929618618935,0.9958617415870283,0.0
2012-11-01,0.00992094573644136,-0.010585065797832999,0.11372850269395522,-0.0037647992124022344,0.04314249487927596,0.9962513226537704,0.0
2012-11-02,0.0038218199039483057,-0.020556163221259808,0.1172157098634008,-0.012699766074685424,0.03338654337785984,0.9958891087878009,0.0
2012-11-05,0.0029648900234311966,-0.022584295806153707,0.11632109640589135,-0.01078511272353633,0.03503785841302719,0.9958136370718088,0.0
2012-11-06,0.011325861968136276,-0.021931450531363948,0.116922644418382,-0.00346757985545806,0.04264459136804525,0.9964233486068856,0.0
2012-11-07,-0.01159860073435404,-0.04492414323935312,0.13917694680890366,-0.025911650776231157,0.01864102359459291,0.9951263730198341,0.0
2012-11-08,-0.03411183836280089,-0.05359412333686164,0.14336516506912184,-0.037255124070699,0.0060804480329601125,0.9932152280671639,0.0
2012-11-09,-0.024310667673949148,-0.04278810109761875,0.14122262232374003,-0.03608339947909616,0.006677987926118879,0.9918537759962274,0.0
2012-11-12,-0.025561785955605005,-0.035592609005346755,0.14062041393982208,-0.034981200563595265,0.007173254415028553,0.9909353493431732,0.0
2012-11-13,-0.036834287155744785,-0.039627927601249266,0.14050065043380477,-0.03806888833504753,0.0033876071902786166,0.9900409071111056,0.0
2012-11-14,-0.02750069541779672,-0.04993526060927517,0.14621237336363707,-0.05045991888746239,-0.010391198907249528,0.988386184153764,0.0
2012-11-15,-0.01709737596139482,-0.059922432122167704,0.14102911444603172,-0.05145953152896559,-0.012292857109807782,0.9870782914738153,0.0
2012-11-16,-0.013040785499050377,-0.06507899022113839,0.13611525991171317,-0.046270264257821776,-0.007627191383632685,0.986575974756784,0.0
2012-11-19,0.006200243217540849,-0.04956719222625137,0.15618851032955186,-0.026440199118981718,0.012147422363286288,0.9879188420111892,0.0
2012-11-20,0.010109284685059762,-0.04653302414425859,0.1564825758962639,-0.0254234904897131,0.012339933152747666,0.9891434194416554,0.0
2012-11-21,0.025566411729876795,-0.027861828955530882,0.14766783811276904,-0.023151844689197322,0.013973464554091385,0.9903761409177616,0.0
2012-11-23,0.04079282926728963,-0.014468074817696675,0.15637541754357193,-0.009593229640443585,0.027469379840948008,0.9925411673813694,0.0
2012-11-26,0.03374241280604734,-0.0026201993139079653,0.14890156427481718,-0.011338847108088523,0.02499595814195558,0.9941494963645524,0.0
2012-11-27,0.008588571177852987,-0.004904531817933199,0.1496335269601903,-0.015628776963572535,0.019506041856177728,0.995064496600289,0.0
2012-11-28,0.01617697054832145,0.00021181985736454158,0.15201575467244086,-0.0070061723012590765,0.027376299285518386,0.9964821497447275,0.0
2012-11-29,0.018965236734869103,0.005432352312595047,0.1528399403435534,-0.0018352422952454962,0.031841262525947475,0.9980073980478111,0.0
2012-11-30,0.005643689852424985,0.00564368985242535,0.1528371867541469,-0.0011063161374360543,0.03172396834751083,0.9992402950605803,0.0
2012-12-03,0.0028318969787521093,-0.009709248071597218,0.14920354386457912,-0.005400290833900279,0.02631279497917758,0.9998165892318385,0.0
2012-12-04,0.006534090631558012,-0.0021922610903234935,0.14606624662205775,-0.006152532818509794,0.02459356725024822,1.0001564846168756,0.0
2012-12-05,0.00028265373169603634,-0.0024704164343706207,0.14601780469605347,-0.003780762008871663,0.026142786970608296,1.0005624444732166,0.0
2012-12-06,-0.0009852160701520792,-0.006878725725693311,0.14378940005237933,0.00011562648024777878,0.02934305958953169,1.0011453999624458,0.0
2012-12-07,0.0018272943476221272,0.019069584934401515,0.11823329413191674,0.0033832985546215326,0.03214654557956344,1.0018313457565053,0.0
2012-12-10,0.007185208637803519,0.03158779892900719,0.10842997058028225,0.003922171144228691,0.03228766322737381,1.002380731986779,0.0
2012-12-11,0.015385897998908899,0.03750430458253455,0.10992008886384382,0.010928482349313005,0.038995051500949,1.00332944991764,0.0
2012-12-12,0.014104912236942187,0.03719628175817657,0.10996023039405196,0.011486989153967285,0.039186505644146025,1.004071816731885,0.0
2012-12-13,0.004567473927881485,0.034523035357932955,0.11194014594703681,0.005528437857916083,0.03254888948227746,1.004111238895914,0.0
2012-12-14,-0.002179161612399396,0.044391118739798834,0.09955206835155983,0.002131148142918569,0.028447702275633917,1.0037974039282571,0.0
2012-12-17,0.009083246402655214,0.057768421293057225,0.10380046860403118,0.014097293952104666,0.040230455414810504,1.0044450805436649,0.0
2012-12-18,0.013365367070215843,0.06391045715180077,0.1075353121363075,0.025493290741780184,0.05142370798733374,1.0057948041844074,0.0
2012-12-19,0.005420787164643004,0.036416825705278724,0.09413340213391767,0.018140260736086787,0.04325170359502003,1.0061787872805608,0.0
2012-12-20,0.01730733032376415,0.04172108099663734,0.09499789261248401,0.024071994915328073,0.04878417705976416,1.0068697706537877,0.0
2012-12-21,0.01191129757058072,0.03073600458050276,0.10249882549692392,0.014833010525412258,0.0388842634842911,1.00659744517204,0.0
2012-12-24,-0.002858389930612872,0.01411720209515472,0.09362526736710997,0.011694778197979807,0.03537131900208015,1.0060620863120666,0.0
2012-12-26,-0.01814985471655994,0.01201818962919348,0.09469165207000367,0.007516592478623935,0.030738810672260943,1.0052372392570716,0.0
2012-12-27,-0.012034505907031577,0.015793748620394163,0.09271588183694761,0.006211967061894332,0.029096159073028077,1.0044247165161686,0.0
2012-12-28,-0.028636989549706192,-0.003092879101390297,0.09704444305333973,-0.004233391440650567,0.017862489982140795,1.0028778950755861,0.0
2012-12-31,-0.00266470973415648,0.009106058111477182,0.1126034201513071,0.01299421079028618,0.034954162708269294,1.00297107210998,0.0
2013-01-02,0.025728268473580482,0.03420178071631022,0.14176211925953255,0.03882579005268649,0.06115642486816826,1.005056650821727,0.0
2013-01-03,0.027690448869047393,0.03687674151948876,0.14049843123862654,0.036340925813491846,0.05845655573526561,1.0064399931710848,0.0
2013-01-04,0.033414286164264596,0.042673944153100746,0.14028480923747785,0.040301889126680264,0.0627973056834625,1.0078004051534537,0.0
2013-01-07,0.04154440281138694,0.0381688699783006,0.14125616856381748,0.03693267117836396,0.05958605356053631,1.0085488553477893,0.0
2013-01-08,0.021809400382426722,0.03190067456405597,0.14204554811435113,0.033196572749018945,0.05623893450860608,1.0088012745613673,0.0
2013-01-09,-0.0009591327046699354,0.03141535366401815,0.1419907064912932,0.03495680634294485,0.05857245719656855,1.0091009359296053,0.0
2013-01-10,0.00922127453690228,0.03891280741858752,0.1436414653299166,0.04220243159425338,0.06660687580792965,1.0098690736211542,0.0
2013-01-11,0.004770825411251569,0.03205887156544342,0.14263462577107353,0.041140327003326344,0.06622757721390056,1.0103479144738405,0.0
2013-01-14,0.006827664356046099,0.030891622097404516,0.14279899135325175,0.039459221845472986,0.06518420370202552,1.0105464185506994,0.0
2013-01-15,0.010388978041039427,0.03772217867721392,0.1401409528888325,0.039394795902750315,0.06555926760643549,1.0106336751049825,0.0
2013-01-16,0.007714429007822452,0.04130894428424,0.13890649688267695,0.03830139619496424,0.06505702562578192,1.0105674621545584,0.0
2013-01-17,0.0062353676548493695,0.036064928670781676,0.1354288014567791,0.04395543889532709,0.07156373746508947,1.0109120749754597,0.0
2013-01-18,0.008530999302701254,0.027224503797928828,0.1311325534504647,0.04534280354117309,0.07360485904716838,1.011233876519099,0.0
2013-01-22,0.014589726838712031,0.04006056177147353,0.12783361953814104,0.04944335976594287,0.07899196940190703,1.0117890483746408,0.0
2013-01-23,0.015517688482082917,0.03593253683553269,0.12707359033171647,0.0493151347743093,0.08026130974582538,1.0122145908607554,0.0
2013-01-24,0.01592164034190525,0.04531928705556453,0.12100934336176299,0.04779692509891654,0.08008002966338179,1.0124257175994804,0.0
2013-01-25,0.015088433479926595,0.05401175208132114,0.12000530930091485,0.05177700258970415,0.08558611778378776,1.0128988606163203,0.0
2013-01-28,0.011662369784122164,0.05703672829861093,0.11829219446784793,0.0485716827244572,0.08363817736760139,1.0130203146652472,0.0
2013-01-29,0.01020700384863086,0.062302071527135974,0.11741939864020613,0.0503912526773284,0.08726844802881106,1.0132801532025564,0.0
2013-01-30,0.004675680604740389,0.06924520698997927,0.10929499538940765,0.044046897739757465,0.08247585787667813,1.0130116736032984,0.0
2013-01-31,0.0019391897409632426,0.04992318653068425,0.09912027885573578,0.03940604841345375,0.079225210477047,1.0124527189676549,0.0
2013-02-01,0.006567081152889906,0.034850564760630566,0.06198082270773853,0.048193084705984685,0.08967612490880021,1.0126954295756048,0.0
2013-02-04,-0.003538311286032783,0.02580796814353075,0.0756066749494261,0.034785687677574874,0.07692785718199141,1.0118292182086406,0.0
2013-02-05,0.0025853526318176338,0.03147313799468901,0.08094224916338262,0.04341794088616298,0.08722110269704424,1.01182157816687,0.0
2013-02-06,0.007237260491687933,0.03493806467028026,0.07953554888291628,0.04262169369805319,0.0873934608396148,1.011736864233263,0.0
2013-02-07,0.008381364748596234,0.03649515089685376,0.07859165488819965,0.039677914386020696,0.085352583500247,1.0114280083506628,0.0
2013-02-08,0.0036961945374291393,0.039505892002729644,0.07966285071818492,0.04367243399669962,0.09071035015539157,1.0115006226058412,0.0
2013-02-11,0.014802796942925155,0.031389490549553624,0.07682313934138908,0.04184650006263316,0.08983512700113198,1.011407764777773,0.0
2013-02-12,0.006401346256950504,0.03310365884038794,0.0766128829850843,0.042003105079479484,0.09103276718015378,1.0113352441736738,0.0
2013-02-13,0.0065277376107442395,0.034638137924978406,0.07622694495570204,0.0413236600560149,0.09140055213440668,1.011215798625438,0.0
2013-02-14,0.008771881879146244,0.034878054734960584,0.07619301385736549,0.04059587399851353,0.09184306384463735,1.0110663489008114,0.0
2013-02-15,0.002039821968138617,0.033831284963045806,0.07658931586887478,0.03768467310196167,0.08997902489412932,1.010726374746176,0.0
2013-02-19,0.009704232934039854,0.03485835582874411,0.07748264420213889,0.04364685426056773,0.09755989054956553,1.0109371590882066,0.0
2013-02-20,-0.004483572571474619,0.020089086966212068,0.091705931552385,0.029186963904642503,0.08335799225479248,1.0099697137462527,0.0
2013-02-21,-0.01143555466655832,0.008612856419708052,0.09333531457384081,0.02167839900588206,0.07624890753049465,1.0086134645883833,0.0
2013-02-22,-0.002630406058739909,0.016729960194137757,0.09872739732095867,0.030203821936928384,0.08609510850904542,1.008227954751133,0.0
2013-02-25,-0.02065778370902429,-0.002748139087883735,0.12066227130772358,0.009702419184244734,0.06488624295502804,1.0063074597889567,0.0
2013-02-26,-0.021302104710279466,-0.0015321823614619506,0.12146165112534915,0.015579508752243716,0.0715694677570837,1.0052692373679375,0.0
2013-02-27,0.0037598843245971545,0.01218660150668706,0.1289270212536788,0.026944513883575546,0.08435212800186132,1.0053949679451923,0.0
2013-02-28,0.007880207751381676,0.006286060322458868,0.12861900908636567,0.023461858864952344,0.08151737329237005,1.0052728460921825,0.0
2013-03-01,0.0014476143111747854,0.013501893900572152,0.1280616089522465,0.025541942819394967,0.08435440516190937,1.0053804860278481,0.0
2013-03-04,0.025969049204008214,0.021281720375161232,0.1285148544736779,0.02981278814343355,0.08930804765377331,1.005829461407381,0.0
2013-03-05,0.028065371763092407,0.019966108248740545,0.12740144952004165,0.037499228382542105,0.09815665642946263,1.0068329657260182,0.0
2013-03-06,0.016905606573384656,0.03263051936610449,0.11935112795691692,0.03746008225639017,0.09871370334633857,1.0076470625499583,0.0
2013-03-07,0.020693583120977535,0.024394290811618764,0.11530777383553674,0.0376697377151475,0.09968093333301328,1.0083402199341696,0.0
2013-03-08,0.021656118123189932,0.02792075153207415,0.11578690084623494,0.04026837280197249,0.10327403879187884,1.0091285635973324,0.0
2013-03-11,0.020133644832574626,0.03303400045913962,0.11566490349708627,0.0422251455718025,0.10642711131432721,1.0099442845776965,0.0
2013-03-12,0.008968853343842478,0.025238767055153877,0.1154403290773319,0.03792908555335376,0.10293672637320707,1.0102832807248867,0.0
2013-03-13,0.009020409710064198,0.02684813213324353,0.11532907210056773,0.03720060418933613,0.10348126545392994,1.0105422781903652,0.0
2013-03-14,0.012519809244583492,0.03051275379925175,0.11617172583131302,0.04074017969310186,0.108317097805978,1.0110507557464734,0.0
2013-03-15,0.006943435343356642,0.02833644926468655,0.11655692553676464,0.0379233826298434,0.10580850812153805,1.0112121087748636,0.0
2013-03-18,-0.002379475498882666,0.021882643081110705,0.11897569321990616,0.030837809007375722,0.09876310852454037,1.010763122784253,0.0
2013-03-19,-0.0024594963446408517,0.020739448742374402,0.11931048606909578,0.027228243823657683,0.09521189039973113,1.0101016784135524,0.0
2013-03-20,0.0030897761017863864,0.02023367530099006,0.11897680772884701,0.032980874182381784,0.10180552000585061,1.0100260149499836,0.0
2013-03-21,-0.01079957482130011,0.024196751549426257,0.11399633178788784,0.022873628561925794,0.0912742763324522,1.0091643679101752,0.0
2013-03-22,-0.0014773863267910168,0.038294617604453844,0.11315767357938071,0.02968089789318577,0.09886369695745188,1.009025006535162,0.0
2013-03-25,-0.00012938213551487877,0.024383667004335727,0.11116200728381542,0.024224451272077098,0.09316597193766826,1.0084766513966488,0.0
2013-03-26,0.010168023753590157,0.05156525620498885,0.08525964616740402,0.031089671681553726,0.10086285116878438,1.0085893012663378,0.0
2013-03-27,0.0032069725046145487,0.04474275251588407,0.0841246557107792,0.029747663179534742,0.09981585847118742,1.0085779525311331,0.0
2013-03-28,0.014854289483046321,0.035291156707875415,0.07532864538963932,0.03151786701852581,0.10216870541108623,1.0087165502001776,0.0
2013-04-01,0.0028880795868206546,0.03330248943989282,0.07684500593499351,0.026131290096654918,0.096745724826445,1.008405762578449,0.0
2013-04-02,0.011996710595118091,0.03493276328827903,0.07750582377631421,0.029911482926264686,0.10112108617653434,1.0084607651698296,0.0
2013-04-03,-0.0061657916717726,0.01943041532920803,0.08640589960099405,0.01845797286300938,0.08896117321482407,1.0075910954313718,0.0
2013-04-04,-0.002115409376962714,0.014561971375828948,0.08227825475594407,0.02160078369127927,0.09241163627181939,1.0071464643445256,0.0
2013-04-05,-0.009685315860067763,0.008700234274423,0.08416373669224911,0.016152980125838233,0.08661948926942203,1.0063575256514332,0.0
2013-04-08,0.0010255193307683007,0.01363442564968358,0.08688705946868168,0.02203144985919546,0.09305313320029927,1.0062056516371132,0.0
2013-04-09,-0.00044680184561961484,0.01282984331946948,0.08651026366485885,0.024603082757790842,0.09593693774644507,1.0062920263322308,0.0
2013-04-10,0.021918864985757798,0.021215635482391193,0.09486534017459344,0.035898807781744486,0.10837492579252568,1.0072684984332418,0.0
2013-04-11,0.021140366824457815,0.02673348485644428,0.09440346425244134,0.03804711375277714,0.11088368543519038,1.0082111816482393,0.0
2013-04-12,0.02318907821555898,0.022868902779917776,0.09527707452823933,0.034236965937440106,0.10709736242663481,1.008653196768667,0.0
2013-04-15,-0.0070031254260744386,-0.005888509020974354,0.12626310207506752,0.00946948140616628,0.08046230500600356,1.007027593215947,0.0
2013-04-16,0.004202102983241401,0.010088510959354233,0.13633175600800523,0.02346152149787282,0.09535942004982204,1.0068399598243654,0.0
2013-04-17,-0.022691882547897266,0.0009032284333765923,0.14488256359719956,0.007690454393372665,0.07844782842405365,1.0054435933259431,0.0
2013-04-18,-0.032237314923763805,-0.0030443337226786736,0.1463339352981415,0.0008996156654228479,0.07082603813793871,1.0037918103137453,0.0
2013-04-19,-0.0211284534074574,-0.0013493267293260124,0.14748432111408658,0.008947314540694383,0.07932367671561025,1.003138358854612,0.0
2013-04-22,0.0067466446345456725,0.011657710434871429,0.1448823826972623,0.012652360281976402,0.08328875844900878,1.0029433819127505,0.0
2013-04-23,0.002347434699889647,0.013913331986034899,0.14654409326916032,0.022209935701976425,0.09359677597548752,1.0035792317588346,0.0
2013-04-24,0.017700767867376906,0.018733378436268378,0.14548203618505212,0.021960078683279784,0.09340460072459457,1.0040861512039645,0.0
2013-04-25,0.02801963336040143,0.014807275884132599,0.14369961242915463,0.025150614348487452,0.09687611419027255,1.0047610550680355,0.0
2013-04-26,0.01759587949126211,0.013039580257321546,0.1439391722028033,0.02244560117095484,0.09398590813690921,1.0050913812055091,0.0
2013-04-29,0.019844062911944137,0.016647483863769245,0.14524878621627935,0.028273483442845086,0.10027205202947213,1.0058285638707496,0.0
2013-04-30,0.011970216054203545,0.022995468453417788,0.14428992519603978,0.02963036190505654,0.10184016044596476,1.006529261268918,0.0
2013-05-01,0.002530263076392543,0.009266930917542831,0.14750287720706307,0.019852415391277446,0.09116353891083365,1.0062936997685947,0.0
2013-05-02,0.007729631954949005,0.028702699510854204,0.1451983256376376,0.028121299920139967,0.10030161091560402,1.0067794142099455,0.0
2013-05-03,0.019586583496933024,0.034741573131217285,0.14808293943762127,0.03699629646512439,0.11038066930568192,1.0078960745054912,0.0
2013-05-06,0.015448129607132044,0.041780929330969045,0.14639394020565508,0.038221929473743664,0.1121424989203155,1.008881197153577,0.0
2013-05-07,0.018121261606182333,0.040091210728831816,0.14581820063752274,0.041577612549241805,0.11672274664277044,1.0099564363492928,0.0
2013-05-08,0.03146813818579894,0.041181870948961384,0.14601225433820347,0.04444678818806774,0.12073108481653065,1.0110475162862211,0.0
2013-05-09,0.01940346386094527,0.026187298386041676,0.14197993731514869,0.03995718390177877,0.11647628121740991,1.0115403208253777,0.0
2013-05-10,0.012562975443365595,0.026164181750125068,0.14197580584875366,0.04168233422875025,0.11893684246825134,1.0120530298982633,0.0
2013-05-13,0.010820465098705694,0.029412316214115768,0.1413541048630703,0.040904897859789346,0.11860752051595881,1.0123766060707133,0.0
2013-05-14,0.01604549327138821,0.06313982942629447,0.11186037993811998,0.0499253919888488,0.12887315315787135,1.0133180913366364,0.0
2013-05-15,0.016876160328437716,0.053855928294157696,0.10402766758542534,0.05390429261359772,0.13370532292314538,1.014332484508283,0.0
2013-05-16,0.014990005919348771,0.06386918685328771,0.0875420168194614,0.04742454297091782,0.12726795629958776,1.014572367096223,0.0
2013-05-17,0.02137181799684381,0.07977331467073269,0.08346030040889191,0.055842202930877,0.13699160286669668,1.0153701335594691,0.0
2013-05-20,0.02051652248902861,0.07105729211060177,0.08252495559025737,0.05415499691897974,0.13570445618915813,1.0158059364508547,0.0
2013-05-21,0.011672426765769496,0.0680656115575183,0.08269842849038676,0.05409526115720557,0.1361050646148141,1.016076442513704,0.0
2013-05-22,-0.001143834429865707,0.05036465916440234,0.08642787894901666,0.04483551438728398,0.12647001380374004,1.015498490108846,0.0
2013-05-23,0.0006652853372111842,0.04683370432312199,0.08818381404917366,0.0404711480233139,0.12212860820789262,1.0146346519906757,0.0
2013-05-24,-0.009812108418461122,0.04194157289187014,0.08854268342094422,0.03837924598174503,0.12011444624468479,1.0137224198172115,0.0
2013-05-28,-0.0037805222392400667,0.04968089038009961,0.08845505716356197,0.04322640750732562,0.1257431856786021,1.0133295254432462,0.0
2013-05-29,-0.011732547415629119,0.03648900122994504,0.09208491651389382,0.035120091245082176,0.11740816675175665,1.0123462424126024,0.0
2013-05-30,-0.0006031100754622138,0.037791333034736585,0.09231005393315389,0.03748264311974692,0.12048857298535727,1.0117296657238986,0.0
2013-05-31,-0.012162343757550497,0.03214109748917895,0.10205066121432964,0.021600463997104337,0.10347649788133284,1.0099620864990104,0.0
2013-06-03,-0.005824057139046173,0.028387883797874956,0.09926612805334036,0.025944791759163737,0.10858257861068499,1.0088995657095596,0.0
2013-06-04,-0.016614175726314424,0.013480131156852163,0.09611561678405216,0.01999949334756054,0.10231985386951424,1.007583180776641,0.0
2013-06-05,-0.024198514731467183,-0.0031576431086541863,0.10846698928108908,0.004926336722064788,0.08605653117969284,1.005353484640168,0.0
2013-06-06,-0.0188706616359064,0.0007994097926478528,0.11167857372307256,0.01319841321115078,0.09503681518458425,1.0042539924636968,0.0
2013-06-07,0.008225650394769324,0.008898609698149339,0.11907261101610014,0.024987636381128667,0.10803424139271642,1.0043514190509224,0.0
2013-06-10,0.0027341779568489707,0.011718597893778658,0.11850402155131229,0.02395211607807049,0.10710442508843551,1.004377656885204,0.0
2013-06-11,-0.002816072306804471,-0.001898916593317904,0.12387528347547314,0.012502831639425017,0.09481269236619931,1.0035216041575783,0.0
2013-06-12,0.0029720007981758074,-0.011006107409184073,0.12703186579195108,0.003507690650205483,0.08493857820572914,1.0021529459858949,0.0
2013-06-13,0.00905350986519308,-0.006192573613547282,0.1331380820783116,0.017635688304823732,0.10048311611370464,1.002254609408835,0.0
2013-06-14,-0.00987822600654624,-0.017855776636834617,0.13301384683143974,0.010336498149652616,0.09270105177366142,1.0018065728566956,0.0
2013-06-17,-0.002186743980096866,-0.00545815200566698,0.13539736308948408,0.016968790427811447,0.10020737944327947,1.002049007729438,0.0
2013-06-18,0.01605662469021147,-0.007214109899950246,0.13390963730347868,0.023801848120367283,0.10791571662279709,1.002847799585944,0.0
2013-06-19,0.01045495622058741,-0.021067673677625277,0.1419008473842337,0.008820753848666183,0.09172070537076703,1.0023265226410583,0.0
2013-06-20,-0.029729144580976655,-0.04759414496029343,0.16416109847259838,-0.016264353207495197,0.0639149707431267,0.9999165974904713,0.0
2013-06-21,-0.02023246368119644,-0.036944405888165346,0.16407357451487117,-0.013194325846768211,0.06657898299199702,0.998273268473083,0.0
2013-06-24,-0.04064061060567864,-0.046764047948556806,0.16840067700039837,-0.025554430985659283,0.052427149772994425,0.9960075526008141,0.0
2013-06-25,-0.03894678587007166,-0.03634878735156078,0.17327069236228088,-0.016706321673919385,0.061807721527176174,0.9950181626942488,0.0
2013-06-26,-0.015180981381174932,-0.032468132819560146,0.17594514738063385,-0.007408815690263339,0.071620533786327,0.9950763583576168,0.0
2013-06-27,0.015761684349427596,-0.02009991319523672,0.17675825907299264,-0.0024217578540557255,0.07719328530436882,0.9956442671302879,0.0
2013-06-28,0.008450709863293313,-0.02789058594940982,0.17623991771773928,-0.007381243307670475,0.07206079564174991,0.9958114216196725,0.0
2013-07-01,0.02701005329510283,-0.007591650895903478,0.1711420292402484,-0.0023916687310568305,0.07760121759696613,0.9964564338396307,0.0
2013-07-02,0.016511629887228506,-0.014013100325286104,0.16981543536041926,-0.004040893451125225,0.07588186801005348,0.9969278037855424,0.0
2013-07-03,0.007093876179612929,-0.008760080913632793,0.16917119197808625,-0.00414090147048901,0.07570711668303098,0.9973668700120105,0.0
2013-07-05,0.011972027903914523,0.016070629440144986,0.16569815703039334,0.005861275928820675,0.0866239531455654,0.9986023172424036,0.0
2013-07-08,0.021766445744197775,0.012746521430694352,0.1640049421307177,0.010817958506470271,0.09207960740581067,1.0000439997788597,0.0
2013-07-09,0.023095285108803428,0.007277983818130623,0.15999448642540223,0.01712451429738772,0.0991446716547435,1.0017512926614585,0.0
2013-07-10,0.024388963965535564,0.007641685683400487,0.15998952033036967,0.01665181749259249,0.09875107444292629,1.0030939634397271,0.0
2013-07-11,0.037482408914247305,0.03153840030741899,0.1612021040247065,0.02940874969537445,0.11283001641780877,1.0052069773608083,0.0
2013-07-12,0.0271699900360942,0.04026861867806338,0.1572949228029067,0.0285668112245425,0.11240599013303075,1.0068279075403432,0.0
2013-07-15,0.025294735512590413,0.028987747078091687,0.15007664282846056,0.03132604187021819,0.11573254443172859,1.008322813933173,0.0
2013-07-16,0.014369812028851358,0.03152602185352822,0.14869288418232698,0.026580889117252,0.11060129715676363,1.0090867723339765,0.0
2013-07-17,0.01656946238300699,0.026397892046504345,0.14705505190050194,0.02833080299819743,0.11245450994689599,1.0097846424124197,0.0
2013-07-18,0.00850445853408667,0.023986234151294184,0.1459205472831341,0.033062447186656053,0.11756254029116978,1.010657773097377,0.0
2013-07-19,0.009861160968364127,0.0396748234258401,0.1352555673261836,0.034051460388919284,0.11852667338445214,1.0113581814396304,0.0
2013-07-22,0.007996816517074741,0.06671370817614308,0.09318862407766536,0.03512242321272223,0.11968875166202175,1.011929695365213,0.0
2013-07-23,0.00962387745116905,0.0613823629858937,0.09498113300304088,0.0320930040060773,0.11631327000917834,1.0120644807557433,0.0
2013-07-24,0.0033881066226217923,0.07042660927480478,0.08024019506918688,0.027577219249756986,0.1112734530090207,1.0117338817428418,0.0
2013-07-25,0.0003551966406491725,0.063288216662015,0.07701950527580487,0.029503595947977097,0.11305120131449456,1.0115348292319906,0.0
2013-07-26,-0.00035491817771832364,0.05450088662929671,0.07310455807714338,0.030115344612109494,0.11330549897854271,1.0113311570031456,0.0
2013-07-29,-0.00538353780052066,0.04556848602619483,0.07462246782097265,0.026432472491702202,0.10895582224757787,1.0107937341168176,0.0
2013-07-30,-0.003257193149258252,0.04967445997334215,0.07156430669579132,0.02611652445816171,0.10797958597422415,1.010248979247522,0.0
2013-07-31,0.0011274634333205348,0.04454401941302248,0.07062397820729847,0.026515396430435274,0.10775653003096244,1.009761828661211,0.0
2013-08-01,0.01018886222495488,0.05696544899974139,0.07670845684225126,0.03782769280505849,0.11946865703326329,1.0101923788046165,0.0
2013-08-02,0.010821906146598769,0.05822891659628254,0.07635973867957441,0.03884678502426086,0.12025275424641091,1.010546996667243,0.0
2013-08-05,0.012437832549791873,0.04603429067207218,0.07190128856242205,0.036556080961975275,0.11755152474954006,1.0105832316693464,0.0
2013-08-06,0.006739741192798051,0.03464775542194242,0.07564649892121789,0.030004725922626253,0.11023455866419744,1.0100316697473501,0.0
2013-08-07,0.0027815393169042576,0.024230273621123313,0.07466686009559444,0.026199074949152548,0.10571759267182645,1.0092254282510735,0.0
2013-08-08,-0.005051683627106661,0.027524801407099158,0.07509853179378229,0.02927954841767819,0.10881312736005065,1.0087809133990537,0.0
2013-08-09,-0.009640123763512566,0.011106383918522672,0.061804061472671284,0.025767454227182983,0.10459190253639015,1.0081012136521268,0.0
2013-08-12,-0.009358057845331969,0.009506242790646012,0.06208803314363248,0.023747100129072933,0.10227737828618984,1.007382085903451,0.0
2013-08-13,-0.000707394016806996,0.00864562589254501,0.06157053319232764,0.026013369128075045,0.10443734975908377,1.0069702852293512,0.0
2013-08-14,-0.0026041525558110623,0.007256309036460892,0.06292786715886138,0.02000492880047436,0.09769755205215142,1.0061579799874345,0.0
2013-08-15,-0.02034719344482113,-0.009391854420728964,0.07972079399892969,0.005015033827803503,0.08138469571166262,1.004337154735192,0.0
2013-08-16,-0.02076794310092463,-0.01816601771648863,0.07728155990593863,0.0012141655702653969,0.07687092203758154,1.0025987969627628,0.0
2013-08-19,-0.02599883327900497,-0.026353751456723085,0.07894410132717308,-0.005286338366767143,0.0690927713286442,1.0007012501328945,0.0
2013-08-20,-0.024047351274802408,-0.023398541899332142,0.08108982860843535,-0.0005950232430954334,0.07347347417117023,0.9995886915303906,0.0
2013-08-21,-0.025083787120956248,-0.027451355535664405,0.08292185157878303,-0.007029372118264068,0.06598460083072523,0.9982332085615988,0.0
2013-08-22,-0.001925347028304018,-0.014705308071654773,0.08981017428761937,0.0013977218768014984,0.07477601447217012,0.997905762108018,0.0
2013-08-23,0.004752695120453671,-0.013768519236684129,0.09027898802474846,0.0043783133173548,0.07749275785663379,0.9979404661173229,0.0
2013-08-26,0.007437648077071708,-0.018561185201933054,0.09065388494875383,0.00019762985044813192,0.07249167490425523,0.9976945358380561,0.0
2013-08-27,-0.013681552690576446,-0.03169655678938793,0.10495453037034037,-0.015860951123841425,0.05430172874309409,0.9962479995319101,0.0
2013-08-28,-0.003957751189387052,-0.028151913575793212,0.1063064013749891,-0.01225235207822421,0.057088504514864497,0.9954319154329562,0.0
2013-08-29,-0.011446631806487957,-0.02727940331146327,0.10656135239407286,-0.010874177906416125,0.05780311276057532,0.9949674327175271,0.0
2013-08-30,-0.017985952587580498,-0.04194333404921951,0.09596465842720155,-0.014611449169161217,0.05349704891472189,0.9944085896194385,0.0
2013-09-03,-0.009746469340759997,-0.03912956068929182,0.09780718738406871,-0.010789320257106055,0.05721546582328191,0.9943899426073087,0.0
2013-09-04,0.014707499443775276,-0.029426889895404533,0.10389234641490086,-0.0036477445259982207,0.06485537822630445,0.9950953501210444,0.0
2013-09-05,0.012428926536226547,-0.022462728232364716,0.10306084289093333,-0.003271034161787356,0.06511437479305957,0.995805257609474,0.0
2013-09-06,0.011326468839627561,-0.018734473788739964,0.10287792373448337,-0.003496418994673318,0.06462974880448201,0.9964478687317518,0.0
2013-09-09,0.024029662248966965,-0.012861988173145883,0.10803282306007146,0.005256025836825614,0.07376616543632175,0.99775730837027,0.0
2013-09-10,0.02688751154134342,-0.0026019253844358353,0.11110958159765393,0.0116664387848839,0.0806101006958467,0.9994028067849448,0.0
2013-09-11,0.021782372217126804,0.0017135401670542456,0.11159647729132828,0.013864972081852181,0.08294827944628344,1.000949563682927,0.0
2013-09-12,0.017856148596920796,-0.0038991856186369267,0.11147077331309177,0.010235554136336037,0.07902805665182046,1.001932426745872,0.0
2013-09-13,0.019620546557645932,0.0034902253247170293,0.11026289801592183,0.011533995786596049,0.08037395176925763,1.0028597514678987,0.0
2013-09-16,0.015860711479706104,0.02334591675138135,0.0987836174784434,0.01650297229336602,0.08554606684358451,1.0040176973220882,0.0
2013-09-17,0.012943565714030558,0.031109583430519352,0.09806212206619563,0.020171946096901684,0.08930306774994314,1.005236084906066,0.0
2013-09-18,0.02131810791897179,0.049030481365031,0.09952418471230824,0.031006218022809465,0.10074560796466214,1.007062088289066,0.0
2013-09-19,0.02230034212943314,0.04244850778559862,0.09999389011529104,0.02835014772956889,0.09772490493365474,1.0082667398308178,0.0
2013-09-20,0.013038068467507102,0.04161208091318039,0.10089610250299928,0.020661242293466813,0.08892103505909285,1.0085432007525303,0.0
2013-09-23,0.00262832613201211,0.027899589911697477,0.09992848940409267,0.01554498326588594,0.08279499284367453,1.0082877303451943,0.0
2013-09-24,-0.004180443847427635,0.022176444462638042,0.10042303906302295,0.012889050125729154,0.07919481748075183,1.007803909699945,0.0
2013-09-25,-0.018583030492778447,0.023009802795180844,0.09996328845210585,0.009680194779620222,0.07506018137978641,1.0071046999413054,0.0
2013-09-26,-0.013067585002620313,0.04306247547355474,0.0779123137526968,0.013253089608041294,0.07815587457912286,1.006782411720589,0.0
2013-09-27,-0.010659071594948975,0.03491076050761845,0.08099889959325993,0.008492226214705453,0.07222795418557242,1.00608468685488,0.0
2013-09-30,-0.011362544511264457,0.027983677206920972,0.08455881748448024,0.003159547151138294,0.06558247721518537,1.005044154052831,0.0
2013-10-01,-0.0011212702808446467,0.03904112676937389,0.08580257779062558,0.01102075304507476,0.07300499457817862,1.0047993140789249,0.0
2013-10-02,0.000827751428195259,0.033584023564136097,0.08575925945376482,0.00996167993611612,0.07096904364560898,1.004477171654956,0.0
2013-10-03,-0.012273096487450667,0.0160818795423288,0.09001186682662812,0.0006591329854260074,0.06019048252990413,1.0034372327688807,0.0
2013-10-04,-0.00011834906773461589,0.02236348490365729,0.0930313354577783,0.00814653944357142,0.06732377317678481,1.0031832323590908,0.0
2013-10-07,-0.0034581968714091603,0.01319901149588425,0.09898099447696167,-0.00046589996204416946,0.05722095162602899,1.0022577541368565,0.0
2013-10-08,-0.023058501352469722,-0.0080470368320628,0.10221416422994278,-0.01183700166638548,0.04413391478129081,1.0005822493178027,0.0
2013-10-09,-0.021387966331086014,-0.01469145430829334,0.09838389270820853,-0.01086352385283547,0.044071983039760954,0.9993169434510003,0.0
2013-10-10,0.009204411509287781,0.003503918834489774,0.12413660400052241,0.010306144494459239,0.06561009414311075,1.000029134803696,0.0
2013-10-11,0.008078995095276244,0.012586331402012738,0.125509931305508,0.01676351798965832,0.07144443670027244,1.0011029658826036,0.0
2013-10-14,0.020746957740032452,0.014325422678270767,0.12594137894900986,0.020724335679962125,0.07466076792972276,1.0022515540628054,0.0
2013-10-15,0.025181889998696923,0.0012741416869280122,0.12740338437102192,0.013340852716066024,0.06580331362369965,1.002537824899963,0.0
2013-10-16,0.0383264265358752,0.010691406513551296,0.13541816617197477,0.02710551450415862,0.07961328362407259,1.0038504391180443,0.0
2013-10-17,0.02365809356634708,0.005843904481865057,0.13143987257437018,0.033369980431406265,0.0858311093281891,1.0053711920466024,0.0
2013-10-18,0.023967659996297498,0.0142536492688771,0.13308101643917958,0.03967837198162877,0.09211218421455196,1.0070430262121282,0.0
2013-10-21,0.02003902694726732,0.021326381158030976,0.1301516691890525,0.03900545737244965,0.09114454345823897,1.008269227479888,0.0
2013-10-22,0.03309386204974857,0.03173967760466446,0.1294484339624574,0.04413664341676377,0.09638133102071535,1.009598619879133,0.0
2013-10-23,0.01442406182421797,0.029295912185196896,0.13063975678834994,0.038421841659671205,0.09007085784298524,1.0101338178227701,0.0
2013-10-24,0.011080436417707822,0.03550737139235132,0.1298395837471962,0.04097690077511236,0.0926235556085897,1.010701742725926,0.0
2013-10-25,0.008905956436159655,0.036227190707657064,0.1300133651637827,0.044443503960094236,0.09655414843993708,1.0113890502605059,0.0
2013-10-28,0.010438690348120406,0.042424143101100355,0.12796659278299413,0.044715692597847655,0.09722915223093305,1.0119209036822812,0.0
2013-10-29,0.009984035258116846,0.05308625737404576,0.1255444661193676,0.048647085932814006,0.101972745310414,1.0126275813120034,0.0
2013-10-30,0.009804330565538266,0.0402215130315798,0.12653347749624555,0.04201788355496354,0.0954308636344558,1.0126284672682806,0.0
2013-10-31,0.0036472126377680163,0.03832683260192407,0.1272414363455424,0.037587354194174485,0.0912776510019368,1.0122538442086457,0.0
2013-11-01,0.0014764476974357186,0.04997673489254345,0.12068023057759794,0.03872323000063959,0.09285560522619028,1.0120108357174562,0.0
2013-11-04,0.0033991659454896484,0.04594165811432462,0.1193047139969676,0.041025959215523565,0.09565985305015995,1.0119642180913953,0.0
2013-11-05,-0.00509284422345706,0.051451610021997864,0.11440558595126314,0.036377355217552726,0.09119921930187207,1.0115339826002498,0.0
2013-11-06,0.004979772922512726,0.06825978730656225,0.10236615205249638,0.03987970910097102,0.09575451050441079,1.011473432821454,0.0
2013-11-07,-0.0049042545170486385,0.054810544415961455,0.11621222713818453,0.025310009447522087,0.08097504695061808,1.0102754501617108,0.0
2013-11-08,0.006110038452351418,0.04688236183560708,0.10256547099688118,0.03745009856429162,0.09457054419340351,1.0102924789629406,0.0
2013-11-11,0.0027669225147995634,0.04062958553384794,0.10163002082143552,0.03587245343482543,0.09376267551385786,1.0102000858191253,0.0
2013-11-12,0.003906999791177316,0.03461165207314272,0.10223601915029422,0.03215750926517387,0.09058429311316656,1.0098467237167368,0.0
2013-11-13,0.006806481806912861,0.04988437911477819,0.09907024305811493,0.038811937841998684,0.0983039084912948,1.010099249884713,0.0
2013-11-14,0.02450726782329599,0.04099138570338224,0.09048772413270814,0.04228120286366849,0.10270613538525392,1.0105807942198368,0.0
2013-11-15,0.015448221781565463,0.03867249005082547,0.08931625873339007,0.045016147138914504,0.10644943455590462,1.0111845231889884,0.0
2013-11-18,0.011773099205292884,0.028435024742843314,0.08929416661771256,0.03983786303334313,0.10149288964417066,1.011242178601227,0.0
2013-11-19,0.011629283726537641,0.026201908852413046,0.09003483999460145,0.03625892394499886,0.098081886908918,1.0109816940777168,0.0
2013-11-20,0.0005044060093276118,0.01729492307435724,0.08967850651388336,0.03183630938019154,0.09365812818395035,1.0103999918209643,0.0
2013-11-21,0.003563435971545771,0.030130759850710044,0.09055550972551323,0.03874645663631357,0.10143119513796897,1.010470213641493,0.0
2013-11-22,0.004211880560057506,0.031803934193175155,0.09117707918437722,0.04246223253483665,0.10588496594804063,1.0108058051123128,0.0
2013-11-25,0.006720993554521083,0.026250061861204748,0.09087096699772457,0.040087134800704395,0.10373520404493061,1.0108617653962277,0.0
2013-11-26,0.009174266369867722,0.024937484874160358,0.09092285097324991,0.03912628071065164,0.10300135457709036,1.0108016998841147,0.0
2013-11-27,0.014739252131965513,0.02205013994820591,0.08981278726900659,0.04059057560849541,0.10463655904614824,1.0108252111492095,0.0
2013-11-29,0.006040345279509556,0.026366774564681335,0.08737289177182982,0.038817137412887,0.10286459710005076,1.0106646474519596,0.0
2013-12-02,-0.0015497874587507635,0.026606934096656376,0.08723490011867015,0.03495445375318279,0.098975785751582,1.0102071703718665,0.0
2013-12-03,-0.004883520510959678,0.01989009365280935,0.08922899456771607,0.029323566645119984,0.09327159906630555,1.0093856407478778,0.0
2013-12-04,-0.0052717188380040836,0.016266600090666626,0.0887981606106931,0.02800851398983998,0.09213471210729733,1.0086261883870298,0.0
2013-12-05,-0.012109528661042514,0.015033455510620455,0.08958800035392443,0.022331916088452405,0.08632087185720928,1.0075821137917065,0.0
2013-12-06,-0.00033115710864611847,0.021055844533522487,0.09552751701733629,0.03243157741505017,0.09742201162575763,1.0075659311139746,0.0
2013-12-09,0.004807532114833809,0.036318720728538825,0.08149444004298638,0.03358286395073721,0.09905996780710141,1.0076698281664587,0.0
2013-12-10,0.005547806886404117,0.01932786208686205,0.07147217175443675,0.02838596513768921,0.09403101435767054,1.0073746441504852,0.0
2013-12-11,-0.005635351892225147,0.007864325683641914,0.08307912911214926,0.015752485394729333,0.0807956512051466,1.0061596249870584,0.0
2013-12-12,-0.0045368660471597,0.006589589672283435,0.08365973118945146,0.011370140974812357,0.07629301187275925,1.0048754735784815,0.0
2013-12-13,-0.015764322267150008,-0.0015149595405403809,0.0788602063719705,0.010053496418034342,0.07525612880268108,1.00380451676399,0.0
2013-12-16,-0.012090514246378126,-0.00027906134113529595,0.07996566131216816,0.015158746798468962,0.08102669132686192,1.003415603189054,0.0
2013-12-17,-0.011685538669178605,-0.00780589836388202,0.07904608767053538,0.01064598810518337,0.07672553043656931,1.0028184572157954,0.0
2013-12-18,0.016536521179301787,0.012627747657650814,0.09820866881595706,0.026016911256976073,0.09413693627471438,1.0036746347761083,0.0
2013-12-19,0.018687147960056234,0.013647453905802024,0.09790839251647417,0.022995440308775077,0.09192080172040464,1.0042083246767644,0.0
2013-12-20,0.024598767952488273,0.022579402402620276,0.09844816441535831,0.027396253346438252,0.09730269320616153,1.0050443746531037,0.0
2013-12-23,0.02371515875357573,0.019872661440894654,0.09646335885995373,0.031346395256632104,0.10218037305172943,1.0060698652616011,0.0
2013-12-24,0.02908910554773647,0.01707132662379694,0.09546660057878767,0.03210032393764111,0.10358500039710873,1.0069772482947112,0.0
2013-12-26,0.01723202416118844,0.023138778264318163,0.09632743854508038,0.03558554609169031,0.10815765241541926,1.0080152393183581,0.0
2013-12-27,0.018334168076907246,0.022807355612841543,0.09637001591722692,0.034049079050345855,0.10708937277839778,1.0087275963434208,0.0
2013-12-30,0.012371163945073614,0.02021131421572837,0.09633261806811967,0.03254010090761921,0.10589619978175417,1.009169000087003,0.0
2013-12-31,0.011763948140655267,0.025596264302040362,0.09699150937516413,0.03611855949987007,0.11005811630779677,1.0097885553600794,0.0
2014-01-02,-5.4497352763383314e-05,0.018566616729784317,0.1033287050211381,0.02510086265034948,0.09840684113382506,1.0093837486457096,0.0
2014-01-03,-0.005289654884285109,0.022732643890992728,0.10167430526609893,0.023965344830454465,0.09725121770788471,1.0089458637023128,0.0
2014-01-06,-0.008137844194315553,0.01994123025653007,0.10254324170781831,0.02000038697981354,0.09307504809231965,1.0082684476626294,0.0
2014-01-07,-0.0018513535750759478,0.030469489301694932,0.10210049950035273,0.025201094234147053,0.09879114705932875,1.0081333456667314,0.0
2014-01-08,-0.006354830067416093,0.019572591343270385,0.0958936115927482,0.02444955262765772,0.09801312618002797,1.0079513891703074,0.0
2014-01-09,0.003928061387022714,0.017687146001973218,0.09571781087742172,0.024163049908961846,0.09775017564142353,1.0077698043195784,0.0
2014-01-10,0.006811386434040527,0.023996223438629134,0.09452448417918699,0.026044464493073533,0.09974117606676638,1.0077563276823933,0.0
2014-01-13,-0.0036806872386567005,0.02189589491009851,0.0982144053735784,0.011676722478649213,0.08422068872205443,1.006587923294359,0.0
2014-01-14,0.001035074979011695,0.03604143032786633,0.10245364719889828,0.02169698529714817,0.0950549596945734,1.0064617917207497,0.0
2014-01-15,0.006192273807512529,0.04152918741793292,0.10298190200304908,0.026130665868986457,0.09996506778994073,1.0067201663988479,0.0
2014-01-16,0.00423810241461799,0.03401576266296933,0.10237593641875856,0.02382449618959299,0.09750271696240218,1.006740080517672,0.0
2014-01-17,-0.002719092525812187,0.03296266958199555,0.10306139015067765,0.01855347767278718,0.091880517957204,1.0063387733392524,0.0
2014-01-21,0.013611729735564407,0.018971103466361133,0.0869232625442794,0.020646808870878955,0.09406969256894933,1.0061868289010993,0.0
2014-01-22,0.003424229313569727,0.020778511681379817,0.08660856820136723,0.020145403437404067,0.09379144782523091,1.0060489558547523,0.0
2014-01-23,-0.010178270028271994,0.006752149437172651,0.09034249545134947,0.011064363297253747,0.08391440466520461,1.0052154158563396,0.0
2014-01-24,-0.03044436805666027,-0.02014376414726667,0.11596759167951168,-0.010784274717065846,0.06007553336162506,1.002803609994809,0.0
2014-01-27,-0.031137331211448894,-0.027263767177189816,0.11615489297284998,-0.01586843713940572,0.05419651104753399,1.000491763195854,0.0
2014-01-28,-0.0281370722120661,-0.02639799290689341,0.11679004251062253,-0.010189493157569769,0.05976058895676467,0.999134610656971,0.0
2014-01-29,-0.038439717883559446,-0.035995374279086875,0.12022602775681236,-0.019593515336014455,0.048817293853886355,0.9973210721263813,0.0
2014-01-30,-0.019668180449038952,-0.025287194956939915,0.12747024815816246,-0.009217517326066562,0.05917567260157484,0.9967555448753953,0.0
2014-01-31,-0.0039767282344839,-0.035884440522405844,0.12654545182395702,-0.014992198197757304,0.05217913504344441,0.9958840955292875,0.0
2014-02-03,-0.02180768373712609,-0.04901695356155253,0.14389088096665845,-0.03674509385563111,0.02781987563477123,0.9934662923063987,0.0
2014-02-04,-0.020764989394844,-0.041873327417452304,0.14733495129095991,-0.029771514019376204,0.03433765231781865,0.9921780148586342,0.0
2014-02-05,-0.012368386926518534,-0.040225917011289865,0.1473175002828523,-0.03058410295100283,0.03238871045990637,0.9911531165589721,0.0
2014-02-06,-0.009811868648774397,-0.03324771003063837,0.1539491804191846,-0.017544196077143755,0.045321269496993,0.9914803763654593,0.0
2014-02-07,0.008382917540022983,-0.021146692914966764,0.1612666836532788,-0.005368914163850997,0.05752379834882568,0.9928176855550351,0.0
2014-02-10,0.03298003093256087,-0.019964984016014375,0.16147180780781042,-0.003575711025251923,0.05872046604373102,0.9940946272292573,0.0
2014-02-11,0.036885420972570054,-0.011799292878922774,0.16621805776370618,0.007124461186454682,0.06948390669274368,0.9960400606703215,0.0
2014-02-12,0.03863446490281638,0.0020892351301832124,0.15953643828029299,0.007393959688483891,0.06921987009344212,0.9976470303010516,0.0
2014-02-13,0.030682871477535713,-0.0035999135321143506,0.15588661279399826,0.012207935864651128,0.07392662306527295,0.9993474119638344,0.0
2014-02-14,0.023866842011955634,-0.00347212471052366,0.1559445246185924,0.017204124739831118,0.07896088630153195,1.001130050693068,0.0
2014-02-18,0.023227049946959046,-0.0009760364836733158,0.15595524645377074,0.017804039792726482,0.07939835623878443,1.0026062960801057,0.0
2014-02-19,0.005698526309480385,-0.0033816740436302026,0.15698913637485845,0.010501025392860875,0.07149316852313387,1.0031932624765683,0.0
2014-02-20,0.01108785440018576,-0.0004346402051954336,0.15805013005396373,0.0159996684540804,0.07703343735414143,1.0040894634666995,0.0
2014-02-21,0.004796976371680925,-0.0022271664740031527,0.15807609931584346,0.014452206690702601,0.07505641233091934,1.0046506129913422,0.0
2014-02-24,0.004825136624742607,0.01153128194249094,0.1563456678729369,0.019501455373461648,0.08025882505426105,1.0054815165840172,0.0
2014-02-25,0.0032509487196104737,0.03271928029259743,0.1342482139874967,0.018319680441312186,0.07907818430656237,1.0060366467843533,0.0
2014-02-26,0.009948926431069482,0.037704583598888175,0.13230871209172082,0.01751367459604027,0.07838244981937718,1.0064050217721725,0.0
2014-02-27,0.00929957426888249,0.03700200627575316,0.13205377003830274,0.021877858266122707,0.08325788231186855,1.0070406631099555,0.0
2014-02-28,0.012966853465743475,0.04917940487529977,0.12536028316554032,0.023557416425797922,0.08525068258759858,1.0076594038245215,0.0
2014-03-03,0.0003784379439868337,0.03157790033551673,0.12567651134791488,0.015545615821932564,0.07694704759388445,1.0074865051704653,0.0
2014-03-04,0.014715152547322544,0.05141116107440387,0.12971816352560833,0.029044574757166156,0.09129670940011551,1.0083896462124622,0.0
2014-03-05,0.015566585758465968,0.07507885309448023,0.09226440239879832,0.02915945901349306,0.09154295120565994,1.0090701561467044,0.0
2014-03-06,0.01262014922662624,0.0703871448972234,0.09151165025200778,0.03076845496398936,0.09328569591559674,1.0096807809051158,0.0
2014-03-07,0.01051936938020593,0.07206716118202423,0.09062682746472188,0.030559840442315994,0.09299903298849871,1.010079082001195,0.0
2014-03-10,0.017045026001703635,0.058434794985994756,0.08438935076276555,0.02942303636729278,0.09163290427206058,1.0102300521379342,0.0
2014-03-11,-0.0018676542376970537,0.041160589296683835,0.08093763784649674,0.023957433572144207,0.08547120072313916,1.0098313706624529,0.0
2014-03-12,-0.0025057277003506335,0.03959309446156873,0.08114998934887432,0.023847354234701808,0.08499047518605062,1.0094276429569622,0.0
2014-03-13,-0.016070560317006585,0.01743116360764676,0.08633159960583392,0.012215618884365127,0.07215753992623108,1.0081047693952938,0.0
2014-03-14,-0.01930775156907968,0.014124944710128179,0.08724852410125555,0.00937650587028568,0.06846661815493613,1.0067531661255809,0.0
2014-03-17,-0.009773152742226544,0.017978770766232503,0.09069347973874324,0.01812573653242162,0.07741103552551029,1.006333547397163,0.0
2014-03-18,0.002294031445283888,0.01958777873001209,0.09189561362324092,0.02485856471328245,0.08426324974405108,1.0065022274036293,0.0
2014-03-19,-0.003316443148970338,0.013049601365639348,0.09441672978934383,0.018918914985810494,0.07771203736086767,1.006131230533137,0.0
2014-03-20,0.01378287489136917,0.025515512189535544,0.09217930923116656,0.024390997067829975,0.08316962379717285,1.0062367962407985,0.0
2014-03-21,0.012708923892954395,0.015746014202896813,0.0921575292819143,0.020028141025356383,0.07809031669405203,1.0059362986079696,0.0
2014-03-24,-0.0004384433608213018,0.012743351033730274,0.09351097801985149,0.015520905933047772,0.0728270191835008,1.0053024074759416,0.0
2014-03-25,-0.0028159214331600884,0.011946720672109392,0.09302180143372397,0.020007809393303915,0.07714702150090215,1.0051233497624175,0.0
2014-03-26,-0.004691372386791714,0.0051072802592371565,0.09683875416578816,0.012219545754606199,0.06867610840844673,1.004349080817926,0.0
2014-03-27,-0.012624591248977548,0.002941994509488511,0.09718187500407673,0.009895172716865677,0.06566199402794418,1.0035252057901953,0.0
2014-03-28,-0.003820108579813624,0.0026263313542006965,0.09697933301980376,0.014692275679090264,0.07008424880243973,1.0032309215999429,0.0
2014-03-31,0.008485108987228991,0.008261606555215788,0.10063303110727152,0.022626785591887556,0.07804323494288967,1.0036167851055429,0.0
2014-04-01,0.010358738780656233,0.021927021508778788,0.09900639830484222,0.028797687017745963,0.08430676840237902,1.0044087730570777,0.0
2014-04-02,0.020918298041556753,0.011310425753471362,0.08774912237522532,0.031619672207384514,0.08706886931378646,1.0052463446710755,0.0
2014-04-03,0.02170473630113639,0.009080145052158931,0.0879714005789631,0.02967596869361175,0.08481307701711997,1.0057332658339497,0.0
2014-04-04,0.004893780846074676,-0.0051000370263508685,0.09741111313051083,0.017013070362933907,0.07118196179183883,1.0050959224558493,0.0
2014-04-07,-0.014380463088417858,-0.016638225913408,0.10436599035004986,0.005089546857703538,0.058489419308321314,1.0036576409205014,0.0
2014-04-08,-0.016874474904354,-0.011992479397278847,0.10574409631184482,0.0083678533334779,0.06198917856396826,1.0028137888972004,0.0
2014-04-09,-0.009522007274510505,0.0036560727166579108,0.11131767055647562,0.01823185417332096,0.07241244275395935,1.0029730252141336,0.0
2014-04-10,-0.029427151071006484,-0.017841278318496922,0.1337408149982201,-0.0038715817035766434,0.04907653178160733,1.00137934066576,0.0
2014-04-11,-0.02658407195698604,-0.015613548666330324,0.13176026804825205,-0.013174571814458918,0.03892057003747297,0.9994024323312547,0.0
2014-04-14,-0.0076236847472446224,-0.004954159091572945,0.1347909004546336,-0.005999272033704119,0.04638045931708961,0.9984727354504201,0.0
2014-04-15,-0.004874249577333342,-0.007093576232385645,0.13313675048809268,-0.00032580846177482093,0.05280103615477406,0.9983044745750372,0.0
2014-04-16,-0.005144692860497974,-0.003782651589123949,0.1359358084529356,0.008888036197495458,0.06300813255242983,0.9990247576540088,0.0
2014-04-17,0.017481003216884124,0.0029561680473575366,0.1347098918512912,0.00898591814907518,0.0636569085509457,0.9997118020416185,0.0
2014-04-21,0.03001187593511173,0.0006154523774122341,0.13370631640499253,0.0113725839522107,0.06651101217394335,1.0005325438381591,0.0
2014-04-22,0.026698688471849558,0.009035605487322218,0.1337810938119335,0.01498084453316486,0.07052612373616453,1.001533583503765,0.0
2014-04-23,0.017490166732810317,0.010835033861245975,0.13314958322943538,0.01170420416644077,0.06723196736347221,1.0021100568728503,0.0
2014-04-24,0.009092130134881787,0.008125399978917926,0.13239652105864586,0.013028064841066455,0.06863177329801065,1.002699520412656,0.0
2014-04-25,-0.0005368721967626113,0.00711066823738664,0.13317533808671858,0.00417823034430408,0.059161514358211494,1.002470540860689,0.0
2014-04-28,-0.0008560261026519761,0.012384017523737807,0.13320600206118063,0.006851402801660626,0.06185572263182705,1.0025155682515574,0.0
2014-04-29,-0.0007456182265866002,0.012110095840549243,0.13309717809160232,0.011044177184500403,0.0661120461410959,1.0028940835799447,0.0
2014-04-30,0.004577142329512023,0.006927067203529008,0.1305626087560747,0.013527061109217574,0.06860581944326342,1.0033961124503141,0.0
2014-05-01,0.0026582287745073037,0.000424889972768996,0.12855019135104775,0.012968117236729354,0.06801482983795082,1.00375821311183,0.0
2014-05-02,0.009456260928477829,-0.004351368875692283,0.1280592925051316,0.010996873517397981,0.06580159364348069,1.0038831577383185,0.0
2014-05-05,0.008206872596444427,-0.001113846180954156,0.12819437264409148,0.012351643293830854,0.06717670975677982,1.0040896533544716,0.0
2014-05-06,-0.005179799987094287,0.002036515007380278,0.12495187344406643,0.003250906751592987,0.057286882484357496,1.0035061232224847,0.0
2014-05-07,-0.002286052439085004,0.019021477852861863,0.11948515311736903,0.008741768811070336,0.06288618776713897,1.0034775078986649,0.0
2014-05-08,-0.0034573677253397035,0.013841997151783293,0.11907904515273213,0.007274062573136836,0.06112433638797997,1.0033301452035355,0.0
2014-05-09,-0.0005313035809006072,0.004639334817917615,0.11344162467342896,0.008457029675453233,0.062050294719690216,1.0032958245560684,0.0
2014-05-12,0.00724441647468228,0.03555772136473461,0.08733390935272185,0.01780342964346262,0.07168399700412496,1.0040089368592884,0.0
2014-05-13,0.01688200527933588,0.04550259224370219,0.07824190428101821,0.018082683455611148,0.07193846789390618,1.004592230153382,0.0
2014-05-14,0.0062611617919338634,0.032906324392040345,0.07888371568006827,0.013009115195047358,0.06617026713433274,1.0046140538250552,0.0
2014-05-15,-0.0014930623897919547,0.01722318433932468,0.08414713950561188,0.00406331976059961,0.056175461306260666,1.0038747405909156,0.0
2014-05-16,0.00047822590801116375,0.01026225358642675,0.0773153473046262,0.0074705063435033334,0.059187987131444394,1.00352701516917,0.0
2014-05-19,-0.0055473704568408,0.012529347691009687,0.07804596207965037,0.011026054644108043,0.062459547717815,1.0035069723028829,0.0
2014-05-20,-0.012767752465632314,0.0027229638429581496,0.08082236717205321,0.00462822783491068,0.05519376825059441,1.0029466855941744,0.0
2014-05-21,0.00036989779920035964,0.006577533719391149,0.0844889098680318,0.012795780972991604,0.06345692674434447,1.003144012152328,0.0
2014-05-22,0.01161824725879558,0.011351264865309942,0.08421464303166161,0.01491844273296909,0.06537438621073796,1.0034570953766053,0.0
2014-05-23,0.012156884455353007,0.013327007906897972,0.08492861282967484,0.018334835988055145,0.06893558550016445,1.0039836579999388,0.0
2014-05-27,0.014622094303110702,0.027688314190883,0.08048961403980064,0.023754281520913908,0.07477626055083891,1.0048432312395899,0.0
2014-05-28,0.020215542310446765,0.023794532256056895,0.0804959357910496,0.02236424631904321,0.07325143548884444,1.0053998827077761,0.0
2014-05-29,0.016986234142829806,0.024309386088807557,0.08079811520155332,0.027045336547986108,0.07802547718533805,1.0061886102083648,0.0
2014-05-30,0.01616735038296426,0.022941472918762182,0.08054832435769034,0.027949652288817357,0.07899054490028164,1.006862973153149,0.0
2014-06-02,0.013307465034966756,0.023976244167357424,0.08046841994111141,0.028467604240008285,0.0794179434989057,1.0074022342409692,0.0
2014-06-03,0.006660566945927775,0.02489262020833295,0.08016070990606156,0.027211402808469322,0.07798827017057193,1.0076959397744831,0.0
2014-06-04,0.009413084604692673,0.025000744264305146,0.08017394886831168,0.028439126211609867,0.07927069642766339,1.0079990634117872,0.0
2014-06-05,0.010754410617224524,0.04024359669312637,0.07348924721682183,0.034250156091652016,0.08533698911801786,1.008667662788731,0.0
2014-06-06,0.01391526424298653,0.03914278960083372,0.07283874664636127,0.03804693229688714,0.08954809711215245,1.0094748113274283,0.0
2014-06-09,0.013797342826930873,0.041230954719628,0.0721365482275984,0.03789641023672544,0.08964811963511471,1.0100770554018803,0.0
2014-06-10,0.014418348507683143,0.039842272296916705,0.07241099626187546,0.03689004338512501,0.08879029794582186,1.0104380221434146,0.0
2014-06-11,0.008914950560359224,0.02667127834998209,0.0688405636357151,0.03241968320401216,0.08407819503607818,1.0103181149530935,0.0
2014-06-12,-0.0046906112807759545,0.01867098013301454,0.0747168264476035,0.02453635816759509,0.07550726495925679,1.009536185390523,0.0
2014-06-13,-0.006418160221497139,0.026463467587402718,0.07213966762453178,0.027088434602341258,0.07779196203075779,1.0090580459926,0.0
2014-06-16,-0.006617535603445374,0.036106481505974584,0.06221455157474193,0.027319608887769048,0.07769986817114218,1.008645683938503,0.0
2014-06-17,-0.0039442100347427,0.03541983635416284,0.062017326804453154,0.029257514836391843,0.07970561800249312,1.008445931739578,0.0
2014-06-18,0.006850733440115707,0.039069382246938594,0.06471277815212535,0.03550748740409313,0.08657637159990071,1.0087801233733544,0.0
2014-06-19,0.015076235225091503,0.04651496782373836,0.05759490233625214,0.035425183431146104,0.08675727527454064,1.0090296238507215,0.0
2014-06-20,0.014060891003458233,0.040154460791660594,0.05303861930796741,0.03645801945855857,0.08795437454210535,1.0092831955754,0.0
2014-06-23,0.012931153141630052,0.03741938738880906,0.05354651389067664,0.03465301712947794,0.08662245782907668,1.009348985188988,0.0
2014-06-24,0.004112759072966125,0.027375710971775956,0.059296561292106226,0.026894969358593288,0.07912248718000109,1.0088077736265157,0.0
2014-06-25,0.001309495116528613,0.02575678306035651,0.05788525291856119,0.03006781426750864,0.08306371748279028,1.0086441916441236,0.0
2014-06-26,-0.0005270031828765925,0.025772422330415,0.057878612424528776,0.028018456836268073,0.08139567780570155,1.0083591553993858,0.0
2014-06-27,-0.0006124873590778875,0.022555739289752897,0.05617257400857815,0.028872632799921746,0.08260946139942589,1.0081956019565568,0.0
2014-06-30,-0.0008176841897863957,0.020434352816058397,0.05639769048020331,0.027243767447438123,0.08115884740657148,1.0079322341358061,0.0
2014-07-01,0.011896086435308047,0.025964332372117246,0.05975852242723478,0.032939566747117704,0.08746541564819986,1.0081704962449591,0.0
2014-07-02,0.008401645003731651,0.027497861118160386,0.05942623844199302,0.03287985685434804,0.08766307489874645,1.0083437400900197,0.0
2014-07-03,0.014023297739081099,0.030382635464803423,0.06068832409746727,0.036695100527964326,0.09209580967138907,1.0087776919333686,0.0
2014-07-07,0.008592874317101033,0.020394202989629406,0.060068146794831905,0.0319440302295727,0.08746078727878333,1.0087341498679732,0.0
2014-07-08,0.0026533643714333564,0.009172452944505227,0.06359825931690906,0.024148815299588317,0.07967166858383021,1.0080829065895116,0.0
2014-07-09,0.0004564140780069625,0.012623403623193337,0.06510484254641088,0.02754738755874288,0.0836523161228377,1.007838270608514,0.0
2014-07-10,-0.00452257768285823,0.008556934927619015,0.06699391771634546,0.02247099721222208,0.07850915762465975,1.0072397973190155,0.0
2014-07-11,-0.008054489666664309,0.013413195237779894,0.06553743209271133,0.022896791650312144,0.07911651444852746,1.0067980710466746,0.0
2014-07-14,0.00045568394050930165,0.025540498210914666,0.060774303730295486,0.026960620374323247,0.08362779455688626,1.0067764041208227,0.0
2014-07-15,0.005032568962300664,0.02062318212830303,0.061296336346517204,0.0239666505679121,0.08071025210551508,1.0065313112201755,0.0
2014-07-16,0.004252432432218699,0.023493371658857416,0.06200523173846862,0.02664338876129405,0.08377449707104996,1.0065604387687908,0.0
2014-07-17,-0.003214208297791163,0.009286936664570557,0.07532152058182276,0.013942063072116756,0.07057355537623135,1.0055956022302721,0.0
2014-07-18,0.00557937561959038,0.012141837417254569,0.07915436688406202,0.023166743486328956,0.08060309142563775,1.0055873170181746,0.0
2014-07-21,-0.0013165764268991231,0.009147686558924043,0.07957425451377456,0.020137179063442652,0.07767894106547982,1.0053666421252543,0.0
2014-07-22,0.004905811344068541,0.01146810246891334,0.08055929304545825,0.02340469575424867,0.08140086066728243,1.0054806349217238,0.0
2014-07-23,0.0034295097962080755,0.013991728313435437,0.08069719320562742,0.02464454391259397,0.0828505660100946,1.0056846592182043,0.0
2014-07-24,0.014910461894545044,0.020084639486149473,0.07698969255592028,0.023682561486389034,0.08191271299302104,1.0057827207737577,0.0
2014-07-25,5.02436176872071e-05,0.010882585918413163,0.0782282326184267,0.017886864506972296,0.07583269210869374,1.0054173321746216,0.0
2014-07-28,0.002328433062764935,0.01200312280456557,0.07810170814015281,0.017116149328098303,0.07525599890651256,1.0051015620930661,0.0
2014-07-29,-0.006326680935131664,0.005753908892859564,0.07970309275635322,0.011725998711754993,0.06975633104463613,1.0044526421477171,0.0
2014-07-30,-0.008392189119149018,0.006417223384072815,0.07965386760953301,0.010930649355389576,0.06907168974554821,1.0039056491114386,0.0
2014-07-31,-0.028387888690132763,-0.020199335639291334,0.10284197754126392,-0.00968716441264381,0.04725987352828279,1.0018576693761159,0.0
2014-08-01,-0.026755652705057083,-0.02427471179037557,0.10282395349223067,-0.013145821237398957,0.043344948728383355,0.9999881529080438,0.0
2014-08-04,-0.019965513147793976,-0.02198568808230951,0.10481079763412082,-0.00655005685145843,0.050186748074536804,0.9990860696468437,0.0
2014-08-05,-0.02540243637676395,-0.028241401801005418,0.10881031531874884,-0.016441470829366672,0.0394044266094662,0.9976208281069547,0.0
2014-08-06,-0.025242472227571557,-0.021478613214932097,0.10732362384980099,-0.016281893522273865,0.03916054282653346,0.9965207443205719,0.0
2014-08-07,-0.010726340365173222,-0.03138209008247152,0.10641174276044031,-0.0216647701814949,0.032998501446561905,0.9952686175892999,0.0
2014-08-08,0.003836457662673598,-0.015915676444843742,0.11502778982038366,-0.010527841859042746,0.044373701596712986,0.9952465071181141,0.0
2014-08-11,-0.00046430867989682816,-0.014395507095542028,0.11550233132593714,-0.007867246739619946,0.046785045293715265,0.9955131943415297,0.0
2014-08-12,0.007885092945416937,-0.02081199279609778,0.11363051156327919,-0.009406544430907444,0.044736602437993565,0.9956621682360952,0.0
2014-08-13,0.014319355805839538,-0.012191826371393223,0.1166697304455489,-0.003003083851964129,0.05120029991317004,0.996366817655888,0.0
2014-08-14,0.02445953359120601,-0.01117498892348421,0.1171911490802553,0.0013468697118985,0.05553515980734866,0.9973380363308146,0.0
2014-08-15,0.012752320793967858,5.085264691527777e-05,0.11028543807323611,0.0009167049618079095,0.05471840724375674,0.9981124274825298,0.0
2014-08-18,0.01820263064646592,-0.001772252068666486,0.10833169751843268,0.00900317866481241,0.06287960891445822,0.9994117589499565,0.0
2014-08-19,0.024802087731092562,0.005306671361893904,0.10962634202104016,0.013881161043023076,0.06770377140063383,1.0008551975530493,0.0
2014-08-20,0.020724000908792513,0.0036263631933307495,0.10898798036707631,0.016148402521748245,0.06982923002391334,1.0021892722221735,0.0
2014-08-21,0.01892461371485944,0.0043201149951671534,0.10917832608397776,0.018537818056662853,0.07222095609491724,1.0034419025655203,0.0
2014-08-22,0.017574387799348976,0.0027147785517192095,0.10934863396585319,0.01627300002826046,0.0698224287350084,1.0042550428071266,0.0
2014-08-25,0.014287847686893368,0.012465352000539675,0.10914747070074494,0.02069752972129363,0.07450849924531314,1.0052497370981939,0.0
2014-08-26,0.009731378624561648,0.012709616923690617,0.10914542418322289,0.020635110443236303,0.07440059797078338,1.0060182752218536,0.0
2014-08-27,0.00666349529887429,0.016616539427336704,0.10776043285127795,0.019567759640988967,0.07323664396057354,1.0065167403890196,0.0
2014-08-28,0.0032025978439412807,0.015914901958257455,0.10784024573010759,0.01850819766399041,0.07191777455375574,1.0067866580677114,0.0
2014-08-29,0.00760185079622901,0.03870451803808098,0.07727881686738039,0.02087220160016291,0.0742137896466362,1.0071480408171014,0.0
2014-09-02,0.002045687086738509,0.04126669179233527,0.0757243986173985,0.019879096544149745,0.07296609917383348,1.007307694557675,0.0
2014-09-03,0.0008480486452701598,0.033523178716754753,0.07371032723798615,0.018841072372700537,0.07169463871911784,1.0073040342372923,0.0
2014-09-04,-0.00019957131475249203,0.041819404489348164,0.06235697796024225,0.016798276939909203,0.06949398822295358,1.0071009390083845,0.0
2014-09-05,0.004834934718374838,0.04599230890420385,0.06261599063656743,0.02079550238028426,0.0736049426782825,1.0072200761346513,0.0
2014-09-08,-0.0005980201181599184,0.048832838285094285,0.05892514669088293,0.01762421653137492,0.07013918798863206,1.007022272057333,0.0
2014-09-09,-0.006451275539521821,0.030978958590139848,0.05628892604817019,0.01082221802965059,0.06269929405765245,1.006279657574461,0.0
2014-09-10,-0.002146671425309692,0.03184081597134189,0.056640737612845625,0.014178460282957587,0.06605119377918678,1.0059259850894535,0.0
2014-09-11,0.0004493530606116032,0.03438366460454283,0.05567115471224352,0.015007741902860054,0.06664827544686132,1.005673033518053,0.0
2014-09-12,-0.009894201156026254,0.021778751942338054,0.05816372724413191,0.008884411892499128,0.05982163162414042,1.004942837891169,0.0
2014-09-15,-0.008058733649843105,0.016314571044045177,0.056880967235944484,0.008044957200066545,0.05843429280237983,1.004254548141931,0.0
2014-09-16,0.005803034571194407,0.0240296723673664,0.061309348074188086,0.015338516240697863,0.06579006794743915,1.004266279540163,0.0
2014-09-17,0.003393028491758779,0.01703121381663475,0.05546852964180403,0.016241754260160286,0.06659119894952738,1.0043342672333022,0.0
2014-09-18,0.007559976019102034,0.017141552892552297,0.0555798772624749,0.02117231256058167,0.07159550303880702,1.0047642881104284,0.0
2014-09-19,0.01251671796888845,0.013571469002433991,0.05545672471253898,0.019705146357475983,0.06993386436874648,1.0049731825873365,0.0
2014-09-22,0.00551740513297966,0.0029073624621653964,0.06189828495248298,0.01147517584550705,0.061024869994847165,1.0044595858405598,0.0
2014-09-23,-0.007733696162517614,-0.0012784115945001905,0.06496374439786277,0.005549235194828765,0.05431959377160282,1.0035500354348244,0.0
2014-09-24,-0.0012817208386004383,0.001461645291140944,0.06829222072382587,0.013086888580086706,0.06194918453600135,1.0034177837013696,0.0
2014-09-25,-0.022865054413192934,-0.015454880145202287,0.08860516373552293,-0.0031895038488496674,0.044302330600795546,1.0019845651432346,0.0
2014-09-26,-0.014049062407383807,-0.00714108870382411,0.09354557820282013,0.004414542733420528,0.05202365135951347,1.0014642312841093,0.0
2014-09-29,-0.008117121772315213,-0.0084123571540911,0.09368499264276248,0.002511116697653725,0.04948983022782042,1.0008951011863247,0.0
2014-09-30,-0.0050123773713139155,-0.013892639762043118,0.09321575180036228,-0.00018888966691797828,0.046107476978178796,1.0002295701975112,0.0
2014-10-01,-0.026454456936145256,-0.027038498731742824,0.10348365031777487,-0.01344469494216702,0.031393405460002716,0.9986287862733251,0.0
2014-10-02,-0.010032839446558245,-0.026335768237030693,0.10357546207452228,-0.012958422199456594,0.03104401641893094,0.9973985694447743,0.0
2014-10-03,-0.006997714043648802,-0.01393923143272042,0.11185542807557598,-0.00196937795211538,0.04180737352403961,0.9973282168158167,0.0
2014-10-06,-0.0063480448769947405,-0.01959533674946068,0.11027990138578038,-0.0030858171749735593,0.040090252938808434,0.9972102110531386,0.0
2014-10-07,-0.01926846851266318,-0.032563088156546384,0.12132880640808132,-0.01811338467013747,0.023622101100959844,0.9959202537300752,0.0
2014-10-08,0.011713883874644372,-0.008873339317576633,0.13634165201407838,-0.0010023789253813548,0.04103998857552676,0.9963262068061411,0.0
2014-10-09,-0.008472483192206717,-0.03266158000392772,0.15124408165195677,-0.020484731242968107,0.020049577965296352,0.9951006120606012,0.0
2014-10-10,-0.030901914321933205,-0.04529049881526523,0.15468697400635437,-0.03150277652322493,0.008136146064907217,0.9932934626298418,0.0
2014-10-13,-0.046294580370772484,-0.05599571596420691,0.16217869667400714,-0.04700623780248813,-0.008584250597798639,0.990659972289231,0.0
2014-10-14,-0.029191664280003398,-0.05369601878670668,0.16271527572944203,-0.04501788351705088,-0.007217506185750435,0.9888052847083088,0.0
2014-10-15,-0.05331875031619553,-0.06799512420496656,0.15906686024695416,-0.05102666078990579,-0.014068565469176411,0.9869397096937506,0.0
2014-10-16,-0.034144985593568614,-0.07019959408925512,0.15844854377005044,-0.051367225333973435,-0.01502197784713132,0.9855451627192955,0.0
2014-10-17,-0.010923360500778419,-0.06377383533514569,0.16432743545980263,-0.039999772515727804,-0.0036011490893871657,0.9855248667305062,0.0
2014-10-20,0.015303541874562452,-0.05320889205853291,0.1700333932189993,-0.03047660621155963,0.0058099966266490655,0.9864355222818519,0.0
2014-10-21,0.03337400549592545,-0.025839418423760883,0.18520491273850398,-0.011387929671669414,0.025350295950249818,0.9888773629800616,0.0
2014-10-22,0.033026806978588896,-0.027234621063860057,0.18569545690704248,-0.018423710910568485,0.017743863980169302,0.9903420332404738,0.0
2014-10-23,0.045443106871615034,-0.02347476637903964,0.18845199995596548,-0.007113882516640543,0.02919621385253824,0.9925311545938332,0.0
2014-10-24,0.041367227664089526,0.000458446742136776,0.18234771164275507,0.00036539053712273555,0.036696834170023444,0.9949512476418635,0.0
2014-10-27,0.030328951564031092,-0.008830878087118008,0.18010733539996807,-0.0011467030563807273,0.03487482671188349,0.9967899291170305,0.0
2014-10-28,0.022116545017301537,0.004394248365855861,0.1845828848036734,0.01010732909101032,0.04621410431376232,0.9991908120886331,0.0
2014-10-29,0.02773977155524448,0.00551752786269833,0.18440563488086406,0.008514268047144308,0.0441654337916844,1.0009519191439433,0.0
2014-10-30,0.022572240505752888,0.025551931062858503,0.17832784313996816,0.014836375960611567,0.05038148477820046,1.002835634973245,0.0
2014-10-31,0.026277052182768466,0.03676833837146348,0.18168691636709805,0.026118798601236774,0.06183981902993268,1.0052007125138562,0.0
2014-11-03,0.02819727689083741,0.026364112847368205,0.17859842827342798,0.026312038817849614,0.061841358776154313,1.0070278738636829,0.0
2014-11-04,0.013317860798403258,0.02406015404125386,0.17917025408844708,0.022564359765756034,0.05761730133657087,1.0080878960731288,0.0
2014-11-05,0.021127100697197684,0.0459130970725592,0.16921798424338763,0.028715255900508475,0.06372185251467181,1.0093319356145334,0.0
2014-11-06,0.018731731287652837,0.032569778475866965,0.16023866082584048,0.03243079054642504,0.06733802572093998,1.0105177399455367,0.0
2014-11-07,0.008296233370492703,0.05353705493416291,0.13981376032973508,0.03296278019728149,0.06758171616002581,1.0113950765514215,0.0
2014-11-10,0.010893713660142515,0.06815974082944393,0.13016918097079086,0.035771676514837064,0.07014363002980428,1.0122009385993358,0.0
2014-11-11,0.015348518586299882,0.08570325299832623,0.10899370177126039,0.036313043800154245,0.07041843275680977,1.0127659201004775,0.0
2014-11-12,0.007974351558574608,0.0830791129111372,0.11013574081899455,0.034735278860058186,0.06845176666213681,1.0129701506413662,0.0
2014-11-13,0.005106656140563908,0.0909951849326264,0.10362611681798825,0.03538626262118718,0.0688889393447509,1.0130692164916624,0.0
2014-11-14,0.004416520121961711,0.09209856064969323,0.10299818955633512,0.03521294062753343,0.06835342798385324,1.013013955779736,0.0
2014-11-17,0.001910289941513031,0.08099339127173535,0.10014978315037672,0.03537721517842878,0.06812291780010067,1.0128705985626736,0.0
2014-11-18,0.006687878568772189,0.07708758969253596,0.09819138147437256,0.040600781074809196,0.07337658562214933,1.0130732076530198,0.0
2014-11-19,0.006158686931027278,0.05586379434623902,0.080736704997175,0.03829060726589168,0.07074558807205654,1.0129492712935697,0.0
2014-11-20,0.006784200460660702,0.0647525784146982,0.07260989361908268,0.039458605385740225,0.07176997283146845,1.0128430080847612,0.0
2014-11-21,0.011875428274004724,0.058530882052082914,0.06639317535018087,0.04412503875576296,0.07667715621938662,1.0130409427081886,0.0
2014-11-24,0.01404178938683183,0.05366795299447767,0.06398433746339587,0.04608253710712029,0.07886369049526137,1.0132696389363798,0.0
2014-11-25,0.007560303040693602,0.054318941169198456,0.06351848208845716,0.04452790769579759,0.07730795059404902,1.0132347947037987,0.0
2014-11-26,0.01172292266233948,0.04547017199127697,0.054844707539159036,0.04637495293971701,0.07927662100892069,1.0132594888372246,0.0
2014-11-28,0.007849166165257718,0.04486197302471144,0.05539633733019032,0.04349327691643613,0.07624279966822568,1.0129535609996516,0.0
2014-12-01,-0.004460915667330597,0.031497725878999426,0.061476462737526445,0.03571337472418004,0.06808990564454576,1.0120057039042192,0.0
2014-12-02,-0.0008205150236678159,0.026570385788041388,0.053339304097113356,0.04157557324149079,0.07428618489294742,1.0116419618982102,0.0
2014-12-03,0.003759272531599158,0.02988093680996021,0.05400480811912814,0.04456114703054122,0.07767073480554672,1.0115327042053337,0.0
2014-12-04,9.693807946548516e-05,0.032249249272339194,0.05187976490927547,0.042557120813977264,0.07575120030251485,1.0112246344718603,0.0
2014-12-05,0.0038535268009378966,0.02758839912845165,0.048918658289915186,0.043042442712891885,0.0767690671486061,1.0109852541908702,0.0
2014-12-08,0.004122550390093624,0.016888544981440212,0.055172015892989944,0.0351679630165761,0.06890273801886011,1.0101344311273939,0.0
2014-12-09,-0.002998184641738489,0.015275967775810194,0.0554061648690615,0.033541905251644105,0.06751119098788264,1.0092982412836862,0.0
2014-12-10,-0.023015277485955863,-0.004028054336138169,0.07979162742404106,0.016347872683104104,0.049831423026260924,1.0072569738011115,0.0
2014-12-11,-0.016851393529810927,4.933715622838352e-05,0.08177154477458468,0.020496014818114926,0.054583862773924734,1.005973313889713,0.0
2014-12-12,-0.0347803089540673,-0.015166261384190256,0.09939280821953975,0.0033504770049590715,0.03708069879808939,1.0036167701724281,0.0
2014-12-15,-0.03496906514514718,-0.023187176304270876,0.10137626024072423,-0.0038401120862523517,0.02950218515665454,1.001186197716151,0.0
2014-12-16,-0.042342683483712035,-0.03148323582986355,0.10402414761987684,-0.011988070161690928,0.020906656535528992,0.9986347101621259,0.0
2014-12-17,-0.006766270335493055,-0.012704614613144254,0.12674089662472776,0.00652435149579205,0.040475129066574606,0.9981689093154342,0.0
2014-12-18,0.012604039198533146,0.00596549778598934,0.15244516685703607,0.030371673862656896,0.06562218054095613,0.9997829390019634,0.0
2014-12-19,0.033143643345007016,0.01181869502978948,0.1528780970006523,0.03321984616805764,0.06955063919073709,1.0013908466941404,0.0
2014-12-22,0.044626848458212715,0.014655471693281139,0.15347097549981784,0.036109038707554435,0.07383334413889762,1.0030030541189643,0.0
2014-12-23,0.05402695588049726,0.010668291776628983,0.15257156372463176,0.03529790570466058,0.0746123279240436,1.0043365074284685,0.0
2014-12-24,0.03470806427484641,0.00796166027487033,0.15234656901595514,0.033224501706240174,0.07404671202635932,1.005335280037459,0.0
2014-12-26,0.013499978017806925,0.011905172763102666,0.1525990003387868,0.03418703811331396,0.07676392541377626,1.006313876848646,0.0
2014-12-29,0.010596390388949897,0.0106921627563999,0.15245760524481666,0.03317001771065313,0.0774424928431992,1.007113292252814,0.0
2014-12-30,0.000626495459348589,0.0074328009873720095,0.1535800761597733,0.025578665423831172,0.07097426094587359,1.007221707001203,0.0
2014-12-31,-0.010695230649039846,0.004433976794919733,0.15571940352741542,0.013770440586658043,0.0597595990035105,1.0064260003887524,0.0
2015-01-02,-0.011326822539200544,-0.002544647240662398,0.15406811173770066,0.011987340375783714,0.05858238300702126,1.0056868306084046,0.0
2015-01-05,-0.032770857717859675,-0.024624957486356167,0.1654528933686838,-0.007275368899815954,0.03899452339326583,1.0036032883215702,0.0
2015-01-06,-0.04357644572678911,-0.0329812210498547,0.16792471493980463,-0.017201730879852387,0.02877485554044612,1.0011861172005636,0.0
2015-01-07,-0.02581194477355713,-0.02223267058712302,0.17450926478201698,-0.005635642684108707,0.04106835866858798,1.0002465710478208,0.0
2015-01-08,0.0017502385131114122,0.0020616649179375224,0.1846057810467643,0.010934374141100977,0.05893298878345355,1.0009095028838277,0.0
2015-01-09,-0.00576021299685079,-0.005306675595774699,0.1867481032103996,0.002151199460317023,0.04985246173679194,1.000774182749652,0.0
2015-01-12,0.004600257437490344,0.002990577437090039,0.1799294782978502,-0.006247758960447238,0.04107186078138501,1.0000344478351675,0.0
2015-01-13,0.011246615590524355,-0.004883211929519418,0.17928578656104546,-0.009411486852858846,0.03762814964553848,0.99923081640668,0.0
2015-01-14,-0.007193093264534278,0.005354545102410002,0.1710484221368336,-0.015421649701966062,0.030923601982806623,0.9981306750447604,0.0
2015-01-15,-0.033985336053102506,0.0030453940099822007,0.17244575475464022,-0.02428395916589423,0.021124208908792453,0.9965643911510299,0.0
2015-01-16,-0.012910613460937996,0.024125394426999347,0.17525967824779926,-0.011649624681998616,0.034102661714554554,0.9964002618210804,0.0
2015-01-20,-0.0029156053751458093,0.006841242397437288,0.16231094099378138,-0.00962202442231854,0.03587741254555296,0.9964816788251617,0.0
2015-01-21,0.004936194224007774,-0.012551056904044785,0.1381282611284015,-0.004724693780995713,0.040587708116826396,0.9969871729711318,0.0
2015-01-22,0.02575339697616038,-0.0020357012664366306,0.14727473709884528,0.00969246419315002,0.05539999007538913,0.9986049361610619,0.0
2015-01-23,0.029458125848317897,-0.012123328599912622,0.1473758935212333,0.00394870972246467,0.04900568626618727,0.9994428667344535,0.0
2015-01-26,0.0187684498510639,-0.01113311160243401,0.147578742022836,0.0060641683638585735,0.05089390466665407,1.000293036761232,0.0
2015-01-27,0.0033598090363951595,-0.024507012841013965,0.15399598858759006,-0.0071961059248510095,0.036441508984178334,0.9998939101986053,0.0
2015-01-28,-0.014583005050247524,-0.04063403997209923,0.15828172724810746,-0.01964726318804336,0.02259211389083388,0.9985616914267034,0.0
2015-01-29,-0.020143484984627435,-0.03277557664001396,0.16261376184130272,-0.01047590394363215,0.03147096186155649,0.9982594147044792,0.0
2015-01-30,-0.027299942271320626,-0.04004976633058183,0.16666850570393074,-0.022555323758302794,0.01803287790637612,0.9970418649837595,0.0
2015-02-02,-0.017330732732679967,-0.017768613686074124,0.17090057467199143,-0.010207591083358867,0.03015283114241472,0.9970933641652153,0.0
2015-02-03,0.010304728535420131,-0.0028754617663932884,0.17884422313525059,0.0040325308435638476,0.04448483323586944,0.998317124230188,0.0
2015-02-04,0.01939712788775328,0.011533945633513726,0.1670594711297995,0.00024759607766165845,0.03998260548709631,0.9989873346135903,0.0
2015-02-05,0.02024043160202349,0.031041300688798647,0.16599231253624933,0.010288174866744505,0.049918898509468956,1.00033223590339,0.0
2015-02-06,0.03012610613917787,0.015888284582153172,0.1616920955852441,0.007551118663785454,0.04645920757139957,1.0011567078276513,0.0
2015-02-09,0.013331740945994482,-0.006187111253191059,0.1504265762566755,0.0031733962851852276,0.04125608545193604,1.0014284032459875,0.0
2015-02-10,0.009571039570818446,0.012455790801275948,0.1521751099612854,0.013829704650624686,0.0517258488940711,1.0024767223792668,0.0
2015-02-11,0.01396636348299368,0.02090005167901706,0.1490411128708548,0.014331724333893802,0.05172577331035924,1.0033143570066645,0.0
2015-02-12,0.01349265077563371,0.033287335873908,0.15121071243309825,0.023655687655118045,0.06119377383003992,1.0047047237914355,0.0
2015-02-13,0.02036970300997739,0.04345108085666484,0.1488196810166534,0.027484302809798123,0.06490598526887859,1.0060688352102043,0.0
2015-02-17,0.026427799605227877,0.05422602440513932,0.14310771208950757,0.0287620948379499,0.06591652284503358,1.0071903374845173,0.0
2015-02-18,0.015926126122526408,0.04129253038474035,0.13813880849805085,0.028496546414096807,0.0653462747121329,1.0079897228944623,0.0
2015-02-19,0.014631588174232876,0.03844724522839575,0.13844739860947655,0.027448018038397127,0.0639285275625573,1.00846326782172,0.0
2015-02-20,0.01104398007650462,0.03939512172640485,0.13876240296221004,0.03303099764965133,0.06957526650150421,1.0092182630267013,0.0
2015-02-23,0.0067937759723037845,0.02449145985280824,0.1306941666253377,0.03229120284665159,0.0687166280108833,1.009688727701247,0.0
2015-02-24,0.008058255290087218,0.03282615384690865,0.12850995733742065,0.03423624538093044,0.07102306169488755,1.0101724436548916,0.0
2015-02-25,0.007112707505109785,0.029636788038786235,0.1287420284033853,0.03249405525263122,0.06939741738343955,1.0103630974966595,0.0
2015-02-26,0.00664523657856679,0.041732672770567386,0.11769775367861583,0.03010922978217146,0.06747597191094391,1.0102965565001756,0.0
2015-02-27,-0.0027494935326238933,0.05122863324402849,0.10663261396076006,0.025377041947118602,0.06320890696337585,1.0098516285082755,0.0
2015-03-02,0.003686151069510765,0.04832109590694644,0.10476897058809606,0.03032942941611293,0.06922695491204889,1.0098952561327361,0.0
2015-03-03,-0.003262634205968623,0.05686346191226066,0.09291251411520922,0.025061110104676123,0.06412786130449129,1.0094847123989954,0.0
2015-03-04,-0.006637096649432536,0.040330424122033665,0.08895472837732284,0.02028535779659251,0.058975275069743115,1.008716720519679,0.0
2015-03-05,-0.004361627654778546,0.0270663165803687,0.07659631827886829,0.021011222708557882,0.05947963731217032,1.0081029604169118,0.0
2015-03-06,-0.015114258966892224,0.016717246389382975,0.0921052170963585,0.006648306716484492,0.04398125713782229,1.0064056051964059,0.0
2015-03-09,-0.017271823314625852,0.010808840990297105,0.08674839821655896,0.010760568473986414,0.047727264582424364,1.005329423808958,0.0
2015-03-10,-0.029514461704636508,-0.0027771059315537215,0.10423261194196176,-0.005366651869876911,0.030259628583224965,1.0031364282009236,0.0
2015-03-11,-0.02763391228565925,-0.0006352291096200628,0.10336580773805629,-0.007315970459131325,0.02740906781275157,1.001195008611026,0.0
2015-03-12,-0.016093992806835176,0.00140128420271508,0.10620568696869569,0.005462752703647525,0.039989882596562464,1.000654188838551,0.0
2015-03-13,-0.008080559694099616,-0.005329676787710319,0.10833394242557173,-0.0005309774079400784,0.03316415384055753,0.999735368934312,0.0
2015-03-16,0.0010554952284295115,-0.0016283145569070921,0.11321224754198132,0.012523470305722827,0.04646702855666541,1.0000737682503034,0.0
2015-03-17,0.014433206307903042,-0.008713602633628066,0.11257037081475937,0.009265552247772457,0.042881587971651834,1.0001000308549337,0.0
2015-03-18,0.02872745231700604,0.001664423602158101,0.12035021018457084,0.020532922308462574,0.05487867950042529,1.001077892194154,0.0
2015-03-19,0.011521901730219518,-0.003002940189591804,0.12142364237734957,0.014924821942257381,0.049552184698557884,1.0014629737902303,0.0
2015-03-20,0.02646123602634884,0.006499971064405646,0.12526178641361657,0.022987803169727566,0.05825942408849198,1.0024543271197393,0.0
2015-03-23,0.011238444655627495,-0.001433849977784216,0.12373980977983029,0.020496489811136574,0.05568500116620616,1.003043950303742,0.0
2015-03-24,0.008581002186829906,-0.006926376419101941,0.12523487880896872,0.01422257173086982,0.04929982856135181,1.0030184376649065,0.0
2015-03-25,-0.018131244958495628,-0.024525076646424747,0.13414959988923217,-0.0010287854060294361,0.03356169759808934,1.0017913213536467,0.0
2015-03-26,-0.015943690490455763,-0.02605933818515735,0.13420910442725073,-0.0038034661644708967,0.030752432387675086,1.0006200218049244,0.0
2015-03-27,-0.022445008607067753,-0.022590274121228895,0.13476517975165972,-0.002081556955111845,0.03273493438422379,0.999874783315456,0.0
2015-03-30,-0.008368167042410807,-0.007052523487571127,0.14192979794479574,0.00910282396101217,0.0448509120708264,1.0002578195064749,0.0
2015-03-31,-0.011511809144863203,-0.022124336633475905,0.14266073896446402,-0.00026847080936292253,0.0353027165862121,0.9998547577404608,0.0
2015-04-01,-0.00029160559644899773,-0.021554048036905117,0.1425202837646298,-0.004240920091560133,0.03125056959053335,0.9992592691261662,0.0
2015-04-02,0.00568367913305037,-0.013738562402674445,0.1428814068989644,-0.001071207620218316,0.03456201884735568,0.9990858798910044,0.0
2015-04-06,0.010107226834167636,-0.008121419632282707,0.14505558413298156,0.005397387951095327,0.04112776736022733,0.9994960667033069,0.0
2015-04-07,-0.004668894070215327,0.0033928414091057733,0.13650775418208466,0.002424175643919636,0.03799343005039788,0.9996112349624541,0.0
2015-04-08,0.007480566908553029,0.002628053589702975,0.13625266437153077,0.005474391409373109,0.04111059945807549,0.9999753871143258,0.0
2015-04-09,0.015436540251506134,0.023396953919237524,0.1229458562593529,0.0092333351241655,0.04530117975099638,1.000614660483397,0.0
2015-04-10,0.01728800650271884,0.03118335638570365,0.12314477761869083,0.013683997234921986,0.0505279762300659,1.0015455569948213,0.0
2015-04-13,0.006044160243114774,0.014016733417667248,0.1178053751683424,0.008320824697758973,0.04534914815311486,1.0018916121136292,0.0
2015-04-14,0.010605507055211273,0.022078908158416666,0.11520776486385322,0.00918635387628216,0.046907097283628005,1.0022940072615665,0.0
2015-04-15,0.011711374212248823,0.013283932573522287,0.10720329382550166,0.01279669284924468,0.05114626723928456,1.0029421735944974,0.0
2015-04-16,0.007012428571606701,0.015976176182941185,0.10646417776212802,0.011880824867932833,0.050387908710178266,1.0033922952233032,0.0
2015-04-17,-0.009999640045547051,-0.007543735976849439,0.10649387588586905,-0.00022038482341789017,0.03794803040432199,1.0027811934238162,0.0
2015-04-20,0.0036284016649242353,0.006123233352371965,0.11014279449990229,0.008463444494231436,0.04702653083745724,1.002996769083715,0.0
2015-04-21,0.0005251704714125339,-0.0038571573965196383,0.10578147720164728,0.006781850978254531,0.04540694540229346,1.0030356697562564,0.0
2015-04-22,0.0009499741459420424,0.0029954620638368364,0.10699564594999006,0.011057956984685924,0.05012528135406291,1.0034241869650007,0.0
2015-04-23,0.003748339600302512,0.011143513596413792,0.10515941248707464,0.013089881317952811,0.05230189062079219,1.003890601738187,0.0
2015-04-24,0.017635771009367106,0.028223279991013296,0.08931367872801915,0.014891315321204917,0.05428664430854607,1.0043968726198345,0.0
2015-04-27,0.004374738344965075,0.026441662187792807,0.09045673473015241,0.010402675959903835,0.04945179854108984,1.004407810993325,0.0
2015-04-28,0.008740003882537177,0.027327855093085288,0.0906355474269021,0.013362250857533786,0.052324058794610336,1.0046200944749892,0.0
2015-04-29,-0.0002847749218420391,0.011078854184405601,0.08337088093777645,0.009058026142229315,0.04758144641623005,1.004402979553392,0.0
2015-04-30,-0.012868921358796501,0.009786401382480495,0.08528680315475155,-0.0009824489638966358,0.03672104223484321,1.00338151899365,0.0
2015-05-01,-0.004403843015912887,0.02411104257154941,0.09104597478233603,0.009685978773965664,0.04755290402051744,1.0034012200000095,0.0
2015-05-04,0.002605967048964204,0.023363950103706642,0.09082995683053434,0.012462421444676694,0.05005444559717725,1.0036053779056815,0.0
2015-05-05,-0.012085518930073797,0.005135109328843857,0.09831572183842655,0.0009991698547285439,0.03766666758001369,1.0028053990577936,0.0
2015-05-06,-0.012087809489383785,0.0036599387652371442,0.09899342786023559,-0.002851352499355419,0.033046852514255626,1.0018194953474893,0.0
2015-05-07,0.0019643760174214726,0.004270210491348937,0.09926395344392674,0.0013013060509381048,0.036819346550431335,1.0013416310957615,0.0
2015-05-08,0.004262195464750205,0.01293669778479348,0.10804727743188612,0.014370135253145414,0.05005709321114446,1.0019979752036325,0.0
2015-05-11,-0.003365684059867387,0.0027102595411204137,0.10809920266105873,0.009443000956850136,0.04466067193073931,1.0021049148148886,0.0
2015-05-12,0.005156551578527419,0.0042475006642565035,0.1073926790200762,0.006526357715844173,0.04114496004093825,1.0019252739954252,0.0
2015-05-13,0.00947237252820581,0.002526804238231682,0.10721292271405566,0.006733838291608679,0.04095396578897628,1.0017777958617693,0.0
2015-05-14,0.015864532113123997,0.008423368392224113,0.11206794381327459,0.016947530488130025,0.051336541774191106,1.0024732380572283,0.0
2015-05-15,0.0038673610321789376,0.00979163024536572,0.1120626336491331,0.01776541853805626,0.051998692204485164,1.003075792387044,0.0
2015-05-18,0.01175372264500112,0.024463622231668584,0.1033976595530537,0.02028995812135494,0.054671482844785645,1.0037612206231765,0.0
2015-05-19,0.014420660036347507,0.015039759035679775,0.0993658521722209,0.019408108637781925,0.053716388515187674,1.0042272629174633,0.0
2015-05-20,0.013526215053287594,0.015527848820106742,0.09926208634942355,0.017832555772812283,0.05240747377849565,1.004486473592309,0.0
2015-05-21,0.006060543507986597,0.013533937754268668,0.0984455304523694,0.019830341822014683,0.05483926415038231,1.0048711239339967,0.0
2015-05-22,0.00258533537942246,0.008628626024485667,0.09873824636779222,0.01673241616478484,0.05170325587808724,1.0049238479777274,0.0
2015-05-26,-0.011326715500387125,-0.004498864278085648,0.10576604309918042,0.0052456534487552425,0.039819507730537,1.0040466474635341,0.0
2015-05-27,-0.001549899597122678,0.00911512109359202,0.10979411317882055,0.014299590485966449,0.049113721476018925,1.0040665892986484,0.0
2015-05-28,-0.0019748885049342716,0.004812956432635293,0.10945260853056411,0.01263139287719837,0.04737545784824176,1.003945241544884,0.0
2015-05-29,-0.011115615454600606,0.0027030972215101,0.11074604801712476,0.0061845786559701745,0.040344076442746776,1.003308230743672,0.0
2015-06-01,-0.006688994541127286,0.014808552842154881,0.10445942220085094,0.00794566249109483,0.041960978840902996,1.0029334166333794,0.0
2015-06-02,0.003127891154621424,0.0030328698924486598,0.09790457313076019,0.006854105494357802,0.04045431540248784,1.0025272470097926,0.0
2015-06-03,-0.0036739968294415594,0.002835157215186254,0.09783826436050873,0.00933707580352805,0.042722260931808434,1.0023912192290927,0.0
2015-06-04,-0.011027217843655183,0.005871257519053905,0.0937622542288745,0.0006871498607202841,0.0335176973110481,1.0015827578892553,0.0
2015-06-05,-0.006509682200172638,0.008281224510721243,0.09270138353616598,-0.001409200418150765,0.03138478515723505,1.0007949332074346,0.0
2015-06-08,-0.014712775927475184,-0.0018685991027417772,0.09440487489535915,-0.0078531478192952,0.024728828403380008,0.9996802638855555,0.0
2015-06-09,-0.013863903745294129,-0.015093229317595675,0.08137633993231828,-0.008251964316586377,0.024282928069582276,0.9987976114607791,0.0
2015-06-10,-0.004587503395090139,0.0016133378799635008,0.09088357431030394,0.0033849704600812567,0.03619487124542631,0.9990664828963843,0.0
2015-06-11,0.007112571229323525,0.00782727716985001,0.09078554440822303,0.00612137094860186,0.03916885270998648,0.9995452151915167,0.0
2015-06-12,0.001143567955242163,-4.758006224240153e-05,0.09498588675773405,-0.0019892865736244186,0.030895613159066294,0.9993120384128787,0.0
2015-06-15,0.0030171800700491613,-0.01471595114581661,0.08814127361438173,-0.006518430227508576,0.026181291430117343,0.9987959305234811,0.0
2015-06-16,0.008598274298172379,-0.010362316051602233,0.09051003392087599,-0.0013318630809317934,0.03144637972834824,0.9988372091920065,0.0
2015-06-17,-0.0017082336684389272,-0.011848618433476541,0.08991053066677065,-3.131261373734422e-05,0.03279027697527679,0.9990117105540322,0.0
2015-06-18,0.005419248106020878,-0.001174134760476616,0.09754238179770584,0.009907191915290605,0.043144685355047854,0.9999892261298688,0.0
2015-06-19,0.008654698785169538,-0.0049190963303604555,0.09871150303224512,0.005144202658822991,0.038151722924820365,1.0003969732238418,0.0
2015-06-22,0.01805907207051222,-0.002717422583290988,0.09988225106638476,0.010017129694983147,0.04307069871259543,1.001121660215023,0.0
2015-06-23,0.013330259696369532,0.00038260826534484093,0.09957428315579547,0.010350958854760178,0.0434292664689711,1.001732641091875,0.0
2015-06-24,0.004425032772257271,0.0039031298391678576,0.09541030205466473,0.002819454597357313,0.035499908367799926,1.0016073637698562,0.0
2015-06-25,-0.008965494552742996,-0.008589729716096929,0.08977823234455268,-0.000272251553772122,0.03198646909914522,1.0012482654830832,0.0
2015-06-26,-0.00470729134527053,-0.00765149917069671,0.08974227404169495,-0.0005073853698431594,0.03144466638602376,1.0009374841242389,0.0
2015-06-29,-0.03101023196998705,-0.022612039098677428,0.11380651037105087,-0.0213250304685549,0.009592018683875816,0.9990110286315687,0.0
2015-06-30,-0.029627352870023313,-0.022555750063551185,0.1138260664721451,-0.018997527843125785,0.011442812206023943,0.9976720565872825,0.0
2015-07-01,-0.014354477900289122,-0.013579239215742684,0.11807473002320859,-0.011032050815725114,0.01924053659023586,0.997277056179074,0.0
2015-07-02,-0.012225723433147562,-0.017141456319802927,0.11746636647480035,-0.011721088807648359,0.018039620790483248,0.9969252705586493,0.0
2015-07-06,-0.014885192192920331,-0.011509473519961854,0.11441591780596118,-0.014212501547234831,0.01489701960393908,0.9964581300855219,0.0
2015-07-07,0.012577442476463079,-0.0035249144220417077,0.11670985310012759,-0.007766324471193687,0.021026754184761125,0.9966296578457571,0.0
2015-07-08,-0.006433373287458903,-0.014276347423534898,0.12897312972242703,-0.023927452466268644,0.0037294788409125024,0.9954637583930644,0.0
2015-07-09,-0.012609072675313476,-0.01232440814576203,0.12925222642305992,-0.021646208216553692,0.005331580042977535,0.994740739823687,0.0
2015-07-10,0.0008200685283119152,-0.011733884396400874,0.1299864409820374,-0.009131350250349732,0.01768108792827307,0.9952253886882663,0.0
2015-07-13,0.014646621064929316,-0.003975423684356062,0.135488776186381,0.00158295818105022,0.028581614031622554,0.9965397416609661,0.0
2015-07-14,0.012706110270698404,0.008037627893414535,0.1334916857357955,0.005833865342341065,0.03260766979792633,0.997956993060731,0.0
2015-07-15,0.02929372145159566,0.012000193958011602,0.13244384793560807,0.0054697423931324585,0.03186971988169046,0.9990623566857102,0.0
2015-07-16,0.03547827617980708,0.014555593735872677,0.13391434892120382,0.013111279423658626,0.03969991778738825,1.0005831362647388,0.0
2015-07-17,0.023812924945220797,0.01378727421725885,0.13387408785871227,0.013443404457576188,0.04011393477123149,1.0018334777839224,0.0
2015-07-20,0.01335353599209345,0.003958864201716511,0.12915773479778758,0.013510179054079356,0.04011482823338228,1.00283129271407,0.0
2015-07-21,0.00506570691815129,0.004448636026396288,0.12894713618569575,0.009394490454139266,0.03549272631169025,1.0032599909732007,0.0
2015-07-22,0.003601955149816235,-0.0024569229626843817,0.12785653979454079,0.007412383454052032,0.03318657206560456,1.0034138375479704,0.0
2015-07-23,-0.010036211816293546,-0.008810877776790401,0.12922712279666362,0.00162458677767826,0.026948762682673547,1.0030440506014386,0.0
2015-07-24,-0.021309995680929922,-0.011947754235928344,0.13176032800286577,-0.008669563364973758,0.015860821366079615,1.0018923306087117,0.0
2015-07-27,-0.027661352984228456,-0.014736994229768948,0.13277117051236634,-0.014023564721321607,0.009629752105290159,1.0005070523722146,0.0
2015-07-28,-0.011494243698030761,-0.0023383163263639446,0.14011644846757473,-0.0017147506649770666,0.021546547186066776,1.0003818199201224,0.0
2015-07-29,-0.002842693574649109,0.02571061543265356,0.11904657234711688,0.0052771114022028675,0.02799622067863975,1.0008274103066959,0.0
2015-07-30,0.003040486965106292,0.023856962058339204,0.11904971166077638,0.005628817721048268,0.0275845631480837,1.001185742474339,0.0
2015-07-31,0.011947754235928426,0.014354477900289203,0.11669059556771559,0.004231721592746392,0.025386120132636192,1.001331096376744,0.0
2015-08-03,0.014403322237256306,0.01189205144063492,0.11742542966149874,0.001100106948159145,0.021278258385426848,1.0011599593784015,0.0
2015-08-04,0.00023898490683512807,0.012785860773391517,0.11713824366172908,-0.0006104178249858341,0.018641429521319954,1.0008568268890552,0.0
2015-08-05,-0.0033265905689557644,0.009806582387234718,0.11577092452313396,0.0026456852762327637,0.021392798876189563,1.0008718447225495,0.0
2015-08-06,-0.011785171218015556,0.018505164127782553,0.1024677138556046,-0.005248209014939928,0.012516952475591252,1.000219622607456,0.0
2015-08-07,-0.012188148469512173,0.014775402106090504,0.10285658017160024,-0.006828078429227714,0.01016206675400764,0.999553277237789,0.0
2015-08-10,0.0037110730303965417,0.014783055942719546,0.10286765537160725,0.0056416962278106955,0.022374991716910726,1.000033874778087,0.0
2015-08-11,-0.0033970685121625993,-0.005257828803700399,0.10106168473798358,-0.003254060926174277,0.012741381928753417,0.9996865326064195,0.0
2015-08-12,-0.005489577860257605,-0.008389105743721292,0.09984883245782626,-0.0019246244752632396,0.0135766499118652,0.9995130679396133,0.0
2015-08-13,0.001486743523876678,-0.009301813799936429,0.09989113206415227,-0.002953529960062537,0.011937999472039456,0.9992835681154625,0.0
2015-08-14,0.007044188982054946,-0.013658685091661633,0.09633218532140601,0.0006484315550011844,0.015280695814315523,0.9994015475534467,0.0
2015-08-17,9.479391478956975e-05,-0.008935075087711679,0.09862020996094895,0.006062265284767555,0.020571945441436278,0.9999465206772942,0.0
2015-08-18,0.006258519107319818,-0.01235284568847403,0.09891884712080747,0.0029077875234637153,0.017282338738605667,1.0001416094714686,0.0
2015-08-19,-0.0028759900151028228,-0.016330802676975405,0.10155162681330289,-0.005104321681688798,0.009004892907936086,0.9996606788426222,0.0
2015-08-20,-0.022733157900637055,-0.035636926850389716,0.1236157934894413,-0.02532396870395383,-0.012187713830324224,0.9976262704789605,0.0
2015-08-21,-0.056933664410963036,-0.06055613768633113,0.15878348095103395,-0.05350866839159362,-0.04191689265391152,0.9936916797191517,0.0
2015-08-24,-0.1055241840720262,-0.09314926347880795,0.21013105672057025,-0.09166846578628882,-0.08203978610174396,0.9874129242632674,0.0
2015-08-25,-0.114461128346793,-0.09915262105103859,0.2116580489223637,-0.10056167061025162,-0.09255880965069326,0.9816818322712482,0.0
2015-08-26,-0.06884882127922912,-0.07368538025817375,0.2518870681635108,-0.0647014307294049,-0.05758398862394368,0.9801848354760477,1.0
2015-08-27,-0.02331245400461897,-0.056106687280359585,0.26785534553500057,-0.04061596494889481,-0.03423304027846445,0.9811340923896122,1.0
2015-08-28,0.007302854999831075,-0.056293769651606346,0.2678305271084039,-0.03941433148746012,-0.034140060825799914,0.9820947639177778,1.0
2015-08-31,0.04221035637916528,-0.0628866613355711,0.2684432668862981,-0.045966438003707505,-0.041866893763617824,0.9824083310607332,1.0
2015-09-01,0.02374573170246582,-0.08981021158582907,0.28464173676599314,-0.07264112849630724,-0.0702527814142656,0.9804890326725118,1.0
2015-09-02,0.004873696341304641,-0.06905066882370424,0.2956456032545885,-0.05351646210020771,-0.05247123800878796,0.980649884897746,1.0
2015-09-03,-0.018844561702201727,-0.07162465841360555,0.2950578571473915,-0.05146480700734755,-0.05165881965552067,0.9810468009609904,1.0
2015-09-04,-0.03414745526805297,-0.07865605370164376,0.2974975777258143,-0.06425493367782602,-0.06578862805130942,0.9803734177419948,1.0
2015-09-08,-0.0012148776765146668,-0.0519133905425736,0.31355344990106154,-0.039582120616993545,-0.042199819003109186,0.9820181699717625,1.0
2015-09-09,0.01562520220588349,-0.07789608241034213,0.3108059932167851,-0.0514437788277803,-0.05482939697443084,0.9824435463214473,1.0
2015-09-10,0.00224915132694661,-0.06340444898459505,0.3117127543577113,-0.0453519999314886,-0.049506124789872305,0.9834031472879454,1.0
2015-09-11,0.00606712589468853,-0.060067954658659405,0.3124947559293934,-0.040006794011858686,-0.045013616524409016,0.9847037856563892,1.0
2015-09-14,0.01760229308360097,-0.06254050414191946,0.31245107981231945,-0.042513024211846114,-0.048371101368354395,0.9856010913186248,1.0
2015-09-15,0.005203152605675313,-0.05375442691895323,0.31625358131496206,-0.029762418849017182,-0.036333340717894784,0.9874605359168317,1.0
2015-09-16,0.027295128811762548,-0.050695747513369145,0.31741976979397934,-0.02060245305105517,-0.02788730847474167,0.9897559755629441,1.0
2015-09-17,0.0196172090181905,-0.050045759073724355,0.3174152008509293,-0.022345110411583692,-0.030001998718250038,0.9914889643143716,1.0
2015-09-18,-0.0013934661097823285,-0.05858543075333891,0.3206598064279306,-0.037526943443022785,-0.04567774123925723,0.9916275529292077,1.0
2015-09-21,0.0074781903032245965,-0.03232915593805782,0.3146091829471772,-0.03160466190129908,-0.04057494999904486,0.9922405764710601,1.0
2015-09-22,-0.018007721125620362,-0.014828483633610556,0.29975566494336947,-0.04277957477093402,-0.05280477518536247,0.9917734517803115,1.0
2015-09-23,-0.028237466578197704,0.026590969980459348,0.25743926452969473,-0.042798713682014544,-0.05408147355276125,0.9913722068238788,1.0
2015-09-24,-0.02960898832728359,0.03480638094578506,0.25371641544626766,-0.04468955031746563,-0.05728005100267645,0.9908677885236971,1.0
2015-09-25,-0.013391615418062388,-0.0031282248921721966,0.2172765011951797,-0.043198032049200544,-0.05730487697374621,0.9905528791581232,0.0
2015-09-28,-0.043963476254265735,-0.052980178187704584,0.21482201379606505,-0.06504300960707363,-0.08071399875970607,0.9884246864629874,0.0
2015-09-29,-0.030314171450517884,-0.05244551008395952,0.21491067340606648,-0.06231642505483791,-0.07990556264125066,0.9869189536969303,0.0
2015-09-30,-0.01022794983403863,-0.025847336232744565,0.2256388864686379,-0.04300591181405238,-0.06261714093302677,0.9873292532631144,0.0
2015-10-01,-0.003999925124152219,0.007060724119167017,0.19949874690516947,-0.038766689087173935,-0.06009245962249631,0.9880004266709961,0.0
2015-10-02,0.011086532751193473,0.003084611517716636,0.19529234822981945,-0.023030461021823358,-0.04607598490439575,0.9898488114063411,0.0
2015-10-05,0.054142737472604015,0.020007120987101158,0.20449515605358184,-0.004802204259511992,-0.029116911696120518,0.9928416726560171,0.0
2015-10-06,0.05012595121721397,0.03182789640130742,0.1966411261184478,-0.007422301142765772,-0.03232723718528677,0.9949846261826383,0.0
2015-10-07,0.03979680134795079,0.015164342791720894,0.179481250083266,0.001595783944122207,-0.024302739751120097,0.9973805086665236,0.0
2015-10-08,0.04617694800811561,0.03761246992139914,0.17388672613458536,0.011497272070443876,-0.015416767544781544,1.0000151226263954,0.0
2015-10-09,0.031945858907004396,0.032781319097774424,0.1734185396304594,0.01295583904914733,-0.014746996598042086,1.0021195019079303,0.0
2015-10-12,0.015250624309059614,0.029190619401472242,0.17308868870559033,0.014717585470381723,-0.013738468647707646,1.0038140459340745,0.0
2015-10-13,0.012360464233783295,0.026586067551489744,0.1742880569118466,0.009182058185736778,-0.019829443495986202,1.0045810135658142,0.0
2015-10-14,-0.0006019994896112046,0.009359190696434382,0.17057167617730565,0.005256851225666204,-0.024374729427904994,1.0047412128127373,0.0
2015-10-15,0.005649821210382227,0.015967162320018824,0.17601564893141225,0.021375549684639943,-0.009339645843399564,1.0060413369894554,0.0
2015-10-16,0.009589774704329687,0.02275388478391362,0.17612285624121046,0.026433801217530042,-0.004852513918563854,1.0073539625497323,0.0
2015-10-19,0.009138680381193582,0.039722765892448164,0.1642119459669986,0.027302735044270398,-0.004384395948947038,1.0083323192535745,0.0
2015-10-20,0.01418130618157927,0.033289183429844424,0.16411366599455612,0.026650055730488405,-0.005761815266461327,1.0088953637670208,0.0
2015-10-21,0.012763560203780942,0.040130472025835695,0.1580169042422515,0.0208734307452739,-0.012048424827870618,1.0087309851649853,0.0
2015-10-22,0.014278568379807685,0.058483197278024215,0.16549155222340373,0.038390894470573644,0.004497860641704823,1.0098543979003765,0.0
2015-10-23,0.020644566417273448,0.07300743952847066,0.1660536600075331,0.0497809193949873,0.015395233320103717,1.0115035088222553,0.0
2015-10-26,0.017691590980032132,0.07080597229054268,0.16685091694819906,0.047342504176122964,0.012758706819979825,1.012452203560619,0.0
2015-10-27,0.017036833504591342,0.0942894931887015,0.13198418775207574,0.045625684667388554,0.010632046770118765,1.012888989640245,0.0
2015-10-28,0.0345705894998898,0.10501523297624339,0.13320974579236883,0.057513553001391444,0.021883495362888777,1.013997549222919,0.0
2015-10-29,0.01724286134517458,0.08595400845723743,0.125008436556813,0.05673592023957039,0.02102500426640335,1.014649643270874,0.0
2015-10-30,0.0020219665790637536,0.07902933123168664,0.12830451652796965,0.05164811270392622,0.01633232530960977,1.0146365093282548,0.0
2015-11-02,0.01624403482315414,0.07596347436250335,0.125379636055794,0.06262985071846372,0.028063310722641305,1.015408285923955,0.0
2015-11-03,0.021073745108256707,0.06122050082435421,0.11453866508032516,0.06329664973542966,0.030746102924896348,1.0160636462559252,0.0
2015-11-04,0.006724949264048409,0.06161423102307782,0.11427156272114032,0.05750691072639798,0.027363328837296717,1.0161390395993506,0.0
2015-11-05,0.006301489287951558,0.05245869639723821,0.11339664986715157,0.054681188644767356,0.02616232992014004,1.0159282320595329,0.0
2015-11-06,0.010096319641403914,0.04294870286497495,0.1113069506214099,0.05288153184945375,0.025423963296774498,1.0155355424889612,0.0
2015-11-09,-0.011040185285714847,0.032977430169784105,0.11809520296956438,0.0420296881781024,0.015716839759944663,1.0142971005293195,0.0
2015-11-10,-0.01163161702397315,0.03433825949132144,0.11809824751659355,0.0431888108562152,0.017842847841897266,1.0133478748160605,0.0
2015-11-11,-0.01253271229966832,0.03672105448962621,0.11635088877343372,0.03732739436362342,0.013582043572660822,1.0121373858023082,0.0
2015-11-12,-0.02559255653927332,0.02746813934757609,0.12685871937437337,0.021781021651973334,-0.0007077752394676281,1.0099374287834466,0.0
2015-11-13,-0.036360235255054246,0.0009386463995384748,0.12339468851362452,0.009502419783316191,-0.01207164353085631,1.0072134568615079,0.0
2015-11-16,-0.011892742411712513,0.011494913053741907,0.13326005036072527,0.023422750481281868,0.0027900091940736304,1.0061840283348804,0.0
2015-11-17,-0.014926456282036546,0.010273122828091312,0.1333336141537981,0.021754745238437578,0.0019712678578177596,1.0052491328870676,0.0
2015-11-18,0.004754089295716763,0.027293837603763707,0.14316328810645212,0.03642502777200854,0.017679695935254945,1.005716017539594,0.0
2015-11-19,0.017949675924298924,0.032654255068094065,0.14079893198995927,0.03412306240604012,0.01666843852784787,1.0059455927933647,0.0
2015-11-20,0.03287900540855133,0.01953908342828212,0.12986730517167536,0.036494963642966685,0.02020638005236586,1.0063489861342447,0.0
2015-11-23,0.016639257775279404,0.00748960441174786,0.12481968119393108,0.033865263042492946,0.018853066627519854,1.0064986828991325,0.0
2015-11-24,0.018707500783121216,0.011289032631180399,0.12443241637930266,0.0340315221966558,0.020080794896703825,1.0066482612180534,0.0
2015-11-25,0.0028228254865555885,0.013079829585727953,0.12413849533321916,0.032845126196461905,0.01980123327200642,1.0066770029032739,0.0
2015-11-27,0.004830958481550669,0.0029146240497549374,0.11795132324973868,0.032921587807446744,0.020879391669690026,1.006714414226187,0.0
2015-11-30,-0.0029668240219810145,-0.0006706019388734775,0.11887491362070339,0.02729256254571566,0.016593438563328324,1.0063332603443393,0.0
2015-12-01,0.007671248385190405,0.01313888621787451,0.12217945558140197,0.03563873906677737,0.026197667088872972,1.0067235654791094,0.0
2015-12-02,-0.003924930551982844,-0.008879932743956584,0.12069331654984831,0.023598694590708135,0.01569003210623342,1.0061294969156291,0.0
2015-12-03,-0.017883227973659002,-0.025877143496187756,0.12888894068615528,0.008076994329545605,0.001500552264102595,1.0044765733050758,0.0
2015-12-04,0.0002860761033320648,-0.0035242491109614103,0.14693857944050595,0.0260548068709611,0.020997045195905173,1.004666402491386,0.0
2015-12-07,-0.0016301164827845233,-0.008602207709609561,0.14834641589433195,0.018293868980678498,0.014807490955543708,1.0042753197433212,0.0
2015-12-08,-0.017862889660545618,-0.014820323084075023,0.14996188187075474,0.00958236808328365,0.008033014028602585,1.0033839768191886,0.0
2015-12-09,-0.015415963343904264,-0.013255710802146003,0.14891648800248702,4.746311769337562e-05,0.00026941212808379706,1.0020289622020206,0.0
2015-12-10,0.0012635704296739161,-0.012981956042540689,0.14898748152837926,0.0012400511359756073,0.002911633645931295,1.0011466766696384,0.0
2015-12-11,-0.03762255178393726,-0.028614088595230347,0.16259730300819714,-0.019095318620287596,-0.01638812287387567,0.9989035943498582,0.0
2015-12-14,-0.026506358866146384,-0.009516010036482617,0.15717714922966353,-0.0148955142954525,-0.011272886844604273,0.9975468713076575,0.0
2015-12-15,-0.009321221544989485,0.012218690625989742,0.15632331820780954,-0.005187868419101769,-0.0008192072094379211,0.9973342355894288,0.0
2015-12-16,0.013015686882820643,0.011652718492387155,0.15567231096682632,0.00836655137366478,0.013780777689746226,0.9983592798737856,0.0
2015-12-17,-0.004918117590050321,-0.0029736173505544635,0.1651498053933929,-0.007523919260039572,-0.0016052601458673911,0.9979543645700297,0.0
2015-12-18,-0.003322346736449891,-0.036690524627397005,0.1655935596442277,-0.025204896776138682,-0.019312677718108483,0.9962438710404764,0.0
2015-12-21,-0.00014718035395541208,-0.02761286631473695,0.1691520344340551,-0.017310624032769183,-0.011163096610566053,0.9955870995508537,0.0
2015-12-22,-0.0015563426184031226,-0.02221665740096471,0.17214907570875987,-0.008699429996382972,-0.0022548212288813945,0.9958381091910016,0.0
2015-12-23,-0.003775401709201957,-0.008761940992094206,0.17826190236334266,0.0028966205476509818,0.009960565763949086,0.9970681213414667,0.0
2015-12-24,0.009928705807026391,-0.011752412326649291,0.17819174005394003,0.0005041140280466651,0.008225300474009833,0.9979316714430897,0.0
2015-12-28,0.025616429141453415,-0.013896920972499179,0.178283442695151,-0.002176121869459294,0.00583396134097655,0.9984480512159498,0.0
2015-12-29,0.028017038649204483,-0.0044267861470831445,0.18246226520860148,0.007950089833508384,0.01649271581774249,0.9997235715472643,0.0
2015-12-30,0.011870427713709837,-0.007379405665273863,0.18355094830036736,0.0004402520012017537,0.009234486642740044,1.0001526527714903,0.0
2015-12-31,-0.010490743229263078,-0.02692393260654769,0.182831617941397,-0.009756427471542196,-0.0008042576991954245,0.9996852980190194,0.0
2016-01-04,-0.022917128300916613,-0.03074461007558306,0.185652186674512,-0.023634137906300295,-0.014670086720485129,0.9982107157294124,0.0
2016-01-05,-0.0189393038123256,-0.014952996811165778,0.18008363216325238,-0.021727494721270297,-0.012865207875108779,0.9972053829769735,0.0
2016-01-06,-0.04224954533977386,-0.04696240759018907,0.1690294736717517,-0.03336691722181494,-0.025129674774768542,0.9954507113094088,0.0
2016-01-07,-0.05942062256680492,-0.06516991174929426,0.18523242473790333,-0.05548090427052977,-0.04825073171154484,0.9922388350695905,0.0
2016-01-08,-0.060404106034647125,-0.0694651489806492,0.18688581036616475,-0.06462318642229578,-0.05845351272531535,0.9889420936665391,0.0
2016-01-11,-0.04533618660759422,-0.060664833339273014,0.18670054534855995,-0.06227067491641361,-0.057292069829201465,0.9865345549498056,0.0
2016-01-12,-0.03899018417858036,-0.055206751419420066,0.18964833452063656,-0.05341707292989339,-0.04948027407993372,0.9854049216287627,0.0
2016-01-13,-0.05155267401965274,-0.06089252982590455,0.19693138330043877,-0.0754104678039828,-0.07282022659342031,0.9827230100853226,0.0
2016-01-14,-0.01098548839316291,-0.049649041276310785,0.2062728791612596,-0.05864483936408016,-0.05733919728669603,0.9820513664457986,0.0
2016-01-15,-0.021648026528245337,-0.08179195396390505,0.21112231719448174,-0.07686522926732668,-0.07724297983346771,0.980036958366697,0.0
2016-01-19,-0.021306877613821714,-0.09498739783591538,0.20133694119573675,-0.07371856326033555,-0.07567100063189919,0.9787641376998434,0.0
2016-01-20,-0.04224119184100068,-0.09252982567037044,0.19984534454879532,-0.08348960374305664,-0.08709301934924524,0.976994110585185,0.0
2016-01-21,-0.011397697468046432,-0.06896788055750108,0.19632414104717447,-0.0763391668428013,-0.0815881357196243,0.9762754579310795,0.0
2016-01-22,-0.007373314038981279,-0.05687517496133666,0.20928972175865077,-0.0558644733281721,-0.062419972710311696,0.9775616335366304,0.0
2016-01-25,-0.0009053534239059566,-0.0811409647694079,0.209016319066764,-0.06831872134722006,-0.07618492002668126,0.9776226536703893,0.0
2016-01-26,0.011314557438332117,-0.07989743868838131,0.21026918461274546,-0.05407559440654647,-0.0632005129524971,0.9789863174269344,0.0
2016-01-27,0.013270205136721955,-0.08918832634067486,0.21152998074360257,-0.06292558587688954,-0.07299287210476295,0.979427544314197,0.0
2016-01-28,0.012879523387186162,-0.08170478631176835,0.21397768930894018,-0.05689497200897179,-0.06777205445501291,0.9804130342143733,0.0
2016-01-29,0.01665672055564243,-0.0682354930548987,0.22997246749948513,-0.03287407426484918,-0.044731933576684015,0.983335281826185,0.0
2016-02-01,0.031527273302352804,-0.06148411918076493,0.22973244609551088,-0.03219880762602298,-0.04476183089530034,0.98578570980086,0.0
2016-02-02,-0.00021027442511759378,-0.06961696988423582,0.2345872820905324,-0.047991328494453,-0.061642019825567024,0.986413667482746,0.0
2016-02-03,0.016709686026229856,-0.049561512013528396,0.23327710549946323,-0.040745562698382906,-0.05566167084105933,0.987535033019383,0.0
2016-02-04,0.013081068016841115,-0.04968441448260163,0.23325060695640099,-0.037651450494329095,-0.05383786455404174,0.988680807262606,0.0
2016-02-05,-0.03023788172070279,-0.05622382943582765,0.2379519169156632,-0.0540951475338643,-0.07141901425264793,0.9881839326455866,0.0
2016-02-08,-0.04342882499312602,-0.04549232160708602,0.2283855396863547,-0.06469166057201325,-0.08341152681228713,0.9868635950025598,0.0
2016-02-09,-0.025188151142496094,-0.03440101499208478,0.22617842989272743,-0.062498833255269094,-0.08284374844454916,0.9859722726257849,0.0
2016-02-10,-0.03202863165413996,-0.03625395706007413,0.22599817819759593,-0.06111945131350084,-0.0831326272047766,0.9853576300738154,0.0
2016-02-11,-0.04668916183434145,-0.057383392138362715,0.22635046397631425,-0.07101674621431421,-0.09449404646284618,0.98401366467515,0.0
2016-02-12,-0.007047707176372223,-0.011718862592547126,0.22436008564616117,-0.04966193402287426,-0.07535348212664375,0.9847332253989217,0.0
2016-02-16,0.023241774384302256,-0.011265058829620849,0.2247943830332977,-0.0318951566942453,-0.05938902138401119,0.9868071606887527,0.0
2016-02-17,0.03939079537808143,0.026637806914241984,0.21807723542401253,-0.014924116689196156,-0.043680554417670964,0.9898941937606314,0.0
2016-02-18,0.036149681792920926,0.021202602346668518,0.21886897794956986,-0.01732382719383115,-0.04722243232693084,0.9920919094793004,0.0
2016-02-19,0.048774713307249036,0.03363251300988702,0.21307559891074618,-0.016262464964179255,-0.0473475583248223,0.9938647124591738,0.0
2016-02-22,0.04274242905677831,0.04242126393227762,0.21728014419960065,-0.0008983613553235486,-0.033315210919013516,0.9964882832739463,0.0
2016-02-23,0.013295235456771644,0.009403490666132077,0.2123123796495956,-0.01232051439679102,-0.04521038523067588,0.9975504895918054,0.0
2016-02-24,0.00165755472691902,0.02920071506506696,0.20483465275137464,-0.006632737234013639,-0.04048269522255561,0.9987774691980765,0.0
2016-02-25,0.017800800222497463,0.027688845130833865,0.2037679267446097,0.005930891708949784,-0.02857829949350505,1.0007257004263863,0.0
2016-02-26,0.015965276206189285,0.036327584079354346,0.1993682098824948,0.004298914761064768,-0.030535386211954875,1.00205218610455,0.0
2016-02-29,-0.006283096220327472,0.02325864432476398,0.20163291166726635,-0.0025237696256308474,-0.03782430550713074,1.002431208015789,0.0
2016-03-01,0.029661789659023524,0.02240855976951317,0.20043023495330392,0.021838885501849443,-0.014943697358794028,1.004581049340257,0.0
2016-03-02,0.02957889973693691,0.02725234149965107,0.20069743311402088,0.02692181146599846,-0.010270523170195998,1.0065700190230853,0.0
2016-03-03,0.02145193702802049,0.04935105658397195,0.18785374137369443,0.03097249086381182,-0.0061454081144022435,1.0083630110804933,0.0
2016-03-04,0.027004189542865407,0.04662208759598989,0.1874271898615389,0.0344592275838039,-0.002682987733552373,1.009927451653545,0.0
2016-03-07,0.03567502550761274,0.04585260181553561,0.18747991815931342,0.03559571089274577,-0.001665742562033662,1.01109519616784,0.0
2016-03-08,0.0014625797646297418,0.05410902125484571,0.1775121881194673,0.025096051896504844,-0.012277150256275899,1.0109883994037967,0.0
2016-03-09,0.001907886706940619,0.0725890531997177,0.1676230960937208,0.030830945620239462,-0.007145007305142197,1.011174302753626,0.0
2016-03-10,-0.0012021971054396825,0.07333701062102836,0.16745172334702302,0.03226308958331158,-0.006154998190404989,1.011254142736218,0.0
2016-03-11,0.011557762176127315,0.09020848142625716,0.17205833387218916,0.049424607372983195,0.01004801307152861,1.012482888969168,0.0
2016-03-14,0.009477461376142027,0.10201922502601908,0.16156256688791704,0.04845161357137036,0.00891893464335137,1.0131894030443085,0.0
2016-03-15,0.018823913211617808,0.07998064164283573,0.1526275738502491,0.046927096537245444,0.007415704093998744,1.0134536924026607,0.0
2016-03-16,0.01966648574806896,0.0690137645634844,0.1454835050486161,0.052732643898119026,0.013368700002422369,1.0139697436326365,0.0
2016-03-17,0.0251887351280762,0.05913495037102312,0.13827874907765608,0.059052773683276036,0.019883602259935726,1.0147216688970186,0.0
2016-03-18,0.013102659909656401,0.06716145954299263,0.13599397140095115,0.06248732553631405,0.023971449000575643,1.0154533709524456,0.0
2016-03-21,0.015803610069859253,0.0690481217886293,0.13550922514697725,0.0627118007420413,0.025452182011152253,1.0159568748953178,0.0
2016-03-22,0.016896645036699076,0.0541348576227565,0.129865004889561,0.060639385240908956,0.024921722739334816,1.016118179089357,0.0
2016-03-23,0.004505027255947994,0.06022355636266075,0.12232776165295135,0.052320842906467664,0.018181065480541932,1.0155214494224714,0.0
2016-03-24,-0.0022618348695030524,0.05521556077460105,0.12268177719095086,0.05071744544007508,0.01775522308416316,1.0148394795204292,0.0
2016-03-28,-0.005593566822932415,0.043767092497562755,0.11793617946936065,0.049667933596448596,0.018440595704106198,1.0141819320931174,0.0
2016-03-29,0.002195531755108995,0.055278377337549006,0.11927338109414821,0.057828369665340704,0.027914797513886824,1.014244773874656,0.0
2016-03-30,0.00711225760872304,0.06753021145180702,0.11306581401582287,0.06037328801070478,0.03241517670056886,1.0144812792577147,0.0
2016-03-31,0.011303645425218677,0.0418654121288559,0.08798099262859542,0.055797258735650154,0.029889360460119273,1.014300319267295,0.0
2016-04-01,0.018535251235551137,0.04417191227321528,0.0891580142380751,0.06056777812577689,0.03687731028109968,1.014540454068911,0.0
2016-04-04,0.014701465359409667,0.03701662082895192,0.09076027285420354,0.05491478088940249,0.033518260560171854,1.0142960510457149,0.0
2016-04-05,-0.004543959906611878,0.02373022788807172,0.09928927615179468,0.04281589353807113,0.02330185291064928,1.0131347591958642,0.0
2016-04-06,0.0019394819111628655,0.033794667855357126,0.10483112391458234,0.05208313134759561,0.03450321158637064,1.0129456905094085,0.0
2016-04-07,-0.00766866762816356,0.032734164736062596,0.10648681324782482,0.0379358873365371,0.022240209650989155,1.0116846463128901,0.0
2016-04-08,-0.011764154004188414,0.03049987156208624,0.10587569491131849,0.0389021201893079,0.02510303014292003,1.0107784194884235,0.0
2016-04-11,-0.010871026658821687,0.02734779127556992,0.10667971197256071,0.03479370721815236,0.022775718413376788,1.0097581797069888,0.0
2016-04-12,0.008437193429308164,0.02060965914125257,0.09709943529473306,0.04303496614429077,0.03231540937625638,1.0095892021445279,0.0
2016-04-13,0.007625157584042072,0.03194236406325717,0.10160149352512514,0.05193519462011081,0.042701577671929815,1.0101559315146826,0.0
2016-04-14,0.019711368069141557,0.033621619593586345,0.10111037559626547,0.04998640544444682,0.04259742696389964,1.0104839093405493,0.0
2016-04-15,0.015911620673288857,0.026745006487306138,0.10034079642707348,0.04697972092302219,0.0413075435692936,1.0105289481571138,0.0
2016-04-18,0.02526407637886179,0.02742313252635551,0.10079732850911936,0.05236159339836277,0.04849096464097906,1.0110067579277546,0.0
2016-04-19,0.01914293721640182,0.02664993644799799,0.10057980716830339,0.053253015195527796,0.0516414926228281,1.0115059746648805,0.0
2016-04-20,0.010045534923866449,0.02618428891726437,0.10058403902268362,0.05155189374587498,0.05246670923081676,1.0118382958977445,0.0
2016-04-21,0.004604533820779572,0.021329508377666843,0.10304540303941832,0.043338372617156305,0.04669323214335165,1.0115255796089917,0.0
2016-04-22,0.005710900455617949,0.027950879686976095,0.09934866183282028,0.04077650471080046,0.046490391309802995,1.011147747960835,0.0
2016-04-25,-0.0030157170243686983,0.026669250371489865,0.09973541923260139,0.036228638695008655,0.044503934048378796,1.0105853665705227,0.0
2016-04-26,-0.0046798158490457265,0.027563687421884676,0.09970675998935484,0.03537720937250973,0.04593071242218315,1.0101424230389915,0.0
2016-04-27,-0.0035760685182218447,0.020412688643933526,0.09556359111662678,0.03540015294617624,0.04800595025229814,1.0098438562119005,0.0
2016-04-28,-0.007300350136598607,0.006916900632345197,0.10079428932721222,0.024426408579124956,0.038490104485465075,1.0087688517316422,0.0
2016-04-29,-0.012713970981358017,0.003933263280399403,0.10234150510229724,0.017365684620062768,0.032906117953772795,1.007397107472784,0.0
2016-05-02,-0.0030724027170353635,0.005061596418903365,0.10332845819009433,0.023740606814605516,0.04113988956320937,1.006867938150755,0.0
2016-05-03,-0.01329852113629919,-0.0004362990738241788,0.10734169883914191,0.013595514409558099,0.032153432107234384,1.0056798701123708,0.0
2016-05-04,-0.02094868267060409,0.004007965879941317,0.10313759767206958,0.0065877469885304175,0.02650251169431696,1.004241588417563,0.0
2016-05-05,-0.012026791829007143,-0.007049373107824808,0.09555665186269993,0.005131585912907811,0.026388482069977917,1.003050103594695,0.0
2016-05-06,-0.002960648936584013,0.00864128197197895,0.08636105989750938,0.007704292048963593,0.03020202526641217,1.0023707100555257,0.0
2016-05-09,-0.010051970970114399,0.006773779452977381,0.08598078407746836,0.0073722225880152,0.031076417526372475,1.0018769110322536,0.0
2016-05-10,0.0110467619935115,0.021481489578509008,0.09485713948294938,0.018315337131118197,0.04379753845474307,1.002456843850808,0.0
2016-05-11,0.007241731359238465,0.002812503809871617,0.09643798394868008,0.007862891033953304,0.03395414058085205,1.0021305049123055,0.0
2016-05-12,0.007727658004121308,-0.006946872687745572,0.08946793239652577,0.007312065454392398,0.034238947098663305,1.001873715792636,0.0
2016-05-13,-0.004677535304725582,-0.01574762140188819,0.09407402023056124,-0.002050622875695608,0.02529308382246886,1.0009560985440487,0.0
2016-05-16,0.004313531889800929,-0.004824309330510548,0.1009139183816789,0.007070136878346247,0.035424463400703925,1.0010064454383902,0.0
2016-05-17,-0.01742137152019469,-0.021203958320547472,0.10206865603854569,-0.002843166231502311,0.025818153475374347,1.0002884440790427,0.0
2016-05-18,-0.007729912785708803,-0.02406034619223901,0.10107705304395909,-0.0032818394996619255,0.0261567814809242,0.9997452816986528,0.0
2016-05-19,-0.011491158143855061,-0.028483565755467087,0.10108145182278096,-0.0072993705867925905,0.02264768965499833,0.999047094043243,0.0
2016-05-20,0.0035588461630637076,-0.016793309059604057,0.10328724935196684,-0.0017051840207885438,0.029138658372516654,0.9990105329126571,0.0
2016-05-23,-0.007621760961129332,-0.018156970747257833,0.10326224037114273,-0.0034035749923609433,0.027730529371141746,0.9988845260658861,0.0
2016-05-24,0.01463495436803369,-0.0035532869281450843,0.11360414650900941,0.008886877539201381,0.04096723991133596,0.9998295548305286,0.0
2016-05-25,0.021102600698891322,0.0017220703556980405,0.11601615568622119,0.014927640008351565,0.04797298843328349,1.001115929354854,0.0
2016-05-26,0.024859727526561078,-4.776971068416302e-05,0.11579845124357761,0.014525369255310614,0.04816734083791043,1.0021317357602306,0.0
2016-05-27,0.022852297637936052,0.013359338714930603,0.11174401760105103,0.01822963637594202,0.0525499427864376,1.00324758070589,0.0
2016-05-31,0.022311664695080915,0.016868664929181095,0.10999771593705661,0.015755265321399214,0.05042794826830164,1.0039284171474292,0.0
2016-06-01,0.011479504084770262,0.010998619873660537,0.10705446055100538,0.017285289070447,0.05246915326911603,1.0045802172093339,0.0
2016-06-02,0.007758189714309322,0.022778781206306553,0.10186031359906794,0.019754886688356406,0.05557419952457691,1.0052817031591503,0.0
2016-06-03,0.004480493866115702,0.025381406826035628,0.10009389654316003,0.01601452166823695,0.05232437651814561,1.0055281873520925,0.0
2016-06-06,0.005265805329818551,0.030651935873756295,0.10082490055083336,0.020372620733089628,0.057509621764947276,1.0060654283846568,0.0
2016-06-07,0.008730242762570286,0.028559556628335394,0.10051154026228024,0.021133622183928027,0.0588693668527188,1.0065407886276379,0.0
2016-06-08,0.009937622779558005,0.03098821362333294,0.10070085457603511,0.023746259689929765,0.061850196916910974,1.0070988634033944,0.0
2016-06-09,0.005531998026390656,0.017264017239185706,0.09293767416821587,0.0217511125735671,0.059720762479256624,1.0073425767915973,0.0
2016-06-10,-0.0009992021986872258,0.017140473268109933,0.09310969561333748,0.01162424893820767,0.0490008417995514,1.0066860219030132,0.0
2016-06-13,-0.013816031672914085,0.009108246196720899,0.09772411908136013,0.0036749762575040137,0.04046630314691665,1.005480302676949,0.0
2016-06-14,-0.0173454255750138,0.015891666358047174,0.0923679493622259,0.0015277973933669718,0.03810887949676947,1.0043170075218628,0.0
2016-06-15,-0.02199459760031714,0.004680084133214868,0.08648952467157658,-0.00021069249725033713,0.03635997094375343,1.0032455857548201,0.0
2016-06-16,-0.017648149240497946,0.017037239518882447,0.07951921246995576,0.002584707728327732,0.03909271280264037,1.0026051514111247,0.0
2016-06-17,-0.01185693966637143,0.013013446387447308,0.08105671919764344,-0.0014992987306260744,0.0347348093458086,1.0017774674189104,0.0
2016-06-20,0.0023041175928963514,0.022903521933472313,0.08200319831436448,0.004502980065793993,0.0409660418448047,1.001618945906308,0.0
2016-06-21,0.00710829249127464,0.019441112686258106,0.08008798982118456,0.00682184868584475,0.04347603247281925,1.0017026915849725,0.0
2016-06-22,0.00687037200381582,0.01917221709816002,0.08019019471711997,0.004864455461479614,0.0412631167677399,1.0016183959469926,0.0
2016-06-23,0.016828752578973857,0.01923103772982261,0.08030097341924057,0.01756810716065118,0.05435918722211146,1.0025722024142265,0.0
2016-06-24,-0.016009663724916166,-0.02409881803636018,0.15032065706217723,-0.01862180340177067,0.016178404579649707,1.0003876563052043,0.0
2016-06-27,-0.04050123646020812,-0.042457442053296886,0.16117481443566223,-0.035536325812088675,-0.002218371335435637,0.9972615895197149,0.0
2016-06-28,-0.025460821537467423,-0.028872006489145372,0.17422087718577559,-0.01767057550360348,0.01550773284131077,0.9962251909679668,0.0
2016-06-29,-0.006944143413361439,-0.01008359101028233,0.18530595544305314,-0.0007358837882709854,0.03241719398138317,0.9967944626261274,0.0
2016-06-30,-0.006328935476062532,0.0014225981689898175,0.19146754062976076,0.012853945733654183,0.04610714262317901,0.9983670632085947,0.0
2016-07-01,0.032338832605493285,0.0004818248548237808,0.19131126555884884,0.014781993072466795,0.04793832993550234,0.9997851326194951,0.0
2016-07-05,0.04319201550578629,-0.0037459204136263006,0.1927060221098193,0.007431954250830653,0.04006518268238962,1.00031551585297,0.0
2016-07-06,0.03129632348691524,-0.002841488332048686,0.19304187409283158,0.013265505763578062,0.04584991582965254,1.0012075283271402,0.0
2016-07-07,0.01379189014397234,-0.005021943628880278,0.19294832724254832,0.012471686840939057,0.04477818496872467,1.0018414409934526,0.0
2016-07-08,0.015019260673077838,0.0065042360625096485,0.1995947464615993,0.02711281616570085,0.05975765194888452,1.0035106038613528,0.0
2016-07-11,0.01644193616783885,0.011391762996271974,0.19979549716805733,0.03003665201294829,0.06288833420027158,1.0050588536608067,0.0
2016-07-12,0.030898194065262924,0.028151475850323848,0.19758049597159483,0.03654901688888686,0.06993823522239115,1.006797096928992,0.0
2016-07-13,0.024779019143480952,0.03575356248434635,0.19491449391283147,0.03560277148178677,0.06911892527748785,1.0080619240297943,0.0
2016-07-14,0.030967325044449018,0.04329080699058254,0.19487422575114646,0.04027963654427101,0.07425624435608547,1.0094071333449965,0.0
2016-07-15,0.014843528088890837,0.04334236175171763,0.19486278673974022,0.03769655073112219,0.07199527294394344,1.0102369741298693,0.0
2016-07-18,0.014006392389363654,0.04304630462613357,0.19484795289460377,0.039235969640603156,0.07413256458669426,1.0109823476729902,0.0
2016-07-19,0.005752221191442286,0.04576063670813756,0.1940585159794694,0.037030932016130017,0.07231810571083017,1.011353363082108,0.0
2016-07-20,0.010046067821228572,0.04349551271267857,0.1935929551710427,0.040124147905426885,0.07610862424952415,1.0118464565615652,0.0
2016-07-21,0.0006934922194861549,0.03687600671879405,0.19461924658084656,0.03531236429583657,0.07148595684617018,1.0117876902525382,0.0
2016-07-22,0.0065117164908039685,0.042983706238705774,0.19442929952163132,0.03878151642614773,0.07568844126842271,1.011965471189177,0.0
2016-07-25,0.001108584259503297,0.027326136306663012,0.19091170881810768,0.034856112543347716,0.0722240915597367,1.011746061549365,0.0
2016-07-26,0.002586861449712121,0.06435716188276584,0.13252339308881872,0.034044643924203595,0.07222049820185171,1.0114755163802325,0.0
2016-07-27,-0.0026291659906906065,0.08136758318219608,0.1094265292663717,0.0318830881346025,0.07059447005559032,1.0110460098600307,0.0
2016-07-28,0.0023095818058398174,0.06464641006210128,0.09710723684155823,0.031798223341328716,0.07134079160659292,1.0106751402139884,0.0
2016-07-29,-0.0005524264257199425,0.04937542322634727,0.0831589572388097,0.0321600823186256,0.0725376521436639,1.010391243375024,0.0
2016-08-01,0.0013375878367651237,0.03499265961949067,0.07305897796197768,0.029953326753131497,0.07109644321258272,1.009982713626629,0.0
2016-08-02,-0.005551765665139454,0.026466563612133114,0.07821228489438192,0.02227438813950463,0.06380119800837158,1.0090347311099868,0.0
2016-08-03,-0.001571503663122351,0.036604064013287446,0.07200162667575778,0.024093573206965303,0.06648443312335774,1.0084219891382689,0.0
2016-08-04,-0.0016624572912300156,0.031687629283956034,0.07035197739030143,0.024249885361897427,0.06718930193325369,1.0079307512302178,0.0
2016-08-05,0.004869940458579527,0.04045347354095446,0.07349239321772959,0.03165216955135059,0.07543113224687822,1.0081084292159126,0.0
2016-08-08,0.005103524819658523,0.025076923766071353,0.05707423084109486,0.03008368305398991,0.07427541016656139,1.0081056157427888,0.0
2016-08-09,0.012127296707479102,0.02215192415177336,0.05646799638694302,0.029819246443130182,0.07448606657198976,1.0080576265051815,0.0
2016-08-10,0.006730945255614848,0.012436815203639366,0.05298717771396395,0.02640975717482446,0.07147140493296454,1.007728557743097,0.0
2016-08-11,0.010297441687585987,0.017206051828061075,0.05470504834478412,0.03025271845275303,0.07604646673854362,1.007753350272364,0.0
2016-08-12,0.0012826758534463887,0.01076882434995183,0.05214958022206421,0.028520031491871323,0.07470975428368129,1.0076134937221919,0.0
2016-08-15,0.004758407058946094,0.01499180273612661,0.0523075514548948,0.030525889575916572,0.07745119057168699,1.0076474077345348,0.0
2016-08-16,-0.001008607339537405,0.007136924422872303,0.05555682349638399,0.024468190371716443,0.07156453721477533,1.0071716052712476,0.0
2016-08-17,0.0033484766695535727,0.010033070681750654,0.05557153652773241,0.025644656779647546,0.07321628337980407,1.00686717629166,0.0
2016-08-18,0.0009601348603963718,0.008120118867228875,0.05435876147401089,0.027213828528663327,0.07531094838478443,1.0067294876787594,0.0
2016-08-19,0.0003661416116377907,0.010441473742103465,0.052683285466543356,0.024984764769003628,0.0734500718772394,1.006427246549332,0.0
2016-08-22,-0.00255952539003934,0.005920560855283302,0.050671479627614924,0.024020828690360197,0.0730961773180903,1.006113275953545,0.0
2016-08-23,0.0046230911798775965,0.010651431343246604,0.04978308889970909,0.024968527657562085,0.07493455272810266,1.0059583043091664,0.0
2016-08-24,-0.0023840533708570123,0.0050621558611815215,0.053476032918892184,0.01868789014018815,0.06914266679733087,1.005359158307046,0.0
2016-08-25,-0.0053142931017978005,0.005434991756121681,0.05337709342356157,0.01693786321101327,0.06806630403372792,1.00477384943287,0.0
2016-08-26,-0.005736140553746278,0.0023957513825173713,0.053771586901632064,0.014075446757861943,0.06573861710279287,1.004110880332679,0.0
2016-08-29,-0.000777928187952903,0.005695059093050342,0.05609495192420676,0.017944324624929293,0.07062004858034825,1.003936348632197,0.0
2016-08-30,-0.00443954248112457,0.0048743010253569094,0.056369241959042575,0.015305095485238398,0.06842353979886825,1.0036229055061228,0.0
2016-08-31,-0.002159737690271556,0.008454183836049418,0.05225375654652831,0.011575193607560718,0.06491240611507451,1.003109113099303,0.0
2016-09-01,-0.001425016999310998,0.005581478419933034,0.05145238151841955,0.01074766800156145,0.06456781593768406,1.0026748025893508,0.0
2016-09-02,0.0049580012783613445,0.00901620995210873,0.05345968236113605,0.01459093397228093,0.06894256947237216,1.0026629604660457,0.0
2016-09-06,0.0030634059481437596,0.0038885245826145737,0.04665176979104966,0.01616644638062313,0.07181480314104519,1.0028647082226456,0.0
2016-09-07,0.004622326648588491,0.004393102854286876,0.04657802137724077,0.014247045603826121,0.07135460994794626,1.0029824314704285,0.0
2016-09-08,0.005184694306104428,0.001511581434674745,0.0473399883153227,0.010498526389724289,0.06857991081533653,1.002857645735597,0.0
2016-09-09,-0.019087197032098453,-0.020236663867780266,0.09651077377010943,-0.014291236314875727,0.04281015165729022,1.000812490857872,0.0
2016-09-12,-0.009339636855904571,-0.010620868591381828,0.10853231541996938,-0.0007824228467849354,0.0575037942362286,1.000320815806802,0.0
2016-09-13,-0.026837337928738894,-0.024231489199570706,0.11885672053894561,-0.01544774094373314,0.04211601990303302,0.9987881784463104,0.0
2016-09-14,-0.027121089823810778,-0.027486394028469998,0.11799655919267868,-0.01624750037728941,0.04154786611015513,0.9975682949885384,0.0
2016-09-15,-0.014892334564346193,-0.012372145790134039,0.12326152446698059,-0.006932356389382895,0.051699857882600224,0.9974243964637195,0.0
2016-09-16,0.005460723441760946,-0.01812441709557289,0.12342061963571348,-0.011219677929458079,0.047451150404578785,0.9970332504228665,0.0
2016-09-19,-0.008597555905182835,-0.02017855935696103,0.12297391689181532,-0.01120213331139827,0.04740881341504614,0.996774744211826,0.0
2016-09-20,0.005929266821946727,-0.01866836398926177,0.12300745858151546,-0.011255793170970614,0.04714594971204413,0.9966121552582631,0.0
2016-09-21,0.017486959002328977,-0.007439909636101678,0.1299321447298056,-0.00031757723101350513,0.05864579399260382,0.9974158269460421,0.0
2016-09-22,0.013825442473276687,-0.0031697944967349484,0.13174117224216694,0.005670562713861682,0.06497131984367435,0.9985795616852233,0.0
2016-09-23,0.012204303740127563,-0.003536059984588312,0.13192150189127305,7.187567176623883e-05,0.05878836525979502,0.9990653462329312,0.0
2016-09-26,0.003881686329796321,-0.010982579925366909,0.13478264573934098,-0.007984681929032534,0.04986925337760557,0.9988075306095638,0.0
2016-09-27,0.010023710850924131,-0.0029085125845913565,0.13664372543567932,-0.0018489646806289404,0.05602376573261377,0.9991124334650882,0.0
2016-09-28,0.003792402899903337,-0.0028695785482454354,0.1366619243288524,0.002962796459189751,0.060771440582033404,0.9997579599440578,0.0
2016-09-29,-0.011577824823582945,-0.010308076839193322,0.1400862884304456,-0.005990113190091248,0.05076105033735583,0.9995400365793733,0.0
2016-09-30,0.0014343129048102745,5.799061049352114e-05,0.14247061044858886,0.00140744306457272,0.05828664201477296,0.9999747991218626,0.0
2016-10-03,0.007162417968196145,-0.0023951449578597643,0.14271449047235238,-0.000966273873151839,0.05542879123261075,1.0001229605082531,0.0
2016-10-04,-0.00413729980672408,-0.012003813669676781,0.1426835726458453,-0.00597792916713247,0.049685601353734433,0.9998302601484563,0.0
2016-10-05,-0.004673003627181905,-0.010605988123571098,0.14320784977458675,-0.0015761188208721969,0.05385013586917438,0.9999547547158366,0.0
2016-10-06,0.005110725206581787,-0.009819678281200022,0.14326237083315435,-0.0009141324148619445,0.05414016934071866,1.0001083103643327,0.0
2016-10-07,-0.0058426092723021655,-0.01096931296791307,0.1435013523262855,-0.004281355637492187,0.05014944064280479,0.9999533343440096,0.0
2016-10-10,0.0017598658599162816,0.018451917934154974,0.11578284923044314,0.0008928834695570265,0.05527711085467831,1.0002472116085541,0.0
2016-10-11,-0.005839780067384281,-0.008503956881156485,0.11421542443042391,-0.011526829131838048,0.041672205532485455,0.9994633900856827,0.0
2016-10-12,-0.008944312589845054,0.0072870372153227446,0.10215948060657544,-0.01016057491483929,0.042742940955449504,0.9989584530605736,0.0
2016-10-13,-0.012919772282388959,0.004381639260221801,0.10291121536339541,-0.013211882837912891,0.039105516754564425,0.9983142132120564,0.0
2016-10-14,-0.00896846338222265,-0.005045441785789525,0.09666759608358214,-0.012501083284179244,0.039379917247239535,0.9978686828515805,0.0
2016-10-17,-0.017641838635488367,-0.004650644143094337,0.09649016985400084,-0.015500714907849376,0.03547764601420717,0.9972677045914048,0.0
2016-10-18,0.0013111394165603585,0.0014047384405867103,0.09905921516991371,-0.009037602254099827,0.041561881570183666,0.9973226882181262,0.0
2016-10-19,0.0026636621953910256,0.004021432588767046,0.0994664734963099,-0.006136103914288528,0.04393314619367846,0.9976085915190829,0.0
2016-10-20,0.00407577260047037,-0.009029547141636804,0.09122874063856294,-0.00774579704767409,0.04152557247442305,0.9977108423087349,0.0
2016-10-21,0.004026998427065485,-0.014843885832000726,0.08800556294389211,-0.0069530519702179746,0.041431883581621226,0.9978542513341563,0.0
2016-10-24,0.01174912242927866,-0.005105825453943239,0.08779603867948145,-0.0025007986815209476,0.04520235396336952,0.9983300808228127,0.0
2016-10-25,0.0021503850799594465,-0.00032656280925016153,0.08385533602723062,-0.005490333466977913,0.04106769261973646,0.9984537659895563,0.0
2016-10-26,-0.0025229624425370787,-0.008525240704694162,0.08097182921025822,-0.007198890128695716,0.038396250479446184,0.9984081259319332,0.0
2016-10-27,-0.0033253178693615363,-0.016147267910901673,0.07889593936135399,-0.0094692723652269,0.034942445596461924,0.9981779653421585,0.0
2016-10-28,-0.0067520019738953425,-0.010018062982313117,0.07341892694246169,-0.011917055856146693,0.03129483679752544,0.9977831306750585,0.0
2016-10-31,-0.010949197871511041,-0.01748933623026455,0.06748998885275061,-0.011421248225341326,0.03065279174121762,0.9975022045852261,0.0
2016-11-01,-0.014864640074353855,-0.022353620851800156,0.07093540259316448,-0.017997099910495095,0.022545431024481866,0.9967342894565083,0.0
2016-11-02,-0.018891841728336183,-0.02327978262630626,0.07166980951197723,-0.02316835192117187,0.015728470011701266,0.9956920821527763,0.0
2016-11-03,-0.02080872911998441,-0.03228299340370418,0.06968437575595253,-0.026916480823480485,0.010469290041885362,0.9945606850701455,0.0
2016-11-04,-0.018951631289825032,-0.03408041947871994,0.06923559073519345,-0.027258123185136037,0.008844873359436317,0.9936455102359931,0.0
2016-11-07,0.0028194366183278766,-0.00882729033963451,0.10626764452917753,-0.005519063193024504,0.030390432525854112,0.9947322909104848,0.0
2016-11-08,0.014584369996965295,-0.009529116714751144,0.10582724847228744,-0.0007464905545281483,0.03436046157166071,0.9960046977692858,0.0
2016-11-09,0.03116771660897181,0.013727714050049827,0.10250226710208665,0.009897287592115177,0.0445418608702406,0.9978981377240291,0.0
2016-11-10,0.03824755633989093,0.01490887552603181,0.10267923505536232,0.01235762177500628,0.04637320180529955,0.9996043668932053,0.0
2016-11-11,0.03704216581596637,0.015881518619635392,0.10225737997602274,0.010012476752587868,0.043315640222558245,1.0007559580062342,0.0
2016-11-14,0.01600993339626302,0.016151106438851162,0.1022536627914487,0.010870617255051498,0.04348428450770507,1.0017110530758404,0.0
2016-11-15,0.01928888530560736,0.027401607226344583,0.10378119722283569,0.018724667348307286,0.05084092985060149,1.0030659915535212,0.0
2016-11-16,0.006862227652535871,0.019278802286025343,0.10272079369485472,0.016814790192812314,0.048123040790613886,1.003937038525227,0.0
2016-11-17,0.009497394968423147,0.02174260829906393,0.10359916836574115,0.021891326794007845,0.052743474415611856,1.0049864053890494,0.0
2016-11-18,0.00956510994835149,0.021370855967516512,0.10373836327866377,0.019006427756481346,0.04954490721971938,1.0055675494147185,0.0
2016-11-21,0.01630230489102117,0.028426412902806845,0.10611856218948115,0.02623232325461797,0.056517152278223515,1.0065647883951263,0.0
2016-11-22,0.01048162560769796,0.026134110404763884,0.10562785654385541,0.02743041494961133,0.057617289832557594,1.0074250518732408,0.0
2016-11-23,0.012905850414762677,0.030034267620828572,0.10434372252987326,0.02716456752515155,0.05722320924291711,1.0080544167375034,0.0
2016-11-25,0.011486922947223307,0.03575249368882432,0.10384750465304064,0.030278733079263605,0.060098808073457445,1.008751996668051,0.0
2016-11-28,0.00902109205570378,0.03371726589258183,0.10515844754396181,0.024764011721728832,0.05419617393834355,1.0088155902973897,0.0
2016-11-29,0.0034465505955363703,0.038624965472238565,0.10384000461855607,0.02604708958416011,0.05539351193019738,1.0089199228610328,0.0
2016-11-30,-0.0009071533230549892,0.036176154953219936,0.10471544573740979,0.022924055625175806,0.05209636412764851,1.0087053557572492,0.0
2016-12-01,-0.005133288665659657,0.039765619029522775,0.10152027169707921,0.018809791270561725,0.04746921236610421,1.0081425347123216,0.0
2016-12-02,-0.008341091081645415,0.04630324433551509,0.09753316785572279,0.01908364353183097,0.04722927520373704,1.0076486268708242,0.0
2016-12-05,0.002355707781362441,0.05688170279392868,0.0951044207842556,0.024730896549607095,0.052789467813748,1.007654150732011,0.0
2016-12-06,0.003569715544586555,0.061146312306650144,0.09409319691835173,0.027265793699693435,0.05531167146600471,1.0078241534537296,0.0
2016-12-07,0.018967745971120567,0.05232446430601263,0.0747289007160285,0.03983306866311816,0.06824271059513416,1.0089164636058752,0.0
2016-12-08,0.025095651675747243,0.05027690070830472,0.0743736033068463,0.041558681279103636,0.07002925278457296,1.0098629556888783,0.0
2016-12-09,0.030617261812405955,0.045752789538949235,0.06962483199609763,0.04670458619373763,0.0756136544328835,1.0109751038070978,0.0
2016-12-12,0.023477715077073975,0.04211186153111173,0.07055438034815154,0.04454246569043384,0.0734704494280031,1.011620536481168,0.0
2016-12-13,0.02696743035871318,0.05107157684939696,0.07047984306200814,0.050351993281647085,0.07979800290043643,1.0125278235463386,0.0
2016-12-14,0.005682896047260194,0.04199742695700981,0.07957368649798971,0.04060709040468353,0.07012614407964098,1.0124184277815789,0.0
2016-12-15,0.007345977374552252,0.038333992777249616,0.07720179911782334,0.04381637601631712,0.07376718562567144,1.0125197165336333,0.0
2016-12-16,-0.00063401668407982,0.03825654520233355,0.0772490903316595,0.04076081924435808,0.07093219780156323,1.0122954081094342,0.0
2016-12-19,0.0026895008232191197,0.03530396738590771,0.07632871010509225,0.0418944584723695,0.07251981091955363,1.0121523960135062,0.0
2016-12-20,-0.00011242364882903776,0.04139404325221644,0.0752951236421545,0.04480273049173967,0.07583403905341829,1.0122095821744563,0.0
2016-12-21,0.005389846677341499,0.031084968743330145,0.07417836886532,0.04059034664333809,0.07206164615095248,1.0118880943421624,0.0
2016-12-22,-0.00044795050395708756,0.027404416665594573,0.07497510228169295,0.03755686912291279,0.06944711798315088,1.0113605138882606,0.0
2016-12-23,0.0029724938921603106,0.02832318867973118,0.07492514567848682,0.0377430244288574,0.07032161771562336,1.0109340673890486,0.0
2016-12-27,0.0032759442537237306,0.027092988692408133,0.07455723549065274,0.038942507914043425,0.07226498188442347,1.010673155222105,0.0
2016-12-28,-0.008873122892676492,0.023499828303836172,0.07909890388296666,0.029102412014634742,0.06273624324842174,1.0096823385802813,0.0
2016-12-29,-0.006309670632679569,0.021328747515114207,0.07916965147526572,0.027752065831774954,0.06186366577215185,1.0087780956919585,0.0
2016-12-30,-0.00824230810146066,0.02006926188718891,0.07997089890955775,0.023011095559377786,0.057402102085439596,1.0076784099274845,0.0
2017-01-03,-0.002084352150526327,0.031372125194864514,0.08128597809301176,0.029648246367734266,0.064883460124205,1.0073372137828287,0.0
2017-01-04,0.0013690934594438762,0.036803173233497424,0.08261620700272473,0.03446377963611823,0.07058167341355971,1.0074615116475292,0.0
2017-01-05,0.0088731228926765,0.030017243415150233,0.0815673739190887,0.03243791197611321,0.06909674229127799,1.007408684544385,0.0
2017-01-06,0.012667498431221464,0.030426530401749124,0.08168916261260012,0.034782765397227126,0.07223210659728768,1.0075687125906816,0.0
2017-01-09,0.01302291829546018,0.014124434211528522,0.07154391562436378,0.03005633345725056,0.06802306590275806,1.0073411566697497,0.0
2017-01-10,0.005402163545477286,0.011678637064594561,0.07128130941076963,0.028695746626287644,0.06735692596624157,1.0070786657544197,0.0
2017-01-11,0.0022925524826542644,0.008478463903745743,0.06901520342730601,0.03012382565812495,0.06973674108535266,1.0070179839420876,0.0
2017-01-12,0.0005742243550548344,0.007113752693131095,0.06956173119212554,0.026120692761518547,0.066453695809824,1.0066884554731284,0.0
2017-01-13,-0.0007043194482172399,0.002754780594818702,0.06613139584583405,0.02686905593498175,0.06827791129461669,1.0065372753487765,0.0
2017-01-17,-0.0009281042453142077,0.007513433918954124,0.06029442960707515,0.021611456919754225,0.06394707391243473,1.0060616518589898,0.0
2017-01-18,0.0012795855901723751,0.005612245280214687,0.05915300186233447,0.02209772734113413,0.06570230205000015,1.0057962546330907,0.0
2017-01-19,-0.005254401235394464,0.0038580793524310994,0.0602856057866035,0.01660790352454046,0.061131006928825136,1.0052258080033418,0.0
2017-01-20,0.0009265657758031256,0.005350817645715103,0.061122789659745345,0.0189824204465081,0.06443957660787394,1.0050121339891804,0.0
2017-01-23,-0.003971793203944323,-0.001104588960296582,0.060425199449741535,0.015118038984773317,0.06103588082089277,1.0045794216072228,0.0
2017-01-24,0.00594877798555233,0.008072365227164955,0.0634791943527737,0.020482040738119375,0.0671782297744955,1.0046992850214913,0.0
2017-01-25,0.012359714286827812,0.018419910070999586,0.06901741609701537,0.02803186510093347,0.07568906816830555,1.0054321459430287,0.0
2017-01-26,0.015025883596577416,0.015911469056848204,0.06929566991212331,0.02565507432505165,0.07389312934811425,1.0058577339349877,0.0
2017-01-27,0.009787079256448694,0.011861952648440066,0.06944842775266613,0.022796141261475465,0.07159767877895507,1.0059965208872232,0.0
2017-01-30,0.006171009806024252,0.013939543738404163,0.06641392111298303,0.015495588943138756,0.06438204801593715,1.0055382162304807,0.0
2017-01-31,-0.0003070727127658694,0.014074963147078652,0.06639279523823831,0.014416585022984992,0.06371507900566571,1.0051090391396553,0.0
2017-02-01,-0.00853044016888736,0.018131778003572883,0.06451859855099762,0.013921380829544592,0.06359555002832516,1.0047460973682698,0.0
2017-02-02,-0.006826146506865239,0.01116967470050929,0.05965533655817703,0.013636691590455207,0.0637688631699038,1.0044602042887645,0.0
2017-02-03,0.0016143173408577557,0.012107176529853943,0.06080196471959309,0.01967249694725509,0.07053647729114096,1.0047353892138142,0.0
2017-02-06,0.0060466520194525294,0.01111307286518019,0.061180853978061014,0.016977824767246314,0.06804211563228514,1.0047526594610916,0.0
2017-02-07,0.006177689468378931,0.007585154184236119,0.060182867156060825,0.01616149665743573,0.06750828345644222,1.004715066511392,0.0
2017-02-08,0.0070919448384931085,0.012200804546605812,0.05874576162816505,0.01667915896558315,0.06831029475406902,1.0047363648097722,0.0
2017-02-09,0.012348461502157154,0.01811597265718916,0.06151691883228292,0.021676632057922064,0.0740221772239038,1.0051734004056652,0.0
2017-02-10,0.009417591550886725,0.019232215598086404,0.06208383822240725,0.02462842880749501,0.07762043917709027,1.0057724360470723,0.0
2017-02-13,0.01663435421247974,0.027173202722605094,0.06264898718448293,0.028958773662822564,0.08276371939629762,1.0066117938965016,0.0
2017-02-14,0.020578339273171854,0.028867812905625213,0.0632615070496581,0.031663895292280045,0.08631516124414093,1.0075130253445395,0.0
2017-02-15,0.02447563459225854,0.03760454338417856,0.061952919215454726,0.035538539874017804,0.09121839831649002,1.0085509801053356,0.0
2017-02-16,0.017708785373743246,0.034545172440760025,0.0625965839419197,0.03328916765917612,0.08948342631916063,1.0091923095691304,0.0
2017-02-17,0.015345244854903043,0.03983186168838391,0.05949841442267708,0.033581035492439675,0.09035653638034026,1.0097132683008658,0.0
2017-02-21,0.01585530782600543,0.042101944772807404,0.0608539677682164,0.03853043602439683,0.095965703117453,1.0104872841234152,0.0
2017-02-22,0.010979444550904476,0.043819050660474014,0.05949031090190811,0.036475056215419153,0.09413452738673266,1.010896958950647,0.0
2017-02-23,0.006449450546483904,0.038105215945110134,0.057542512733621945,0.036153460020351955,0.0940181621983752,1.0111444808615033,0.0
2017-02-24,0.00856905842418303,0.030754516578115246,0.05195344359948131,0.03639476542682282,0.09460544410603554,1.0113103209264773,0.0
2017-02-27,0.00855600591591849,0.033361984007724985,0.0511449900985109,0.03704454732317593,0.09545762513556426,1.0114341709694894,0.0
2017-02-28,-8.457776957244197e-05,0.03223028774678626,0.05216601927923201,0.03316864363121779,0.09166327796801024,1.0111805583191034,0.0
2017-03-01,0.014703949144669468,0.052351989999119226,0.06039009750148932,0.04632286838157295,0.10596612695797182,1.0119750892727144,0.0
2017-03-02,0.007709926433943519,0.04612221509181952,0.06721443598253446,0.03853474499989198,0.09812040029771762,1.0119442941176973,0.0
2017-03-03,0.007071369477861555,0.04635632622486416,0.06714024650097715,0.03802219074428891,0.09787966795326314,1.0118321021170358,0.0
2017-03-06,0.0025272452710691793,0.042715375785659405,0.06934692271244877,0.0339128886916554,0.09370196451332527,1.0113676812499466,0.0
2017-03-07,0.002238897476403569,0.03285486788233208,0.06909610514820727,0.02981882774168248,0.08953147430710703,1.0106338862476203,0.0
2017-03-08,-0.013519710067994269,0.03278562791167243,0.06913885196662706,0.026909101436240337,0.08665057786444201,1.0097891361959799,0.0
2017-03-09,-0.00593514376546139,0.0340093818579792,0.06893004137192428,0.027216992158118673,0.08715649221337067,1.0091168927609375,0.0
2017-03-10,-0.003066293200918996,0.03619808818545205,0.06922238611626175,0.02979667331539139,0.09013716008381423,1.0087659389982235,0.0
2017-03-13,0.0004204627976655867,0.030787377081167834,0.06761319734392707,0.029120473560139304,0.08989061901735347,1.008430853527951,0.0
2017-03-14,-0.00042219995737953963,0.023015076374065812,0.06937008340312996,0.02407015418071011,0.08495177918041422,1.0077652987177521,0.0
2017-03-15,0.010052553201718452,0.02620382690091114,0.07267947274765046,0.03155685353336877,0.0935375297629943,1.0078453158388656,0.0
2017-03-16,0.006816150636705465,0.020247193221512808,0.07277926654006836,0.028352107848739722,0.09058806876368618,1.0076592781352869,0.0
2017-03-17,0.0015600642333278808,0.013282517826521392,0.07165384886734252,0.02553055457808642,0.08789778539555602,1.0072848488953143,0.0
2017-03-20,-4.205326446174158e-05,0.013036538442962847,0.07172307925272593,0.02340031474078583,0.08595348009522019,1.006820461599012,0.0
2017-03-21,-0.009130519631437744,-0.0014606881122749757,0.08554342267035976,0.009605717281738828,0.07133001885083548,1.0053524308747865,0.0
2017-03-22,-0.015396633616226172,-0.005048114541320466,0.08324083580374024,0.011212533364073735,0.07318175124101373,1.0043267851392164,0.0
2017-03-23,-0.014495065660043605,-0.005227316989435272,0.0832607224361895,0.009388578257616152,0.07138321206900781,1.0033890679209367,0.0
2017-03-24,-0.013463852486408516,-0.006630785206371029,0.08320603181259627,0.007982059642753175,0.06997339578913425,1.002557883636729,0.0
2017-03-27,-0.013392887800498555,-0.00892540778171874,0.08303524460386263,0.006247579097169907,0.06824415955879418,1.0017958064657937,0.0
2017-03-28,0.006779825539708524,-0.003236868488484942,0.08699415003739121,0.012762449090737333,0.07529220677144,1.001755190716273,0.0
2017-03-29,0.005364128727940749,0.00040059195619272315,0.08656285739232476,0.012814078454578846,0.07552829437537951,1.0017779843983232,0.0
2017-03-30,0.009610367222786454,-0.010320898911318288,0.07156880772758291,0.015120118291946053,0.07815356909330907,1.0020298075263419,0.0
2017-03-31,0.008006675736582812,-0.006334035903731739,0.06875703306841303,0.011817627041351201,0.07485456670899845,1.0020172772817821,0.0
2017-04-03,0.007292827182023224,-0.00870395007755707,0.06884277048004626,0.00922877087993496,0.07222328278784491,1.0018454672470136,0.0
2017-04-04,0.0006796371483222441,-0.005084476611231879,0.06828118989065844,0.008979824477451135,0.0721229935112704,1.001740667760588,0.0
2017-04-05,-0.003232062559932454,-0.005070368080143301,0.06827404982595775,0.005276966358392646,0.06820451982695715,1.0014014262409765,0.0
2017-04-06,-0.0036036177712907664,-0.00040480661461478676,0.06879282032393731,0.007510697559040197,0.07047304156428319,1.0013434457567139,0.0
2017-04-07,-0.0022932261814898307,-0.0026921183197601804,0.06871005508684484,0.005892749380795508,0.06864685433314081,1.0012013270868612,0.0
2017-04-10,4.2460871280486584e-05,-0.005595196005357589,0.06750486069304996,0.005858197100073875,0.06861005154632431,1.0011237668708428,0.0
2017-04-11,-0.001785428633698716,-0.007290368042596181,0.06751635482374496,0.0039321418829147275,0.06649342805410585,1.0009552362407026,0.0
2017-04-12,-0.003199541819610307,-0.007847709942374069,0.06790549900857282,-0.0011053877888889177,0.06091910371421707,1.0004629159736578,0.0
2017-04-13,-0.012523039198818824,-0.022980399015152062,0.06269623303465363,-0.008090852504345289,0.05325514588628409,0.9995552846682153,0.0
2017-04-17,-0.002681968514351967,-0.012190237470817614,0.07134491297017964,3.320295581038275e-05,0.06184063314698226,0.9995488597684676,0.0
2017-04-18,-0.006265940104154761,-0.013421200342840231,0.07172727817917501,-0.0034206097605165254,0.058011697536479584,0.9993109324937114,0.0
2017-04-19,-0.006915457689464078,-0.014163772467598517,0.07183314182683592,-0.005719057339219689,0.055429118102069415,0.9989859290251327,0.0
2017-04-20,0.005581939396207687,0.006864749085271363,0.06305554591799441,0.0017427513816696087,0.06329621846101552,0.9993892369760121,0.0
2017-04-21,0.00890638838623225,0.0013226229873063641,0.06373377141414076,-0.0019884724974530595,0.05923525086019729,0.9994570407984076,0.0
2017-04-24,0.011022846157186973,0.013327674346412965,0.07382041998973746,0.008337900188068863,0.07013988431521156,1.0003930872886946,0.0
2017-04-25,0.019813254461026813,0.0198559066045951,0.07574244585295332,0.013511732978408124,0.07565976846243583,1.00158852559559,0.0
2017-04-26,0.021024960144563624,0.020254075477463662,0.07562427945445743,0.012303894991984986,0.07430011623261694,1.0024539901259348,0.0
2017-04-27,0.013757106195212056,0.013842029740774895,0.07208819615435544,0.0126444369814259,0.07454971187767344,1.0031699164540822,0.0
2017-04-28,0.014767408938069344,0.010725903197434963,0.07274339363592015,0.010079544239263332,0.0715707407514742,1.0035178735712107,0.0
2017-05-01,0.006346724370726831,0.010064031494353344,0.07247315432359808,0.01219757182842563,0.073647012985751,1.003951725860063,0.0
2017-05-02,0.0009220884164854758,0.012771319284497764,0.07175396091082352,0.012175836720686655,0.07341906739985393,1.004275808344706,0.0
2017-05-03,0.0003353376856298053,0.013296585981070246,0.07156013310173566,0.010688212156219576,0.07150487453163049,1.0043826176894102,0.0
2017-05-04,0.0006703716056184415,0.013832764198071093,0.0715846114149992,0.011574412350755552,0.07214040715009938,1.0045098615867647,0.0
2017-05-05,0.006781136053431953,0.02073910181079937,0.07116143994201227,0.015188404405839021,0.07573589809753839,1.0048729110202894,0.0
2017-05-08,0.004097627980413477,0.01776527724605759,0.07094864524195073,0.01468016057125597,0.07491352305728644,1.0050872701148394,0.0
2017-05-09,0.002802022110480991,0.017866567576468585,0.07091594031976807,0.0134603533414952,0.07331297280667418,1.0051226886749107,0.0
2017-05-10,0.005811460644062984,0.019065585753852744,0.07098308185342227,0.014900193336514928,0.0746021401374032,1.0052353178697313,0.0
2017-05-11,0.002593296548265544,0.018211489380035355,0.07136189687655284,0.012772301867172252,0.07178494788334962,1.0050994206230883,0.0
2017-05-12,-0.0030079488747719644,0.020930694755637712,0.06943284650555945,0.01093131661321393,0.06937822974901277,1.0048009106945708,0.0
2017-05-15,0.002666666871228734,0.03295498331610514,0.06541709139043729,0.016264452441891973,0.07463995392687384,1.004953110804668,0.0
2017-05-16,0.002669335495564073,0.023217871586384626,0.06031344704237318,0.015042111562200932,0.07302628234431699,1.004941777379058,0.0
2017-05-17,-0.017028006319443463,0.008303519538564043,0.08857668158060869,-0.0029557297841118217,0.05346484111108269,1.0034537912819892,0.0
2017-05-18,-0.010963174601900152,0.014163772467599279,0.08903810343162237,0.0009559784254589609,0.05713020367551864,1.002565462784613,0.0
2017-05-19,-0.0028077190872336484,0.012541036272196378,0.08749559235955318,0.007255831351650037,0.06340325200633652,1.0023556598171601,0.0
2017-05-22,-0.003251152435765325,0.020797442494107567,0.08766496429532067,0.012125428236843027,0.06817373249464687,1.0025693139279932,0.0
2017-05-23,-0.00012465178370932566,0.012070373645488327,0.0800716715638638,0.014084950230579953,0.06993696850645452,1.0028842230824029,0.0
2017-05-24,0.02010839061418086,0.00859865569171809,0.07809499304676402,0.01604380818862435,0.07181495001216208,1.0032844380954773,0.0
2017-05-25,0.020856461729797535,0.013995274052833184,0.07941756125908736,0.020568557667260515,0.07629321202213006,1.0039430770194793,0.0
2017-05-26,0.014165975793507877,0.012949905870492197,0.07947159721822865,0.01999016593236754,0.07541531614854341,1.0043958767751278,0.0
2017-05-30,0.008232579333523922,0.014262612889562145,0.07901802384001663,0.018720027608657694,0.0738564184259029,1.004629526032094,0.0
2017-05-31,0.005773560296281887,0.011497209571043382,0.07878800853278935,0.01806578188049071,0.07296248748523744,1.0047390822675202,0.0
2017-06-01,0.011364307233880593,0.019040874509113206,0.08281311868012721,0.025328810453333444,0.08083221324006387,1.005407063615967,0.0
2017-06-02,0.009919293920283706,0.023579230287487086,0.08284013794958746,0.027885110280405526,0.08371970140426387,1.0061345448962744,0.0
2017-06-05,0.00938906882762852,0.021668603092502275,0.08308947825243419,0.026266952870049827,0.08222628351229627,1.0065724148750217,0.0
2017-06-06,0.007055705081521689,0.01453718191765188,0.08362686485475943,0.02218190156247084,0.07810489238083389,1.0065813528822205,0.0
2017-06-07,0.009152832681923653,0.016552414272553558,0.08365745665110588,0.02320974812133398,0.07941959551870349,1.0066608222728792,0.0
2017-06-08,0.001724587608603273,0.01796344000723549,0.08343721746756694,0.02298680506915158,0.07926847078540825,1.0066856638491637,0.0
2017-06-09,-0.0031171417550986593,0.014650627888325444,0.08375616789255123,0.020760204946490956,0.07696899539919412,1.0065063510130245,0.0
2017-06-12,-0.002585803610862011,0.01648950293337472,0.08323814354768685,0.019945217869943577,0.07606144344596959,1.0062747715095148,0.0
2017-06-13,0.0054945486043156975,0.023039679396739544,0.083891861388189,0.024176500195895855,0.0806032604710755,1.0064124735084636,0.0
2017-06-14,0.002377428974566857,0.01626317637589168,0.08267805763858933,0.022115348038547932,0.07851281313149208,1.0063444717705818,0.0
2017-06-15,-4.099078872240496e-05,0.015253113722949012,0.08301163440373491,0.019441248351214042,0.07575548426751873,1.0060641169689675,0.0
2017-06-16,0.0016959442650238015,0.0333745784727927,0.04821003852674471,0.01889313851702336,0.07529932391510806,1.0057925657870797,0.0
2017-06-19,0.010192775815700548,0.037645453350975425,0.05295946372247722,0.026482450877458437,0.0834926666904775,1.0061786157925652,0.0
2017-06-20,-0.0014523026307414382,0.024395095853231755,0.057838304583190156,0.018794533172909706,0.0754722686012916,1.0058665735823018,0.0
2017-06-21,-0.0004308715118236661,0.01908345729983334,0.05622647318489765,0.017795944872472578,0.07451871069893326,1.0055353192032659,0.0
2017-06-22,0.0010424576140434809,0.016420223120701818,0.0562064381208454,0.016575433388163984,0.07336362954857518,1.005176431389477,0.0
2017-06-23,0.0020175029987770897,0.015283690857388938,0.055949352355297986,0.01691779563891496,0.07396923512835583,1.0049315149761586,0.0
2017-06-26,-0.005615587793559555,0.011173403827618337,0.05398678279353331,0.016574277478507326,0.07398489031602341,1.0047358566410634,0.0
2017-06-27,-0.006937507186625428,0.0032916128730984505,0.0616996626289816,0.007719390636687687,0.0645737063811436,1.0038841893813846,0.0
2017-06-28,0.002220234445412872,0.01307111241172229,0.06856942217147302,0.01582656670138969,0.07335737430258146,1.0038830556366403,0.0
2017-06-29,-0.0061547894196418915,0.00449187340477804,0.07598224490353378,0.006139410609561273,0.06316526296198587,1.0031340715680002,0.0
2017-06-30,-0.005485130460021323,-0.0015657468365129774,0.07097319086852873,0.0073770736431120155,0.0643765832904578,1.0026595866297439,0.0
2017-07-03,-0.0044487816514823374,-0.0031946717441477084,0.07021086291144034,0.008349296948010416,0.06544925788099225,1.0023925044408086,0.0
2017-07-05,0.005949355827700285,-0.00014810012682978492,0.07068253382805742,0.010112775722462886,0.06714751953106947,1.0023403096486385,0.0
2017-07-06,-0.01214784448444919,-0.0061324371542485915,0.07686099429153272,0.0006129000769876176,0.056684522166353814,1.0015417730137697,0.0
2017-07-07,0.0031439584690317367,-0.0015170008081138763,0.08007630565310345,0.006694259469354128,0.06279282044723541,1.0014123625789377,0.0
2017-07-10,0.002354455235429649,-0.000935879209686602,0.08015319911054791,0.00736268499738822,0.06323934537612595,1.0013805477410245,0.0
2017-07-11,-8.284093244961138e-05,-0.0001603709214986613,0.08001840108581669,0.006173961000618239,0.06179131200228124,1.0012805580648627,0.0
2017-07-12,0.005094838327623953,0.007532541811656178,0.08411107382735389,0.013189208741383037,0.06903836296691057,1.0017868455389103,0.0
2017-07-13,0.015960192189332378,0.004333206430768087,0.0826627348848084,0.014318071660244402,0.07005199648139616,1.0022972545749738,0.0
2017-07-14,0.014149435898078997,0.010255006115398264,0.08386804969195819,0.018352759197610917,0.07426176429986575,1.0030443349354015,0.0
2017-07-17,0.012953812457167263,0.012058924036203065,0.08344545576184932,0.017559218276570684,0.07337612194284986,1.0035835722110904,0.0
2017-07-18,0.01422611465469185,0.012369799468169388,0.08343569542149283,0.017497054508740336,0.07314217440551858,1.0040065302144543,0.0
2017-07-19,0.012138742467270546,0.009478508463226178,0.0806267239638416,0.022286766830701896,0.07815341932145178,1.0047257104365317,0.0
2017-07-20,0.010904757545674652,0.01669026660718418,0.07624276238035788,0.021995276624725148,0.07782036025369589,1.0052690212142412,0.0
2017-07-21,0.0053608055688534224,0.016046683196075353,0.07638603413642392,0.020395489486499937,0.07602974820193024,1.005561236406598,0.0
2017-07-24,0.005240100994921474,0.016256567417081057,0.07634735608333276,0.01942286257817864,0.07496219432993047,1.005706101254309,0.0
2017-07-25,0.007138572545895975,0.017490869015288273,0.07655220418994207,0.021090951414472037,0.07675735159683657,1.0059485690899228,0.0
2017-07-26,0.0017795141344545853,0.01687361039124032,0.07659984098873082,0.020433603556138588,0.07596730509029756,1.006072800847035,0.0
2017-07-27,0.0004046982797448845,0.024032472073554488,0.06984496133216676,0.018788845997756078,0.07416661795453464,1.0060254062980654,0.0
2017-07-28,0.00012161328231629622,0.013948062032978777,0.06422650424001823,0.016568607917836892,0.07205232526938175,1.0058250488146208,0.0
2017-07-31,-0.0002026044989907418,0.022208752337732205,0.054479165964640044,0.015060433083285162,0.0706018393797387,1.005556033263955,0.0
2017-08-01,-0.00040405376250510997,0.022571945712804485,0.05456128755908704,0.016472506882290183,0.07211575685849622,1.0054598389900886,0.0
2017-08-02,4.040187345744019e-05,0.021362793916180095,0.054549136196946596,0.016206957320442375,0.0717644920416928,1.0053606676079698,0.0
2017-08-03,-0.0009713231100868392,0.017111793135767366,0.055263480665264784,0.013563450283227831,0.0688114385327685,1.0050662479471157,0.0
2017-08-04,0.0020229826738813175,0.028118889191309285,0.041638390096395216,0.014746730276216253,0.06990475947286394,1.0049232572764601,0.0
2017-08-07,0.004447418170533302,0.02351221203923377,0.03732900006697959,0.01602623071751505,0.07104165420586658,1.0049035072293213,0.0
2017-08-08,-0.00024262453388974913,0.019974865943485087,0.03934109051810628,0.012967654917983793,0.06756226397251426,1.0046347139285188,0.0
2017-08-09,-0.0007679860433665844,0.020677648805263123,0.039033850680897826,0.012352609402951329,0.06667929792979219,1.0043679872741118,0.0
2017-08-10,-0.013042209005922746,-0.0010252541977793343,0.06016332451614909,-0.0022224054073387623,0.05089537239519664,1.0029808651844396,0.0
2017-08-11,-0.01338703418852754,-0.0012283371865506314,0.06009391801146016,-0.0009076206024150322,0.05169570909995012,1.0019756713595815,0.0
2017-08-14,-0.00538002787969992,0.003982748261454855,0.06749735429827418,0.008703062146447471,0.061298389697425085,1.001949686450709,0.0
2017-08-15,-0.0030378911127060134,0.003983162373611812,0.06749733021066268,0.008274682333715819,0.06033548145185471,1.0018973314200241,0.0
2017-08-16,-0.0012546087892145136,0.0051969253613567586,0.06770488901669063,0.00962800861858003,0.061327341463127204,1.0019739238946797,0.0
2017-08-17,-0.0027525313248434585,-0.01591652798989334,0.08480594825559386,-0.006162903162379008,0.04402358580301378,1.0007635336298555,0.0
2017-08-18,-0.005792350560009635,-0.017925445292234915,0.08473245011581014,-0.0077253052641254915,0.04161221930407093,0.9996815734519823,0.0
2017-08-21,-0.01487453054221927,-0.016252587849617833,0.08492118146995917,-0.0070033374126173865,0.04161595634412959,0.9988978481861338,0.0
2017-08-22,-0.0043500260229982005,-0.0056069646443078595,0.09334898954191771,0.003113044934728812,0.051611141385627037,0.9991227385190246,0.0
2017-08-23,-0.00968465821153972,-0.011626305396078934,0.09348840654289266,-0.0005811550092302523,0.046963141772073516,0.999022486536868,0.0
2017-08-24,0.0036958442531161303,-0.01400019787123179,0.09365981791605432,-0.0029866472509378506,0.0437627554953362,0.9987693590359368,0.0
2017-08-25,0.007593271084811067,-0.010736872487168729,0.09422473190945552,-0.0008186677131999835,0.04544847798440652,0.9987706175616435,0.0
2017-08-28,0.006851946128884658,-0.00952225500304947,0.09421107567402927,-0.0009353868459031845,0.044789357947399445,0.9987888435817653,0.0
2017-08-29,-0.002406768541061757,-0.0078111286863788735,0.09437140919694345,0.0001927400688577246,0.04528925469412776,0.998908146131151,0.0
2017-08-30,0.005911145220302554,-0.005311106413271269,0.0956276554694717,0.0046848067190439074,0.0495057406074211,0.9993919144889475,0.0
2017-08-31,0.014242584630932361,0.00020198488624313064,0.09804028016080206,0.010354451137404993,0.05505132761011291,1.0002591040089996,0.0
2017-09-01,0.013322630069938182,0.0035570806928562917,0.09788766708811177,0.011370606570414912,0.05580481625062034,1.0010482650473413,0.0
2017-09-05,0.00607371423624319,-0.0054715234406875965,0.10091831330511301,0.0038667607212489784,0.0475201420972717,1.0010761274810742,0.0
2017-09-06,0.008337700972230718,-0.0039208458846814575,0.10146981531145399,0.006997204379205137,0.05039891044215725,1.0013582021064475,0.0
2017-09-07,0.003490164139540016,-0.001578317739841504,0.10113134217461005,0.006420217271700814,0.04956505345107904,1.001553760209953,0.0
2017-09-08,-0.003683667903297378,-0.0027136969736876633,0.10120287436792018,0.0049844298856759565,0.047669752410602645,1.001595076206638,0.0
2017-09-11,0.005512564251678785,0.02211185395045782,0.0939415852934899,0.01505335402898995,0.058126514725565945,1.0024606713915432,0.0
2017-09-12,0.016085509983169266,0.024001020731009206,0.09427606695649007,0.01779065408261979,0.06095752480495958,1.0033803546771056,0.0
2017-09-13,0.013157446746963135,0.014616628741981596,0.08878212581459943,0.017619881065917296,0.06074754182012408,1.004098855385328,0.0
2017-09-14,0.01295869546697832,0.014418268839842827,0.08880780206569953,0.01668875978528175,0.05966871732181856,1.0045874411833706,0.0
2017-09-15,0.015479801761404946,0.014020713576931793,0.08875888406923206,0.017240624650779555,0.060357955586564746,1.0050247421678304,0.0
2017-09-18,0.006994671639968128,0.031859056915269406,0.06582326437524662,0.01867169820532014,0.061851475206068325,1.0054795586382543,0.0
2017-09-19,0.00463038727559787,0.03442375856661671,0.0649037475383665,0.01896021447178174,0.06212969227568636,1.0058523188556128,0.0
2017-09-20,0.004510727302076551,0.03400188658627741,0.06499033270359403,0.018574585306516844,0.061728925985083685,1.0061051241543946,0.0
2017-09-21,0.0021477164321905625,0.020916011295031584,0.058155784684205014,0.015300654587916199,0.05814780855808426,1.0060171428588534,0.0
2017-09-22,0.001002888947681739,0.02470826073615325,0.055823346808812215,0.014989662650068711,0.05763895158551107,1.005895173312038,0.0
2017-09-25,-0.003168420380787914,0.024994792281365353,0.055604743198058235,0.012536677348472308,0.0548326703106314,1.0055683111928477,0.0
2017-09-26,-0.003566432855762779,0.02326405462604286,0.055479512045323406,0.012754649425951583,0.05483389625467245,1.0052967845212997,0.0
2017-09-27,-4.01313071208961e-05,0.027109809150271856,0.05614315803550512,0.016235468973733,0.05831343186692546,1.005334590664004,0.0
2017-09-28,0.003841935841578664,0.027164715677672004,0.056141670300975666,0.01707603643467061,0.05894245518121829,1.0053989111499386,0.0
2017-09-29,0.007150105859848927,0.025947221375699617,0.05535664491711578,0.020207425336383096,0.062035873352238896,1.0056686862024402,0.0
2017-10-02,0.013526264241839621,0.024278471892272613,0.05382842570289901,0.024079968750224723,0.06594711104379787,1.0061624762196955,0.0
2017-10-03,0.01506157934928927,0.025003003905393947,0.053930475086411585,0.02566737163119253,0.06753960883629583,1.0066493125804086,0.0
2017-10-04,0.01236053565426711,0.03339663056829577,0.04446855635386115,0.026304473716168925,0.06810068237052443,1.0070482748364802,0.0
2017-10-05,0.017069398760680976,0.03589641346612226,0.04655047721537989,0.031678672273548016,0.0736979208072257,1.0077549710439155,0.0
2017-10-06,0.012421197235632795,0.0348782544717924,0.0471842953174939,0.02980363851261459,0.07177128923376959,1.0081248811443675,0.0
2017-10-09,0.006439418641076385,0.03440155843664638,0.04757268161123705,0.027416277697001782,0.06929541731919148,1.0081868145997814,0.0
2017-10-10,0.0069362684521791194,0.026426708105894283,0.03497684157188136,0.02937152224496584,0.07138548333498013,1.008352390268466,0.0
2017-10-11,0.007320281621161495,0.024631402206288,0.03415780531376611,0.030245340176228496,0.07233561574623235,1.0085113652783337,0.0
2017-10-12,-7.847046555554851e-05,0.022660496253603574,0.03532400304237313,0.028010941860266692,0.07002825528794927,1.0084173303473218,0.0
2017-10-13,0.0022775497099454226,0.0241971087147595,0.03495626319140692,0.028497515931143594,0.07057264355089592,1.0083442505754487,0.0
2017-10-16,0.0052624869303587885,0.024184243605600217,0.03495539602971439,0.029113178474477662,0.0712333253638125,1.0082977148031917,0.0
2017-10-17,0.0033325458324740304,0.02276458229840018,0.03480316545058095,0.029106660254208317,0.07120018031339517,1.0082220737792076,0.0
2017-10-18,0.002741193936553812,0.02274220886724394,0.03480392732894744,0.02931105522976937,0.0714927619733986,1.0081465140307457,0.0
2017-10-19,0.004505810675087889,0.022655579626614915,0.03482787623082032,0.028784413009828067,0.07105915341627733,1.0080153630631072,0.0
2017-10-20,0.008436773811185542,0.030486166093754482,0.034734031475766244,0.03288452273827843,0.07582324947366544,1.0082338570862097,0.0
2017-10-23,0.0032070263111085937,0.026388380969027077,0.039206599208799306,0.02777729947775025,0.07091959488222703,1.007996479080091,0.0
2017-10-24,0.0042577109388589225,0.03019071361804702,0.037337943230415824,0.028655395126817466,0.07205525877643909,1.0078593909950284,0.0
2017-10-25,-0.0016830809549778598,0.02462556076802886,0.04339217941403928,0.02274339578106865,0.06603530295286196,1.00726471256526,0.0
2017-10-26,-0.000664692293697285,0.022031018640038525,0.042263625212631994,0.023254095876272914,0.06670732151392657,1.0068191394882686,0.0
2017-10-27,0.0023306427475346626,0.02897487299971048,0.048898317143597624,0.030315300752987346,0.07465825159153779,1.0070448501051616,0.0
2017-10-30,0.0024956070423839687,0.021733882151562117,0.051300607296559164,0.025227847731194113,0.06992105820136904,1.0068405438748615,0.0
2017-10-31,0.0022970191852915737,0.018961468561498974,0.04993821393201422,0.025559933862226027,0.07082776136765839,1.0067267255908166,0.0
2017-11-01,0.00858087651630139,0.01814485793504098,0.04976357051005879,0.0258307647580343,0.07148669529605886,1.0066661503465735,0.0
2017-11-02,0.007677213708957017,0.017347696694728434,0.04977528682172017,0.02506641613126488,0.07112616855007864,1.0065731339745303,0.0
2017-11-03,0.002867197318950127,0.014772671557979634,0.047195232574110985,0.02720780202376345,0.07392279260517984,1.0066920365150023,0.0
2017-11-06,0.008146310445323102,0.017458995361252425,0.04678917253553422,0.027532121512903816,0.07478408222360088,1.0068320147155385,0.0
2017-11-07,0.005893484107449519,0.018415534027872108,0.04626374859957227,0.025570928508637812,0.0732728166708133,1.0068067742467937,0.0
2017-11-08,0.006271939119954472,0.017480528602816337,0.045928277792118395,0.026057043788029186,0.0743683455382418,1.006844946445324,0.0
2017-11-09,0.002249178881760247,0.012276593955327184,0.04834979784977682,0.021252987468224398,0.06975970806039755,1.0065048616419061,0.0
2017-11-10,-0.0013934169501929787,0.013457725073342204,0.04788180316558616,0.019982660529609644,0.06871233179028555,1.006139297837071,0.0
2017-11-13,-0.00201111098715485,0.013170334664152154,0.04784860449322502,0.019986426888960268,0.06895376334880432,1.0058570271433007,0.0
2017-11-14,-0.0036403248567102413,0.009512722240803082,0.048836602389354146,0.01658321667869878,0.06573479184370276,1.0053832591420662,0.0
2017-11-15,-0.010358108576465755,0.0037898741938765506,0.052361297079044,0.010636968433351747,0.059698775212245966,1.004551286520631,0.0
2017-11-16,0.0017413861874268181,0.011276786206200193,0.05970652016078695,0.018187665686438002,0.06795599223668145,1.0045228613621435,0.0
2017-11-17,-0.0008916957584729698,0.008060218639781347,0.06091277263769752,0.014197634749468292,0.0641203124526871,1.0042135146461784,0.0
2017-11-20,-0.00011613739249619471,0.004617423460470419,0.058645641325791475,0.015103898406445292,0.06521959808045646,1.0040592548126877,0.0
2017-11-21,0.008730448424878929,0.015036144354573419,0.06050578718124584,0.020848868639363465,0.07143202669147464,1.0044145571047072,0.0
2017-11-22,0.012863691450444786,0.012395854705462415,0.06062540462167354,0.01907971194286653,0.06974071371707358,1.004570608606515,0.0
2017-11-24,0.006705357642050659,0.019665224803228715,0.05737903289732502,0.020512031392264617,0.07148316348039904,1.0048251906629104,0.0
2017-11-27,0.00914906079839863,0.017873971731877263,0.057574322546095506,0.019120752599712104,0.07024430118772397,1.0049287151481459,0.0
2017-11-28,0.017537997597040746,0.019824778309976504,0.06098304660368692,0.028400250859051648,0.080360268371037,1.0057652961426995,0.0
2017-11-29,0.010407870580000173,0.022948407892189625,0.05888903237046694,0.02675100213481813,0.07898684465037932,1.0063029488996968,0.0
2017-11-30,0.02000911759640151,0.030107953116572356,0.06455051568845778,0.03453084172923179,0.0876870547047747,1.007354434368299,0.0
2017-12-01,0.015624805332099895,0.026709153619027218,0.06568879689393732,0.031170589331565593,0.08469430081863381,1.007921705964887,0.0
2017-12-04,0.014913223303994886,0.025109981326915134,0.0661914502815041,0.028743561007779122,0.08266343834620524,1.0081753133081532,0.0
2017-12-05,0.0012167921730080623,0.01817437316403444,0.06771280528811124,0.023906549896624822,0.07810645703334983,1.007989549607867,0.0
2017-12-06,0.0020152698036595396,0.01681736725052606,0.06770391827828881,0.022973871256651533,0.07764276831765048,1.0077673942233296,0.0
2017-12-07,-0.0035532127318934647,0.02066125627722937,0.06794221588986182,0.025082270790281216,0.08035603053329007,1.0077565986891783,0.0
2017-12-08,0.003962563516160138,0.02439977801523289,0.06965133620898122,0.029460498154378265,0.08553457678894276,1.0080958916553724,0.0
2017-12-11,0.008181588949719853,0.03104239139487474,0.06766048431807081,0.03135600727113211,0.08808145462880985,1.0085095847233938,0.0
2017-12-12,0.013547956815095354,0.03311574692932277,0.06735062444006971,0.03202061064083195,0.08925362582983809,1.0088761732706115,0.0
2017-12-13,0.013245737974367948,0.03207421621204887,0.06757312073627096,0.03079687624113055,0.08845702139198575,1.0090504859832734,0.0
2017-12-14,0.006002883976840567,0.030304465110780183,0.06910514870219592,0.02559374100033601,0.08332964645417745,1.0087531018058853,0.0
2017-12-15,0.008857594712478364,0.043615481304177,0.0688071836495351,0.03308048043626412,0.09162093004463334,1.0090861317082518,0.0
2017-12-18,0.012170510694225582,0.0414715159016735,0.06666666791871732,0.03841394824531268,0.09775574360775882,1.0097512094250267,0.0
2017-12-19,0.006559231779154833,0.04056667446695058,0.06757516502094897,0.03326502492990072,0.09276422526175382,1.0098464316246731,0.0
2017-12-20,0.00614740167556661,0.038337755280111664,0.06810853860670713,0.03162992145594741,0.0914107359225051,1.0097645323007354,0.0
2017-12-21,0.012299806625969063,0.03387382331187031,0.06595187656175337,0.03264909179283463,0.09287168792678244,1.0097528693676212,0.0
2017-12-22,0.003745390552974067,0.03449718040670628,0.06568923651793927,0.0312516957460172,0.09182008399612679,1.0096098224920593,0.0
2017-12-26,-0.003772777483428159,0.030993380776194686,0.06636081394034826,0.028944175537480375,0.08975975249654763,1.0092909070461586,0.0
2017-12-27,0.0005613628027784704,0.03197897647133041,0.06607844068226089,0.028389120186623065,0.08951371100608164,1.0089733310906293,0.0
2017-12-28,0.0031409640766639968,0.023940721759734912,0.05835736572668806,0.029419981741190256,0.09101108114181951,1.0087862749245966,0.0
2017-12-29,-0.002694404259973428,0.02077154847189671,0.06054553376983796,0.024558698720783822,0.08616886390982008,1.0082362672586913,0.0
2018-01-02,0.004698936928823736,0.019186999739128505,0.05820079996843716,0.03076159054988143,0.0931588572595486,1.0082827800618133,0.0
2018-01-03,0.012200967498938078,0.027569542943032863,0.05998905014832512,0.03611547805277326,0.09924136172575786,1.0087309746510649,0.0
2018-01-04,0.015920650189023226,0.03298640335635875,0.060052588465854366,0.03914494750733745,0.10294808370347563,1.009319216757476,0.0
2018-01-05,0.02050750399997705,0.04323143358670389,0.0594150948852614,0.044618220408960865,0.10933880329326014,1.01020764938728,0.0
2018-01-08,0.02611228932306026,0.044868567991297424,0.05903572328208721,0.0449372588941839,0.11039078229065803,1.0109295796017548,0.0
2018-01-09,0.02124105397052236,0.04398126644154433,0.05892409953831193,0.04568904475897018,0.1119090585744606,1.0115482557457693,0.0
2018-01-10,0.013404902257155698,0.037011881684028414,0.05888654764214256,0.04268169347581565,0.10922052638370196,1.0117723724523473,0.0
2018-01-11,0.016468399637460107,0.041273214044099005,0.061800604861754815,0.04863979038409864,0.11631333740820941,1.012398052544793,0.0
2018-01-12,0.016324401503150163,0.046007878274758704,0.06375138639562376,0.053709284475894646,0.12255023478966079,1.0132682981710255,0.0
2018-01-16,0.011072848105930774,0.042695678122860244,0.06624298620990725,0.04845411712003823,0.11771531101356983,1.0135135534486892,0.0
2018-01-17,0.01829846228517029,0.056276844749874044,0.06711359144001235,0.05658118072406384,0.1272915093423334,1.014315924433958,0.0
2018-01-18,0.018147488417415272,0.04630177538896532,0.06547725266847113,0.05305421401548859,0.12432503806184332,1.0146366826445548,0.0
2018-01-19,0.015417272013977931,0.04451997536385135,0.06434701792329309,0.05602259474078835,0.12834020623493497,1.0150831301069074,0.0
2018-01-22,0.017017337296233837,0.056465983791837704,0.06369072760119909,0.06258160869108907,0.136340137850083,1.0159120499326777,0.0
2018-01-23,0.022561895618432682,0.05911017206572632,0.06266027999486655,0.06279943395478295,0.1375779750652479,1.016542655835164,0.0
2018-01-24,0.012687472798678344,0.05666451092258334,0.06359838189343514,0.060292859311561565,0.135962815331085,1.0168076630170348,0.0
2018-01-25,0.014792778430242726,0.05734916326623398,0.06324013219991437,0.05863912385941872,0.1352723035061085,1.016851104282285,0.0
2018-01-26,0.021764760643107707,0.07005751349038722,0.06840638261631743,0.06853502020901452,0.14715219260670742,1.017621890386199,0.0
2018-01-29,0.007014623143285198,0.06291924413234443,0.07618069174092022,0.05921864616175051,0.13831396773589047,1.0174746669418862,0.0
2018-01-30,-0.0054153722849594205,0.050553835704102906,0.0890589209198721,0.04628125010805271,0.1254525864991715,1.0163268746718983,0.0
2018-01-31,-0.00453036841732162,0.05482854676523514,0.08651293554303227,0.04489262937568657,0.12487063509346268,1.0152806755132853,0.0
2018-02-01,-0.006089628575891651,0.04656059776151859,0.08580691126520565,0.04177314207366495,0.12244750533738642,1.014195461643296,0.0
2018-02-02,-0.03961143007697235,0.01824511591447679,0.11860485906321269,0.017703381508209246,0.09701776298056787,1.0114413575829455,0.0
2018-02-05,-0.0756818196162661,-0.028683225672944897,0.19117445819281664,-0.025238540158014702,0.05046682326807459,1.0058542221776157,0.0
2018-02-06,-0.045861328517458874,-0.015814996813333024,0.20280934593446906,-0.006818058901227885,0.07035346756365436,1.0028847611748894,0.0
2018-02-07,-0.051797737938979516,-0.023081480496804634,0.20320630989473615,-0.012834904521091497,0.06382757232972283,1.000094434997073,0.0
2018-02-08,-0.08889202606546519,-0.06357248227446896,0.23987246606669496,-0.049772764273566895,0.023464845993004566,0.9949680244560207,1.0
2018-02-09,-0.05197198721067704,-0.047131773553355946,0.24779474045508526,-0.035496736888712126,0.038289450062768425,0.9921093521384329,1.0
2018-02-12,0.005328076122599178,-0.039823549187805826,0.252577352346964,-0.021619613500112163,0.052903554710850675,0.9910765783224409,1.0
2018-02-13,-0.01169807191130836,-0.04383747022779154,0.251275820056606,-0.019355049537215122,0.05486444495772924,0.9905587861541048,1.0
2018-02-14,0.007147389973447191,-0.02700693862928821,0.2568494465001251,-0.006594332847436025,0.06837146447441063,0.9913205247166332,1.0
2018-02-15,0.0580569135441233,-0.023814031015515942,0.2587677163591696,0.005323279698698295,0.08119412138434269,0.9930331602781458,1.0
2018-02-16,0.043440497730929846,-0.02183876423984136,0.2588054678770262,0.00478502399265996,0.08069463233381396,0.9944773907114255,1.0
2018-02-20,0.022581829451769213,-0.03265899175001453,0.2585805137119338,-0.0022034694549130304,0.07316017046272381,0.9951676446043634,1.0
2018-02-21,0.015110828663146312,-0.04574397886087905,0.256389015000688,-0.007701088913586583,0.06710680419253855,0.9953657348810981,1.0
2018-02-22,0.0029999053506885253,-0.046568928897032354,0.25623063501517834,-0.0068706554119324905,0.06776627116508166,0.9956767699721776,1.0
2018-02-23,0.006134429237219135,-0.030367074576975142,0.2637253866238859,0.008236844719222099,0.08395516251856638,0.9972389817637929,1.0
2018-02-26,0.01738639239887182,-0.019245150271212257,0.26750580570730276,0.019011313849699986,0.09564330784668541,0.9994284569100593,1.0
2018-02-27,0.011102522459533122,-0.043321229933589105,0.26641148561149414,0.005621404057948046,0.08114047604427412,1.000130359796283,1.0
2018-02-28,0.005907608926433215,-0.046850993077731024,0.2674561182925682,-0.005100757656605678,0.0694258517501866,0.9998646691241202,1.0
2018-03-01,-0.010035272396615768,-0.051188829008688694,0.2695212865208622,-0.019653148730653807,0.05323341929015839,0.998499430359682,1.0
2018-03-02,-0.020707141718394044,-0.04654384787804755,0.27063651216348833,-0.014662864486390858,0.05798542088611698,0.9978499000809218,1.0
2018-03-05,-0.02076071905114067,-0.03391624074646127,0.27477515145059866,-0.003640783513728027,0.0693754733338159,0.9982792130106592,1.0
2018-03-06,-0.005664124625904057,-0.009373924482520802,0.2647932016196215,-0.0015425385481978317,0.07125280431292952,0.9988378033762304,1.0
2018-03-07,0.0041507682356041265,0.032981594774139214,0.21568450710904952,-0.00228827634807695,0.07006194055714808,0.9992591417953606,0.0
2018-03-08,0.02362614361134419,0.01829864312011438,0.20607989460966245,0.0020567728333234546,0.07443670324767558,0.9999846141686115,0.0
2018-03-09,0.03573706224919608,0.04099095231012805,0.21222477896522102,0.018625137272666972,0.09222747428257326,1.001947377899839,0.0
2018-03-12,0.02298944548102173,0.07796523080002567,0.15493427382194858,0.016514802600956117,0.08997124740928204,1.0033551934416165,0.0
2018-03-13,0.013973738323575367,0.05657180105173161,0.1531676189323453,0.00929323435840381,0.08211092157459768,1.0038927595964704,0.0
2018-03-14,0.009195590459974782,0.03684910911151483,0.14906936470002302,0.003496079729997843,0.0757761182046543,1.0038557456598824,0.0
2018-03-15,0.0032779276006678175,0.03327464263209057,0.14936290692189236,0.0019476492179613385,0.07382613916833429,1.0036954266114766,0.0
2018-03-16,-0.012890907083720014,0.02095265525296085,0.14304032101536865,0.0026815274597499867,0.07420568174088105,1.0036142362182143,0.0
2018-03-19,-0.025257550502347945,-0.005349233246445581,0.14498082788562347,-0.010882421484158031,0.05901399464289796,1.0024267139212197,0.0
2018-03-20,-0.017074560024397643,-0.003943256703595878,0.14512951102179697,-0.00910034594846484,0.06016426420707593,1.0016023357757735,0.0
2018-03-21,-0.013851088535489938,0.00041619112425567216,0.14360104676073707,-0.010828959783464931,0.05748767381449483,1.000785491167046,0.0
2018-03-22,-0.038075479868506276,-0.019911665899562024,0.16776341957446597,-0.034864938084274384,0.030549789648535018,0.9981507555750114,0.0
2018-03-23,-0.06070453472126132,-0.04275178481898899,0.18197115812997908,-0.054399715325637456,0.008210507479568235,0.9944349037545348,0.0
2018-03-26,-0.02009045231774192,-0.031574114801406636,0.19909945964032416,-0.027823085906390033,0.03527037248852313,0.9936641933155466,0.0
2018-03-27,-0.038947550474211765,-0.06027719957667946,0.20022150283571538,-0.043223756966833095,0.017226817139479603,0.9917859920912111,0.0
2018-03-28,-0.03998534656194875,-0.050671677897226194,0.19710209097746778,-0.044926305129255634,0.013805020088709683,0.9901671336253715,0.0
2018-03-29,-0.0019742894269083426,-0.02779356425290358,0.20162161365244213,-0.0316305157193121,0.026294735277340654,0.9899978891681054,0.0
2018-04-02,-0.0022500505451045517,-0.03496656296747777,0.2089909187809431,-0.05109668279573215,0.0037941381476289107,0.9882674988714778,0.0
2018-04-03,-0.01650597381118229,-0.027372946894194883,0.21370945363968538,-0.03762080917110847,0.0162324623778852,0.9880305797921249,0.0
2018-04-04,0.011294370580863824,-0.02822210994467496,0.21308820528413747,-0.026029893560334253,0.026619208552659993,0.9888212957268282,0.0
2018-04-05,0.022114377980060163,-0.022893175291261975,0.21509958597608408,-0.017143476241617005,0.03422975719711146,0.9901960862744943,0.0
2018-04-06,-0.013119996687427596,-0.045064329175935294,0.2275134190257371,-0.037456664325124296,0.01078564716071296,0.9895968179295025,1.0
2018-04-09,0.013617165370114323,-0.04497554120870763,0.22754791403968583,-0.031192667434380535,0.015343626689163283,0.9896294282066539,1.0
2018-04-10,0.01665665557772994,-0.046453353565661014,0.22601325860969512,-0.014304062983911934,0.03097233268865481,0.9910287956645952,0.0
2018-04-11,0.0007584648622164323,-0.05045309056348025,0.2262246806525536,-0.018026609760668295,0.02508927470453879,0.9918071057455979,0.0
2018-04-12,0.001090958538822389,-0.03577595507601495,0.22858938140260882,-0.008862631402092858,0.03300008025685351,0.9931665142435153,1.0
2018-04-13,0.020691270587777554,-0.033568649048132525,0.22829839200671007,-0.010617489400835595,0.02942648828134666,0.9940738204736581,1.0
2018-04-16,0.02396330182145611,-0.02429016698791934,0.23080749685068735,-0.0015046879364427146,0.037341920573860064,0.9955098881475444,1.0
2018-04-17,0.01883021741955053,-0.014732229062390467,0.23432462081175354,0.00949172383533346,0.04778542216062911,0.997545618827755,1.0
2018-04-18,0.024825975551700557,-0.00036956450943174555,0.22957960425450377,0.009672184338060448,0.047911617101602376,0.9992250637167961,1.0
2018-04-19,0.011069508648358588,-0.007631886403258717,0.23027267090266423,0.004008316331298883,0.04149148637927786,1.0000980844623388,1.0
2018-04-20,0.005491303200349561,-0.014226257312293022,0.23196170138512187,-0.0045058449935512345,0.03211584877018311,1.0000981810657934,1.0
2018-04-23,-0.0028465562235797234,0.010938756657007219,0.21396668122047088,-0.005395047082877145,0.031375092059400096,1.000085209183641,0.0
2018-04-24,-0.02704747641517448,0.018924829243696373,0.20519821752308662,-0.018974626580965152,0.017007983208663383,0.9989987192707289,0.0
2018-04-25,-0.02531884973249498,-0.0055979619241847975,0.18220764787955354,-0.016502056092854163,0.01903616098958822,0.9983523151537983,0.0
2018-04-26,-0.009641661358157898,0.021674002712795154,0.17468859606962633,-0.006606063659419895,0.0288482462288079,0.9986686943117762,0.0
2018-04-27,-0.00018729162274972334,0.02557179762690601,0.17408727235543192,-0.005528200114914259,0.029298367655854557,0.9990067537215035,0.0
2018-04-30,-0.007757968095782106,0.0051550779881334614,0.17147193911555303,-0.012628722676199704,0.020919375491404883,0.9986677639224174,0.0
2018-05-01,0.007576475393654997,0.028751355182455925,0.15153485093643224,-0.010353998573663698,0.022282843530733523,0.9985582360090955,0.0
2018-05-02,-0.0016325161719454436,0.009275495715052054,0.14810806922676142,-0.016479276736891656,0.015002428258626221,0.997953659419225,0.0
2018-05-03,-0.013952599001855305,-0.003572966869923974,0.14357642764138664,-0.018180429019081994,0.012367806947200721,0.9973277433821823,0.0
2018-05-04,-0.002027949659932927,0.001429469986912929,0.14807727089512476,-0.005223895270537921,0.025030243116795085,0.9978910004893455,0.0
2018-05-07,0.009069914433595921,0.027344989109156982,0.12338138808533432,-0.0013582336992542477,0.028037474256030988,0.9986269356409425,0.0
2018-05-08,0.007294502123348522,0.02242869193569013,0.12274056594627308,-0.0006200499858071752,0.027572773863346233,0.9992188160878284,0.0
2018-05-09,0.023654092249492033,0.016272932386814147,0.1150589015608996,0.009329461816353116,0.03698348782431444,1.0004650263129222,0.0
2018-05-10,0.03516704290878242,0.03083561117664202,0.11649153407114893,0.018656147680092952,0.04611509022950313,1.0021874515099607,0.0
2018-05-11,0.025350763990975113,0.025689275439065656,0.11408746976464434,0.021289101859785272,0.04872524458058378,1.0037544552036453,0.0
2018-05-14,0.02244939422598804,0.029103112747367467,0.11312758161664042,0.021395367717216767,0.04863583733963909,1.0049729256344464,0.0
2018-05-15,0.015538665438248795,0.014004055552482814,0.11377748176018287,0.014361434044426724,0.04086152552167878,1.00530948858278,0.0
2018-05-16,0.010115425335458724,0.007558140302722344,0.10873637281586003,0.01859242780933523,0.04465832270485783,1.0058489954328143,0.0
2018-05-17,-3.611085343360764e-05,0.005973524771507858,0.10880511701872816,0.0177082240665455,0.04321312062543492,1.006135083172484,0.0
2018-05-18,-0.005586661048914131,0.009033105741792946,0.10723818115529324,0.015290891973337283,0.04005933646866568,1.0060870646571405,0.0
2018-05-21,0.001427754867461637,0.025039564414479545,0.10471897483178473,0.023260684905588077,0.04728011916046471,1.0065813548660605,0.0
2018-05-22,0.0055541451900534555,0.022404756966115994,0.10553894050678163,0.020782276773489726,0.043795352639150104,1.0066676343599559,0.0
2018-05-23,0.004105815552343223,0.03871143227024004,0.09120940107649211,0.02376385312931339,0.04608755309994823,1.0068788843303829,0.0
2018-05-24,0.002899705515374285,0.03419208001937712,0.09215771936427614,0.021773814146141154,0.0433657807274735,1.0068000274001638,0.0
2018-05-25,0.0030176080556541026,0.021692375155604945,0.08772102344877776,0.01947298726127069,0.040315655592650455,1.0064691023312489,0.0
2018-05-29,-0.016040573511628034,0.009186282525601233,0.09798746323387246,0.008139445370728663,0.027788163158388977,1.005215819035492,0.0
2018-05-30,1.7520707107365752e-16,0.030162725061898276,0.10280803129382265,0.021430260084713073,0.040869299740755684,1.0052305663956465,0.0
2018-05-31,-0.008892249837868436,0.022242707038716614,0.10608738859455205,0.015173980187741453,0.03394367481911428,1.0046911467312154,0.0
2018-06-01,0.002928238759598205,0.03875283495092077,0.10620970401091799,0.02489711458729223,0.04348672199580426,1.0049968825774398,0.0
2018-06-04,0.010054101373872049,0.0456990755313323,0.10559509180916504,0.028901207614925165,0.04781729757247786,1.0055596546689778,0.0
2018-06-05,0.022349210478487567,0.03356344266402173,0.09823082169819755,0.028337664507834124,0.047873028460855685,1.0059938241710784,0.0
2018-06-06,0.017418886016965274,0.03851169664526763,0.10082162805408655,0.03598337014070241,0.05586827709894318,1.0069358090068234,0.0
2018-06-07,0.023455004099291285,0.03840320901465938,0.10084718919995841,0.034575088727387175,0.05499361839809807,1.0075819687100207,0.0
2018-06-08,0.016637120705654596,0.03173586340708333,0.0969260645634476,0.03621429717661852,0.057385007108023044,1.0082370073848068,0.0
2018-06-11,0.013226312330305658,0.02375834495285553,0.09268850792728897,0.036402955381120775,0.0580393670300703,1.0087601456205393,0.0
2018-06-12,0.013790345052486924,0.022003023725533533,0.09243049808143808,0.03608877133482057,0.058636200037801255,1.0091711357251318,0.0
2018-06-13,0.002268285021102792,0.018330587440382382,0.09358485948447683,0.03145992449276532,0.05451997571779871,1.0091284225817576,0.0
2018-06-14,0.004891187216175942,0.027755730792586523,0.08930515995620242,0.03289410468889178,0.056422106320955914,1.009191537776658,0.0
2018-06-15,0.0006626096491081624,0.022283047720732765,0.08909780684783232,0.030603558753506132,0.05433615941531947,1.009031919332594,0.0
2018-06-18,-0.0027257065139452996,0.02106874929234384,0.08952334450295266,0.027108655361797074,0.05146622921141245,1.0086378526361575,0.0
2018-06-19,-0.00785708362341804,0.019732601151029622,0.09029912114409039,0.02198314154531015,0.046788863422588076,1.007923434777137,0.0
2018-06-20,-0.0029566364853923486,0.013946196087528397,0.08718063553971678,0.022815376297794968,0.0479238311488821,1.0074094621811382,0.0
2018-06-21,-0.011759635811696334,0.010441949790836732,0.0897348416225627,0.015525850264517927,0.04070849550462926,1.0064213204871582,0.0
2018-06-22,-0.008660875753803688,0.009516356414585855,0.08949933970359426,0.016625032364422136,0.041966427795018475,1.005718995342645,0.0
2018-06-25,-0.020308654983139864,-0.002139611206170308,0.10186236470300199,0.002263674374339537,0.027223638653601456,1.0040184109348311,0.0
2018-06-26,-0.01425750922203576,0.002457483873339758,0.1018085088464415,0.004076678088560825,0.028921618958846502,1.0028132730936445,0.0
2018-06-27,-0.024280430345280903,0.005706339253875528,0.09764737343975977,-0.004268290783976636,0.01992044648125136,1.0011802870205864,0.0
2018-06-28,-0.012290650108821811,-0.0018487003179852544,0.08802199823168874,0.0012982869074834923,0.025258194728322487,1.000334903449848,0.0
2018-06-29,-0.012674060539462717,0.005734545712991574,0.08532609192283365,0.0024736299198449842,0.026235091540289697,0.999782037596404,0.0
2018-07-02,0.0031681427439239985,-0.0018997072218445155,0.07844056802913224,0.004138631972365919,0.02791643613555577,0.9995206536638286,0.0
2018-07-03,-0.0025806921245200014,-0.010177309625052294,0.07724954693519688,0.00018490258851052905,0.02380146797159086,0.9990401581255781,0.0
2018-07-05,0.01386297231364752,-0.0027798989109645202,0.082765552200986,0.00750346396635723,0.03163217490807926,0.9993215238882409,0.0
2018-07-06,0.016584227459886056,-0.0026833588750644743,0.08289044496283017,0.015053731508018638,0.03979175183842782,1.000225198653941,0.0
2018-07-09,0.024109817310964125,0.0063893589246644105,0.0886735980878729,0.023229879955492885,0.04853682214024257,1.0016529677570152,0.0
2018-07-10,0.025566188897592535,0.007029360970093426,0.08894168353110242,0.02588953243231829,0.05165761004636316,1.003040264634663,0.0
2018-07-11,0.0217623252415084,-0.0016412967138495545,0.09271166640002595,0.01737294937742819,0.0433598348424179,1.0034968806286435,0.0
2018-07-12,0.02266221374668555,0.0060919697832341035,0.097877690154039,0.02542250493760403,0.05214867383109526,1.004541100800883,0.0
2018-07-13,0.015027082186976995,0.010075438290809726,0.09705924743988525,0.024908481316321316,0.05230624733370917,1.005367854433045,0.0
2018-07-16,0.005168601150184106,0.006666772858672572,0.09687700429923511,0.022650745922853318,0.050719813987946276,1.005879567372288,0.0
2018-07-17,0.005613704247648768,0.01198045556863403,0.09752183858146393,0.02561308414492175,0.0543059433942427,1.0065369050020845,0.0
2018-07-18,0.01505634580262165,0.01614075560271739,0.0971727254991144,0.026619297129230515,0.05586454840545413,1.0071442220371858,0.0
2018-07-19,0.0022524947318297408,0.016201548138481882,0.0971366208525816,0.02168179712626499,0.051268278847580645,1.0072317667012591,0.0
2018-07-20,0.00032183348857913884,0.01335390826478121,0.09729282531338782,0.019667164595109005,0.049471442293197714,1.0071250286549775,0.0
2018-07-23,0.003073575658336586,0.02149998432870549,0.09402515873047652,0.02086352217150812,0.050822228015909264,1.0071084093267073,0.0
2018-07-24,0.004056080447238672,0.024697411769676388,0.09501437504349815,0.025255053981826134,0.055508706136514076,1.0074167651894324,0.0
2018-07-25,0.010441082001426799,0.04689049258728405,0.08133082230809445,0.03307128742932462,0.06384494700746855,1.0082567993915004,0.0
2018-07-26,0.011858258979819658,0.0423173163403373,0.08287425300344241,0.029626710650747852,0.0606835076368093,1.0086258355235056,0.0
2018-07-27,0.00620206684354781,0.043836405453609915,0.08062411090270435,0.02187731087568926,0.05289999029567838,1.0082681517085141,0.0
2018-07-30,-0.0008924266870265702,0.03289820775050073,0.08330590956413461,0.015864247877656643,0.04684481135191646,1.0074750733919804,0.0
2018-07-31,-0.0009947459626948449,0.03637672634644426,0.0841062454860229,0.020041628210121863,0.051412813568761845,1.007161250072385,0.0
2018-08-01,-0.011153291047844759,0.03256905879551529,0.08490668471606008,0.01769443931126668,0.049080821547587306,1.006699751548778,0.0
2018-08-02,-0.0033584715593422106,0.04153953690551509,0.08381250154698326,0.02242374553449149,0.054194736675409264,1.0066965879428897,0.0
2018-08-03,0.007716561862986392,0.03768999500294879,0.08127764288453336,0.025952948266157343,0.058087997343482044,1.0069603063245531,0.0
2018-08-06,0.016613773520748998,0.03292775381136367,0.07799245901142852,0.02874299591403124,0.06132707404663624,1.007380585461495,0.0
2018-08-07,0.014993616753289722,0.027260525788769852,0.07356592535574201,0.031048780217669606,0.06417259334192006,1.0078892407619031,0.0
2018-08-08,0.016245841581585933,0.02324871147950868,0.07330203491490482,0.029304629281052555,0.06309558604980962,1.0081612525539134,0.0
2018-08-09,0.00944557791986336,0.02922278958387005,0.06730224432333091,0.02688536825232758,0.061002745579646425,1.0081694021387657,0.0
2018-08-10,-0.0015524796177298836,0.013475301638533353,0.06690434986603845,0.01901917430946844,0.053304802277151425,1.007543425842505,0.0
2018-08-13,-0.008963042606201965,0.008937629018184706,0.06860484013941895,0.014494682775171346,0.04877182350599379,1.0066682057196399,0.0
2018-08-14,-0.005899767590153224,0.016192157048432524,0.07139239878540452,0.020217128877287115,0.054841459265707194,1.00641413675598,0.0
2018-08-15,-0.012974987681374853,0.004660019550485062,0.07578686476273887,0.012023693423146218,0.04642932120628908,1.0055441098763123,0.0
2018-08-16,-0.003549145914992594,0.010617297866255804,0.0803222954868192,0.019633585873180814,0.05429379620225055,1.0054423482869577,0.0
2018-08-17,0.006687345626305128,0.017910152533008743,0.07938824498546548,0.022567267973892805,0.05738932437347854,1.0055818194435517,0.0
2018-08-20,0.01257531041837874,0.02119110594798431,0.0791620040983014,0.02411449936911839,0.05903033286501611,1.005798193120913,0.0
2018-08-21,0.008557839531410979,0.021676420921506918,0.07924534705164703,0.02585278344890389,0.060880691632065685,1.0060887561328702,0.0
2018-08-22,0.015458866137712123,0.016062805240958516,0.07806360160771121,0.02461966411534899,0.059638028108571495,1.0061979398047112,0.0
2018-08-23,0.0060719052197629395,0.006248121084591947,0.07307604289571008,0.02260029498401074,0.05763557284354836,1.006105413705854,0.0
2018-08-24,0.008558318959747978,0.014610212512937069,0.07495884312455729,0.028017097863305244,0.06336473809166474,1.0064444703924171,0.0
2018-08-27,0.014285046203357021,0.02927408530779353,0.07368485753774985,0.03519717384357517,0.07108367749524665,1.0072692527971514,0.0
2018-08-28,0.012425232941608149,0.03499408055014164,0.06975857941115461,0.03470961437695343,0.07090385519304776,1.0078678868566977,0.0
2018-08-29,0.018385535376554567,0.03544308658020793,0.07003899650553551,0.039091740981093456,0.07593329048194258,1.0086777838747316,0.0
2018-08-30,0.015657374131739628,0.03305878626417634,0.071941359801189,0.033828976004034284,0.07087692175709673,1.0088817072697012,0.0
2018-08-31,0.009691425958665192,0.027660110030944474,0.07071297292163028,0.03268254644416561,0.0702020599787625,1.0089409013557682,0.0
2018-09-04,0.00010313916272303072,0.02166066260753017,0.07060441554595698,0.029799720373253718,0.06763395289237063,1.0087453099066577,0.0
2018-09-05,-0.0030746190372839136,0.01530568799210873,0.07105371150271358,0.025714096450170403,0.06409641008382588,1.0082757152376733,0.0
2018-09-06,-0.011455333768257683,0.008994136058660524,0.07154152289904502,0.02142613081233634,0.06023424733886321,1.007572491137202,0.0
2018-09-07,-0.009344178136985338,0.007468766545605073,0.07196329717441674,0.018123822231443487,0.05753596812057125,1.006780264883449,0.0
2018-09-10,-0.007641573078833997,0.010572959032247118,0.07183020016325645,0.01865262411785556,0.05875908044346793,1.00622085086962,0.0
2018-09-11,-0.0026257265161269746,0.020587415709133076,0.06737549279119713,0.020728795512820346,0.06161046817280143,1.0059746228096786,0.0
2018-09-12,0.00031126393789442135,0.024579994536205116,0.06522863427405788,0.019733000506899356,0.06123874389307031,1.0057327158826899,0.0
2018-09-13,0.00922297964660658,0.02411688329542033,0.06478256957125565,0.024324229051643286,0.06684768890523902,1.0059502521026475,0.0
2018-09-14,0.011340080097040591,0.031783834324020516,0.056852124041217936,0.02321940178403276,0.06641378202802131,1.0060655262619247,0.0
2018-09-17,0.004294543481160379,0.018416648428400094,0.05631690949219593,0.016806225211321493,0.06018132067291947,1.0056609801095067,0.0
2018-09-18,0.006414283628146831,0.020314353710974783,0.0578006435173883,0.0213897694523928,0.06535892496557545,1.005712476713525,0.0
2018-09-19,0.007237413619390462,0.01924209773721684,0.05764624650758717,0.021594689308475447,0.06590262498966716,1.0057724257028284,0.0
2018-09-20,0.00941132053734562,0.024970364301354974,0.0626319971532315,0.028666718388960906,0.07389183362701501,1.0064019824886974,0.0
2018-09-21,0.008325302734309852,0.024650270920618247,0.06275651779306847,0.026723593616508008,0.07225018253604983,1.0067461055894174,0.0
2018-09-24,0.010306164509252121,0.02265090771788927,0.06412813095935928,0.022400253140136713,0.06805067813267555,1.0066699439850386,0.0
2018-09-25,0.003965996021062861,0.015722030772289668,0.06188018160416109,0.020542941579051573,0.06644465715128693,1.00645921999434,0.0
2018-09-26,-9.599451901199686e-05,0.004861057014847819,0.057420828478514735,0.016727484544602975,0.06268596676946028,1.0059806532147224,0.0
2018-09-27,-0.005376429051520649,0.007168702308226175,0.058100606533326514,0.018790033502114774,0.06508649577400297,1.0057604869314083,0.0
2018-09-28,-0.004358898586068297,0.0019058369579953837,0.05515109816182987,0.018040264838246157,0.06463630221022419,1.0055303268138729,0.0
2018-10-01,0.002437011606004884,0.009430545192154527,0.054172788153463255,0.02062576989757293,0.06775323619908588,1.0055644133089765,0.0
2018-10-02,0.0027822999045737946,0.008812904718198268,0.05427451480685055,0.0191305608957401,0.0665321772601952,1.0054803416409783,0.0
2018-10-03,0.006327864186257105,0.011085782038381894,0.05371160108617747,0.018879625959347623,0.06655888613581265,1.0053955353802244,0.0
2018-10-04,-0.004309146445076255,0.005934174900433834,0.06018116018036798,0.010442794796181315,0.05774536277369567,1.0046413284913307,0.0
2018-10-05,-0.010025198328948302,0.0033359723973047668,0.06259918924022717,0.004383606725818544,0.0513621660286602,1.0035521917966728,0.0
2018-10-08,-0.013493437412806095,0.005281285916333771,0.06213629413649391,0.0038463616576356655,0.05089695776372031,1.0026579879157667,0.0
2018-10-09,-0.014370996128372128,0.00208348166866014,0.06216044423817132,0.0017722685520423103,0.04891724251830078,1.001810972482845,0.0
2018-10-10,-0.047094990500849185,-0.03338348194634032,0.12690653663014592,-0.02982761650315136,0.01544148899276086,0.9986091501001846,0.0
2018-10-11,-0.06152128774844793,-0.05589837678590852,0.14542672232602802,-0.05070570127356981,-0.007077791705957632,0.994392246709459,0.0
2018-10-12,-0.042115552662018274,-0.04800255991132009,0.15362317798854314,-0.037174319247127954,0.006490652909923664,0.9921856789489526,0.0
2018-10-15,-0.0477485488611499,-0.05380734304185673,0.15376906215946834,-0.04205309827649388,0.0006547618996098884,0.9900962110156012,0.0
2018-10-16,-0.024657583547926878,-0.02686864536042712,0.17461076803300984,-0.020904668386902307,0.022218291876156992,0.9902564440125536,0.0
2018-10-17,0.007696204492044729,-0.03210156108244242,0.17301783043537228,-0.0204667882156516,0.022118743719443307,0.9905058827388664,0.0
2018-10-18,0.015422067712221406,-0.047713722693077575,0.17843625208266256,-0.03408821668649912,0.007184878469423603,0.9896609253846824,0.0
2018-10-19,0.001086641980498731,-0.056327238468166986,0.1745987300307548,-0.03410332855860857,0.006489295465398123,0.9890685053264868,0.0
2018-10-22,0.0022205724001696263,-0.05991207337599695,0.17458296035178167,-0.03797676242032393,0.0018777637476861274,0.9883707075248616,0.0
2018-10-23,-0.024513419238010592,-0.06168822910768983,0.1747521520141734,-0.04239061292246921,-0.003281193091774489,0.9875504859493783,0.0
2018-10-24,-0.055459190189458676,-0.09152674729296395,0.19927801804519332,-0.07027889203820022,-0.033380408693354374,0.9846596748361562,0.0
2018-10-25,-0.023130557359060493,-0.07074828553312608,0.2135549444322893,-0.05290658340443832,-0.01602943624727768,0.9839192196505596,0.0
2018-10-26,-0.04033214913091138,-0.0912829585475577,0.21789528276661632,-0.06842352356602195,-0.03320780680586472,0.9821339257452941,0.0
2018-10-29,-0.04138899499972997,-0.09694216978965862,0.21732012121719385,-0.07228755510809688,-0.03838085675740798,0.9804894267390029,0.0
2018-10-30,-0.021575156909102926,-0.08570039762279763,0.22590894890947202,-0.05743895393214258,-0.02403085213846071,0.9805501604282716,1.0
2018-10-31,0.0198162313799985,-0.07449281581753925,0.23136559670023293,-0.046403435310866485,-0.01351000337690217,0.9816522416680135,1.0
2018-11-01,0.012619560720438147,-0.06445658899894503,0.2361667481055348,-0.03548298841372564,-0.0029755690211568167,0.9835680411576865,1.0
2018-11-02,0.024423471412926005,-0.06255034068955545,0.2357729052340003,-0.04034172290447146,-0.0087919404494956,0.9847823632891781,1.0
2018-11-05,0.035481115985551454,-0.05143585547515887,0.23734669609368683,-0.03417303200430171,-0.003220883188522171,0.9863464196946529,1.0
2018-11-06,0.027078660011560982,-0.04512830019843057,0.23916563003775265,-0.027143830155590343,0.0031687557183638403,0.9882338729882202,1.0
2018-11-07,0.03763746693222434,-0.02248435275694279,0.25247943555750635,-0.005781220555388029,0.024617943834142838,0.9915643132030403,1.0
2018-11-08,0.02523581924626032,0.007874220748164474,0.22585306652391926,-0.006906293609155131,0.022742435484278685,0.9941163815654468,1.0
2018-11-09,0.02135985114880998,0.020330798207702463,0.21392143750216114,-0.015824183541586198,0.012846757647905008,0.9953863353946236,0.0
2018-11-12,-0.0030042766232277855,-0.01232457943636838,0.21910065723335465,-0.033088199821881166,-0.005926028670182152,0.9949299999119653,0.0
2018-11-13,-0.011184813273273272,-0.008564564610553934,0.21839555741646513,-0.0337702434664918,-0.007676463807054251,0.9944806226497797,0.0
2018-11-14,-0.0392277272414445,-0.03705449645046041,0.20399664961928018,-0.039179460126801284,-0.014315377016385173,0.993648510031226,0.0
2018-11-15,-0.02702864970939069,-0.026850633453270944,0.2082396071254894,-0.028195053046701456,-0.0039386360298045205,0.9938878880152365,0.0
2018-11-16,-0.014615336072466133,-0.009706605576985076,0.20287555391668283,-0.02479484388857075,-0.0013817279077882928,0.9943516817780839,0.0
2018-11-19,-0.01281194525949688,-0.02622316667636399,0.21086830564641368,-0.04007903360830264,-0.018426256570890677,0.9934287995659176,0.0
2018-11-20,-0.02961897389517292,-0.04040411090589648,0.21918068934753476,-0.05625309422615739,-0.03656488689757915,0.9913172432635511,0.0
2018-11-21,-0.01935753335699939,-0.031898610569449204,0.219605870792299,-0.05149203078046508,-0.033296217154852016,0.99001446834357,0.0
2018-11-23,-0.036440997434187695,-0.007832440697999965,0.19349135243676344,-0.05605164794370214,-0.03990897424633931,0.9885763555619578,0.0
2018-11-26,-0.02302301581948142,-0.009599064037406,0.19148922449378575,-0.03929191162730489,-0.024575907317072033,0.9888295449462692,0.0
2018-11-27,-0.0026052480032212172,0.011503734451326167,0.1811602368207292,-0.034698196800785744,-0.02140989239457377,0.9894203729270887,0.0
2018-11-28,0.03883932290963037,0.039824207003463855,0.19516032297788122,-0.011403493115006401,0.0009035672404819524,0.9918317932440869,0.0
2018-11-29,0.03324988042107129,0.022926426760725007,0.18988845010634162,-0.012431281157078864,-0.0014270255296201665,0.9936354937310566,0.0
2018-11-30,0.04602804035391059,0.018379368275912127,0.187652419261916,-0.005220315669379807,0.00454757046096077,0.995611335964371,0.0
2018-12-03,0.04316718665779322,0.02094856189994907,0.18952914623459996,0.008875863356653994,0.01766887012648755,0.9982764024339658,0.0
2018-12-04,0.006869531745256563,-0.006050205216343276,0.22223563310788005,-0.02234709588252782,-0.015348178898209906,0.9977317303074053,0.0
2018-12-06,-0.017413397016654703,-0.013070305998742303,0.22125957201500474,-0.02235135746364832,-0.016900785731987646,0.9972097100531374,0.0
2018-12-07,-0.03873582954377312,-0.04288806279460909,0.23327615575835878,-0.04324398463988479,-0.039685656979721554,0.9949867861174272,1.0
2018-12-10,-0.04291776260741835,-0.062175861263730564,0.2181586884202285,-0.039572757133373396,-0.03773945314949136,0.9934403404024861,0.0
2018-12-11,-0.05584515628946975,-0.06013241363578099,0.2184084366046541,-0.037493109061820434,-0.03734244658580001,0.9923144035731376,0.0
2018-12-12,-0.017883398886776515,-0.045293455251929765,0.21850560083480233,-0.030790761756077447,-0.032399286803320757,0.9919099380832549,0.0
2018-12-13,-0.01670400478003698,-0.026770034155551497,0.20991452916893116,-0.02926278999568833,-0.03267833515929298,0.9916560004360411,0.0
2018-12-14,-0.01183132698679764,-0.04353457650813346,0.21837910865769947,-0.045003982341410974,-0.05047453886629613,0.9900873582136155,0.0
2018-12-17,-0.03353986382489495,-0.05648799784718101,0.2264187058217308,-0.061393667536127385,-0.0689286313222291,0.9874267179022543,1.0
2018-12-18,-0.03486405516428101,-0.06796781909067132,0.22150644600451572,-0.060160973504746015,-0.06971909329340226,0.9853788020558638,0.0
2018-12-19,-0.05497615150453877,-0.08565427068400241,0.22409534369209816,-0.07173512201746729,-0.08334844231969539,0.9827603216086899,1.0
2018-12-20,-0.07104904533632597,-0.0850071342323806,0.22363378324468597,-0.0841228665035138,-0.09790615963430536,0.9796229595463197,1.0
2018-12-21,-0.0731137117770248,-0.08702931438998533,0.2254035788979566,-0.10047579072436726,-0.11593042042252868,0.975789449160284,1.0
2018-12-24,-0.08007879805352833,-0.11720926254370996,0.23663851267573546,-0.12186462409087803,-0.13866796864734043,0.9710003050302132,1.0
2018-12-26,-0.029691665484086624,-0.061218487140570266,0.3033773754053724,-0.07554538742032733,-0.09469761904863488,0.9712560405188293,1.0
2018-12-27,-0.006954301764213598,-0.0695855566287346,0.2981383150901068,-0.06671403604797858,-0.08735299070356262,0.9723712203308307,1.0
2018-12-28,0.008166721394746073,-0.07423516483441332,0.2972609623447537,-0.0657372179258171,-0.08815428907632043,0.9734521192973282,1.0
2018-12-31,0.03758968321983312,-0.08827895407978258,0.28534769455887526,-0.05549529342552753,-0.07982963025312718,0.9752869696656401,1.0
2019-01-02,0.06540752369722075,-0.08505161926756052,0.28585355210604124,-0.0527505182684641,-0.07853351370851792,0.9770878802009505,1.0
2019-01-03,-0.00803443302180595,-0.1152809605162868,0.29148447119014553,-0.07321843647687291,-0.10015265747784033,0.9768560030632495,1.0
2019-01-04,0.01726433663196092,-0.09548840665456693,0.3145841868729892,-0.04064444762170125,-0.06976189523685575,0.9795408321748105,1.0
2019-01-07,0.026408944317986585,-0.054695752261683314,0.2995757268784995,-0.031781721515716455,-0.06221863603031367,0.9825118432975475,1.0
2019-01-08,0.02703964491838915,-0.04382591214473874,0.30242517561179405,-0.022163215413178228,-0.05335514637317791,0.9857971564995196,1.0
2019-01-09,0.030662679158557738,-0.015653110565229666,0.2928752816325341,-0.01680387216631695,-0.04899615752929368,0.9889103230378539,1.0
2019-01-10,0.05833623355567658,-0.014026964353191897,0.2931141026472794,-0.012966069060708225,-0.045600308273687995,0.9917593974423102,1.0
2019-01-11,0.02577538999863557,-0.013867860366461596,0.2931207413266374,-0.012332787956006093,-0.04527073613856959,0.9941134597888915,1.0
2019-01-14,0.011801783701192498,-0.025010569673714303,0.29294002093192717,-0.017698209453243546,-0.05112003521910384,0.9955277278374026,1.0
2019-01-15,0.013846177062395297,-0.013275730302306468,0.2961727312264699,-0.005779141930821664,-0.04026382483727996,0.9976072996494751,1.0
2019-01-16,0.01160056307838928,0.0077787794999572505,0.2889370747692856,-0.002539637627340959,-0.03807073395920314,0.9994562449095166,1.0
2019-01-17,0.015637073379954854,0.0351499728516579,0.28027325083720783,0.005592827525056854,-0.030880548792239424,1.0015212545112973,1.0
2019-01-18,0.02847323367256717,0.04946942847038658,0.28286697387046716,0.01939384781542437,-0.018104169102802343,1.0041958192002984,1.0
2019-01-22,0.020990380958993006,0.05095596278981748,0.2817565334180757,0.006442328863428975,-0.03139029171820841,1.005124955696518,1.0
2019-01-23,0.011684888171755451,0.06945820320577495,0.2733335696604411,0.009783143314469668,-0.029497714566901395,1.0059602820640687,1.0
2019-01-24,0.009799091232658179,0.09069158250964023,0.25937302542283086,0.011507894025207417,-0.029096336325186035,1.006586585804537,1.0
2019-01-25,0.010667027219073906,0.12589579812426013,0.2335784475287029,0.02087923310599007,-0.020962698381217112,1.0076809442139476,1.0
2019-01-28,-0.010184327705873339,0.06897676624859987,0.1770192324806038,0.013683261153660546,-0.028472914673063277,1.007830035463956,0.0
2019-01-29,0.0020903728328568877,0.060000637386887955,0.17696224623946138,0.012888452273733204,-0.02978711346651151,1.0077494363756878,0.0
2019-01-30,0.015706785070866397,0.07699826688189529,0.18167527770862998,0.029006470492434207,-0.014542771429066766,1.008864699824533,0.0
2019-01-31,0.023919637658399613,0.07702153694820671,0.1816834522808411,0.03816376595508738,-0.006007677729626484,1.0103424621594101,0.0
2019-02-01,0.015975145723598535,0.07646342015063792,0.1817954294331013,0.038829986511999606,-0.005599394338740084,1.0114120386085084,0.0
2019-02-04,0.030615202339930266,0.10762640161033608,0.15125136883772525,0.04578293956844878,0.0012945019638312026,1.012682807009117,0.0
2019-02-05,0.036126327880155254,0.0788626286350823,0.11242177387420221,0.049318310028234544,0.005340700965099176,1.0138646316732571,0.0
2019-02-06,0.019100569129300846,0.06968989169320954,0.11269856761507901,0.04719013514426096,0.0038298304217568753,1.0145147269413086,0.0
2019-02-07,0.0007777903302183444,0.0507596823600359,0.11884130545274543,0.03653719478174178,-0.005876735449777336,1.0140779357729304,0.0
2019-02-08,0.001516928791578813,0.047317669783659,0.11861979556516605,0.037443053892737804,-0.004870558688963971,1.0136713373137778,0.0
2019-02-11,-0.004939258993895214,0.04435090906076428,0.11866531459118851,0.03771793206127721,-0.004517402297601773,1.0132395713134,0.0
2019-02-12,0.003654977387462545,0.05674221602390927,0.1240365399800961,0.05097250392724783,0.008066782773820374,1.0137797537986966,0.0
2019-02-13,0.008215311543624162,0.0661034195356412,0.11981466139036116,0.05417437733827526,0.01110994882480747,1.014302273952136,0.0
2019-02-14,0.015573507977567921,0.052487013275208515,0.11726140878264657,0.051809504758256006,0.00861206230620931,1.0143624652102976,0.0
2019-02-15,0.02519139025984421,0.060908496965113926,0.12076344045684198,0.06329666024803561,0.01929818473373075,1.0151198659184717,0.0
2019-02-19,0.026365310997352995,0.05507914667816243,0.11961348039601817,0.06438808487877017,0.020714350888402993,1.0156726298911873,0.0
2019-02-20,0.015601951902877526,0.043870934254219625,0.11323031294300413,0.0657062713280814,0.022403069034491376,1.0160826420699507,0.0
2019-02-21,0.00879829475578366,0.05391133333243186,0.10030211095615207,0.060667771379734614,0.018481074992357367,1.0159253195120779,0.0
2019-02-22,0.01719962039919174,0.05800174550264481,0.10105513293913707,0.06589059811509432,0.02449193351548683,1.0161159657788152,0.0
2019-02-25,0.007721050716157571,0.058830456448613316,0.10086522747920418,0.0659634057535995,0.02557505967824832,1.0161856861348193,0.0
2019-02-26,0.005277079774017636,0.04968919923310615,0.0994026621349539,0.0639513924152629,0.024582615389621757,1.0159927491168197,0.0
2019-02-27,0.0028332324588563862,0.056888494418949345,0.09321738071986269,0.06225031482746733,0.023932318746981086,1.0156207856723363,0.0
2019-02-28,0.004531611459729738,0.0563525719593047,0.09352778683937205,0.05868343028124061,0.02184112475084437,1.0149986030188338,0.0
2019-03-01,0.0045746709969046225,0.04686963142868303,0.08194128709091639,0.06314905888261409,0.028004834664612115,1.0148391544574902,0.0
2019-03-04,-0.000428920270482293,0.03448189851973141,0.08076472444042908,0.05721402184782301,0.024035269653315157,1.014248691929669,0.0
2019-03-05,-0.0010748233070617189,0.032639230202445906,0.08134848537553377,0.05344652013912117,0.022440209299484055,1.013513010201354,0.0
2019-03-06,-0.006720161364563995,0.019553130714455087,0.0829040573248526,0.044573947849915536,0.016074004067488545,1.0122965135504434,0.0
2019-03-07,-0.01325715648134415,0.006969087597805301,0.08798922600819549,0.03316502063952165,0.007432235287253722,1.010536451470279,0.0
2019-03-08,-0.021482615179550708,0.006286447119831484,0.08818216613852323,0.028000206310209295,0.005323642300393708,1.0088791441164933,0.0
2019-03-11,-0.0034418087962965645,0.0302622993932165,0.09330559208999545,0.04039325984629376,0.019718320681288554,1.0086265290459762,0.0
2019-03-12,0.0016833244159284834,0.032805625826795574,0.09364520821189024,0.041870257174721356,0.023373458200288678,1.0086315186064017,0.0
2019-03-13,0.014355609562619014,0.03884799927096932,0.09515328610169617,0.046146445201779,0.02991039001038625,1.0090667349600413,0.0
2019-03-14,0.02211668956448391,0.02543079977482666,0.08671609504961793,0.0430539952748525,0.029006527349082573,1.009249792841003,0.0
2019-03-15,0.029046846215973844,0.02711798179218117,0.08740803941051804,0.04569599797736225,0.033759754468291006,1.0096828475236377,0.0
2019-03-18,0.018268683619364026,0.03295747503501261,0.08679038561866076,0.04643823934797984,0.03722354182637199,1.010200665319773,0.0
2019-03-19,0.014752750084334982,0.022366985651286347,0.08002962672134498,0.04428896017387071,0.03716421724558393,1.0105061446635992,0.0
2019-03-20,0.005141527913508709,0.01762421618712503,0.08121182339370875,0.038972613221079054,0.033793020074784984,1.0103799286983348,0.0
2019-03-21,0.017012624007377637,0.026841471879326777,0.08881284200145013,0.04845668100631793,0.045180257754125444,1.0110672228021844,0.0
2019-03-22,-0.007350040194247393,0.010969646842150117,0.11334345330091469,0.026583194640132868,0.024887654249511303,1.0099154763357092,0.0
2019-03-25,-0.011721393468711441,0.004036461167109426,0.11151210216987074,0.02420746682233073,0.02398680197201439,1.0088404751028597,0.0
2019-03-26,-0.004542480839971759,0.010103454095157017,0.11425924670029494,0.03008240178384648,0.031449280563254536,1.0084905370443609,0.0
2019-03-27,-0.006771464006377823,0.005575672406729571,0.11592108642350292,0.022943105009778923,0.025928320909750516,1.007700352892337,0.0
2019-03-28,-0.014219678280282654,0.009788561140187736,0.11651977508766337,0.025207590657227302,0.029676074616627746,1.0072955755632857,0.0
2019-03-29,0.011500390148237543,0.01793842553065792,0.11787860656215621,0.029968677787619573,0.03600044782272426,1.0073988222833448,0.0
2019-04-01,0.024042059739195206,0.02350384990940001,0.12255667014436761,0.04036056208269886,0.048034823392184546,1.0083452145896448,0.0
2019-04-02,0.017104995175682213,0.027637369541321524,0.12136326001532109,0.03930580883747002,0.04830721511581686,1.0090263015109175,0.0
2019-04-03,0.023920638414808418,0.030571134128599707,0.12097268539090768,0.03907497527523924,0.049700295281569135,1.0095800531441506,0.0
2019-04-04,0.022787517428588592,0.039296239933340325,0.11786463031460592,0.03995137753938911,0.05220285482308161,1.0101150065572364,0.0
2019-04-05,0.02132994760819582,0.05252552962019789,0.11210587135629052,0.04300747979954128,0.0569644724125294,1.0108053685135323,0.0
2019-04-08,0.01030260900921297,0.05528907409816369,0.11111160835372044,0.041981516140664005,0.057443674914341325,1.0112795635898824,0.0
2019-04-09,0.004674921729620148,0.03575410006723824,0.10551694435011205,0.03479677511959384,0.05169572108369859,1.0111041974885335,0.0
2019-04-10,0.00650759549392331,0.03539540520659453,0.10543593708779492,0.03638285523447053,0.05494386962622228,1.0111123531708706,0.0
2019-04-11,0.0035800812197622823,0.028520711590483593,0.10408157827787277,0.03447352917418321,0.05424265249771569,1.0109674111564761,0.0
2019-04-12,0.005494693556116443,0.03590353361183043,0.10542927781219505,0.03987404075837988,0.06093820006223182,1.0112701899369283,0.0
2019-04-15,0.004077767751297336,0.030319995633487182,0.10505491194057447,0.03762430989436318,0.05976768613428983,1.0113225611789571,0.0
2019-04-16,0.009870622067934869,0.027356038515809082,0.10478306080871878,0.036865121579079396,0.060012042668597686,1.0112846533403441,0.0
2019-04-17,0.004015541849032807,0.024658196971292363,0.1055392516188417,0.033032526833004255,0.05699092492415134,1.0109272961609166,0.0
2019-04-18,0.006260822754960723,0.02964000643193561,0.10445356396153942,0.03370396459452109,0.058644924317863924,1.0106795105110529,0.0
2019-04-22,0.00037918477839744705,0.019270094382850236,0.09815717643940776,0.03302513561306647,0.059106169323919946,1.010431417236452,0.0
2019-04-23,0.009985611218637102,0.04765564704637167,0.06888961434492478,0.04056606739871723,0.06816614270305249,1.010837642458694,0.0
2019-04-24,0.007108735153311844,0.04618616713783237,0.0698826753018752,0.0365774903048442,0.06539059222893184,1.0108494889759965,0.0
2019-04-25,0.008942751724547851,0.03814342953581197,0.06782559553876048,0.03453369677928181,0.06438127375911969,1.0106833456196922,0.0
2019-04-26,0.01162053177655465,0.048032002214868086,0.06336054550583747,0.03790764223834065,0.06897522442591096,1.0108034984188365,0.0
2019-04-29,0.012325714029565803,0.0458154866926987,0.06316615963963604,0.0380151755376899,0.07024055032452407,1.0108980304299988,0.0
2019-04-30,0.0038847603501942726,0.040040017248328404,0.06158648581028346,0.0372360354531087,0.07042182229085514,1.0108863914984567,0.0
2019-05-01,-0.0014381056332025367,0.020706001765434624,0.05885211797392167,0.028338516638510416,0.06206084228215281,1.0101463519431124,0.0
2019-05-02,-0.002983772453450155,0.018054661906679603,0.05984210993443997,0.02510731925072446,0.0594606220002789,1.0092782400373672,0.0
2019-05-03,0.002110940703928068,0.026222304503987735,0.06729275156590789,0.0338431872062446,0.0694867407099844,1.009272291985689,0.0
2019-05-06,-0.003579028149507799,0.019448941114602304,0.06956779961636683,0.028511001196914295,0.06477852486549365,1.0088297820371739,0.0
2019-05-07,-0.02093052435990791,-0.0022204547197753263,0.09134298899481794,0.010650748667812925,0.0467678580421114,1.0070444383052928,0.0
2019-05-08,-0.014776099505619786,-0.004372706749398133,0.09138965206808594,0.008578577081392088,0.04508668933570408,1.0054549207509569,0.0
2019-05-09,-0.015644744658101534,-0.002265004481042081,0.09024158861007868,0.004914805698579467,0.0417248188928152,1.0039074493592224,0.0
2019-05-10,-0.02037419079141499,-0.0006594817813505675,0.0911954654327952,0.009209805452938622,0.0467559556674906,1.0030458415772423,0.0
2019-05-13,-0.04170211647316428,-0.025833256578324266,0.1267967393018017,-0.016266925527994035,0.020432152293151366,1.0003374321346323,0.0
2019-05-14,-0.015858060566497637,-0.02357320884238941,0.12881305443503405,-0.007733555971689634,0.0295819880037436,0.9989078756817561,0.0
2019-05-15,-0.008627001768088387,-0.01707747626878386,0.13105598033965768,-0.002428443875866806,0.0354672145670129,0.9982584574919546,0.0
2019-05-16,0.003621832769300561,-0.008513793779676392,0.13554540326482373,0.005994577050242405,0.0448322172428153,0.998501905109722,0.0
2019-05-17,-0.007874989752572985,-0.012550013382956363,0.1370255268099471,-0.00134986690918448,0.03791472923108392,0.998193253284064,0.0
2019-05-20,0.010942011076107736,-0.021152068257177255,0.13823115208133624,-0.008694058411462093,0.030916897102409798,0.99744599499,0.0
2019-05-21,0.010914232723109565,-0.013038160897677297,0.1424076870017081,-0.00040524484121499027,0.04005552294699541,0.9976011102891577,0.0
2019-05-22,0.0019976092853659154,-0.02506547820205505,0.1382554660294723,-0.003987071729060067,0.03674508973900914,0.9975050250057016,0.0
2019-05-23,-0.019514989372830867,-0.035137518305819106,0.14350233698139747,-0.016296549339968457,0.024046541636802435,0.9964849648564168,0.0
2019-05-24,-0.0107637213665687,-0.03225648647407292,0.14411555111186028,-0.01426184993997053,0.026343181512435546,0.9959020749116363,0.0
2019-05-28,-0.013472731796115033,-0.04624533182984695,0.14470124652968985,-0.02335009176410651,0.016819275610689174,0.99475411965867,0.0
2019-05-29,-0.029181703972705635,-0.05454557889994874,0.1448340320686694,-0.029629792601318566,0.010043524933525344,0.9933821404817724,0.0
2019-05-30,-0.023378017115907614,-0.052328255668156944,0.1456349993473238,-0.02675046311075179,0.01280227030645754,0.9925909755051486,0.0
2019-05-31,-0.024651042275664628,-0.0583504549482812,0.14970499190475786,-0.039444511422469165,-0.0007965398760285086,0.9909889674033847,0.0
2019-06-03,-0.029462569360590343,-0.0587352833812131,0.1496909397984626,-0.04120745017784329,-0.0032439481311055474,0.9896285665039862,0.0
2019-06-04,0.001355373637038755,-0.04700089889673627,0.16663442156205222,-0.020482689599270607,0.01833937277445593,0.9903679879844997,0.0
2019-06-05,0.016713652680805942,-0.034252898069634996,0.17062097675328758,-0.012268631782937557,0.027103144971459252,0.9917468617887665,0.0
2019-06-06,0.020467680964187124,-0.010930050344061908,0.16340000447935343,-0.006100876653534942,0.033708930451365214,0.9934426567311804,0.0
2019-06-07,0.043991690468046116,0.00041733502538469566,0.16732000509099382,0.003284671759958643,0.043936378969546205,0.9956504654949208,0.0
2019-06-10,0.051116667979017684,0.00802612925590611,0.1676481180561287,0.007308468146936526,0.04859741187638212,0.9977982774162684,0.0
2019-06-11,0.02940028436655936,0.0027735762612380896,0.16680620175403751,0.006614364740086891,0.04821235236016459,0.9994824927685219,0.0
2019-06-12,0.019008321762949153,0.026457540166478437,0.1388753320238672,0.0046576183912806265,0.04623269660049451,1.0006620436197189,0.0
2019-06-13,0.01664435598724527,0.021572366209681004,0.13645330790836369,0.008549518282332422,0.050430256417624934,1.00190920728294,0.0
2019-06-14,0.005581435751829875,0.014625772545302961,0.13548412168832671,0.007235576704365895,0.04919851678201156,1.0027726864909117,0.0
2019-06-17,0.001383868471132246,0.0057881649577378,0.13189095669643108,0.007465812298471924,0.049528164727385776,1.0034464944306218,0.0
2019-06-18,0.01204150778591304,0.02269007379972412,0.1339526685418812,0.017742824984552166,0.06041732408919445,1.004775002240048,0.0
2019-06-19,0.016063769937310547,0.03157929902768125,0.1310089607052627,0.01973716736914702,0.06267611751752403,1.005939554477276,0.0
2019-06-20,0.021454751699564085,0.032112885186135524,0.1314048274686214,0.028867747498780898,0.07263862309940455,1.0075520693869287,0.0
2019-06-21,0.021106045980068405,0.033734209240005454,0.1308075758343614,0.026862354719226704,0.07088815317363069,1.0086031540610052,0.0
2019-06-24,0.019499913672787795,0.04480306800335647,0.12125828113395404,0.025116419737602588,0.0693780870486136,1.0092238567684622,0.0
2019-06-25,-0.0007724472393239052,0.03268134792696892,0.12816618695674173,0.014919916148079974,0.0587316310446341,1.0088088276131701,0.0
2019-06-26,-0.004025119116973424,0.04102691170682286,0.12235224576184714,0.01377300656860736,0.057513092191427986,1.0083029728664783,0.0
2019-06-27,-0.009994491678799955,0.05130009748004121,0.11826879172182844,0.017172729330930427,0.06108915811824205,1.0080950674725895,0.0
2019-06-28,-0.0034073176276772366,0.053704908728235835,0.11863461612000774,0.02205376058542627,0.06636384547177203,1.0082512291031867,0.0
2019-07-01,0.006855560015119616,0.07630967029414071,0.10498007517882081,0.03082621186877604,0.07580731486355455,1.0090068648670953,0.0
2019-07-02,0.019313082028327874,0.08145699931588714,0.10265044747273742,0.032965968324602114,0.07838858071553352,1.0097022329475633,0.0
2019-07-03,0.02827402086843821,0.06794555893822232,0.08207742502754076,0.0406922585312582,0.08674213202044312,1.0107775312812088,0.0
2019-07-05,0.02359593540111457,0.05818238020034985,0.08096083730537969,0.038954747407664365,0.0852147258481605,1.0113975729854647,0.0
2019-07-08,0.012953376798853913,0.046190604562902624,0.08460957268428784,0.03280128210152576,0.07902507120875354,1.0113038614512926,0.0
2019-07-09,0.005161255171669528,0.03747923499776413,0.07979007427612941,0.0337145510750515,0.08014194080521357,1.0111996940910688,0.0
2019-07-10,0.007327211521863518,0.037667542858732965,0.0798757759588749,0.03820889687581143,0.08509174175724116,1.0113722590782088,0.0
2019-07-11,0.0017055493391998494,0.04025082391086281,0.07954691109184127,0.04015712714483082,0.08740452222865425,1.011563531060953,0.0
2019-07-12,0.007310805568414568,0.04648486400581525,0.07883720960173492,0.04406955224135038,0.09199506933834337,1.0119388887537333,0.0
2019-07-15,0.013153505639611993,0.042699754215269344,0.07877556261183238,0.04362119818764707,0.0920739198736978,1.0121194645380513,0.0
2019-07-16,0.008677130414950853,0.040574929660885106,0.0801739167765802,0.03973742460756903,0.088270195303685,1.011859267420797,0.0
2019-07-17,-0.0029176397434480406,0.03336603464415268,0.08563438912035534,0.0322087024693671,0.08064141952685173,1.0109718768600944,0.0
2019-07-18,-0.0016051957031078356,0.026604120421841935,0.07986120921339704,0.03510488412509127,0.08435205906844429,1.010443616400036,0.0
2019-07-19,-0.011642442846580586,0.01877865122192412,0.08317350857145157,0.028568675260242635,0.07813659656321113,1.0094653265565596,0.0
2019-07-22,-0.009521498312391817,0.011723504203313442,0.0773533605544605,0.03019504596243274,0.08057551186208783,1.008786827917018,0.0
2019-07-23,0.000834144638060739,0.02030302831887744,0.08019763397732707,0.036606041628713976,0.08805197703124117,1.0087255498609184,0.0
2019-07-24,0.012350175000756716,0.026216295972121592,0.08077524880383606,0.03990076251308149,0.0928413918322597,1.0089537631839796,0.0
2019-07-25,0.0039078773239391955,0.03128444498510503,0.0735838461512464,0.0336515201139445,0.08729604992953535,1.0086438650150948,0.0
2019-07-26,0.016155981459537262,0.038959751798434805,0.07510240766943882,0.03926412960887126,0.0942140327396718,1.0088380846960343,0.0
2019-07-29,0.011879372772483764,0.03359736865459716,0.07588041814703465,0.036290688204359066,0.0918580694384337,1.008740977270264,0.0
2019-07-30,0.0022965982068173137,0.02600694415337199,0.07598338663560518,0.03259223361513627,0.08865371037188487,1.0083671420385962,0.0
2019-07-31,-0.013392017892871968,0.005968718064130012,0.08156859386926224,0.020254759424514848,0.07617234958155926,1.0071023470780698,0.0
2019-08-01,-0.017349735605671435,-0.0053783726488942744,0.08681037947354682,0.010696667948210156,0.06635703663793202,1.0053391162763816,0.0
2019-08-02,-0.0315855774556259,-0.020899846525629304,0.08492438362842061,0.002510833142430897,0.057900454326186346,1.0033011091836148,0.0
2019-08-05,-0.06029721138708302,-0.050295778133600436,0.13299554494816135,-0.027840616333973268,0.025944934394034894,0.9992947533029678,0.0
2019-08-06,-0.04391356889641345,-0.030860001541895374,0.14385820278292438,-0.014639049267141437,0.04011498809380364,0.997222995219636,0.0
2019-08-07,-0.032322309121131466,-0.031514846228670984,0.14372028947171314,-0.01467578782412289,0.04043447090933679,0.9956706160181313,0.0
2019-08-08,-0.00414649113090813,-0.016852075301665926,0.15984803054689414,0.003509359139311162,0.06043558256961904,0.9960358098348906,0.0
2019-08-09,-0.0034232989550196415,-0.026028694819848795,0.16073231200940433,-0.004275202225296741,0.05281807871454551,0.995823370161496,0.0
2019-08-12,0.01486349342430458,-0.04274309027771042,0.16365787868919454,-0.017344560544609776,0.039653895948418914,0.9947366493494613,0.0
2019-08-13,0.01636957066385826,-0.0276439365176491,0.1744155616341335,-0.0033755757563336893,0.05522810112727915,0.9951645048242984,0.0
2019-08-14,-0.014234612480181416,-0.05442658912380326,0.2007997033643733,-0.03315461647253913,0.023698015194802524,0.9931909657898083,0.0
2019-08-15,-0.031026390175497336,-0.044960825733715216,0.20096085594624832,-0.030802741919475775,0.02597125809441803,0.9919186771149163,0.0
2019-08-16,-0.009543718241181167,-0.03396721735792212,0.20842503008272786,-0.016865355512626547,0.04056715685889608,0.9921637209949373,0.0
2019-08-19,0.014679589878439703,-0.016421057552690136,0.21304338198092168,-0.005432101099492953,0.05256188023287655,0.9934010272399321,0.0
2019-08-20,-0.00844401784369999,-0.026566456048957274,0.21399857905908773,-0.013221792802604486,0.044055092355430245,0.9938306604136837,0.0
2019-08-21,0.029671367845976078,-0.025589365915887917,0.21450742010627147,-0.005529161096850154,0.052112396342756676,0.9948854243323104,0.0
2019-08-22,0.02672576838457038,-0.03058523234990155,0.21346967611675702,-0.006197740779055796,0.05132474044188719,0.9957453388436042,0.0
2019-08-23,-0.01394485698201326,-0.051819951663874576,0.2297024931139816,-0.031506807585488454,0.024032631952212755,0.9944061039057924,1.0
2019-08-26,-0.014922629603102271,-0.04749966861532967,0.23234210274263903,-0.02080607557997159,0.03504068998068987,0.9942833633239239,1.0
2019-08-27,-0.011162344663654733,-0.049608173485095775,0.23240670691424659,-0.02457520211081171,0.03079310940632854,0.9939400432465928,1.0
2019-08-28,-0.012247612772579148,-0.04013357689528438,0.234664200805312,-0.017566839194062493,0.03781673656025733,0.9942959203750782,1.0
2019-08-29,0.0007521240733607444,-0.016441090383668835,0.23743742112146124,-0.00508175623462402,0.05071462852359171,0.9956563551331892,1.0
2019-08-30,0.026330763838060465,-0.008139452220142679,0.2356642213659488,-0.005390061612764461,0.04979614033371002,0.9967353237495846,1.0
2019-09-03,0.009469082005737362,-0.006445009153966405,0.23508697996692385,-0.010985983246154055,0.043232293173877,0.9971477204819681,1.0
2019-09-04,0.024686375493141195,0.035375413395128445,0.21070623612234005,0.00021192364496167666,0.05454527534622892,0.9984092097486739,0.0
2019-09-05,0.03044366296388841,0.03422365496501748,0.20989936063226278,0.012584298933666175,0.06754959220679349,1.0004485551449072,0.0
2019-09-06,0.018523237121011133,0.034404455858473765,0.20988901990875317,0.012843907126207019,0.06782988566306129,1.002098651180915,0.0
2019-09-09,0.01947085733791651,0.015477896248681962,0.19966566169290723,0.01289241942979343,0.06773373145671699,1.0034038933796585,0.0
2019-09-10,0.02510008720631424,0.022078377007367478,0.19781221862951087,0.012301962530262481,0.06675822333231306,1.00436510278977,0.0
2019-09-11,0.020900064721656522,0.04141198469248039,0.19270630288656398,0.01918277670458169,0.07359114772309286,1.0056389531437544,0.0
2019-09-12,0.011583774155070701,0.029437858456229923,0.1865335776273697,0.022375667383276312,0.07650191959961694,1.0068482033872599,0.0
2019-09-13,0.01014815018215369,0.05878721852080887,0.14797512681638347,0.0215382978340119,0.07506541870040877,1.0076585559203906,0.0
2019-09-16,0.006551293590109497,0.0530555800142888,0.1493793094501244,0.01826538509787331,0.07106056693047799,1.0079527830775845,0.0
2019-09-17,0.009314791446334177,0.040936886694882824,0.142740553024839,0.02055976529917152,0.07318954950496243,1.0082942384630316,0.0
2019-09-18,0.0028268924466113973,0.029559287260652087,0.138034783338797,0.020899440916232904,0.07323402353246382,1.0085130266342,0.0
2019-09-19,-0.0006970601355962247,0.03718481616433369,0.13417464980530544,0.02066093187783424,0.07259808496399713,1.0085800788890018,0.0
2019-09-20,-0.0047693124997023415,0.024346538175130453,0.1339117130006507,0.015814353665867524,0.06706369385325225,1.0081536121210495,0.0
2019-09-23,-0.001910271195040474,0.02441954043467794,0.13390187458666689,0.01564919591309352,0.0661796905858751,1.007707443962259,0.0
2019-09-24,-0.012316930027048043,0.04256481364984804,0.09720934650396695,0.007919643316738854,0.0572221911856564,1.006642252655107,0.0
2019-09-25,-0.007017277060370954,0.0374646398033834,0.09278373031981231,0.013935534398974506,0.06273167481510758,1.0062018370236596,0.0
2019-09-26,-0.009036774727421516,0.039310386100566905,0.09156342346997014,0.011779671836068803,0.059797039302386855,1.0056196469363918,0.0
2019-09-27,-0.009702402511379694,0.02689174843632991,0.0928679105067165,0.006469934772542849,0.053403176141518925,1.0046699111390005,0.0
2019-09-30,-0.0048403454247205515,0.018827070936596642,0.0841769326562516,0.011071500257242833,0.05760103336346127,1.0042407296235685,0.0
2019-10-01,-0.008928709468130687,0.007305340343656885,0.09522663864081528,-0.0007310248281333091,0.044406113622689376,1.0029069022863586,0.0
2019-10-02,-0.032648519232373274,-0.0046529614347272305,0.11249905371100188,-0.017673390448551856,0.02536092788094514,1.0004295168695032,0.0
2019-10-03,-0.022403892257898614,-0.007779881650472902,0.10893392645983943,-0.008974650903711119,0.033024953587334045,0.9991164093474214,0.0
2019-10-04,-0.003560450546543914,-0.007112365074102416,0.1099684368539902,0.004729094362536418,0.046181042012931,0.9991611018111196,0.0
2019-10-07,-0.01251210614015088,-0.012208272324565372,0.11073432484312427,0.0009090940924135051,0.040802792886660985,0.9988614372839324,0.0
2019-10-08,-0.016192392592835808,-0.02835790958709543,0.12227206927953596,-0.013852148408618538,0.023805197509561296,0.9974036870199728,0.0
2019-10-09,0.011081411823227187,-0.018671636817814283,0.12786196903640246,-0.003937979004842394,0.03254060942210061,0.9970336032927505,0.0
2019-10-10,0.009663243118193592,-0.01901670325393583,0.12759609767378938,0.002992586900199486,0.03838085623588646,0.9973132012052565,0.0
2019-10-11,0.006535029293618171,-0.01216110993555495,0.1326595963047029,0.013196610948733598,0.0481528744460932,0.99838953232731,0.0
2019-10-14,0.009744984055189095,-0.012611438451529969,0.1326723980551191,0.011744720276938968,0.04603649613889644,0.9991607561283139,0.0
2019-10-15,0.03524306371531604,0.0003338605381111113,0.13711168268166518,0.020619313115786988,0.05537534755678454,1.0005678274795802,0.0
2019-10-16,0.02418411400337191,-0.003802314260776555,0.13690501094584492,0.018151072814166114,0.052715387888462965,1.0015314688387837,0.0
2019-10-17,0.020388042593905413,-0.0014555531066418187,0.1373140174457253,0.020274055350830936,0.05484226903426863,1.0025047455907805,0.0
2019-10-18,0.005688009748774985,-0.005776040051183744,0.1381260177554376,0.015413656622826738,0.04916904901771284,1.002883963985448,0.0
2019-10-21,0.013558552445736144,0.005716426493908513,0.13918231281109833,0.021621125028910122,0.05533258810116264,1.0036908944935354,0.0
2019-10-22,0.00043493500099837587,0.002679066734149957,0.13971835729384263,0.017433943473166826,0.05099541177091627,1.0040159508482478,0.0
2019-10-23,0.004947708159842494,0.013462323926113977,0.1368984650281012,0.01979228355853856,0.05319011205114001,1.004457382340527,0.0
2019-10-24,0.0036356478937780105,0.009197371847507142,0.1356263647120657,0.020225223594972724,0.05406051459213589,1.0048824370075737,0.0
2019-10-25,0.012108876518554636,0.015369611194792403,0.1358644224109629,0.02313395433087012,0.05751804872700081,1.0054873740537869,0.0
2019-10-28,0.010973175349358776,0.02639200435464698,0.1349567524277015,0.027800478632818502,0.06258658711131887,1.0063502320567355,0.0
2019-10-29,0.013948458271097738,0.021467870429968245,0.13448432633273022,0.02664500343646496,0.06135379137680226,1.0069265438065889,0.0
2019-10-30,0.014105797058928957,0.03649683045317362,0.12600534839324068,0.028722531515908208,0.06372751059029703,1.0075436085797098,0.0
2019-10-31,0.009805741933776296,0.0516516330136567,0.10565663696385491,0.025134444511864192,0.06004228506600646,1.007723268185109,0.0
2019-11-01,0.014940650289067003,0.052714153741758016,0.1064400092512474,0.033574843047426806,0.06898851720632687,1.0085181842262083,0.0
2019-11-04,0.013330143203774989,0.04328259810496588,0.0989889191818654,0.03606077353900187,0.07244915462314286,1.0093641574769026,0.0
2019-11-05,0.012519957159947463,0.04649993373006659,0.0969810206367479,0.03349646123676384,0.07037036330450322,1.0098257052749866,0.0
2019-11-06,0.009685328982635528,0.062374552028644954,0.07269342480044153,0.03223479558458116,0.06973233583850176,1.0100902047347609,0.0
2019-11-07,0.015863346145208693,0.05643356733563821,0.06882972396801482,0.03443118206662535,0.07259288369431792,1.010462726765187,0.0
2019-11-08,0.009105231645738477,0.0521561422693029,0.06723212472876677,0.03575143587508633,0.07436303158669666,1.0108306880499172,0.0
2019-11-11,0.003183165351349793,0.039930734162697504,0.062461946582423364,0.03257899504753353,0.07141247530280595,1.0108378084815266,0.0
2019-11-12,0.00639599390769127,0.04315094358256876,0.061491499790674455,0.03339950297823405,0.07275392754209366,1.0108871102165646,0.0
2019-11-13,0.0064913309796166135,0.03362281929294552,0.05475900325345796,0.03260032089746774,0.0722596645178359,1.0108252663475348,0.0
2019-11-14,0.004435709411671919,0.03668516274393822,0.05351154720075681,0.03319959936299367,0.07301443320164941,1.010768434105434,0.0
2019-11-15,0.00918199645177097,0.040950096127168455,0.0566612497533785,0.03962688754873583,0.07992783476128941,1.0111803431806903,0.0
2019-11-18,0.011831732092263018,0.04607445650618553,0.05203199131275813,0.03934121347567386,0.0799056102416607,1.0114311475235802,0.0
2019-11-19,0.009437383663105776,0.03902977479993839,0.04992941267777906,0.037992413376971734,0.07879911253056657,1.011470653884106,0.0
2019-11-20,0.005387622639834257,0.038575506931781404,0.05053864978298722,0.033313391126817596,0.07401069079548046,1.0110688727618915,0.0
2019-11-21,0.0023227972325764535,0.034060251816672174,0.05174192681196615,0.03094067791969763,0.071471293460156,1.010497915877929,0.0
2019-11-22,-0.00266531699191934,0.0346491312414711,0.05178366269419613,0.032461340443490215,0.07303511052875569,1.010108299501679,0.0
2019-11-25,0.004317201961980838,0.03828278194961173,0.055345319063604674,0.03945596269179411,0.08048487085914777,1.0103074429923402,0.0
2019-11-26,0.00686880229958358,0.0349254017501632,0.05363835329347673,0.040806904955346376,0.08211675074377225,1.010525652745958,0.0
2019-11-27,0.01504291673770486,0.039669965398388525,0.053971085251811435,0.044355409874216274,0.08611217064778942,1.0109326304074866,0.0
2019-11-29,0.012937240942868956,0.03289169570061217,0.05712907651644131,0.03947655330794198,0.08127073619336937,1.0108237150837678,0.0
2019-12-02,0.0021842526944481563,0.027027642002142964,0.06558966215904706,0.02973608208533817,0.07138329229749979,1.0099303149625722,0.0
2019-12-03,-0.012264554305769216,0.011077577354775516,0.06454203066568576,0.02206472722881574,0.06354916941371434,1.008582094089151,0.0
2019-12-04,-0.008376796435215262,0.013218462111172943,0.06639697146484975,0.027313125615260656,0.06943357301849627,1.0079176605027829,0.0
2019-12-05,-0.011028189470836232,0.016121818767604826,0.06620174200060526,0.028183585407509048,0.07065032627495511,1.007450289751415,0.0
2019-12-06,0.0017798388284505475,0.024986205546427193,0.07214616314037488,0.03635446377877788,0.07969662329231175,1.0077282957064868,0.0
2019-12-09,0.0071623351729989265,0.018326631029933194,0.07312857483615122,0.03184093217649817,0.07559748788525283,1.007603260773634,0.0
2019-12-10,0.012775021366227369,0.01474736707526441,0.07319868792810705,0.029555653257906614,0.07369784976049452,1.007328465320942,0.0
2019-12-11,0.009458884771455138,0.01949418153127829,0.07290894513882021,0.031044176851807628,0.07602617667267393,1.0072562994144805,0.0
2019-12-12,0.016244397032380425,0.025970221892293983,0.07753170598240162,0.03795175281178875,0.08451562752926534,1.007806571989956,0.0
2019-12-13,0.00775110414872134,0.02624597871553192,0.07749665816088727,0.036748352392014516,0.0844099471748132,1.008194148687032,0.0
2019-12-16,0.017746432138963084,0.03163735375722436,0.07989000346005379,0.04215799139647831,0.09104045980217008,1.008954745746243,0.0
2019-12-17,0.01908156708546486,0.024646937708958302,0.07722792514165995,0.04058822378438135,0.09045321731379735,1.0094619307154415,0.0
2019-12-18,0.016309476631897617,0.02397192607091289,0.07731129253474248,0.03855271130433769,0.08966498189298817,1.009752983397762,0.0
2019-12-19,0.011817933846831587,0.028350772076019798,0.0777774749956706,0.0408051939477781,0.09320551815306154,1.0101970441520525,0.0
2019-12-20,0.015593240781167344,0.036451596856865005,0.07616122002925892,0.04340087105715711,0.09703362135098834,1.0107785984443305,0.0
2019-12-23,0.01027342598857114,0.039587982513219044,0.07519406270001074,0.04320370306044016,0.097809245696412,1.011230182958507,0.0
2019-12-24,0.010085014231532997,0.03739726893241064,0.0754530767351586,0.04142789584948476,0.09696330602037832,1.0114542321389204,0.0
2019-12-26,0.015331921771465622,0.034986645880397675,0.07349894722944136,0.04524242712728606,0.1019221661553428,1.0119247164369645,0.0
2019-12-27,0.0109935101116678,0.032475479888104015,0.07375621729398721,0.04323282261096502,0.10076766569188941,1.0121326375315491,0.0
2019-12-30,0.0010904420487109299,0.022499122167871078,0.07684330652657734,0.03592374799094775,0.09388240872619996,1.0117089708128373,0.0
2019-12-31,0.0019903597118753266,0.028641101282225422,0.0749444856421539,0.03674471494810445,0.09572692715512257,1.0114371198841712,0.0
2020-01-02,0.01126797273716901,0.04648098897513149,0.07062029920879105,0.044667051726725394,0.10509939800401202,1.011842262810303,0.0
2020-01-03,-0.0016426050752416186,0.04560859511092528,0.07206207478444143,0.03510152625085661,0.09589495803390641,1.0114086758362608,0.0
2020-01-06,0.0024133211860053673,0.04326559750932465,0.07087932955543898,0.03737024529080854,0.09927319315412432,1.011243549693634,0.0
2020-01-07,0.005125620982588539,0.038652932621295856,0.07286883424532957,0.03287504303953053,0.09529887605963697,1.0107582862474984,0.0
2020-01-08,0.00801495727317742,0.03487621972695229,0.0692159130068847,0.0367659378447533,0.10021468679591604,1.0106813325703374,0.0
2020-01-09,0.005464310367995387,0.04478296417012796,0.06904938303696723,0.042141909046093634,0.1067452869361046,1.0110419163758462,0.0
2020-01-10,0.01018354749660219,0.0430171212413001,0.0703547300802057,0.03755523602550778,0.1026256516713477,1.0109627026685044,0.0
2020-01-13,0.01322915646516317,0.04703586920303268,0.07227189812768985,0.04300951251096591,0.1092463564222426,1.0113260461880074,0.0
2020-01-14,0.014519634746643268,0.036928170335558695,0.06952539938990752,0.03972602816514869,0.10663819318079257,1.0113547245866603,0.0
2020-01-15,0.011461358345565484,0.03858647392379644,0.06941423856626014,0.04051990933065191,0.1082696602844093,1.0114270410991355,0.0
2020-01-16,0.012987464663468343,0.04002399669463322,0.07088430877607475,0.04751113797526447,0.11656426523407475,1.0120198120762167,0.0
2020-01-17,0.018977057817647067,0.0429126119734823,0.07072436970030195,0.04901695000666897,0.11910305396497016,1.0125934498619509,0.0
2020-01-21,0.010162829928776939,0.040889222499912004,0.07177787902510897,0.04526415739481944,0.11600395572719813,1.0127351810739895,0.0
2020-01-22,0.011809534595355782,0.03691977108408289,0.07160131199116465,0.04376592083347003,0.11525825150846027,1.012707158206731,0.0
2020-01-23,0.010698404993899673,0.03369163813652876,0.07098557719741347,0.04336639628484031,0.11565414364844315,1.012629760804525,0.0
2020-01-24,-0.0065182799013556985,0.02323229080470638,0.07982628179212753,0.03266321935706569,0.10488616356863485,1.0117064880721953,0.0
2020-01-27,-0.025785643596237688,0.0070419541457116125,0.09978251329581175,0.015088962314941024,0.08645737267932227,1.0095682006109514,0.0
2020-01-28,-0.01340012518391537,0.01215717554453101,0.10445925797266957,0.024485424905838635,0.09705445486244393,1.008609484971876,0.0
2020-01-29,-0.01434732779113285,0.011578933181282239,0.10453611138253018,0.02244825910899049,0.09540215376520009,1.007694612916063,0.0
2020-01-30,-0.01225397156404116,0.020347224523776675,0.10250352079662943,0.02464890035218527,0.09818616170348016,1.007148567672993,0.0
2020-01-31,-0.02164567421735605,-0.0004037431245249995,0.12211474111772966,0.005337231976963925,0.07760092174532159,1.005187790355242,0.0
2020-02-03,0.0019148382970382346,-0.002311180294419162,0.12044630832571074,0.011937902434387358,0.08490091895191001,1.0041754072403644,0.0
2020-02-04,0.006616334906960786,0.020416115526733416,0.12812264437283877,0.026091854697743,0.1006408969314922,1.0045423532759934,0.0
2020-02-05,0.018924481403841772,0.028090093399118644,0.13293034064983966,0.03638303062387464,0.1124817606272489,1.005703297474847,0.0
2020-02-06,0.019043744248861988,0.034265347790050124,0.13221827772535136,0.03828338969846242,0.11538098015699493,1.0068155911264747,0.0
2020-02-07,0.03202437612269218,0.023605675724989766,0.1336247428257052,0.031443825587900855,0.10861935976845075,1.007173222512349,0.0
2020-02-10,0.03206085019750188,0.024285359535087328,0.1340060069131263,0.037717278697917266,0.11602401112249414,1.0079698016318603,0.0
2020-02-11,0.018666142402150414,0.02889871043228164,0.1332048816442104,0.03814299952647244,0.11710079089729349,1.0086390431098564,0.0
2020-02-12,0.013606588160518083,0.028467525094473554,0.13298967941815742,0.04323931219994385,0.12340475378574367,1.0095809512144842,0.0
2020-02-13,0.009179883707941535,0.028925596751348388,0.13287404645662793,0.0403925992310132,0.12132427406426789,1.0101176452822522,0.0
2020-02-14,0.016124339176832807,0.02826865655625709,0.13283870172200435,0.040160778057165614,0.12218808591091845,1.0105480880499016,0.0
2020-02-18,0.00610696110126144,0.017404855972880426,0.13100782070885977,0.035770595694139255,0.11837283239166639,1.0105534358422281,0.0
2020-02-19,0.009144995475048733,0.019066648089683308,0.13149763402883852,0.03894283683070285,0.1228154263236123,1.0108194411225753,0.0
2020-02-20,-0.0013941425585231792,0.01691055260717344,0.13229994716369892,0.03317575631325891,0.11730696137083185,1.010570173479184,0.0
2020-02-21,-0.010678268214367789,0.0064377939416248205,0.13784055657382158,0.02121205391942507,0.10489083606107466,1.0094262608076996,0.0
2020-02-24,-0.046006599155068134,-0.028436347592710718,0.18126336957514294,-0.013286686806571642,0.06755724660576685,1.005777610499718,0.0
2020-02-25,-0.07419727585834793,-0.0502741399841118,0.20676005261611816,-0.043172489516756715,0.03469291135149313,1.0004848249807563,0.0
2020-02-26,-0.08265183858374728,-0.037799546897826275,0.20072315195654275,-0.04645380316404013,0.030418129837375744,0.9960194193730434,0.0
2020-02-27,-0.1244866989352024,-0.09417602114411358,0.24710696758433937,-0.08826021557844084,-0.016195970183661958,0.9890889899283433,1.0
2020-02-28,-0.11834524484063774,-0.09756012310788006,0.24675352010518975,-0.09088303366177175,-0.020603116494540705,0.9833872527838579,1.0
2020-03-02,-0.042222215155701424,-0.05840459118437098,0.29506935809459284,-0.05099275164289125,0.021337132737839996,0.982269223854667,1.0
2020-03-03,-0.04050220023415689,-0.06913066600091265,0.3043810517522319,-0.07715741464109833,-0.008179180463717444,0.9793448560433329,1.0
2020-03-04,0.00435617075082903,-0.03535821444403548,0.3397574984644056,-0.0379850969809839,0.03297929640816108,0.9804603180819329,1.0
2020-03-05,0.016501015041288668,-0.08429134100978569,0.35134009068465843,-0.06891801182316748,-0.0017305198894459661,0.9789106195975944,1.0
2020-03-06,0.004042471123003703,-0.11244213338871814,0.3492230883675577,-0.082968016980723,-0.018476198170707538,0.9766333065401078,1.0
2020-03-09,-0.11966571661386002,-0.197114052047093,0.4351972906599018,-0.15212640629251223,-0.09501872174610114,0.9690494024337026,1.0
2020-03-10,-0.04016450510842524,-0.14131954723203008,0.4821170786560493,-0.10634562750267369,-0.04835230060221508,0.967047986225167,1.0
2020-03-11,-0.13131463417419614,-0.19873369881573352,0.5014939648335314,-0.1473471978953918,-0.09467807004049272,0.9620716002135405,1.0
2020-03-12,-0.19807683917690916,-0.30103432258884527,0.5901020826813639,-0.22541357651066948,-0.1809178354305022,0.9513597773730564,1.0
2020-03-13,-0.09937931954471073,-0.22542804109394698,0.6755476587719218,-0.1564292349342729,-0.11082394291996389,0.9490713672117937,1.0
2020-03-16,-0.13395323795065184,-0.34024717370568636,0.7658948782055602,-0.24471342614884295,-0.20766070809202716,0.9394899602888138,1.0
2020-03-17,-0.13181909857855537,-0.28926298498741826,0.8004128515676481,-0.20042870708404825,-0.16462490890150397,0.9360483099117143,1.0
2020-03-18,-0.13380203664922913,-0.3386426965662241,0.8099326453420221,-0.23687566987199496,-0.20652039993136803,0.9301926761370535,1.0
2020-03-19,-0.03111031532321575,-0.34128963338710977,0.8091237098107489,-0.23123444245844293,-0.20436054021635833,0.9262984747573713,1.0
2020-03-20,-0.15718933410235275,-0.3812232326377765,0.813391430096303,-0.2599019997313952,-0.23803325274223466,0.920750234684775,1.0
2020-03-23,-0.06720305621444657,-0.3967719617057651,0.8132956762600055,-0.27404424301423036,-0.2568203931578566,0.9152060480668844,1.0
2020-03-24,-0.03305699757392107,-0.27631338340627115,0.889125499143737,-0.2040898550063996,-0.18896234875890058,0.9178836231936555,1.0
2020-03-25,0.03376180546864911,-0.23068361523922704,0.8917828362425108,-0.18796231856251772,-0.17632106270176293,0.9220012056689957,1.0
2020-03-26,0.08838760239707306,-0.17025019240628939,0.9220739466377078,-0.1368935387244346,-0.12790784207522107,0.930614382563068,1.0
2020-03-27,0.10219980798499588,-0.1545367257175782,0.9155313633433426,-0.1585504310083525,-0.1534710326625001,0.935733477865536,1.0
2020-03-30,0.16006006482516338,-0.118366652039964,0.925616993242192,-0.12732132620488906,-0.12565603136856612,0.9430453849112473,1.0
2020-03-31,0.05831161728613109,-0.17577955096443865,0.9093014115927495,-0.136165156549385,-0.13831821477204084,0.9482178690863575,1.0
2020-04-01,-0.0025966361768019683,-0.1927780511818721,0.9160540506455085,-0.17041479079408833,-0.1765829927125824,0.9492435095907052,1.0
2020-04-02,-0.03653197719334772,-0.21113834035046614,0.9054848263516602,-0.14681065137449192,-0.15709291280222842,0.952377032438155,1.0
2020-04-03,-0.02085354873646339,-0.1918912894953303,0.9015694844154059,-0.15446834432487402,-0.1687339417037722,0.9542245225770124,1.0
2020-04-06,0.012193611407242289,-0.11021551175572541,0.9366844497285008,-0.09384982765010474,-0.11252813953420526,0.9614111578875585,1.0
2020-04-07,0.028230246157652274,-0.02788358819292635,0.8949325721843411,-0.08940692870026842,-0.11126024559900335,0.9675646340793677,1.0
2020-04-08,0.10729639085905401,-0.04531715521439287,0.884196727618791,-0.055534613552679184,-0.08119386570514704,0.9754993061716378,1.0
2020-04-09,0.09958617294752166,0.019762466771251694,0.8684498436046936,-0.038078177567032474,-0.06708481400262067,0.9832426685616216,1.0
2020-04-13,0.10497363478504819,0.11115918446662708,0.7878119677798501,-0.04354687483124366,-0.07544178208020125,0.9886994588004058,1.0
2020-04-14,0.06903322178930989,0.0581970295782952,0.742895046574229,-0.012868097751598247,-0.04812168793768424,0.9955202288897094,1.0
2020-04-15,0.046537142641048204,0.15260679239877367,0.6136358187050868,-0.03084480381908594,-0.06817895524527504,0.9990821099388318,1.0
2020-04-16,0.018332876474558293,0.10483481983872077,0.5910827862906932,-0.022893795488610657,-0.06349419142920695,1.0022651176512956,1.0
2020-04-17,0.02988681339106626,0.18345131681154708,0.5574193707093001,0.006623607070050228,-0.03810915360113133,1.006929721365517,1.0
2020-04-20,0.021283904829840484,0.16355340461968332,0.564609115257759,-0.007595616838875409,-0.05485527449061756,1.0089998376905316,1.0
2020-04-21,-0.0386161331653776,0.17677023051527033,0.5510118669892303,-0.03383144432063152,-0.08323172571389242,1.0080212335489929,1.0
2020-04-22,0.004812811327810362,0.2246226599410306,0.5382459545788454,-0.008625451515609735,-0.062676833929003,1.008926816932226,1.0
2020-04-23,-7.233127776181353e-05,0.13781948613488001,0.4623907857278581,-0.0048640442320968605,-0.06253092107167647,1.009523661784916,1.0
2020-04-24,-0.012886249351052726,0.13680326199184525,0.4621743947936993,0.012797729594096826,-0.049286344945182047,1.0110028057033724,1.0
2020-04-27,0.019204125903278572,0.0943699281258888,0.426023400924242,0.030945629090483897,-0.03545418138149091,1.0131983669065616,1.0
2020-04-28,0.04542896405505331,0.11999938658532777,0.4085906019009722,0.029896435399869237,-0.03972257916407395,1.01437267196224,1.0
2020-04-29,0.04931841097368599,0.1138810060895532,0.40416442853110984,0.06003242398106531,-0.014535442308129014,1.017244085952594,1.0
2020-04-30,0.04003693902071921,0.11954480786946815,0.40101920149263054,0.05365884904755128,-0.023632763892903922,1.0184957667946921,1.0
2020-05-01,-0.0006363619046128935,0.13876353626403432,0.37441901847652204,0.029663205604165643,-0.04931444085446992,1.01708332735229,1.0
2020-05-04,-0.012197038810287605,0.11870486650894892,0.3699004413816371,0.03612203385370395,-0.04652067637389041,1.0160020173687043,1.0
2020-05-05,0.0016084832417106888,0.14246141856350183,0.3626270525557266,0.048326115707329725,-0.03760698443310192,1.0157102829914562,1.0
2020-05-06,-0.031034820197831738,0.07065257448447917,0.29667683889774027,0.043250547232677794,-0.043984576333906025,1.0147534262162141,1.0
2020-05-07,-0.00968636022784879,0.0816282014839671,0.29801681326062085,0.05754707081843014,-0.03232197057523852,1.0147993702351377,1.0
2020-05-08,0.03355467501757643,0.06502182042255673,0.28272412245569856,0.07530867583338295,-0.016237865674026547,1.0159953110061377,1.0
2020-05-11,0.031005424959369438,0.05012411852079669,0.2794434826991652,0.07568983556535816,-0.015987559353814552,1.0167540126162373,1.0
2020-05-12,0.0016756229725143623,0.039163406750967994,0.28761617065269185,0.05585032389891347,-0.03542646634453033,1.015525550138509,1.0
2020-05-13,-0.009366606807217372,-0.007747254112048085,0.2774420884445822,0.03846827549910268,-0.05224251510233103,1.012971599589,1.0
2020-05-14,-0.00946444575082206,0.02562661309209683,0.26942067528486047,0.0529203650070607,-0.04071969838620827,1.0117650556677695,1.0
2020-05-15,-0.021288881932064473,0.025400062015933977,0.26938375285195215,0.05888812238736274,-0.03620282530438731,1.0110519218397263,1.0
2020-05-18,0.008510724470345888,0.028748029600076316,0.27358559023805323,0.09119956969301622,-0.006923889590423053,1.0127963475263382,1.0
2020-05-19,0.018319633260412298,0.036199135181539804,0.26818024680695973,0.07844860694267516,-0.017186869792752836,1.013163879759038,1.0
2020-05-20,0.05300911786749657,0.08387799692082609,0.24511640671599047,0.09594377181030553,-0.0007841687013422012,1.0146673501660277,1.0
2020-05-21,0.03418440236205042,0.054998204126336894,0.23879168590068825,0.08660283832076018,-0.007874199558694579,1.0151004942048418,1.0
2020-05-22,0.03149551650578629,0.056967909799482075,0.23860938693495026,0.0847667240535672,-0.006188318888964496,1.0154147879644384,1.0
2020-05-26,0.013735505271062522,0.05536978422219156,0.2377327143925989,0.09561017589126593,0.005887389219920963,1.0164746259379989,1.0
2020-05-27,0.038829190911939454,0.05582420019020069,0.23801902309921236,0.10663524246316627,0.02057341703665035,1.0183152912310758,1.0
2020-05-28,0.02013747057844729,0.05858650344422006,0.23714712994670825,0.10044946341003068,0.018360399589638973,1.0193760249215438,1.0
2020-05-29,0.031511428811406,0.0371912219640569,0.222043647846643,0.10010070699272261,0.022619173468153706,1.0203345877540386,0.0
2020-06-01,0.0336473830553812,0.05057835383414407,0.21840546133564437,0.09926589262290729,0.02630404559785261,1.0211681836380186,0.0
2020-06-02,0.02964862748457629,0.08565477361138074,0.1913641842921212,0.10208123396430283,0.034319582502713206,1.0222397455135346,0.0
2020-06-03,0.028099551691771696,0.09612079069226,0.19386960456073665,0.10966398514547054,0.04759683246041136,1.0238943110120489,0.0
2020-06-04,0.02731575821863978,0.08429377842114914,0.19464616605931714,0.10140828212429982,0.04443339412035083,1.0246752875510923,0.0
2020-06-05,0.04817640870166,0.11640245086354863,0.20373298541489368,0.1238684090764321,0.07059715892465693,1.027077383746046,0.0
2020-06-08,0.05615796408131478,0.11642267814330765,0.2037410681616399,0.13251073422966023,0.08289866622846508,1.0296098651580166,0.0
2020-06-09,0.040427510497115036,0.09252760909091937,0.2044960469535543,0.11878404660013386,0.07423219007306413,1.0305875720845268,0.0
2020-06-10,0.021610888540017165,0.08672625427290773,0.20697014116952064,0.10810797221596764,0.06754935619408947,1.0305174045181789,0.0
2020-06-11,-0.03513570233860058,0.047482453110034205,0.29208239809254993,0.04112721817609929,0.0057207040078083434,1.0253787907236882,1.0
2020-06-12,-0.04853807961643743,0.07723097805432858,0.28435832627506863,0.0493749583657551,0.01739508493434643,1.0219929596665462,1.0
2020-06-15,-0.05126099197963156,0.07462613191449813,0.2835516845430705,0.05515142634587847,0.02650537247450633,1.0198258354455874,1.0
2020-06-16,-0.024711613627969985,0.08910487739501384,0.28860689243765225,0.07069464565862921,0.04582913388628589,1.0194305407455906,1.0
2020-06-17,-0.02327816105680171,0.054937368745760114,0.2740830924393524,0.06284350445380743,0.04107297704908402,1.018559413105874,1.0
2020-06-18,0.03648367693194633,0.06564649678156824,0.2701954913742907,0.059880506832790975,0.04103093782620317,1.0176940553509195,1.0
2020-06-19,0.01884827362595755,0.04307013381278954,0.26705183572689656,0.05125284812401839,0.03472860555129608,1.016353826711782,1.0
2020-06-22,0.01595089223931735,0.05639262179176505,0.26539047717050096,0.055577829252768315,0.04104138696040288,1.0156291505265602,1.0
2020-06-23,0.0014790685450525743,0.059088429434280124,0.2654539177091498,0.05773454393992853,0.045486602646184766,1.015250745280394,1.0
2020-06-24,-0.02019809493661908,0.02100376853807851,0.28074852673257467,0.02924977285125986,0.01861736447394581,1.0127226318284939,1.0
2020-06-25,-0.009919532980508164,0.016897772889120616,0.2785629378306718,0.038119064624738436,0.029278070287245127,1.0114410125230204,1.0
2020-06-26,-0.02822662143870112,-0.005293958204358875,0.2915296808476802,0.011946409263246407,0.00473563064293407,1.0084130920085541,1.0
2020-06-29,-0.02003027162230978,0.004850921358049274,0.29567831394324956,0.02550038820599851,0.019348400409884864,1.007089532640351,1.0
2020-06-30,-0.011895551976034624,0.013545494402864289,0.2986066239875023,0.03668060111338618,0.03217804559877963,1.0069866044625342,1.0
2020-07-01,0.02092477957656135,0.012279920630063564,0.29823266018355715,0.04123471495684739,0.03912603393335729,1.0073865214998134,1.0
2020-07-02,0.01575297262433519,0.004551193821684103,0.29529397216433484,0.044562182383531705,0.04454778225103317,1.0080564498674065,1.0
2020-07-06,0.05511047045926025,0.02250075403626159,0.29962812864150556,0.057913126872276045,0.060285360884558874,1.0097301477826244,1.0
2020-07-07,0.030152225762456925,-0.013173261581153808,0.28855071021453116,0.04476749067381279,0.04902371314605482,1.0100795571729493,1.0
2020-07-08,0.025043761529599917,-0.01756870814885058,0.28651882530921186,0.050632387004387276,0.0566517866090589,1.0108512918589418,1.0
2020-07-09,0.012353940968339451,-0.01579364889871203,0.2860655217182783,0.04257926444325884,0.050273707673083846,1.0108657826900003,1.0
2020-07-10,0.01702120181990189,-3.849289843117776e-05,0.28790442015982964,0.05143505612275253,0.060534241025660275,1.0115714909962972,1.0
2020-07-13,-0.006995243603542044,0.050641212771320124,0.19462955596597895,0.04056420345224406,0.05096992063322052,1.011285652329636,0.0
2020-07-14,0.016247862210313112,0.05161268024559673,0.1952546625691261,0.051451707919876584,0.06412082190559217,1.011970442047604,0.0
2020-07-15,0.01777413259363659,0.05146641642441757,0.1951908042295433,0.05835397180319912,0.07334438408567313,1.0131075952947066,0.0
2020-07-16,0.020184538191480576,0.029102502920738526,0.18638105337756036,0.05238678150656515,0.06930146782040479,1.013571780961381,0.0
2020-07-17,0.012920327464257593,0.036159995622628116,0.18533429889122874,0.05276344151339704,0.07181383928702184,1.0140093993342811,0.0
2020-07-20,0.0296664524604446,0.04382398829981839,0.18653538279142873,0.05864545142239661,0.07974559112798446,1.014839878871021,0.0
2020-07-21,0.01891610167723431,0.05168050829687349,0.18435921794453497,0.058558575812026205,0.08134169914965558,1.0154851524806294,0.0
2020-07-22,0.015446054190649872,0.05096157837575009,0.18418267603387967,0.06211776752797343,0.08682863748671313,1.016267354365807,0.0
2020-07-23,0.006741686470155779,0.034365120845841736,0.19058461404664373,0.04689057958618712,0.07324929114014207,1.0157148248773102,0.0
2020-07-24,-0.0026144338256880364,0.05374365673355916,0.16556296503330112,0.03742327582173122,0.0656873805285046,1.0145830230180224,0.0
2020-07-27,-0.0033972770347876586,0.050346244245538886,0.16387724253705888,0.04232670503197967,0.07281180701214261,1.0141119850724563,0.0
2020-07-28,-0.01188570355975378,0.06802142617582083,0.13722206195725228,0.03330664475078257,0.06543535252349911,1.0130707526145208,0.0
2020-07-29,-0.0053371842252240165,0.06565466577283585,0.13498171474064885,0.04390545609644579,0.07794401009915289,1.0130869548344383,0.0
2020-07-30,0.0030917011700175457,0.0493523739918939,0.13215437100278546,0.0379632473664915,0.07352018143801846,1.0126597240481765,0.0
2020-07-31,0.017424086325280114,0.05024296348227793,0.13258286026458393,0.044098616750956374,0.08142748803609645,1.01281279027128,0.0
2020-08-03,0.017085651705871847,0.05167892332707555,0.13309811792764648,0.04899540298696893,0.08831674265966448,1.013343076150104,0.0
2020-08-04,0.027304012332175838,0.040214968048736414,0.12480977677394094,0.0506397632768119,0.09188313071898369,1.013912897627784,0.0
2020-08-05,0.02127155375689397,0.0567739937672729,0.11722902992914883,0.05485904301338945,0.09796331108164023,1.0146967561112759,0.0
2020-08-06,0.03150824190024745,0.05581685436254143,0.116769291475541,0.05974730427033573,0.10459327039384826,1.0156769907625338,0.0
2020-08-07,0.0243547985413693,0.06224382105530778,0.1130291143047694,0.058298972625895215,0.10465527080207214,1.016313939999949,0.0
2020-08-10,0.020411533344729803,0.05506925485190346,0.10996551710770003,0.059278643329709974,0.1072221842873521,1.0168606276516556,0.0
2020-08-11,0.008267368646019315,0.05547758029829778,0.10944377920560205,0.04864211077329761,0.09741364487004896,1.0164180961121752,0.0
2020-08-12,0.015921634449040604,0.05644776600600039,0.1106320207042258,0.06120880584263485,0.11197383201093127,1.017001504788737,0.0
2020-08-13,0.007449880892898809,0.045492602661803654,0.10907267312656543,0.0575596817889136,0.10926736044896111,1.0171090188797502,0.0
2020-08-14,0.006761815329156573,0.048821098192983775,0.10757035943538094,0.055811217333409095,0.10860301154823612,1.0169944862366538,0.0
2020-08-17,0.0069490944019058,0.049098021789551666,0.10759312395651145,0.057841049838547445,0.11142349059953853,1.016962445497651,0.0
2020-08-18,0.017395854321882818,0.04320698215973599,0.10556944561451373,0.059008664849343306,0.1130946069706368,1.0169131167084302,0.0
2020-08-19,-0.0006224899888389616,0.03690917433992712,0.10775002774507168,0.05342353808409469,0.10781015569563514,1.0163403359643748,0.0
2020-08-20,0.00429544954369461,0.03434199801484839,0.10693774560313955,0.055339852646017415,0.11061091401566672,1.0159529759561479,0.0
2020-08-21,0.007806930793727193,0.04988634251655519,0.09482995161927633,0.056434558872817384,0.11387283509637879,1.0157499386182507,0.0
2020-08-24,0.014717415183369498,0.06642987079860921,0.0926980749631404,0.06448674649833884,0.12441398968646496,1.0162232772730095,0.0
2020-08-25,0.01605267407820448,0.06265693327272814,0.09150772105139175,0.0656701673365753,0.12759858649246156,1.016684958969441,0.0
2020-08-26,0.030200959858057198,0.0789958377577381,0.08791354587940647,0.07396106063048268,0.13809675471068694,1.0176604247681602,0.0
2020-08-27,0.029276474742893018,0.06895565698296544,0.08244599661683902,0.0737851894558937,0.13975247444135894,1.0183888167786201,0.0
2020-08-28,0.03217393306488157,0.0789685744114192,0.0791833186144542,0.07805143658242662,0.1462475579929263,1.0192635348101413,0.0
2020-08-31,0.018462665359680223,0.06746844983300931,0.08164399508831537,0.07146624833954478,0.1412583703479195,1.0194207154986097,0.0
2020-09-01,0.024343557515389407,0.06991483908224569,0.083466060594704,0.07877928709016534,0.1511098798375272,1.0200766760940485,0.0
2020-09-02,0.02872828840195394,0.0804201138275162,0.09181606909790957,0.09133459170563162,0.16679611129271518,1.0215249598184357,0.0
2020-09-03,-0.008476074604765575,0.03920802862130588,0.16235202695190182,0.051128175058279934,0.12594270064174273,1.0195645019725414,0.0
2020-09-04,-0.023112703828905852,0.0243476286822659,0.16496188546176302,0.04031601185153402,0.1161070649837473,1.017155668473806,0.0
2020-09-08,-0.047186814567376764,-0.0040731632757367575,0.1929292853831598,0.00985767384072602,0.08513243385821305,1.0129060695322198,0.0
2020-09-09,-0.03700595364961132,0.012497352087904569,0.2045579009721549,0.02759918960216504,0.10594536561411046,1.0109542640315778,0.0
2020-09-10,-0.06888304865290926,0.0032696965285876137,0.21197066613586227,0.008199218378721783,0.08625377816775712,1.0079248179570335,0.0
2020-09-11,-0.03335379367444826,-0.010067399502182996,0.20607005192019873,0.0072804609949926845,0.08635777310361577,1.0054963737192582,0.0
2020-09-14,-0.012070171002477197,0.004827576786889885,0.2112532822285004,0.018936103927201263,0.10014610576803441,1.004560357490204,0.0
2020-09-15,0.020672638885490535,0.009837660280597202,0.2119053378101622,0.02266056281351541,0.10517575599523642,1.0041760582072814,0.0
2020-09-16,-0.0028587163654072946,0.0026895413205914693,0.21220289306307852,0.017070895955880128,0.10026731318390132,1.0035107666769865,0.0
2020-09-17,0.005823314061228822,-0.008302843732066387,0.2142842916951923,0.006936755620080742,0.09007861028064056,1.0022495094741048,0.0
2020-09-18,-0.0062650385468960455,-0.015709948060240085,0.21744228693437245,-0.005704770287148377,0.0770555296517611,1.0003236557860495,0.0
2020-09-21,-0.030542456277578754,-0.03001032903438348,0.2198757964461569,-0.01739992254325111,0.06469702306196323,0.9979325165424717,0.0
2020-09-22,-0.025449433339203516,-0.023418703852333515,0.22291779564077996,-0.008389142535342495,0.0751165229596702,0.9968684500744139,0.0
2020-09-23,-0.04493730285474912,-0.05696517671752715,0.23179896785033016,-0.03167589217743211,0.04994855646881761,0.9942355891559955,0.0
2020-09-24,-0.03344074402867625,-0.057796261838947115,0.23153634343469362,-0.02926554146006927,0.05248068662904907,0.9924317789116146,0.0
2020-09-25,-0.005823594150073077,-0.05173450206837037,0.23663119055731452,-0.01411715575185253,0.06912832391650237,0.9923568623608685,1.0
2020-09-28,0.02184109631925911,-0.037445707458017397,0.24518938335234214,0.0014315049779934925,0.08643105159668785,0.9936990247474938,1.0
2020-09-29,0.006247565869469333,-0.04934507104774575,0.24362182482526834,-0.004579625830058151,0.0801411936943339,0.9943847232580323,1.0
2020-09-30,0.03726510268112644,-0.038162739396080926,0.24595047983001123,0.0022966085610247834,0.08791370624944118,0.9955914774064947,1.0
2020-10-01,0.041002657110140714,-0.041137162244195814,0.24445643380596557,0.008038687830428121,0.09447879040175622,0.9971022035323166,1.0
2020-10-02,0.015425014682032667,-0.06503777578829163,0.23829522858139857,-0.0022584180443401634,0.08372938543939276,0.9975514944074606,1.0
2020-10-05,0.01652979375548807,-0.01243983909776375,0.21833410761346403,0.014212379509403522,0.10247769593204781,0.999346911287362,0.0
2020-10-06,0.007672650859839333,-0.018559716359000573,0.2220184219450276,-0.000980902641438838,0.08645029686223402,0.9996058794284796,0.0
2020-10-07,0.01737642640009567,0.0264005015713915,0.20775703627207612,0.015144967149930712,0.10492169400604223,1.0012026068045492,0.0
2020-10-08,0.019800003574524775,0.01566879497994027,0.1989888811931225,0.022925243611933425,0.11422423949260081,1.0031527567900689,0.0
2020-10-09,0.03823041798329321,0.04207569084791084,0.1892394494944773,0.030577010970440154,0.12362510350932226,1.0053631464963562,0.0
2020-10-12,0.036612625843719396,0.057526580420403914,0.19517772379896314,0.04546616533911348,0.14107228279069392,1.0083340173787612,0.0
2020-10-13,0.04438302288671263,0.037893477530189255,0.19390988286372157,0.0372493366055262,0.13304144243129518,1.0100101232079521,0.0
2020-10-14,0.020822737015128472,0.02655059970102944,0.1954999136745262,0.029561543310866693,0.12535049573539397,1.0106865132677028,0.0
2020-10-15,0.010762766022102119,0.029290277367449692,0.1948036716768492,0.027272932434607672,0.1234110959761512,1.010989709005475,0.0
2020-10-16,0.0012676803736235394,0.037520057160305556,0.19141522265727623,0.025785166467647624,0.12224198121611818,1.011049816669555,0.0
2020-10-19,-0.03001204688777881,0.033779572079521154,0.19510914053986322,0.009666637336174557,0.10474904802308896,1.0097438567738444,0.0
2020-10-20,-0.019466687313873212,0.04896924649389481,0.18956934974448533,0.013163906946361837,0.10873895085068724,1.0089281339660254,0.0
2020-10-21,-0.015057982601993815,0.03694205043823915,0.18790440097477787,0.010574972753172783,0.10620170271246995,1.0080363568304653,0.0
2020-10-22,-0.00835138665544282,0.06587619356675599,0.16420382225199637,0.015607871495678681,0.11182501936038775,1.007682901774711,0.0
2020-10-23,-0.004357086110707894,0.06660371507827392,0.16419665580878215,0.01843841360528472,0.11517286136428895,1.0075895457921165,0.0
2020-10-26,-0.007690055839583546,0.031913110390010685,0.1736497258563634,-0.0006115413584987173,0.09424174021934432,1.0059457473903872,0.0
2020-10-27,-0.01514114586614385,0.01198700430849185,0.1655605480080083,-0.00415398360560766,0.09020745938510191,1.0043168688220856,0.0
2020-10-28,-0.04802330348454438,-0.017328818915774563,0.20537584126104153,-0.037588470183912336,0.05288015849916618,1.0002854608153995,0.0
2020-10-29,-0.04338093321688509,-0.014769842331255542,0.20687704872570375,-0.027468505105300176,0.06347093562216152,0.9978874508534747,0.0
2020-10-30,-0.057250343770424775,-0.031649285802291566,0.20783584906370467,-0.03701732469100769,0.0523791178385346,0.9952100624162243,0.0
2020-11-02,-0.02745139707137917,-0.010963301363401146,0.21010293484405299,-0.02576838787679279,0.06412405996093054,0.9940239822986806,0.0
2020-11-03,-0.006496055058249135,-0.011038844505245345,0.21002108386803145,-0.008244068325529312,0.08274802576467095,0.9945446294576484,0.0
2020-11-04,0.05038340612564084,0.02538193635002696,0.2176416621144897,0.013873167711233344,0.10664513742073446,0.9967952300125014,0.0
2020-11-05,0.0595861951478235,0.027439926416472294,0.2196611241471478,0.03339916724786551,0.12780616428701475,1.0001701666278742,0.0
2020-11-06,0.06983756353483855,0.01838827415802222,0.21799001030465096,0.03296699636875692,0.12707608167435383,1.0027800606004216,0.0
2020-11-09,0.07117921046034752,0.02198549111365317,0.2200033348100694,0.04561546699586356,0.14058472893827656,1.0058078467118914,0.0
2020-11-10,0.0522092717151358,0.00455780136617106,0.21329971020636343,0.04370482019548654,0.13832990315468777,1.0079762980653368,0.0
2020-11-11,0.03750768849480694,0.018506601958121267,0.21319888527079608,0.0511187987823095,0.14614734607917326,1.0101783653694565,0.0
2020-11-12,0.008444231359429276,0.0150614207607731,0.21498823604145312,0.04110987803293307,0.13447867310776673,1.0109784281939305,0.0
2020-11-13,0.022422293714283434,0.03004780185020354,0.2194929128479455,0.054647851465010236,0.1494297526073015,1.0125937021472102,0.0
2020-11-16,0.02233994222406812,0.04305775296409775,0.22257788134970788,0.06647043647048602,0.16297437135610282,1.0147202966294813,0.0
2020-11-17,0.018414827931248982,0.05298467618519885,0.2153557692102487,0.05894412776454056,0.15604784849015377,1.0157577555611144,0.0
2020-11-18,-0.001094168280062157,0.03687912099193232,0.22111592764081248,0.04510470457154861,0.141620349028997,1.0153995424877424,0.0
2020-11-19,0.012855702107732602,0.04297510547049952,0.22085601010367745,0.04795430255934189,0.1459032448608972,1.0152790391025988,0.0
2020-11-20,-0.007765558514821664,0.030633629990824696,0.22257673390880478,0.03940169023258447,0.13754911646139997,1.014454533487237,0.0
2020-11-23,-0.01419420431480388,0.03322063476000176,0.22303944907340661,0.044389104091419045,0.14386444601784185,1.0141226332367141,0.0
2020-11-24,0.00718422379213016,0.06785895581691256,0.2155960178686426,0.05970693286997168,0.1616886584137395,1.0149928053336357,0.0
2020-11-25,0.017748906845919843,0.06976917370399602,0.21495033342216174,0.05651998654907098,0.15934100155739983,1.015369084290018,0.0
2020-11-27,0.016328486821119495,0.10732689577616339,0.16453468021947157,0.057664788490570745,0.16198689160857213,1.015707509316449,0.0
2020-11-30,0.018762935908403396,0.09277749911611319,0.16666767907131577,0.051061917692014,0.15630236241012108,1.0154287828129211,0.0
2020-12-01,0.023664276796992095,0.11413525532741864,0.15885144494550213,0.06015417904756713,0.16831399363110996,1.0159109103405903,0.0
2020-12-02,0.00978081146638134,0.10509116435467306,0.15784081914153777,0.06014394053090356,0.1701515932652307,1.0162701971566424,0.0
2020-12-03,0.011050983171592827,0.08731621193383797,0.15200998933931567,0.05716270201657957,0.16918871684005723,1.0163371041742633,0.0
2020-12-04,0.01685069269077887,0.07379418234130142,0.13851486468124374,0.06343095413586068,0.17849245875180936,1.0168934627483885,0.0
2020-12-07,0.019230979835946897,0.05242228380423657,0.12711198971407503,0.05878851349782627,0.17511183697290056,1.0169612988393872,0.0
2020-12-08,0.011274708156698272,0.05557239994927835,0.126729020823074,0.059699034863635085,0.17738924060555616,1.0170516739915383,0.0
2020-12-09,0.00016335725442431955,0.03407531114874986,0.1275711922804573,0.04812549870050356,0.16572146815917108,1.016196726475542,0.0
2020-12-10,0.00010917812701959203,0.03521611834572176,0.12728384973291862,0.04587983627717388,0.16398224700101002,1.0153146983688242,0.0
2020-12-11,-0.009645116176528098,0.02664137766996638,0.1258831779816086,0.042912647323828455,0.16124909965339423,1.014354154627392,0.0
2020-12-14,-0.012075226761500538,0.03190282568330676,0.12131792051722926,0.03642473070474809,0.15495292732277519,1.013079287508739,0.0
2020-12-15,-0.0015680841571263059,0.031582022077868616,0.12091483896751122,0.04865848989873527,0.1692045682382947,1.0130078334117507,0.0
2020-12-16,0.009009411714204623,0.020744780638886365,0.11424791765108645,0.04820798643815294,0.1698969885290841,1.0129269776232717,0.0
2020-12-17,0.014912953817360578,0.03171424423183336,0.11283912979900253,0.05219369651207212,0.1750638997182124,1.013163272862112,0.0
2020-12-18,0.012085482206585643,0.03982102815661418,0.10363048999400679,0.04639662835152416,0.16894193933954182,1.012871724321284,0.0
2020-12-21,0.012990383028054933,0.03203750660362909,0.10494815681302314,0.04132796541798972,0.16294582614234684,1.0122072706208527,0.0
2020-12-22,-0.0021252939755365555,0.03722228661715372,0.10119068953999602,0.038614137541244445,0.15944438318711823,1.0114119056100779,0.0
2020-12-23,-0.0027949947497063286,0.03214399020398391,0.10005499332389099,0.038435956113021356,0.15868957497477773,1.0107302137027612,0.0
2020-12-24,-0.004488662244330936,0.020041358195372262,0.08579154134008637,0.041149423626836004,0.16090203296550235,1.0103843769752454,0.0
2020-12-28,0.008066430770041138,0.030138552080735476,0.0891524275835011,0.04854670825555278,0.16889320088308848,1.0106821404950637,0.0
2020-12-29,0.009738675507365447,0.025447695289875037,0.08973910786050922,0.04503604825176754,0.16417651503761407,1.0106366156963602,0.0
2020-12-30,0.012851416959912374,0.0313107676686627,0.0873555464566492,0.04467972163575221,0.16357999483690866,1.0105924017182368,0.0
2020-12-31,0.01702107902338263,0.025500792430374446,0.08161919510220395,0.04810633614427142,0.16696825220331363,1.010843217110818,0.0
2021-01-04,-0.0005692025838264989,0.009691344145164421,0.09647451709662397,0.03224503566644215,0.14870245870931417,1.0098149630385305,0.0
2021-01-05,-0.002259680265382505,0.01682788864376014,0.09892632454773381,0.0377171667366797,0.15400059353840978,1.009446018565458,0.0
2021-01-06,0.005610963274603842,0.01420796587370001,0.09672213168068687,0.04221817510575454,0.15813936376845136,1.0095271238062564,0.0
2021-01-07,0.01893311713223917,0.031012904964954964,0.10764056153208404,0.055279661797286765,0.1728190996956192,1.0106730485593654,0.0
2021-01-08,0.019546662148678687,0.03377274642235486,0.10852826432786948,0.05867103351221302,0.1769969025679149,1.0119037566947306,0.0
2021-01-11,0.026490482052996037,0.036018468943736136,0.10600956483027388,0.04842451559290523,0.1668876453908559,1.0121749693053286,0.0
2021-01-12,0.019837998236181615,0.03655670875292216,0.10589524859897102,0.04573968001202549,0.16482734474287045,1.0122617796398214,0.0
2021-01-13,0.016566447190234607,0.040419529240462715,0.10540005501198338,0.04540192876447677,0.16578748161147647,1.0124037047598908,0.0
2021-01-14,-0.0016896619047318357,0.04139846982172367,0.10470195717670853,0.038900785160563014,0.1594993288158054,1.012087750608281,0.0
2021-01-15,-0.014690510966483725,0.020650319612997438,0.10068623166785652,0.029002875071991327,0.1487095821267543,1.0111151170756412,0.0
2021-01-19,-0.00010606415046437306,0.02690299307906714,0.10343598795983336,0.03500875936221931,0.15543259549555866,1.0108523907563918,0.0
2021-01-20,0.013427015888675946,0.03507077082423753,0.1112818808777285,0.047320589962638125,0.16894694900008594,1.01163064150121,0.0
2021-01-21,0.011648946143443153,0.03998299317732022,0.10941302760374305,0.046245004526580355,0.16783085756454286,1.0121754485823002,0.0
2021-01-22,0.011611253386914214,0.040019340180582945,0.10939013483624732,0.040851359263162794,0.16156014117749184,1.0121720316876628,0.0
2021-01-25,0.022866623338635258,0.04564223692716925,0.10879597072288565,0.04314978858779832,0.1641316233451812,1.0123451450185277,0.0
2021-01-26,0.0134836160399882,0.04318160386876167,0.10949102003321007,0.039905262956510916,0.1603976162166457,1.0122106293371056,0.0
2021-01-27,-0.025004658116548922,0.014554774952019539,0.1431942507062805,0.013243135432281727,0.13029046610890013,1.0099952559682048,0.0
2021-01-28,-0.01735250406886369,0.014564058338415389,0.14320067557730248,0.02079416786812687,0.13833749743504928,1.0088229628439878,0.0
2021-01-29,-0.03402931799338206,-0.0037486533201645626,0.16041221814985332,-0.00013013229999659225,0.1139402539746874,1.0062100962257445,0.0
2021-02-01,-0.02145709954947077,0.011333720417786108,0.17050405692192863,0.015572394650173819,0.13076950713565857,1.0053917522345353,0.0
2021-02-02,-0.005853845604220951,0.020306679241158088,0.17624342271331273,0.028445618862275843,0.1450635144507081,1.0058127746707328,0.0
2021-02-03,0.01967657183877828,0.034800549374624325,0.16799648232005884,0.02783681316186796,0.14418222047586873,1.0061379978747729,0.0
2021-02-04,0.02241482598780436,0.03923856459160226,0.1704155185727319,0.03771069323622636,0.1551690784002025,1.0072337996494374,0.0
2021-02-05,0.04656535167610531,0.037205735081336906,0.1699452790033477,0.04001933414003855,0.15777417939321986,1.0083233300041794,0.0
2021-02-08,0.03725287284750585,0.029653476133052793,0.16460925586624847,0.04591233482780162,0.16413763026320502,1.0096609648012258,0.0
2021-02-09,0.022545790261198826,0.023305807353678227,0.16400232957727637,0.043587542846323636,0.16144375348533624,1.0105367500436468,0.0
2021-02-10,0.021323942864728763,0.02963401018635705,0.16162217342115937,0.04157596917373597,0.15909879265436733,1.0110615967224366,0.0
2021-02-11,0.011635872136048959,0.0310364384914696,0.16156397795369207,0.041578876435412034,0.1591009250289112,1.0114726363910518,0.0
2021-02-12,0.012635450835023085,0.03327473872612538,0.16196100303111793,0.04515405603960344,0.1630477238775721,1.0120582707292949,0.0
2021-02-16,0.004573406600086167,0.0359165446378708,0.1611709957404734,0.04274658354334228,0.16022839977021885,1.012304230304483,0.0
2021-02-17,0.005468908606469949,0.0434652269266319,0.15793104483577852,0.041476770075491665,0.15855607807971242,1.0123712992561293,0.0
2021-02-18,0.0016393700170763458,0.03137944435389777,0.15793504597225946,0.03581045412147899,0.15174290373865126,1.0119368116739762,0.0
2021-02-19,-0.001741875166223869,0.015867547436569786,0.1517972323327913,0.03274870142341677,0.14789116445683786,1.0113174795863547,0.0
2021-02-22,-0.014390815830523863,0.007234976752158368,0.15460530056556607,0.023805897444266172,0.13728220033593994,1.0100867912698372,0.0
2021-02-23,-0.012311069313556418,0.011994221937400169,0.15397415013770552,0.02384619402224484,0.1369354055872449,1.0091044582428401,0.0
2021-02-24,-0.0015816738246650554,0.01901692976333159,0.15778264843018455,0.03367525971846736,0.14772909931802497,1.009108175046001,0.0
2021-02-25,-0.021707109415177887,-0.0038112811012683163,0.18046759947012647,0.007833207843440623,0.11854208312559199,1.0070671850518524,0.0
2021-02-26,-0.025105397816328624,0.015766807736790088,0.15827126302207367,0.0017293117010042905,0.11119721469396347,1.004979993701779,0.0
2021-03-01,0.00656666406021689,0.03115414488123895,0.17584211189621698,0.02484730693228689,0.13628151774481034,1.0051891799862485,0.0
2021-03-02,-0.002480404122634056,0.04354313580814817,0.16120053672298032,0.01589157249149599,0.12568904137717882,1.0046667541125331,0.0
2021-03-03,-0.026773397743597025,0.013700631569205332,0.1606768797303803,0.0018687709707738793,0.10918386462520682,1.003147625849839,0.0
2021-03-04,-0.014835201054250895,-0.012792636551298262,0.15906334419616158,-0.01092014712959601,0.09409899296185904,1.000942362448998,0.0
2021-03-05,0.008560282037659333,0.004650517935671138,0.17194691797331152,0.00644218049060811,0.11268643741715033,1.0006381500773587,0.0
2021-03-08,-0.02038157862575222,-0.011642259732317625,0.1679342677832059,0.0006711316450599458,0.10572725951092102,0.9999959962891198,0.0
2021-03-09,0.0016285015234903145,-0.0013937143444668204,0.1749855808196748,0.01391632300711744,0.11995721029805191,1.0006240667407167,0.0
2021-03-10,0.021167689374869188,-0.0023845519034313345,0.1745004398307204,0.019128740836530624,0.12533553431664574,1.0016075590802964,0.0
2021-03-11,0.043708208133646995,0.008369781321149907,0.17801272838598653,0.02831282574073416,0.1351355982766879,1.0031738848669978,0.0
2021-03-12,0.026824648022361987,0.010151223093304362,0.1780145262405375,0.028483077430432612,0.1351199671655292,1.0044692906470027,0.0
2021-03-15,0.03776146507719795,0.01448333320883137,0.1789909436267554,0.033299168669425686,0.1402920211538231,1.0059112383574265,0.0
2021-03-16,0.022322911680279754,0.00829374650078985,0.17842777194552562,0.030812108234019375,0.13729319980393415,1.0068654925919176,0.0
2021-03-17,0.01952204933492265,0.012564090831405146,0.17866053265759946,0.03279598811090985,0.13960736905155513,1.0078062897477589,0.0
2021-03-18,-0.005222645769303213,-0.0023217730546232548,0.18632504874225106,0.016704039224631984,0.12162260949678916,1.0072722177418936,0.0
2021-03-19,-0.008420701134436458,9.115194179155732e-05,0.1858339988282835,0.013916619560308156,0.11822565755507967,1.00662305682767,0.0
2021-03-22,-0.00641317083247404,0.0098120375425812,0.18770758475409913,0.02122958777365006,0.1257624406691234,1.0066752623869117,0.0
2021-03-23,-0.013053125038837418,0.009631437292476295,0.18780787002314908,0.012691987959482063,0.11569884490508811,1.0060075481822008,0.0
2021-03-24,-0.021553682650072382,0.003321477494889183,0.18875789687576716,0.007016913793266218,0.10892469038009896,1.0050108242714328,0.0
2021-03-25,-0.0012874129535376325,-0.00202751218349583,0.18578755283797474,0.012042042165744086,0.1139840038756781,1.0046192454712344,0.0
2021-03-26,0.016551086174772647,0.038349347531742094,0.17135204916773197,0.02742084015017118,0.13061037345503257,1.0055439365654941,0.0
2021-03-29,0.008092767323703043,0.043010202682612866,0.1697084484313112,0.02591416171200645,0.12842984931818108,1.0061612357431595,0.0
2021-03-30,0.0133381139509532,0.016402887183212606,0.15036804773512855,0.022118965011700527,0.12390878749375794,1.0063585467508334,0.0
2021-03-31,0.022479831241581084,0.028281712859104323,0.14739429018277758,0.025257742080500717,0.1269544102413343,1.0067647553329577,0.0
2021-04-01,0.027611260746733084,0.05235714630683428,0.1406188657044445,0.03536687687845228,0.13762701186709875,1.007871923028516,0.0
2021-04-05,0.0258756693400573,0.07906021792605028,0.13517859583281444,0.048959964856278806,0.1523252662469584,1.0098050438469317,0.0
2021-04-06,0.025790088382466866,0.0602400090274204,0.12515379655739986,0.04701674476996703,0.15002626675186767,1.0111473236257178,0.0
2021-04-07,0.02960333000149223,0.06638779581045705,0.12206291924264416,0.04696230167814967,0.14970520911182955,1.0121567205343123,0.0
2021-04-08,0.030293709352966443,0.056946920688580455,0.11553476107056201,0.05052642558148046,0.15350812661314434,1.0131861175278798,0.0
2021-04-09,0.02679637727875129,0.05798583421071638,0.11598572629007316,0.05608358876702991,0.16020703171873235,1.0144235797762127,0.0
2021-04-12,0.012909906319149742,0.04826191611155304,0.11310132412850468,0.05456072307083563,0.15881592410913137,1.0152468817622906,0.0
2021-04-13,0.016459843297867597,0.04987520430292601,0.11306824966345509,0.05530703803266742,0.1604692954556553,1.015949489577371,0.0
2021-04-14,0.011882246563168584,0.04050857729642769,0.11399305667748026,0.04974705959970627,0.15464267671677126,1.0160319153054258,0.0
2021-04-15,0.017831825263163816,0.05245583427146451,0.11724569423032806,0.05910197011105608,0.16516805724032976,1.0167753085292144,0.0
2021-04-16,0.013924621673317483,0.05238840654911122,0.11723935979776288,0.06066147047723175,0.16722398147666917,1.01742797646353,0.0
2021-04-19,0.008635213393155764,0.06211977527401201,0.10332222806992007,0.05382816320429979,0.15973359948060117,1.0173316028052932,0.0
2021-04-20,-0.0016725201592540841,0.05662338527810839,0.10818623030168308,0.04474819740971196,0.1495806392591725,1.0164620973625371,0.0
2021-04-21,0.011165985902170078,0.0580877340310718,0.10919697122832593,0.05320087855950719,0.15879917799380136,1.0163496854246579,0.0
2021-04-22,-0.00869433279731244,0.0568146265129895,0.11084080041440701,0.04235266957824249,0.14658581520204125,1.0153337004167846,0.0
2021-04-23,-0.0012470610336605698,0.07269502816552303,0.11040711407880352,0.05216804413316448,0.15734084364874856,1.015228855325632,0.0
2021-04-26,0.005763472437985509,0.06917066066553516,0.11021795628969677,0.052866648329170776,0.15803910640646168,1.01513746350554,0.0
2021-04-27,0.012896391253031993,0.05296869035636773,0.1005773524571018,0.0512529272493474,0.1561293313159279,1.0148720564513378,0.0
2021-04-28,0.0031915453889075004,0.053186512096276256,0.10049753871471921,0.04955666916644273,0.1541008366948625,1.01446849948173,0.0
2021-04-29,0.018719055237447983,0.06219556779948427,0.09947661956577457,0.054709555362235894,0.15977533549409853,1.0144969213414265,0.0
2021-04-30,0.0013429970646274669,0.051558193988569416,0.10470418398419044,0.04631609898507181,0.15058052961048127,1.0138197883860869,0.0
2021-05-03,0.0014118992339861546,0.042971299152788224,0.10027339974829073,0.047026748768450866,0.15145736694295397,1.0133033968282168,0.0
2021-05-04,-0.0045608339709538575,0.02253218704535657,0.09371070041000404,0.039014259764443684,0.14281850541403293,1.0122507098264215,0.0
2021-05-05,-0.003960851116817398,0.023435572596991992,0.09356075573034826,0.03780770763114798,0.14168250285299888,1.0113112724987032,0.0
2021-05-06,-0.0023594318474541662,0.03023280595053788,0.09651429590926054,0.044604777426031035,0.14925654026017715,1.0110832104898557,0.0
2021-05-07,0.01148437048863857,0.03274885512424154,0.09797937772332084,0.05005920051376489,0.15605156148943558,1.011360515108479,0.0
2021-05-10,-0.0006219738577164981,0.015552948016320439,0.10336858369368923,0.03765668510112281,0.1430590651540088,1.010645833043029,0.0
2021-05-11,-0.003398590497725418,0.006223690228481413,0.10871038156629073,0.027074749709069135,0.13135664673848596,1.00925052266564,0.0
2021-05-12,-0.025185123343603025,-0.018209394044478622,0.13168934727024015,0.004252002368559636,0.10602369462005438,1.0063629475548443,0.0
2021-05-13,-0.0211982054750203,-0.002847646087651,0.13851083910331397,0.014801891224490332,0.11789473820973714,1.0049619610019147,0.0
2021-05-14,-0.013211209801496435,0.0017058200595812933,0.14379056795853018,0.028293426048638923,0.13359053244063596,1.0050208640770946,0.0
2021-05-17,-0.005806959874024034,-0.0041786335310210814,0.14355660049404448,0.024001487366985482,0.1292423597651356,1.004805355173109,0.0
2021-05-18,-0.005495255151320627,-0.007906778315994976,0.14566845509864024,0.013606812803925946,0.11815826155072479,1.0038926511083504,0.0
2021-05-19,0.013353444455857615,-0.003183429429366923,0.14372597514891639,0.009709501519403724,0.11392911941640119,1.0029248891821427,0.0
2021-05-20,0.012113178718223988,-0.0019004532715970902,0.14486645005728252,0.019220763504486992,0.12455598876238241,1.0029853733018521,0.0
2021-05-21,-0.003944840297875613,0.006455312559018123,0.1411071323097771,0.017252865103145068,0.12231856352107814,1.0029330000592214,0.0
2021-05-24,0.008745635326985362,0.0058140628296248515,0.14052352354260897,0.026294820773511647,0.1324019647195833,1.0036724291473655,0.0
2021-05-25,0.015177791867153012,0.0015075411131725246,0.1406169864683793,0.022859659053955143,0.12855573470869436,1.0040295526241603,0.0
2021-05-26,0.019785558100854826,0.0037057374184559077,0.14076648598494948,0.023665276920419965,0.12946448604288563,1.0044217417514312,0.0
2021-05-27,0.009609617384844085,0.0045176187243394965,0.14076087969117787,0.02303655902702044,0.12868366909405274,1.0047196449656648,0.0
2021-05-28,0.012216286440284971,-4.74562381448892e-05,0.13913182884945244,0.023376666196089187,0.12938852144934093,1.005041823493212,0.0
2021-06-01,0.0011921032275170203,0.005663168992514406,0.13711556034526332,0.020973084426020572,0.12707981187747072,1.0051649258895672,0.0
2021-06-02,0.0049848007311293335,0.005080442610315705,0.13702946989927398,0.021200610014394675,0.12753006357367988,1.0053278486789152,0.0
2021-06-03,-0.0007161938742467401,0.007550377515163026,0.13583096062037267,0.015965509997985915,0.12207011701418276,1.0050962199147129,0.0
2021-06-04,0.007863445866282568,0.016341915707439467,0.13916595923228092,0.023515169511966017,0.13100139801988422,1.0055868893916153,0.0
2021-06-07,0.005105382334873436,0.007417357944182713,0.13678132875589943,0.020915450290555273,0.12856271734723773,1.005827860824626,0.0
2021-06-08,0.006200084796784137,0.00037888330065997456,0.13446197920695083,0.01983602242526877,0.12747921299809956,1.0059662015969875,0.0
2021-06-09,0.0031352617135176238,0.008837678181549829,0.12966654225680832,0.017043502545319573,0.12450503060755722,1.0058859403283646,0.0
2021-06-10,0.011491190615882906,0.02244015862877135,0.1257635343349195,0.020349503350810934,0.1284588211388172,1.006127499043426,0.0
2021-06-11,0.004038187909928758,0.04556522696097125,0.09537849927153508,0.020659969308148934,0.1290584942577866,1.0063783431132804,0.0
2021-06-14,0.007245295094794616,0.035860858513997625,0.08853050597413466,0.021733495210414257,0.1303581363192974,1.0066806103917072,0.0
2021-06-15,0.00519612685642375,0.018786219958580156,0.0742563589795359,0.018972185535087623,0.1270843924152687,1.0066922730855166,0.0
2021-06-16,0.0010905732591590962,0.01573521131473296,0.07674877394408264,0.012505876250293828,0.11966881124843698,1.0061764832480102,0.0
2021-06-17,-0.0038788585162758582,0.02405655526381612,0.0689175214346861,0.011423646842226014,0.11816041999097263,1.0056754933352698,0.0
2021-06-18,-0.019112482426053238,0.013099300079060395,0.08503843844872347,-0.0025919454903409987,0.10208702220907687,1.0041410730593907,0.0
2021-06-21,-0.007134301592778655,0.016613378202994983,0.09095089706156077,0.011166324916684846,0.11684993940011677,1.0040202448097004,0.0
2021-06-22,3.357614664219969e-05,0.022764636403097973,0.092067860670203,0.015946757921683874,0.12158879529421635,1.004306733348459,0.0
2021-06-23,0.004426193593643578,0.011415769581391176,0.08620520461656297,0.014182195117094223,0.11897534962849242,1.0043845689802955,0.0
2021-06-24,0.010656527765014086,0.0195352911616772,0.08750298749460003,0.01944843126003819,0.12415471859536652,1.0048686431702307,0.0
2021-06-25,0.027784683308510742,0.021098425286716314,0.08790647013763388,0.022476364283723196,0.12677998895016965,1.0054763728928076,0.0
2021-06-28,0.015583699873603866,0.022587460691754768,0.08795532515930321,0.02396939516388528,0.12758471002846808,1.0060502620593301,0.0
2021-06-29,0.010789972946580025,0.021338322909393026,0.08793439256698438,0.023841635572854993,0.12672740111929126,1.0064720885996188,0.0
2021-06-30,0.012837295548206385,0.02306096190208054,0.08766808818084847,0.023858462839713723,0.12627268195851057,1.0067946273704902,0.0
2021-07-01,0.012460110956292878,0.027010601386840742,0.08899447777388683,0.02875364210173372,0.13109097951424462,1.0074130581585565,0.0
2021-07-02,0.016529118306200782,0.03834373746716384,0.08962148817490094,0.035488990267366356,0.1382432092113298,1.0084259944802372,0.0
2021-07-06,0.012691971376337631,0.027415986201809826,0.08637532187957489,0.03273709743782517,0.1346505614905558,1.0089708115568552,0.0
2021-07-07,0.01568172813145411,0.031914668705973696,0.08628735863344526,0.035487327738487125,0.13706099778067093,1.00957696849566,0.0
2021-07-08,0.006659135938614617,0.02352001304391102,0.09256095956445438,0.026327985957901905,0.12621253037237584,1.009280487734427,0.0
2021-07-09,0.011756079185789931,0.03563141885911305,0.09762274989252195,0.036322153357845624,0.1366191551146242,1.009796134633742,0.0
2021-07-12,0.007716824098140205,0.034569370949421134,0.0972883834477576,0.039124754848769004,0.13893815776214652,1.0103736657822429,0.0
2021-07-13,0.0061255097380956075,0.029503308029976673,0.09885526076251898,0.034615660763720614,0.13334908133684273,1.0104281876663759,0.0
2021-07-14,0.004088504241377517,0.028757877852556596,0.09880997321352596,0.03520521937308576,0.13340292941157994,1.0104697918385135,0.0
2021-07-15,0.008848623433807521,0.02717250962129479,0.09960737123828994,0.030667500411590713,0.1280057696997224,1.0101061464290235,0.0
2021-07-16,-0.009644115980807213,0.02489672961914674,0.10187772393941152,0.021762409342872904,0.11767140461874687,1.0090763525498747,0.0
2021-07-19,-0.028097596178715524,0.010350633286981471,0.11607915223267942,0.006326749009501402,0.09983103481919411,1.0069892056641678,0.0
2021-07-20,-0.01045421642638876,0.038161574029641154,0.1135398141244222,0.020249189880462922,0.11418419535255737,1.0064007451143997,0.0
2021-07-21,-0.003881259792871584,0.032010919652463665,0.10688172803075091,0.027635403092560833,0.1216933698704949,1.0065121267572352,0.0
2021-07-22,0.001631896943908243,0.028770830418560836,0.10601314444779784,0.02868774343845491,0.1226028774529499,1.0066921040082124,0.0
2021-07-23,0.019741711984883843,0.040212248010387,0.10984940102442423,0.03751333233184046,0.13256658061117624,1.0075808764779053,0.0
2021-07-26,0.03707154324660577,0.03676564876857315,0.10891945319394607,0.038489072168325256,0.13383027337270098,1.0083849572262293,0.0
2021-07-27,0.018275168451484684,0.028652059172615093,0.11084402699059187,0.03259941211396601,0.12722958441618581,1.0085467790141012,0.0
2021-07-28,0.009801042887326483,0.026228262666186282,0.1109830630731573,0.03097971892154003,0.12538461127359965,1.0085413413485758,0.0
2021-07-29,0.01184803130906382,0.02982888878104463,0.11139266972078488,0.03379579431366437,0.12872053202546221,1.0087711765492504,0.0
2021-07-30,-0.0032557623570675974,0.024119190105113018,0.11350275682183264,0.02737751474711065,0.12191480272400324,1.0084583271489567,0.0
2021-08-02,-0.007807610286965616,0.016497927525314655,0.11287191203131336,0.02408674181919394,0.11822529435324196,1.007948231815357,0.0
2021-08-03,0.004862668259055256,0.016985609125469564,0.1132556837371801,0.03108783627419643,0.12592156296279147,1.0081073990965814,0.0
2021-08-04,0.00034172098836468805,0.01387801227821334,0.11466856437358378,0.025001262670269968,0.11902061585157225,1.0077426301206227,0.0
2021-08-05,0.002515791601851663,0.01666295225144218,0.11594467673317392,0.03029524408735673,0.12462483538472079,1.0078744984052943,0.0
2021-08-06,0.009035288821876222,0.026495342988374623,0.11126329404723972,0.03080588347559209,0.12501108247294077,1.0080192486133237,0.0
2021-08-09,0.010321442424451707,0.01506329076397643,0.10607694798894035,0.028806984634535907,0.12262484690268358,1.0079742965131642,0.0
2021-08-10,0.0034620833503174104,0.012730868377646767,0.10559168514673939,0.028936969162889355,0.12257086056708374,1.0079468688364228,0.0
2021-08-11,0.010875048248348609,0.01862755078846634,0.1047346086723249,0.030273535459353993,0.12391095500221448,1.0080329889881239,0.0
2021-08-12,0.007554554583378894,0.020129002593443558,0.10497258113860447,0.03210799316250799,0.1257202908175392,1.008248059554312,0.0
2021-08-13,0.007721705809873634,0.025368425364440735,0.10378045017715663,0.03262067012399367,0.1261834297276487,1.0084669401345088,0.0
2021-08-16,0.010887552931540449,0.03559495967632409,0.09841095899922389,0.03381943748742897,0.12707316996318577,1.008729247067319,0.0
2021-08-17,0.00306769666745638,0.04389616122381867,0.08393290585313531,0.025940237869174366,0.11802728595274205,1.008305357670217,0.0
2021-08-18,-0.010419626679385932,0.018662140535469166,0.08346928131567433,0.013854913397755625,0.10417582975247067,1.0070021513305527,0.0
2021-08-19,-0.01186501458941758,0.012145247796897556,0.07936242165694816,0.014507262553474443,0.10431386646308341,1.0060240825003472,0.0
2021-08-20,-0.005757460578696583,0.017979067841835908,0.0832424432328264,0.021584093470077444,0.11155317859399247,1.0058212094444032,0.0
2021-08-23,0.0006484172262219996,0.016501664917662244,0.08127918576349077,0.02941594157081719,0.11982306128123045,1.0062986624201207,0.0
2021-08-24,0.008811619035274146,0.015636237012487047,0.08111078032575375,0.029907937751725774,0.1201778020371659,1.0067266972996454,0.0
2021-08-25,0.021913243218347336,0.022300215302331818,0.07886530592688769,0.03084546010818823,0.12109148961680237,1.0071521821824425,0.0
2021-08-26,0.01444556072966807,0.016789765639239146,0.08239257150927051,0.023560282552381104,0.1131460562410006,1.006926625359999,0.0
2021-08-27,0.015420880542450877,0.021551917075222964,0.08637949359253795,0.031308689782207556,0.1216993148304673,1.0073855266870038,0.0
2021-08-30,0.011051103668147797,0.030808530942877638,0.08434797084470885,0.034076696656194866,0.1252392153511364,1.008012467294512,0.0
2021-08-31,0.007981920601627387,0.03142576790108005,0.08404563412316218,0.03109691319083253,0.12214605834924068,1.0082895401597123,0.0
2021-09-01,0.0064170477221772125,0.023854594765453773,0.08056774486418322,0.030294940652748004,0.12138327670929405,1.0084527680883126,0.0
2021-09-02,0.015409335073819917,0.03185737972469437,0.07769268356332724,0.032024690321219566,0.12351532169953565,1.0087297014914796,0.0
2021-09-03,0.006265738559426384,0.025301864032797685,0.07589182023982462,0.030461217869551263,0.12190318758915122,1.0088253609855673,0.0
2021-09-07,-0.0017042265201423564,0.020069015600859063,0.0776487484078282,0.025617555731328324,0.11652331188367139,1.0085106097772587,0.0
2021-09-08,-0.0014405219997260968,0.019663803476902247,0.07777767969378371,0.0232782381010864,0.11382746411812138,1.0080688457569114,0.0
2021-09-09,-0.00626116369024827,0.014131347724888095,0.07983672301832229,0.01791527947154173,0.10772664571260449,1.007288150299984,0.0
2021-09-10,-0.017248585232492418,0.0037337462438533486,0.08483660645507747,0.009094279998641529,0.0977494033652697,1.0059649367059817,0.0
2021-09-13,-0.01445002570368103,0.0032972837457377665,0.08466745437787154,0.010937084772762994,0.09937677705094886,1.0050627799982481,0.0
2021-09-14,-0.01627944960385604,-0.0039321398128706105,0.0865628335288648,0.005005918889615186,0.09229559603793086,1.0038692488025924,0.0
2021-09-15,-0.006742580092581902,0.0020336704527799,0.0911151096834604,0.012715106995887062,0.10022699544031852,1.003550681281908,0.0
2021-09-16,-0.004039382072265102,0.007024268985166613,0.08809961698037372,0.010529207522123465,0.09728379293313474,1.003134191271501,0.0
2021-09-17,-0.005912620759330157,0.008240752163909125,0.0862071318975624,0.00014775073023455136,0.08551979628666863,1.0019954666311095,0.0
2021-09-20,-0.025283240461754963,-0.010120942126599615,0.10460984617506858,-0.01652479649537002,0.06647106997428572,0.9997586672876442,0.0
2021-09-21,-0.020817127117558624,-0.01899180635173265,0.10004014702995596,-0.017362425254020798,0.06452149935669209,0.9979288789311879,0.0
2021-09-22,-0.019427439288489008,-0.018042186061931108,0.101242651732336,-0.007941614436643386,0.07394143636221603,0.9972780704551525,0.0
2021-09-23,-0.005764289051970252,-0.007551639102077784,0.11053150242010368,0.003733073122106575,0.08593507876849339,0.9977591429230791,0.0
2021-09-24,0.0056702383314425,-0.00800225272299571,0.11041631891019774,0.004905960045944524,0.08667329808286671,0.9982932354414374,0.0
2021-09-27,0.0196200466712671,-0.0049464561850005835,0.10898274355999095,0.0014563874239619564,0.08249292851144402,0.9985020449228752,0.0
2021-09-28,0.00020742942762119396,-0.03420525746656233,0.12415142144593741,-0.019173487099819232,0.05974449563802533,0.9970717143630693,0.0
2021-09-29,-0.007818462933495772,-0.03691175266357467,0.1228458364186313,-0.01773448300514391,0.06057913450312953,0.9961128690255302,0.0
2021-09-30,-0.03219288810945742,-0.047726447813162584,0.12813921240332807,-0.029563362688515088,0.04672805085582966,0.9944381803304708,0.0
2021-10-01,-0.022024384671360968,-0.03644368511653388,0.13691057340994528,-0.01803817320200184,0.0582668226371881,0.9941125565121781,0.0
2021-10-04,-0.032139323221070035,-0.05249511447989054,0.14103843688396903,-0.030267471649610325,0.04381044289936199,0.9929007346355959,0.0
2021-10-05,-0.0014301582691875758,-0.04190115429517628,0.14778776377328318,-0.01988849606993402,0.05382419185677625,0.9928433769722866,0.0
2021-10-06,0.0010352867637396703,-0.034172239379692645,0.14916113875586617,-0.015694821728448164,0.05731216339030314,0.9932083956270806,0.0
2021-10-07,0.021941278215168683,-0.024344647598267804,0.15332683502702646,-0.00724014044368972,0.06549022522296277,0.994259446671232,0.0
2021-10-08,0.00830186862495823,-0.02188065280132738,0.15293010647672475,-0.008988612999145522,0.06258982282307347,0.9950021686767414,0.0
2021-10-11,0.014015624298914349,-0.021230904948483762,0.15257828831306627,-0.01605544508308126,0.05399307990159998,0.995061788519358,0.0
2021-10-12,0.0011996283065697825,-0.026251500284925473,0.15208984000851958,-0.01836316918677288,0.05053006456026889,0.9949686233011339,0.0
2021-10-13,0.0006436612380191146,-0.017249128537817487,0.1521835163937431,-0.014628181230984494,0.05345932105866957,0.99523795283982,0.0
2021-10-14,0.008715744602905395,-0.008886322902780505,0.16101268046132386,0.0017230239865000366,0.07021223111871412,0.9968416003315624,0.0
2021-10-15,0.01812817573524634,0.00028690500618406504,0.16329731446447293,0.00909983327641022,0.07735340194237975,0.9987463125267669,0.0
2021-10-18,0.0283503604546728,0.013032076265519199,0.15958347446814866,0.011807353796335499,0.0795395834478311,1.0004889884596437,0.0
2021-10-19,0.03850016124054492,0.03753190141737442,0.14800460308597044,0.01915566143364107,0.0867474999135625,1.002469110465239,0.0
2021-10-20,0.03882912009139425,0.04239711867113539,0.14783235695738534,0.02264319232233203,0.08990315720770034,1.0043049912779718,0.0
2021-10-21,0.024753445467361464,0.035294561853069964,0.14520200159354543,0.024790455113836547,0.09164594227725102,1.005899293451914,0.0
2021-10-22,0.01612942291043309,0.02218061696858741,0.14039819023791783,0.023292245301643692,0.08949595813946595,1.0069903450074031,0.0
2021-10-25,0.01852183376575609,0.025883671699832786,0.14117788865266304,0.028266694559858817,0.09431288631191762,1.0081944170487394,0.0
2021-10-26,0.01173641312821277,0.029648267874320088,0.1404013995342577,0.028708533743988535,0.0942342076725385,1.0091111914777442,0.0
2021-10-27,0.003376295655440764,0.045565984898954956,0.11840893239624432,0.023628365361043815,0.08835691363379766,1.0093618084540323,0.0
2021-10-28,0.010373852210542184,0.05348687699710793,0.12114502148703639,0.03254849837357479,0.0977763383974432,1.0102249953970917,0.0
2021-10-29,0.013437793523494473,0.0678112986015393,0.10853528322435253,0.03367505592047946,0.09889228259403515,1.010943259297594,0.0
2021-11-01,0.0098079998836635,0.057716056254857255,0.1040137876870297,0.03461046761256486,0.09962522785642143,1.011515008429534,0.0
2021-11-02,0.012943184145806183,0.0747307752411963,0.08688558260034329,0.038043274466851046,0.1029254170592199,1.0121533825522084,0.0
2021-11-03,0.023470017276144253,0.07046616044428679,0.08388885061546124,0.043528153165252235,0.10854015286975299,1.013002954386259,0.0
2021-11-04,0.018569012621842823,0.07102060285521108,0.08397670758587103,0.04753161599577286,0.11261779436408366,1.0138947744762012,0.0
2021-11-05,0.020005457126528722,0.06587547751289935,0.08180517838917825,0.05004952369096263,0.11529050648235784,1.0147080814245002,0.0
2021-11-08,0.019140157030125008,0.06855434466002404,0.08026961430310985,0.04999928452459218,0.11507140663944862,1.015238220300761,0.0
2021-11-09,0.011794424800449937,0.0725095757427319,0.0747083875631025,0.04575158856120433,0.11023328092950123,1.0152047390594405,0.0
2021-11-10,-0.0023699779349888057,0.0668965542027282,0.08244044419113639,0.03671203216505557,0.10008834523843477,1.014351890584751,0.0
2021-11-11,-0.006748082321368314,0.06362885929582365,0.08301304417616252,0.0364256630582154,0.09927303614421464,1.0135451942306448,0.0
2021-11-12,-0.002692782397990509,0.05446695051200344,0.06889688447834609,0.04352341789809932,0.10624795389634453,1.0133616779563686,0.0
2021-11-15,-0.00320396929505951,0.04722219962971819,0.06682054262287566,0.04314468142266522,0.10538566884913607,1.0130905178247098,0.0
2021-11-16,0.004056821610840554,0.04821603689889965,0.0670414546620337,0.046373689152857785,0.10856220271062704,1.0130446235791397,0.0
2021-11-17,0.009702361105070703,0.03809875406725398,0.06594592812392105,0.04296354991576095,0.1046951868004591,1.0126613816093653,0.0
2021-11-18,0.01276946145344756,0.037569200657876965,0.06575810802090659,0.04547231898333663,0.10730670237234184,1.0124876704445571,0.0
2021-11-19,0.0034608287838937607,0.03317433382853574,0.06682469867306425,0.04244852987390217,0.10422105132276394,1.0120631895061047,0.0
2021-11-22,0.0002994848791770307,0.031392261598462125,0.06797912012433839,0.03847889538228677,0.10006542826693761,1.0113660158161653,0.0
2021-11-23,-0.0023254569027723426,0.02736874623037122,0.06651831547086874,0.038682178080612514,0.10046614935944717,1.010795813364553,0.0
2021-11-24,0.002773001690443817,0.029135342629485035,0.06666463451264082,0.04039409372829144,0.10232725528281462,1.0104390364153732,0.0
2021-11-26,-0.023173116094583522,0.011019788907852678,0.10508356965991626,0.016593984561440504,0.07683103816511597,1.0082490554769916,0.0
2021-11-29,-0.009191247857940078,0.013609233760053479,0.108237607344114,0.028007598617087404,0.08907212925131851,1.0074036904567896,0.0
2021-11-30,-0.02602168399917962,-0.008067215924211966,0.12884320462822543,0.007045916558702245,0.06704263582801936,1.005105213736296,0.0
2021-12-01,-0.038516197133952726,-0.020955450787245006,0.1338314145029533,-0.004881837827454577,0.054426156337790334,1.0023701947890742,0.0
2021-12-02,-0.025982297945405144,-0.009790139461726296,0.14430137086029343,0.00948833441220571,0.0696940341900482,1.001387948904629,0.0
2021-12-03,-0.012165974500125647,-0.024616202868417217,0.14495630914663488,0.00025245258808607226,0.05955420939171598,0.9999122674200083,0.0
2021-12-06,-0.012584243222009767,-0.01754402208379911,0.15053015209762347,0.01143469400559871,0.07115776621916718,0.9996866677160954,0.0
2021-12-07,0.027539016357508463,-0.0005336566932322255,0.16725521890164308,0.031190270217695742,0.09223661810481326,1.0011574627765683,0.0
2021-12-08,0.0413529785723204,0.001257370754950388,0.16748871640070456,0.03229327787724285,0.0940884074134356,1.0025074397368396,0.0
2021-12-09,0.01937824865531501,-0.0022063156068612188,0.16879171322198036,0.023887454711826243,0.08559203241619176,1.0029872715961397,0.0
2021-12-10,0.03748712908030721,0.015240904146878797,0.16922827889155545,0.031641460502808576,0.09461295746449667,1.0040833303970427,0.0
2021-12-13,0.01681537753833015,0.006019437775899359,0.17248807171848515,0.021055690132391457,0.08389844231633865,1.0041766535599055,0.0
2021-12-14,-0.010562391541596161,-0.008403265836837873,0.1721040138752382,0.012491999194766115,0.07543460397544376,1.0036504678455693,0.0
2021-12-15,0.002297522434202469,0.006758862484212367,0.18072674964211788,0.026629976734835786,0.09106260678467804,1.0044395253039948,0.0
2021-12-16,0.00021442228126217905,-0.006048714936439593,0.18291958022733212,0.016177871910449657,0.08027150736168144,1.004294059003315,0.0
2021-12-17,-0.019855229187965208,-0.014316686146157113,0.1863507583763113,0.004363803928907952,0.06776556695254927,1.00327964594006,0.0
2021-12-20,-0.021647461306101488,-0.02839748498364969,0.18884080577887452,-0.00712491494117,0.05545243865945427,1.0016033912619933,0.0
2021-12-21,0.002859709655935596,-0.009004384964796039,0.19990016545432696,0.009190981046268363,0.0731882004507727,1.0016658910807437,0.0
2021-12-22,-0.002695729693585643,0.0037636479114496937,0.20284790586761545,0.01770286220013492,0.08287417756909617,1.0024941962921847,0.0
2021-12-23,0.012364695761529269,0.00864143772786202,0.20389613885955543,0.02239135318498364,0.08857547867754373,1.0036135949593463,0.0
2021-12-27,0.03711764635410181,0.020027958517500874,0.2092283044788813,0.03522710218173358,0.10285373308379585,1.0055876509550132,0.0
2021-12-28,0.04699035388823387,0.0417659849991677,0.1912292266947562,0.03292199420532986,0.1008626950208873,1.0069953313109619,0.0
2021-12-29,0.030665592463533106,0.030852455356677144,0.18759480805512135,0.03281805425903483,0.10116799231857396,1.0081158187355252,0.0
2021-12-30,0.01794814888548358,0.04773348079611289,0.17212650452989134,0.028756721203460005,0.0970594744498244,1.008671606051148,0.0
2021-12-31,0.009222065757987119,0.056379700619801874,0.16611957010505593,0.025095206379305388,0.09317870470572226,1.0088016215836504,0.0
2022-01-03,0.0009423666805850432,0.046952623143491065,0.16027767328512849,0.02988753038934257,0.09834402451713432,1.0092664694650222,0.0
2022-01-04,0.0014249596791012504,0.0553569191783946,0.15560242731011478,0.02838897031322072,0.09685573690564747,1.0094947955680695,0.0
2022-01-05,-0.019242235482729606,0.024194463095957304,0.16937993422670608,0.008015579242251668,0.07477258738940362,1.008015445439305,0.0
2022-01-06,-0.01741388270389984,0.0027805817347045896,0.154161163714527,0.006480255038985942,0.07272556700983093,1.0066905686094023,0.0
2022-01-07,-0.018851859823170787,-0.0038251377756893254,0.15450279563422709,0.0019091220860541838,0.06750267852848635,1.0052627028215126,0.0
2022-01-10,-0.02587013054845054,0.001704243939725507,0.15270699735162233,0.00028423667373103124,0.06527823537464311,1.0039850196934166,0.0
2022-01-11,-0.016468148085892892,0.0014016420121944918,0.1524785107755307,0.008870083352453898,0.07402374253179526,1.0036584145978882,0.0
2022-01-12,0.005620557487420753,0.012999643045047901,0.14914328341705013,0.011050865122076625,0.07594091632071208,1.0035764570650212,0.0
2022-01-13,-0.007313675082480948,0.006029298193819798,0.15539686200341016,-0.0030616936930612636,0.06024255664873056,1.0023689266911868,0.0
2022-01-14,-0.0029435867959410537,-0.00906624700583285,0.14523739686286458,-0.002723613231947428,0.0598526800212134,1.0014272856709938,0.0
2022-01-18,-0.01956691969299482,-0.018077098034531495,0.1548597115642887,-0.020015577894623063,0.0404403926962146,0.9992676936697246,0.0
2022-01-19,-0.03907171272829729,-0.017814841528137594,0.15465228535324477,-0.029560448504027084,0.029054590704145643,0.9967645570542298,0.0
2022-01-20,-0.05290140391206975,-0.01825429956092036,0.15501174205389925,-0.03945373189070928,0.0171529754896619,0.993967188698995,0.0
2022-01-21,-0.05885289752960943,-0.055683308991725224,0.15302417365306475,-0.05718420008412232,-0.0031946235005368678,0.9903048165115155,0.0
2022-01-24,-0.055023977965725265,-0.06139449527797247,0.14830478632879804,-0.0522761991798929,0.0006692930554888906,0.987842650739745,0.0
2022-01-25,-0.04943969671988724,-0.079881490515948,0.14779646710575203,-0.06272908484797747,-0.011850402031785216,0.9850870621968977,0.0
2022-01-26,-0.041513947738608024,-0.09644643562084741,0.13297554211601087,-0.06377774119019004,-0.014605421770140051,0.9828786394996204,0.0
2022-01-27,-0.03533442319671265,-0.10057907664586688,0.1322659851930833,-0.06700793136029454,-0.019737338889162064,0.9809386785515091,0.0
2022-01-28,0.009023432873003993,-0.07732546858225434,0.1659481650412618,-0.0427727352970222,0.004263120725505036,0.9815301196804719,0.0
2022-01-31,0.022636424416345016,-0.05670621974711103,0.18197639295437618,-0.02483118403100548,0.021923820306415445,0.9836230703881457,0.0
2022-02-01,0.041654649884796544,-0.04744890638913857,0.18489210634857767,-0.017597573790625563,0.02833990059611844,0.9859918464255658,0.0
2022-02-02,0.053834071668129466,-0.04355473063330301,0.18749756624810449,-0.007628178656993615,0.037749046120741675,0.9887893407256737,0.0
2022-02-03,0.034998634018205424,-0.06700540230676269,0.20180893692472957,-0.03014019258315097,0.012958435023274728,0.9892004763471001,0.0
2022-02-04,0.015157706105045216,-0.04292552699447951,0.19456555941051112,-0.024823714410051646,0.01725403156291002,0.99001796095188,0.0
2022-02-07,-0.005907517323783151,-0.04519985436699434,0.19456247136854873,-0.027084829564061996,0.013591225047952342,0.9905161918465488,0.0
2022-02-08,-0.00444745979756714,-0.03304450636353492,0.19767022027433445,-0.01880567173327461,0.021497119926770995,0.9916682476069344,0.0
2022-02-09,0.0004154516365485958,-0.017269148448303864,0.2054031104734158,-0.004209108432660462,0.03592994013109343,0.9938363934314771,0.0
2022-02-10,0.006072032143720232,-0.04446522207714956,0.21044807337651436,-0.021901468137565192,0.016903549290776993,0.9941487368946118,0.0
2022-02-11,-0.018534902483221666,-0.06708098696512194,0.2183588460124974,-0.04083501505579384,-0.003425644046517017,0.9928873298380526,0.0
2022-02-14,-0.01859513559696175,-0.05648131488147515,0.21488618074925894,-0.043271673231094016,-0.006974259452525454,0.9917177003645495,0.0
2022-02-15,-0.010791121546356478,-0.04089204111395035,0.22429804348280596,-0.027599725810089067,0.008674478949590381,0.9921541525201362,0.0
2022-02-16,-0.02420111705864237,-0.021903345813951418,0.2168361983701381,-0.026060369338299662,0.00940451403739759,0.9926744422387328,0.0
2022-02-17,-0.02766488280954634,-0.03305839215839862,0.22616829980671596,-0.04563377471991425,-0.012441640013592823,0.9914604956074894,0.0
2022-02-18,-0.014245304489961808,-0.02842488754301399,0.22426320641883282,-0.05041816074187711,-0.019050363510665625,0.9900920824103812,0.0
2022-02-22,-0.021760260885517364,-0.019388678237383085,0.21695036332847084,-0.0591624310635311,-0.029705086591174473,0.9882839543616625,0.0
2022-02-23,-0.055656222428830684,-0.04152428557705577,0.22375956046148496,-0.07393924509937548,-0.04700453530703735,0.9856048334719018,0.0
2022-02-24,-0.04183955575524251,-0.014303204849306687,0.22779383193586697,-0.05848881895067447,-0.032861620463073005,0.98480437026845,0.0
2022-02-25,0.001577678177827644,0.010033233758037049,0.24057076872920585,-0.03669914391683784,-0.011928064059177295,0.9860670920620365,1.0
2022-02-28,0.005512060960047421,0.012421596613746075,0.24003344016541653,-0.03779504316924184,-0.014794377211088701,0.987011045562445,1.0
2022-03-01,0.0009540011080621854,-0.027458110002324898,0.22943683528580466,-0.050992783277594315,-0.02999142412213534,0.9866840244117493,0.0
2022-03-02,0.037080890965655824,-0.02707981902774497,0.22983823380622626,-0.032595990342376424,-0.012442009772953145,0.9880217916000612,0.0
2022-03-03,0.017153040494172687,-0.038804814239930555,0.22826428782716032,-0.036591894192454136,-0.01766711460307317,0.9888084561222161,0.0
2022-03-04,-0.012829269502857971,-0.056630107412950395,0.22526622834884705,-0.04311219476137552,-0.02592707336895068,0.988904611269106,0.0
2022-03-07,-0.040189467833958645,-0.06276650523841801,0.23336212553165642,-0.06933120499282425,-0.054729708652266014,0.9867652113567758,0.0
2022-03-08,-0.03245271297616818,-0.07506852908353831,0.2321488268177322,-0.07415448066888203,-0.06195413966704092,0.9846339572012031,0.0
2022-03-09,-0.02422389349366181,-0.045396195197623626,0.2544166596723728,-0.0472187406361065,-0.03693871421427854,0.9851908635925798,1.0
2022-03-10,-0.02375890786544872,-0.05811626230781214,0.2516940740921337,-0.04934309147909012,-0.04141060729995082,0.9854360226300652,1.0
2022-03-11,-0.028397626774898564,-0.08544318582439756,0.24576240796613655,-0.05901676667353278,-0.05365417041611827,0.9847847855195433,1.0
2022-03-14,-0.005810714923183763,-0.074649252305322,0.2407753114403966,-0.06341139552017615,-0.060590155112809775,0.9838664875002908,1.0
2022-03-15,0.023552503101669134,-0.03298112349864751,0.24824944824590794,-0.040712810743594785,-0.04004330909380518,0.9850372202548463,1.0
2022-03-16,0.019026561317051462,-0.0077744982836104246,0.2610934784597397,-0.01757980771581329,-0.018979232738390795,0.9878885845592171,1.0
2022-03-17,0.035985664019919594,-0.011339476741536063,0.2585571885558201,-0.0036495418380581065,-0.006984413345091634,0.9912711885848864,1.0
2022-03-18,0.05967555311140728,-0.0015665156543479084,0.26154700320777113,0.008287270293771376,0.0035384481406110224,0.9949073731120671,1.0
2022-03-21,0.06671818645825957,0.01973381696248391,0.24960161492655644,0.009004002625630085,0.002936111982478357,0.9977801569325074,1.0
2022-03-22,0.05659936387375422,0.03786354486506852,0.25069494007985127,0.021509208903977194,0.014295503708400818,1.0010018117926738,1.0
2022-03-23,0.021705456176498127,0.035691218778405066,0.2521783790372751,0.009283494101359738,0.0009282066746083746,1.0024445951268013,1.0
2022-03-24,0.02423402218052787,0.06855076786782249,0.24560764872251256,0.025328034293654548,0.015623411251355265,1.0047611400290373,1.0
2022-03-25,0.018212560009519343,0.058485600110413934,0.24202920749981038,0.031127289303018838,0.020185684425186243,1.0069098109009782,1.0
2022-03-28,0.025592871064766876,0.043749009849423134,0.23262340410358115,0.0388015145403519,0.027012769275641738,1.0090834462113665,0.0
2022-03-29,0.026254372146673408,0.05860585605169451,0.23457034944700417,0.051735352000514746,0.03922838167577413,1.0116796215636594,0.0
2022-03-30,0.03302231601403863,0.0677595336843815,0.22769428525421614,0.04506845132815337,0.03234951267470532,1.0130526719837722,0.0
2022-03-31,0.0025496745016022754,0.034019551403768944,0.22967265543093943,0.02892313897610601,0.01606007595913625,1.012713539098304,0.0
2022-04-01,0.0005079607710966483,0.041840520387337904,0.22843075849247818,0.03148417776570297,0.018522282756341775,1.0125286249313308,0.0
2022-04-04,0.0019502667714602394,0.05852854612374135,0.22639322168548545,0.03936529916560863,0.026717312932866766,1.0129268269144187,0.0
2022-04-05,-0.023056697451535255,0.0757386264341179,0.20154993428588777,0.02565067852698202,0.013357946145657438,1.0120650201692232,0.0
2022-04-06,-0.026912083358815016,0.07330016330173467,0.20342821203158004,0.014776906514557616,0.002915052644374125,1.0104524560029935,0.0
2022-04-07,-0.006375113217227432,0.05186833168020333,0.18571650340702406,0.019115039847960907,0.007625663971582727,1.0094696440950837,0.0
2022-04-08,-0.01188263289646464,0.053716795356321984,0.18494795594563576,0.01557522397315198,0.0046311831149353075,1.0083787815696121,0.0
2022-04-11,-0.03765266042132778,0.04927351247731213,0.19016288806485082,-0.0017532061693040545,-0.012733756569374968,1.0060676503445767,0.0
2022-04-12,-0.028652890458191888,0.05289645089910978,0.18824327160118692,-0.004990240936101535,-0.01655734436747034,1.0038939649063288,0.0
2022-04-13,-0.007215156048545227,0.04253250415152032,0.17804843322732797,0.006782595885153254,-0.005514267548402275,1.003042224445951,0.0
2022-04-14,-0.024771071245510673,0.008070699117641187,0.1693073737052144,-0.004933481723517341,-0.018050448635136235,1.001350682723413,0.0
2022-04-18,-0.021682489688210047,-0.003951358351807658,0.1635514297947663,-0.004196245705013325,-0.0177759883628549,1.0000396709875707,0.0
2022-04-19,0.011571185079052922,0.0011691444449577707,0.16880050998202703,0.011983147296721819,-0.0020943206919352662,1.0002821484765105,0.0
2022-04-20,0.014541463532910146,0.0007197279737603511,0.1688193686894715,0.011286175257946836,-0.003013327079741454,1.0004095161396374,0.0
2022-04-21,-0.011913350877458982,-0.025980210599692882,0.17102697770086328,-0.0033155767088832327,-0.01800809440616332,0.9993087691608685,0.0
2022-04-22,-0.02720612672702323,-0.04084088378588017,0.19050224250713496,-0.029334967133579356,-0.0449458736110882,0.9962806382469136,0.0
2022-04-25,-0.021836380843339706,-0.05002176137567523,0.18273231083181946,-0.022842795846746963,-0.03937912349362677,0.994385002595578,0.0
2022-04-26,-0.06723854588180803,-0.0842819614463696,0.20301142773307523,-0.05014584438073466,-0.06702466107172736,0.9906870763198764,0.0
2022-04-27,-0.06368880430853309,-0.08856194739953961,0.20058945615478813,-0.04658753559757565,-0.06425377447661462,0.9880828142550667,0.0
2022-04-28,-0.023676800531630984,-0.07591138327799728,0.217762646987079,-0.021749142406728008,-0.04057260321157246,0.9881068893948619,0.0
2022-04-29,-0.03350965543454018,-0.10737285523445897,0.2476757917815676,-0.05646738536696871,-0.07583675791668143,0.9853282224729794,1.0
2022-05-02,-0.0332892370231415,-0.08586067290041902,0.24750719952343256,-0.049864200215957714,-0.07014197918511868,0.9837557280516864,1.0
2022-05-03,0.0006726624572215324,-0.08411725976024473,0.2481939819136844,-0.044785996835154725,-0.06583300003826097,0.9830491751637032,1.0
2022-05-04,0.027863293533237014,-0.06264892063776284,0.2718690106867892,-0.01573398562130584,-0.03740871404919232,0.9850580315904576,1.0
2022-05-05,-0.03327193739297098,-0.08612662321943299,0.293739781812926,-0.050419724960127955,-0.07144992316460987,0.9839434867782937,1.0
2022-05-06,-0.0016034781858268845,-0.08206425006147083,0.2930395453141805,-0.05541014483842717,-0.07678673340035642,0.98277511761797,1.0
2022-05-09,-0.040145893082650264,-0.11963145276584185,0.30716452237989517,-0.08404540927953232,-0.10596958627385755,0.9795407251936797,1.0
2022-05-10,-0.042411395909813916,-0.11464602277359401,0.3082655010391006,-0.08039788379933058,-0.10352511576063693,0.977375142626176,1.0
2022-05-11,-0.0884234573794853,-0.11341971759592037,0.30770377088087236,-0.09350708568200321,-0.11735047063117363,0.9746819641963463,1.0
2022-05-12,-0.053278321110023355,-0.11075205387126447,0.30802683744509607,-0.09260233278153489,-0.11785358082170272,0.9727387350532088,1.0
2022-05-13,-0.023664744301566527,-0.09851383831449215,0.31908699780747524,-0.06950349305616849,-0.09641154571932521,0.9733256463419389,1.0
2022-05-16,0.004810689398481023,-0.09004969212185016,0.31781165269350325,-0.07195727817781011,-0.09973213048176353,0.9737618652386523,1.0
2022-05-17,0.02286425241612163,-0.07009928066926233,0.328851034901811,-0.052435918131927356,-0.08095490019753528,0.9760057934898095,1.0
2022-05-18,-0.002268761657164678,-0.12725966433213795,0.3456523791123734,-0.08965770074609015,-0.11755634191967085,0.9748089136834406,1.0
2022-05-19,-0.007367689853268056,-0.13266120725744265,0.345111286728596,-0.09369090403836576,-0.12251405638219408,0.9736607125872762,1.0
2022-05-20,-0.03055774714787782,-0.11715823458491098,0.3443367400740474,-0.09183560232403275,-0.12165777690954697,0.9730711712239599,1.0
2022-05-23,-0.007954744438917055,-0.070798309833744,0.3440524894009688,-0.07390040844473715,-0.10480758670720551,0.974350453359086,1.0
2022-05-24,-0.03597950167825453,-0.08424240150417717,0.3426957057619241,-0.08003352649592767,-0.1112011720891495,0.975036984347132,1.0
2022-05-25,0.013963272695766759,-0.046057845754563176,0.33244270348236943,-0.07071279980298786,-0.10293383500226655,0.9765479619556611,1.0
2022-05-26,0.03989107190654387,-0.029081331042365724,0.3407580674825125,-0.05085873888525137,-0.08465653831655007,0.9795815218145035,1.0
2022-05-27,0.06370737510392578,-0.029774058949354226,0.34009142373307755,-0.026443408884617253,-0.06191531130156717,0.9841670082674774,1.0
2022-05-31,0.03954302860979495,0.0022543742105911374,0.31420378001831917,-0.030470164040913173,-0.06687728082395444,0.9874739559130549,1.0
2022-06-01,0.0390850565756658,-0.011868107905369876,0.3146740766375464,-0.03673789193094122,-0.07407923245586019,0.9895474487029957,1.0
2022-06-02,0.04915341674906667,0.0024229085372819564,0.3214360982231533,-0.01690502310933268,-0.05620834430339991,0.9928225133509245,1.0
2022-06-03,0.01282141123730551,-0.04412321333829724,0.3070308763850722,-0.03152172676805513,-0.07144173335014228,0.9941244354244265,1.0
2022-06-06,-0.00839126340844483,-0.0048933849648280965,0.28113346606720974,-0.02679597229391706,-0.06836397644484256,0.9954556284519119,1.0
2022-06-07,0.006782142656355724,0.010639995052773736,0.28227488213969815,-0.015741891485904214,-0.05917974489172716,0.9973204068707487,1.0
2022-06-08,0.0039716542164407054,0.03224943939372109,0.2593960081955668,-0.024378415697566384,-0.06907483221639266,0.9979295039731767,1.0
2022-06-09,-0.038963204738618154,0.005871099708477705,0.2740852476804707,-0.04485732179751686,-0.09078113727720778,0.9965228331437241,1.0
2022-06-10,-0.051839894463106814,-0.007539650421918755,0.2877276544217283,-0.06950155050886846,-0.11659705448689063,0.9931716722770128,1.0
2022-06-13,-0.09358772537781554,-0.04520278923262028,0.3169542244937701,-0.10154339307347539,-0.1494934063900164,0.9876669681843384,1.0
2022-06-14,-0.10615164765823311,-0.07184690830389284,0.3027705264542317,-0.10084454022045843,-0.1513632196597165,0.9832073365263629,1.0
2022-06-15,-0.08106468523335886,-0.0536259352381188,0.30880114474430026,-0.08460948500847165,-0.13859427667708854,0.9809307415920846,1.0
2022-06-16,-0.09065040949055456,-0.10764356219819848,0.31492835840959565,-0.1112847558476996,-0.16634110588182285,0.9767803385549573,1.0
2022-06-17,-0.05907251553470191,-0.06434340429945598,0.28700900038540383,-0.10594137230377167,-0.1637838146500999,0.9738952597802559,1.0
2022-06-21,0.0044971838433375926,-0.03333791553601463,0.30249647008809305,-0.08020830277940029,-0.14202953181065012,0.9738022377178808,1.0
2022-06-22,0.005700129440353845,-0.03558903171566118,0.30240718417392615,-0.07865593518204866,-0.14287583774055482,0.973872716618261,1.0
2022-06-23,0.0012994620833029092,-0.04437172871589884,0.29647580158114095,-0.06687044096637072,-0.13380897987888818,0.9749802520911258,1.0
2022-06-24,0.06625461614854888,-0.00540944437139506,0.31727760586171816,-0.03499572955514889,-0.10571084357258381,0.9786358505928568,1.0
2022-06-27,0.06027420802114115,-0.018032468974081593,0.3157485943301256,-0.036163081514644674,-0.10857387824381919,0.9814345497418743,1.0
2022-06-28,0.014767608647019499,-0.05846137879553899,0.31349618883483865,-0.05326198184317042,-0.12620156987669265,0.9821912446673702,1.0
2022-06-29,0.0157674982948891,-0.08352890852469787,0.29789479169008765,-0.05140252818245935,-0.12631170230561262,0.9829201970679912,1.0
2022-06-30,-0.0021446937582163244,-0.08605945108391011,0.29820016172816327,-0.05600735490406692,-0.1328053655549429,0.9830395767473454,1.0
2022-07-01,-0.022922851378364226,-0.06741735232542508,0.30199948021703915,-0.043075272146114,-0.12302510541876525,0.9841549489212962,1.0
2022-07-05,-0.017209071146825346,-0.0843949568699736,0.2919214765077428,-0.038651480222327846,-0.12077273921697577,0.985359117611875,1.0
2022-07-06,0.006807229821765066,-0.06447556021107943,0.289292986206421,-0.033411798703923905,-0.11726114290109922,0.9867384382419611,1.0
2022-07-07,0.022487818723983297,-0.05264982639226973,0.29527878521187045,-0.017067227548596308,-0.10362403260775944,0.9891660539060806,1.0
2022-07-08,0.029822745473063513,-0.06301884826720232,0.2921133105256433,-0.01660121406938948,-0.10394557330641206,0.9911242903605585,1.0
2022-07-11,0.007812436963825598,-0.06357656957804017,0.2923104215923858,-0.026295680552176497,-0.11368244073333733,0.9918381442435881,1.0
2022-07-12,-0.002962770814148398,-0.04839452294550384,0.2831264074963806,-0.032698890860615844,-0.1209420467740987,0.9917841111587522,1.0
2022-07-13,-0.011600098245826591,-0.024235763993799203,0.2658076602530545,-0.03624173608737067,-0.12495008925217614,0.9914176252778347,1.0
2022-07-14,-0.02889731182391729,0.012040587161628525,0.22828762853087722,-0.03687737949730521,-0.12647049969152038,0.9910338345915966,0.0
2022-07-15,-0.00914979286021456,0.033983006530816234,0.2364472229826658,-0.01700081183856133,-0.1093299564103927,0.9923394782498061,0.0
2022-07-18,-0.005951738585790388,0.0115363770695283,0.234226085518456,-0.022859671311994602,-0.11619596371210346,0.9927872102877392,0.0
2022-07-19,0.029597261035483498,0.07185314758053422,0.21570243993569296,0.004557594087917431,-0.09197785486942145,0.995367751449659,0.0
2022-07-20,0.041215716581014396,0.07605246812191711,0.21588183009873305,0.011726654844047345,-0.08582325066407613,0.9979552335554955,0.0
2022-07-21,0.05377873258638488,0.06132213590467582,0.20328355384629676,0.02190706828323167,-0.07624454381167464,1.0008274500643601,0.0
2022-07-22,0.025532775961027078,0.05381565305148946,0.2071135030815167,0.012544532849431743,-0.08446176676133518,1.0022990692522844,0.0
2022-07-25,0.035038087214468,0.045275002200693394,0.20548340257719475,0.01354021749576288,-0.08298195946964881,1.0035203438837452,0.0
2022-07-26,-0.003524057351474867,0.0020744740805104626,0.1813618129027015,0.0015369135021297592,-0.09337918463860242,1.0034770288780395,0.0
2022-07-27,0.01575812530703871,0.03153638540781466,0.20098154429670878,0.02748807314628137,-0.06949147033329864,1.0054752127059574,0.0
2022-07-28,0.018090756381553837,0.06464528363921015,0.18727070204777493,0.03996478134139133,-0.057559439052803994,1.0079897051814206,0.0
2022-07-29,0.041885428364258716,0.07993358312085908,0.1907229432548491,0.05483307767716155,-0.04363196242428482,1.0110462062430796,0.0
2022-08-01,0.037705679185528085,0.08512537514443781,0.18743910514465117,0.05060131519646465,-0.046246239263875444,1.0130466521598291,0.0
2022-08-02,0.04298783036721059,0.06798515582608529,0.18938165369511448,0.04258872731235016,-0.05221250783088804,1.013908634486976,0.0
2022-08-03,0.03289101796080911,0.0816364745154491,0.19400289781817592,0.057483444227788456,-0.03707336064455559,1.015686312031192,0.0
2022-08-04,0.01975085833843023,0.07758891215587532,0.19464409073938524,0.055747660279778406,-0.03740899930313258,1.0168275982489787,0.0
2022-08-05,0.003585724439808416,0.0610314888366842,0.19108889232397436,0.05282144779546164,-0.03867532493236433,1.0173791058752752,0.0
2022-08-08,0.0053898901641377134,0.060692519835512,0.1911758247674856,0.050671959695801856,-0.03940602884292867,1.0175097257721646,0.0
2022-08-09,0.008030452554961645,0.06820317141722132,0.18575124749504182,0.046085628300919376,-0.04280501803020035,1.0170846814037473,0.0
2022-08-10,0.013278483867984336,0.09787772919758184,0.18972381987406062,0.06770353314540448,-0.02237944170802603,1.0182413124914904,0.0
2022-08-11,0.013954333315144481,0.10314334371684639,0.1871113886606853,0.06722406685998202,-0.022031000696738013,1.0189248864806144,0.0
2022-08-12,0.03243310925405882,0.1223619099146603,0.189437786618418,0.0842291191639899,-0.005198122048104063,1.0206080847916135,0.0
2022-08-15,0.03770709728449505,0.1075494099802216,0.18338592711589338,0.08796431713378897,-0.0008642350127453286,1.0220073859806234,0.0
2022-08-16,0.043642762574841176,0.11779767257785288,0.177276045419118,0.08893931109819202,0.0013686912169733603,1.0229918951100556,0.0
2022-08-17,0.015733284383736026,0.08401375254583436,0.1649270585286594,0.08029948701188994,-0.005418953109175657,1.0229020706712508,0.0
2022-08-18,0.01863530008279637,0.08056292721862836,0.16474005279698548,0.08267488957959002,-0.0022126724447219187,1.0227967906939583,0.0
2022-08-19,-0.011681089368862993,0.05690208795941241,0.17350414105302234,0.0674404290763867,-0.015222065444603082,1.0213554232183437,0.0
2022-08-22,-0.036835661155659144,0.04518097286353538,0.18789847501523416,0.0444934718716599,-0.035206167041991705,1.01831188378861,0.0
2022-08-23,-0.04121480896772842,0.041544776395656464,0.18854815257671922,0.04069234334269743,-0.036984088493106616,1.0155284467377328,0.0
2022-08-24,-0.03089556211439826,0.056642247782910965,0.1816726699958927,0.04190519301339207,-0.033339538447764085,1.0134230676351876,0.0
2022-08-25,-0.019778565038442105,0.045026236873147524,0.16706200850559993,0.05410570413829861,-0.01918449379904003,1.0127372740895482,0.0
2022-08-26,-0.04068474698940364,-0.001873415411545079,0.20520109997360506,0.017007266041607502,-0.05175252322429043,1.0093371186949507,0.0
2022-08-29,-0.026276615074553696,-0.02298107057527704,0.199268032321038,0.00838213106812609,-0.057405464423487415,1.0060452103381143,0.0
2022-08-30,-0.03489311761455242,-0.031054020404424048,0.20216464233104392,-0.00430134901588632,-0.06709237053429712,1.0025338389211973,0.0
2022-08-31,-0.04572719741351516,-0.032072779997814785,0.20252152718666128,-0.012870323538896172,-0.07346350418715808,0.9991514153776693,0.0
2022-09-01,-0.056613292088148214,-0.0444780731758098,0.1937182619186751,-0.010861507321975078,-0.0698372300517512,0.9967394358931493,0.0
2022-09-02,-0.03277854483788267,-0.05440281858785798,0.1958266681653254,-0.021983658288608047,-0.07886795189938522,0.9940545815750639,0.0
2022-09-06,-0.029924564264516458,-0.056491359279601916,0.19583949847716567,-0.025706706376659453,-0.08156368088678836,0.9917116032143553,0.0
2022-09-07,-0.0010803082256142307,-0.037524218794175994,0.20832833161343164,-0.008657843299470176,-0.0643289190029223,0.9913505472339813,0.0
2022-09-08,0.0130727964419684,-0.02703043611080803,0.2101011653592237,-0.003158439781445217,-0.057510114589917276,0.9916799399715361,0.0
2022-09-09,0.025355725936988927,-0.03240083110680521,0.20371870816168192,0.011005774762869675,-0.04223820413071686,0.9932659626008095,0.0
2022-09-12,0.04664670295330169,-0.021710448949700766,0.20805858795813073,0.020161091566062123,-0.03134965533047121,0.9954486939426777,0.0
2022-09-13,0.0059704157501324975,-0.08295405278352824,0.24656396775860304,-0.024772461763019456,-0.07269060929023885,0.9936760235246253,1.0
2022-09-14,-0.008026606054269591,-0.08325792213294063,0.24644098499116535,-0.021664797230141974,-0.06849975141465157,0.9926495374734698,1.0
2022-09-15,-0.025959731714694314,-0.09663293040034351,0.24674679105439334,-0.03310136433850445,-0.07831985823843261,0.9910307683850987,1.0
2022-09-16,-0.049033762607169726,-0.09716787809771096,0.24682262198089033,-0.04038995569292277,-0.08466502906486652,0.989258945880319,1.0
2022-09-19,-0.051999201421931596,-0.09234495045442874,0.2492300126475191,-0.03301907114946091,-0.07696155011913987,0.9885853454600659,1.0
2022-09-20,-0.019087669357391042,-0.09036063277205628,0.248407359879562,-0.0441866401735866,-0.08683540016653192,0.9872788012174728,1.0
2022-09-21,-0.0404939556472049,-0.0869162166244864,0.24575521170583614,-0.06077172583805924,-0.10202506423613311,0.9850250789914243,0.0
2022-09-22,-0.03751111865843645,-0.09292924009105155,0.24610847686913404,-0.06851915003822352,-0.108743636122028,0.9827589292172576,1.0
2022-09-23,-0.04674976009709096,-0.11302207608040367,0.24810305534958427,-0.08374220175203252,-0.12270129752623633,0.9798607500065831,1.0
2022-09-26,-0.064416627304302,-0.13698301272028862,0.2381806194221352,-0.09193611025882076,-0.13036193287901116,0.97702535712101,0.0
2022-09-27,-0.0554277371227335,-0.10510362290538613,0.21564293945954807,-0.0934855367095503,-0.13158662999070192,0.9748306279277438,0.0
2022-09-28,-0.0183445789456777,-0.0789841804956104,0.23155187049882123,-0.07471899808420684,-0.11351216634667335,0.9748717515507371,0.0
2022-09-29,-0.03101975920916132,-0.08905588168566045,0.23807695930949907,-0.09267135100325653,-0.13102365598467916,0.9735407937129965,0.0
2022-09-30,-0.029707326872487796,-0.09700220553937632,0.2410781411189747,-0.10491199007425858,-0.14344276548190635,0.9715769488878538,0.0
2022-10-03,0.006293543356032303,-0.0740761772761081,0.2624967676984862,-0.08004173482320492,-0.11980493641518244,0.9723474312958401,1.0
2022-10-04,0.039365660720736856,-0.032959417346766606,0.28611677689906356,-0.050774042742604074,-0.09164172099291232,0.9756897095202814,1.0
2022-10-05,0.01754937412576282,-0.03151024210533112,0.28601972356690164,-0.05240332123192482,-0.09291164300106956,0.9783992357339116,1.0
2022-10-06,0.028290367808673722,-0.0596852056513725,0.27861403621888714,-0.060942103667527135,-0.10144149246830296,0.9799402828317442,1.0
2022-10-07,0.015584392399052516,-0.09449060958229219,0.2897509626779234,-0.0852201687767351,-0.12550602049075316,0.9791502802697264,1.0
2022-10-10,-0.018139161854438673,-0.11757106506753572,0.280650610806586,-0.08989689556900148,-0.1311115745113828,0.9781590543666487,1.0
2022-10-11,-0.05500819514209394,-0.13461431544216226,0.2743254836194538,-0.09330642093691857,-0.13549282465686385,0.9771215845314841,1.0
2022-10-12,-0.05598150122376356,-0.09346215907922718,0.23689931791001734,-0.0940089312930641,-0.13714318678043344,0.9762946080708944,0.0
2022-10-13,-0.019563105381944328,-0.07122170497904723,0.25823597869734044,-0.06788262160234294,-0.11324001772861088,0.9779488636599797,1.0
2022-10-14,-0.014325072735497834,-0.08285595060309571,0.26582578017385083,-0.08657238579012848,-0.13224555901200205,0.9776789788660585,1.0
2022-10-17,0.018711947773202234,-0.04982535468716376,0.284016331382752,-0.06094339126796456,-0.10882361220719494,0.9797181191025655,1.0
2022-10-18,0.03674598302184356,-0.04586913099838709,0.286111505671736,-0.047951704463436905,-0.09727363747753735,0.9824858686260294,1.0
2022-10-19,0.032938414785466205,-0.04143607493636993,0.28469267094628903,-0.05269765514517509,-0.10253853408773675,0.9842831061040677,1.0
2022-10-20,-0.001531300588689808,-0.03225904992053215,0.28008420276333934,-0.058081190309518596,-0.10890658545394899,0.9851991742242139,1.0
2022-10-21,0.04553188539053068,0.00018705344587141223,0.2922997734598485,-0.03299859714286192,-0.08626318580660575,0.9880136341676297,1.0
2022-10-24,0.03232164072941113,0.02924604613933833,0.2884309569629483,-0.018809312939578427,-0.07413622987176217,0.9913435645061242,1.0
2022-10-25,0.03648292902041434,0.05503042532632926,0.28949195230050373,-0.0009581294609198335,-0.058479045018738365,0.9953454017943925,1.0
2022-10-26,0.0360321665357575,0.050023828722121064,0.2911348065870918,-0.006115741376282362,-0.06467838756584741,0.9979011596473137,1.0
2022-10-27,0.03909841145630695,0.025183940481452508,0.28540787258066724,-0.009107005138633365,-0.06871105600372092,0.9994867844930732,1.0
2022-10-28,0.03859975908018718,0.06980657173521991,0.28331042842853615,0.016434907078045288,-0.04565902161724543,1.0026510042008563,1.0
2022-10-31,0.019188017365717666,0.07814139037754378,0.27771736246611795,0.010899634791372004,-0.05170341174314673,1.0044924597249076,1.0
2022-11-01,-0.0010397420906109777,0.047697139879685976,0.26666760782450954,0.007908193637961752,-0.05498411218115108,1.0055212917824217,1.0
2022-11-02,-0.018893572002427965,-0.00823540400104376,0.26237731531300246,-0.0155391091158466,-0.07783463289048254,1.0042297435583916,1.0
2022-11-03,-0.023889393102853373,-0.016254826747163685,0.2645853174546645,-0.023575051352811707,-0.08648102218673225,1.0023533693315816,1.0
2022-11-04,-0.033111029172215777,0.008405174754330412,0.2670952816390454,-0.007355818040286784,-0.07258717977757312,1.00198446877869,1.0
2022-11-07,-0.01634138030477591,0.04621561767371537,0.2473021691074188,0.0033938968215932825,-0.06310397027300933,1.0024341090476698,0.0
2022-11-08,-0.006575309954583015,0.05926099177954163,0.24486195044875447,0.009819945809192685,-0.05743550420655936,1.0031905524119968,0.0
2022-11-09,-0.0019760799896891695,0.04479671115136101,0.25653884800587684,-0.009808994172968367,-0.07622317510275062,1.002084970375857,1.0
2022-11-10,0.06187151036563318,0.10159818484223306,0.3110401871239107,0.04454376279497097,-0.025051870448361137,1.005526619522294,1.0
2022-11-11,0.05721290077035815,0.08518118090663289,0.3020017629068373,0.05444620963199404,-0.01527780926264594,1.0089360078582077,1.0
2022-11-14,0.03914973798312893,0.09969042839234213,0.2895159595621144,0.04522828921486261,-0.02315040177581134,1.0107777370015523,1.0
2022-11-15,0.042261890203120794,0.0828109342094602,0.28011653924142305,0.053623118333647815,-0.01425495163351107,1.0127809126421956,1.0
2022-11-16,0.05542105242389108,0.06347178055340853,0.2813935395566748,0.04562415510837249,-0.021141556849632256,1.0135639410044506,1.0
2022-11-17,-0.0011406805531262092,0.06751908950364063,0.27990226525514333,0.04267300735174282,-0.023437147780668473,1.0137670671702446,1.0
2022-11-18,-0.006242532267503726,0.08046994922781896,0.2766955839543753,0.04790082099028933,-0.01845055234156506,1.0141310861592892,1.0
2022-11-21,-0.0013423277535730342,0.052816215248238416,0.2677218850505742,0.04490317940072191,-0.021425812613793102,1.0139556207459024,1.0
2022-11-22,0.003532065647154718,0.05402135912720378,0.2683009789755257,0.058493141019718996,-0.007737358097161869,1.0147379208518874,1.0
2022-11-23,0.017471965686715708,0.04446081721970988,0.26435804712015787,0.0646317170627678,-0.0009470157046982502,1.015685414989537,1.0
2022-11-25,0.02031261607900987,0.051799539046893,0.26218567942352117,0.06361648649433843,-0.0005506257184712936,1.016220268382436,1.0
2022-11-28,-0.000303101073702388,0.04106843669780961,0.26877171803275685,0.04607198232034113,-0.015908793776836048,1.0151511562956232,1.0
2022-11-29,0.0016208242549309321,0.015837280422982155,0.2572379628470361,0.04390687246787996,-0.017108024272867933,1.0140030313685686,1.0
2022-11-30,0.019268079877240857,0.05410142163872697,0.2757235137807599,0.07545032233872902,0.014185449327709265,1.0154524361534194,1.0
2022-12-01,0.01225006588748935,0.057750625197810206,0.27485099874418456,0.07296127129421447,0.013863086475504813,1.0163375972192996,1.0
2022-12-02,0.01131939653196805,0.08201250758128902,0.25570649665041295,0.06988094011943091,0.013129193642271558,1.0167404223340921,1.0
2022-12-05,0.00925216758620057,0.07420999738686354,0.26252497609118686,0.04888961778997664,-0.004693769569936829,1.0153982427652808,1.0
2022-12-06,-0.003548655150099618,0.04539965444509831,0.2665898885866688,0.032170397690058535,-0.01860794920390179,1.013019948596408,1.0
2022-12-07,-0.03626592309274827,0.0341768788507546,0.2655194515723474,0.028808468672875828,-0.01989295633040201,1.0108738923761496,1.0
2022-12-08,-0.027726404854565193,0.03659953029782802,0.2660829791933019,0.03547482526115278,-0.011957699746638493,1.009686695467978,1.0
2022-12-09,-0.034070023522053745,0.04991856404892442,0.255649930018396,0.02610458851339512,-0.0189700722572623,1.0080518386630157,1.0
2022-12-12,-0.0016028832945279396,0.010735603726702408,0.18249364547879768,0.03863432879565345,-0.0044067507340175595,1.0078189735032572,0.0
2022-12-13,0.020458139121513556,0.00864489279625371,0.1813169857177862,0.044573326938641,0.003501055535896265,1.0081525830220297,0.0
2022-12-14,0.015746738503775004,0.010773879371400664,0.18013831875768857,0.03674007587821347,-0.002595456275395867,1.007804053038756,0.0
2022-12-15,-0.016822459357873628,-0.022484819263166412,0.19757383050161295,0.01072173777922274,-0.026467876352346646,1.005481199700634,0.0
2022-12-16,-0.0212007382899069,-0.026703226664873563,0.19987298833400766,-0.001823625065624893,-0.037412052416025354,1.002667860805029,0.0
2022-12-19,-0.04403089248246393,-0.03215460820263532,0.20137557162008082,-0.011260626836258955,-0.04503186138695135,0.9997639301850084,0.0
2022-12-20,-0.050204586341815335,-0.0353171612780579,0.20047214394913435,-0.011048229084246262,-0.04333802376583836,0.9975876667723317,0.0
2022-12-21,-0.028948885377769962,-0.01683267825279626,0.20826831144446234,0.0021696693665107713,-0.028748372625262347,0.9970702250636734,0.0
2022-12-22,-0.018551790764850404,-0.04456867567517154,0.20664904193301856,-0.013447600684397461,-0.04212405011484165,0.9955654375229571,0.0
2022-12-23,-0.000939587990082571,-0.045114780341671844,0.20637768200363515,-0.008728869725820949,-0.036180280556275805,0.994883195910794,0.0
2022-12-27,0.0036248625385250956,-0.048842361743120094,0.20634366570007573,-0.013935073697992847,-0.039594860021228424,0.9940931451359899,0.0
2022-12-28,-0.010248462460133851,-0.04526252266448937,0.20369141855326078,-0.026769353207449956,-0.051128281524607126,0.99255721985955,0.0
2022-12-29,-0.007249776045252714,-0.0257032785529799,0.215165194746291,-0.009967428141662635,-0.033610919101476046,0.9928388009582962,0.0
2022-12-30,0.004481315245823822,-0.05935544030658857,0.18040590174423596,-0.013370828401379549,-0.03559459958746594,0.9929310518687063,0.0
2023-01-03,-0.005473137859291083,-0.06283798408845227,0.18030079721816225,-0.018389400758007626,-0.03900978266204015,0.9927487142117907,0.0
2023-01-04,0.00616883836341632,-0.05399291991167182,0.18400226740359082,-0.011380999627778781,-0.030917956567374907,0.9932983174300697,0.0
2023-01-05,0.007195369258276749,-0.04731932099241319,0.17824371196089386,-0.022777585748747487,-0.04126115807632623,0.9928943130603258,0.0
2023-01-06,0.012028394014941423,-0.010126229387938862,0.19202546834406972,-0.0006209034404599877,-0.018584257596289056,0.9944672201634499,0.0
2023-01-09,0.014098770606766446,-0.008990746607073856,0.19197481288703921,-0.0015777082772453425,-0.01851762977847171,0.9957162306122299,0.0
2023-01-10,0.0253057326024554,-0.009805846631431681,0.19155474713227494,0.004785832426004143,-0.010957752920635616,0.9973063436630675,0.0
2023-01-11,0.030184044229289105,0.010261147839671032,0.1948585441231807,0.017061369430166923,0.0022031433250386348,0.9996005014524196,0.0
2023-01-12,0.04529724055821066,-0.0004191971396745836,0.1887262143195333,0.020107444337968995,0.006528423115512602,1.001692337805062,0.0
2023-01-13,0.0264958982681278,-0.004088470241324616,0.1872965426866002,0.02323727819030397,0.01116512409682904,1.0036207461596154,0.0
2023-01-17,0.025229475988167552,0.0004919908773186939,0.18604803266911568,0.020073365725446605,0.01001761437442583,1.0049345748565026,0.0
2023-01-18,0.002327264458892187,0.009343877185334137,0.17327571542915762,0.0028279042848615033,-0.005242440997371873,1.0046238381006047,0.0
2023-01-19,-0.017548066583447878,0.013913819546130055,0.16987091884232305,-0.005186549508841976,-0.011750434083286186,1.0037461256926286,0.0
2023-01-20,-0.002724385525797228,0.04088730981699212,0.17705392562561137,0.012430172840523007,0.007364430783255527,1.0044928601606402,0.0
2023-01-23,0.005330941992650282,0.051447058093141006,0.18036627345179,0.023511315615183746,0.02003003942175715,1.0059899889546766,0.0
2023-01-24,0.006090655205533037,0.03553153146062169,0.17493332889989827,0.020963542544976826,0.019461537201673103,1.0070014143182096,0.0
2023-01-25,0.02237919606047434,0.050274864010658886,0.1650545660852137,0.020957293224410017,0.020397564472557403,1.007739938679709,0.0
2023-01-26,0.04061604907006153,0.055469456606274156,0.1673447493889238,0.031753754402184184,0.03209932105696832,1.0091130709685554,0.0
2023-01-27,0.024453433802852184,0.06171588108131922,0.1656342514313782,0.03347281145035385,0.034847575598594714,1.0102637728568016,0.0
2023-01-30,-0.00010007256267443622,0.06159544799060043,0.16577621184676103,0.02030214395753978,0.022281311789275834,1.0100220806055566,0.0
2023-01-31,0.015570222788106146,0.058351530293980554,0.162448195193933,0.03462747959557051,0.03772424152437957,1.0108951715615948,0.0
2023-02-01,0.025767406838551197,0.07156095560338627,0.16334117382569044,0.04464692094302744,0.04903883018243053,1.0123088429187308,0.0
2023-02-02,0.029288828017145323,0.09023142248271057,0.16515213901553033,0.058638916811953504,0.06452061202847538,1.0144492186160243,0.0
2023-02-03,0.01630796281314905,0.07185500553105195,0.17249900204412114,0.046346771691536476,0.05356841866796573,1.0150696287777983,0.0
2023-02-06,0.02280423811420948,0.07720431684653317,0.167602520240221,0.03933215713955232,0.04751982410804275,1.014880593026532,0.0
2023-02-07,0.021201614825817016,0.06752475110485615,0.15678363798373124,0.05214545985770878,0.06145338131642902,1.0156115036284705,0.0
2023-02-08,-0.0003652706847090525,0.057096914311910774,0.16395122846100757,0.04010488888879379,0.049979321793006626,1.0151090670479483,0.0
2023-02-09,-0.02352403614377485,0.04140165373648032,0.16777204044389574,0.03041004191441268,0.04108837435696382,1.0138442854414196,0.0
2023-02-10,-0.010507260960924305,0.031163700340838547,0.16331307884144905,0.032050998480851474,0.043553789958282886,1.0128817229637133,0.0
2023-02-13,0.007293145468562569,0.039200221756885076,0.16697784695980003,0.043795758080213784,0.055791129282150145,1.012917430493015,0.0
2023-02-14,-0.006160759294098358,0.03486809354263,0.1669966839751107,0.04293993967919702,0.05543561982192751,1.0127578209790422,0.0
2023-02-15,0.008076478686478313,0.03994391701022153,0.16658372325124393,0.04585471870431683,0.058764274704033476,1.0127459754826909,0.0
2023-02-16,0.00291884372411191,0.04199323300170005,0.16395263494317244,0.03090665443040482,0.04419760068028825,1.0114787601845365,0.0
2023-02-17,-0.001913437555418969,0.046798329368867464,0.16134022849429033,0.027540904336334927,0.04163884839044331,1.010156479232303,0.0
2023-02-21,-0.033848894262554025,0.008075713020128276,0.1678910543314126,0.006534907840207562,0.021061526515717195,1.0074080870776354,0.0
2023-02-22,-0.03476773701192039,-0.005230585461940672,0.16260873518000374,0.004939449515893818,0.019783977837546003,1.0050588368604492,0.0
2023-02-23,-0.03270458664579203,0.001148675158896462,0.16369892922842538,0.009817774074425781,0.025279099055794313,1.0035747491076885,0.0
2023-02-24,-0.02957978574019578,-0.009965748798970074,0.1678990538323852,-0.0009318237952255316,0.014283281588234007,1.0015256420185368,0.0
2023-02-27,-0.02367853462991279,-0.017496254331106856,0.16342059051613952,0.0025921138410523437,0.01768824470825154,1.000166031283044,0.0
2023-02-28,-0.007116347672176236,-0.023494068454900145,0.16329472605550208,-0.0010472240232966008,0.013815641028428065,0.9988052077685652,0.0
2023-03-01,-0.009580665744587262,-0.014711178643853498,0.1582526718638135,-0.0052247710050023575,0.009830280234109518,0.9974475873654332,0.0
2023-03-02,-0.007138628799383929,-0.021560176428593612,0.15154751302100586,0.0017779101642803534,0.017667595584834495,0.9970214261684178,0.0
2023-03-03,0.019511668563772372,-0.016221487073748903,0.1576993108396097,0.01660666041566425,0.0338662028926833,0.9979911836322665,0.0
2023-03-06,0.016804332244449226,-0.029980750103802953,0.14785843111167016,0.016087838687051142,0.03456367172895115,0.9988289194685154,0.0
2023-03-07,0.005059622836460548,-0.03474240843158865,0.15246351094182303,-9.244490146831388e-05,0.018555659591290616,0.9982663428563335,0.0
2023-03-08,0.010533791423579884,-0.026981625334483096,0.1519624664073409,0.0006251435799465411,0.020029166026070026,0.9979739977613727,0.0
2023-03-09,-0.015835792964393747,-0.05859758421880438,0.15398491048024962,-0.01826229662119251,0.0011206680254534258,0.9962996958319263,0.0
2023-03-10,-0.046280757980146726,-0.062136974369186575,0.15682307942228632,-0.032646886456897305,-0.01325057325236673,0.9938916539674872,0.0
2023-03-13,-0.048399699150004305,-0.054856413110032406,0.15548300065420634,-0.03444685522108237,-0.014613639523399722,0.9919514637940098,0.0
2023-03-14,-0.016557403746970966,-0.04079255121763531,0.16822711892250256,-0.018893913594619352,0.0016812631019351707,0.9918000869949957,0.0
2023-03-15,-0.024462050617600248,-0.058736821420645915,0.16127181538784707,-0.025364328599738358,-0.0044459623685982495,0.991277776516016,0.0
2023-03-16,0.011553147050982843,-0.040883677873723184,0.17574058766339212,-0.009022942154333606,0.013199819817688597,0.992347427261852,0.0
2023-03-17,0.01432613830541276,-0.055887314750252125,0.17783176447717622,-0.020988085835385927,0.0015594300276481315,0.9923361862712449,0.0
2023-03-20,0.025322202176331618,-0.0324530546578127,0.17775851629332423,-0.012357871174524027,0.011307256521498265,0.9931756945763837,0.0
2023-03-21,0.02197236012064234,-0.016906753541573998,0.184726343210857,-7.058473840297261e-06,0.02473781347244289,0.994959837196041,0.0
2023-03-22,0.011052870922168404,-0.01383505623592348,0.18091632762566634,-0.017335305662616735,0.007419771355023283,0.995036929822809,0.0
2023-03-23,-0.0036406276189147615,-0.00975656848071755,0.18126308708210084,-0.014880240815439599,0.010295580885305904,0.9953684833580388,0.0
2023-03-24,0.01466146252591051,-0.008521265578549582,0.18180823494804624,-0.008501951054399288,0.017095927401799438,0.9962038692298083,0.0
2023-03-27,0.006959926577726792,0.004086657660109875,0.17798436795194764,-0.006699681069168912,0.019100968162632445,0.9970513185912478,0.0
2023-03-28,-0.008332257585716193,-0.0015604764973773991,0.17777789115254614,-0.008860581808063603,0.016802294299346675,0.9975686845382945,0.0
2023-03-29,0.023291219064071077,0.016572510500323837,0.18409942476612376,0.005288921612162782,0.03134215834046576,0.9991628742261663,0.0
2023-03-30,0.02643015954941082,0.026254256813280537,0.18408475878319547,0.010481968265893185,0.036915587172726666,1.0008916515617496,0.0
2023-03-31,0.03388562077821218,0.03250298399904653,0.1880926715524445,0.023585227114890576,0.05096690576436716,1.0033719648926314,0.0
2023-04-03,0.035820834811493826,0.020395823907831335,0.18098554892474197,0.026634779087938248,0.05445648659250508,1.0055775408149605,0.0
2023-04-04,0.032504466985945266,0.01413965824411864,0.18239895307516057,0.02045126130675308,0.04795911750309222,1.0067790279395845,0.0
2023-04-05,0.015452445041863565,0.026965332705726854,0.17330028820582472,0.017326053033290215,0.044595281455415435,1.0074258809545715,0.0
2023-04-06,0.013507429873935233,0.029227895263635888,0.17353441344042303,0.020766644074011742,0.048149454909645215,1.0081594324564676,0.0
2023-04-10,0.0005372203452543914,0.04887599730869467,0.1575981705441117,0.02148826038846643,0.04868982783460023,1.008720208932873,0.0
2023-04-11,-0.002997637948951632,0.06367894393902643,0.1455220046553703,0.021478158033479793,0.048483524908646256,1.009078463028762,0.0
2023-04-12,-0.0015183604252950347,0.06102099696882791,0.14683349669687804,0.01685914634536608,0.043905211430038664,1.0089245508825564,0.0
2023-04-13,0.01429875062814481,0.05782148708084263,0.14351073008435303,0.029927664530233933,0.05736936795813441,1.0097652548933416,0.0
2023-04-14,0.007959583297326692,0.061649529178562826,0.1410686089157882,0.02724690993943517,0.05429394307578501,1.010109707348915,0.0
2023-04-17,0.010515470000491488,0.04783832025820332,0.13098700205796018,0.030997344040530155,0.057559004731136426,1.0105502635609447,0.0
2023-04-18,0.01089902735096881,0.06025183298458248,0.12089211883163377,0.03149370921379802,0.05768617915111527,1.0108239847904472,0.0
2023-04-19,0.014814435616979798,0.05051323040947609,0.11877958152147135,0.03101815409548625,0.056999673359499556,1.0108982133013067,0.0
2023-04-20,-0.003852798732817249,0.03199632822738304,0.11514514840037872,0.0254802815354519,0.05076683371204615,1.0103904193888769,0.0
2023-04-21,-0.0006306235899563498,0.04996603466643808,0.09304634235956206,0.026117821558159244,0.05113104331289879,1.009935670962208,0.0
2023-04-24,-0.0031695107163483534,0.04830943716076973,0.09315142791600414,0.02682615622176295,0.05184602777647101,1.009549011833538,0.0
2023-04-25,-0.019822840830049746,0.025767529628622225,0.11120330703481424,0.010546942158260832,0.0348558289544757,1.0078639485757575,0.0
2023-04-26,-0.023898446453064333,0.019654857378684967,0.11276433292464655,0.006612445132226113,0.030145834186232366,1.0061186488937806,0.0
2023-04-27,0.0012857874790316894,0.04161437329213093,0.12938674258605246,0.02658350308903685,0.05016814063943166,1.0062503329370973,0.0
2023-04-28,0.009008411113926675,0.035683226716293676,0.12370307047158595,0.035164056105200445,0.05856819875697521,1.006965555165787,0.0
2023-05-01,0.006955384155833065,0.028834661767191974,0.12308907530016505,0.033667057227323084,0.056930635272018984,1.0073619770401443,0.0
2023-05-02,0.011653598054781548,0.003535506905191589,0.12158875046385267,0.021788524704604115,0.04464624645100813,1.0066813717713616,0.0
2023-05-03,0.009010504695066814,-0.007155472737742046,0.1231912046967552,0.014247943509649261,0.03706960545963723,1.0055246509453342,0.0
2023-05-04,-0.017809994885388446,-0.00870008857920278,0.12412896360843456,0.006658366865182627,0.02949206699878883,1.0039931584621766,0.0
2023-05-05,-0.007965523083873119,0.012265258590556997,0.1397005544096627,0.024607359662260846,0.048247700637157505,1.004206836783601,0.0
2023-05-08,-0.00668892431191726,0.008638307581339487,0.13918200412989074,0.02397182403946413,0.048275395559311075,1.0043469932015863,0.0
2023-05-09,0.00021914399341298012,0.003217430553350183,0.14014389458205562,0.018737681314767406,0.04340348539510344,1.0040552209849258,0.0
2023-05-10,0.011768063590710889,0.00761022880192048,0.1410128854015121,0.022579883082001456,0.04798322196201598,1.004153159139667,0.0
2023-05-11,0.01713072723439782,0.009948999080490082,0.14031463071043626,0.01984209420528302,0.045809172834139794,1.0040424133197108,0.0
2023-05-12,-0.002523841973603394,-0.004557334011191203,0.13252519654876146,0.01773563639707006,0.04423322857864998,1.0038046585001432,0.0
2023-05-15,0.0006540316007181942,0.0013327558847309917,0.13284740521912924,0.020724303161633994,0.04767689620488184,1.0038503610715603,0.0
2023-05-16,-0.0016561337193920465,-0.008954173166533347,0.1341872951408528,0.013536479343017396,0.04063103023747892,1.003306879314,0.0
2023-05-17,0.005748414680970613,0.002459616131922287,0.14099544906143147,0.02490417317314969,0.05313550855145402,1.003808838426592,0.0
2023-05-18,0.017081112651110557,0.012215676114620842,0.14474653779538713,0.033663563868862,0.06306175273254583,1.0049307902466666,0.0
2023-05-19,0.016935913772991633,0.01623137849461768,0.14329154445704573,0.030708344565675724,0.06138944774739705,1.0056322993685611,0.0
2023-05-22,0.013897627339222578,0.01586100681390992,0.14329717438505832,0.029385880318527638,0.06168913468682941,1.006147999916734,0.0
2023-05-23,0.009316472290223367,0.003531809840038376,0.14922745271111754,0.01632460473599058,0.049697412638672216,1.0055760213491756,0.0
2023-05-24,-0.010020338894971224,0.012262118067000812,0.14009322476131056,0.007930190151659954,0.04205016981522149,1.0044865585667393,0.0
2023-05-25,-0.010985096249680361,0.025129026318004823,0.14158812785469335,0.015321710191252957,0.05096200605786084,1.0042679755697683,0.0
2023-05-26,0.0033387824874957835,0.018284373503081784,0.13196860014937178,0.02719237540336386,0.06450204042466522,1.0050814443252911,0.0
2023-05-30,0.0033136863422534423,0.010166282042236695,0.1290192781102255,0.02606862509169319,0.06483473206056838,1.00568898643885,0.0
2023-05-31,0.009039260386575685,0.005615686070781001,0.1306362203954065,0.019178662431476607,0.05898288529376392,1.0056513647620036,0.0
2023-06-01,0.025766358237134142,0.02637487824935341,0.1272174184418292,0.02771329606925317,0.06906752342961041,1.0063172242197977,0.0
2023-06-02,0.03150156840328219,0.0476200900262202,0.13130378098212092,0.040759166097199026,0.08447864146321862,1.0079283469971634,0.0
2023-06-05,0.01671597891844225,0.052810347306912475,0.12781877521916982,0.03705333467167869,0.08232184150329871,1.0089361044314062,0.0
2023-06-06,0.018510007513719548,0.03664181263982936,0.11412854785253111,0.03768468502504385,0.08460351780748952,1.0097944645820047,0.0
2023-06-07,0.020607002925171286,0.03291161330786954,0.11546111076755593,0.032591626350675085,0.08072110331091485,1.0100701147395026,0.0
2023-06-08,0.01718135037517174,0.04333708463111217,0.11432038742615885,0.03715376049164919,0.08697012509257332,1.010655368381495,0.0
2023-06-09,0.004616336475164445,0.04046836291067375,0.11393032287731311,0.03758270464471143,0.08860782420845359,1.01113282371313,0.0
2023-06-12,0.01556525907499168,0.051244879147506334,0.11565617308668205,0.04547648488787019,0.09813225116049662,1.0121076284805322,0.0
2023-06-13,0.019961514593648068,0.05912716920708082,0.11565804853574961,0.05098772330150726,0.10505939220469837,1.0132602324603683,0.0
2023-06-14,0.02461537208570589,0.056872953792857235,0.11576720130157407,0.05091233830412802,0.1058589711344204,1.0140991316086432,0.0
2023-06-15,0.030906411389331482,0.0758996297398357,0.11503372826083832,0.06220855623808982,0.11893275336585403,1.015592366100476,0.0
2023-06-16,0.025701732086735724,0.06042168031643887,0.11318600011894331,0.05689132357369207,0.11444762895789667,1.0162915813095628,0.0
2023-06-20,0.011469098955037213,0.04563286545143299,0.11373187730136201,0.04991800675380331,0.10798642425000016,1.0162230940577834,0.0
2023-06-21,-0.0002390113904612752,0.04195224404362791,0.11590566136873671,0.04319339675154556,0.10168275110602856,1.015566408330428,0.0
2023-06-22,0.0021741372129095247,0.04514946366654419,0.11588160954445587,0.0455394042945115,0.10495186041768874,1.0151622607245032,0.0
2023-06-23,-0.017736328320899948,0.04884682912871238,0.11108864272258327,0.036310889556742366,0.09592228331927409,1.0140621454384353,0.0
2023-06-26,-0.018418001421887226,0.052024017789522856,0.10813618925753637,0.03111515179245468,0.09089234568817418,1.0127133871253409,0.0
2023-06-27,-0.0023128356998862593,0.05430512600122709,0.11004143936376193,0.041163495103692646,0.1022635705393658,1.0123842039548272,0.0
2023-06-28,0.0033283831600910913,0.04194184471622322,0.10363409527936086,0.04049743582201506,0.10231370447225346,1.0120239295149847,0.0
2023-06-29,0.0036586837730762066,0.04549446109736695,0.1036666761303356,0.043332997647477015,0.10618684166446056,1.0119192639007637,0.0
2023-06-30,0.02297925905961294,0.06278682780174963,0.10472752494209535,0.05410513031414643,0.11844292487472202,1.0126470201084992,0.0
2023-07-03,0.028222805197583217,0.05448046474997194,0.1021874609245252,0.05364240089635894,0.11894574917322753,1.0131596114424588,0.0
2023-07-05,0.01583106764413408,0.03863462524207898,0.09358475794400932,0.050456614959982604,0.11644739582715315,1.0132851855767526,0.0
2023-07-06,0.007465305985113496,0.03269117178289446,0.09871582205514318,0.04082173127189752,0.10688593571832362,1.0125965169678954,0.0
2023-07-07,0.0010036798812777356,0.02798813346492514,0.09968431503739898,0.036526545314098394,0.10333186604401866,1.0117104688161156,0.0
2023-07-10,-0.008199893040143087,0.03397993183643526,0.0982015367131981,0.03734590959041896,0.10528782995192491,1.011084739262636,0.0
2023-07-11,-0.003001319884511442,0.03429779449028876,0.09838748962938523,0.04239907099575896,0.11135450427617634,1.0109768640183998,0.0
2023-07-12,0.006500656541177472,0.04051894530809201,0.10084400098700329,0.04922245834131445,0.11922389422580248,1.0114113559850135,0.0
2023-07-13,0.022267523333833368,0.03939343604173615,0.09991644295111912,0.05578217156680794,0.12689049342789313,1.0122577445957488,0.0
2023-07-14,0.02417265061300518,0.032199269484282256,0.09875794960097346,0.05314801344772865,0.12492897315154869,1.0127236685455385,0.0
2023-07-17,0.025110722176791,0.03447528192752037,0.09897278466733704,0.05461293408112203,0.12753862596698753,1.013219017668768,0.0
2023-07-18,0.026165550257503913,0.029556933358461192,0.09360667104375672,0.05994221425631123,0.13466670269373274,1.0140513175384562,0.0
2023-07-19,0.02037292686376873,0.03519014008512502,0.09197191831916392,0.06011716324558449,0.13581674583681155,1.014715322176977,0.0
2023-07-20,0.005811146625328969,0.033735483712027906,0.09346835355874568,0.0510784497338251,0.12688548099439484,1.0145219860487398,0.0
2023-07-21,0.006434078229623211,0.03887235910436675,0.09044370787133418,0.04899264490236049,0.1256234462505303,1.0142018664958286,0.0
2023-07-24,0.007425127220284474,0.03972627193489532,0.09070016117055398,0.051586589471310236,0.12951615662306057,1.0141456975603125,0.0
2023-07-25,0.002748367681794536,0.05004162936115568,0.08389831013705916,0.05227293877836001,0.1314338322304583,1.0141568212556666,0.0
2023-07-26,0.0006808546393634826,0.05428899614637572,0.08100729732990875,0.050229207217231966,0.13038890244250112,1.0140127235633016,0.0
2023-07-27,0.0006851896530362528,0.036733509064950425,0.08112041728942654,0.04129718865956074,0.12158548193318341,1.013203102708521,0.0
2023-07-28,0.010427869542735094,0.04597184548701074,0.08552701810722739,0.049164879888662055,0.13114701300662518,1.0132003564376957,0.0
2023-07-31,0.007873093240331506,0.043940681402150614,0.08529413247623444,0.04903833811670877,0.13183900235812493,1.013197814197421,0.0
2023-08-01,0.002281106878017259,0.029343477179559995,0.07928585857721185,0.04417968389156202,0.12714826592621511,1.012811610778529,0.0
2023-08-02,-0.01188112763110436,0.014185063317688144,0.09559358949065017,0.028099190064204298,0.11025460012926026,1.0112436208679823,0.0
2023-08-03,-0.008099248302079363,0.012803193118736974,0.09610617490464352,0.02367499715874601,0.10577012763717936,1.0096597727092125,0.0
2023-08-04,-0.02237484281923196,0.016131696682665286,0.0930526904737865,0.017455591233014257,0.09962587117443987,1.0079502507691631,0.0
2023-08-07,-0.015586629721411947,0.02735037179946094,0.0961104919736909,0.02441698894502539,0.10807799907630887,1.007209915029995,0.0
2023-08-08,-0.017079215233189483,0.0204641549865136,0.09794679355400707,0.018312594164999616,0.10211208149854578,1.0062010851444818,0.0
2023-08-09,-0.009778232427600751,0.007408150774598838,0.09935302722643811,0.010253972741378093,0.09360630912311323,1.0048086016348594,0.0
2023-08-10,-0.00654919631185123,-0.0002466597342917268,0.09537488606265335,0.009368268242397766,0.0929782944838239,1.0036906287531773,0.0
2023-08-11,-0.002599420969125906,-0.008735247620293984,0.09092555323914751,0.007441370002991662,0.09138695760607093,1.0027260447945496,0.0
2023-08-14,-0.005785226092369366,-0.00260750490591361,0.0931991806464563,0.011728456126253593,0.09650083052413062,1.002376335158105,0.0
2023-08-15,-0.013144506281386747,-0.01779107347166415,0.10039340352821367,-0.0008041107354722953,0.08286033106264151,1.0011463023292138,0.0
2023-08-16,-0.013801856243104668,-0.03255925572600974,0.09811006122711177,-0.008767724751065194,0.07407098871016256,0.9995880329680626,0.0
2023-08-17,-0.0218101151378351,-0.04242970173589555,0.0992802900848715,-0.01675752899693283,0.06521045274042728,0.9977686984741948,0.0
2023-08-18,-0.020745541693972074,-0.03529193593959502,0.09815338333534367,-0.016794951860914255,0.06500919027599927,0.9964011629270645,0.0
2023-08-21,-0.01976533559101278,-0.0288069187265496,0.10204604163649285,-0.010923821114226,0.07116144894202651,0.9958781275182959,0.0
2023-08-22,-0.010760135149858798,-0.03597633584180742,0.09988538930270009,-0.014039670958367148,0.06737808707488396,0.9952994804032694,0.0
2023-08-23,0.007681088587004636,-0.02762653482079964,0.10838760891992004,-0.003544185868874414,0.07826182082633647,0.9957783802471152,0.0
2023-08-24,0.0013744132941127234,-0.04173614308114631,0.11668108241503866,-0.017435742641862963,0.06247683627829947,0.9950940348999476,0.0
2023-08-25,0.007918104979684154,-0.028059020612947128,0.11937979395005348,-0.01070495148360636,0.06912748394401184,0.9951685240379808,0.0
2023-08-28,0.0077544538695945,-0.031480334399690196,0.11591727966243968,-0.004511942370733505,0.07505359046205094,0.9957857580105122,0.0
2023-08-29,0.024817938151901118,-0.019031490930237805,0.12792019852410527,0.009437256512447019,0.08954122347593377,0.9974716452270667,0.0
2023-08-30,0.017852040427832477,-0.012055601270984422,0.12885302331543533,0.012965213718294535,0.09321910381003289,0.9991516630193596,0.0
2023-08-31,0.030343580364359125,0.0004885649143171772,0.11935046829803947,0.010783157243442722,0.09087054725701,1.000356373653359,0.0
2023-09-01,0.025181934807935714,0.005222162497067952,0.11903056636423014,0.012001612937478947,0.09210078187576605,1.0014446223255382,0.0
2023-09-05,0.0145293243197772,0.005423832739318963,0.11893049782677248,0.006903803067655971,0.08665041425788085,1.0019304599700525,0.0
2023-09-06,-0.006567073484008719,-0.010011934692834581,0.11714775282166555,-0.0005272521133294828,0.0786211164774441,1.0017489829685966,0.0
2023-09-07,-0.013752354069983753,-0.008728740107778691,0.1166955190845586,-0.0039831654959857875,0.07459060769501863,1.0013419549430471,0.0
2023-09-08,-0.010783000127578516,-0.0005162027856605903,0.11456450450605392,-0.0028908073864240187,0.07550421057414332,1.0011275430004969,0.0
2023-09-11,-0.006091285755530416,0.0056800730533887655,0.11681452708604158,0.0032025892775864456,0.08181225829329306,1.0014705835681874,0.0
2023-09-12,-0.007260667708726329,0.0007625859997185394,0.11849723592266416,-0.002421459665491953,0.07521784252584801,1.0012827494649699,0.0
2023-09-13,0.0006496761736609824,-0.0035770324268042343,0.1169168778574366,-0.0013799249351164453,0.07583687180572818,1.001213909419744,0.0
2023-09-14,0.012310019569299703,0.016725785742907763,0.1127304450926301,0.0069048872741041085,0.08442242034966113,1.0018337344668977,0.0
2023-09-15,-0.0013162254949303058,0.01196942796251377,0.1181434071407903,-0.005461041178291346,0.07066378096443457,1.0013293263966405,0.0
2023-09-18,-0.007285202684476364,0.0202049855067475,0.11430640326539593,-0.005173377878618626,0.07058678864035041,1.0009654884801444,0.0
2023-09-19,-0.0038605724898294475,0.017647555203861163,0.11478423032202249,-0.00744105678561449,0.06783379888872479,1.000504291310474,0.0
2023-09-20,-0.01426164739390463,0.0019266557703039137,0.11791927137191532,-0.016466129351722238,0.05753759711721904,0.9994057145544307,0.0
2023-09-21,-0.039513500981729344,-0.012027580088962781,0.1312540075577683,-0.03215538931514616,0.03967239353861726,0.9972427771191634,0.0
2023-09-22,-0.029643102829483278,-0.025354763453974145,0.12428489905646783,-0.03357005408993149,0.036872169465006197,0.9953962263043233,0.0
2023-09-25,-0.026033071862107435,-0.007202499649472658,0.11648643468172744,-0.02883144470380689,0.04067443942015241,0.99432379632612,0.0
2023-09-26,-0.03875726260500367,-0.029027812380826655,0.1234211500465269,-0.04209286484453207,0.024906791267392352,0.9923866611628988,0.0
2023-09-27,-0.029122380101101655,-0.03495017820039224,0.12043236168467088,-0.0405649611772051,0.02487245951460114,0.9909766312653105,0.0
2023-09-28,-0.006675114063883338,-0.04352063230474724,0.10920816094268211,-0.03391134419556765,0.03030196424740139,0.9904205139947491,0.0
2023-09-29,-0.006854009932644926,-0.050060813814451544,0.10686776286745046,-0.03525064404257321,0.027372779577538205,0.9898988473030389,0.0
2023-10-02,-0.01144807171319368,-0.04899415172702547,0.10704711389119745,-0.034619927929496544,0.02657471416118276,0.9895699901170428,0.0
2023-10-03,-0.01012429756201206,-0.06433404475077442,0.11251932068826952,-0.04620595206680925,0.012487812221794948,0.988370289946809,0.0
2023-10-04,-0.003267778257379216,-0.05274728077754866,0.11790452964006863,-0.03799038969897405,0.019357955313191597,0.9881239278506486,0.0
2023-10-05,-0.009425470104647796,-0.04637902892538631,0.11708442145301737,-0.03706985814771097,0.018418447371924482,0.9880328780259967,0.0
2023-10-06,0.004807354167179071,-0.03150110557728872,0.1266496932976229,-0.024691990983698498,0.02984673541220542,0.9890320850533806,0.0
2023-10-09,0.011586943566650638,-0.026624208032796304,0.12920856725216398,-0.017420548521307144,0.035745592344363676,0.9904505996403814,0.0
2023-10-10,0.03025466559571314,-0.027988093399530872,0.12825092495162832,-0.011333779838861401,0.04048143021502846,0.9920880648428524,0.0
2023-10-11,0.027087085406719814,-0.018399527662102514,0.12862542174606992,-0.006444987580967726,0.04399638246090141,0.9937901674703442,0.0
2023-10-12,0.021348886987214485,-0.025679818111832807,0.129638018589196,-0.011832128578377395,0.036949987474375216,0.994702460655606,0.0
2023-10-13,0.004552422370679952,-0.03925870277590847,0.12514947905386717,-0.01604743270352745,0.031115643538236013,0.9950786367667422,0.0
2023-10-16,0.008637342872002008,-0.01667063966586399,0.12629116540985583,-0.0052772764407180575,0.04117457235326628,0.9962676991156106,0.0
2023-10-17,0.003400094817088988,-0.01730279589796552,0.12622309272949195,-0.0047278446121215905,0.040421332758376685,0.9972376231217525,0.0
2023-10-18,-0.014102507083921969,-0.02864146225619503,0.1335395377268331,-0.017228884945991896,0.02592140814529937,0.9969581214481205,0.0
2023-10-19,-0.016812661555544433,-0.02823083227347261,0.1332417841066506,-0.025073156854771877,0.016303873428102605,0.9960751184640826,0.0
2023-10-20,-0.024183271332989774,-0.023928473127168903,0.12772735680167757,-0.036032540695296565,0.003317661181666419,0.9944547191167672,0.0
2023-10-23,-0.03638479805041281,-0.023412334886793527,0.12768326948298675,-0.03666171598887313,0.001039138241946626,0.9931059830992743,0.0
2023-10-24,-0.028827688821704993,-0.02009741285756308,0.12991748087598526,-0.028378884857744067,0.008108677196712589,0.9927130536671768,0.0
2023-10-25,-0.02986914089510995,-0.019753340546301314,0.12946020080528817,-0.041277780235999456,-0.006761020853323589,0.99135001553259,0.0
2023-10-26,-0.033090804253037,-0.032199256425407954,0.1349021648299073,-0.051645668739598125,-0.0189610792585234,0.9894343808164956,0.0
2023-10-27,-0.025269789453855194,-0.04252314851714076,0.1325697479337279,-0.05489821286361112,-0.023634321575615784,0.9876880552000097,0.0
2023-10-30,-0.011650045122463688,-0.028208370076612282,0.1410234490383122,-0.04274507233699843,-0.012230984414195687,0.9873770362724562,0.0
2023-10-31,-0.012900624545831144,-0.02154996569020054,0.14345125595609193,-0.035862945443086956,-0.006311862326498891,0.9877676375107511,0.0
2023-11-01,0.012163791034860262,0.002534748050571009,0.14136007247293458,-0.02495348302763795,0.003936640038849127,0.9890567902497588,0.0
2023-11-02,0.043193770698845765,0.014262292530817032,0.15408333992522047,-0.005775897478770302,0.02264732657207938,0.9917226009886467,0.0
2023-11-03,0.05681891295538796,0.023721234542895,0.1567278133335972,0.003325584807963504,0.03136135822464893,0.9946419437493331,0.0
2023-11-06,0.047231735767789135,0.014216011523997785,0.1519578470042294,0.005760529924865812,0.03319266552152662,0.9971718476250772,0.0
2023-11-07,0.04381324304032894,0.010676333783477761,0.15077357047976037,0.00882211999700326,0.03563352919814324,0.9994120785277252,0.0
2023-11-08,0.033936876641002735,0.006216959095860608,0.149816733789949,0.010042649582506866,0.035883046485195184,1.0012279002134203,0.0
2023-11-09,0.007124660664357737,-0.005700132211545039,0.15169216276039701,0.002887837305979511,0.027343592750135842,1.0019994728678527,0.0
2023-11-10,0.013526922171236888,0.015899269726917405,0.15946218264430465,0.01892196973918654,0.04287743680057113,1.003833124700354,0.0
2023-11-13,0.010275696463074127,0.01993928561639196,0.1582358611517613,0.01839431379173329,0.04140333553810107,1.005142156084809,0.0
2023-11-14,0.026648299900719354,0.02868729081219511,0.16749622253762175,0.03810031535088633,0.060947729201535794,1.0076724570145073,0.0
2023-11-15,0.028031393002854024,0.030848257281625647,0.1674339556111839,0.04005627019415025,0.06259532216725039,1.0097258920132608,0.0
2023-11-16,0.03708276009269696,0.045485134965073885,0.15847767047492506,0.04099385756807458,0.06334280637654408,1.0113105726914107,0.0
2023-11-17,0.022841431768163306,0.05555336305062515,0.15343702207420948,0.04195921287878862,0.0641804457782935,1.0125133985653252,0.0
2023-11-20,0.03146309228239437,0.0755856492317761,0.1441576336401592,0.049621451259100426,0.07178467178010607,1.0139290582428127,0.0
2023-11-21,0.01006660941762497,0.0751386982802329,0.14437416627825253,0.046905857530751556,0.06884435150486455,1.014689360958139,0.0
2023-11-22,0.011804934874341769,0.07148088097767241,0.14367292940581672,0.05045864081377221,0.072409689636108,1.0154223779709999,0.0
2023-11-24,0.011197927867843134,0.08655220372802697,0.1287807454490769,0.05078861367134039,0.07244839332456764,1.015862057657093,0.0
2023-11-27,0.008152265701142311,0.09679643300480446,0.11691814250894124,0.04835846547566681,0.06986341690166877,1.0158726277408265,0.0
2023-11-28,0.0014737685213570266,0.10232920720698832,0.11296504755499355,0.0488497294719216,0.07027564224196445,1.0157750753625236,0.0
2023-11-29,0.0029520007447832682,0.08974074414747985,0.11152709577988763,0.04753727274737769,0.06894058864552544,1.0154579123659107,0.0
2023-11-30,0.0030283062380682753,0.08740981176157185,0.11129583823046149,0.05080178448048501,0.07254051503521447,1.0153468880843275,0.0
2023-12-01,0.008311592161849237,0.08270000485501595,0.1090316565926587,0.05567123870081907,0.07825635959784158,1.0155576183031225,0.0
2023-12-04,0.004850890200347429,0.058453552506306135,0.09874184664516479,0.048862277414739,0.07193019344338708,1.0151152929923113,0.0
2023-12-05,0.00366434334872383,0.0491746376003242,0.09649016655411756,0.04748325779782456,0.07104280136105844,1.014578240192913,0.0
2023-12-06,0.0003300219582939431,0.04283903033798466,0.09899011169576075,0.04188161666246855,0.06597601512947225,1.0136659273284438,0.0
2023-12-07,0.004001637933460693,0.047598206654703594,0.10083174852253968,0.04828569636114378,0.07330377090253298,1.0134046720188892,0.0
2023-12-08,0.0023931483779252704,0.051156276591938485,0.10090271686281234,0.051268716182351556,0.07711159112215729,1.0133903118779448,0.0
2023-12-11,0.011538554580283834,0.06286744642223223,0.09379608492885536,0.053696356554925856,0.08041651341587691,1.0135362995837303,0.0
2023-12-12,0.016292348617599248,0.05194006404668656,0.08240786571039971,0.0567355132045945,0.08445414497167024,1.0138605298684693,0.0
2023-12-13,0.03402607847426911,0.06658941234917964,0.09000687853903423,0.06892713600215505,0.09840030188406108,1.0150643517274156,0.0
2023-12-14,0.029628996000634646,0.05057890275461888,0.06858698930028946,0.07005546710385677,0.10087681371121497,1.0160852721513804,0.0
2023-12-15,0.02369110656632948,0.046815990155413933,0.07001371066726106,0.0660347851574043,0.09806807503074459,1.016556365297168,0.0
2023-12-18,0.02541841534454937,0.05120310167408464,0.07086281495894951,0.06988481296476019,0.10329189639548125,1.0171844672242982,0.0
2023-12-19,0.026924034083680493,0.056022666362203745,0.07179908202410006,0.07423342612321288,0.10901031689161247,1.0179646049813864,0.0
2023-12-20,-0.0007260250830860501,0.03440029498369923,0.08967040045106542,0.057649833420305024,0.09267328747706474,1.0172315118933293,0.0
2023-12-21,0.005506978954543303,0.04601927229153722,0.09242473252142565,0.0658418753558706,0.1020084514558545,1.0172192947368341,0.0
2023-12-22,0.009162500490313377,0.04417355577138554,0.09222749087604143,0.06597730188659352,0.10309219842210275,1.0171701919786469,0.0
2023-12-26,0.007766658646928771,0.04777183245317028,0.09233811657176504,0.06827155879474898,0.10651912836830259,1.0172714927075774,0.0
2023-12-27,0.0035106372091612318,0.05138103787022267,0.09116898719098013,0.06817689410850461,0.10727162105332232,1.017293926620574,0.0
2023-12-28,0.017842489732976485,0.05076901619531869,0.0913167615727427,0.06655146196765113,0.10652220553333086,1.0171391117248754,0.0
2023-12-29,0.005506258786433325,0.04857353033318727,0.09257036646862159,0.06123973550132087,0.10214397372242896,1.0165841644561853,0.0
2024-01-02,-0.0021134520691391506,0.03903179746417812,0.09629686673407625,0.05304626596871403,0.09492906104289378,1.0155077773460341,0.0
2024-01-03,-0.014527290582891471,0.024932949708429575,0.10110934196282784,0.042156810733535326,0.08494176367875808,1.013833711328675,0.0
2024-01-04,-0.019560149919348426,0.02696999775052681,0.09970836246000661,0.03656382425224696,0.08047235466119035,1.012108906860124,0.0
2024-01-05,-0.018568974957524166,0.028535697889070694,0.09956271647332433,0.035869610839332364,0.0810339528818524,1.0107286062913858,0.0
2024-01-08,-0.0014948088097041096,0.04674869956518922,0.10684745675523705,0.047932539319208094,0.09536749274882111,1.0106586757313851,0.0
2024-01-09,0.002598936829677199,0.03762909636039462,0.10573126850894354,0.043439853081019025,0.09263238339374413,1.0103585834224984,0.0
2024-01-10,0.016438834128716037,0.03897863545922034,0.10623518255791932,0.04622923913525265,0.09773291223307443,1.0104575248506464,0.0
2024-01-11,0.019224500376124273,0.034655943546367245,0.10625186029389411,0.04290914921513014,0.09618491702062537,1.0103780058610616,0.0
2024-01-12,0.018548016345657774,0.030791365617129217,0.1057620323146152,0.04088908670399947,0.0958658429378151,1.0102512795802994,0.0
2024-01-16,0.0006950285955114022,0.013417649686431504,0.09722871556706698,0.034628950429827686,0.09086374625703611,1.0097387540312253,0.0
2024-01-17,-0.0033609784442471357,0.004639121915512842,0.09904892991243468,0.02694159967084353,0.08388968099517029,1.0087808186924463,0.0
2024-01-18,-0.00014702408691733525,0.015140504805973527,0.10314790654430031,0.034115254914841915,0.0926296720849486,1.0086382019789966,0.0
2024-01-19,0.012682738774342114,0.021920266976159987,0.10966424852090836,0.04480722835149528,0.10528633796831309,1.009425604413632,0.0
2024-01-22,0.014102573986402508,0.017969905519851236,0.10823078461238551,0.04483121540700694,0.10661731689823754,1.010101207307209,0.0
2024-01-23,0.020692605323869077,0.03483628009338663,0.0939835249626419,0.045646750745360676,0.10880623209471418,1.0107463630377447,0.0
2024-01-24,0.02735952652152425,0.02649166948249379,0.08962608089590511,0.04438877302271866,0.10899392619246219,1.011212798634339,0.0
2024-01-25,0.023930263070388577,0.029908267386048727,0.09075875962621223,0.047850677052950465,0.1139693222075411,1.0118850636764887,0.0
2024-01-26,0.010269913015539726,0.02442352134477094,0.09062350402259742,0.04432212550703796,0.11151026034355047,1.0121677370818114,0.0
2024-01-29,0.016046050100744495,0.0305053184114345,0.0935686983333251,0.0505959155623375,0.11919250229227986,1.012884995698744,0.0
2024-01-30,0.012359959229883958,0.0293537495902941,0.09382009429079187,0.047854855506386205,0.11728237414965459,1.0132307117446586,0.0
2024-01-31,-0.005184553629258983,0.015800857066801486,0.11168657223921895,0.02924211846169583,0.09811349656743347,1.0120262548241077,0.0
2024-02-01,0.0023946086622758968,0.03441632811746377,0.11681896971323485,0.04092797212801922,0.11147615562248095,1.0119874919845888,0.0
2024-02-02,0.014138188419301315,0.05308900034696373,0.11489488571181285,0.050012803545151856,0.12209629182364345,1.0126641291470169,0.0
2024-02-05,0.002602042256661313,0.05266751058744424,0.1151698184346935,0.04436564346431319,0.11695770054621361,1.0127487320101634,0.0
2024-02-06,0.006275048525340956,0.05419777307315922,0.11510108149587124,0.0455887982988323,0.11910020225823512,1.012900156758269,0.0
2024-02-07,0.031032857826886272,0.048328523703391864,0.10930133719286103,0.05232093489221073,0.12727814560134124,1.0135399789366477,0.0
2024-02-08,0.018471008711398004,0.05028839999918458,0.10864725320051265,0.05075779203602444,0.12662459323118638,1.0139159684816161,0.0
2024-02-09,0.013761446906816086,0.05041161312506378,0.10869444785606378,0.05469080722431903,0.13186050444692318,1.0145133713765848,0.0
2024-02-12,0.016970078224184053,0.05041308843550402,0.10869396206882144,0.05209318904928656,0.1300727609436461,1.014773232860408,0.0
2024-02-13,0.0002022914957167648,0.03585204822321821,0.12241526490898748,0.03588315638077122,0.11342463488942807,1.0136889396188224,0.0
2024-02-14,0.0009431446662859812,0.048576639774166444,0.1232951592728379,0.043488892629190624,0.12243904568949436,1.013408401457216,0.0
2024-02-15,0.007377572378106927,0.06102695082153864,0.12077719306194834,0.048618376129372386,0.12902497316494718,1.0135877201718628,0.0
2024-02-16,-0.00337759796584298,0.04718103924613813,0.12170650918921987,0.041449121484627725,0.12222536256640629,1.0131670907175967,0.0
2024-02-20,-0.00845903392255007,0.02927131573861183,0.11867630782079454,0.03382575010807601,0.11487838970783329,1.012243710255784,0.0
2024-02-21,0.0063151640226516235,0.028064638259467325,0.11865789654488941,0.03300673805338649,0.11467978317523506,1.0114528585616025,0.0
2024-02-22,0.017752597241190864,0.045636631691488225,0.13595133842893378,0.05223590519250595,0.136481033751712,1.0123537162396563,0.0
2024-02-23,0.011566077879143145,0.04523350217915753,0.1359988754405436,0.05088187213927428,0.13599623740915515,1.0129672152383336,0.0
2024-02-26,0.012889278881239698,0.03614005505698925,0.13688896190359162,0.045140074408273646,0.1305753939396479,1.0129974052074568,0.0
2024-02-27,0.02026581778709096,0.03926722051016307,0.13645562483113116,0.04542619421101814,0.13142788178930717,1.0130192108607086,0.0
2024-02-28,0.018037876594982957,0.030056464753705787,0.13506015486200604,0.042489963090629135,0.12868878804937198,1.0127781592997378,0.0
2024-02-29,0.0011421923145365966,0.03441886477614087,0.13500811589979844,0.04457063369055112,0.13147112525760776,1.012730298237124,0.0
2024-03-01,0.009797321703011671,0.06021537751142819,0.12021775623684479,0.05260811287028183,0.1407668051965852,1.0132998975713348,0.0
2024-03-04,0.01239341647930614,0.04613886287401949,0.11504157556390442,0.04986476236213476,0.13819322910903825,1.0135016150019602,0.0
2024-03-05,0.0004930175526966854,0.025622049643558437,0.1183526497448874,0.03771683663953076,0.12560992341900415,1.0126943425435944,0.0
2024-03-06,0.006870007965449422,0.034324430462493886,0.1176800338985041,0.041396421224453854,0.13011965435188433,1.0123217700272322,0.0
2024-03-07,0.013159012596296723,0.04130282884709663,0.12105929472454056,0.04996797653150108,0.14006278126531552,1.012683808537159,0.0
2024-03-08,-0.002205772961931222,0.02697674672261069,0.12177715220093013,0.042132638200113155,0.13199633607607997,1.0123333312256935,0.0
2024-03-11,-0.0019929905867196226,0.025674863575901864,0.12197406373474777,0.03976392289654904,0.12975037435089448,1.0118475197915497,0.0
2024-03-12,0.018751487796573693,0.030612090533316042,0.12543947922894583,0.04923824306776216,0.140513744978922,1.0121921963100249,0.0
2024-03-13,0.012128127202752638,0.02948247944106247,0.12571544546937835,0.04586668043409074,0.13739588807170655,1.012192449503667,0.0
2024-03-14,0.0002718987627852113,0.04137243611416507,0.11368701322488266,0.04201235005736137,0.13390223461930878,1.0118917577132172,0.0
2024-03-15,-0.0005982068512709274,0.02543539520505378,0.11458858118306615,0.03307517547930475,0.12492785312923115,1.0109675700614429,0.0
2024-03-18,0.006187722656531262,0.024485013854326197,0.11404259157903944,0.037238116633657455,0.13035430435483517,1.0105925046939048,0.0
2024-03-19,0.001029581492751037,0.03501926999191006,0.11270554235273555,0.040929072159429015,0.1353858421549409,1.0106220934752144,0.0
2024-03-20,0.011805158897760125,0.04974667226137266,0.11241676146438984,0.04855264910317058,0.14464410073657102,1.0112652093100707,0.0
2024-03-21,0.017083118081748415,0.05214039017326186,0.1123299286521092,0.049911603535318934,0.14715026412508084,1.0119025974191114,0.0
2024-03-22,0.022075796423883274,0.02975859438774619,0.09206649002777992,0.04598108537467996,0.1437281344855505,1.0121073528601214,0.0
2024-03-25,0.013383556439829015,0.026302492415012063,0.09318232360146905,0.04121500663796345,0.13932680447629067,1.0119034018826136,0.0
2024-03-26,0.005992981329835997,0.028122972440506353,0.09217877335335588,0.037479307345512226,0.13602958569055099,1.0114576065681715,0.0
2024-03-27,0.005155058865296493,0.03463591333957819,0.09534544292863648,0.04412234735820399,0.14433130738551644,1.011649783168382,0.0
2024-03-28,0.001664607983341214,0.03576712156162012,0.09498102179609698,0.04175034844994437,0.1429192604968042,1.011648839874278,0.0
2024-04-01,0.0018209128823207814,0.03043731495553037,0.09544140309652567,0.037988640810228846,0.13978851237334652,1.0113727911749275,0.0
2024-04-02,-0.0017909003224971728,0.01471427038950322,0.09459066176352009,0.02983699797677201,0.13145607950161028,1.010514872060871,0.0
2024-04-03,0.0011557675722197148,0.016885323533419924,0.09437642473072946,0.029437568926548825,0.13167327686414385,1.0098104819332991,0.0
2024-04-04,-0.019494218844571358,0.01464867694231015,0.09786931703845288,0.015676013281665513,0.11690764081165421,1.008170742036447,0.0
2024-04-05,-0.008910343958786959,0.019986769637383738,0.10250096916179761,0.024884931133785232,0.1275217022948355,1.0076190618648455,0.0
2024-04-08,-0.006609808077377271,0.010668494281856376,0.0972237891553692,0.02415428032387441,0.12706900683263758,1.00714455729687,0.0
2024-04-09,0.0009246190448940149,0.017844662396328453,0.0942861260228059,0.023987531449970984,0.12730171199010834,1.006783604840213,0.0
2024-04-10,-0.010236767818387867,0.008641546301751681,0.10150291243560743,0.012760982984353804,0.11497927961326869,1.0056223379768556,0.0
2024-04-11,0.009563001910816386,0.005460191056552842,0.09797685623695015,0.019254553167791275,0.1222848681285679,1.0052466726876823,0.0
2024-04-12,-0.014728945767935635,-0.006870303333304536,0.10950901118010875,0.00402138368493724,0.10584371758251984,1.0037894747262261,0.0
2024-04-15,-0.02789539261901337,-0.017498797099942204,0.11743150631895305,-0.009210028225640186,0.09113112270115528,1.0016126886504377,0.0
2024-04-16,-0.03087685785978304,-0.012433988612183656,0.1154335660760087,-0.011433008649077274,0.08831634935169726,0.9997412629585264,0.0
2024-04-17,-0.026749196665597066,-0.024295373020376643,0.11430238577294391,-0.017650980369045128,0.0811513655384131,0.9978088823611417,0.0
2024-04-18,-0.03632773929543054,-0.031897129731628726,0.1116925772679546,-0.019944421123104673,0.0782227918598729,0.99615275727231,0.0
2024-04-19,-0.031195059678516435,-0.0498705219095811,0.10720900001497119,-0.028445382636542248,0.0681577019223736,0.9942084779699016,0.0
2024-04-22,-0.009420812392798081,-0.0440027275744887,0.11289795452125904,-0.019611424269768283,0.07724247686681941,0.9934614473988113,0.0
2024-04-23,0.0042013835033459165,-0.030308401532721012,0.1227379428668113,-0.00821117453640919,0.0891832576992983,0.9938829532982607,0.0
2024-04-24,0.009662410643369675,-0.02801651881683598,0.1226833421220363,-0.008914490062308603,0.08784126894179974,0.9942449824206693,0.0
2024-04-25,0.007916270236427336,-0.029973840825037387,0.12297381332828304,-0.013102896914037588,0.08294274782217008,0.9942913353444682,0.0
2024-04-26,0.026112128809648888,-0.028913451965228702,0.12408796545940012,-0.004191762349801731,0.09241554212496472,0.9951445124138035,0.0
2024-04-29,0.020480425587975474,-0.02518690996985444,0.12520306252946695,-0.0010410178939318077,0.09551596155798538,0.9961517558204507,0.0
2024-04-30,-0.007284475730807196,-0.03941379014584899,0.1352736237817231,-0.01702058710139362,0.07749648719650186,0.995712251561257,0.0
2024-05-01,-0.010061947527432488,-0.03628756602177131,0.13439342175708355,-0.020409036380973997,0.07337243546740048,0.9951582970841473,0.0
2024-05-02,0.0030538900895156797,-0.028075718307741426,0.13948331745258358,-0.01160892060209638,0.08276552417435393,0.9955172901357976,0.0
2024-05-03,0.005943843657986137,-0.0034753894626712075,0.141184593447241,0.00043259666529501156,0.09547140481990289,0.9968372305197946,0.0
2024-05-06,0.01268232990062068,-0.0035942361104468017,0.14107316533576453,0.010356844205532014,0.10596431887517525,0.9987368141319378,0.0
2024-05-07,0.029753472291483594,-0.0030505097769881312,0.14112119990639949,0.010968892295817686,0.10635861833032734,1.0003252952973287,0.0
2024-05-08,0.03310230244304357,-0.004109882623621751,0.14104581671143626,0.010599107103884831,0.1056634879782434,1.0015707829671974,0.0
2024-05-09,0.029537819852978552,0.011698869363624992,0.1377018709807735,0.0158075651589105,0.1112078751643068,1.002990917439114,0.0
2024-05-10,0.018505969596225462,0.005467578222737867,0.1354052908405698,0.016547000926409823,0.11180606492880087,1.0041697488978056,0.0
2024-05-13,0.008366503073641063,0.019501212731129893,0.1252612316325755,0.016300797759953658,0.1110870925170673,1.0050531231428137,0.0
2024-05-14,0.011841045569832238,0.03668592841185747,0.11563900221207071,0.020462374199974796,0.1153374668934692,1.0060547139802638,0.0
2024-05-15,0.024051485611388965,0.05081846084755025,0.1204027830825709,0.03212586210125923,0.12822481231702595,1.0077661081045697,0.0
2024-05-16,0.01624677279235133,0.05469483882157339,0.11773240814922888,0.02917964025501064,0.12498069857282669,1.0088421661962566,0.0
2024-05-17,0.016395713136838932,0.05819103065500733,0.11660465295762641,0.03000786168456037,0.125590537823448,1.0096949683310925,0.0
2024-05-20,0.017412786157594208,0.06810905856724055,0.10905688380361364,0.030395686757681572,0.12585827245194856,1.0103405313151894,0.0
2024-05-21,0.015285167240275316,0.061391908044930874,0.1069211076351286,0.03205386048075766,0.12755060732579176,1.0109219671477783,0.0
2024-05-22,9.452782911654719e-05,0.046711605173320875,0.10361296914037156,0.028496778203906836,0.12330389506105686,1.0110156447750336,0.0
2024-05-23,-0.005177198373841781,0.03985522980436193,0.10847175958379203,0.02052516655258139,0.1141307778948265,1.0103727098356823,0.0
2024-05-24,-1.8752262437397686e-05,0.0502560081561426,0.10756040621680925,0.026636663402593564,0.12045313948013261,1.0102791175323473,0.0
2024-05-28,-0.0004715746524420506,0.0415253551051496,0.10457487747099252,0.026558658412522692,0.12018555985620825,1.0101430627391057,0.0
2024-05-29,-0.009948655146532192,0.030962827310423206,0.10890376668414047,0.018847350216996534,0.11134062415871589,1.0093569279453098,0.0
2024-05-30,-0.013720899507109509,0.040275181397018564,0.09384767577097791,0.011818169124783225,0.10304490857599401,1.0081047357747028,0.0
2024-05-31,0.0026771768411735005,0.052594354172967914,0.09499214744363421,0.02076164809261919,0.11204503507926178,1.00775426425677,0.0
2024-06-03,-0.00310263980196665,0.04409947826466026,0.09182945445120373,0.021372401139681287,0.11186344855135635,1.0074561059346823,0.0
2024-06-04,-0.0026837985933786126,0.032897712853784844,0.08398617820504636,0.022230278957967368,0.11197361752765904,1.007226537484773,0.0
2024-06-05,0.01615854488720976,0.034439042297012286,0.08614167825212246,0.03378369902404551,0.1239738258051692,1.0079142702634503,0.0
2024-06-06,0.02279558921119406,0.033317298316729034,0.08631725638081907,0.033131034713811,0.12277275860791222,1.0083578910863567,0.0
2024-06-07,0.012512089013176998,0.03200414074310135,0.08672177288333037,0.03144283775103624,0.12022544475500387,1.008509515931578,0.0
2024-06-10,0.014782096464886513,0.029343754876568227,0.08557216204171708,0.03412672014538437,0.12254058665900604,1.0087777805732456,0.0
2024-06-11,0.016070116023650886,0.030461859281210275,0.08564168297248854,0.036025614932899644,0.1240109782644955,1.0090793718986466,0.0
2024-06-12,0.012434704837350123,0.03850724406072134,0.08856849458692477,0.04362781832664057,0.13198617400905358,1.0098704170747301,0.0
2024-06-13,0.01446488737969385,0.035941140126590644,0.0880111730178057,0.04480093767856396,0.13302874371246107,1.010535403266384,0.0
2024-06-14,0.016289655316883134,0.024242310448595518,0.07914946491418366,0.044241477006739284,0.1325543507222694,1.01098063333081,0.0
2024-06-17,0.02113226163176026,0.03422924371597716,0.08156397758836169,0.05139277789166326,0.14036821803300742,1.0118421914371352,0.0
2024-06-18,0.021264309888156422,0.03533045603252776,0.08162021539622823,0.052859366502703155,0.1420405890446862,1.0125812617831653,0.0
2024-06-20,0.010364238545472306,0.03145869644859944,0.08302743251387197,0.04888448940358601,0.13774648445385382,1.012790208181324,0.0
2024-06-21,0.007011585425185374,0.027667558311500706,0.08351701979741533,0.046188803761133546,0.13501988771091716,1.0126960166044994,0.0
2024-06-24,0.0031473255501282744,0.027295108169607243,0.0837626870267079,0.04173086371171413,0.13012084241945576,1.0122132619620354,0.0
2024-06-25,-0.0009368532564576573,0.03846958883336128,0.07800115115879332,0.04431421647110353,0.1332206525542909,1.0120032375733754,0.0
2024-06-26,-0.0022270845420063745,0.03312212375295878,0.07606249091231505,0.04390947635219789,0.13338393990173275,1.0118001692724037,0.0
2024-06-27,0.0020685029910050765,0.03399877409204657,0.07599548441760272,0.04377910116108114,0.13394434524219942,1.0116312875865454,0.0
2024-06-28,-0.0005328477269513163,0.037083365731081584,0.07223161160783703,0.03787640893123406,0.1282603176028285,1.0110482379901204,0.0
2024-07-01,0.004779046815674136,0.045795054492390894,0.06541611969973388,0.038134402105321145,0.1293531468574951,1.0106295463927617,0.0
2024-07-02,0.007642880415695698,0.04343529240788348,0.06274228556194555,0.04291930800074269,0.13572020316389616,1.0107183280932164,0.0
2024-07-03,0.010848229297852934,0.04707299285277837,0.06309109171027917,0.045454449380293374,0.1394605588130772,1.0110221614267711,0.0
2024-07-05,0.015022928005698738,0.051705500691123917,0.06408412563821518,0.04946896431801474,0.14466433920707958,1.011595774962256,0.0
2024-07-08,0.020118801939947133,0.04104362278381895,0.0543869100599021,0.04863643144460114,0.14460166407823785,1.012001220080246,0.0
2024-07-09,0.019035045030854392,0.04203451031205123,0.05404114356367663,0.04752181746599773,0.14427951996593147,1.0122561338373912,0.0
2024-07-10,0.02217451800107078,0.05309772139577726,0.05909287516759759,0.055710902436120355,0.1540062056022045,1.0131097497097528,0.0
2024-07-11,0.009061744028222083,0.041352640416113945,0.07058777979997363,0.04471910708551681,0.14252281982565446,1.0129216509909496,0.0
2024-07-12,0.009599648984528565,0.04523503365200159,0.0721539553542791,0.04896047817474003,0.14817102585360162,1.0131314850180881,0.0
2024-07-15,0.011192585339549475,0.03980150328601831,0.06881430233465874,0.04937663478914704,0.14967787681868885,1.0133638303007093,0.0
2024-07-16,0.016133106093614482,0.04370272902597185,0.07021006881535977,0.05318053292759325,0.15480267215299956,1.0138674819709437,0.0
2024-07-17,-0.007833783229985205,0.02897428284890892,0.08988463488448144,0.03658575063112454,0.13706714126440508,1.0129621656786127,0.0
2024-07-18,-0.006888128817547437,0.013332249966806244,0.09183856402391803,0.02717631269236839,0.12683830734593532,1.011490180425106,0.0
2024-07-19,-0.0198385812010407,0.004132142562804475,0.09491531365004961,0.01908585317405898,0.11791856644428209,1.0096783801742333,0.0
2024-07-22,-0.012327539331870092,0.01710972540867591,0.10037891433187181,0.028099341414110014,0.12786638607317202,1.0089637389779416,0.0
2024-07-23,-0.019810276262083447,0.016880867338703035,0.10044396061761852,0.025145463943181113,0.12457043970828643,1.008176363622787,0.0
2024-07-24,-0.02861326342754856,-0.0027863061287679083,0.12939359575079412,0.0010953064156878347,0.09773500275308282,1.0056565082147768,0.0
2024-07-25,-0.026122542240631264,-0.011853439017367361,0.1296949069055887,-0.004826499951526855,0.09076233154870415,1.003205466253604,0.0
2024-07-26,-0.008322500896344127,-0.001963273791533276,0.13581638063278115,0.005470807073946069,0.10167722337139468,1.002120193531075,0.0
2024-07-29,-0.01799201923663721,-0.0029507968189663777,0.13570653849342962,0.0054423195709087544,0.10104710486794953,1.0012915392480755,0.0
2024-07-30,-0.021501599895652333,-0.00408788482999798,0.1361643428683904,-0.00020604131435118307,0.0942498728856476,1.0002251648286955,0.0
2024-07-31,0.017545700393323576,0.009980347448881533,0.14735520589171502,0.015181615899585759,0.11067303672998387,1.000669610285179,0.0
2024-08-01,0.008507486543092782,-0.010988832889970275,0.15393811229462248,0.00026551199321172436,0.09366638258162409,0.999874271322704,0.0
2024-08-02,-0.021424023801378457,-0.034235526890764666,0.16512689398962446,-0.01847548374587484,0.07220944661918376,0.9977745667069406,0.0
2024-08-05,-0.051567977327107974,-0.06954170215177309,0.18883572253738018,-0.04668375785667271,0.04008434274268313,0.9938648440564927,0.0
2024-08-06,-0.03731082309026454,-0.06151750986020965,0.19322111476002626,-0.03781936330110247,0.04865771436125723,0.9915523522756854,0.0
2024-08-07,-0.060141422462918,-0.06919612004489085,0.19309839461118258,-0.0439308120769229,0.04063863975441229,0.9893032566104084,0.0
2024-08-08,-0.023025290209724276,-0.05618864110076534,0.20886603958707206,-0.02192081089760552,0.06348121359702473,0.9894386984829756,0.0
2024-08-09,0.0001687682192294416,-0.043128502699757314,0.20905078786794015,-0.017918493477192137,0.06692136511598089,0.9900128242065981,0.0
2024-08-12,0.03025041008631904,-0.048890941049982616,0.20709754142332332,-0.017849034080611535,0.06626534513892991,0.9906178292173291,0.0
2024-08-13,0.037384665220561386,-0.035325429979197735,0.2164077890170245,-0.002298562023539182,0.08240681564066707,0.9925063613703973,0.0
2024-08-14,0.04724121344940261,-0.03808801268910274,0.21539542229372405,0.00019939308934183405,0.08435524038707648,0.9943248220754876,0.0
2024-08-15,0.0413819558419823,-0.006972902028797821,0.21991687687587055,0.016356581267050977,0.1013310293513317,0.9971935993181572,0.0
2024-08-16,0.03922159904799859,0.0029812251657887175,0.21840467123637697,0.017836351387546044,0.1022309348371905,0.9996486390947275,0.0
2024-08-19,0.048212001150248686,0.019159641301306773,0.21924254458936165,0.02656267690056322,0.11115971078652714,1.002346801962265,0.0
2024-08-20,0.03027313683185112,0.00727524618452348,0.2167106293755598,0.02390164012885057,0.10780897270984659,1.0042904324111654,0.0
2024-08-21,0.030553696662430026,0.012275960235410742,0.21684570521309604,0.02641641250228223,0.11013776991123482,1.0060361887595228,0.0
2024-08-22,0.005679414468506684,0.027319775867257423,0.20205433158604047,0.017578273854961107,0.10005241224187741,1.0066891776741405,0.0
2024-08-23,0.014008831648223443,0.04311259905464343,0.20303252111984485,0.027543791647195573,0.11030297907589967,1.00797745222157,0.0
2024-08-26,0.002106588104772939,0.029588730302423843,0.20080077987859313,0.02434239976242645,0.10625402234012313,1.0086960825921714,0.0
2024-08-27,0.005106055844613734,0.030373321265774425,0.20077873921941075,0.024980495358786853,0.1063674204528664,1.0092668463625158,0.0
2024-08-28,-0.004146764634897343,0.029630795496165728,0.20109905928188296,0.01854829761869422,0.0985493083229358,1.0091360670156593,0.0
2024-08-29,0.003822058304694128,0.013596133778627976,0.19385816953611196,0.01820752610766502,0.09732735797181886,1.0089354433407927,0.0
2024-08-30,0.0027536350153531597,0.0373587475269038,0.1882256434418939,0.027236392230733392,0.10641034544864429,1.0094401001124687,0.0
2024-09-03,-0.015653523365487185,0.03535923073831511,0.19108506506201312,0.005819480391191834,0.08249448361891973,1.008061965365805,0.0
2024-09-04,-0.019074728465388116,0.06286657012749428,0.1547198637739434,0.003460574995046373,0.07915832789465765,1.0067280380253227,0.0
2024-09-05,-0.015687646666765344,0.051253971919664916,0.1541001475816127,0.0008456968525103288,0.07543797460913636,1.0054133165216252,0.0
2024-09-06,-0.03275046741888632,0.040987088822659654,0.1654641157694353,-0.01581411190043849,0.05636439195412986,1.0029864336209127,0.0
2024-09-09,-0.031117168116137905,0.029266869620490174,0.15117285983337742,-0.004796496242442252,0.06718144967814431,1.0019223147713823,0.0
2024-09-10,-0.005977295538257399,0.02921316698082827,0.1511595173875629,-0.0006280222778681338,0.07078209405504399,1.0014106841190074,0.0
2024-09-11,0.006278444943507598,0.03889460498468284,0.15415172471326913,0.009290863115607496,0.08066991003116586,1.0018087565332454,0.0
2024-09-12,0.017101688334928,0.030970995034031532,0.14706781699241242,0.017419090717168798,0.08862177825752134,1.0027741959211385,0.0
2024-09-13,0.039284151695721095,0.03303002706897814,0.14753555806984003,0.02234015667497001,0.09311301496267597,1.0039175299632757,0.0
2024-09-16,0.029625958966477232,0.017510872744985105,0.13647559835164907,0.02354460043070236,0.09352984068379801,1.0048846429796998,0.0
2024-09-17,0.025688353051964843,0.015679920984794527,0.13638532040443893,0.023672933642244154,0.09277565972964397,1.0056166002551061,0.0
2024-09-18,0.012511152086740541,0.003193755921174698,0.13308864311811822,0.02042972603597841,0.08837587076748145,1.005884446762752,0.0
2024-09-19,0.021043573793418285,0.0217414319955987,0.14494536001550398,0.037478487828258425,0.10569853993624163,1.0073944187463384,0.0
2024-09-20,0.014104407634476648,0.016580738041024768,0.1449732605129522,0.03517674052574943,0.10252738802072539,1.0083454748415515,0.0
2024-09-23,0.015124421194015226,0.026955879470493646,0.14157130917585486,0.037332922763745384,0.10400620386589018,1.0091926521115042,0.0
2024-09-24,0.01757292081894181,0.019244010155512897,0.1376647764231859,0.039865965328162875,0.10585123356359312,1.0099780198382111,0.0
2024-09-25,0.018335374932676504,0.019422542749078262,0.13761218575569537,0.037311729753047404,0.10215440428424152,1.0102960959884077,0.0
2024-09-26,0.00537181471611665,0.022007190867101616,0.13800876842430632,0.040778122732592396,0.1052608234124268,1.0107441832161723,0.0
2024-09-27,0.0056504748254830785,0.02637797750140519,0.13608436828534232,0.038494254581644946,0.1024266810865643,1.0108517798514172,0.0
2024-09-30,0.00715383400792872,0.03028765517372824,0.136335747598456,0.041654292085010904,0.10560874310969613,1.0111321662391344,0.0
2024-10-01,-0.004701909806173937,0.011788465333985799,0.1376133818411821,0.03173604837153089,0.09460346044497281,1.0104989511930975,0.0
2024-10-02,-0.002072282563147885,0.03300378355141756,0.11367322920295743,0.031543347652893974,0.09397906207755635,1.0099164908033014,0.0
2024-10-03,-0.00785890059985975,0.03322301873262998,0.11358775221418181,0.028604019444127705,0.09090015956311251,1.0092005302067806,0.0
2024-10-04,0.0026388467249801456,0.044704470893150675,0.11541990182188018,0.03659116023148625,0.09969991441949791,1.0092596233164026,0.0
2024-10-07,-0.010441837645147424,0.05259628494746713,0.10134198613131389,0.02629061169133451,0.0887405142376968,1.0084716814633667,0.0
2024-10-08,0.007969802945677116,0.05087543639580082,0.09965701214732121,0.034871616065202136,0.09788697099105197,1.0085114848901873,0.0
2024-10-09,0.014450788441029667,0.05343186753070463,0.10066711647548754,0.04065693508313858,0.10434024362196573,1.0090000727838633,0.0
2024-10-10,0.014528871416383473,0.04147344520550586,0.09767709666076951,0.037825045654056165,0.10128120222849571,1.0091359652625862,0.0
2024-10-11,0.011452757947574846,0.03905554050579752,0.09602191859268194,0.04260356026993304,0.10672937985535204,1.0096175112138983,0.0
2024-10-14,0.028679600900275683,0.04199173415202172,0.09783395517517422,0.04912812387654844,0.1145861213247695,1.0105408802654083,0.0
2024-10-15,0.011466431982833399,0.03271590941215699,0.10356849781887753,0.038590420717530036,0.10479287250897788,1.0105082471089122,0.0
2024-10-16,0.008900857416564966,0.036644371895304756,0.10391273379439979,0.040802235979818954,0.10841812641512277,1.0107101295753074,0.0
2024-10-17,0.010738123218752175,0.03970041633751749,0.10269756637350348,0.03846816415733304,0.10731044501129026,1.0107502273754174,0.0
2024-10-18,0.008607226955743006,0.02661919366812225,0.0874392096828148,0.04040111054610032,0.11030129188972555,1.0109660799221005,0.0
2024-10-21,-0.0011815621667435273,0.026705764350801547,0.08740232040453744,0.036763666120662605,0.10720870128412943,1.010874825680146,0.0
2024-10-22,0.006087298002768107,0.02367878622090987,0.0874971327443412,0.03431391060220813,0.10536485472520467,1.0106347911515137,0.0
2024-10-23,-0.00742940621828239,0.011642044858080555,0.0941791534454782,0.023497776257451423,0.09414671725078085,1.0095905007867612,0.0
2024-10-24,-0.005354756070134706,0.016010285334706283,0.09377962845869077,0.02436341196659607,0.09537473675821936,1.0088354049525678,0.0
2024-10-25,-0.009539392978963328,0.011707985973042274,0.09311492480738706,0.02300884179402608,0.09389051216414239,1.0081155495295122,0.0
2024-10-28,-0.004809061784113271,0.0162462277412052,0.09320827747174966,0.02514949056617023,0.09614449024024256,1.0077056337045414,0.0
2024-10-29,-0.0026608080237052467,0.013864144189275906,0.09253245591588428,0.02594399590552468,0.09678470274703914,1.0074257176599857,0.0
2024-10-30,0.003488977132753259,0.01983293179700775,0.08681568058297831,0.022010578539477296,0.09233904146984799,1.0068791840891673,0.0
2024-10-31,-0.01846914236164659,-0.0003865744637924183,0.11273526949905635,0.0016323916511929435,0.06991064259576982,1.0048057217215525,0.0
2024-11-01,-0.01391225429671197,0.005654632276190055,0.11345241925196511,0.005274616539656895,0.07342635777253842,1.0034559882172656,0.0
2024-11-04,-0.01915513980797639,-0.005547758791751335,0.10908536757522311,0.0027776350473779987,0.07019018861811475,1.0021878880782198,0.0
2024-11-05,-0.00875296260806108,0.015553019226362246,0.11204446261593198,0.014273729101681143,0.08213709972826597,1.0021233480460707,0.0
2024-11-06,0.018838228463170736,0.03070135731450137,0.13644862868547677,0.03835471855575107,0.10789423274947388,1.0040304753072533,0.0
2024-11-07,0.04633831463796149,0.0315009517331394,0.13687779226965868,0.04495076413222794,0.11526101712092568,1.006099689112627,0.0
2024-11-08,0.04644909414399906,0.03757485500380564,0.1366767536829382,0.04794941549384572,0.11889022883042684,1.0079944442793438,0.0
2024-11-11,0.04955779665980267,0.03255727992047649,0.1358455090411689,0.047597291452323554,0.11874392181473381,1.0094551745193063,0.0
2024-11-12,0.034427447521998035,0.021300865848084594,0.13455023004268282,0.042646275346607705,0.11412153318435979,1.010230642478421,0.0
2024-11-13,0.01035175575252683,0.0295866810841948,0.13071780504526986,0.041409217922318824,0.11351048465026674,1.01075566078241,0.0
2024-11-14,-0.0038013721455951287,0.018798722170979304,0.13299490578121353,0.033076347587850004,0.10516584074935656,1.0105206331581151,0.0
2024-11-15,-0.021015195134965015,0.005821536650088445,0.1413267830525801,0.018176036941484713,0.08998356505121596,1.0091865940556966,0.0
2024-11-18,-0.01787892815001632,0.006071124814717159,0.14140866736147484,0.020807176255311578,0.09344822484616387,1.008362237029037,0.0
2024-11-19,-0.011118792677218322,0.011363635337609798,0.14168549726969348,0.0230052140799012,0.09640232906329407,1.007912474334677,0.0
2024-11-20,-0.01126583916856802,0.012233543912858674,0.1416345747433243,0.022013589015832412,0.09574455495443975,1.0074967150374166,0.0
2024-11-21,0.0005388899376725601,0.026767018326934254,0.1379119242424168,0.026210925351501404,0.10060336076011347,1.007514206943972,0.0
2024-11-22,0.01652512164127296,0.027701414361496108,0.13802547438457097,0.02813985473901778,0.10297343540045695,1.0076897614863696,0.0
2024-11-25,0.01582264809260281,0.03143316588628329,0.13806381317679864,0.030332045967272504,0.10568056894968869,1.0080105297560396,0.0
2024-11-26,0.017381587495737524,0.03355428461746059,0.13856620697677507,0.034310037544188925,0.11038184546758875,1.0085883119753989,0.0
2024-11-27,0.014008304698376673,0.028902656634940595,0.13949192420849127,0.029787692066818992,0.10589942478765334,1.0086952860629086,0.0
2024-11-29,0.014847235536752669,0.03812527673093367,0.13947993910755113,0.034998824909166094,0.11165417299414232,1.0091771696394565,0.0
2024-12-02,0.013543125279020097,0.05971368200216279,0.1152785259453073,0.035595065259414825,0.11255545964592066,1.0095913208110876,0.0
2024-12-03,0.01062047439708698,0.05596589458008224,0.11544906737621198,0.034859628480151,0.11195389552155437,1.0098406608504873,0.0
2024-12-04,0.011602787973071446,0.06431221239850843,0.11467520524282196,0.03998954911242278,0.1176696205160076,1.0104208650625917,0.0
2024-12-05,0.012990545139753099,0.05064616438275477,0.11093685918626513,0.03697840644602489,0.11466089944973772,1.0106193692993954,0.0
2024-12-06,0.008691693560588843,0.027978741828351767,0.07629164115463583,0.037684570451095425,0.11569729230200698,1.010803641375856,0.0
2024-12-09,0.0017380529030247846,0.015113420267226084,0.07577221179422546,0.03117148124552678,0.10891797464653374,1.010407163638134,0.0
2024-12-10,-0.0018397119358865485,0.007677088500196636,0.07569610148471366,0.02694825175566726,0.10444188033756933,1.0097278629961808,0.0
2024-12-11,-0.0003288890179274865,0.014425526720778268,0.07985128413163724,0.03351961794453336,0.11190782201465281,1.0097018097592758,0.0
2024-12-12,-0.0038480321585293844,0.012370684702227356,0.08138531324073747,0.026954719705198745,0.1051387592865106,1.0091551024686092,0.0
2024-12-13,-0.005940622038323154,0.011686364037501784,0.08143077686861416,0.02548248752863946,0.10390108645468996,1.0086062239709324,0.0
2024-12-16,0.003483432032106798,0.02239822444492801,0.07820709036334655,0.02868083695304425,0.10761589980303707,1.0084189836361193,0.0
2024-12-17,0.002468800359369242,0.031161083994530894,0.06289292062452254,0.023176640308265602,0.10207895108333342,1.0078451764399448,0.0
2024-12-18,-0.035488876643488695,-0.00318442177269411,0.1259215202294116,-0.0077580982780488545,0.06841635412787485,1.0049210130373951,0.0
2024-12-19,-0.030629978142846744,-0.007140500763401063,0.12516046219039229,-0.008363524920224739,0.06729946474463762,1.0025438922495715,0.0
2024-12-20,-0.01849191599454946,0.0044602872115203415,0.13220622877181099,0.0029697399642021776,0.079301788298329,1.001587553240302,0.0
2024-12-23,-0.016782462506669666,0.005076872000585784,0.13252523296617263,0.008392308561015058,0.08487912176729387,1.0012937683272731,0.0
2024-12-24,-0.0016001662217519069,0.013035796131506029,0.13746009005254375,0.018946069309153973,0.09597287304232986,1.0019334387767236,0.0
2024-12-26,0.028723014403623834,0.00971594453832692,0.13709908299058282,0.018202768011508212,0.09513654908224793,1.0024169656848787,0.0
2024-12-27,0.018447893434556745,-0.006074194824581845,0.14106705297865219,0.006984689451068268,0.08276494399800476,1.0019222341823208,0.0
2024-12-30,-0.004968742983518111,-0.01451676047037444,0.14607984934527876,-0.004770138787649485,0.06963233250114666,1.0006040512815173,0.0
2024-12-31,-0.014583928479583634,-0.024354292015750515,0.14420138038163138,-0.008506637642268711,0.06495525181780865,0.9992753731435133,0.0
2025-01-02,-0.02809766708452651,-0.028604996232040575,0.14385696343938215,-0.011042105558832057,0.06159879024051359,0.998046480950499,0.0
2025-01-03,-0.015738367520509396,-0.016642897379269453,0.15153327439943454,0.0009646955321137219,0.0740806211425554,0.9980880941679687,0.0
2025-01-06,0.0005879567741455902,-0.0170890260235077,0.15128191751661813,0.006073897564567747,0.0794857348595933,0.9986012945815103,0.0
2025-01-07,0.0006967737058826678,-0.026810531904244872,0.15564191540310066,-0.005679609026909823,0.06659242451336145,0.998113748728316,0.0
2025-01-08,0.0058014566207385525,-0.027244528955600804,0.1555377425321362,-0.0046435877809619585,0.06744205342247374,0.9978685217180233,0.0
2025-01-10,-0.007123745226124327,-0.03746679436118969,0.16260912084397172,-0.019893465202611996,0.05051986139845026,0.9964854849473337,0.0
2025-01-13,-0.01800032508652252,-0.03280351052990542,0.16293065975618448,-0.018425929230618105,0.051505859979376845,0.9955598201934277,0.0
2025-01-14,-0.02236942194360882,-0.03912955894918903,0.15984346630421686,-0.01721224661610583,0.05234323360309311,0.9949910264002693,0.0
2025-01-15,0.00702547259591612,-0.015937027149799363,0.17341969045077527,-0.00021457268190067037,0.07076215024933481,0.9960375547275702,0.0
2025-01-16,0.0036404897714370013,-0.01766341714584065,0.1734525255053687,-0.0028946104343127747,0.06798438933699287,0.9967480392748839,0.0
2025-01-17,0.029015619324801966,-0.011934607068494514,0.1766810283126702,0.006109665370110032,0.07789237129421875,0.9981448366609237,0.0
2025-01-21,0.03657811610362169,0.0013058052143470247,0.1792538783962299,0.014352909792073312,0.08689001363918815,0.999995990074911,0.0
2025-01-22,0.040809047100198025,0.0371683647944977,0.14200426855112624,0.019459122280382997,0.09203284102897012,1.0018974947974122,0.0
2025-01-23,0.028225748694248466,0.04291869968729584,0.1423412411629297,0.024467543488575494,0.09704208190235601,1.0038028694635008,0.0
2025-01-24,0.027227318869490647,0.02805581771819946,0.1385839485031518,0.021072539468730087,0.09291321317028435,1.0050082036620598,0.0
2025-01-27,0.0029908016294582316,0.007838657067633389,0.147475994752194,0.0065402526712092755,0.07663034432957368,1.004746246781316,0.0
2025-01-28,0.00243470040251873,0.005340671838617663,0.14543633169789252,0.01486084017740643,0.08495218105059857,1.0051726922915516,0.0
2025-01-29,-0.0076641831532826415,0.0007811672375912229,0.14636519469999987,0.01008672405429876,0.07922865813283574,1.0050860700604745,0.0
2025-01-30,-0.007754585624606682,0.016716220628132418,0.14214607806384108,0.015041906382474775,0.08405786234152693,1.0053891520538139,0.0
2025-01-31,-0.01016732402606469,0.02285723667565288,0.13696251540019058,0.00902931009343466,0.0773021004226031,1.005136549948658,0.0
2025-02-03,-0.002672901280990107,0.019749684266226916,0.13872731261208338,0.0018495755076161728,0.06910437093932338,1.0043419590331197,0.0
2025-02-04,-0.004542698955595373,0.028895639967548802,0.13951808763525517,0.00811541121939536,0.07525664741189869,1.0042029515343514,0.0
2025-02-05,0.003996623288303996,0.020516158046404616,0.13406924863733735,0.011670694139574934,0.07856127800425025,1.0043699411400004,0.0
2025-02-06,0.0021132807944416287,0.01824154464842846,0.13327939278265924,0.014689264100978922,0.08119128468034775,1.004728796880345,0.0
2025-02-07,-0.0017461544104480763,0.020414308559322136,0.13095810794009757,0.005157182294279552,0.07028459358970414,1.0042195333669048,0.0
2025-02-10,0.011774349698520769,0.025722577344009134,0.1324893203642079,0.011667758219053649,0.07655529653957198,1.0043133436530605,0.0
2025-02-11,0.0058486699814582375,0.04186805517513137,0.11799754505210354,0.012211099023763909,0.07637058419409921,1.0043980959828178,0.0
2025-02-12,-0.001424361078341777,0.037092122054585355,0.11937598634610652,0.008729708287932202,0.07190524309914383,1.004155827467583,0.0
2025-02-13,0.0056083372448002865,0.04621930383683756,0.12312713567662709,0.019065868427504504,0.08219958563791468,1.0047609805012878,0.0
2025-02-14,0.014754951060380692,0.028143787023786712,0.10896041938137924,0.018740282991078012,0.08114360080754812,1.0051751206108888,0.0
2025-02-18,0.010918037540444977,0.033000125113017115,0.10842411551789066,0.02140305951393217,0.08321943757366283,1.0056750437943347,0.0
2025-02-19,0.012510048806855113,0.02536248465718451,0.10409377367114389,0.02355852437048005,0.08464270504170042,1.0061896248147646,0.0
2025-02-20,0.011567715382240263,0.012081721333203933,0.10152229160048677,0.019104310584218347,0.07907811696998766,1.0061852818199102,0.0
2025-02-21,-0.01618659421119197,-0.010776337474552432,0.11695691630056677,0.001868466015350167,0.05974499117727287,1.0047383496412214,0.0
2025-02-24,-0.020698280334479714,-0.020780242004941468,0.11566444089941667,-0.0025090431750521567,0.0541259115950538,1.0031900200355568,0.0
2025-02-25,-0.02861525731326823,-0.02284245106974176,0.11631764949169868,-0.007252984270343473,0.04812440075893082,1.0015464722617557,0.0
2025-02-26,-0.03046268273068824,-0.008090999702961961,0.10606318232742967,-0.006390464480993502,0.04789290496786808,1.0002784897179269,0.0
2025-02-27,-0.04238432097237102,-0.03273730004168581,0.11395426728792575,-0.021686174181208294,0.030532011143874747,0.9980185808990649,0.0
2025-02-28,-0.009647287532576525,-0.012759441853846316,0.1276629742945416,-0.0061531698680867865,0.045892282300876636,0.9974809961052125,0.0
2025-03-03,-0.022761810298274378,-0.03578746667860916,0.1385728999363976,-0.022879347748551816,0.02695500314417258,0.9956971338576422,0.0
2025-03-04,-0.02968350992903246,-0.04235863697270953,0.14255542349252598,-0.03362346254790263,0.014276572632789157,0.9934141383592776,0.0
2025-03-05,-0.019497749720795522,-0.02491584814276737,0.14795834621739265,-0.02319594513341178,0.024652143010996448,0.9925247635834854,0.0
2025-03-06,-0.021317922118445916,-0.04951252320453635,0.15579496565866977,-0.04016815037868932,0.0060291884555567525,0.990509614745163,0.0
2025-03-07,-0.03121336165209201,-0.04796942679424232,0.1566833599675257,-0.0342952003545634,0.011210240582351774,0.9894625663744183,0.0
2025-03-10,-0.04053515947126698,-0.07843590694431776,0.17683520456279855,-0.05894106373371596,-0.01603177922073607,0.9866619798419122,0.0
2025-03-11,-0.036975222120180576,-0.07758770468244203,0.1765293319012716,-0.06533971327863959,-0.024465109033182622,0.9839541646029809,0.0
2025-03-12,-0.042373328872436396,-0.07906352671372453,0.17549820199967955,-0.05903620540555638,-0.019582027409249848,0.9823966339567085,0.0
2025-03-13,-0.03788285806389487,-0.09324405124988945,0.1777515673050418,-0.07021511847018236,-0.03291046182504521,0.9803232299052547,0.0
2025-03-14,-0.023026689223588134,-0.06957175493948867,0.19759572605442846,-0.05019551710687363,-0.013266896455258644,0.9804900815430038,0.0
2025-03-17,0.011651976434197554,-0.07239226775492048,0.19533969990774594,-0.04225941262534182,-0.006027614897827969,0.9814438062672666,0.0
2025-03-18,0.009131992008958402,-0.0832106637338643,0.19655942037837806,-0.05185483003162586,-0.017115267574149468,0.9815426458119068,0.0
2025-03-19,0.014671732530997048,-0.07530983172317246,0.20188421192632672,-0.04072376889052678,-0.006841578775582445,0.9826815877466774,0.0
2025-03-20,0.025196025537834607,-0.08055807451890995,0.20075452424013004,-0.04253035715808728,-0.010087931339285403,0.9835404106971158,0.0
2025-03-21,0.00508028106980405,-0.07605918925192488,0.20126479350628168,-0.04146940038731708,-0.010133368862841524,0.9844255903995522,0.0
2025-03-24,0.015148659104141766,-0.04105701443958676,0.20781410586083604,-0.023850889427751702,0.007131154755115756,0.9867164185828433,0.0
2025-03-25,0.028417010705720672,-0.034095372693663924,0.20811335763853875,-0.021394921234574014,0.009131598556342657,0.9888562989939446,0.0
2025-03-26,0.0055747906764359294,-0.0411197837334683,0.2109464680581155,-0.032713990281016465,-0.003270888568995112,0.989697249795263,0.0
2025-03-27,0.005811520610904711,-0.044283871177317004,0.2107656848237573,-0.03484404275609333,-0.0062644803420544605,0.9902616699787781,0.0
2025-03-28,-0.014862231785916759,-0.048537100065470615,0.21479723122861666,-0.05314156887880378,-0.0265046648096348,0.9892095482339993,0.0
2025-03-31,-0.02592187360500751,-0.05733160051201773,0.2076582582357722,-0.045794409143296515,-0.020220268329201343,0.9890273191473737,0.0
2025-04-01,-0.02550234811475936,-0.036835910510148895,0.20110644607504635,-0.04196128905043672,-0.017680140670493057,0.9892297579069546,0.0
2025-04-02,-0.007183817385813556,-0.018620091190249394,0.19941128470948913,-0.03468766131631287,-0.011713573323089317,0.9900110118718691,0.0
2025-04-03,-0.055061071594679406,-0.07984719305120089,0.2586256450876884,-0.08012231355168825,-0.06042325651110556,0.9867945535587661,1.0
2025-04-04,-0.09504379461111333,-0.12226297255813803,0.32180231709333534,-0.1309168811967628,-0.11515823226065594,0.9798807989973274,1.0
2025-04-07,-0.10351703610590156,-0.12963527496582727,0.3195135182246474,-0.12941721878732668,-0.11644643577053522,0.9744533945237228,1.0
2025-04-08,-0.1221242554697309,-0.11842500650861282,0.31259271560525587,-0.14005191544064766,-0.12995273251606324,0.9692331526526736,1.0
2025-04-09,-0.02856989030798275,-0.010214759378051552,0.48046116417539725,-0.047956919592594446,-0.03865858957187065,0.9731459199658842,1.0
2025-04-10,-0.02284121848146392,-0.06031508266022839,0.5036541353313904,-0.08728508596116767,-0.0806782091111468,0.972966877162304,1.0
2025-04-11,0.05517066675533093,-0.02920944773891222,0.5069614260399534,-0.06875465223920384,-0.06422773050128314,0.9745102676003743,1.0
2025-04-14,0.06660817746453321,-0.04000040827770593,0.5024630955207852,-0.05771870398564688,-0.05513887204828959,0.9767762778921585,1.0
2025-04-15,0.07959013819364288,-0.050486844749167474,0.5012538773390615,-0.05843681287333499,-0.057755273663443504,0.9785929471631638,1.0
2025-04-16,-0.04275157904379924,-0.0620983304308092,0.5053214787898133,-0.07696322859547468,-0.07859095417762728,0.9784850539477967,1.0
2025-04-17,0.003482139285892906,-0.07150467590533253,0.5031331348727781,-0.0731725205995027,-0.07716452803905278,0.9787482430188374,1.0
2025-04-21,-0.03829366222194248,-0.0926991354986893,0.508194439547631,-0.09233705295686173,-0.09889366171959324,0.9773137251240704,1.0
2025-04-22,-0.02226338434737917,-0.06734407369488915,0.5186592225679817,-0.06635640212913708,-0.07529465674495123,0.9784374512929251,1.0
2025-04-23,-0.004081963083095094,-0.06971746693640435,0.5175147949330952,-0.04961329463989823,-0.060850472194618525,0.9807877630799358,1.0
2025-04-24,0.03922747758628311,-0.05128786355024677,0.5239792683301503,-0.02764773132785199,-0.04105385117114671,0.9845348307408764,1.0
2025-04-25,0.04500100054201538,-0.03207846603975308,0.5237850197493867,-0.01884530288333572,-0.034125451545345444,0.9882317501701797,1.0
2025-04-28,0.069472638612097,-0.029038017497497022,0.523808136085328,-0.01647163929982558,-0.03371315378984667,0.9912885305304113,1.0
2025-04-29,0.050067531794026496,-0.0024143101149458933,0.5197686892742417,-0.008379534365714683,-0.027652038025417488,0.9942906468692878,1.0
2025-04-30,0.035087611458390636,-0.008707981873006197,0.5191873255424932,-0.006026001896046743,-0.027264529241682073,0.9967343281911732,1.0
2025-05-01,0.02131884065155372,-0.004466674783933691,0.5197279282520006,0.0029099853625424144,-0.02038993286344967,0.9992565828825767,1.0
2025-05-02,0.028854623689112582,0.0039599750351730495,0.5218754663170404,0.01932733480291914,-0.005911153218377281,1.0024412635434188,1.0
2025-05-05,0.02272254440465504,0.04874559850183742,0.48905495600367116,0.014746107717143998,-0.011713928724968549,1.004423437966605,1.0
2025-05-06,0.008049415739768539,0.10067890023593597,0.4353747518039795,0.007593545693530631,-0.020071500648426298,1.0052378731820413,1.0
2025-05-07,0.011849400795982325,0.10665845502887768,0.434728847095506,0.012974702916163126,-0.01609971783865074,1.0061525403589562,1.0
2025-05-08,0.011731148924527063,0.12938872961032424,0.42806216552479426,0.021053818328131368,-0.009379788991170354,1.0073578000325611,1.0
2025-05-09,-0.004279100719259791,0.028250764623896,0.25917003952939943,0.02045173071508308,-0.0107787656668943,1.0081094234866748,1.0
2025-05-12,0.0339851026451474,0.10557191962844872,0.22132036221885032,0.054533984683999795,0.021493280330915233,1.0112637484067806,0.0
2025-05-13,0.04896065514491428,0.0944688886255193,0.2166110578498236,0.06131300358765668,0.027757651122814773,1.0141256927207078,0.0
2025-05-14,0.046041103427261025,0.0860913809916055,0.21604168655219622,0.06219062375054741,0.028636421441296345,1.0162858637974606,0.0
2025-05-15,0.04397004714520025,0.09376863856188161,0.2145822183780886,0.0670258301691473,0.033201153935001594,1.0181718254429593,0.0
2025-05-16,0.051559204722083196,0.12256154838977844,0.19090261775751108,0.07288447058203507,0.0392246059389997,1.0199403119019639,0.0
2025-05-19,0.020139170900179124,0.12222895124273495,0.19100288695454637,0.07325739583958402,0.0399138477785789,1.0211657284401472,0.0
2025-05-20,0.010189083172234749,0.14295163401969654,0.16129297006279944,0.06834007700599062,0.03592006459876677,1.0215907799138317,0.0
2025-05-21,-0.008082529822141742,0.10027223551684292,0.16604338435556337,0.049255816883537515,0.01797512005194619,1.020293868020736,0.0
2025-05-22,-0.012560257098554267,0.08529034454642244,0.16205324723232667,0.04869234225929253,0.017749908273521867,1.0190767482440306,0.0
2025-05-23,-0.025723682392570432,0.05761038841092491,0.1541374979837115,0.04043579813854597,0.010257368682458972,1.017357671102743,0.0
2025-05-27,-0.006239411401220189,0.07098853929949937,0.16555456205484326,0.06092245178217206,0.030565933577350386,1.017466593120286,0.0
2025-05-28,-0.00867382827685928,0.06480516713074026,0.16832846433485157,0.053941670271443705,0.02404970701067508,1.0168784317934898,0.0
2025-05-29,0.012260278035748112,0.06246498175856453,0.1679637991382402,0.05693780775323053,0.02753651438201056,1.016539771107398,0.0
2025-05-30,0.010746449167050783,0.06094918225508259,0.1683385770981392,0.05485018943363064,0.02584130779416922,1.015992355274573,0.0
2025-06-02,0.023212837738018004,0.059504385497389185,0.1679627482688617,0.05969512863477247,0.031119353841559127,1.0158311582635509,0.0
2025-06-03,0.008321939896156753,0.050455855506543544,0.1627272601254262,0.06451609782772297,0.03648174288353818,1.0159798377813123,0.0
2025-06-04,0.013855588620417294,0.05593821134650251,0.16035701238099945,0.06340033350901773,0.035770710903199845,1.0158868648725847,0.0
2025-06-05,0.0050714340241285695,0.059487000042924565,0.157723414509266,0.05759723019562856,0.030371599049100133,1.015238804911604,0.0
2025-06-06,0.016407138429816247,0.06550691988891652,0.15974501625543472,0.06729476840713919,0.040547704422048664,1.015378904333302,0.0
2025-06-09,0.011691027064856592,0.059464263637718714,0.15929315757555282,0.0670174169047651,0.041067684186052514,1.0153809741230337,0.0
2025-06-10,0.01165814389100824,0.06639310011681158,0.1588500817747862,0.07125936197939271,0.04653675923746104,1.0156599682893277,0.0
2025-06-11,0.009070495873501332,0.031023604574856447,0.11867551894637236,0.06661359730680275,0.0430960954617586,1.0154632292188475,0.0
2025-06-12,0.01788156316828942,0.028407908066299704,0.1175988332156099,0.0692301835346565,0.046816081456070434,1.0154492622246483,0.0
2025-06-13,-0.003578215176942484,0.015887601284713004,0.12543697072143428,0.056061080709404916,0.03474047666826063,1.0143552126931985,0.0
2025-06-16,0.00499019666644428,0.02048441315896275,0.12831519829378016,0.06362591202079598,0.04416551552260686,1.0140936494646458,0.0
2025-06-17,-0.009245418399058132,0.005588476995670248,0.13085668340207365,0.05111449527853371,0.034844296725386754,1.0130377949824494,0.0
2025-06-18,-0.006539759169845153,0.004344674504832172,0.1308285576329546,0.04752659046811241,0.0342914634838485,1.0120498275548482,0.0
2025-06-20,-0.012857683771847444,0.005361141122217517,0.13052564441321715,0.04143055636196879,0.03152620055748973,1.010950870063736,0.0
2025-06-23,0.008214443172849443,0.03218457427970419,0.11836777487114587,0.049761813307653384,0.041219286709232555,1.010751681161121,0.0
2025-06-24,0.009731973755309124,0.04277664401282614,0.12269279101642983,0.05825855564802434,0.052150633721521324,1.0113575471647287,0.0
2025-06-25,0.018873863595300723,0.050186022983541405,0.11854567204695095,0.05609756196251702,0.05215370039228066,1.0117429795936848,0.0
2025-06-26,0.026817771766850424,0.03740185767290279,0.10077168902455313,0.06161459253169053,0.05966786163521495,1.0125379768208231,0.0
2025-06-27,0.034125352528185944,0.048160321927262745,0.09740605636303841,0.06397677494155432,0.06423963993238205,1.0134134476385384,0.0
2025-06-30,0.02906595566893975,0.04899025191289583,0.09762497877437307,0.06560686055689503,0.06862668396771758,1.0143261326446136,0.0
2025-07-01,0.01775555815176991,0.04978575299754527,0.09730894410726407,0.06186334860337913,0.06763420058016982,1.0148425649083654,0.0
2025-07-02,0.021718730140102036,0.04869191538562544,0.0969221673090948,0.06272769948052936,0.07184208870428832,1.015438025492262,0.0
2025-07-03,0.021775833520756523,0.05085575129750256,0.09815162588957027,0.06745965353322139,0.07963457054440821,1.0163591986637746,0.0
2025-07-07,0.00933962799696023,0.04364436130380569,0.10366624517256245,0.056373067919797876,0.07099029691334477,1.0162771067220144,0.0
2025-07-08,0.004022191951773432,0.0479410098405407,0.10108736100811558,0.05309662731976017,0.06981118825840302,1.0159784906538476,0.0
2025-07-09,0.010324441009425256,0.04370305557715429,0.09791263228113121,0.056719223201730284,0.07558121316394055,1.0160415381839774,0.0
2025-07-10,0.008617634075330586,0.04561852239609944,0.09784652864872145,0.056957848166407955,0.07803997325715271,1.016130575385365,0.0
2025-07-11,-0.0027543313055285656,0.03644327610096576,0.09888987940214881,0.050724716461330956,0.07368952421597272,1.015727078281022,0.0
2025-07-14,0.006631991833895172,0.04120585726419953,0.09746958601035455,0.050185059913110515,0.07517904647607952,1.0153822947100637,0.0
2025-07-15,0.0028974567660429865,0.03295690343829426,0.09949977019791366,0.04340639236401953,0.07006770840146788,1.0145900864075337,0.0
2025-07-16,0.0002564231561084651,0.047537693910205236,0.08799782629024806,0.044822444935877614,0.0730964033012426,1.014069777519911,0.0
2025-07-17,0.0035410915439356423,0.0441694172735908,0.08525341985283275,0.04889225888117454,0.0790971699317637,1.013990913143998,0.0
2025-07-18,0.0063298779750556745,0.052018572475079565,0.07677197497322641,0.04566413627041958,0.07773817969264729,1.0137073165991064,0.0
2025-07-21,0.006317958946581096,0.05406357538062577,0.07621487290296917,0.04523405870108883,0.07922274525555675,1.0134788999355218,0.0
2025-07-22,0.010743392930766937,0.05655798014090864,0.0746574839060033,0.04311322334596433,0.07877062282982875,1.0131553123674784,0.0
2025-07-23,0.015877409421065813,0.05520066015842161,0.07315581563163216,0.04949709479886059,0.08728978471286665,1.0134327553473848,0.0
2025-07-24,0.010107307187412026,0.0445447507056937,0.06685752739504502,0.04800100716386919,0.08698004035945339,1.013519046420062,0.0
2025-07-25,0.015055550369666722,0.048200259249445564,0.06698109308405473,0.050623582541349695,0.09092297779457036,1.0137691767289765,0.0
2025-07-28,0.012909888463936174,0.040155692077711524,0.06440854086063347,0.048593036453050395,0.08995460015814404,1.0137831644173116,0.0
2025-07-29,0.01012574799896327,0.032558375611685966,0.06525565363012172,0.04422710074717316,0.08645314199772268,1.0134207856903856,0.0
2025-07-30,0.0003940083859674875,0.026528712875449348,0.06484932447164796,0.041473691088243246,0.08450378395705122,1.0128807641524453,0.0
2025-07-31,-0.0036951795896374767,0.023094012964286315,0.06696528196589506,0.03624068195947401,0.07986989430373435,1.0120088181421474,0.0
2025-08-01,-0.02443698614261415,0.0020445429667293805,0.08936082142976556,0.01823398278045425,0.06173935418334149,1.009877432191921,0.0
2025-08-04,-0.009100212649325107,0.009279645907629894,0.10013537260915124,0.032019874367806386,0.0773968375261878,1.009292831435521,0.0
2025-08-05,-0.011541986540958242,0.011676761073767491,0.09806889451473762,0.02522526747070246,0.07144462455124166,1.0083232320710875,0.0
2025-08-06,-0.00265152656114579,0.019854994362530125,0.10095844939033047,0.03121343931206475,0.07913699662646888,1.0080783355716532,0.0
2025-08-07,0.0002689236961860862,0.013038495651047142,0.09942636407239723,0.028913088366878843,0.07772506439789525,1.007726661555864,0.0
2025-08-08,0.02456243608034015,0.017989344971738944,0.1022430582278563,0.0352114569468696,0.08559182889944973,1.0079860260179168,0.0
2025-08-11,0.0074974830784409665,0.019531460291599426,0.10154821039556493,0.03156853982937602,0.08291281537438527,1.0079372387002985,0.0
2025-08-12,0.023170132053424972,0.02821490129329729,0.10691349537859011,0.04069242174868562,0.0938382452256966,1.0086606568347796,0.0
2025-08-13,0.018957065057554165,0.035914602654041304,0.1051204211542129,0.0424343124020273,0.09690812373642953,1.0094010602593029,0.0
2025-08-14,0.01988783623520119,0.03266990873013987,0.1050883948405101,0.04082800484278849,0.0963473289764605,1.0098769657558286,0.0
2025-08-15,0.009776632739259565,0.02422488616706286,0.10455660260373481,0.036742594528932755,0.09313227024158222,1.0099447533019605,0.0
2025-08-18,0.011538446886037007,0.024740029202580758,0.1044546803563144,0.03478309829822497,0.09226485011066689,1.0098649420367973,0.0
2025-08-19,-0.00449131147316943,0.017405630873546764,0.10688266752915346,0.027766070278239536,0.0857543796853177,1.0092525975682438,0.0
2025-08-20,-0.010569074080447294,0.014602135642827072,0.10754845160433008,0.023713324948325367,0.08228669726353276,1.0084548031244644,0.0
2025-08-21,-0.014682075601230662,0.0021104237078433917,0.10483924000085629,0.01848703369540082,0.0772851386990629,1.0074134587336716,0.0
2025-08-22,0.0029020138930702967,0.017019592872721135,0.11724008898956907,0.03261451665767442,0.09309169771065003,1.007732911408172,0.0
2025-08-25,-0.0012911152588758273,0.008393363574038207,0.11788973505638846,0.02673916818811347,0.0875630331113012,1.0075389087726099,0.0
2025-08-26,0.008327181197445058,0.012822923607055649,0.11857817039245722,0.02939574071521009,0.09143490895570985,1.0076355568265394,0.0
2025-08-27,0.01326358454963199,0.01773997219349579,0.11810162190834272,0.030237953485565967,0.09335699873232971,1.007805807311045,0.0
2025-08-28,0.02081878929078469,0.022535204612660592,0.11819296045108395,0.032138361747088715,0.0966835481347669,1.0081330695725308,0.0
2025-08-29,-0.0004030151107542587,0.020311757351604353,0.11958096255482231,0.024374014878374713,0.0896605341234058,1.0078144615186975,0.0
2025-09-02,-0.0034300175690486967,0.02940033214760366,0.10622735855058782,0.015300214527400359,0.08115623244761529,1.006882041890033,0.0
2025-09-03,-0.0022034953415543323,0.019719640914826427,0.09523766008453095,0.019393354380667024,0.08653507042534798,1.0065041769547185,0.0
2025-09-04,0.003843230381647607,0.03312518911610164,0.09587700853034038,0.02653631642914061,0.09508459793761377,1.006801173736568,0.0
2025-09-05,-0.0025924610391650994,0.022594270134641284,0.09442915633335064,0.02226593574623322,0.09136611887952435,1.006721910521867,0.0
2025-09-08,0.005842994459495652,0.025885828114913922,0.09427692518417419,0.023582345103239942,0.09341576307439638,1.0067792946361318,0.0
2025-09-09,0.015589966066209123,0.020427862133472634,0.09136107128695228,0.02480349127593482,0.09531942996415517,1.00693139574108,0.0
2025-09-10,0.013071705895910548,0.02529386373229601,0.09093390976817876,0.02665417546610523,0.09786274281729959,1.0072023122178082,0.0
2025-09-11,0.01302493147746383,0.022979988540140498,0.0882381423258241,0.03388461437049525,0.1063102085968018,1.007998296580065,0.0
2025-09-12,0.015590796533442796,0.01922800161052991,0.08795030348409465,0.032338959535112184,0.10529625055628342,1.0084997511898537,0.0
2025-09-15,0.018446850056794206,0.024444841936506933,0.08918346031945076,0.03667695443330828,0.11051866255934573,1.0092216695073568,0.0
2025-09-16,0.014759918338124067,0.02541114773233714,0.08876638197737337,0.03397428652994991,0.10835645998512287,1.0095665815922823,0.0
2025-09-17,0.010630019405536954,0.024385436251795956,0.08904491896668293,0.03143432046365298,0.1063838027109611,1.0096247483855105,0.0
2025-09-18,0.007015693844797455,0.034486993858107384,0.08644710624824874,0.03501635142898486,0.11091022581791822,1.0099341007863614,0.0
2025-09-19,0.012291069455217817,0.04208814514619502,0.08568697264145268,0.038852942873924344,0.11577072367933616,1.0104591313374187,0.0
2025-09-22,0.011701205457140318,0.05082812299487791,0.08325910735558721,0.042301354685094474,0.12038595924092044,1.0111289227160138,0.0
2025-09-23,0.007620458119694593,0.03012959195896144,0.07339233449382764,0.03532877149585541,0.11366440621600392,1.0110812155446445,0.0
2025-09-24,0.005677043068088043,0.03135359457875982,0.07227800525551537,0.03072558454480636,0.10955527181702193,1.0106595693371407,0.0
2025-09-25,-0.0036086599928356507,0.022551152667826674,0.07455367178006239,0.024834147288948144,0.10389284050870007,1.0098370891110318,0.0
2025-09-26,-0.002836609866993369,0.025987950729569664,0.07618463723016665,0.029566569270223032,0.10964652148462121,1.0095375343974513,0.0
2025-09-29,-0.004750046338667948,0.02525928736542528,0.07594919661690022,0.03124614349382504,0.11214730805771396,1.0094183882533059,0.0
2025-09-30,0.004468119693178083,0.03500072676289377,0.0717170601466899,0.033872832801403276,0.11567639347151193,1.0095185418961288,0.0
2025-10-01,0.011056571589528953,0.045840183737337475,0.0637679109044069,0.03606670779458463,0.11883831399069171,1.0097603735835967,0.0
2025-10-02,0.016831852969067584,0.04158650097844859,0.06275427807196046,0.03607932858473558,0.11945108662454386,1.0099286956321216,0.0
2025-10-03,0.011104255669854228,0.03324897601777628,0.05864898118790184,0.034892925941193365,0.11875834884089528,1.009943790383306,0.0
2025-10-06,0.011877583253504232,0.039729331658094606,0.05666933026997404,0.037440464064184435,0.12209414875345728,1.0101284931346703,0.0
2025-10-07,0.004403527806998106,0.03356126011039623,0.05983828506012822,0.03251154406900947,0.11726122308598491,1.0098567141385981,0.0
2025-10-08,0.00694711596953362,0.03719733364066197,0.061680048620467214,0.037400392096075596,0.12304332830253722,1.0100082064364186,0.0
2025-10-09,0.0028947310388750757,0.031409526121413116,0.06359045558375702,0.03317039340851079,0.11893015837272704,1.009777295394254,0.0
2025-10-10,-0.02449017964331239,-0.004266135102999936,0.1149834085259738,0.004544417472479274,0.08808022011850203,1.0073120587726647,0.0
2025-10-13,-0.012842476515154785,0.011296058609497034,0.12679033209769536,0.018609416416053466,0.10409955393018272,1.0064987637519391,0.0
2025-10-14,-0.01035050034542976,0.0047639097081722676,0.12570725991407503,0.016340654102039654,0.10214372257729236,1.0056903526229837,0.0
2025-10-15,-0.011866074628383069,0.010571340674154836,0.12638120502820352,0.01963416793772946,0.10640099160739813,1.0053453422404746,0.0
2025-10-16,-0.01579849744099447,0.0049810092748816944,0.12881498798613508,0.011771652565360944,0.0982193739282317,1.0044699106500867,0.0
2025-10-17,0.017261592560198862,0.0059797636124014715,0.12929279578069078,0.016459783593695508,0.10370765278486992,1.0041838554794968,0.0
2025-10-20,0.012380868696818616,0.011385857851097832,0.13304748998269705,0.025905125836544512,0.11435086196657306,1.004741608208928,0.0
2025-10-21,0.013588244748548372,0.006650948999580322,0.13218237263029015,0.024726885293642847,0.1134864275405415,1.0051217135452934,0.0
2025-10-22,0.00394608042328448,0.006896962977744722,0.13204962148757618,0.01856336875922675,0.10695399942961374,1.004942101316151,0.0
2025-10-23,0.01669212093768966,0.01599608714448331,0.1327577229379488,0.02370857263335386,0.11276582601902131,1.0052186806197805,0.0
2025-10-24,0.019171122080016707,0.02875954568525383,0.13359336378100164,0.031003878151588143,0.12098969431898982,1.0060303709822767,0.0
2025-10-27,0.020552991961575992,0.0347754596796672,0.13762239322392747,0.04178509157883793,0.13326875502648067,1.0075453467286497,0.0
2025-10-28,0.023220400255759444,0.03462139559400772,0.13760719878425492,0.043107665389789364,0.13523091234707763,1.008854504082321,0.0
2025-10-29,0.028913110026456423,0.03134195331102306,0.1374421109626136,0.042047312663585815,0.1347352194242269,1.0098110392232604,0.0
2025-10-30,0.011941665615443851,0.01688118117039821,0.14388866999299768,0.02922981477974846,0.12130478031967672,1.009551391188035,0.0
2025-10-31,0.007077068872624923,0.019004761588811172,0.14414107573668095,0.03109886844020077,0.12410738282216995,1.0095009608485601,0.0
2025-11-03,-0.0027765718312886267,0.020894632178524344,0.14413778941327376,0.031791975720576036,0.12531908167007674,1.0095022876893642,0.0
2025-11-04,-0.017353363738290696,0.005390448602212786,0.15050032839370822,0.018499031108950056,0.11122199111107342,1.0084403081012736,0.0
2025-11-05,-0.014374233085363248,0.012564192418661708,0.15016665930798112,0.02097507360865085,0.11434141122138734,1.007787901145989,0.0
2025-11-06,-0.014102486223586702,-0.004168421022722111,0.15380233287281958,0.009246104996623476,0.10175890798688418,1.006331165667128,0.0
2025-11-07,-0.016393187077813953,-0.00028315652787785505,0.15353071516962605,0.009514890001093877,0.10224107701332114,1.0051953093849781,0.0
2025-11-10,-0.002784393186809765,0.04260041863502697,0.12666601765569613,0.02409132283892105,0.11871716241121265,1.0054823192612417,0.0
2025-11-11,0.011426602720814966,0.029659527838182535,0.11725856205720223,0.025064671719867503,0.12046113139471987,1.005827295191838,0.0
2025-11-12,0.008523543836048175,0.03143823660013964,0.11691637612703071,0.02436155823304283,0.12031174922710947,1.0060744492766667,0.0
2025-11-13,0.002577590138011482,0.010275243743672443,0.1322115277162684,0.006617435387351051,0.1010402493178453,1.0048635947776294,0.0
2025-11-14,0.0014297639622681904,0.016945104875384812,0.12954878822631272,0.005654844713678559,0.10020970557445413,1.0038462093499179,0.0
2025-11-17,-0.023414163380793215,0.0019246626940348961,0.13286518358518157,-0.00426966479853612,0.08934361200772803,1.0022655490778383,0.0
2025-11-18,-0.03413380739860496,-0.01685514825724103,0.13050697638858774,-0.012972357658824268,0.07959950057666251,1.0003368631035356,0.0
2025-11-19,-0.030834366617232822,-0.012984374765641545,0.13148648325015044,-0.009521307770832863,0.0831849326361086,0.9991209029423092,0.0
2025-11-20,-0.029460742948678793,-0.02313157962829083,0.1403532908883553,-0.02452275309543019,0.06620799232341291,0.9969720824350548,0.0
2025-11-21,-0.019384951781259693,-0.019131967843564537,0.143519828788565,-0.01490698825191924,0.07631899376883952,0.9960932196489236,0.0
2025-11-24,0.0045862539705798545,-0.012660205415401955,0.15025497852553538,-0.0006962353566753721,0.09150839700280071,0.9966076893032753,0.0
2025-11-25,0.022381342206230205,-0.015026798012586818,0.14801465438290906,0.00819569621337334,0.10109739787528166,0.997800623102511,0.0
2025-11-26,0.025405370986558273,-0.010799404034842714,0.14993859180078337,0.014479353288640261,0.10797929491576234,0.9993144060422364,0.0
2025-11-28,0.04620853493027764,-0.005836154724469604,0.15133267389235627,0.019318094196458576,0.11325332402543757,1.0009463673741086,0.0
2025-12-01,0.03172055264810777,0.0006469191890993865,0.14712100200037484,0.014163072085195728,0.10748665404331145,1.0018409917359647,0.0
2025-12-02,0.018960080650740414,-0.0007771936372864652,0.14680772863996594,0.01559681342868949,0.10884195644053851,1.0026684367321665,0.0
2025-12-03,0.013054770913994557,0.000804544732696367,0.14716910474161352,0.018485842286974547,0.11197862615960043,1.0035632635007514,0.0
2025-12-04,0.006905742596302777,0.013459702299750761,0.1405900604502697,0.018523872283529707,0.11209733491409224,1.0042804253120985,0.0
2025-12-05,0.0033599247960467288,0.011898003156940373,0.14029936365978868,0.019619743433861758,0.11348050485439234,1.0049444734872621,0.0
2025-12-08,0.004927178538805372,0.019676583951491463,0.13484953818985734,0.015897660258662745,0.10933463757426846,1.005164456061717,0.0
2025-12-09,0.0022129914306166323,0.01782898487114412,0.1349932232003808,0.014437055549048132,0.1075591705433623,1.0052077779279738,0.0
2025-12-10,0.005366594005189516,0.008955531924695649,0.126077439376479,0.02051667504531887,0.11401522357614333,1.0057128022210946,0.0
2025-12-11,0.0069600786821755675,0.008993178261111363,0.12608450521343947,0.022262638173786944,0.11570553090867626,1.0062286827657274,0.0
2025-12-12,-0.005747862818369439,-0.002373403497477238,0.13195074159869682,0.010895187650035556,0.10280079086371861,1.0056937947989124,0.0
2025-12-15,-0.004251222834944711,0.012847770978535268,0.11754200727947826,0.009023073994160876,0.10031836302227146,1.0050893490654937,0.0
2025-12-16,-0.006123676684041479,0.010275544224834452,0.11809230770050158,0.006049619138356428,0.09642436026189803,1.004340126296589,0.0
2025-12-17,-0.02379859723204421,0.008571098073444656,0.12001544630223489,-0.005087745859926434,0.08348875887096864,1.0028278947245228,0.0
2025-12-18,-0.018599975163093255,0.024527010496623064,0.11791466485026576,0.0023252934407710793,0.09080374462699535,1.0022050361982766,0.0
2025-12-19,0.0012329133587890301,0.029693876478544615,0.12072363716727708,0.011067055814905975,0.09967182054500388,1.0024117340588994,0.0
2025-12-22,0.008955579719843771,0.051264093647057835,0.10507071770908516,0.016347240406123256,0.1054902949392388,1.0030443521626382,0.0
2025-12-23,0.01625152401209332,0.04591202001818746,0.10186255701662986,0.020178551578620328,0.10934396985049193,1.0038712323476586,0.0
2025-12-24,0.030827639202983283,0.03481248330584809,0.0915371684447956,0.022854127887039673,0.11198300868279334,1.004756110772007,0.0
2025-12-26,0.023203339271088648,0.025349007561481507,0.0872720691914503,0.021929797346726704,0.11063658614169115,1.005384311950089,0.0
2025-12-29,0.01061063387468962,0.014899139366675964,0.08621469729452795,0.01740967860052207,0.10540852237281965,1.0055260657798195,0.0
2025-12-30,0.0031781881268101607,0.00823374684359035,0.08468137676612478,0.015429027793900736,0.10290012988826124,1.005475369592044,0.0
2025-12-31,-0.008818311231843103,0.005373156138236588,0.08733420456510138,0.007530525413305478,0.09366344841617973,1.0047792904816046,0.0
2026-01-02,-0.01049851844812501,0.005353884206982663,0.08732979584597672,0.00896419853654325,0.0945388936865025,1.0043253894011028,0.0
2026-01-05,-0.0037591111006933103,0.008535125546793641,0.08946853073046165,0.015027769770182582,0.10070727911505185,1.0044512054840318,0.0
2026-01-06,0.005740577984490363,0.01373397475486355,0.09149562298477132,0.020400866113862114,0.10607725384328981,1.0049747413294026,0.0
2026-01-07,0.003733819593747546,0.008607641641291169,0.09233706261214558,0.016682052591950065,0.10136320733218396,1.005067339860425,0.0
2026-01-08,0.011068870031907629,0.011514847631338846,0.09152651220260863,0.01639036859305189,0.10019370667836382,1.0050733610645046,0.0
2026-01-09,0.01582913127331399,0.018970024049680023,0.09369528759108958,0.02283972824962058,0.10637891890278293,1.0055490576616277,0.0
2026-01-12,0.010760324588427402,0.013928856130031525,0.09142625643096518,0.024150358359388127,0.10695641532467932,1.0059830889041772,0.0
2026-01-13,0.002829163130989492,0.009603059203677475,0.09166375991807964,0.021622635044389465,0.10358684096640049,1.0060924207021065,0.0
2026-01-14,0.0011305306633905597,0.015486035123051169,0.08454074203550349,0.01629264494215854,0.09694550315941823,1.005713377116226,0.0
2026-01-15,0.00395154530942619,0.019717615775709747,0.08439273455954052,0.01873288048394594,0.09873088203391217,1.005568615536496,0.0
2026-01-16,-0.0034783659707240235,0.021615334762997474,0.08360385458286337,0.017328011408416916,0.09663067512779609,1.0053243443497448,0.0
2026-01-20,-0.025614459106339527,0.012112994255736212,0.10473356626989146,-0.0034400894139101955,0.07330328882251613,1.0034426854333365,0.0
2026-01-21,-0.012137859596059133,0.016065174770711597,0.10885013682755489,0.007555619812087748,0.08437358097293035,1.0028345536142567,0.0
2026-01-22,-0.0020009852394680732,0.012252136524794066,0.1059686632227698,0.012223492144808662,0.08841828944700354,1.0027410093603928,0.0
2026-01-23,-0.004357805541508548,0.0064042305143574285,0.10397344071716312,0.012299242832676804,0.08718832195484863,1.0026653845216273,0.0
2026-01-26,0.0015458063990332416,0.0069096171499374,0.10424841269641007,0.017089048894361556,0.09098371980863898,1.0029811631069634,0.0
2026-01-27,0.026088985060374405,0.007374340113127336,0.10443942684620589,0.020718021144203118,0.09402434227202497,1.0035132737409616,0.0
2026-01-28,0.014513249653807953,0.007375085153430902,0.10443938620000749,0.019856130881931812,0.09240747254793766,1.0038808801353662,0.0
2026-01-29,0.007317305638532331,0.008958808288636776,0.10383249742304472,0.017113720634556503,0.08883115265898413,1.0039645077245174,0.0
2026-01-30,0.003967637625709881,0.007193680013257148,0.104364274223227,0.013240842155890935,0.08424410412616863,1.003745602848188,0.0
2026-02-02,0.0038613915595034163,0.01958931994128392,0.10151728218996169,0.017167698299631523,0.08824934927268566,1.0039281482695528,0.0
2026-02-03,-0.008606352052197536,0.00926650650905481,0.10653987422107111,0.007716482130357818,0.07762764497639738,1.0033479300027257,0.0
2026-02-04,-0.01336130604672918,-0.0022271097926049657,0.10555170921793425,0.0017933576805790018,0.07103250904462798,1.0024695825193835,0.0
2026-02-05,-0.023942910725929436,-0.02072468042178302,0.11150611113612978,-0.011311035289897162,0.056269746371140454,1.0007612438536004,0.0
2026-02-06,-0.0019528591131308566,0.0015070013063787496,0.130800156832097,0.006955618466345227,0.07512693273646337,1.000918267139057,0.0
2026-02-09,-0.00210166547177861,0.006418784437597682,0.1318208650154706,0.011194172225903907,0.07894084249222819,1.0014160110793724,0.0
2026-02-10,0.0037490839835842625,-0.0028135407806749147,0.13014266235921235,0.008103120270992643,0.0748408250807558,1.00157777640763,0.0
2026-02-11,0.008373591610334944,-0.0046138427706974225,0.12999514002825793,0.007559538729917523,0.07337499049179314,1.0016678958947944,0.0
2026-02-12,0.005372123149489346,-0.01818172040328317,0.14041725034460134,-0.008092849704534215,0.05568580027005836,1.0004831424208145,0.0
2026-02-13,-0.012926743139659375,-0.012550272496671188,0.13971825647931282,-0.007458497294523457,0.05534837466032788,0.9996035755113936,0.0
2026-02-17,-0.016124789944864486,-0.01365755081669299,0.13943939448692577,-0.005885229876333857,0.05596337288844496,0.9990456530122903,0.0
2026-02-18,-0.008459033591619392,-0.007794208401570283,0.140812363651948,-0.0009910996765187595,0.06019566990846031,0.9990184113634433,0.0
2026-02-19,-0.010868857122243902,0.010131759213398202,0.12066936567574,-0.003649424686058034,0.05639897626008148,0.9987979917196944,0.0
2026-02-20,0.011906438503886039,0.005862577696662004,0.11660696368266886,0.0033278614454237713,0.06296598262586474,0.9992138502469008,0.0
2026-02-23,0.00093836585051023,-0.009610921406692882,0.12061423079905807,-0.006956883683735888,0.051071121513702904,0.9987309470372472,0.0
2026-02-24,0.006568354466446871,-0.002731390808737572,0.12352305688126101,0.0002084831537097743,0.05764342627205575,0.9989431896334859,0.0
2026-02-25,0.00994622119537772,0.0006062063947741966,0.12581172762574008,0.008472155736859674,0.06547816370059163,0.9997949105300707,0.0
2026-02-26,0.0070171786281026955,-0.00894004721887351,0.12638254984848202,0.002592049653198869,0.05850374370296045,1.0000173839619824,0.0
2026-02-27,-0.005002194441592999,-0.01365286639873895,0.12728107282732343,-0.002433147525178027,0.052547828019614266,0.9998075160236237,0.0
2026-03-02,0.005830111654413822,-0.011098115390811392,0.1272508122559189,-0.0021419408202988915,0.052301808775781375,0.9996904868723874,0.0
2026-03-03,-0.010265533299864137,-0.016964561734311587,0.13026589671326705,-0.011251016427346914,0.04224497151071927,0.9988995458508729,0.0
2026-03-04,-0.011637885868839095,-0.014893071033568316,0.131612075429946,-0.0045832909966070715,0.0487968631592648,0.998849700515032,0.0
2026-03-05,-0.011659030743936052,-0.011992725910612026,0.12982252102625866,-0.010153956306878228,0.04221347683414313,0.998379319579661,0.0
2026-03-06,-0.020039388064190554,-0.020330948416200326,0.13633956426786908,-0.022774516036297533,0.027903084482045374,0.9969874827588865,0.0
2026-03-09,-0.011885930540061023,0.0009588647950570205,0.13343247930478064,-0.01393625191113905,0.03619044777350802,0.9966161719647041,0.0
2026-03-10,-0.004640892607879365,-0.0196525952290601,0.11426098772195685,-0.01514297133092032,0.03374067395998281,0.9962355440670358,0.0
2026-03-11,-0.0129274070551856,-0.025718812616975305,0.11233326270069287,-0.0159789888353568,0.031669310644598776,0.9958797983026488,0.0
2026-03-12,-0.02263769649568276,-0.03837950638987905,0.12245021272254043,-0.0303064317975961,0.01529146249605745,0.99444172035849,0.0
2026-03-13,-0.015120098352483072,-0.043824638379018344,0.12300724118879652,-0.035100530200140666,0.008958450567950473,0.9929284047849637,0.0
2026-03-16,-0.01371654645384968,-0.018129804808282003,0.11968048545928467,-0.024914637728890264,0.018556354083473618,0.9926129308481699,0.0
2026-03-17,-0.00948105204017368,-0.0162069041295744,0.1201821391505393,-0.021996698074191832,0.02056889102361717,0.9926561684069284,0.0
2026-03-18,-0.022277091735141807,-0.031871114407252626,0.12824628628955315,-0.03490363265664559,0.005738056322597037,0.9916642041882038,0.0
2026-03-19,-0.009443001784056172,-0.03936347458231584,0.12603737860564893,-0.03638175624137582,0.0027091849638075315,0.9907831648971999,0.0
2026-03-20,-0.018206292859035227,-0.05116207411580967,0.13335589819393298,-0.04910611174260636,-0.012111298412679434,0.9890643659023581,0.0
2026-03-23,-0.017886512417704656,-0.0479227557298727,0.13673629218485844,-0.03821218100726144,-0.002241579973002419,0.9886486753779243,0.0
2026-03-24,-0.023876074282640075,-0.041021344262724704,0.13371686794480994,-0.04034224615109113,-0.006096649731570808,0.9881835852923773,0.0
2026-03-25,-0.004266832643208946,-0.04270630151690845,0.13237755042671562,-0.0339597544586544,-0.0010478927553344303,0.9883879849692726,0.0
2026-03-26,-0.019819626647203707,-0.06912932242489726,0.13766861042111467,-0.04990430453070584,-0.019277242157784518,0.987261962807683,0.0
2026-03-27,-0.022579081482510865,-0.08075833422642323,0.14574996158903872,-0.06460665014905959,-0.03627768922197466,0.9851797295610405,0.0
2026-03-30,-0.036373274125416806,-0.0792938354136965,0.14571571619516244,-0.06612537200760857,-0.03977286774106469,0.9834391157507452,0.0
2026-03-31,-0.004357436195820588,-0.05120889211295912,0.18377402841383866,-0.037858275888250345,-0.012262105573080322,0.9844976646722648,0.0
2026-04-01,-0.0024084049560996416,-0.034849173173143955,0.1853103682923921,-0.030020789818401363,-0.005311005866464237,0.9861022351379647,0.0
2026-04-02,0.01651174365722405,-0.040979692898834116,0.18288907634503726,-0.02835041965503352,-0.004868391278952414,0.9875902335504889,0.0
2026-04-06,0.03842647630171069,-0.03067282718077649,0.18378749239542416,-0.022941877522711606,-0.0006813702092391276,0.989276024860348,0.0
2026-04-07,0.04221533019574442,-0.017039117153761538,0.17882170594614652,-0.021695792051462295,-0.0007611136080074839,0.990754559038448,0.0
2026-04-08,0.03871261728912327,-0.0006103442837748253,0.19789613571155876,0.0036631026535159233,0.024016009671082948,0.9940577193011517,0.0
2026-04-09,0.03695876417323881,0.006750483607974218,0.19879664634607924,0.009863631918010358,0.029262436750472434,0.9971767691502795,0.0
2026-04-10,0.03539679714500185,0.00734451130135333,0.19874790086168823,0.009617257706622006,0.02797614659705676,0.9995897785386365,0.0
2026-04-13,0.04040602922341532,0.032370898538321584,0.19273282913213463,0.01966699192601336,0.037362118741083285,1.0022728230653748,0.0
2026-04-14,0.05207733709076815,0.05015831828948968,0.1941838456383632,0.031957269676273055,0.04930621682801918,1.0053328302862399,0.0
2026-04-15,0.03478674974717279,0.04789295191724764,0.19320265960225674,0.03990195165589916,0.05686612439417341,1.008300168888145,0.0
2026-04-16,0.03148862134505174,0.04772015699319964,0.1931996823415493,0.04202359275674252,0.058751724216319925,1.010712783920362,0.0
2026-04-17,0.044163805525641996,0.07378540856213713,0.18643044052393037,0.05380905821809692,0.07075834534501961,1.013453492007791,0.0
2026-04-20,0.03243704017664439,0.07425094049902214,0.1862491487530649,0.05067434080825215,0.06786442084052602,1.01525853800123,0.0
2026-04-21,0.013757450671282393,0.0821220618198073,0.17851263850038027,0.04332114025635322,0.060202312699809434,1.0159455876129102,0.0
2026-04-22,0.015973127347651956,0.08175259168260425,0.17834673655437194,0.05328873788660979,0.07016715296533373,1.0171143877880446,0.0
2026-04-23,0.009630560110326269,0.08122679138616597,0.17862533952285772,0.04863545759249989,0.06526615354873382,1.0175049182352522,0.0
2026-04-24,0.005336757197000882,0.08338899840234697,0.17903954862356972,0.05601562582527901,0.07275401106774411,1.0182308565230327,0.0
2026-04-27,0.00905982378372363,0.10313039092994948,0.16059786850862445,0.05671716168505881,0.07383880841736921,1.0187206755570017,0.0
2026-04-28,0.010750367593866675,0.11545151089618486,0.1440431461264346,0.05058801814775462,0.06786541397723797,1.0184859951001146,0.0
2026-04-29,0.0005200595784179827,0.11864592538643905,0.1419814404991956,0.04947784149015956,0.06696374288790163,1.018073807212452,0.0
2026-04-30,0.014308839342409663,0.09989306692439621,0.11622359551349572,0.05885042265015172,0.07675828623580427,1.0183417062843978,0.0
2026-05-01,0.009354612207521373,0.09515201556596797,0.11597052868167189,0.0605937585068403,0.078918047089562,1.018558772820395,0.0
2026-05-04,0.003963217238392352,0.09058186451111779,0.11881907993745745,0.05576190717722274,0.07419961950068504,1.0182126297732736,0.0
2026-05-05,0.01683131161543761,0.09385634620991176,0.11949828335348589,0.06287997024359596,0.08199584829791995,1.0183756558603179,0.0
2026-05-06,0.030789579455936064,0.1072201746466307,0.12274340707828671,0.07612514313331215,0.09613084642533458,1.0194104449532766,0.0
2026-05-07,0.017818267475425413,0.07899871711069838,0.10182229525753163,0.07155854903098911,0.09188921303456545,1.019734845719083,0.0
2026-05-08,0.02327519684539511,0.08146844823812427,0.10278552023155262,0.07881899059518069,0.10001124258460263,1.020423871115025,0.0
2026-05-11,0.029220278214057906,0.08440534558017383,0.10164773170659128,0.07953365844739767,0.1016112570540155,1.0209032606340858,0.0
2026-05-12,0.019713996125442997,0.07316431311193944,0.10115492603006351,0.07621145191402064,0.09907085884390925,1.0209056059887456,0.0
2026-05-13,0.011489548114100176,0.06663238566996273,0.09656210431923651,0.08022210882715067,0.10430971059425993,1.0211137445746643,0.0
2026-05-14,0.022423600052754858,0.06663556741628045,0.09656405088741513,0.08669683099810604,0.11204924213883265,1.0216663066447726,0.0
2026-05-15,0.002099214629085305,0.052079041522157844,0.11014084936384269,0.07176544381159973,0.0977742754865715,1.0208591386460673,0.0
2026-05-18,-0.0008795201998036761,0.03936201985472817,0.10495975306015368,0.0689004915690372,0.09609130353850977,1.0199287799868089,0.0
2026-05-19,-0.006046557207814052,0.03468071572748101,0.1083364729981713,0.06002261783868698,0.08784418108352708,1.0184349007341662,0.0
2026-05-20,-0.0014290363211425568,0.051445898677537766,0.10787445318315363,0.06885106853519238,0.09805417291236179,1.017871928646612,0.0
2026-05-21,-0.007311123591729175,0.04335131647689931,0.10424777419432511,0.06886747220676548,0.09925446645447224,1.017383457394672,0.0
2026-05-22,0.00871495922255168,0.05116344063438326,0.10211799591983453,0.07056176177192397,0.10261194426295678,1.0171155801505518,0.0
2026-05-26,0.016035371708906405,0.05006063436663369,0.10146850759615689,0.07488766856128758,0.10891785817196852,1.0172411966893733,0.0
2026-05-27,0.02254525802441866,0.04816614996817604,0.10183593571320095,0.07214505610011832,0.10775499319286592,1.0171227484556298,0.0
2026-05-28,0.017849861555775587,0.05854539263944668,0.09893204994789433,0.07542812094936464,0.11284727895769475,1.0172748015355961,0.0
2026-05-29,0.0183570106138244,0.06118826751230573,0.09836361321851134,0.07513944399645094,0.11464016277171106,1.0173919626650878,0.0
2026-06-01,0.017152597074873883,0.05400719836684748,0.09502559714420011,0.07499514363535843,0.11669586575334098,1.017499264510896,0.0
2026-06-02,0.011892939654993677,0.05259896181410599,0.09511464807337067,0.07307881603042493,0.1172250333461974,1.017487243656763,0.0
2026-06-03,0.005024237856134499,0.04922717058591819,0.09852864117808154,0.06258076109348354,0.10843794576493758,1.0167056315701872,0.0
2026-06-04,0.0032943669517512104,0.045008447975760285,0.09654646075288051,0.06348221316713212,0.11165263940254974,1.0162041016281251,0.0
2026-06-05,-0.025342223162030605,0.005056464894339061,0.1293658692443078,0.03368997319886876,0.08214231995660339,1.0135451343334307,0.0
2026-06-08,-0.025800004026548206,0.01038892686487386,0.12896412635616686,0.033304106760461395,0.08374599344848525,1.0114855621080863,0.0
2026-06-09,-0.0300968352082596,-0.0007730702395487136,0.1263061089451515,0.027313789549759795,0.0797189847659245,1.009508917748672,0.0
2026-06-10,-0.0389460449220707,-0.018939152550210416,0.1373135456498902,0.008490217083602373,0.062031192245845544,1.0066044689410476,0.0
2026-06-11,-0.025863531111913838,-0.0005690792615965501,0.15040014713159655,0.02314450498376103,0.07928686440472818,1.0055766698436348,0.0
2026-06-12,0.005678379773327224,-0.0007547034464338897,0.150314313038146,0.02621549291507227,0.08431474427702047,1.0051371649818936,0.0
2026-06-15,0.020897051044454943,0.008862377856573941,0.16005819024777262,0.04145887406384386,0.10251980325927797,1.0061392726121752,0.0
2026-06-16,0.017857471564117704,0.014985186695483684,0.15535785882896755,0.03264566125847315,0.09509236409682721,1.006368677458696,0.0
2026-06-17,0.02118205608707818,0.0031224237366714366,0.16201379066803873,0.017460901710246054,0.08061786404419193,1.0054708581745817,0.0
2026-06-18,0.01467133204315067,0.020148809989368167,0.16369474428178662,0.025992247138086223,0.0909478914607894,1.0055310005756564,0.0
2026-06-22,0.006125806305889003,0.006800139180597667,0.1607075165838119,0.020905604091778992,0.0866598219976798,1.005262159895292,0.0
2026-06-23,-0.02598301665455073,-0.009809515206247617,0.16865280209120465,0.004540678238361445,0.07016404195341192,1.0038298250558777,0.0
2026-06-24,-0.020467207851990233,-0.01419698037905823,0.16789663882452258,0.00273209055366665,0.06894217448798506,1.0026263822679515,0.0
2026-06-25,-0.006456090967127395,-0.019369038939362367,0.16601139541087154,0.0030397571518752595,0.06976556218967601,1.0017671120799614,0.0
2026-06-26,-0.02405699886206963,-0.026453446897120127,0.16741657022193998,-0.00505206987534065,0.061366491446233615,1.0004995430145267,0.0
2026-06-29,-0.004564533222130081,-0.015614255597308002,0.17687548032410344,0.010204985826199164,0.07809936481821801,1.000798200175196,0.0
2026-06-30,0.017820609967090676,-0.010345915852981346,0.17901694854692324,0.017004928658373015,0.08573334861590381,1.0016456251424728,0.0
2026-07-01,0.01693079867823816,-0.014418778775693954,0.17865175114605572,0.014555539286506438,0.08351224337291337,1.0021806651685456,0.0
2026-07-02,0.014171290911141377,-0.01709068768321467,0.17850635084871272,0.012051804474336809,0.08137270553290363,1.0024687325197894,0.0
2026-07-06,0.030118424539413574,-0.00135926021384105,0.1799034471209608,0.01972326152546509,0.09003071049843898,1.0033645355624927,0.0
2026-07-07,0.009014632692619729,-0.009893989856439488,0.1800396334222784,0.013747135862310895,0.0840979400102177,1.0036429352698015,0.0
2026-07-08,-0.0018362129877701958,0.01316009432127906,0.15451439076592163,0.009703678311274461,0.0800409304735111,1.0035711359005737,0.0
2026-07-09,0.0079468335220148,0.01932805877286905,0.15679717336519403,0.017193487763936047,0.0884467498729862,1.0041502512738436,0.0
2026-07-10,0.013562604611723419,0.026568752136768348,0.15655710852654975,0.020332642217405137,0.0923979102944854,1.0049016067167944,0.0
2026-07-13,-0.0028125233776066256,0.03477426133062302,0.14754841844216396,0.011443138724598605,0.08331791882478398,1.0048149979725227,0.0
2026-07-14,0.005495042370669898,0.02146458362614425,0.13710871989277693,0.014075587235990832,0.08640904697843536,1.004975918890672,0.0
2026-07-15,0.012545030030536045,0.02002674457848788,0.1366206948287042,0.01710692833325732,0.08991063533407387,1.0053622065728045,0.0
2026-07-16,-0.001317948152067496,-0.0028869404236533886,0.12418833287710974,0.01065443550754106,0.08326701579914624,1.0051668407040921,0.0
2026-07-17,-0.015565306991739206,-0.006854026419088561,0.12726200399000592,7.609468007795816e-05,0.0718878679170382,1.0041628584995679,0.0
2026-07-20,-0.009495365649003093,0.004096839594541751,0.1194021080757026,-0.001810901784823265,0.06952984813360137,1.0032005265936246,0.0
2026-07-21,-0.004732984502795429,0.0020602670801981512,0.1174129976532575,0.006012476350901992,0.07778846662923015,1.0030709846182835,0.0
2026-07-22,-0.0098522242091831,0.004048714063415779,0.11692050870713501,0.004527091878809352,0.07588680429158956,1.0028415507350623,0.0
2026-07-23,-0.01684501289176094,0.006251063339136408,0.11360475341129221,-0.007898862763037796,0.06203117335346792,1.0016432087361984,0.0
2026-07-24,-0.005883060264004971,0.007730121168896698,0.11359540840869253,-0.006961572168139992,0.06255341506561811,1.0007648063444499,0.0
2026-07-27,-0.004050809210174734,0.006502121351494411,0.11352841023974067,-0.006711422906130282,0.06220722684653219,1.000084333144464,0.0
2026-07-28,-0.009965635826139683,0.016151630116128097,0.11029936945790318,-0.004188526350053038,0.06419057368246657,0.9997396310931782,0.0
2026-07-29,-0.024309252922562082,-0.015696005637016223,0.10881261030533534,-0.019305604933564674,0.04733537797226466,0.9982472603141026,0.0
2026-07-30,0.004743636555124862,-0.006825910072829407,0.12118256681007283,-0.0029959107013186013,0.06417634369436567,0.998411787553384,0.0
2026-07-31,0.01090226041949962,0.0017015829101581581,0.12384200242737667,0.0037725927211584025,0.0711509925587376,0.9991329560872121,0.0
2026-08-03,0.024828179510464538,0.01715900995081757,0.13289194334647172,0.0175682112367801,0.08562220014004904,1.0008485306643817,0.0
2026-08-04,0.04030463364352439,0.026337839220238905,0.14315105442913986,0.03506541355969426,0.10431170221010735,1.0036366861415382,0.0
2026-08-05,0.05381313575098755,0.029102497421351587,0.14200252070395608,0.0322766905002197,0.10120365863573073,1.0056036138273574,0.0
2026-08-06,0.035587301410997835,0.03059760432593862,0.14150175798297154,0.030077582861419226,0.09858270986870857,1.0069420130628548,0.0
2026-08-07,0.03450993287809237,0.028264682266235727,0.14027879840434734,0.035690334196437155,0.10445253749344963,1.0084009953098318,0.0
2026-08-10,0.02006993332923085,0.023666338668324998,0.13996237916931556,0.03481763846019363,0.10327894516720457,1.0094163822680504,0.0
2026-08-11,-0.0009987401498845624,0.028151622447960968,0.137239949609137,0.031068852513970385,0.09890488891918983,1.009839779415419,0.0
2026-08-12,0.0035012957034019194,0.02710875075408361,0.13707639542443542,0.0332116605321236,0.1008232103781233,1.010257879823545,0.0
2026-08-13,0.012053664888866188,0.030106239184268767,0.13819933236751547,0.0398573011325219,0.10766609910123436,1.0110273915587626,0.0
2026-08-14,0.0039752465682720475,0.03355787698657527,0.13654567859807124,0.03713210372948666,0.10471238158807734,1.0113386477355868,0.0
2026-08-17,-0.0004658376940752497,0.038765807965988955,0.13211773059947124,0.031746086733188045,0.09877660192734457,1.011068258833569,0.0
2026-08-18,-0.0040441904685023546,0.03360279762846171,0.13500134284569001,0.02390644993907823,0.09068887390503717,1.0101864867585908,0.0
2026-08-19,-0.004450080598790079,0.02739165465808896,0.13281031644621544,0.02518613864311795,0.09224100100134514,1.009546880826382,0.0
2026-08-20,-0.0198386707506384,0.020119792642813467,0.1368406662288992,0.015831491227844965,0.0824042320798324,1.008265107872754,0.0
2026-08-21,-0.013774074106805603,0.03662881577153061,0.1281707378632397,0.018843292778738172,0.08615431310043568,1.0074915798130128,0.0
2026-08-24,-0.011978264265841875,0.03267060396415205,0.12918374834811713,0.015103766159689622,0.08224290709115219,1.0065660178990754,0.0
2026-08-25,-0.0020087523524096214,0.03564485448622682,0.12920613008284834,0.01764260554384929,0.0849796216641119,1.0060202921589334,0.0
2026-08-26,-0.003882356771962814,0.03347493371226583,0.1292777956361415,0.0175118995491654,0.0844425760161415,1.0055418419157618,0.0
2026-08-27,0.011084416595647092,0.05551346216102264,0.11420881317590202,0.023562337419712583,0.09073318674502188,1.0056263453505634,0.0
2026-08-28,0.0047294668292638,0.03661464604566955,0.10329622458130422,0.020418706701545112,0.08753853650846276,1.005445727680322,0.0
2026-08-31,0.004678202964909787,0.026446546509562213,0.10256362834114476,0.016820294717308327,0.08360058497704352,1.0050027451207506,0.0
2026-09-01,-0.005406764533388173,0.005409910442374112,0.0948689621146762,0.009368946605885397,0.07551755041840326,1.0040503388910815,0.0
2026-09-02,-0.0012016452379635598,-0.008031345169222116,0.07213198730339744,0.01299967462218396,0.07953780935236729,1.003609900045057,0.0
2026-09-03,0.0026808901651846377,0.004381216575219738,0.08090963601810126,0.0225230938169593,0.0900179391295282,1.0040573001837056,0.0
2026-09-04,0.0010912773107917073,0.0021186219454634187,0.08191991406618192,0.017616032326704195,0.08497555392005739,1.0040508499719316,0.0
2026-09-08,-0.0014220134252156394,-0.009485399793745793,0.08107654910667993,0.011039383773710795,0.07817141505206238,1.0035597499381517,0.0
2026-09-09,0.0008135588008083474,-0.01384646408604839,0.08236921258300949,0.005772151536133728,0.07236628590714969,1.0027641182723812,0.0
2026-09-10,-0.009625857026658344,-0.0166584620459959,0.08402162562233144,-0.0005483748288288014,0.06510928938410986,1.0016328926296918,0.0
2026-09-11,-0.011551685745703706,-0.01067176487388589,0.08936878609310789,0.007478837866242805,0.0733537973024136,1.001400965330243,0.0
2026-09-14,-0.012161643157410008,-0.02209668610081278,0.08605178963238454,0.0025582751915447254,0.0678327021277142,1.0008475843846323,0.0
2026-09-15,-0.011251630596989306,-0.024712276959007146,0.08688078985537187,-0.0022008709678175533,0.06227947852606913,1.0000395865605918,0.0
2026-09-16,-0.011012711620155772,-0.024393338012128913,0.08672292211653446,-0.006766963635971722,0.05700228767531597,0.9990557974398603,0.0
2026-09-17,0.006274553746360978,-0.006339717831132564,0.09421552864118209,0.004040115663718921,0.06835221270195661,0.9991899970941712,0.0
2026-09-18,-0.0009274893841421826,-0.007149173659237991,0.09399746806156449,0.0050181078965443795,0.06906140914369756,0.9994070787778487,0.0
