date,regime,state_id,state_0,state_1,state_2,state_3,state_4
2010-10-18,Unknown,2,2.2306042106654423e-67,1.5468107546761856e-190,1.0,0.0,0.0
2010-10-19,Unknown,2,3.4742984873492584e-40,3.352724002210937e-05,0.9999664727601895,0.0,0.0
2010-10-20,Unknown,2,5.008777886500757e-07,1.0781524521450978e-05,0.9999887175981533,0.0,0.0
2010-10-21,Unknown,2,3.3240504340011895e-07,9.624563605896924e-06,0.9999900430307241,0.0,0.0
2010-10-22,Unknown,2,1.7518937830909287e-07,1.9976936304274388e-05,0.9999798478741134,0.0,0.0
2010-10-25,Unknown,2,4.139912803543865e-08,1.081079636215033e-06,0.9999988775204589,0.0,0.0
2010-10-26,Unknown,2,1.2001895232389079e-09,1.3130552238999611e-06,0.9999986857446398,0.0,0.0
2010-10-27,Unknown,2,1.0300897699726795e-10,1.1085600453523355e-06,0.9999988913374871,0.0,0.0
2010-10-28,Unknown,2,5.210479584929959e-11,1.5993411100132056e-06,0.9999984006075522,0.0,0.0
2010-10-29,Unknown,2,7.136253023765302e-11,2.965572810213445e-06,0.9999970343549968,0.0,0.0
2010-11-01,Unknown,2,1.6764278845915887e-10,4.070684886297048e-06,0.9999959291481996,0.0,0.0
2010-11-02,Unknown,2,7.074003990439864e-10,1.880878907047684e-05,0.9999811905040629,0.0,0.0
2010-11-03,Unknown,2,2.55753449468983e-10,3.990972886007243e-07,0.9999996006464131,0.0,0.0
2010-11-04,Unknown,2,2.3195308435959804e-10,1.7324033934977914e-05,0.9999826757348276,0.0,0.0
2010-11-05,Unknown,2,1.2003988968571583e-09,7.827465178790276e-06,0.9999921713349009,0.0,0.0
2010-11-08,Unknown,2,3.195154219883433e-10,8.003365869205386e-06,0.9999919963149451,0.0,0.0
2010-11-09,Unknown,2,1.8843917599404928e-10,1.0735603808423865e-05,0.9999892642075463,0.0,0.0
2010-11-10,Unknown,2,1.2223087627950316e-10,1.025231225368564e-05,0.999989747566166,0.0,0.0
2010-11-11,Unknown,2,2.372388499949775e-10,0.00031003165853910416,0.9996899681039672,0.0,0.0
2010-11-12,Unknown,2,4.734083619460849e-09,0.04885788775858125,0.9511421075076165,0.0,0.0
2010-11-15,Unknown,2,3.389249363975355e-07,0.20019138514673093,0.7998082759275236,0.0,0.0
2010-11-16,Sideways,1,1.6427039163609097e-06,0.9097366740434183,0.09026168325228744,0.0,0.0
2010-11-17,Sideways,1,3.841436996756691e-06,0.9213535090095853,0.07864264955381892,0.0,0.0
2010-11-18,Sideways,1,2.9871391348243715e-06,0.8964196276234728,0.10357738523715597,0.0,0.0
2010-11-19,Sideways,1,4.3136823929839223e-07,0.8701392142331899,0.1298603543986452,0.0,0.0
2010-11-22,Sideways,1,2.476576702806895e-07,0.8835797331176741,0.11642001922380635,0.0,0.0
2010-11-23,Sideways,1,4.335670136047645e-07,0.9952089951887123,0.004790571244139721,0.0,0.0
2010-11-24,Sideways,1,1.2807441730300406e-07,0.9997058651039316,0.00029400682130234696,0.0,0.0
2010-11-26,Sideways,1,1.8645956636283226e-07,0.9999624275734301,3.7385966554054535e-05,0.0,0.0
2010-11-29,Sideways,1,1.523751038069979e-07,0.9999880463006373,1.1801325165878728e-05,0.0,0.0
2010-11-30,Sideways,1,1.6637956789236681e-07,0.9999946264123305,5.207208059083591e-06,0.0,0.0
2010-12-01,Sideways,1,7.044632837559537e-08,0.9999998998027927,2.975156192215046e-08,0.0,0.0
2010-12-02,Sideways,1,1.1826194061440494e-07,0.9999998736948408,8.042897745342281e-09,0.0,0.0
2010-12-03,Sideways,1,5.7016748481956115e-08,0.999999916155506,2.6827800647969663e-08,0.0,0.0
2010-12-06,Sideways,1,2.1817072576538094e-07,0.9999995729086552,2.0892077544770604e-07,0.0,0.0
2010-12-07,Sideways,1,5.17518124947742e-07,0.9999994809060337,1.575595113332437e-09,0.0,0.0
2010-12-08,Sideways,1,2.5300319149987854e-07,0.9999913263794581,8.420617340684775e-06,0.0,0.0
2010-12-09,Sideways,1,1.4882651644167623e-07,0.9998014235490474,0.0001984276242910374,0.0,0.0
2010-12-10,Sideways,1,1.7453979185479413e-07,0.9995664429192735,0.00043338254052235713,0.0,0.0
2010-12-13,Sideways,1,2.015228464422139e-07,0.9984884134310137,0.0015113850468726159,0.0,0.0
2010-12-14,Sideways,1,2.1656300598041292e-07,0.9905101418713526,0.009489641565065961,0.0,0.0
2010-12-15,Sideways,1,1.267262468929782e-06,0.96504489061006,0.03495384212656762,0.0,0.0
2010-12-16,Sideways,1,1.1985911947962962e-06,0.7979337008542045,0.20206510055374063,0.0,0.0
2010-12-17,Sideways,1,1.8613755051488862e-06,0.5362694721123223,0.46372866651210154,0.0,0.0
2010-12-20,Unknown,2,3.4803185829405357e-07,0.09417156092901499,0.905828091039137,0.0,0.0
2010-12-21,Unknown,2,4.2419247059019946e-08,0.017833399870924665,0.9821665577094835,0.0,0.0
2010-12-22,Unknown,2,1.6173259505894188e-08,0.006760189340179499,0.9932397944859939,0.0,0.0
2010-12-23,Unknown,2,7.58351229862137e-09,0.0019229660048857762,0.9980770264119494,0.0,0.0
2010-12-27,Unknown,2,5.338122949613908e-10,0.00012805159348380652,0.9998719478729132,0.0,0.0
2010-12-28,Unknown,2,6.224698635715375e-11,5.32119577939361e-05,0.9999467879794787,0.0,0.0
2010-12-29,Unknown,2,1.730949850465587e-11,4.2822324019109826e-05,0.9999571776590029,0.0,0.0
2010-12-30,Unknown,2,5.406226754784838e-11,0.0001348793968346837,0.9998651205499421,0.0,0.0
2010-12-31,Unknown,2,2.268383712971179e-11,3.559006827801278e-06,0.9999964409698474,0.0,0.0
2011-01-03,Unknown,2,3.3717113794330864e-13,7.48612647065371e-07,0.9999992513879152,0.0,0.0
2011-01-04,Unknown,2,8.021728682426784e-14,9.20873849032879e-07,0.9999990791261245,0.0,0.0
2011-01-05,Unknown,2,7.745148083112888e-14,8.809537344781659e-07,0.99999911904563,0.0,0.0
2011-01-06,Unknown,2,1.116225804435884e-13,1.6797084073484944e-06,0.9999983202920258,0.0,0.0
2011-01-07,Unknown,2,3.4456975726249005e-13,2.853206262761385e-06,0.9999971467936807,0.0,0.0
2011-01-10,Unknown,2,3.0346138379075284e-13,1.8206776361775141e-06,0.9999981793224128,0.0,0.0
2011-01-11,Unknown,2,1.4909446608814327e-13,1.1468291006425006e-06,0.9999988531714944,0.0,0.0
2011-01-12,Unknown,2,4.5916212512286406e-14,9.9088846200992e-07,0.9999990091114703,0.0,0.0
2011-01-13,Unknown,2,2.908264716678099e-14,9.788173806867627e-07,0.9999990211822721,0.0,0.0
2011-01-14,Unknown,2,2.6973390214261544e-14,1.1644869719090426e-06,0.9999988355127657,0.0,0.0
2011-01-18,Unknown,2,5.146073251642985e-14,1.341185206827281e-06,0.9999986588145374,0.0,0.0
2011-01-19,Unknown,2,6.54722402636487e-14,3.767219868477291e-06,0.9999962327799968,0.0,0.0
2011-01-20,Unknown,2,1.176002467072889e-13,3.1051828055879558e-06,0.9999968948171053,0.0,0.0
2011-01-21,Unknown,2,8.035818150465443e-14,2.0201627951420567e-06,0.9999979798378659,0.0,0.0
2011-01-24,Unknown,2,1.0122967741683373e-13,3.8999397873884656e-06,0.9999961000597628,0.0,0.0
2011-01-25,Unknown,2,2.0234705906163056e-13,5.086212743342254e-06,0.9999949137875065,0.0,0.0
2011-01-26,Unknown,2,5.5381398216632546e-14,1.6679021413870794e-06,0.9999983320972473,0.0,0.0
2011-01-27,Unknown,2,1.6427430568245402e-14,1.8579293523365734e-06,0.9999981420713973,0.0,0.0
2011-01-28,Unknown,2,1.216700571141875e-13,4.3463910576048686e-05,0.9999565360891031,0.0,0.0
2011-01-31,Unknown,2,4.744169308090785e-13,3.1086026740997986e-05,0.9999689139724639,0.0,0.0
2011-02-01,Unknown,2,1.1934023979809136e-12,0.0002998049426275437,0.999700195055614,0.0,0.0
2011-02-02,Unknown,2,3.3621378031654154e-12,6.505884012642344e-05,0.9999349411564495,0.0,0.0
2011-02-03,Unknown,2,5.320948381810518e-13,5.7941604404677084e-05,0.999942058395143,0.0,0.0
2011-02-04,Unknown,2,2.591120723149658e-12,0.0002332806368094724,0.9997667193604559,0.0,0.0
2011-02-07,Unknown,2,2.2504036911111695e-12,9.784800784586272e-05,0.9999021519905306,0.0,0.0
2011-02-08,Unknown,2,2.790317232045124e-13,3.7155942454304586e-05,0.9999628440573287,0.0,0.0
2011-02-09,Unknown,2,7.105697650187979e-14,2.50678062617362e-05,0.999974932193681,0.0,0.0
2011-02-10,Unknown,2,5.086976206538412e-14,2.6325473861889753e-05,0.9999736745257944,0.0,0.0
2011-02-11,Unknown,2,4.730463487544837e-14,2.1686586039784746e-05,0.9999783134140292,0.0,0.0
2011-02-14,Unknown,2,2.1091189074478036e-14,1.5766612933956016e-05,0.9999842333878979,0.0,0.0
2011-02-15,Unknown,2,3.55309420944064e-14,2.357841596077383e-05,0.999976421584176,0.0,0.0
2011-02-16,Unknown,2,3.347954944918746e-14,2.7991515012236867e-05,0.9999720084840696,0.0,0.0
2011-02-17,Unknown,2,1.919917853743792e-14,0.00020516724661311358,0.9997948327530745,0.0,0.0
2011-02-18,Unknown,2,7.845428373570666e-14,0.0119001442692879,0.988099855730741,0.0,0.0
2011-02-22,Sideways,1,5.69764005083967e-12,0.7838019656951126,0.21619803429884735,0.0,0.0
2011-02-23,Sideways,1,5.50157704257644e-10,0.9750632370535808,0.024936762397146487,0.0,0.0
2011-02-24,Sideways,1,2.7568552547097123e-10,0.9959649999915352,0.004034999732000562,0.0,0.0
2011-02-25,Sideways,1,8.167674628654068e-11,0.9994856306584476,0.0005143692599123974,0.0,0.0
2011-02-28,Sideways,1,5.961106725316114e-11,0.9999231582117206,7.684172812910103e-05,0.0,0.0
2011-03-01,Sideways,1,3.3386997937089597e-10,0.9996016000639474,0.00039839960185438883,0.0,0.0
2011-03-02,Sideways,1,2.734213503938954e-10,0.9993579212897947,0.0006420784366958476,0.0,0.0
2011-03-03,Sideways,1,6.118649278260616e-11,0.9997317779945484,0.00026822194348564727,0.0,0.0
2011-03-04,Sideways,1,7.236290117360148e-11,0.9996846627399344,0.0003153371877981533,0.0,0.0
2011-03-07,Sideways,1,1.1568488215817166e-10,0.9999188012342238,8.119864973910566e-05,0.0,0.0
2011-03-08,Sideways,1,8.636846834624953e-11,0.9999530856003084,4.691431355458667e-05,0.0,0.0
2011-03-09,Sideways,1,1.2126238074207154e-10,0.999953464405341,4.6535473868319144e-05,0.0,0.0
2011-03-10,Sideways,1,4.0855915408756363e-10,0.9999996975512206,3.020401010443677e-07,0.0,0.0
2011-03-11,Sideways,1,1.3409618087775537e-10,0.999999077423552,9.224424560435658e-07,0.0,0.0
2011-03-14,Sideways,1,3.182651528828916e-10,0.9999994591673028,5.405139528790152e-07,0.0,0.0
2011-03-15,Sideways,1,8.983616584563302e-10,0.9999999902956915,8.8057047259001e-09,0.0,0.0
2011-03-16,Sideways,1,9.118033999525306e-09,0.9999999908777681,4.178792501088205e-12,0.0,0.0
2011-03-17,Sideways,1,9.820084539652697e-10,0.9999999989449861,7.262787246983767e-11,0.0,0.0
2011-03-18,Sideways,1,5.756616795539265e-10,0.9999999994215614,3.3866362135600982e-12,0.0,0.0
2011-03-21,Sideways,1,1.5474308210340301e-10,0.9999999998453859,8.512602975469745e-14,0.0,0.0
2011-03-22,Sideways,1,3.5450847674141643e-10,0.9999999996434781,1.194170863195123e-12,0.0,0.0
2011-03-23,Sideways,1,1.277231133693347e-09,0.9999999987212504,2.2713232529546765e-12,0.0,0.0
2011-03-24,Sideways,1,2.7877924902637607e-10,0.9999999997089617,1.2494954461412476e-11,0.0,0.0
2011-03-25,Sideways,1,2.5389757696165905e-10,0.9999999996834958,6.185568005855637e-11,0.0,0.0
2011-03-28,Sideways,1,1.8564675325910823e-10,0.999999992953235,6.860628787630955e-09,0.0,0.0
2011-03-29,Sideways,1,1.6737418594038115e-10,0.9999999968240445,3.008516055557804e-09,0.0,0.0
2011-03-30,Sideways,1,1.5006487382768867e-10,0.9999999590236266,4.082554295372615e-08,0.0,0.0
2011-03-31,Sideways,1,1.5819666239265533e-10,0.9999994444225828,5.55419847258425e-07,0.0,0.0
2011-04-01,Sideways,1,2.1919070030866595e-10,0.9999964037716472,3.596009872026149e-06,0.0,0.0
2011-04-04,Sideways,1,3.5038630314521394e-10,0.9999950060225372,4.993627603096346e-06,0.0,0.0
2011-04-05,Sideways,1,3.587653619906298e-10,0.9999634578745114,3.654176736968326e-05,0.0,0.0
2011-04-06,Sideways,1,3.125237888030337e-10,0.9999025246850667,9.747500324558793e-05,0.0,0.0
2011-04-07,Sideways,1,6.798600298037369e-10,0.9999042299792796,9.576934141718582e-05,0.0,0.0
2011-04-08,Sideways,1,1.3288394445839346e-09,0.9990661262889337,0.0009338723825523164,0.0,0.0
2011-04-11,Sideways,1,1.83902525723881e-09,0.998900551086689,0.0010994470750241472,0.0,0.0
2011-04-12,Sideways,1,5.163391862938943e-09,0.9989930212707768,0.0010069735652140828,0.0,0.0
2011-04-13,Sideways,1,1.4673053250034639e-08,0.995687185259561,0.004312800067354187,0.0,0.0
2011-04-14,Sideways,1,2.0705928711314644e-06,0.9725012606815086,0.027496668726195394,0.0,0.0
2011-04-15,Unknown,2,5.351173036975922e-07,0.4701030255843237,0.5298964392987288,0.0,0.0
2011-04-18,Unknown,2,5.635079752533212e-07,0.22850122128907674,0.771498215203354,0.0,0.0
2011-04-19,Unknown,2,2.0813904054087924e-08,0.011956018512446402,0.9880439606743555,0.0,0.0
2011-04-20,Unknown,2,2.2403022559231683e-09,0.0037684432699458203,0.9962315544905224,0.0,0.0
2011-04-21,Unknown,2,5.547498638269556e-10,0.0010798568276274422,0.9989201426176064,0.0,0.0
2011-04-25,Unknown,2,3.0461907832975504e-11,0.00014310044218090204,0.9998568995277616,0.0,0.0
2011-04-26,Unknown,2,5.769035826809209e-11,0.0009528722749760854,0.9990471276675902,0.0,0.0
2011-04-27,Unknown,2,2.520887654842313e-10,0.000684272190576908,0.999315727557567,0.0,0.0
2011-04-28,Unknown,2,1.4222381977425193e-11,4.675046380937932e-05,0.9999532495217752,0.0,0.0
2011-04-29,Unknown,2,6.704422942076256e-13,1.1718910944643155e-05,0.9999882810875534,0.0,0.0
2011-05-02,Unknown,2,4.12022974666069e-13,1.8409784692383434e-05,0.9999815902140887,0.0,0.0
2011-05-03,Unknown,2,4.562941392290824e-13,1.0788127799329452e-05,0.9999892118721464,0.0,0.0
2011-05-04,Unknown,2,6.948947107857555e-13,3.5173018440696036e-05,0.9999648269805599,0.0,0.0
2011-05-05,Unknown,2,1.73285620236566e-11,0.00027113884677856776,0.9997288611351102,0.0,0.0
2011-05-06,Unknown,2,3.940603133690844e-11,0.00013254943464402933,0.9998674505256651,0.0,0.0
2011-05-09,Unknown,2,8.547038364227447e-12,7.380482598820507e-05,0.999926195165928,0.0,0.0
2011-05-10,Unknown,2,2.830172608760353e-12,0.00010461002991006834,0.9998953899671867,0.0,0.0
2011-05-11,Unknown,2,3.6272987490066633e-12,0.0006304837713294664,0.9993695162258661,0.0,0.0
2011-05-12,Unknown,2,8.523551377860206e-12,0.00606423103069198,0.9939357689601502,0.0,0.0
2011-05-13,Unknown,2,5.142861522509292e-11,0.05546616512453608,0.9445338348237678,0.0,0.0
2011-05-16,Unknown,2,4.576258802676291e-10,0.3408813885888448,0.6591186109540833,0.0,0.0
2011-05-17,Sideways,1,2.7822258642718427e-09,0.8687113647647531,0.13128863245346786,0.0,0.0
2011-05-18,Sideways,1,9.272578096599655e-09,0.9584153659900914,0.0415846247379192,0.0,0.0
2011-05-19,Sideways,1,2.4934451658722027e-08,0.9700362541938743,0.029963720871691957,0.0,0.0
2011-05-20,Sideways,1,1.3606903446425705e-08,0.9538516796128853,0.046148306780541985,0.0,0.0
2011-05-23,Sideways,1,2.395086887917433e-08,0.962849655227898,0.03715032082182321,0.0,0.0
2011-05-24,Sideways,1,1.7362864606036623e-08,0.9781141776381941,0.021885804999087915,0.0,0.0
2011-05-25,Sideways,1,1.874492887505925e-08,0.9958377771530118,0.00416220410161912,0.0,0.0
2011-05-26,Sideways,1,2.3363890925513668e-08,0.9995640156678324,0.0004359609674670906,0.0,0.0
2011-05-27,Sideways,1,2.034644873216846e-08,0.9996955699356727,0.00030440971836395996,0.0,0.0
2011-05-31,Sideways,1,1.3906445146719833e-08,0.9999579136709029,4.2072422842216854e-05,0.0,0.0
2011-06-01,Sideways,1,5.0267051781421235e-08,0.9999990665532814,8.83179079445114e-07,0.0,0.0
2011-06-02,Sideways,1,2.735683600360775e-08,0.9999965398333935,3.432810428747742e-06,0.0,0.0
2011-06-03,Sideways,1,3.800784254474559e-08,0.9999985541645849,1.407826839298729e-06,0.0,0.0
2011-06-06,Sideways,1,6.197533680308166e-08,0.9999998538205652,8.42035480155319e-08,0.0,0.0
2011-06-07,Sideways,1,6.66398926192615e-08,0.9999999331976164,1.6300424185150887e-10,0.0,0.0
2011-06-08,Sideways,1,7.590237768778693e-08,0.9999998890180056,3.507995776168853e-08,0.0,0.0
2011-06-09,Sideways,1,4.755403327649524e-08,0.9999999455176308,6.928341613955273e-09,0.0,0.0
2011-06-10,Sideways,1,1.3628980676538106e-07,0.9999998524963412,1.1213397676117284e-08,0.0,0.0
2011-06-13,Sideways,1,1.5083556910936184e-07,0.9999998433868436,5.777105936752478e-09,0.0,0.0
2011-06-14,Sideways,1,6.109769697623773e-08,0.9999999387509907,1.511723580954589e-10,0.0,0.0
2011-06-15,Sideways,1,3.3166472573299514e-07,0.9999996681036105,2.3242595721971934e-10,0.0,0.0
2011-06-16,Sideways,1,2.1267603942781384e-07,0.9999997873037727,2.0307593529492154e-11,0.0,0.0
2011-06-17,Sideways,1,1.8502194891658457e-07,0.9999998149378542,3.933938245466572e-11,0.0,0.0
2011-06-20,Sideways,1,1.3227298330318388e-07,0.9999998677121854,1.5064073172458844e-11,0.0,0.0
2011-06-21,Sideways,1,9.558266150360113e-08,0.9999999044175684,2.273503790054963e-13,0.0,0.0
2011-06-22,Sideways,1,2.062802512599722e-07,0.9999997936902432,2.9336609797011493e-11,0.0,0.0
2011-06-23,Sideways,1,2.9508086914683e-07,0.9999997047307697,1.8907477373792421e-10,0.0,0.0
2011-06-24,Sideways,1,8.404048586851136e-07,0.9999991592470802,3.4871735786573344e-10,0.0,0.0
2011-06-27,Sideways,1,2.7520222881560835e-07,0.9999997245231877,2.7499078522345843e-10,0.0,0.0
2011-06-28,Sideways,1,1.3774844995251244e-07,0.9999998622079243,4.394047266192066e-11,0.0,0.0
2011-06-29,Sideways,1,1.137048151498689e-07,0.9999998861785635,1.1683370304881503e-10,0.0,0.0
2011-06-30,Sideways,1,9.284450753553364e-08,0.9999999043357138,2.819998497403595e-09,0.0,0.0
2011-07-01,Sideways,1,1.660407627797141e-07,0.999999833959023,3.046637432309158e-13,0.0,0.0
2011-07-05,Sideways,1,3.338378601706489e-07,0.9999996661045418,5.697556236608039e-11,0.0,0.0
2011-07-06,Sideways,1,4.21593832761311e-07,0.9999995653125587,1.3093307719084224e-08,0.0,0.0
2011-07-07,Sideways,1,3.2792359368005464e-07,0.9999996403512988,3.172597487999538e-08,0.0,0.0
2011-07-08,Sideways,1,8.314765452678033e-07,0.9999990152614674,1.532618263924268e-07,0.0,0.0
2011-07-11,Sideways,1,3.688029748715779e-06,0.9999962994075109,1.2562462438183943e-08,0.0,0.0
2011-07-12,Sideways,1,4.675274424961505e-06,0.9999953108345728,1.3891606421081199e-08,0.0,0.0
2011-07-13,Sideways,1,2.627551989986929e-06,0.9999973001358806,7.231168501106532e-08,0.0,0.0
2011-07-14,Sideways,1,2.294868106624341e-06,0.9999976532499455,5.18816959392786e-08,0.0,0.0
2011-07-15,Sideways,1,2.2938026434705775e-06,0.999997603533445,1.0266335002715325e-07,0.0,0.0
2011-07-18,Sideways,1,3.008993854571842e-06,0.9999967177135866,2.732933503564324e-07,0.0,0.0
2011-07-19,Sideways,1,1.4611739760122e-06,0.9999984315994446,1.0722735901160674e-07,0.0,0.0
2011-07-20,Sideways,1,1.1110640791761755e-06,0.9999984113886853,4.775474719216626e-07,0.0,0.0
2011-07-21,Sideways,1,6.290021746267334e-07,0.9999990053388901,3.6565894868703266e-07,0.0,0.0
2011-07-22,Sideways,1,2.3080785418963247e-06,0.9999965170997428,1.174821560560708e-06,0.0,0.0
2011-07-25,Sideways,1,3.9028469743653e-05,0.9999608555139345,1.1601714953179219e-07,0.0,0.0
2011-07-26,Sideways,1,0.0005103689482577911,0.9994884572579105,1.1737936383184997e-06,0.0,0.0
2011-07-27,Sideways,1,0.00485596892826061,0.9951440020873638,2.898364881054711e-08,0.0,0.0
2011-07-28,Sideways,1,0.01676946162567905,0.9832304749943603,6.337966351021176e-08,0.0,0.0
2011-07-29,Sideways,1,0.0711531562018417,0.9288468349368407,8.861196664941638e-09,0.0,0.0
2011-08-01,Sideways,1,0.24803124128645437,0.7519687554695255,3.243221681436063e-09,0.0,0.0
2011-08-02,Bull,0,0.8025903639696264,0.19740963603084807,2.7162502288505532e-14,0.0,0.0
2011-08-03,Bull,0,0.8931897717883548,0.10681022821107088,2.0399451287575892e-16,0.0,0.0
2011-08-04,Bull,0,0.9999954689858774,4.5310135315418635e-06,5.249921429328211e-37,0.0,0.0
2011-08-05,Bull,0,0.9999999999254214,7.382016165586358e-11,0.0,0.0,0.0
2011-08-08,High-Volatility,4,0.0,0.0,0.0,0.0004617844534217024,0.9995382155472874
2011-08-09,High-Volatility,4,0.0,0.0,0.0,6.968159488136285e-06,0.9999930318396706
2011-08-10,High-Volatility,4,0.0,0.0,0.0,1.7341828351543308e-09,0.9999999982665031
2011-08-11,High-Volatility,4,0.0,0.0,0.0,1.9997197645332515e-10,0.9999999997999112
2011-08-12,High-Volatility,4,0.0,0.0,0.0,9.79154167886651e-11,0.9999999999017746
2011-08-15,High-Volatility,4,0.0,0.0,0.0,8.775277161073957e-10,0.9999999991232471
2011-08-16,High-Volatility,4,0.0,0.0,0.0,2.3495732306331475e-10,0.9999999997653504
2011-08-17,High-Volatility,4,0.0,0.0,0.0,4.488102322978651e-09,0.9999999955125531
2011-08-18,High-Volatility,4,0.0,0.0,0.0,9.401837118881084e-12,0.999999999990905
2011-08-19,High-Volatility,4,0.0,0.0,0.0,8.061010895880491e-12,0.999999999992724
2011-08-22,High-Volatility,4,0.0,0.0,0.0,9.750739557896022e-13,0.999999999998181
2011-08-23,High-Volatility,4,0.0,0.0,0.0,1.1456033337838431e-14,1.0
2011-08-24,High-Volatility,4,0.0,0.0,0.0,4.137396994786681e-15,1.0
2011-08-25,High-Volatility,4,0.0,0.0,0.0,3.7243760071385935e-13,1.0
2011-08-26,High-Volatility,4,0.0,0.0,0.0,1.4918134158879347e-13,1.0
2011-08-29,High-Volatility,4,0.0,0.0,0.0,1.8713953752863988e-15,1.0
2011-08-30,High-Volatility,4,0.0,0.0,0.0,1.010069203657124e-15,1.0
2011-08-31,High-Volatility,4,0.0,0.0,0.0,3.974862568285674e-15,1.0
2011-09-01,High-Volatility,4,0.0,0.0,0.0,2.9147806582941643e-15,1.0
2011-09-02,High-Volatility,4,0.0,0.0,0.0,1.5338455770438055e-13,1.0
2011-09-06,High-Volatility,4,0.0,0.0,0.0,3.9265982585555045e-14,1.0
2011-09-07,High-Volatility,4,0.0,0.0,0.0,2.857957026250277e-10,0.9999999997144187
2011-09-08,High-Volatility,4,0.0,0.0,0.0,4.043551767620752e-05,0.9999595644830079
2011-09-09,High-Volatility,4,0.0,0.0,0.0,0.008708284055996536,0.9912917159439011
2011-09-12,Bear,3,0.0,0.0,0.0,0.9163225088219985,0.08367749117772133
2011-09-13,Bear,3,0.0,0.0,0.0,0.9963482145505648,0.003651785449729091
2011-09-14,Bear,3,0.0,0.0,0.0,0.9999092906980531,9.070930152174114e-05
2011-09-15,Bear,3,0.0,0.0,0.0,0.999989177086169,1.0822913209125679e-05
2011-09-16,Bear,3,0.0,0.0,0.0,1.0,2.708317878520977e-79
2011-09-19,Bull,0,1.0,2.529859555734742e-13,0.0,0.0,0.0
2011-09-20,Bull,0,1.0,1.1334568035219437e-15,4.1977109922138336e-58,0.0,0.0
2011-09-21,Bull,0,1.0,4.048880196630708e-18,4.9843619318899925e-61,0.0,0.0
2011-09-22,Bull,0,1.0,1.520753084648203e-17,2.090665837794222e-58,0.0,0.0
2011-09-23,Bull,0,1.0,8.6071178367364015e-16,1.5798975583446816e-54,0.0,0.0
2011-09-26,Bull,0,1.0,3.537718424204952e-16,8.151293054268176e-57,0.0,0.0
2011-09-27,Bull,0,1.0,2.5963874628588343e-15,3.4374719981492336e-52,0.0,0.0
2011-09-28,Bull,0,1.0,1.7194046912371003e-13,1.0477764513274995e-44,0.0,0.0
2011-09-29,Bull,0,1.0,3.077762451317957e-13,2.8476609253760877e-53,0.0,0.0
2011-09-30,Bull,0,1.0,2.9676565065560447e-15,4.859028542729774e-58,0.0,0.0
2011-10-03,Bull,0,1.0,2.295605733547716e-17,1.0689750239478216e-59,0.0,0.0
2011-10-04,Bull,0,1.0,3.410580588765542e-16,0.0,0.0,0.0
2011-10-05,Bear,3,0.0,0.0,0.0,1.0,5.633107112739694e-81
2011-10-06,Bull,0,1.0,3.028327577417863e-15,0.0,0.0,0.0
2011-10-07,Bull,0,1.0,8.346402719544324e-14,0.0,0.0,0.0
2011-10-10,Bear,3,0.0,0.0,0.0,0.9999991814187237,8.185807702256497e-07
2011-10-11,Bear,3,0.0,0.0,0.0,0.999999963216397,3.678441121771615e-08
2011-10-12,Bear,3,0.0,0.0,0.0,1.0,6.6440890258795e-82
2011-10-13,Bull,0,1.0,1.7920240430827023e-15,0.0,0.0,0.0
2011-10-14,Bull,0,1.0,4.861740908714935e-16,0.0,0.0,0.0
2011-10-17,Bear,3,0.0,0.0,0.0,0.9999996031493416,3.9684976935178524e-07
2011-10-18,Bear,3,0.0,0.0,0.0,0.9999999297506317,7.025014522244175e-08
2011-10-19,Bear,3,0.0,0.0,0.0,1.0,3.268755004244694e-81
2011-10-20,Bull,0,1.0,3.865326490581928e-16,0.0,0.0,0.0
2011-10-21,Bull,0,1.0,1.7367009824730484e-18,6.676363601964163e-51,0.0,0.0
2011-10-24,Bull,0,1.0,4.159296682141188e-17,1.72604004405782e-49,0.0,0.0
2011-10-25,Bull,0,1.0,2.2929025020443673e-17,5.305322880723415e-44,0.0,0.0
2011-10-26,Bull,0,1.0,7.072180021309951e-17,6.458194368733803e-46,0.0,0.0
2011-10-27,Bull,0,1.0,1.839416951057891e-18,1.2163899794730628e-52,0.0,0.0
2011-10-28,Bull,0,1.0,8.573561105780507e-19,1.8971947797473882e-48,0.0,0.0
2011-10-31,Bull,0,1.0,1.1593843857029602e-18,4.552098318224798e-52,0.0,0.0
2011-11-01,Bull,0,1.0,1.8721481532634068e-19,4.543228316131135e-61,0.0,0.0
2011-11-02,Bull,0,1.0,1.2827747899008654e-17,4.6108117278894895e-53,0.0,0.0
2011-11-03,Bull,0,1.0,1.3383689136533653e-19,9.781493341548399e-54,0.0,0.0
2011-11-04,Bull,0,1.0,2.2304612993219025e-18,1.6451009258301046e-46,0.0,0.0
2011-11-07,Bull,0,1.0,1.637264801618532e-16,1.1857367607008377e-41,0.0,0.0
2011-11-08,Bull,0,1.0,2.5821229034329466e-14,1.4969026587990871e-41,0.0,0.0
2011-11-09,Bull,0,1.0,2.4526600817597937e-17,4.772393505372653e-50,0.0,0.0
2011-11-10,Bull,0,1.0,1.9794928025042625e-17,2.888973399469479e-45,0.0,0.0
2011-11-11,Bull,0,1.0,2.403198139386027e-17,2.9543256136588154e-46,0.0,0.0
2011-11-14,Bull,0,1.0,1.6004417308861065e-17,4.24833291202522e-45,0.0,0.0
2011-11-15,Bull,0,1.0,2.2745425469829122e-17,4.0601447839848265e-44,0.0,0.0
2011-11-16,Bull,0,1.0,2.234707829010754e-15,2.52664203428979e-43,0.0,0.0
2011-11-17,Bull,0,1.0,1.537508425159725e-15,1.985777134973194e-44,0.0,0.0
2011-11-18,Bull,0,1.0,3.3554850711821284e-16,4.220918925623255e-46,0.0,0.0
2011-11-21,Bull,0,1.0,3.7191620320741657e-16,6.053370498919584e-48,0.0,0.0
2011-11-22,Bull,0,1.0,1.836038463419559e-16,2.5014320944247736e-49,0.0,0.0
2011-11-23,Bull,0,1.0,1.3867379287779285e-15,6.4994024621071635e-50,0.0,0.0
2011-11-25,Bull,0,1.0,1.1883030436600083e-14,2.4813626024722987e-49,0.0,0.0
2011-11-28,Bull,0,1.0,3.6303233556097275e-15,7.90911227923848e-51,0.0,0.0
2011-11-29,Bull,0,1.0,9.729254388190517e-14,7.062189794583524e-50,0.0,0.0
2011-11-30,Bull,0,1.0,4.048510965729572e-15,8.45444378647482e-61,0.0,0.0
2011-12-01,Bull,0,0.999999999994543,6.024483636268872e-12,1.3293074237283986e-51,0.0,0.0
2011-12-02,Bull,0,0.9999999999690772,3.0272876907752284e-11,1.2597703816128591e-48,0.0,0.0
2011-12-05,Bull,0,0.999999999994543,6.14225071259101e-12,6.086005658891938e-42,0.0,0.0
2011-12-06,Bull,0,0.9999999999890861,1.1792375092156517e-11,1.036431190629682e-41,0.0,0.0
2011-12-07,Bull,0,1.0,2.0029375045487547e-13,3.415923220794221e-38,0.0,0.0
2011-12-08,Bull,0,1.0,3.001215712905484e-14,1.5586868319773874e-37,0.0,0.0
2011-12-09,Bull,0,0.9999999999672582,3.2575384984596873e-11,1.9224962169260385e-30,0.0,0.0
2011-12-12,Bull,0,0.999999999992724,7.538440218330279e-12,1.6884039565209649e-31,0.0,0.0
2011-12-13,Bull,0,0.999999999994543,4.6137789898160936e-12,2.172391377006952e-32,0.0,0.0
2011-12-14,Bull,0,0.999999999992724,7.601869137582927e-12,1.6973105795322632e-32,0.0,0.0
2011-12-15,Bull,0,0.9999999999326974,6.658158999192377e-11,2.8205388010693983e-31,0.0,0.0
2011-12-16,Bull,0,0.9999999997799023,2.2041034483708593e-10,8.801459230898434e-29,0.0,0.0
2011-12-19,Bull,0,0.9999999994161044,5.839230357770179e-10,4.5897022172086116e-29,0.0,0.0
2011-12-20,Bull,0,0.999999999487045,5.121999442730335e-10,1.138400883643315e-32,0.0,0.0
2011-12-21,Bull,0,0.9999999991814548,8.181224210764298e-10,3.087042341936345e-33,0.0,0.0
2011-12-22,Bull,0,0.9999999993651727,6.341991935238292e-10,2.000825260443006e-34,0.0,0.0
2011-12-23,Bull,0,0.9999999997944542,2.0588395657588242e-10,1.4193755276235083e-36,0.0,0.0
2011-12-27,Bull,0,0.9999999998435669,1.562076040283293e-10,7.43196920843795e-37,0.0,0.0
2011-12-28,Bull,0,0.9999999947613105,5.238104900098633e-09,3.993750699320951e-25,0.0,0.0
2011-12-29,Bull,0,0.9999999918272806,8.172995766236565e-09,1.655898942191423e-23,0.0,0.0
2011-12-30,Bull,0,0.9999998270250366,1.729740550477365e-07,1.6613695572533038e-15,0.0,0.0
2012-01-03,Bull,0,0.9999998702060195,1.2979351839276346e-07,6.52765805702003e-15,0.0,0.0
2012-01-04,Bull,0,0.9999998697385393,1.302607997583634e-07,4.620802289138783e-15,0.0,0.0
2012-01-05,Bull,0,0.9999998986531915,1.01346653794972e-07,1.1165480325970897e-17,0.0,0.0
2012-01-06,Bull,0,0.9999999344017872,6.55977891395463e-08,7.261664588532485e-17,0.0,0.0
2012-01-09,Bull,0,0.9999999434148792,5.6584773259979e-08,1.62698289898973e-17,0.0,0.0
2012-01-10,Bull,0,0.9999996565748596,3.4342303369208694e-07,1.3775834600124393e-12,0.0,0.0
2012-01-11,Bull,0,0.9999998225648754,1.7741674084581914e-07,1.751042694443172e-11,0.0,0.0
2012-01-12,Bull,0,0.9999994542851379,5.452787945652065e-07,4.366291231695165e-10,0.0,0.0
2012-01-13,Bull,0,0.9999988282659203,1.1716170735671994e-06,1.1788421427462107e-10,0.0,0.0
2012-01-17,Bull,0,0.9999983702341162,1.6296692071686166e-06,9.620331840994291e-11,0.0,0.0
2012-01-18,Bull,0,0.9999990723558522,9.269802862757396e-07,6.640566611979283e-10,0.0,0.0
2012-01-19,Bull,0,0.9999933633445964,6.515957459565194e-06,1.2069738315321968e-07,0.0,0.0
2012-01-20,Bull,0,0.9997529791319224,0.0001678668445734609,7.915402380278587e-05,0.0,0.0
2012-01-23,Unknown,2,0.4317754391057823,0.00017479891903089692,0.5680497619760093,0.0,0.0
2012-01-24,Unknown,2,0.12806606088459602,9.118737180401727e-05,0.8718427517441488,0.0,0.0
2012-01-25,Unknown,2,0.01390078364391574,3.875008959732634e-06,0.9860953413465837,0.0,0.0
2012-01-26,Unknown,2,0.0018948679449524194,1.5985677202181758e-06,0.998103533486806,0.0,0.0
2012-01-27,Unknown,2,0.00024619351992747593,1.6073362069518432e-06,0.9997521991440216,0.0,0.0
2012-01-30,Unknown,2,1.6882092461208596e-05,3.375199338414277e-06,0.999979742707728,0.0,0.0
2012-01-31,Unknown,2,5.454028071517968e-07,1.0431724503381491e-06,0.999998411425065,0.0,0.0
2012-02-01,Unknown,2,1.3261285056098448e-07,6.2994914526287385e-06,0.9999935678958942,0.0,0.0
2012-02-02,Unknown,2,2.3510688638431276e-09,2.1509899627396047e-07,0.9999997825507544,0.0,0.0
2012-02-03,Unknown,2,1.5750647620890024e-10,7.020007981023572e-07,0.9999992978412329,0.0,0.0
2012-02-06,Unknown,2,1.7895166595423597e-11,5.410184609893906e-07,0.9999994589635761,0.0,0.0
2012-02-07,Unknown,2,1.1959894755612864e-11,1.3173761205967886e-06,0.9999986826123441,0.0,0.0
2012-02-08,Unknown,2,1.317853942932736e-11,7.148050498455888e-07,0.9999992851810756,0.0,0.0
2012-02-09,Unknown,2,8.990110851515285e-12,7.816269195287253e-07,0.9999992183641878,0.0,0.0
2012-02-10,Unknown,2,9.700142843702027e-12,1.5154053202145922e-06,0.9999984845847052,0.0,0.0
2012-02-13,Unknown,2,6.563588022881541e-12,6.436608055777222e-07,0.9999993563326168,0.0,0.0
2012-02-14,Unknown,2,2.4386267762628655e-12,1.153999023392491e-06,0.9999988459992275,0.0,0.0
2012-02-15,Unknown,2,6.020034273995612e-12,2.4613530405060113e-06,0.9999975386411557,0.0,0.0
2012-02-16,Unknown,2,9.95408979251429e-12,7.590917253725077e-07,0.9999992408978112,0.0,0.0
2012-02-17,Unknown,2,1.7369954967913967e-12,6.449325945098132e-07,0.999999355064782,0.0,0.0
2012-02-21,Unknown,2,1.663447913306167e-12,5.678371259826893e-07,0.9999994321607821,0.0,0.0
2012-02-22,Unknown,2,7.845875186651594e-13,9.218455343425607e-07,0.9999990781529661,0.0,0.0
2012-02-23,Unknown,2,7.716499465160369e-13,1.0808839282570809e-06,0.9999989191152439,0.0,0.0
2012-02-24,Unknown,2,1.2760390918899412e-12,6.847250227904148e-07,0.9999993152744153,0.0,0.0
2012-02-27,Unknown,2,4.735773208324764e-13,8.231569463433232e-07,0.9999991768421501,0.0,0.0
2012-02-28,Unknown,2,3.4174432030853574e-13,9.042243239523116e-07,0.9999990957753193,0.0,0.0
2012-02-29,Unknown,2,1.9868806585392908e-13,1.4305425251424062e-06,0.9999985694568068,0.0,0.0
2012-03-01,Unknown,2,3.0460964900756224e-13,1.8579905821006256e-06,0.9999981420095517,0.0,0.0
2012-03-02,Unknown,2,2.824801147929343e-13,1.4725450898842821e-06,0.9999985274545835,0.0,0.0
2012-03-05,Unknown,2,2.86315499912365e-13,3.7557093152459643e-06,0.9999962442905185,0.0,0.0
2012-03-06,Unknown,2,7.102071741360686e-11,0.000181539864606335,0.9998184600648137,0.0,0.0
2012-03-07,Unknown,2,7.98879354095417e-11,1.4944556043152353e-05,0.9999850553638543,0.0,0.0
2012-03-08,Unknown,2,8.985019614908688e-12,2.2383694534001135e-05,0.9999776162962447,0.0,0.0
2012-03-09,Unknown,2,5.641218090282841e-12,1.2792349620564696e-05,0.9999872076441217,0.0,0.0
2012-03-12,Unknown,2,1.3701895188119072e-12,2.1539207493098354e-05,0.9999784607908223,0.0,0.0
2012-03-13,Unknown,2,3.1985188120277546e-11,0.0011919686363899532,0.9988080313309414,0.0,0.0
2012-03-14,Unknown,2,6.648122173539026e-10,0.00035066413970696387,0.9996493351963851,0.0,0.0
2012-03-15,Unknown,2,4.656856558977032e-11,5.97417067357244e-05,0.9999402582472603,0.0,0.0
2012-03-16,Unknown,2,4.157383631996129e-12,2.7959849351832526e-05,0.9999720401463323,0.0,0.0
2012-03-19,Unknown,2,5.230695971428439e-12,3.678465895732052e-05,0.999963215335719,0.0,0.0
2012-03-20,Unknown,2,1.1153822271332506e-12,6.405698999117855e-06,0.9999935943001749,0.0,0.0
2012-03-21,Unknown,2,3.3117760650725387e-13,1.3075541679416905e-05,0.9999869244584192,0.0,0.0
2012-03-22,Unknown,2,1.7429368734302586e-12,4.697875933811187e-05,0.99995302123839,0.0,0.0
2012-03-23,Unknown,2,2.405068281843957e-12,2.41603293941971e-05,0.9999758396687953,0.0,0.0
2012-03-26,Unknown,2,6.540865992377824e-13,2.8583375998294674e-05,0.9999714166234882,0.0,0.0
2012-03-27,Unknown,2,5.932814416167495e-13,2.9648774325797774e-05,0.999970351225122,0.0,0.0
2012-03-28,Unknown,2,2.309773869141747e-12,0.00011947879210995339,0.9998805212057865,0.0,0.0
2012-03-29,Unknown,2,1.9203967292902928e-11,0.0002779861170625434,0.9997220138638709,0.0,0.0
2012-03-30,Unknown,2,1.2076307769155304e-11,0.00013203720629658712,0.9998679627817105,0.0,0.0
2012-04-02,Unknown,2,2.2109955202625395e-12,0.0002573745335725158,0.9997426254640076,0.0,0.0
2012-04-03,Unknown,2,1.7201452635327913e-12,0.002015623626972101,0.9979843763721853,0.0,0.0
2012-04-04,Unknown,2,1.8121568294068513e-11,0.022011386355924634,0.9779886136253768,0.0,0.0
2012-04-05,Unknown,2,9.359540838005129e-11,0.08635221363283088,0.9136477862741884,0.0,0.0
2012-04-09,Unknown,2,4.884008619275039e-10,0.5398564731066039,0.4601435264044453,0.0,0.0
2012-04-10,Sideways,1,5.817552049280751e-09,0.9996916499816362,0.0003083442003035643,0.0,0.0
2012-04-11,Sideways,1,2.9375719426580574e-09,0.999996569340938,3.427721143927376e-06,0.0,0.0
2012-04-12,Sideways,1,1.8193679705342285e-09,0.9999328895702151,6.71086107127921e-05,0.0,0.0
2012-04-13,Sideways,1,2.826705928984168e-09,0.9999801582438878,1.9838929141639884e-05,0.0,0.0
2012-04-16,Sideways,1,3.807848269127027e-09,0.999971368710859,2.8627481916879258e-05,0.0,0.0
2012-04-17,Sideways,1,1.439254563859484e-09,0.9999996199840819,3.785761671401559e-07,0.0,0.0
2012-04-18,Sideways,1,1.73169783539004e-09,0.9999979823426093,2.015925353893287e-06,0.0,0.0
2012-04-19,Sideways,1,1.7476106249253109e-09,0.9999960297797458,3.9684721660866255e-06,0.0,0.0
2012-04-20,Sideways,1,1.904960208203713e-09,0.9999971794899224,2.818604889183303e-06,0.0,0.0
2012-04-23,Sideways,1,3.5791056300249356e-09,0.9999967518922859,3.244528970450428e-06,0.0,0.0
2012-04-24,Sideways,1,1.485017455032513e-09,0.9999992949836026,7.03530560355876e-07,0.0,0.0
2012-04-25,Sideways,1,9.206790222115771e-10,0.9999997460927583,2.5298702794556935e-07,0.0,0.0
2012-04-26,Sideways,1,5.908440298738474e-10,0.9999996873685211,3.120413718811442e-07,0.0,0.0
2012-04-27,Sideways,1,5.54997455422932e-10,0.9999982353762897,1.7640694310053786e-06,0.0,0.0
2012-04-30,Sideways,1,1.615246339547538e-09,0.9999994103420169,5.880427881527304e-07,0.0,0.0
2012-05-01,Sideways,1,1.0102605991043631e-09,0.9999993825114958,6.164785279441418e-07,0.0,0.0
2012-05-02,Sideways,1,1.3328807453164116e-09,0.9999919389808596,8.059686231260385e-06,0.0,0.0
2012-05-03,Sideways,1,1.9555072591512277e-09,0.9999901573239729,9.840721374865479e-06,0.0,0.0
2012-05-04,Sideways,1,7.1441529459690605e-09,0.9999996303814215,3.6247436579539607e-07,0.0,0.0
2012-05-07,Sideways,1,3.975074131955214e-09,0.9999992105443586,7.85480835848389e-07,0.0,0.0
2012-05-08,Sideways,1,3.5148922774338457e-09,0.9999997889626907,2.0752207120831602e-07,0.0,0.0
2012-05-09,Sideways,1,1.0384731791087629e-08,0.9999999205210801,6.909401987335954e-08,0.0,0.0
2012-05-10,Sideways,1,6.4280794430606175e-09,0.999999375824895,6.1774703071518e-07,0.0,0.0
2012-05-11,Sideways,1,1.2317087565240266e-08,0.9999839062187618,1.6081463404135188e-05,0.0,0.0
2012-05-14,Sideways,1,3.5551346633734364e-08,0.9999954898259448,4.474622955965468e-06,0.0,0.0
2012-05-15,Sideways,1,5.4763663961493444e-08,0.9999987225372907,1.2226996259619867e-06,0.0,0.0
2012-05-16,Sideways,1,7.90542731591855e-08,0.9999961477189194,3.773226509703052e-06,0.0,0.0
2012-05-17,Sideways,1,2.0193742886896444e-07,0.9999997663944942,3.1667891583546856e-08,0.0,0.0
2012-05-18,Sideways,1,3.695742309796009e-07,0.999999629175432,1.2511202611898539e-09,0.0,0.0
2012-05-21,Sideways,1,7.633632977846999e-08,0.9999999236333708,3.060140749720336e-11,0.0,0.0
2012-05-22,Sideways,1,1.2741738548831307e-07,0.9999998725543345,2.8857369042907413e-11,0.0,0.0
2012-05-23,Sideways,1,1.0148631402027011e-07,0.9999998984221798,9.183848800196233e-11,0.0,0.0
2012-05-24,Sideways,1,1.447535842478538e-07,0.9999998546845851,5.611812154841438e-10,0.0,0.0
2012-05-25,Sideways,1,5.083782978748324e-07,0.9999994915198314,1.010312975745294e-10,0.0,0.0
2012-05-29,Sideways,1,3.780774496126633e-08,0.9999999620158639,1.7677116483315955e-10,0.0,0.0
2012-05-30,Sideways,1,1.2798726366558268e-07,0.999999870628025,1.3844848753903786e-09,0.0,0.0
2012-05-31,Sideways,1,2.1659352619383744e-07,0.9999997823415706,1.064856740327817e-09,0.0,0.0
2012-06-01,Sideways,1,4.0572637204516555e-06,0.9999959427359952,5.482556969114024e-13,0.0,0.0
2012-06-04,Sideways,1,1.624747541428755e-06,0.9999983752508809,1.6551271637559231e-12,0.0,0.0
2012-06-05,Sideways,1,4.2645595305093316e-07,0.9999995735434822,3.5074309069415465e-14,0.0,0.0
2012-06-06,Sideways,1,1.3556819218620865e-07,0.999999864432548,1.3182923461136327e-16,0.0,0.0
2012-06-07,Sideways,1,1.3261013032632912e-07,0.9999998673902243,9.805535879880657e-15,0.0,0.0
2012-06-08,Sideways,1,4.1146067297192235e-07,0.9999995885392245,9.562582339920666e-17,0.0,0.0
2012-06-11,Sideways,1,2.7705181395231e-06,0.9999972294810685,5.791272257487815e-16,0.0,0.0
2012-06-12,Sideways,1,5.529322553227726e-07,0.999999447067392,1.7883583797541906e-15,0.0,0.0
2012-06-13,Sideways,1,4.663083771572883e-07,0.9999995336858042,5.236264737231048e-12,0.0,0.0
2012-06-14,Sideways,1,3.4676926628214314e-07,0.9999996532297393,8.052842635302746e-13,0.0,0.0
2012-06-15,Sideways,1,3.008457380751319e-07,0.9999996991537499,3.3280330314878204e-13,0.0,0.0
2012-06-18,Sideways,1,1.0899629279423365e-06,0.9999989100366775,6.378007604437696e-13,0.0,0.0
2012-06-19,Sideways,1,1.341764622841566e-06,0.9999986582342806,5.876380823435105e-13,0.0,0.0
2012-06-20,Sideways,1,8.136384302483792e-07,0.9999991862790594,8.184036193751338e-11,0.0,0.0
2012-06-21,Sideways,1,1.0537393890575697e-05,0.9999894625989724,6.989016582116979e-12,0.0,0.0
2012-06-22,Sideways,1,4.247958872597378e-06,0.999995751748358,2.9324905436725814e-10,0.0,0.0
2012-06-25,Sideways,1,1.935740663056241e-05,0.9999806425894361,3.575588593942213e-12,0.0,0.0
2012-06-26,Sideways,1,9.85833707608566e-06,0.9999901416589905,4.743198049927876e-12,0.0,0.0
2012-06-27,Sideways,1,2.6295116603278648e-06,0.9999973704305388,5.820670728698854e-11,0.0,0.0
2012-06-28,Sideways,1,3.925949447107074e-06,0.9999960739901087,5.956050589847748e-11,0.0,0.0
2012-06-29,Sideways,1,4.009015655765961e-06,0.9999959909844945,7.666934869193208e-14,0.0,0.0
2012-07-02,Sideways,1,1.7684674709172788e-05,0.999982315324757,1.688128360785113e-14,0.0,0.0
2012-07-03,Sideways,1,1.8460080887432694e-05,0.9999815399199589,3.054301154650704e-14,0.0,0.0
2012-07-05,Sideways,1,1.0792577431106691e-05,0.9999892074138516,9.279321956531409e-12,0.0,0.0
2012-07-06,Sideways,1,6.613487327836385e-06,0.9999933863728497,1.3925530355179665e-10,0.0,0.0
2012-07-09,Sideways,1,2.8261348064500944e-06,0.999997040026589,1.3383781929700015e-07,0.0,0.0
2012-07-10,Sideways,1,4.7514471005117995e-06,0.9999951861743643,6.237931674112851e-08,0.0,0.0
2012-07-11,Sideways,1,5.147617288719245e-06,0.9999948337742107,1.8608888320757727e-08,0.0,0.0
2012-07-12,Sideways,1,4.388109412336823e-06,0.99999547365884,1.3823087507986206e-07,0.0,0.0
2012-07-13,Sideways,1,3.1880301818028635e-06,0.999996788437484,2.3531756970321574e-08,0.0,0.0
2012-07-16,Sideways,1,2.6337705735912544e-06,0.9999969300162606,4.3621318764750643e-07,0.0,0.0
2012-07-17,Sideways,1,2.1966394988573974e-06,0.9999972628521562,5.405082606577163e-07,0.0,0.0
2012-07-18,Sideways,1,2.992806259961895e-06,0.9999967450238042,2.621690670451096e-07,0.0,0.0
2012-07-19,Sideways,1,6.0512504742734634e-06,0.9999938578409822,9.090807473904571e-08,0.0,0.0
2012-07-20,Sideways,1,1.2221804889755197e-05,0.9999845119563147,3.266238768541077e-06,0.0,0.0
2012-07-23,Sideways,1,8.539005055217249e-06,0.9999763858600671,1.507513448667888e-05,0.0,0.0
2012-07-24,Sideways,1,1.8282131436071484e-05,0.9999761824309358,5.535437308623705e-06,0.0,0.0
2012-07-25,Sideways,1,3.9087921694168396e-05,0.9999606865764643,2.2550204959766136e-07,0.0,0.0
2012-07-26,Sideways,1,8.990306144166587e-05,0.999910095871934,1.0661512987711792e-09,0.0,0.0
2012-07-27,Sideways,1,8.162669599976305e-05,0.9999183721895651,1.1147130849089751e-09,0.0,0.0
2012-07-30,Sideways,1,2.4822607567466326e-05,0.999975058204659,1.1918701520692809e-07,0.0,0.0
2012-07-31,Sideways,1,1.5586113410392588e-05,0.9999771876865435,7.226200850137917e-06,0.0,0.0
2012-08-01,Sideways,1,2.6017985652835546e-05,0.9999701596421238,3.822371536551472e-06,0.0,0.0
2012-08-02,Sideways,1,6.351267874162971e-05,0.9998361944133718,0.00010029290855906955,0.0,0.0
2012-08-03,Sideways,1,0.000102906104471067,0.9998811189963326,1.597489931976895e-05,0.0,0.0
2012-08-06,Sideways,1,7.261152448664295e-05,0.9998488079837891,7.858049175034477e-05,0.0,0.0
2012-08-07,Sideways,1,4.183606306236678e-05,0.9996495696455695,0.00030859429068525487,0.0,0.0
2012-08-08,Sideways,1,4.422216132168874e-05,0.9983863512264052,0.0015694266118242513,0.0,0.0
2012-08-09,Sideways,1,0.0001211521429123403,0.9913955204297877,0.008483327427036344,0.0,0.0
2012-08-10,Sideways,1,0.00033341321347876056,0.797364882261624,0.20230170452406543,0.0,0.0
2012-08-13,Unknown,2,5.733837720538468e-05,0.12318798445026351,0.8767546771733566,0.0,0.0
2012-08-14,Unknown,2,8.474649094016238e-06,0.021751216104991235,0.9782403092463885,0.0,0.0
2012-08-15,Unknown,2,1.0108875572719893e-06,0.00271953228691961,0.9972794568247442,0.0,0.0
2012-08-16,Unknown,2,9.89796102474263e-08,0.00026970999535555566,0.9997301910259098,0.0,0.0
2012-08-17,Unknown,2,1.0131813404027816e-08,8.546930315937531e-05,0.9999145205648786,0.0,0.0
2012-08-20,Unknown,2,1.5157848733516274e-09,9.08934845809552e-05,0.9999091049997363,0.0,0.0
2012-08-21,Unknown,2,1.6808300833539198e-09,0.00029428852409068613,0.9997057097952108,0.0,0.0
2012-08-22,Unknown,2,7.227784635000044e-09,0.0009835098855848054,0.9990164828859498,0.0,0.0
2012-08-23,Unknown,2,7.812810542236906e-08,0.0022413274561141157,0.9977585944158651,0.0,0.0
2012-08-24,Unknown,2,1.5949540644966378e-08,0.000170343759263352,0.9998296402910111,0.0,0.0
2012-08-27,Unknown,2,2.9738158251565494e-10,4.247653712848878e-06,0.9999957520484899,0.0,0.0
2012-08-28,Unknown,2,5.727114133606116e-12,3.774321482333334e-06,0.999996225673232,0.0,0.0
2012-08-29,Unknown,2,3.5456853329317066e-12,3.886348795919091e-06,0.9999961136475607,0.0,0.0
2012-08-30,Unknown,2,5.981886558556656e-12,1.0848333247533316e-05,0.9999891516606106,0.0,0.0
2012-08-31,Unknown,2,2.4069698419472e-11,1.717350263289344e-05,0.9999828264736983,0.0,0.0
2012-09-04,Unknown,2,1.3966162445379608e-11,1.1207162718676577e-06,0.9999988792703248,0.0,0.0
2012-09-05,Unknown,2,8.484925826238417e-13,1.2426341978585783e-06,0.999998757365437,0.0,0.0
2012-09-06,Unknown,2,7.893354407378453e-12,1.8853646879413144e-05,0.9999811463452887,0.0,0.0
2012-09-07,Unknown,2,7.045424450702014e-11,1.756019830345677e-05,0.9999824397305259,0.0,0.0
2012-09-10,Unknown,2,2.3232816542934365e-11,8.046592805035432e-06,0.9999919533835017,0.0,0.0
2012-09-11,Unknown,2,1.9258907887054284e-11,1.3561008406523037e-05,0.9999864389729753,0.0,0.0
2012-09-12,Unknown,2,5.748184715583298e-11,2.4960831963307747e-05,0.9999750391112037,0.0,0.0
2012-09-13,Unknown,2,2.0390300132736359e-10,2.5406793921579117e-05,0.9999745930025546,0.0,0.0
2012-09-14,Unknown,2,9.645324807985541e-11,1.0557655317696899e-05,0.9999894422483335,0.0,0.0
2012-09-17,Unknown,2,4.143939045242627e-11,1.2563440311455941e-05,0.9999874365173808,0.0,0.0
2012-09-18,Unknown,2,6.95026663620776e-11,1.776545138099053e-05,0.999982234479387,0.0,0.0
2012-09-19,Unknown,2,7.79379998708968e-11,1.6554643885994864e-05,0.9999834452780006,0.0,0.0
2012-09-20,Unknown,2,1.7307336144556962e-11,4.4860837040153934e-06,0.9999955138983423,0.0,0.0
2012-09-21,Unknown,2,6.145112075005627e-12,6.974186680525163e-06,0.9999930258079438,0.0,0.0
2012-09-24,Unknown,2,6.132680786200585e-12,1.025706002245643e-05,0.9999897429332475,0.0,0.0
2012-09-25,Unknown,2,8.543077330947606e-11,0.00013487569571422783,0.9998651242183489,0.0,0.0
2012-09-26,Unknown,2,1.7867445362899288e-09,0.00031251718053167837,0.9996874810320134,0.0,0.0
2012-09-27,Unknown,2,8.302651310375263e-10,0.00013605005151923506,0.999863949117586,0.0,0.0
2012-09-28,Unknown,2,5.893044063749701e-10,0.000270073175855037,0.9997299262343602,0.0,0.0
2012-10-01,Unknown,2,1.6371113069606138e-09,0.00043172109261699213,0.9995682772709837,0.0,0.0
2012-10-02,Unknown,2,5.265373804717197e-10,0.00013669957291619685,0.999863299899678,0.0,0.0
2012-10-03,Unknown,2,2.3216728089957163e-10,0.00023605031944348587,0.9997639494478245,0.0,0.0
2012-10-04,Unknown,2,1.0583515653754041e-09,0.00048178663496929237,0.9995182123075036,0.0,0.0
2012-10-05,Unknown,2,1.5638447787561297e-10,1.3850845487192129e-05,0.9999861489972971,0.0,0.0
2012-10-08,Unknown,2,5.358292841115649e-12,8.918893286919364e-06,0.9999910811018086,0.0,0.0
2012-10-09,Unknown,2,9.07906748697152e-12,3.387107278928893e-05,0.9999661289172961,0.0,0.0
2012-10-10,Unknown,2,7.663736624845941e-11,9.41038746897146e-05,0.9999058960481285,0.0,0.0
2012-10-11,Unknown,2,3.393625103267367e-10,0.00019284049860232637,0.9998071591623755,0.0,0.0
2012-10-12,Unknown,2,2.633091297943639e-09,0.00022925706435395008,0.9997707403031995,0.0,0.0
2012-10-15,Unknown,2,1.2686946276775672e-09,0.0003350879212737439,0.9996649108097663,0.0,0.0
2012-10-16,Unknown,2,3.017716346878506e-10,0.002130713902755949,0.9978692857958364,0.0,0.0
2012-10-17,Unknown,2,7.521111081048724e-10,0.021993805157149934,0.9780061940915682,0.0,0.0
2012-10-18,Unknown,2,6.257221136922843e-09,0.13798645054915679,0.8620135431936197,0.0,0.0
2012-10-19,Sideways,1,8.104240345732888e-08,0.9198422329861826,0.08015768597157362,0.0,0.0
2012-10-22,Sideways,1,2.2719305890381662e-07,0.9619157667067985,0.0380840061007588,0.0,0.0
2012-10-23,Sideways,1,3.4737860746356404e-07,0.9991593102285433,0.0008403423931505226,0.0,0.0
2012-10-24,Sideways,1,2.2502652497162606e-07,0.9999927563502261,7.018622428667788e-06,0.0,0.0
2012-10-25,Sideways,1,1.8513615414817134e-07,0.999998745907637,1.0689559466743277e-06,0.0,0.0
2012-10-26,Sideways,1,1.4461291021587804e-07,0.9999110171040233,8.883828324896324e-05,0.0,0.0
2012-10-31,Sideways,1,1.3966579705292382e-07,0.9999639693794172,3.5890955412663755e-05,0.0,0.0
2012-11-01,Sideways,1,9.355007648904559e-08,0.9999877414053246,1.2165044306990461e-05,0.0,0.0
2012-11-02,Sideways,1,1.3742307489561783e-07,0.9999812858973534,1.8576679352727532e-05,0.0,0.0
2012-11-05,Sideways,1,1.2548269291384797e-07,0.9999815136487802,1.836086935905719e-05,0.0,0.0
2012-11-06,Sideways,1,1.2040784901406843e-07,0.9999929679390203,6.9116533239966186e-06,0.0,0.0
2012-11-07,Sideways,1,6.443428944408216e-07,0.999999274594565,8.106247345096535e-08,0.0,0.0
2012-11-08,Sideways,1,9.589355019851156e-07,0.9999990351921149,5.871554280368158e-09,0.0,0.0
2012-11-09,Sideways,1,4.891724376528556e-07,0.999999490483008,2.034387244327592e-08,0.0,0.0
2012-11-12,Sideways,1,4.3107502413683454e-07,0.9999995662729847,2.651123259457522e-09,0.0,0.0
2012-11-13,Sideways,1,7.373434888579786e-07,0.9999992626292614,2.813110415714107e-11,0.0,0.0
2012-11-14,Sideways,1,1.8377974687224517e-06,0.9999981616655149,5.367252797767201e-10,0.0,0.0
2012-11-15,Sideways,1,1.802302140044136e-06,0.9999981971957702,5.013893986584825e-10,0.0,0.0
2012-11-16,Sideways,1,8.489726392422923e-07,0.9999991507869677,2.395614416384802e-10,0.0,0.0
2012-11-19,Sideways,1,3.623275618184412e-07,0.9999996376719283,1.5993841145563272e-13,0.0,0.0
2012-11-20,Sideways,1,3.5707038413729856e-07,0.9999996429269868,1.998292862202842e-12,0.0,0.0
2012-11-21,Sideways,1,5.711056867043603e-07,0.9999994288884221,5.536557031924352e-12,0.0,0.0
2012-11-23,Sideways,1,4.452946640568271e-07,0.9999995547060362,4.084137448907765e-14,0.0,0.0
2012-11-26,Sideways,1,8.256997653431041e-07,0.9999991742882911,1.176403178032505e-11,0.0,0.0
2012-11-27,Sideways,1,6.067378635949716e-07,0.9999993791663764,1.4096186775793366e-08,0.0,0.0
2012-11-28,Sideways,1,4.2876079210005984e-07,0.9999995620474742,9.19241348778429e-09,0.0,0.0
2012-11-29,Sideways,1,4.291109879251836e-07,0.9999995556500912,1.523816888961663e-08,0.0,0.0
2012-11-30,Sideways,1,4.4574777484097243e-07,0.9999992432515817,3.109998240532383e-07,0.0,0.0
2012-12-03,Sideways,1,8.054548609910975e-07,0.9999985497026104,6.448425285159936e-07,0.0,0.0
2012-12-04,Sideways,1,1.1489215231409177e-06,0.9999985011574927,3.4992045895313475e-07,0.0,0.0
2012-12-05,Sideways,1,8.747759172390783e-07,0.9999965341145106,2.591109256973626e-06,0.0,0.0
2012-12-06,Sideways,1,8.74243674823733e-07,0.9999872050102588,1.192074589137954e-05,0.0,0.0
2012-12-07,Sideways,1,7.046496880708282e-07,0.9997715474586916,0.00022774789127539562,0.0,0.0
2012-12-10,Sideways,1,1.282374027330721e-06,0.9998533804240842,0.00014533720214964717,0.0,0.0
2012-12-11,Sideways,1,1.292779710091367e-06,0.9999091786111867,8.952860858442755e-05,0.0,0.0
2012-12-12,Sideways,1,1.5250458864065807e-06,0.999881778758333,0.00011669619562291526,0.0,0.0
2012-12-13,Sideways,1,3.7324192041192587e-06,0.9999188261723627,7.744140813689465e-05,0.0,0.0
2012-12-14,Sideways,1,2.1461448475015107e-05,0.9999487872263856,2.9751324877876605e-05,0.0,0.0
2012-12-17,Sideways,1,9.512787243740766e-05,0.9998506942651947,5.417786282482806e-05,0.0,0.0
2012-12-18,Sideways,1,0.0004137203223644099,0.994574652999216,0.005011626677808229,0.0,0.0
2012-12-19,Unknown,2,1.7510858554328282e-05,0.16412890964471982,0.835853579497007,0.0,0.0
2012-12-20,Unknown,2,5.009939171415455e-06,0.07805337620078043,0.9219416138596376,0.0,0.0
2012-12-21,Unknown,2,1.1400034490126154e-05,0.059878088544018715,0.9401105114221074,0.0,0.0
2012-12-24,Unknown,2,9.45999944289828e-07,0.01369018629094029,0.9863088677085704,0.0,0.0
2012-12-26,Unknown,2,1.3793783968944477e-07,0.01266503085915302,0.9873348312027589,0.0,0.0
2012-12-27,Unknown,2,3.615047867601734e-08,0.03035900629446149,0.9696409575552835,0.0,0.0
2012-12-28,Unknown,2,1.1272931300402763e-07,0.23433102383409551,0.7656688634366903,0.0,0.0
2012-12-31,Unknown,2,5.058411640434507e-07,0.4146004666281598,0.5853990275305847,0.0,0.0
2013-01-02,Sideways,1,1.8419353997327986e-06,0.9994396195491198,0.0005585385153585575,0.0,0.0
2013-01-03,Sideways,1,2.3700607874153317e-06,0.9999754430714636,2.2186868534604043e-05,0.0,0.0
2013-01-04,Sideways,1,3.66602879591711e-06,0.9999873955633497,8.93840738730252e-06,0.0,0.0
2013-01-07,Sideways,1,1.61668660768323e-05,0.9999811717742814,2.6613599054469164e-06,0.0,0.0
2013-01-08,Sideways,1,7.981010207686334e-05,0.9858121310007966,0.014108058896437233,0.0,0.0
2013-01-09,Sideways,1,0.00023081565406210126,0.8043339970776233,0.19543518726919684,0.0,0.0
2013-01-10,Sideways,1,0.00028240815279499155,0.5823606373864318,0.41735695446111465,0.0,0.0
2013-01-11,Unknown,2,0.00016302025779418232,0.26218199906004364,0.7376549806822602,0.0,0.0
2013-01-14,Unknown,2,5.0409141824972676e-05,0.11679277569593852,0.8831568151621574,0.0,0.0
2013-01-15,Unknown,2,1.4886323327244748e-05,0.05703640426322703,0.9429487094132988,0.0,0.0
2013-01-16,Unknown,2,6.691054183094306e-06,0.02486278861482686,0.9751305203306776,0.0,0.0
2013-01-17,Unknown,2,2.460842673826643e-06,0.004044312891566883,0.9959532262651439,0.0,0.0
2013-01-18,Unknown,2,2.65886875077381e-07,0.00026003762043790224,0.999739696492519,0.0,0.0
2013-01-22,Unknown,2,1.1175717235732687e-08,5.753588123219599e-05,0.9999424529439022,0.0,0.0
2013-01-23,Unknown,2,1.2077061425636622e-09,3.22552093356692e-05,0.99996774358262,0.0,0.0
2013-01-24,Unknown,2,3.0250614357371554e-10,3.249554440846567e-05,0.9999675041531588,0.0,0.0
2013-01-25,Unknown,2,3.9535541052823055e-10,4.374671765882045e-05,0.9999562528866216,0.0,0.0
2013-01-28,Unknown,2,4.924094920979835e-10,7.039250655954434e-05,0.9999296070002527,0.0,0.0
2013-01-29,Unknown,2,1.3288537929977056e-09,0.00018492175853380413,0.9998150769134273,0.0,0.0
2013-01-30,Unknown,2,9.20985845073893e-09,0.0005657684181289635,0.9994342223723088,0.0,0.0
2013-01-31,Unknown,2,1.3934758501602037e-09,3.0033566412978042e-05,0.9999699650397306,0.0,0.0
2013-02-01,Unknown,2,3.3086464322680624e-11,3.602334979977946e-07,0.9999996397328427,0.0,0.0
2013-02-04,Unknown,2,6.326625997713211e-13,2.7261412252438726e-06,0.999997273858831,0.0,0.0
2013-02-05,Unknown,2,1.4425799362036665e-12,9.331203634141557e-07,0.9999990668788802,0.0,0.0
2013-02-06,Unknown,2,2.8951225138881427e-13,9.570290985929635e-07,0.9999990429701061,0.0,0.0
2013-02-07,Unknown,2,2.811696010338247e-13,1.466932614665986e-06,0.9999985330679765,0.0,0.0
2013-02-08,Unknown,2,5.971626631481058e-13,1.6063192451322765e-06,0.9999983936808516,0.0,0.0
2013-02-11,Unknown,2,6.60287231125992e-13,1.6346916949635467e-06,0.999998365308301,0.0,0.0
2013-02-12,Unknown,2,3.4425132941671405e-13,8.849923507199536e-07,0.9999991150074771,0.0,0.0
2013-02-13,Unknown,2,1.5734498735845345e-13,9.827435772013272e-07,0.9999990172568969,0.0,0.0
2013-02-14,Unknown,2,1.4632837756749593e-13,1.089276108082729e-06,0.9999989107242548,0.0,0.0
2013-02-15,Unknown,2,1.7494428473765522e-13,1.4646369491777533e-06,0.9999985353635378,0.0,0.0
2013-02-19,Unknown,2,2.0718093530139883e-13,1.1296856413580007e-06,0.999998870313631,0.0,0.0
2013-02-20,Unknown,2,4.342215777010073e-13,9.333268815250196e-06,0.9999906667307091,0.0,0.0
2013-02-21,Unknown,2,1.0276977478106357e-11,0.0002188648705975691,0.999781135118752,0.0,0.0
2013-02-22,Unknown,2,4.874060756883364e-11,0.006197961552578761,0.9938020383994854,0.0,0.0
2013-02-25,Unknown,2,1.3455979631842495e-09,0.42363280133325215,0.5763671973209274,0.0,0.0
2013-02-26,Unknown,2,9.927669094892693e-08,0.6082104907253535,0.39178940999844236,0.0,0.0
2013-02-27,Unknown,2,5.620757856325875e-08,0.653114201196752,0.3468857425965606,0.0,0.0
2013-02-28,Unknown,2,5.392630579286244e-08,0.6736368215390164,0.3263631245346364,0.0,0.0
2013-03-01,Unknown,2,6.428866702154907e-08,0.6911859017098224,0.30881403400220064,0.0,0.0
2013-03-04,Unknown,2,2.0102512466888925e-07,0.6956452834781722,0.3043545154973995,0.0,0.0
2013-03-05,Unknown,2,1.2454144897830008e-06,0.6210398872823792,0.3789588673029053,0.0,0.0
2013-03-06,Unknown,2,5.320015004788476e-07,0.21205030723279591,0.7879491607655742,0.0,0.0
2013-03-07,Unknown,2,1.1923215371715131e-07,0.03354275027655294,0.9664571304911748,0.0,0.0
2013-03-08,Unknown,2,1.5897163729166194e-08,0.004622066092982246,0.995377918009146,0.0,0.0
2013-03-11,Unknown,2,1.2472779461480435e-09,0.0004559809215666089,0.999544017831653,0.0,0.0
2013-03-12,Unknown,2,7.721845846302402e-11,4.7867359919412586e-05,0.999952132562331,0.0,0.0
2013-03-13,Unknown,2,7.84581479458788e-12,3.684293403004902e-05,0.999963157057444,0.0,0.0
2013-03-14,Unknown,2,5.085065464539313e-12,3.731952501109955e-05,0.9999626804707895,0.0,0.0
2013-03-15,Unknown,2,5.897586395266537e-12,4.447562803421018e-05,0.9999555243662093,0.0,0.0
2013-03-18,Unknown,2,2.0738276877361503e-11,0.00013566864825404862,0.9998643313317316,0.0,0.0
2013-03-19,Unknown,2,8.933321904708967e-11,0.0002154340536142291,0.9997845658570991,0.0,0.0
2013-03-20,Unknown,2,4.816131711181639e-11,9.466223069504175e-05,0.9999053377220148,0.0,0.0
2013-03-21,Unknown,2,3.910271931713201e-11,0.00017855272227955456,0.9998214472388103,0.0,0.0
2013-03-22,Unknown,2,3.644509483735688e-11,0.000139854178466418,0.9998601457844302,0.0,0.0
2013-03-25,Unknown,2,2.3347342088987834e-11,7.211208028640805e-05,0.9999278878958223,0.0,0.0
2013-03-26,Unknown,2,1.954444785043704e-11,4.600919043601579e-05,0.9999539907892403,0.0,0.0
2013-03-27,Unknown,2,5.607619675553303e-12,2.117988567059563e-05,0.999978820108133,0.0,0.0
2013-03-28,Unknown,2,1.1113791637239153e-12,4.812506094969543e-06,0.9999951874931253,0.0,0.0
2013-04-01,Unknown,2,2.085642310654022e-13,4.818341656849594e-06,0.9999951816578354,0.0,0.0
2013-04-02,Unknown,2,2.0228548465345473e-13,4.883391958059049e-06,0.9999951166074519,0.0,0.0
2013-04-03,Unknown,2,4.684729483055486e-13,1.3636513953661168e-05,0.9999863634859416,0.0,0.0
2013-04-04,Unknown,2,6.520203524105254e-13,5.598526786524026e-06,0.9999944014718779,0.0,0.0
2013-04-05,Unknown,2,5.870702179784143e-13,1.2414399594400393e-05,0.9999875855998903,0.0,0.0
2013-04-08,Unknown,2,5.300221511770056e-13,7.457655455800982e-06,0.9999925423440579,0.0,0.0
2013-04-09,Unknown,2,4.353168792055769e-13,1.0422425745781994e-05,0.9999895775742687,0.0,0.0
2013-04-10,Unknown,2,1.2837229588206251e-12,0.0001300469780506882,0.9998699530209666,0.0,0.0
2013-04-11,Unknown,2,5.22669020854081e-12,0.0021524627177324025,0.997847537277477,0.0,0.0
2013-04-12,Unknown,2,8.649482721442437e-11,0.07744463799914947,0.9225553619149336,0.0,0.0
2013-04-15,Sideways,1,7.8505780974544e-09,0.9797840273119943,0.02021596483699068,0.0,0.0
2013-04-16,Sideways,1,9.273901625634432e-09,0.9927448377425733,0.007255152984234065,0.0,0.0
2013-04-17,Sideways,1,1.698238280248312e-08,0.9998780327631142,0.00012195025479796868,0.0,0.0
2013-04-18,Sideways,1,2.0742638873168565e-08,0.9999990805685818,8.986884604104019e-07,0.0,0.0
2013-04-19,Sideways,1,1.178567446531566e-08,0.9999986484826915,1.3397321290828848e-06,0.0,0.0
2013-04-22,Sideways,1,6.299259428980368e-09,0.9999848903439774,1.5103357634199101e-05,0.0,0.0
2013-04-23,Sideways,1,5.281488635640653e-09,0.9999974492871632,2.5454317972893323e-06,0.0,0.0
2013-04-24,Sideways,1,4.383906131918927e-09,0.9999919331546835,8.062462121385937e-06,0.0,0.0
2013-04-25,Sideways,1,5.795844529840592e-09,0.9999979288207744,2.0653827481538528e-06,0.0,0.0
2013-04-26,Sideways,1,6.017054754683473e-09,0.9999821718872566,1.7822094892776965e-05,0.0,0.0
2013-04-29,Sideways,1,4.677965855106744e-09,0.9999789306712493,2.1064650359084204e-05,0.0,0.0
2013-04-30,Sideways,1,4.258362960815333e-09,0.9999247418744337,7.525386739327954e-05,0.0,0.0
2013-05-01,Sideways,1,8.702451660857047e-09,0.9999360293985115,6.39618983204298e-05,0.0,0.0
2013-05-02,Sideways,1,4.296113812412827e-09,0.999929917176185,7.00785274072039e-05,0.0,0.0
2013-05-03,Sideways,1,3.1269133444739014e-09,0.9999685002344436,3.149663859042464e-05,0.0,0.0
2013-05-06,Sideways,1,3.31972552829315e-09,0.9999302701827883,6.972649791578303e-05,0.0,0.0
2013-05-07,Sideways,1,3.0756195954187463e-09,0.9998248510391166,0.00017514588544478588,0.0,0.0
2013-05-08,Sideways,1,8.170671385364568e-09,0.999768080966514,0.00023191086250199405,0.0,0.0
2013-05-09,Sideways,1,1.2401606148162007e-07,0.9882474141583113,0.011752461825233,0.0,0.0
2013-05-10,Sideways,1,2.0791211631419344e-07,0.8527895425867111,0.14721024950143344,0.0,0.0
2013-05-13,Sideways,1,3.4739798354587376e-07,0.5801794207537136,0.41982023184863404,0.0,0.0
2013-05-14,Unknown,2,4.763769535913016e-08,0.06998107235763844,0.9300188800050052,0.0,0.0
2013-05-15,Unknown,2,1.3264805899794372e-09,0.0011843729249411132,0.998815625748841,0.0,0.0
2013-05-16,Unknown,2,1.5307580701502544e-10,9.795452463838688e-05,0.999902045322703,0.0,0.0
2013-05-17,Unknown,2,3.5473710824815526e-11,9.687135127216041e-05,0.9999031286127118,0.0,0.0
2013-05-20,Unknown,2,1.6979784692890287e-11,4.079626479474497e-05,0.999959203717484,0.0,0.0
2013-05-21,Unknown,2,2.5034205362265184e-12,1.5264090764880585e-05,0.9999847359068466,0.0,0.0
2013-05-22,Unknown,2,1.6372332006428174e-12,2.4454510644783596e-05,0.9999755454871521,0.0,0.0
2013-05-23,Unknown,2,4.267416558080204e-12,4.3178133046673714e-05,0.9999568218617857,0.0,0.0
2013-05-24,Unknown,2,4.060382200515125e-12,3.0474255335028725e-05,0.999969525739796,0.0,0.0
2013-05-28,Unknown,2,1.111720686825526e-12,1.6714812875494336e-05,0.9999832851859494,0.0,0.0
2013-05-29,Unknown,2,1.1391456415529006e-12,3.1359214735240923e-05,0.9999686407833374,0.0,0.0
2013-05-30,Unknown,2,4.350413284570862e-13,1.530448873496268e-05,0.9999846955113473,0.0,0.0
2013-05-31,Unknown,2,2.247189911469682e-12,0.000603294858970681,0.9993967051379671,0.0,0.0
2013-06-03,Unknown,2,7.709980374230771e-12,0.002257236868358952,0.9977427631230851,0.0,0.0
2013-06-04,Unknown,2,2.8993995871594305e-11,0.05134118014118894,0.9486588198291093,0.0,0.0
2013-06-05,Sideways,1,8.109781097827422e-10,0.5313829469020486,0.46861705228742045,0.0,0.0
2013-06-06,Sideways,1,3.889716581411821e-09,0.8036696971823715,0.1963302989273499,0.0,0.0
2013-06-07,Sideways,1,2.4953887644697567e-09,0.901341715357213,0.09865828214670519,0.0,0.0
2013-06-10,Sideways,1,2.7460161461960607e-09,0.9571991070777618,0.04280089017674594,0.0,0.0
2013-06-11,Sideways,1,3.631515463446847e-09,0.9822884086446052,0.01771158772384081,0.0,0.0
2013-06-12,Sideways,1,9.05641508722383e-09,0.9987563759953403,0.0012436149477398919,0.0,0.0
2013-06-13,Sideways,1,2.4536973262509145e-09,0.9999557711739344,4.422637236075043e-05,0.0,0.0
2013-06-14,Sideways,1,4.990448757114592e-09,0.9999916125568007,8.382452973101611e-06,0.0,0.0
2013-06-17,Sideways,1,2.5033124490582694e-09,0.9999963960919016,3.601405264371959e-06,0.0,0.0
2013-06-18,Sideways,1,2.60076536245454e-09,0.9999952193962274,4.778002605246608e-06,0.0,0.0
2013-06-19,Sideways,1,8.63998620211519e-09,0.9999993947933048,5.965668234233342e-07,0.0,0.0
2013-06-20,Sideways,1,7.712617497968424e-08,0.9999999224255619,4.485626920154875e-10,0.0,0.0
2013-06-21,Sideways,1,1.3530453248327382e-08,0.9999999791070879,7.3617478029563425e-09,0.0,0.0
2013-06-24,Sideways,1,3.433534702552051e-08,0.9999999656320148,3.206182768519781e-11,0.0,0.0
2013-06-25,Sideways,1,1.8565298557104654e-08,0.9999999814353944,3.1589481383145324e-14,0.0,0.0
2013-06-26,Sideways,1,6.1203517834057105e-09,0.9999999938791007,7.200065714061147e-13,0.0,0.0
2013-06-27,Sideways,1,2.9575571176403464e-09,0.9999999970332283,8.705358149304088e-12,0.0,0.0
2013-06-28,Sideways,1,4.872615054119148e-09,0.9999999950759957,5.1478323940883885e-11,0.0,0.0
2013-07-01,Sideways,1,6.399295478604522e-09,0.9999999935844244,1.5534422546640735e-11,0.0,0.0
2013-07-02,Sideways,1,5.013602709561255e-09,0.9999999946376192,3.4830698769564794e-10,0.0,0.0
2013-07-03,Sideways,1,3.983133371693123e-09,0.9999999933806976,2.635325664918001e-09,0.0,0.0
2013-07-05,Sideways,1,3.2260573424074733e-09,0.9999999961182766,6.5505779614726e-10,0.0,0.0
2013-07-08,Sideways,1,1.9724963069664556e-09,0.9999999932915671,4.7366764893130076e-09,0.0,0.0
2013-07-09,Sideways,1,1.2372820588761781e-09,0.9999999583233157,4.043979132389101e-08,0.0,0.0
2013-07-10,Sideways,1,2.151684490996033e-09,0.9999999415958899,5.625231580612471e-08,0.0,0.0
2013-07-11,Sideways,1,1.2689812032670928e-09,0.99999998952444,9.207151887468819e-09,0.0,0.0
2013-07-12,Sideways,1,1.7042706989614474e-09,0.9999996459210424,3.5237455276467823e-07,0.0,0.0
2013-07-15,Sideways,1,1.7882744406546793e-09,0.9999966496472288,3.348565346558334e-06,0.0,0.0
2013-07-16,Sideways,1,3.1423767002985074e-09,0.9999896416256769,1.035523278555792e-05,0.0,0.0
2013-07-17,Sideways,1,9.380057619258884e-09,0.9999281992625738,7.179135767895372e-05,0.0,0.0
2013-07-18,Sideways,1,2.3694664364613932e-08,0.9888175970998343,0.011182379205209392,0.0,0.0
2013-07-19,Sideways,1,5.585011860606547e-08,0.9043142009367723,0.0956857432133498,0.0,0.0
2013-07-22,Sideways,1,1.7550723293296969e-07,0.7033532741985481,0.2966465502946896,0.0,0.0
2013-07-23,Sideways,1,2.2780911472016964e-07,0.6097260005153415,0.39027377167495103,0.0,0.0
2013-07-24,Sideways,1,3.840278352243164e-06,0.5251792096857858,0.47481695003556373,0.0,0.0
2013-07-25,Unknown,2,7.162260769749842e-07,0.15300467555276337,0.846994608221196,0.0,0.0
2013-07-26,Unknown,2,3.7793644720042406e-08,0.00950394559438318,0.990496016612622,0.0,0.0
2013-07-29,Unknown,2,1.7036982587701192e-09,0.0005150163209695154,0.9994849819752545,0.0,0.0
2013-07-30,Unknown,2,1.2115270810890782e-10,6.435242033909362e-05,0.999935647458891,0.0,0.0
2013-07-31,Unknown,2,5.611943338807443e-12,1.4640798542292228e-05,0.9999853591960737,0.0,0.0
2013-08-01,Unknown,2,1.2874858158362034e-12,2.3956086095859218e-05,0.9999760439127446,0.0,0.0
2013-08-02,Unknown,2,2.1099949508522796e-12,2.214642471406767e-05,0.9999778535726723,0.0,0.0
2013-08-05,Unknown,2,5.638101378838341e-13,4.488928168618207e-06,0.9999955110716454,0.0,0.0
2013-08-06,Unknown,2,1.6078494876425904e-13,5.960546806827116e-06,0.9999940394532422,0.0,0.0
2013-08-07,Unknown,2,2.595278945512718e-13,5.578939196514058e-06,0.9999944210604653,0.0,0.0
2013-08-08,Unknown,2,1.5616223015900538e-13,5.348829407814424e-06,0.9999946511704625,0.0,0.0
2013-08-09,Unknown,2,6.124630448447106e-13,4.574787594412212e-06,0.9999954252120967,0.0,0.0
2013-08-12,Unknown,2,4.783976569412691e-13,4.7093762894191365e-06,0.9999952906238765,0.0,0.0
2013-08-13,Unknown,2,2.906930308558104e-13,2.5763058145419286e-06,0.9999974236940479,0.0,0.0
2013-08-14,Unknown,2,1.3743549066365708e-13,3.5021924171784905e-05,0.9999649780750685,0.0,0.0
2013-08-15,Unknown,2,4.70518614520485e-12,0.008202125406774391,0.9917978745889564,0.0,0.0
2013-08-16,Unknown,2,9.062807375627602e-10,0.07823429578854925,0.9217657033059165,0.0,0.0
2013-08-19,Unknown,2,8.66264750155387e-09,0.47925020373134014,0.5207497876061378,0.0,0.0
2013-08-20,Sideways,1,4.446632182193255e-08,0.9305820428109794,0.0694179127234804,0.0,0.0
2013-08-21,Sideways,1,7.271178421344989e-08,0.9898605774473499,0.010139349840666051,0.0,0.0
2013-08-22,Sideways,1,3.0887868854087676e-08,0.9963689131366611,0.003631055974805301,0.0,0.0
2013-08-23,Sideways,1,3.2028480644970897e-08,0.998619783982046,0.001380183989072727,0.0,0.0
2013-08-26,Sideways,1,3.570318806727987e-08,0.9989365880280439,0.0010633762695994044,0.0,0.0
2013-08-27,Sideways,1,3.797617358544286e-08,0.9997950866828504,0.00020487534023574377,0.0,0.0
2013-08-28,Sideways,1,2.877834980214863e-08,0.9999537625566153,4.620866524864545e-05,0.0,0.0
2013-08-29,Sideways,1,2.9707810994413738e-08,0.9999970886480329,2.881644385321944e-06,0.0,0.0
2013-08-30,Sideways,1,7.859792562197384e-08,0.9999974297258012,2.491675744535011e-06,0.0,0.0
2013-09-03,Sideways,1,6.543890854833862e-08,0.9999976129576066,2.3216035056675236e-06,0.0,0.0
2013-09-04,Sideways,1,3.568438566050862e-08,0.9999975825969274,2.381719011025429e-06,0.0,0.0
2013-09-05,Sideways,1,2.9885944008025884e-08,0.9999860414783285,1.392863656637954e-05,0.0,0.0
2013-09-06,Sideways,1,2.9457148782205953e-08,0.999955388202728,4.458233939470717e-05,0.0,0.0
2013-09-09,Sideways,1,2.421837311170663e-08,0.9999931461478128,6.829634261456411e-06,0.0,0.0
2013-09-10,Sideways,1,2.341785325632517e-08,0.9999414989647828,5.8477616799164325e-05,0.0,0.0
2013-09-11,Sideways,1,5.981817545674415e-08,0.9962502852037531,0.0037496549782890156,0.0,0.0
2013-09-12,Sideways,1,4.2845245144663613e-07,0.9667479002234868,0.03325167132444965,0.0,0.0
2013-09-13,Sideways,1,2.0857289485261267e-06,0.8210345254331827,0.17896338883797414,0.0,0.0
2013-09-16,Unknown,2,3.3814131304669013e-07,0.16681886190275153,0.8331807999564987,0.0,0.0
2013-09-17,Unknown,2,3.6692600537620376e-08,0.040747886606782545,0.9592520766997519,0.0,0.0
2013-09-18,Unknown,2,1.8553105505600893e-08,0.02770208582842297,0.9722978956185221,0.0,0.0
2013-09-19,Unknown,2,1.3466392943234973e-08,0.022483613576579443,0.9775163729569162,0.0,0.0
2013-09-20,Unknown,2,5.4592529600805337e-08,0.022580830776657467,0.9774191146310871,0.0,0.0
2013-09-23,Unknown,2,7.269899559324242e-08,0.016579359826220292,0.9834205674752551,0.0,0.0
2013-09-24,Unknown,2,3.785840654652291e-08,0.009270667296699632,0.9907292948441262,0.0,0.0
2013-09-25,Unknown,2,1.581550522021006e-08,0.005196030136203898,0.994803954048441,0.0,0.0
2013-09-26,Unknown,2,2.1259572768992442e-08,0.002551382286830461,0.9974485964542611,0.0,0.0
2013-09-27,Unknown,2,6.318296372073681e-09,0.0008683162375165221,0.9991316774441912,0.0,0.0
2013-09-30,Unknown,2,3.2101627141849423e-09,0.0005806238590927343,0.9994193729305493,0.0,0.0
2013-10-01,Unknown,2,1.3061788510237537e-09,0.00041771627012177634,0.9995822824243981,0.0,0.0
2013-10-02,Unknown,2,4.1490245261596535e-10,0.0004935021964016824,0.9995064973884394,0.0,0.0
2013-10-03,Unknown,2,2.5058278161863933e-10,0.002582171098399971,0.9974178286511713,0.0,0.0
2013-10-04,Unknown,2,2.7392662022677895e-10,0.015128456308352814,0.9848715434179207,0.0,0.0
2013-10-07,Unknown,2,1.7203233860509654e-09,0.13439416455016098,0.8656058337287561,0.0,0.0
2013-10-08,Sideways,1,1.8450191079254713e-08,0.5400916650302247,0.459908316518744,0.0,0.0
2013-10-09,Sideways,1,6.184300916828443e-08,0.7747124030595355,0.2252875350979181,0.0,0.0
2013-10-10,Sideways,1,2.7012040287311832e-08,0.9931043500380566,0.006895622949379172,0.0,0.0
2013-10-11,Sideways,1,4.399102867620276e-08,0.9999194635911134,8.049241831872063e-05,0.0,0.0
2013-10-14,Sideways,1,3.680330109793075e-08,0.9999713148975998,2.8648299442444792e-05,0.0,0.0
2013-10-15,Sideways,1,8.857853637827227e-08,0.9999956925987136,4.218822415551123e-06,0.0,0.0
2013-10-16,Sideways,1,6.66007687643892e-08,0.999999087660815,8.457375420960275e-07,0.0,0.0
2013-10-17,Sideways,1,3.772024070454138e-07,0.9984142921850179,0.0015853306117920483,0.0,0.0
2013-10-18,Sideways,1,1.822053399066056e-06,0.9762841942357264,0.023713983711743294,0.0,0.0
2013-10-21,Sideways,1,1.2563904034041418e-06,0.8466463395084166,0.15335240410083514,0.0,0.0
2013-10-22,Sideways,1,5.505143072897538e-06,0.7461763910614904,0.25381810379515823,0.0,0.0
2013-10-23,Unknown,2,1.9392932348708295e-06,0.19162047237428645,0.8083775883317772,0.0,0.0
2013-10-24,Unknown,2,3.124388040825813e-07,0.029068475138216032,0.970931212423325,0.0,0.0
2013-10-25,Unknown,2,4.626947585847437e-08,0.00328740261795436,0.996712551112644,0.0,0.0
2013-10-28,Unknown,2,4.044328058876598e-09,0.0004592903106432147,0.9995407056442026,0.0,0.0
2013-10-29,Unknown,2,8.179325152211375e-10,0.00020700709277111793,0.9997929920896594,0.0,0.0
2013-10-30,Unknown,2,3.614659057146031e-10,0.00016749852367917625,0.9998325011143642,0.0,0.0
2013-10-31,Unknown,2,3.782662129482153e-10,0.0002302810626215368,0.9997697185588327,0.0,0.0
2013-11-01,Unknown,2,3.786708473827564e-10,0.0002200873956603507,0.9997799122259724,0.0,0.0
2013-11-04,Unknown,2,1.5223830270052527e-10,0.00023302123570111328,0.9997669786114886,0.0,0.0
2013-11-05,Unknown,2,3.0760056155995843e-10,0.001830058540414376,0.9981699411519678,0.0,0.0
2013-11-06,Unknown,2,5.4567906207574265e-09,0.0055577163943371565,0.9944422781480042,0.0,0.0
2013-11-07,Unknown,2,5.366893890478921e-08,0.007439347362947175,0.9925605989683085,0.0,0.0
2013-11-08,Unknown,2,2.625018309261493e-09,0.00031714943575560816,0.9996828479389654,0.0,0.0
2013-11-11,Unknown,2,6.609069179358426e-11,2.3441459314995067e-05,0.9999765584744622,0.0,0.0
2013-11-12,Unknown,2,3.921358943927052e-12,1.557115535835017e-05,0.9999844288407037,0.0,0.0
2013-11-13,Unknown,2,7.007940200398604e-12,4.1167640736440766e-05,0.9999588323514564,0.0,0.0
2013-11-14,Unknown,2,1.150769784656131e-11,1.6309719647019106e-05,0.9999836902682007,0.0,0.0
2013-11-15,Unknown,2,1.1748132153230303e-12,3.107285921267654e-06,0.999996892712541,0.0,0.0
2013-11-18,Unknown,2,4.00203176472118e-13,4.127622506387711e-06,0.999995872377773,0.0,0.0
2013-11-19,Unknown,2,1.2364318479832194e-12,1.0117764998875936e-05,0.9999898822336749,0.0,0.0
2013-11-20,Unknown,2,2.866546335758425e-12,7.469960426505456e-06,0.9999925300368675,0.0,0.0
2013-11-21,Unknown,2,4.98165444821758e-13,3.2019154772675145e-06,0.9999967980835538,0.0,0.0
2013-11-22,Unknown,2,2.895496163507418e-13,3.6537309530751583e-06,0.9999963462681436,0.0,0.0
2013-11-25,Unknown,2,2.5708733988016894e-13,2.761472894694324e-06,0.9999972385268777,0.0,0.0
2013-11-26,Unknown,2,2.4172215520710547e-13,3.5741743369159315e-06,0.9999964258249956,0.0,0.0
2013-11-27,Unknown,2,7.350650405403464e-13,6.014473784086373e-06,0.9999939855259862,0.0,0.0
2013-11-29,Unknown,2,3.674090185868232e-13,2.3754327327305124e-06,0.9999976245663693,0.0,0.0
2013-12-02,Unknown,2,1.7377960336594608e-13,3.5162172422817545e-06,0.9999964837832496,0.0,0.0
2013-12-03,Unknown,2,3.7670510801939625e-13,5.87135438747147e-06,0.9999941286450409,0.0,0.0
2013-12-04,Unknown,2,6.683467471514321e-13,6.334695638408712e-06,0.9999936653039739,0.0,0.0
2013-12-05,Unknown,2,1.469198654831973e-12,1.7682292120907834e-05,0.9999823177057721,0.0,0.0
2013-12-06,Unknown,2,4.613417995031318e-12,2.4554713333685024e-05,0.9999754452814814,0.0,0.0
2013-12-09,Unknown,2,6.043596973234954e-12,1.930599676698055e-05,0.9999806939967207,0.0,0.0
2013-12-10,Unknown,2,9.428527850001412e-13,1.948484949602704e-06,0.9999980515150011,0.0,0.0
2013-12-11,Unknown,2,2.763687629856653e-13,9.525308413454758e-06,0.9999904746908946,0.0,0.0
2013-12-12,Unknown,2,1.4022519078179323e-12,1.2777689567755534e-05,0.9999872223086268,0.0,0.0
2013-12-13,Unknown,2,6.8538345712223464e-12,3.7899161871000684e-05,0.999962100831599,0.0,0.0
2013-12-16,Unknown,2,5.744397524473502e-11,0.00010128967289317522,0.9998987102705185,0.0,0.0
2013-12-17,Unknown,2,7.865875514934162e-11,6.870222051624876e-05,0.9999312977006135,0.0,0.0
2013-12-18,Unknown,2,4.940621997881246e-11,0.0003111214698468466,0.9996888784803865,0.0,0.0
2013-12-19,Unknown,2,9.584153898934373e-11,0.00018043387839523686,0.9998195660266299,0.0,0.0
2013-12-20,Unknown,2,7.768131185236141e-11,0.00024814252057408777,0.9997518574024771,0.0,0.0
2013-12-23,Unknown,2,6.359848437516308e-11,0.0001426066867447617,0.99985739324918,0.0,0.0
2013-12-24,Unknown,2,1.786511238474333e-10,0.00032949894232620807,0.9996705008797306,0.0,0.0
2013-12-26,Unknown,2,2.0168683644256427e-11,2.3984800830826552e-05,0.9999760151788578,0.0,0.0
2013-12-27,Unknown,2,2.4334239046896066e-12,2.4223347368813694e-05,0.999975776649613,0.0,0.0
2013-12-30,Unknown,2,1.9759211945146574e-12,1.6537031865680668e-05,0.999983462965561,0.0,0.0
2013-12-31,Unknown,2,6.03460923305075e-13,9.76920694005041e-06,0.9999902307922345,0.0,0.0
2014-01-02,Unknown,2,2.148573663921888e-12,5.4563176013247284e-05,0.9999454368214717,0.0,0.0
2014-01-03,Unknown,2,4.960678264547137e-12,3.394230306383976e-05,0.9999660576917242,0.0,0.0
2014-01-06,Unknown,2,5.021312317242606e-12,5.332055039503739e-05,0.9999466794443436,0.0,0.0
2014-01-07,Unknown,2,3.1565481254879534e-12,3.289096710077709e-05,0.999967109030647,0.0,0.0
2014-01-08,Unknown,2,1.7366262590142737e-12,1.6940680579837455e-05,0.9999830593185601,0.0,0.0
2014-01-09,Unknown,2,9.543254959268815e-13,1.530401881738466e-05,0.9999846959806393,0.0,0.0
2014-01-10,Unknown,2,5.603951454515675e-13,1.4121186113481469e-05,0.9999858788138469,0.0,0.0
2014-01-13,Unknown,2,6.966302096907977e-12,0.00013796507897149732,0.9998620349135449,0.0,0.0
2014-01-14,Unknown,2,2.5134613827128696e-11,0.00016438175177420396,0.9998356182229896,0.0,0.0
2014-01-15,Unknown,2,4.324862457449077e-11,0.00023674792908420761,0.9997632520284777,0.0,0.0
2014-01-16,Unknown,2,2.3151506008311245e-11,9.089467933882796e-05,0.9999091052980235,0.0,0.0
2014-01-17,Unknown,2,1.796396105477459e-11,0.0001302864481256674,0.9998697135330763,0.0,0.0
2014-01-21,Unknown,2,1.7308635575793965e-11,4.5798523730096866e-05,0.99995420145856,0.0,0.0
2014-01-22,Unknown,2,1.4301497699498459e-12,0.0004700696704268598,0.9995299303274338,0.0,0.0
2014-01-23,Unknown,2,1.6137242777831437e-11,0.036000311282372695,0.9639996887011874,0.0,0.0
2014-01-24,Sideways,1,3.4858401684431077e-09,0.9887667753934547,0.011233221120258544,0.0,0.0
2014-01-27,Sideways,1,7.689178127171033e-08,0.9998407959551971,0.0001591271530045037,0.0,0.0
2014-01-28,Sideways,1,3.172857399890325e-08,0.999985633217396,1.4335053584686444e-05,0.0,0.0
2014-01-29,Sideways,1,5.235745891162779e-08,0.9999996029892706,3.446533855748888e-07,0.0,0.0
2014-01-30,Sideways,1,2.0479787603061753e-08,0.9999995122199206,4.6730046897681556e-07,0.0,0.0
2014-01-31,Sideways,1,3.81191917575264e-08,0.9999975460735282,2.4158075104719483e-06,0.0,0.0
2014-02-03,Sideways,1,2.8274266358351425e-07,0.999999704350601,1.290616225364277e-08,0.0,0.0
2014-02-04,Sideways,1,5.645743538048758e-08,0.9999999394603966,4.082029217322916e-09,0.0,0.0
2014-02-05,Sideways,1,6.282201617790618e-08,0.9999999342926479,2.8855608529920297e-09,0.0,0.0
2014-02-06,Sideways,1,3.684095389437594e-08,0.9999999631545513,3.725149328855074e-12,0.0,0.0
2014-02-07,Sideways,1,2.1635485692869603e-08,0.9999999783631213,5.193996519757913e-13,0.0,0.0
2014-02-10,Sideways,1,2.3081289777550735e-08,0.9999999769170247,9.690385980982076e-13,0.0,0.0
2014-02-11,Sideways,1,1.3151269919044756e-08,0.9999999868487067,5.281341547650951e-13,0.0,0.0
2014-02-12,Sideways,1,2.07410196446341e-08,0.9999999792435121,1.5991484845015e-11,0.0,0.0
2014-02-13,Sideways,1,1.3816626076597005e-08,0.9999999844349078,1.7480295081469648e-09,0.0,0.0
2014-02-14,Sideways,1,1.3577219691718157e-08,0.9999999499832496,3.643937225984073e-08,0.0,0.0
2014-02-18,Sideways,1,1.8037452653841156e-08,0.999999861245679,1.2071695599171544e-07,0.0,0.0
2014-02-19,Sideways,1,2.9375541088530766e-08,0.9999983720421888,1.5985815156912693e-06,0.0,0.0
2014-02-20,Sideways,1,2.724680246687256e-08,0.9999986807351495,1.2920178432403663e-06,0.0,0.0
2014-02-21,Sideways,1,3.879860609110391e-08,0.9999976072223468,2.35397926159242e-06,0.0,0.0
2014-02-24,Sideways,1,2.21013432589649e-08,0.9999861646385704,1.381326071057503e-05,0.0,0.0
2014-02-25,Sideways,1,2.7374939045288882e-08,0.9998564357101165,0.0001435369144336918,0.0,0.0
2014-02-26,Sideways,1,4.612128715990398e-08,0.9999279974893123,7.195638961352787e-05,0.0,0.0
2014-02-27,Sideways,1,2.931805598662402e-08,0.9998050244066228,0.0001949462754179319,0.0,0.0
2014-02-28,Sideways,1,4.952273472486521e-08,0.9998653744484638,0.00013457602870977134,0.0,0.0
2014-03-03,Sideways,1,5.7380525557396834e-08,0.9996903788772705,0.00030956374214436517,0.0,0.0
2014-03-04,Sideways,1,3.983203192961641e-08,0.9995641683181552,0.0004357918500404538,0.0,0.0
2014-03-05,Sideways,1,1.7624834951656487e-06,0.9977055268456323,0.002292710671231446,0.0,0.0
2014-03-06,Sideways,1,2.7608045822846744e-06,0.9589562120680385,0.0410410271277737,0.0,0.0
2014-03-07,Sideways,1,1.1897610803252328e-05,0.8396882829139748,0.16029981947559233,0.0,0.0
2014-03-10,Unknown,2,8.121832211751501e-06,0.3493180850154958,0.6506737931518461,0.0,0.0
2014-03-11,Unknown,2,2.5415499922046077e-07,0.016205327235170996,0.9837944186102685,0.0,0.0
2014-03-12,Unknown,2,7.126282899608902e-09,0.0006115889421090715,0.9993884039321597,0.0,0.0
2014-03-13,Unknown,2,1.8303209287266942e-09,0.00024821449222576266,0.9997517836771294,0.0,0.0
2014-03-14,Unknown,2,4.5826594999691975e-10,0.00013040964542877453,0.9998695898961136,0.0,0.0
2014-03-17,Unknown,2,3.397730111274149e-11,2.3728009173204274e-05,0.9999762719576469,0.0,0.0
2014-03-18,Unknown,2,2.7859304328422097e-12,9.621577555497729e-06,0.9999903784199832,0.0,0.0
2014-03-19,Unknown,2,1.6629469349753328e-12,1.3734187545312858e-05,0.9999862658111854,0.0,0.0
2014-03-20,Unknown,2,2.808309085967283e-12,1.9726440729051287e-05,0.9999802735564396,0.0,0.0
2014-03-21,Unknown,2,9.913859664012937e-12,3.317554768752213e-05,0.9999668244427852,0.0,0.0
2014-03-24,Unknown,2,7.051475892575018e-12,1.711978603050622e-05,0.9999828802075429,0.0,0.0
2014-03-25,Unknown,2,5.05558073515741e-12,2.039669315263048e-05,0.9999796033013949,0.0,0.0
2014-03-26,Unknown,2,7.576084882510166e-12,3.204121616079985e-05,0.9999679587766999,0.0,0.0
2014-03-27,Unknown,2,3.3579340398127543e-11,9.26005197503285e-05,0.999907399446212,0.0,0.0
2014-03-28,Unknown,2,8.349420832161258e-11,8.973669855757971e-05,0.9999102632184785,0.0,0.0
2014-03-31,Unknown,2,1.2608353224751282e-10,0.00021716144122638513,0.9997828384328104,0.0,0.0
2014-04-01,Unknown,2,9.04930034613719e-10,0.0005158983870931128,0.9994841007073744,0.0,0.0
2014-04-02,Unknown,2,6.944353602333455e-10,0.00012941212301083934,0.9998705871820925,0.0,0.0
2014-04-03,Unknown,2,1.0619741830043422e-10,0.0008031765976115466,0.9991968232966749,0.0,0.0
2014-04-04,Unknown,2,3.167956037233669e-10,0.01544995227115389,0.9845500474118718,0.0,0.0
2014-04-07,Unknown,2,5.5231113634335405e-09,0.17892189176263124,0.821078102713544,0.0,0.0
2014-04-08,Unknown,2,3.824028043521866e-08,0.5000165114458069,0.49998345031422964,0.0,0.0
2014-04-09,Sideways,1,8.118013896008147e-08,0.940046297117862,0.059953621702564804,0.0,0.0
2014-04-10,Sideways,1,1.4083559229112944e-07,0.9996326050638269,0.0003672541000891452,0.0,0.0
2014-04-11,Sideways,1,1.218642715384677e-07,0.9999911003992952,8.777736036267497e-06,0.0,0.0
2014-04-14,Sideways,1,5.969609764691686e-08,0.999992580413404,7.3598907781165406e-06,0.0,0.0
2014-04-15,Sideways,1,4.8276256499243645e-08,0.9999971370439253,2.8146805438779282e-06,0.0,0.0
2014-04-16,Sideways,1,6.950413730792683e-08,0.9999998402745532,9.022216828436753e-08,0.0,0.0
2014-04-17,Sideways,1,3.0645599107732244e-08,0.9999973501179378,2.6192358228591912e-06,0.0,0.0
2014-04-21,Sideways,1,4.441076429392832e-08,0.9999996718561844,2.8373218293822916e-07,0.0,0.0
2014-04-22,Sideways,1,3.262199434917834e-08,0.9999978447618137,2.1226158854494176e-06,0.0,0.0
2014-04-23,Sideways,1,3.715487785252239e-08,0.9999797001733424,2.026267260739486e-05,0.0,0.0
2014-04-24,Sideways,1,3.405993187327789e-08,0.9998898721933088,0.00011009374649839698,0.0,0.0
2014-04-25,Sideways,1,5.4652149152523836e-08,0.9998899446320431,0.00011000071576653651,0.0,0.0
2014-04-28,Sideways,1,4.421829461682528e-08,0.9998756899713693,0.00012426581124317702,0.0,0.0
2014-04-29,Sideways,1,3.951258248064172e-08,0.9997818528642529,0.00021810762370409666,0.0,0.0
2014-04-30,Sideways,1,4.4595919567609624e-08,0.9993402779612117,0.0006596774430465467,0.0,0.0
2014-05-01,Sideways,1,6.414208774296587e-08,0.9987527967819834,0.0012471390756829423,0.0,0.0
2014-05-02,Sideways,1,2.4558279868288997e-07,0.99826654325402,0.001733211162527082,0.0,0.0
2014-05-05,Sideways,1,7.210183074393969e-07,0.9851350326429914,0.014864246338881533,0.0,0.0
2014-05-06,Sideways,1,2.370694663678587e-06,0.9078368311220827,0.0921607981833198,0.0,0.0
2014-05-07,Sideways,1,1.6884022836622607e-06,0.6637979123805418,0.33620039921743305,0.0,0.0
2014-05-08,Unknown,2,1.593556040895843e-06,0.37354063537527354,0.6264577710689865,0.0,0.0
2014-05-09,Unknown,2,6.46325846856947e-07,0.11107221778876583,0.8889271358855382,0.0,0.0
2014-05-12,Unknown,2,2.545805957290976e-07,0.023435665157620602,0.9765640802609332,0.0,0.0
2014-05-13,Unknown,2,1.9115387511836398e-07,0.006117301381748037,0.9938825074649339,0.0,0.0
2014-05-14,Unknown,2,6.9062401450796695e-09,0.00034377560994683023,0.9996562174843034,0.0,0.0
2014-05-15,Unknown,2,6.310369548709595e-10,7.973009361689308e-05,0.9999202692751871,0.0,0.0
2014-05-16,Unknown,2,3.142815236370743e-11,1.2370773958125592e-05,0.9999876291950691,0.0,0.0
2014-05-19,Unknown,2,4.5179784507912076e-12,1.2355329749094127e-05,0.9999876446653827,0.0,0.0
2014-05-20,Unknown,2,8.594568681216252e-12,2.170107211390632e-05,0.9999782989188171,0.0,0.0
2014-05-21,Unknown,2,7.906650109840873e-12,1.3611404410025537e-05,0.9999863885876534,0.0,0.0
2014-05-22,Unknown,2,6.688442565263842e-12,1.8310858447450653e-05,0.9999816891343731,0.0,0.0
2014-05-23,Unknown,2,7.368792865268587e-12,1.5093143304778355e-05,0.999984906849238,0.0,0.0
2014-05-27,Unknown,2,7.557292871361726e-12,1.7080747643984367e-05,0.9999829192442069,0.0,0.0
2014-05-28,Unknown,2,1.5138261435655175e-11,2.4657874238124806e-05,0.9999753421109411,0.0,0.0
2014-05-29,Unknown,2,7.489599898514618e-12,8.009925193335153e-06,0.9999919900667664,0.0,0.0
2014-05-30,Unknown,2,2.2268292633221385e-12,5.962554610933561e-06,0.9999940374432709,0.0,0.0
2014-06-02,Unknown,2,1.2349995463704218e-12,4.118393373015343e-06,0.9999958816054683,0.0,0.0
2014-06-03,Unknown,2,6.067809708896113e-13,2.9037570992959325e-06,0.9999970962422917,0.0,0.0
2014-06-04,Unknown,2,4.984887666628088e-13,3.1100060959028466e-06,0.9999968899931604,0.0,0.0
2014-06-05,Unknown,2,7.193042895679412e-13,3.3921956622946235e-06,0.9999966078033377,0.0,0.0
2014-06-06,Unknown,2,5.917974051386955e-13,2.0006134154769105e-06,0.9999979993865057,0.0,0.0
2014-06-09,Unknown,2,3.6175614553155687e-13,2.080859734739501e-06,0.999997919140133,0.0,0.0
2014-06-10,Unknown,2,5.109569940014128e-13,2.7286575318489375e-06,0.9999972713413565,0.0,0.0
2014-06-11,Unknown,2,1.4965864943874273e-12,3.1853837460911324e-06,0.9999968146144768,0.0,0.0
2014-06-12,Unknown,2,2.766741358715395e-12,6.5890530192444275e-06,0.9999934109435964,0.0,0.0
2014-06-13,Unknown,2,1.9861613300695546e-12,3.052080281339461e-06,0.9999969479168804,0.0,0.0
2014-06-16,Unknown,2,2.337004577482095e-12,5.968703528167733e-06,0.9999940312933043,0.0,0.0
2014-06-17,Unknown,2,3.7946532878831e-12,4.452860338287761e-06,0.9999955471365871,0.0,0.0
2014-06-18,Unknown,2,1.5302486809268803e-12,2.493727607704021e-06,0.9999975062705005,0.0,0.0
2014-06-19,Unknown,2,1.2210788770469235e-12,3.0855729227205845e-06,0.9999969144257503,0.0,0.0
2014-06-20,Unknown,2,9.244904291636718e-13,1.197885026930359e-06,0.9999988021143407,0.0,0.0
2014-06-23,Unknown,2,3.0786111615318976e-13,1.1263051148281113e-06,0.9999988736951285,0.0,0.0
2014-06-24,Unknown,2,2.8548910758491544e-13,1.67716679898387e-06,0.9999983228331497,0.0,0.0
2014-06-25,Unknown,2,2.9522684823580646e-13,9.322438392496155e-07,0.9999990677556323,0.0,0.0
2014-06-26,Unknown,2,1.688318647168636e-13,1.1572924346733694e-06,0.9999988427068605,0.0,0.0
2014-06-27,Unknown,2,2.4024975059689646e-13,9.982256170500398e-07,0.9999990017736744,0.0,0.0
2014-06-30,Unknown,2,1.93710244795933e-13,1.012461001161897e-06,0.9999989875382777,0.0,0.0
2014-07-01,Unknown,2,1.4359814902382356e-13,9.332566437828878e-07,0.9999990667424562,0.0,0.0
2014-07-02,Unknown,2,1.2227934048931194e-13,8.827673903537866e-07,0.9999991172320992,0.0,0.0
2014-07-03,Unknown,2,1.285670747938826e-13,9.722073935533965e-07,0.9999990277924732,0.0,0.0
2014-07-07,Unknown,2,1.7217726761088235e-13,9.214366233990415e-07,0.9999990785640573,0.0,0.0
2014-07-08,Unknown,2,6.001786401188846e-13,3.2839315004293563e-06,0.9999967160674066,0.0,0.0
2014-07-09,Unknown,2,6.307678662700575e-13,1.311584226540578e-06,0.9999986884149127,0.0,0.0
2014-07-10,Unknown,2,3.413728680102043e-13,2.2552431488830673e-06,0.9999977447558159,0.0,0.0
2014-07-11,Unknown,2,6.902493438697073e-13,3.2123467787244383e-06,0.9999967876516831,0.0,0.0
2014-07-14,Unknown,2,7.228327955537173e-13,2.6413117864804466e-06,0.9999973586871742,0.0,0.0
2014-07-15,Unknown,2,2.662278131700744e-13,1.3875705903264127e-06,0.9999986124285519,0.0,0.0
2014-07-16,Unknown,2,1.8237550999974498e-13,1.8256773747772135e-06,0.99999817432202,0.0,0.0
2014-07-17,Unknown,2,3.908703987795012e-13,5.744856839570262e-06,0.9999942551422863,0.0,0.0
2014-07-18,Unknown,2,7.300006428163619e-13,4.154338296550688e-06,0.9999958456605673,0.0,0.0
2014-07-21,Unknown,2,6.457817803808923e-13,5.07801263386392e-06,0.999994921987469,0.0,0.0
2014-07-22,Unknown,2,7.106329630172255e-13,4.9618441618368085e-06,0.9999950381548252,0.0,0.0
2014-07-23,Unknown,2,7.564933402815236e-13,5.504360836042494e-06,0.9999944956386176,0.0,0.0
2014-07-24,Unknown,2,9.060474600101903e-13,6.472780950295529e-06,0.9999935272180966,0.0,0.0
2014-07-25,Unknown,2,7.47913769822668e-13,4.361839027165162e-06,0.9999956381602346,0.0,0.0
2014-07-28,Unknown,2,4.88879133302996e-13,5.724021780997385e-06,0.9999942759768714,0.0,0.0
2014-07-29,Unknown,2,1.0570078145667246e-12,0.0001564439306997733,0.9998435560687667,0.0,0.0
2014-07-30,Unknown,2,2.295170573642783e-11,0.012928108118525397,0.9870718918588023,0.0,0.0
2014-07-31,Sideways,1,2.937303148608587e-09,0.8104496977892149,0.18955029927331074,0.0,0.0
2014-08-01,Sideways,1,1.418644951908534e-07,0.9568183913311927,0.043181466803480964,0.0,0.0
2014-08-04,Sideways,1,9.546225467460712e-08,0.9900207106697284,0.00997919386877988,0.0,0.0
2014-08-05,Sideways,1,1.1271693964044744e-07,0.9993000193019357,0.0006998679820121521,0.0,0.0
2014-08-06,Sideways,1,9.042528039853284e-08,0.9999675806664646,3.232890817765029e-05,0.0,0.0
2014-08-07,Sideways,1,1.372977257410289e-07,0.9999239876202274,7.587508123243303e-05,0.0,0.0
2014-08-08,Sideways,1,5.7166965108645724e-08,0.9999891507202032,1.079211306261342e-05,0.0,0.0
2014-08-11,Sideways,1,5.396646613165725e-08,0.9999949587108603,4.987322160616095e-06,0.0,0.0
2014-08-12,Sideways,1,6.805161647485849e-08,0.9999860518846216,1.3880063218319417e-05,0.0,0.0
2014-08-13,Sideways,1,5.1592903248376255e-08,0.9999943364015365,5.612005051946246e-06,0.0,0.0
2014-08-14,Sideways,1,6.244383985403071e-08,0.9999978491546637,2.0884017031328572e-06,0.0,0.0
2014-08-15,Sideways,1,6.74765366997808e-08,0.999775659182606,0.00022427334121686372,0.0,0.0
2014-08-18,Sideways,1,1.3289129366218286e-07,0.998141316043456,0.0018585510652662984,0.0,0.0
2014-08-19,Sideways,1,7.892061698848912e-07,0.985421682869221,0.014577527924042072,0.0,0.0
2014-08-20,Sideways,1,1.7610363570313352e-06,0.8601858933927704,0.13981234557017655,0.0,0.0
2014-08-21,Sideways,1,1.8403937951032652e-06,0.6173380022603304,0.3826601573462776,0.0,0.0
2014-08-22,Sideways,1,4.294246233954954e-06,0.4081983772685673,0.5917973284853975,0.0,0.0
2014-08-25,Unknown,2,6.261556044568413e-07,0.08184660172876397,0.9181527721158841,0.0,0.0
2014-08-26,Unknown,2,9.480598799867564e-08,0.010513326682534694,0.9894865785106574,0.0,0.0
2014-08-27,Unknown,2,1.0902850304241458e-08,0.001213082377776907,0.9987869067198948,0.0,0.0
2014-08-28,Unknown,2,1.4520797782081788e-09,0.00020171632250714916,0.9997982822247706,0.0,0.0
2014-08-29,Unknown,2,1.428351992118604e-10,2.4470796937562702e-05,0.9999755290602607,0.0,0.0
2014-09-02,Unknown,2,2.4062265081311994e-11,2.4860368435147238e-05,0.9999751396078648,0.0,0.0
2014-09-03,Unknown,2,1.2165795101174898e-11,1.1624225649092079e-05,0.9999883757630279,0.0,0.0
2014-09-04,Unknown,2,2.513998820707655e-11,2.6376502571743942e-05,0.9999736234717452,0.0,0.0
2014-09-05,Unknown,2,4.822202386666844e-11,2.424126606327511e-05,0.999975758685709,0.0,0.0
2014-09-08,Unknown,2,1.7157716916068969e-10,6.606459525528608e-05,0.9999339352339522,0.0,0.0
2014-09-09,Unknown,2,1.341689612298561e-10,2.003749398130698e-05,0.9999799623717386,0.0,0.0
2014-09-10,Unknown,2,1.4851747178607713e-11,8.010007894902505e-06,0.9999919899776367,0.0,0.0
2014-09-11,Unknown,2,6.815498138653468e-12,8.464920414802059e-06,0.999991535072143,0.0,0.0
2014-09-12,Unknown,2,6.445916477280081e-12,9.208750730998402e-06,0.9999907912430174,0.0,0.0
2014-09-15,Unknown,2,4.328987741271985e-12,5.2718108283387945e-06,0.999994728184246,0.0,0.0
2014-09-16,Unknown,2,1.5798407308316987e-12,4.181113675583954e-06,0.9999958188851549,0.0,0.0
2014-09-17,Unknown,2,9.210483962182798e-13,1.9644733035615695e-06,0.9999980355261155,0.0,0.0
2014-09-18,Unknown,2,4.779337099663569e-13,1.7003049337495874e-06,0.9999982996938246,0.0,0.0
2014-09-19,Unknown,2,6.017741930138852e-13,2.1652846986034665e-06,0.999997834715557,0.0,0.0
2014-09-22,Unknown,2,2.3482788656268747e-12,7.095612558114596e-06,0.9999929043857984,0.0,0.0
2014-09-23,Unknown,2,4.575787650033368e-12,6.310700306280642e-06,0.9999936892944735,0.0,0.0
2014-09-24,Unknown,2,2.2302923781483564e-12,8.852314360471025e-06,0.999991147683505,0.0,0.0
2014-09-25,Unknown,2,4.835757477797218e-11,0.0009174387709203547,0.9990825611815782,0.0,0.0
2014-09-26,Unknown,2,1.2354949940521059e-09,0.0033422387173172867,0.9966577600465477,0.0,0.0
2014-09-29,Unknown,2,1.1510226630149444e-09,0.014662216981886238,0.9853377818673351,0.0,0.0
2014-09-30,Unknown,2,3.865897556034502e-09,0.11100577973090696,0.8889942164025906,0.0,0.0
2014-10-01,Sideways,1,3.938474036403935e-08,0.8146827903285744,0.18531717028729933,0.0,0.0
2014-10-02,Sideways,1,2.1105081298134025e-07,0.93862206815227,0.06137772079733686,0.0,0.0
2014-10-03,Sideways,1,1.7626369473843943e-07,0.9985144413626336,0.0014853823741814735,0.0,0.0
2014-10-06,Sideways,1,2.133267564456387e-07,0.9998957798777803,0.00010400679488533504,0.0,0.0
2014-10-07,Sideways,1,2.717601564984583e-07,0.9999910040300989,8.724209079262832e-06,0.0,0.0
2014-10-08,Sideways,1,1.1161680422673181e-07,0.999999723990224,1.6439345100466472e-07,0.0,0.0
2014-10-09,Sideways,1,3.749528932992841e-07,0.9999995738363394,5.1210214065301074e-08,0.0,0.0
2014-10-10,Sideways,1,9.303271489194495e-07,0.9999990682358451,1.4363290699053845e-09,0.0,0.0
2014-10-13,Sideways,1,3.4374885569489803e-06,0.9999965625088372,3.4777688026371683e-12,0.0,0.0
2014-10-14,Sideways,1,2.4121445186254577e-06,0.9999975878465182,8.5853357377783e-12,0.0,0.0
2014-10-15,Sideways,1,6.016983652284431e-06,0.9999939830157959,2.7745037599550404e-16,0.0,0.0
2014-10-16,Sideways,1,3.015957314061477e-06,0.9999969840419004,3.460106904022062e-14,0.0,0.0
2014-10-17,Sideways,1,1.2378276841898693e-06,0.99999876217302,4.5957231676669485e-15,0.0,0.0
2014-10-20,Sideways,1,6.886277286790596e-07,0.9999993113726857,3.776606699083893e-16,0.0,0.0
2014-10-21,Sideways,1,5.485856983294388e-07,0.9999994514147742,1.2824182333103447e-19,0.0,0.0
2014-10-22,Sideways,1,1.0692040988415305e-06,0.9999989307967811,3.354292579582711e-17,0.0,0.0
2014-10-23,Sideways,1,7.641781018431084e-07,0.9999992358210157,8.886894471270497e-19,0.0,0.0
2014-10-24,Sideways,1,5.190259344760501e-07,0.9999994809733362,1.0857981283732972e-15,0.0,0.0
2014-10-27,Sideways,1,5.097176168281344e-07,0.9999994902811002,6.535276479038376e-13,0.0,0.0
2014-10-28,Sideways,1,3.470997904801183e-07,0.9999996528732175,2.757986800472231e-11,0.0,0.0
2014-10-29,Sideways,1,7.112217471468092e-07,0.9999992887626632,1.4911610400531934e-11,0.0,0.0
2014-10-30,Sideways,1,5.791080471842065e-07,0.9999994197880233,1.1046912308517238e-09,0.0,0.0
2014-10-31,Sideways,1,5.427868613457747e-07,0.9999994557748895,1.4373628730830265e-09,0.0,0.0
2014-11-03,Sideways,1,9.194947796045663e-07,0.9999990786586447,1.8474730486196694e-09,0.0,0.0
2014-11-04,Sideways,1,1.7214965473422231e-06,0.9999982570895282,2.1413976194616065e-08,0.0,0.0
2014-11-05,Sideways,1,1.4125516698554888e-06,0.9999985552250542,3.2223490461976025e-08,0.0,0.0
2014-11-06,Sideways,1,1.4637611724404508e-06,0.99999766765267,8.68586766904074e-07,0.0,0.0
2014-11-07,Sideways,1,1.2179717266479285e-06,0.9999539868021989,4.4795225378333035e-05,0.0,0.0
2014-11-10,Sideways,1,2.557943343471554e-06,0.9999786309008807,1.881115625044057e-05,0.0,0.0
2014-11-11,Sideways,1,1.2186449405069388e-05,0.9999864921740573,1.3213770513636908e-06,0.0,0.0
2014-11-12,Sideways,1,2.76344894351573e-05,0.9999700626910675,2.302818848530588e-06,0.0,0.0
2014-11-13,Sideways,1,8.46561496906115e-05,0.9999148390991321,5.047505605844277e-07,0.0,0.0
2014-11-14,Sideways,1,0.00018551936285680996,0.9998117131384407,2.767499424141117e-06,0.0,0.0
2014-11-17,Sideways,1,0.00033435425408601447,0.9945968693280028,0.005068776418314379,0.0,0.0
2014-11-18,Sideways,1,0.0003523947828023018,0.7507587953475905,0.24888880986891895,0.0,0.0
2014-11-19,Unknown,2,1.1991515731001595e-05,0.026600041677635286,0.9733879668061637,0.0,0.0
2014-11-20,Unknown,2,9.431529414119002e-07,0.001556734132933068,0.9984423227138204,0.0,0.0
2014-11-21,Unknown,2,1.0686708352700295e-08,1.5194870766903895e-05,0.9999847944428527,0.0,0.0
2014-11-24,Unknown,2,6.674759323652063e-11,2.083824923217125e-06,0.9999979161078839,0.0,0.0
2014-11-25,Unknown,2,7.065930340335314e-12,2.1504739301035185e-06,0.9999978495184608,0.0,0.0
2014-11-26,Unknown,2,5.918481915686666e-12,6.968341630503734e-07,0.9999993031599542,0.0,0.0
2014-11-28,Unknown,2,1.8656063614013786e-12,8.738849841966309e-07,0.9999991261123976,0.0,0.0
2014-12-01,Unknown,2,3.422475124840862e-12,1.4939639996571955e-06,0.999998506032377,0.0,0.0
2014-12-02,Unknown,2,6.694812538141559e-12,3.8451099163615275e-07,0.9999996154820849,0.0,0.0
2014-12-03,Unknown,2,1.3155783680270506e-12,2.976506953461111e-07,0.9999997023478943,0.0,0.0
2014-12-04,Unknown,2,1.3339527723648645e-12,4.941486299058194e-07,0.9999995058498228,0.0,0.0
2014-12-05,Unknown,2,1.9428960056331652e-12,2.998374184180192e-07,0.9999997001614697,0.0,0.0
2014-12-08,Unknown,2,8.841464750273704e-13,5.498444150023254e-07,0.9999994501542153,0.0,0.0
2014-12-09,Unknown,2,1.8697823494115307e-12,1.7675496207376971e-06,0.9999982324477219,0.0,0.0
2014-12-10,Unknown,2,5.638924170528645e-11,0.0014517751673139218,0.9985482247759325,0.0,0.0
2014-12-11,Unknown,2,1.5435547790708318e-08,0.027644167103161973,0.9723558174603818,0.0,0.0
2014-12-12,Sideways,1,1.3582900565022978e-07,0.8519312094930733,0.1480686546776522,0.0,0.0
2014-12-15,Sideways,1,2.7450502447417765e-06,0.9917004822182369,0.008296772732370662,0.0,0.0
2014-12-16,Sideways,1,3.5773449162364127e-06,0.9999883253776084,8.097278381366216e-06,0.0,0.0
2014-12-17,Sideways,1,1.6369228058046658e-06,0.9999980785469503,2.8453100602071336e-07,0.0,0.0
2014-12-18,Sideways,1,7.802907214312538e-06,0.9999921970915896,3.532873780893391e-13,0.0,0.0
2014-12-19,Sideways,1,7.504618898904441e-07,0.9999992491723878,3.6614853165136584e-10,0.0,0.0
2014-12-22,Sideways,1,2.636677741727285e-07,0.9999997355735454,7.592107197774578e-10,0.0,0.0
2014-12-23,Sideways,1,3.060240305361504e-07,0.9999996939423468,3.382828576471438e-11,0.0,0.0
2014-12-24,Sideways,1,2.9637526309770523e-07,0.9999995584295058,1.4519572623209564e-07,0.0,0.0
2014-12-26,Sideways,1,3.847876943950539e-07,0.9999810481508209,1.8567061939903114e-05,0.0,0.0
2014-12-29,Sideways,1,3.512823846174033e-07,0.9999457695747486,5.387914217389724e-05,0.0,0.0
2014-12-30,Sideways,1,3.183730726566716e-07,0.9999335624422216,6.611918485892986e-05,0.0,0.0
2014-12-31,Sideways,1,3.272733320256233e-07,0.9999869276616177,1.2745064490261714e-05,0.0,0.0
2015-01-02,Sideways,1,3.7797138068784996e-07,0.9999888054598111,1.0816568828409735e-05,0.0,0.0
2015-01-05,Sideways,1,2.306744953463992e-06,0.9999976863827603,6.872298380104378e-09,0.0,0.0
2015-01-06,Sideways,1,2.7291196005658407e-06,0.9999972705118996,3.688360507355349e-10,0.0,0.0
2015-01-07,Sideways,1,5.170316751233247e-07,0.9999994779829192,4.984573359465039e-09,0.0,0.0
2015-01-08,Sideways,1,1.2413545182191806e-07,0.9999998747607685,1.1046618531724107e-09,0.0,0.0
2015-01-09,Sideways,1,2.0499745285229185e-07,0.9999997925297281,2.473548382769566e-09,0.0,0.0
2015-01-12,Sideways,1,5.292943291753007e-07,0.9999994698120231,8.941666268114655e-10,0.0,0.0
2015-01-13,Sideways,1,9.771014455588982e-07,0.9999990228411888,5.674655839457158e-11,0.0,0.0
2015-01-14,Sideways,1,9.531267585456023e-07,0.9999990441360772,2.7375982740208498e-09,0.0,0.0
2015-01-15,Sideways,1,2.460807541565489e-06,0.9999975391832132,9.246272480953047e-12,0.0,0.0
2015-01-16,Sideways,1,2.9541781207121763e-06,0.9999970458218721,2.297706725499448e-13,0.0,0.0
2015-01-20,Sideways,1,3.1605778898700134e-07,0.999999682499088,1.4426979233700372e-09,0.0,0.0
2015-01-21,Sideways,1,9.244900452228777e-08,0.9999988861024414,1.021447912117151e-06,0.0,0.0
2015-01-22,Sideways,1,6.651871316958574e-08,0.9999999136289299,1.9851892420606955e-08,0.0,0.0
2015-01-23,Sideways,1,2.102441082705432e-07,0.9999997877876238,1.967625918215489e-09,0.0,0.0
2015-01-26,Sideways,1,1.5022947280291614e-07,0.9999996801453165,1.6962563478418568e-07,0.0,0.0
2015-01-27,Sideways,1,7.101358993961971e-07,0.9999992646810799,2.5183746524035797e-08,0.0,0.0
2015-01-28,Sideways,1,2.486018051273813e-06,0.9999975117110842,2.270519401542626e-09,0.0,0.0
2015-01-29,Sideways,1,6.86838748661395e-07,0.9999992899159017,2.324481706850122e-08,0.0,0.0
2015-01-30,Sideways,1,1.4421792313203636e-06,0.999998555661611,2.1596120216576592e-09,0.0,0.0
2015-02-02,Sideways,1,4.579477938378688e-07,0.9999995405179253,1.5343886764559126e-09,0.0,0.0
2015-02-03,Sideways,1,2.1677104326962218e-07,0.9999997829236471,3.0515248570282247e-10,0.0,0.0
2015-02-04,Sideways,1,3.847137466725173e-07,0.9999996140523598,1.2333306953314434e-09,0.0,0.0
2015-02-05,Sideways,1,3.975336087763549e-07,0.9999996018360318,6.308584047496798e-10,0.0,0.0
2015-02-06,Sideways,1,4.646787770316273e-07,0.9999995347117138,6.091468794868015e-10,0.0,0.0
2015-02-09,Sideways,1,4.4761396151351753e-07,0.9999993282110591,2.2417508057360696e-07,0.0,0.0
2015-02-10,Sideways,1,2.1124281618131942e-07,0.9999968440510889,2.94470652020405e-06,0.0,0.0
2015-02-11,Sideways,1,2.4192304270645995e-07,0.999996428127828,3.3299496344795015e-06,0.0,0.0
2015-02-12,Sideways,1,2.657459039712044e-07,0.999997278188014,2.4560660174230192e-06,0.0,0.0
2015-02-13,Sideways,1,3.108048989777879e-07,0.9999975901639051,2.0990310431299905e-06,0.0,0.0
2015-02-17,Sideways,1,6.68112985434542e-07,0.999996118666133,3.2132217834171255e-06,0.0,0.0
2015-02-18,Sideways,1,1.564224187398217e-06,0.9974114797671819,0.0025869560077287756,0.0,0.0
2015-02-19,Sideways,1,1.2882671008610253e-05,0.9715230717718534,0.028464045557596115,0.0,0.0
2015-02-20,Sideways,1,2.3648709843355578e-05,0.6997394241886016,0.3002369271019015,0.0,0.0
2015-02-23,Unknown,2,1.221831313016769e-05,0.1843731013868005,0.8156146803005496,0.0,0.0
2015-02-24,Unknown,2,2.143586213351643e-06,0.046413961485280014,0.9535838949276326,0.0,0.0
2015-02-25,Unknown,2,8.401809665537226e-07,0.017088282728554068,0.9829108770897298,0.0,0.0
2015-02-26,Unknown,2,2.283091767114069e-07,0.0072880181243060674,0.9927117535670169,0.0,0.0
2015-02-27,Unknown,2,2.2008750855249124e-07,0.004273137538152279,0.9957266423735407,0.0,0.0
2015-03-02,Unknown,2,2.690664896097714e-08,0.00101406182451366,0.9989859112685417,0.0,0.0
2015-03-03,Unknown,2,4.253934973798441e-08,0.0011428775856641626,0.9988570798752323,0.0,0.0
2015-03-04,Unknown,2,8.675631887124854e-09,0.00020737370266262338,0.9997926176209745,0.0,0.0
2015-03-05,Unknown,2,2.2170771828020817e-10,0.00011169094472082659,0.9998883088343687,0.0,0.0
2015-03-06,Unknown,2,2.914981535100602e-10,0.009592933726975499,0.9904070659823591,0.0,0.0
2015-03-09,Unknown,2,9.315453204369264e-09,0.04119179035970915,0.9588082003251169,0.0,0.0
2015-03-10,Sideways,1,3.575654354468642e-08,0.7325957383846544,0.26740422585886575,0.0,0.0
2015-03-11,Sideways,1,4.4871653434305595e-07,0.9354302906522926,0.0645692606319745,0.0,0.0
2015-03-12,Sideways,1,7.86203313683844e-07,0.988824749351656,0.011174464445317058,0.0,0.0
2015-03-13,Sideways,1,4.3031918395873055e-07,0.9935875934207322,0.006411976259591542,0.0,0.0
2015-03-16,Sideways,1,7.611669659562398e-07,0.9995292763192675,0.000469962513865179,0.0,0.0
2015-03-17,Sideways,1,4.585348494719438e-07,0.9997353773992563,0.00026416406517277327,0.0,0.0
2015-03-18,Sideways,1,3.9943405570017847e-07,0.9999876948688713,1.1905696755388698e-05,0.0,0.0
2015-03-19,Sideways,1,4.432224424464439e-07,0.9998275950243005,0.00017196175238063483,0.0,0.0
2015-03-20,Sideways,1,3.6691619362644954e-07,0.9999616167060262,3.801637858052212e-05,0.0,0.0
2015-03-23,Sideways,1,6.753975617303557e-07,0.9995544241880864,0.0004449004145135362,0.0,0.0
2015-03-24,Sideways,1,6.930222446533066e-07,0.9995969681871337,0.0004023387899107543,0.0,0.0
2015-03-25,Sideways,1,1.6483009468227023e-06,0.9999651232180741,3.322848048507879e-05,0.0,0.0
2015-03-26,Sideways,1,1.2256432606359968e-06,0.9999816948695418,1.7079487349385874e-05,0.0,0.0
2015-03-27,Sideways,1,1.1088250654090157e-06,0.9999949914797897,3.899695070896157e-06,0.0,0.0
2015-03-30,Sideways,1,6.897752917931286e-07,0.9999984247655122,8.85459805948576e-07,0.0,0.0
2015-03-31,Sideways,1,6.861902396778661e-07,0.9999949299473262,4.383861737332462e-06,0.0,0.0
2015-04-01,Sideways,1,5.107112333412422e-07,0.9999970189118227,2.470376106969684e-06,0.0,0.0
2015-04-02,Sideways,1,3.1527703834576245e-07,0.9999974086383114,2.2760842398176335e-06,0.0,0.0
2015-04-06,Sideways,1,2.516956598919972e-07,0.9999983294888208,1.418815369794136e-06,0.0,0.0
2015-04-07,Sideways,1,2.9105012341853436e-07,0.9999947905206861,4.91842861704907e-06,0.0,0.0
2015-04-08,Sideways,1,2.257038897232968e-07,0.9999890215751841,1.0752720996475845e-05,0.0,0.0
2015-04-09,Sideways,1,3.571587147385023e-07,0.999967400903405,3.2241938443881054e-05,0.0,0.0
2015-04-10,Sideways,1,3.5549105248534963e-06,0.9987752252890304,0.0012212198009662117,0.0,0.0
2015-04-13,Sideways,1,4.652372997651856e-06,0.8876715233407213,0.11232382428539771,0.0,0.0
2015-04-14,Sideways,1,1.2431797878090827e-05,0.6999847930746103,0.3000027751268557,0.0,0.0
2015-04-15,Unknown,2,4.087631758526508e-06,0.21563261050848523,0.7843633018597245,0.0,0.0
2015-04-16,Unknown,2,8.94459696891893e-07,0.056744588923590585,0.9432545166160948,0.0,0.0
2015-04-17,Unknown,2,1.028414926471636e-06,0.024238148975460186,0.9757608226094872,0.0,0.0
2015-04-20,Unknown,2,1.5152326244698063e-07,0.006685012850417356,0.993314835626385,0.0,0.0
2015-04-21,Unknown,2,5.6218143086033874e-08,0.001547769797822808,0.9984521739848807,0.0,0.0
2015-04-22,Unknown,2,5.5421805501196895e-09,0.00027125778277617185,0.9997287366754192,0.0,0.0
2015-04-23,Unknown,2,6.782583953172069e-10,0.0001120749381064652,0.9998879243830451,0.0,0.0
2015-04-24,Unknown,2,1.0398548033818888e-09,0.00020742160958905394,0.9997925773514459,0.0,0.0
2015-04-27,Unknown,2,8.300066504944537e-10,9.40707260728801e-05,0.9999059284431006,0.0,0.0
2015-04-28,Unknown,2,3.3211523764923777e-10,7.051280248509749e-05,0.999929486866286,0.0,0.0
2015-04-29,Unknown,2,1.0486922400334668e-10,2.0805459711590736e-05,0.999979194435561,0.0,0.0
2015-04-30,Unknown,2,1.4799845855930798e-10,0.00010130448916282867,0.9998986953635914,0.0,0.0
2015-05-01,Unknown,2,4.749663599705978e-10,0.00010692456329724127,0.9998930749623345,0.0,0.0
2015-05-04,Unknown,2,2.4993025928675845e-10,5.9754766834812735e-05,0.999940244983982,0.0,0.0
2015-05-05,Unknown,2,3.5009708312144667e-10,0.00016012965236723273,0.9998398699973526,0.0,0.0
2015-05-06,Unknown,2,1.3610478460806746e-09,0.0003064854387883146,0.999693513199785,0.0,0.0
2015-05-07,Unknown,2,1.7572295739428777e-09,0.00041253338132555216,0.9995874648612378,0.0,0.0
2015-05-08,Unknown,2,5.665312559225268e-09,0.0010596388685197465,0.9989403554662496,0.0,0.0
2015-05-11,Unknown,2,8.406188177731687e-09,0.0006570883203374776,0.9993429032742464,0.0,0.0
2015-05-12,Unknown,2,4.5348049171349525e-09,0.0007672096614573855,0.9992327858031492,0.0,0.0
2015-05-13,Unknown,2,7.487604887988428e-09,0.0013033819079054337,0.9986966106049674,0.0,0.0
2015-05-14,Unknown,2,1.7880199416722792e-08,0.0016826588424734058,0.9983173232771956,0.0,0.0
2015-05-15,Unknown,2,2.382503500527914e-08,0.0009479174814614983,0.9990520586934394,0.0,0.0
2015-05-18,Unknown,2,8.469681898612767e-09,0.00040075542165468413,0.9995992361080537,0.0,0.0
2015-05-19,Unknown,2,1.538620088088895e-09,9.017103132179406e-05,0.9999098274296412,0.0,0.0
2015-05-20,Unknown,2,3.692710083452691e-10,6.764398314974201e-05,0.9999323556473093,0.0,0.0
2015-05-21,Unknown,2,1.1348970055201518e-10,2.1215074081575753e-05,0.9999787848132108,0.0,0.0
2015-05-22,Unknown,2,4.090548248929057e-11,2.461832315588696e-05,0.999975381636607,0.0,0.0
2015-05-26,Unknown,2,4.1237628130686177e-10,0.00018281110000687302,0.9998171884882191,0.0,0.0
2015-05-27,Unknown,2,8.950516046368144e-10,0.0001104535162021258,0.9998895455879503,0.0,0.0
2015-05-28,Unknown,2,5.738377983720302e-10,0.00011524498794232903,0.9998847544376664,0.0,0.0
2015-05-29,Unknown,2,1.2502468659613841e-09,0.000263607030028328,0.9997363917199213,0.0,0.0
2015-06-01,Unknown,2,2.2712672984987488e-09,0.0002467092055381882,0.9997532885238304,0.0,0.0
2015-06-02,Unknown,2,1.0888543943939174e-09,8.818369895901947e-05,0.9999118152113249,0.0,0.0
2015-06-03,Unknown,2,3.591108167877289e-10,6.422304737490944e-05,0.9999357765933793,0.0,0.0
2015-06-04,Unknown,2,4.0204428868424105e-10,0.00012593422929397502,0.9998740653678413,0.0,0.0
2015-06-05,Unknown,2,8.505542530136706e-10,0.0001983466578074559,0.9998016524925399,0.0,0.0
2015-06-08,Unknown,2,2.5236041503594827e-09,0.00040588189333161574,0.9995941155834537,0.0,0.0
2015-06-09,Unknown,2,2.675397489535983e-09,0.0003347569950602146,0.9996652403293489,0.0,0.0
2015-06-10,Unknown,2,9.404915111632045e-09,0.0017308179874983064,0.9982691726083673,0.0,0.0
2015-06-11,Unknown,2,2.4641350704783512e-08,0.0011406062864565808,0.9988593690723664,0.0,0.0
2015-06-12,Unknown,2,9.006789756499036e-09,0.0005425702408205731,0.999457420752525,0.0,0.0
2015-06-15,Unknown,2,7.682623761797402e-09,0.0004252712627567428,0.9995747210543734,0.0,0.0
2015-06-16,Unknown,2,5.250138859489633e-09,0.0004326039165182739,0.9995673908332386,0.0,0.0
2015-06-17,Unknown,2,3.5114855773331937e-09,0.00037151681983197245,0.999628479669028,0.0,0.0
2015-06-18,Unknown,2,7.41830629910213e-09,0.001000078978030473,0.9989999136029716,0.0,0.0
2015-06-19,Unknown,2,8.701813655255861e-09,0.0008440412571233582,0.9991559500410815,0.0,0.0
2015-06-22,Unknown,2,1.788409161329175e-08,0.0013694823133132536,0.9986304998022248,0.0,0.0
2015-06-23,Unknown,2,1.314065079490161e-08,0.0008024259124206391,0.9991975609463145,0.0,0.0
2015-06-24,Unknown,2,3.5685887080649233e-09,0.0010011946618691534,0.9989988017697857,0.0,0.0
2015-06-25,Unknown,2,1.5310997119429052e-09,0.004502664945657276,0.9954973335232383,0.0,0.0
2015-06-26,Unknown,2,3.757678958681757e-09,0.06347856521159044,0.9365214310313204,0.0,0.0
2015-06-29,Sideways,1,8.582798212608207e-08,0.979664662218051,0.02033525195445797,0.0,0.0
2015-06-30,Sideways,1,8.223403258030614e-07,0.999373093553736,0.0006260841061353076,0.0,0.0
2015-07-01,Sideways,1,5.246916225005853e-07,0.9999321232780647,6.735203040277058e-05,0.0,0.0
2015-07-02,Sideways,1,5.238409483828007e-07,0.9999518979639733,4.7578194836654654e-05,0.0,0.0
2015-07-06,Sideways,1,5.558849168859848e-07,0.999972135238625,2.7308875809751487e-05,0.0,0.0
2015-07-07,Sideways,1,4.954570681473021e-07,0.9999886328342071,1.0871709445945705e-05,0.0,0.0
2015-07-08,Sideways,1,1.2392906577160825e-06,0.9999965673564273,2.1933530354265455e-06,0.0,0.0
2015-07-09,Sideways,1,8.612223114128644e-07,0.999997950694077,1.188083833087134e-06,0.0,0.0
2015-07-10,Sideways,1,5.416418229837182e-07,0.9999988938222238,5.645367910000214e-07,0.0,0.0
2015-07-13,Sideways,1,4.7410708528557675e-07,0.9999994105257347,1.1536669178026178e-07,0.0,0.0
2015-07-14,Sideways,1,5.865833352792492e-07,0.9999991243934542,2.890230609200146e-07,0.0,0.0
2015-07-15,Sideways,1,6.255606545204829e-07,0.9999992541800619,1.2025961291256282e-07,0.0,0.0
2015-07-16,Sideways,1,5.911314763548257e-07,0.9999993452185988,6.365039494437085e-08,0.0,0.0
2015-07-17,Sideways,1,5.99990994839183e-07,0.9999944331403067,4.9668685646823525e-06,0.0,0.0
2015-07-20,Sideways,1,8.790602065554855e-07,0.9998417998652671,0.00015732107391832172,0.0,0.0
2015-07-21,Sideways,1,1.101772824460062e-06,0.9996943670430333,0.00030453118457497014,0.0,0.0
2015-07-22,Sideways,1,1.7548955284065182e-06,0.9997898485167963,0.00020839658851161188,0.0,0.0
2015-07-23,Sideways,1,2.558666412634943e-06,0.9998412002849839,0.00015624104949781567,0.0,0.0
2015-07-24,Sideways,1,3.288166610756978e-06,0.9999793689858057,1.7342847581582608e-05,0.0,0.0
2015-07-27,Sideways,1,3.120274997843389e-06,0.9999914952857254,5.384440058112972e-06,0.0,0.0
2015-07-28,Sideways,1,1.5895301873534892e-06,0.9999855748741507,1.2835595663808316e-05,0.0,0.0
2015-07-29,Sideways,1,1.7129798298121078e-06,0.9999850223787939,1.3264640883596501e-05,0.0,0.0
2015-07-30,Sideways,1,1.3788358271941352e-06,0.9999332945465648,6.53266169566645e-05,0.0,0.0
2015-07-31,Sideways,1,1.2693782156756017e-06,0.9998644783297962,0.0001342522917334426,0.0,0.0
2015-08-03,Sideways,1,2.005496929016075e-06,0.9999167835333168,8.121096894810367e-05,0.0,0.0
2015-08-04,Sideways,1,2.2574805047859542e-06,0.9986827351490467,0.0013150073708132531,0.0,0.0
2015-08-05,Sideways,1,3.6693918126157776e-06,0.9948138569781934,0.005182473629508067,0.0,0.0
2015-08-06,Sideways,1,1.6564480855160986e-05,0.9879965521645134,0.01198688335476954,0.0,0.0
2015-08-07,Sideways,1,5.714316185311221e-05,0.9508906208185923,0.04905223601935635,0.0,0.0
2015-08-10,Sideways,1,7.940715436995645e-05,0.7393257329896629,0.2605948598565896,0.0,0.0
2015-08-11,Unknown,2,2.3007174498967832e-05,0.328262193285879,0.6717147995389561,0.0,0.0
2015-08-12,Unknown,2,7.971043518288144e-06,0.20726771201570332,0.7927243169414321,0.0,0.0
2015-08-13,Unknown,2,6.806187278486174e-06,0.17919578218299012,0.8207974116293852,0.0,0.0
2015-08-14,Unknown,2,4.150653671481811e-05,0.17627539455826366,0.8236830989047953,0.0,0.0
2015-08-17,Unknown,2,0.0003078380294562922,0.19525096260699817,0.8044411993631787,0.0,0.0
2015-08-18,Unknown,2,0.0017393198721315003,0.28324125280643414,0.7150194273222586,0.0,0.0
2015-08-19,Unknown,2,0.014490268344703322,0.5671062447493,0.418403486905601,0.0,0.0
2015-08-20,Sideways,1,0.18562313544293058,0.8143078256224077,6.903893530673798e-05,0.0,0.0
2015-08-21,Bull,0,0.9396202237887205,0.06037977621136467,8.759390383172912e-19,0.0,0.0
2015-08-24,Bull,0,0.9999991306998849,8.693004055503596e-07,2.844851748275076e-38,0.0,0.0
2015-08-25,Bull,0,0.9999999940464477,5.9543566680057775e-09,0.0,0.0,0.0
2015-08-26,Bear,3,0.0,0.0,0.0,0.9990951710544795,0.0009048289455898358
2015-08-27,Bear,3,0.0,0.0,0.0,0.9999347165713703,6.528342841665407e-05
2015-08-28,Bear,3,0.0,0.0,0.0,0.9999968343268023,3.1656735382618327e-06
2015-08-31,Bear,3,0.0,0.0,0.0,0.9999980204976547,1.979502904074756e-06
2015-09-01,Bear,3,0.0,0.0,0.0,0.9999962940069513,3.705992771953396e-06
2015-09-02,Bear,3,0.0,0.0,0.0,0.9999966520028122,3.347997194501574e-06
2015-09-03,Bear,3,0.0,0.0,0.0,0.9999914084679223,8.591531694405447e-06
2015-09-04,Bear,3,0.0,0.0,0.0,0.999987828350137,1.2171650438907092e-05
2015-09-08,Bear,3,0.0,0.0,0.0,0.9999818978232279,1.8102176041955787e-05
2015-09-09,Bear,3,0.0,0.0,0.0,0.9999932370220856,6.7629783102548525e-06
2015-09-10,Bear,3,0.0,0.0,0.0,0.9999920025813134,7.997418086710837e-06
2015-09-11,Bear,3,0.0,0.0,0.0,0.9999919868471809,8.013152435283139e-06
2015-09-14,Bear,3,0.0,0.0,0.0,0.9999925428333624,7.457167491390234e-06
2015-09-15,Bear,3,0.0,0.0,0.0,0.9999894110930124,1.0588907216141717e-05
2015-09-16,Bear,3,0.0,0.0,0.0,0.999990117730421,9.882269901953312e-06
2015-09-17,Bear,3,0.0,0.0,0.0,0.9999873439392635,1.2656060371468579e-05
2015-09-18,Bear,3,0.0,0.0,0.0,0.9999686811727312,3.131882711723305e-05
2015-09-21,Bear,3,0.0,0.0,0.0,0.9999827477619248,1.7252237299045367e-05
2015-09-22,Bear,3,0.0,0.0,0.0,0.9999787468698976,2.1253130815007973e-05
2015-09-23,Bear,3,0.0,0.0,0.0,0.9999424371359752,5.756286312019014e-05
2015-09-24,Bear,3,0.0,0.0,0.0,1.0,2.494398150443109e-78
2015-09-25,Bull,0,0.9999998304374601,1.6956235977328433e-07,0.0,0.0,0.0
2015-09-28,Bull,0,0.9999999971423676,2.8585350655541107e-09,1.4252065946619367e-28,0.0,0.0
2015-09-29,Bull,0,0.9999999930787453,6.920799791256514e-09,6.500554799335703e-28,0.0,0.0
2015-09-30,Bull,0,0.9999999918854883,8.114482452069877e-09,2.3581402876406235e-30,0.0,0.0
2015-10-01,Bull,0,0.9999999953924998,4.6066305296209126e-09,4.827423565503358e-29,0.0,0.0
2015-10-02,Bull,0,0.9999999166357191,8.336485319115558e-08,6.480507918056931e-26,0.0,0.0
2015-10-05,Bull,0,0.9999999242681981,7.57309768422013e-08,1.0905825260113157e-31,0.0,0.0
2015-10-06,Bull,0,0.9999999772608137,2.273893469879932e-08,4.239321546589278e-29,0.0,0.0
2015-10-07,Bull,0,0.9999992301912478,7.698079330039896e-07,1.3345464488797038e-20,0.0,0.0
2015-10-08,Bull,0,0.9999995853177956,4.1468190950044135e-07,4.3182528006165736e-21,0.0,0.0
2015-10-09,Bull,0,0.9999995906783553,4.0932091967348e-07,8.348230536601842e-18,0.0,0.0
2015-10-12,Bull,0,0.9999997637515031,2.3624834817190272e-07,2.00508376329059e-15,0.0,0.0
2015-10-13,Bull,0,0.999999857387603,1.4261173683204505e-07,1.0897834971493174e-16,0.0,0.0
2015-10-14,Bull,0,0.9999999042484023,9.575231656088672e-08,5.57271652042279e-16,0.0,0.0
2015-10-15,Bull,0,0.9999999641204347,3.587985222244769e-08,4.790117505618178e-15,0.0,0.0
2015-10-16,Bull,0,0.9999999733390726,2.6660594824741203e-08,9.072238491584677e-15,0.0,0.0
2015-10-19,Bull,0,0.9999999440879053,5.591196572239154e-08,3.66312360836368e-14,0.0,0.0
2015-10-20,Bull,0,0.9999999483407023,5.166001361543298e-08,1.2519088600759381e-14,0.0,0.0
2015-10-21,Bull,0,0.9999999252177104,7.478199415258706e-08,2.9341315870174596e-16,0.0,0.0
2015-10-22,Bull,0,0.9999999849460438,1.5053657463566412e-08,2.386658631106882e-16,0.0,0.0
2015-10-23,Bull,0,0.9999999961382855,3.861276730631837e-09,1.8324285828884105e-17,0.0,0.0
2015-10-26,Bull,0,0.9999999948086042,5.191790550331601e-09,1.5102493304179067e-16,0.0,0.0
2015-10-27,Bull,0,0.9999999907649908,9.235253459820414e-09,1.168043584989308e-17,0.0,0.0
2015-10-28,Bull,0,0.9999999955234671,4.476361468179863e-09,4.825730389651116e-19,0.0,0.0
2015-10-29,Bull,0,0.9999999960909918,3.909265145599329e-09,3.1771775918676504e-15,0.0,0.0
2015-10-30,Bull,0,0.9999999976334948,2.3659129117941503e-09,1.191561866523376e-15,0.0,0.0
2015-11-02,Bull,0,0.99999999879401,1.20554255075563e-09,3.983912093844283e-14,0.0,0.0
2015-11-03,Bull,0,0.9999999982301233,1.765072888415217e-09,4.9826650391244545e-12,0.0,0.0
2015-11-04,Bull,0,0.9999999972787919,2.7143926480782673e-09,7.320907735627497e-12,0.0,0.0
2015-11-05,Bull,0,0.9999999960855348,3.8920111764743966e-09,2.1918607323007923e-11,0.0,0.0
2015-11-06,Bull,0,0.9999999952869985,4.690640773561922e-09,2.318469293742126e-11,0.0,0.0
2015-11-09,Bull,0,0.9999999956071406,4.387922170870325e-09,5.002196826151616e-12,0.0,0.0
2015-11-10,Bull,0,0.9999999958345143,4.1251018609834646e-09,4.066149389306258e-11,0.0,0.0
2015-11-11,Bull,0,0.9999999758711059,2.389232578815629e-08,2.3733430985134005e-10,0.0,0.0
2015-11-12,Bull,0,0.999999917834433,8.215741614751342e-08,7.852225174870839e-12,0.0,0.0
2015-11-13,Bull,0,0.9999999262472583,7.375057996937651e-08,2.2042951365432855e-12,0.0,0.0
2015-11-16,Bull,0,0.9999999035444536,9.640545995278421e-08,4.9433899486944825e-11,0.0,0.0
2015-11-17,Bull,0,0.9999999129540849,8.704105113577076e-08,4.006054590106295e-12,0.0,0.0
2015-11-18,Bull,0,0.9999999590399975,4.095986686449771e-08,7.467094630927149e-13,0.0,0.0
2015-11-19,Bull,0,0.9999993993389565,6.00519106556685e-07,1.4240015942608615e-10,0.0,0.0
2015-11-20,Bull,0,0.9999990420042236,9.578758512968327e-07,1.2068988486074508e-10,0.0,0.0
2015-11-23,Bull,0,0.9999997200684839,2.7683907702100914e-07,3.092694572780054e-09,0.0,0.0
2015-11-24,Bull,0,0.999999519439486,4.78396509109414e-07,2.1634404614271956e-09,0.0,0.0
2015-11-25,Bull,0,0.9999998024468564,1.9607851808402526e-07,1.4749937380567069e-09,0.0,0.0
2015-11-27,Bull,0,0.9999998808525632,1.1523261905729167e-07,3.915628924060151e-09,0.0,0.0
2015-11-30,Bull,0,0.9999998033036002,1.9050846818590563e-07,6.1872613629979894e-09,0.0,0.0
2015-12-01,Bull,0,0.99999972727168,2.686573331750818e-07,4.0711448330976705e-09,0.0,0.0
2015-12-02,Bull,0,0.9999997406921802,2.554746587890735e-07,3.834023995045621e-09,0.0,0.0
2015-12-03,Bull,0,0.9999996843526376,3.1554942017518267e-07,9.785823921608824e-11,0.0,0.0
2015-12-04,Bull,0,0.9999995592262229,4.40520668575012e-07,2.5283045508665467e-10,0.0,0.0
2015-12-07,Bull,0,0.9999984627659606,1.5355123249096903e-06,1.7211499099917342e-09,0.0,0.0
2015-12-08,Bull,0,0.9999965171797781,3.479613621097842e-06,3.2065941085507255e-09,0.0,0.0
2015-12-09,Bull,0,0.9999657594476565,3.4218131637451194e-05,2.2421165869124965e-08,0.0,0.0
2015-12-10,Bull,0,0.9999049095616215,9.507516584744001e-05,1.5273427881008293e-08,0.0,0.0
2015-12-11,Bull,0,0.9998680912217893,0.00013190874326772433,3.5344950173850164e-11,0.0,0.0
2015-12-14,Bull,0,0.9995959353962738,0.0004040642300281194,3.728234113731739e-10,0.0,0.0
2015-12-15,Bull,0,0.9992631290156164,0.0007368709504087386,3.43285713905621e-11,0.0,0.0
2015-12-16,Bull,0,0.9988801969868353,0.0011198028539784932,1.5988740469752848e-10,0.0,0.0
2015-12-17,Bull,0,0.9987918417191594,0.001208157911091291,3.688577521292529e-10,0.0,0.0
2015-12-18,Bull,0,0.9988813081810899,0.0011186918181596544,7.229967037766892e-13,0.0,0.0
2015-12-21,Bull,0,0.9986791951435829,0.0013208048275435299,2.8903721408394747e-11,0.0,0.0
2015-12-22,Bull,0,0.9986201425913561,0.0013798573949534983,1.4215269720834783e-11,0.0,0.0
2015-12-23,Bull,0,0.9987210466233618,0.0012789533763719867,1.8146419030660671e-13,0.0,0.0
2015-12-24,Bull,0,0.9986278230484349,0.0013721769415860525,1.083677940226853e-11,0.0,0.0
2015-12-28,Bull,0,0.9987376665666954,0.0012623334334429489,2.2258628593746134e-14,0.0,0.0
2015-12-29,Bull,0,0.9989218638924693,0.0010781361069493007,5.98747640596046e-14,0.0,0.0
2015-12-30,Bull,0,0.9993618607293681,0.0006381392705675595,2.5105987004603154e-13,0.0,0.0
2015-12-31,Bull,0,0.9998200832194533,0.00017991677969148457,1.2393152899840178e-13,0.0,0.0
2016-01-04,Bull,0,0.9999646942826833,3.530571817120929e-05,5.5031172304531405e-15,0.0,0.0
2016-01-05,Bull,0,0.9999769769359853,2.3023064779765156e-05,7.495903802175619e-14,0.0,0.0
2016-01-06,Bull,0,0.9999915120202857,8.487980414487601e-06,4.209799354882655e-16,0.0,0.0
2016-01-07,Bull,0,0.9999996044026248,3.955972920142298e-07,5.270788983955703e-22,0.0,0.0
2016-01-08,Bull,0,0.9999997227660444,2.7723450148390513e-07,2.0150894725053352e-22,0.0,0.0
2016-01-11,Bull,0,0.9999991222579625,8.777425191860842e-07,4.412641113480338e-21,0.0,0.0
2016-01-12,Bull,0,0.9999988065035569,1.1934957857753424e-06,2.120076927816716e-24,0.0,0.0
2016-01-13,Bull,0,0.9999999283045352,7.16962325979937e-08,8.18326163481074e-27,0.0,0.0
2016-01-14,Bull,0,0.9999997458890316,2.5411177833783304e-07,5.048106764836464e-28,0.0,0.0
2016-01-15,Bull,0,0.9999999510946521,4.8906038364802274e-08,1.8161899175377936e-28,0.0,0.0
2016-01-19,Bull,0,0.9999997134819252,2.865175367603976e-07,1.2698180478413706e-28,0.0,0.0
2016-01-20,Bull,0,0.9999999250339925,7.496539712822031e-08,7.003197254646605e-31,0.0,0.0
2016-01-21,Bull,0,0.9999999094161508,9.058338988698367e-08,3.6370244977881166e-31,0.0,0.0
2016-01-22,Bull,0,0.999999955189197,4.481042769262592e-08,1.1966553577457145e-37,0.0,0.0
2016-01-25,Bull,0,0.9999998259791179,1.7402156389830184e-07,4.6967144802095005e-31,0.0,0.0
2016-01-26,Bull,0,0.999999519583186,4.804176751997383e-07,9.804617161948213e-33,0.0,0.0
2016-01-27,Bull,0,0.9999998509956751,1.4900359551479302e-07,1.4734339728637225e-32,0.0,0.0
2016-01-28,Bull,0,0.9999997831273739,2.1687251290079669e-07,5.695034796463812e-32,0.0,0.0
2016-01-29,Bull,0,0.9999998763214611,1.2367867776776236e-07,1.1437431418916772e-34,0.0,0.0
2016-02-01,Bull,0,0.9999998392231775,1.6077600277966137e-07,1.3974838122978981e-34,0.0,0.0
2016-02-02,Bull,0,0.9999999849605957,1.5040114581643894e-08,1.691615039271936e-31,0.0,0.0
2016-02-03,Bull,0,0.9999999790506993,2.0949111849343458e-08,3.7950305679391874e-32,0.0,0.0
2016-02-04,Bull,0,0.9999999782030502,2.1797519063585393e-08,4.309679260279899e-32,0.0,0.0
2016-02-05,Bull,0,0.9999999984192982,1.58139731547465e-09,6.694154524068086e-32,0.0,0.0
2016-02-08,Bull,0,0.9999999993979145,6.026311272654884e-10,1.1809631546983911e-32,0.0,0.0
2016-02-09,Bull,0,0.9999999993997335,6.003380684135158e-10,1.6414846117082883e-32,0.0,0.0
2016-02-10,Bull,0,0.9999999991996447,7.997311751456758e-10,2.9547072993214514e-33,0.0,0.0
2016-02-11,Bull,0,0.9999999994561222,5.434752104113315e-10,3.0298045631409457e-34,0.0,0.0
2016-02-12,Bull,0,0.9999999996161932,3.8458528172539373e-10,2.913722377595912e-35,0.0,0.0
2016-02-16,Bull,0,0.9999999929386831,7.061482734173482e-09,1.2265532491988685e-34,0.0,0.0
2016-02-17,Bull,0,0.9999999986102921,1.389662376347857e-09,1.7289384019082989e-37,0.0,0.0
2016-02-18,Bull,0,0.99999999758802,2.4120896123134954e-09,9.32665316132136e-35,0.0,0.0
2016-02-19,Bull,0,0.9999999996198312,3.8036106951764206e-10,1.3780803035757545e-37,0.0,0.0
2016-02-22,Bull,0,0.9999999983010639,1.6991942936547775e-09,8.868336242365291e-33,0.0,0.0
2016-02-23,Bull,0,0.9999999903047865,9.695967388980344e-09,1.9779354103572114e-25,0.0,0.0
2016-02-24,Bull,0,0.9999999946576281,5.342844308193959e-09,6.654496631830295e-24,0.0,0.0
2016-02-25,Bull,0,0.9999999825486158,1.7452273631251186e-08,1.6131953847256863e-22,0.0,0.0
2016-02-26,Bull,0,0.9999999890205801,1.097923351639479e-08,4.451790279707733e-23,0.0,0.0
2016-02-29,Bull,0,0.9999999944666342,5.533873404308631e-09,1.8876816167401765e-21,0.0,0.0
2016-03-01,Bull,0,0.9999999853916962,1.4608857087199783e-08,2.33562605087028e-21,0.0,0.0
2016-03-02,Bull,0,0.9999999925221346,7.47698306149507e-09,3.794736419790405e-21,0.0,0.0
2016-03-03,Bull,0,0.9999999910578481,8.941666019567139e-09,4.579748700921385e-19,0.0,0.0
2016-03-04,Bull,0,0.9999999927531462,7.2474231614815775e-09,9.541923056280115e-20,0.0,0.0
2016-03-07,Bull,0,0.9999999955252861,4.473963896340377e-09,1.3492196794240165e-22,0.0,0.0
2016-03-08,Bull,0,0.999999995699909,4.299395057675677e-09,3.015717825304749e-19,0.0,0.0
2016-03-09,Bull,0,0.9999999963492883,3.650421141504176e-09,2.0345437981650672e-19,0.0,0.0
2016-03-10,Bull,0,0.999999997589839,2.410733614805013e-09,2.083454651227687e-20,0.0,0.0
2016-03-11,Bull,0,0.9999999997216946,2.7811267337350536e-10,1.4596860748657117e-22,0.0,0.0
2016-03-14,Bull,0,0.9999999997617124,2.3747003733804607e-10,2.124265878142855e-22,0.0,0.0
2016-03-15,Bull,0,0.9999999952542566,4.746243902631142e-09,4.164773709149289e-17,0.0,0.0
2016-03-16,Bull,0,0.9999999965093593,3.489800424270395e-09,3.569127685006364e-15,0.0,0.0
2016-03-17,Bull,0,0.99999999845204,1.5476279747280019e-09,9.042284885416042e-15,0.0,0.0
2016-03-18,Bull,0,0.9999999997235136,2.765558904718133e-10,6.997433474993053e-15,0.0,0.0
2016-03-21,Bull,0,0.9999999994361133,5.644576499654337e-10,1.925533390508524e-14,0.0,0.0
2016-03-22,Bull,0,0.9999999992760422,7.228011872831239e-10,9.976272722757864e-13,0.0,0.0
2016-03-23,Bull,0,0.999999996736733,3.2616873813676154e-09,8.343903558834799e-13,0.0,0.0
2016-03-24,Bull,0,0.9999999979572749,2.042199520181728e-09,4.750631500907769e-13,0.0,0.0
2016-03-28,Bull,0,0.999999998806743,1.1750510674887241e-09,1.74631871027418e-11,0.0,0.0
2016-03-29,Bull,0,0.9999999979936547,6.047344538006883e-10,1.4020297376020814e-09,0.0,0.0
2016-03-30,Bull,0,0.9999993069325356,1.8445491870848829e-09,6.912225553498349e-07,0.0,0.0
2016-03-31,Bull,0,0.9993399780132851,3.573137190666141e-09,0.0006600184140334824,0.0,0.0
2016-04-01,Bull,0,0.998639798852704,3.6603692227020137e-09,0.0013601974877047156,0.0,0.0
2016-04-04,Bull,0,0.9976952209955945,9.22458452606015e-09,0.0023047697800287767,0.0,0.0
2016-04-05,Bull,0,0.9968807014273151,2.2450748226678093e-08,0.003119276122229483,0.0,0.0
2016-04-06,Bull,0,0.9949835389268153,2.2558705491951586e-08,0.005016438514421641,0.0,0.0
2016-04-07,Bull,0,0.9891275661291686,4.6145817039506594e-07,0.010871972412915189,0.0,0.0
2016-04-08,Bull,0,0.9823529296892075,1.2043986988453463e-06,0.01764586591173485,0.0,0.0
2016-04-11,Bull,0,0.9414137136123614,7.039043931096966e-06,0.05857924734451113,0.0,0.0
2016-04-12,Bull,0,0.8524627633050335,1.1865918666321976e-06,0.14753605010365844,0.0,0.0
2016-04-13,Bull,0,0.826697583880218,6.242012627831928e-06,0.17329617410792372,0.0,0.0
2016-04-14,Unknown,2,0.22848526231486074,1.9074031485739635e-05,0.7714956636531424,0.0,0.0
2016-04-15,Unknown,2,0.043163851032667074,4.024721180930613e-06,0.9568321242469514,0.0,0.0
2016-04-18,Unknown,2,0.016164610118234383,3.62902573424182e-06,0.9838317608557737,0.0,0.0
2016-04-19,Unknown,2,0.004215772685635388,1.2507459452293294e-06,0.9957829765676187,0.0,0.0
2016-04-20,Unknown,2,0.0007192622571693246,7.119782330033502e-07,0.9992800257640504,0.0,0.0
2016-04-21,Unknown,2,4.734283926016237e-05,1.148435642856177e-06,0.9999515087244979,0.0,0.0
2016-04-22,Unknown,2,8.793425286563624e-07,1.3226649979213049e-06,0.9999977979920601,0.0,0.0
2016-04-25,Unknown,2,1.7710503923677074e-08,2.399446725955498e-06,0.9999975828424904,0.0,0.0
2016-04-26,Unknown,2,4.377861248095329e-10,3.518153773511724e-06,0.9999964814076577,0.0,0.0
2016-04-27,Unknown,2,9.451518726287589e-11,1.915339744943148e-06,0.9999980845659747,0.0,0.0
2016-04-28,Unknown,2,1.5286643862853384e-10,1.3230034713672929e-05,0.9999867698117931,0.0,0.0
2016-04-29,Unknown,2,1.095374255755665e-09,3.301232841264481e-05,0.9999669865766777,0.0,0.0
2016-05-02,Unknown,2,7.893188894284483e-10,1.1328553523733826e-05,0.9999886706578435,0.0,0.0
2016-05-03,Unknown,2,7.615153845791024e-10,7.17669777064226e-05,0.9999282322603107,0.0,0.0
2016-05-04,Unknown,2,5.565594132953202e-09,0.0002099419541350157,0.9997900524808824,0.0,0.0
2016-05-05,Unknown,2,3.948895931524291e-09,5.33845159849977e-05,0.9999466115359975,0.0,0.0
2016-05-06,Unknown,2,2.405795561848024e-10,2.2943576649666636e-05,0.9999770561820753,0.0,0.0
2016-05-09,Unknown,2,3.624915550731577e-10,8.41919026637926e-05,0.9999158077344632,0.0,0.0
2016-05-10,Unknown,2,2.5217082091284445e-09,0.0002701482515362726,0.9997298492264223,0.0,0.0
2016-05-11,Unknown,2,2.3114122004366673e-09,0.00011649474426504037,0.9998835029451817,0.0,0.0
2016-05-12,Unknown,2,1.1755240677204739e-09,0.00022816691445543826,0.9997718319091423,0.0,0.0
2016-05-13,Unknown,2,1.9864009183470475e-09,0.0020645549199366374,0.997935443093206,0.0,0.0
2016-05-16,Unknown,2,3.747554247670307e-09,0.011587946525496821,0.988412049726514,0.0,0.0
2016-05-17,Unknown,2,3.3822799271824245e-08,0.06609136813554058,0.9339085980417016,0.0,0.0
2016-05-18,Unknown,2,1.2467719987467159e-07,0.1497851773055144,0.8502146980171384,0.0,0.0
2016-05-19,Unknown,2,2.6226959428790755e-07,0.3081955191546794,0.6918042185748876,0.0,0.0
2016-05-20,Unknown,2,2.3512282620168274e-07,0.4724052659245966,0.5275944989534347,0.0,0.0
2016-05-23,Unknown,2,3.4513483720788565e-07,0.6547055998897225,0.3452940549746039,0.0,0.0
2016-05-24,Sideways,1,2.858438714035201e-07,0.9049136927900798,0.09508602136652353,0.0,0.0
2016-05-25,Sideways,1,6.010160085081952e-07,0.9519972076811628,0.04800219130269524,0.0,0.0
2016-05-26,Sideways,1,4.790719400784193e-06,0.9532458585889232,0.0467493506910243,0.0,0.0
2016-05-27,Sideways,1,7.580302875974849e-06,0.8675145166324832,0.1324779030640538,0.0,0.0
2016-05-31,Sideways,1,2.741479006651399e-05,0.6877210543863433,0.31225153082311286,0.0,0.0
2016-06-01,Unknown,2,4.534941326771474e-06,0.09566521672573731,0.9043302483338231,0.0,0.0
2016-06-02,Unknown,2,2.260883739293413e-07,0.005438168493669655,0.9945616054182667,0.0,0.0
2016-06-03,Unknown,2,1.799134780421885e-08,0.0004734500071014254,0.9995265320019316,0.0,0.0
2016-06-06,Unknown,2,1.2837901474995856e-09,8.237606240568717e-05,0.9999176226545957,0.0,0.0
2016-06-07,Unknown,2,2.0774208871189895e-10,5.046658296131849e-05,0.9999495332087631,0.0,0.0
2016-06-08,Unknown,2,1.1384168487171586e-10,4.149032798283717e-05,0.9999585095578433,0.0,0.0
2016-06-09,Unknown,2,7.467881087487284e-11,2.063888957372534e-05,0.9999793610351672,0.0,0.0
2016-06-10,Unknown,2,3.063884684763333e-10,0.00023696904610028452,0.9997630306480699,0.0,0.0
2016-06-13,Unknown,2,5.994646120862396e-09,0.0005434642983234236,0.9994565297062856,0.0,0.0
2016-06-14,Unknown,2,7.928699663661519e-09,0.0004215241844856261,0.9995784678860209,0.0,0.0
2016-06-15,Unknown,2,4.225892573557624e-09,0.00023298775560047892,0.9997670080176938,0.0,0.0
2016-06-16,Unknown,2,3.0808719123894456e-09,0.00023697547106732631,0.9997630214479832,0.0,0.0
2016-06-17,Unknown,2,1.2024930202460956e-09,0.00010367517667630943,0.9998963236208684,0.0,0.0
2016-06-20,Unknown,2,6.250434822340666e-10,0.00013795630453693663,0.9998620430705868,0.0,0.0
2016-06-21,Unknown,2,3.4286314698681627e-10,0.0003294840137415565,0.9996705156432395,0.0,0.0
2016-06-22,Unknown,2,3.6405817448499075e-10,0.004265695886889425,0.995734303749783,0.0,0.0
2016-06-23,Unknown,2,3.809981165931707e-09,0.058638744208856154,0.9413612519810017,0.0,0.0
2016-06-24,Sideways,1,4.829027245094764e-07,0.9999834160491442,1.6101047445743417e-05,0.0,0.0
2016-06-27,Sideways,1,1.5004270869840398e-05,0.9999849956309557,9.74916457727235e-11,0.0,0.0
2016-06-28,Sideways,1,3.176906500318118e-06,0.9999968227144108,3.787143633677215e-10,0.0,0.0
2016-06-29,Sideways,1,2.1355845664811224e-06,0.9999978644123142,3.2153223497818002e-12,0.0,0.0
2016-06-30,Sideways,1,6.849854616288649e-06,0.999993150145924,3.545707329921481e-15,0.0,0.0
2016-07-01,Sideways,1,8.271512347086923e-07,0.9999991728476526,7.833128346512612e-13,0.0,0.0
2016-07-05,Sideways,1,3.5065299319598527e-06,0.9999964934693341,1.5157424455068484e-16,0.0,0.0
2016-07-06,Sideways,1,1.3425809153976506e-06,0.9999986574175554,9.374520502052864e-13,0.0,0.0
2016-07-07,Sideways,1,1.5059970752643147e-06,0.999998493746941,2.562265221616436e-10,0.0,0.0
2016-07-08,Sideways,1,2.2825094984878763e-06,0.9999977173964584,9.32250863359009e-11,0.0,0.0
2016-07-11,Sideways,1,2.191060090854688e-06,0.9999978084275795,5.129127074940519e-10,0.0,0.0
2016-07-12,Sideways,1,1.1472870266026762e-06,0.999998852518478,1.9455950130738454e-10,0.0,0.0
2016-07-13,Sideways,1,1.2826378774272975e-06,0.9999987153104551,2.0521229952024003e-09,0.0,0.0
2016-07-14,Sideways,1,1.38176331389644e-06,0.9999986174871545,7.500806258567166e-10,0.0,0.0
2016-07-15,Sideways,1,2.1226793874875957e-06,0.9999978564597095,2.0861450717965854e-08,0.0,0.0
2016-07-18,Sideways,1,2.4174502051381352e-06,0.999997546702897,3.5847660155722536e-08,0.0,0.0
2016-07-19,Sideways,1,3.0320008450055162e-06,0.9999969143602669,5.363900094036324e-08,0.0,0.0
2016-07-20,Sideways,1,2.837987956830309e-06,0.9999970699525145,9.205983115388277e-08,0.0,0.0
2016-07-21,Sideways,1,4.108179103786764e-06,0.9999958024779392,8.934360319881961e-08,0.0,0.0
2016-07-22,Sideways,1,3.1703861996429477e-06,0.9999967442634691,8.535038208174407e-08,0.0,0.0
2016-07-25,Sideways,1,5.14356155504459e-06,0.999994644956828,2.1148080818706143e-07,0.0,0.0
2016-07-26,Sideways,1,8.615742279446616e-06,0.9999233192963322,6.806496197182637e-05,0.0,0.0
2016-07-27,Sideways,1,0.00014750568995435906,0.9991271041733698,0.0007253901373962955,0.0,0.0
2016-07-28,Sideways,1,6.068822675612752e-05,0.5379312990711776,0.4620080127023761,0.0,0.0
2016-07-29,Unknown,2,1.4878665393333132e-06,0.013816709603712283,0.9861818025293065,0.0,0.0
2016-08-01,Unknown,2,9.226778855558727e-09,6.18486771087021e-05,0.999938142096355,0.0,0.0
2016-08-02,Unknown,2,9.061837491817261e-11,9.574685650091752e-06,0.9999904252239502,0.0,0.0
2016-08-03,Unknown,2,7.789886089770586e-12,6.4752216340826405e-06,0.9999935247697527,0.0,0.0
2016-08-04,Unknown,2,3.0131858818815426e-12,3.5386243458923746e-06,0.9999964613733792,0.0,0.0
2016-08-05,Unknown,2,2.9279941872644647e-12,6.195109285900056e-06,0.9999938048868893,0.0,0.0
2016-08-08,Unknown,2,1.8260824819730353e-12,7.320771709224464e-07,0.9999992679206977,0.0,0.0
2016-08-09,Unknown,2,3.2273509568228557e-13,1.0249798731007718e-06,0.9999989750200052,0.0,0.0
2016-08-10,Unknown,2,8.322758701706715e-13,1.1106971371392813e-06,0.9999988893020402,0.0,0.0
2016-08-11,Unknown,2,4.862056418325496e-13,7.506032469987926e-07,0.9999992493961233,0.0,0.0
2016-08-12,Unknown,2,5.580797273905152e-13,7.287901454514167e-07,0.9999992712094281,0.0,0.0
2016-08-15,Unknown,2,3.737698438334204e-13,6.337310716881412e-07,0.9999993662679306,0.0,0.0
2016-08-16,Unknown,2,4.347719014790323e-13,1.0868182772654947e-06,0.9999989131817069,0.0,0.0
2016-08-17,Unknown,2,4.656090647986856e-13,8.871278853169602e-07,0.9999991128719854,0.0,0.0
2016-08-18,Unknown,2,6.530710471384395e-13,1.0182536005288097e-06,0.9999989817466213,0.0,0.0
2016-08-19,Unknown,2,4.865720060769308e-13,9.65621063366761e-07,0.9999990343790274,0.0,0.0
2016-08-22,Unknown,2,8.974721304087779e-13,1.3220671926261897e-06,0.9999986779320906,0.0,0.0
2016-08-23,Unknown,2,5.533588667171489e-13,9.11993267117238e-07,0.9999990880064227,0.0,0.0
2016-08-24,Unknown,2,3.675145372575941e-13,1.4007940627422218e-06,0.9999985992063364,0.0,0.0
2016-08-25,Unknown,2,6.404665988448057e-13,1.999423271982011e-06,0.9999980005761224,0.0,0.0
2016-08-26,Unknown,2,8.894199845601687e-13,2.332830273947219e-06,0.9999976671688199,0.0,0.0
2016-08-29,Unknown,2,1.0705139583928773e-12,2.8168021880114055e-06,0.9999971831970124,0.0,0.0
2016-08-30,Unknown,2,1.4524056885694149e-12,3.794289907816461e-06,0.9999962057080799,0.0,0.0
2016-08-31,Unknown,2,1.0777115051774916e-12,2.6119092203637235e-06,0.9999973880892417,0.0,0.0
2016-09-01,Unknown,2,7.980343663713762e-13,2.6868151273622093e-06,0.9999973131834564,0.0,0.0
2016-09-02,Unknown,2,9.333493298783912e-13,3.385160045809107e-06,0.9999966148391648,0.0,0.0
2016-09-06,Unknown,2,2.1024375248634763e-12,2.9813269189714343e-06,0.9999970186717169,0.0,0.0
2016-09-07,Unknown,2,9.459443250459822e-13,7.412059920191083e-06,0.9999925879385073,0.0,0.0
2016-09-08,Unknown,2,6.074586081554435e-12,0.0019833631846348366,0.9980166368099306,0.0,0.0
2016-09-09,Sideways,1,7.369777248235665e-10,0.6338976974602123,0.36610230180339476,0.0,0.0
2016-09-12,Sideways,1,3.5368877505176857e-08,0.7965084455291342,0.2034915191015531,0.0,0.0
2016-09-13,Sideways,1,7.669007886926305e-08,0.9938477772523404,0.006152146058391706,0.0,0.0
2016-09-14,Sideways,1,8.144005289886574e-08,0.9999009890122658,9.892954769912537e-05,0.0,0.0
2016-09-15,Sideways,1,4.010962614631305e-08,0.9999957539566017,4.205934395857693e-06,0.0,0.0
2016-09-16,Sideways,1,6.569897828820236e-08,0.9999898162523231,1.0118048240690228e-05,0.0,0.0
2016-09-19,Sideways,1,4.2434706430121386e-08,0.9999832616886373,1.669587636705465e-05,0.0,0.0
2016-09-20,Sideways,1,5.961927010614968e-08,0.9999909984058343,8.941975728063011e-06,0.0,0.0
2016-09-21,Sideways,1,2.8933024662704108e-08,0.9999988296519887,1.1414152683707037e-06,0.0,0.0
2016-09-22,Sideways,1,2.092263806995584e-08,0.9999976969255986,2.28215176359118e-06,0.0,0.0
2016-09-23,Sideways,1,3.3757987577666024e-08,0.9999932018867246,6.764356107457913e-06,0.0,0.0
2016-09-26,Sideways,1,6.911637387672795e-08,0.9999951897613941,4.7411224885459115e-06,0.0,0.0
2016-09-27,Sideways,1,4.085972850958238e-08,0.999995969704223,3.989436467265892e-06,0.0,0.0
2016-09-28,Sideways,1,2.6841282784965777e-08,0.99998913593198,1.0837227632849803e-05,0.0,0.0
2016-09-29,Sideways,1,4.7373190781104294e-08,0.9999921308790751,7.821747443585012e-06,0.0,0.0
2016-09-30,Sideways,1,3.156924855357877e-08,0.9999942544474364,5.71398372028453e-06,0.0,0.0
2016-10-03,Sideways,1,5.123013209779291e-08,0.9999968868099388,3.0619602008394784e-06,0.0,0.0
2016-10-04,Sideways,1,6.899896436035594e-08,0.9999951887827826,4.742217933497502e-06,0.0,0.0
2016-10-05,Sideways,1,4.689273515970944e-08,0.9999933749769565,6.578130668017901e-06,0.0,0.0
2016-10-06,Sideways,1,5.879280291547706e-08,0.9999968844798206,3.056727953568372e-06,0.0,0.0
2016-10-07,Sideways,1,6.53531554425808e-08,0.999991317146348,8.617500491679895e-06,0.0,0.0
2016-10-10,Sideways,1,9.1854201449213e-08,0.9996765149901515,0.000323393156092583,0.0,0.0
2016-10-11,Sideways,1,2.9057489954502607e-07,0.9978813544978097,0.0021183549271528816,0.0,0.0
2016-10-12,Sideways,1,3.49074890475358e-07,0.9892774610051326,0.01072218992078927,0.0,0.0
2016-10-13,Sideways,1,8.245080012551054e-07,0.9755104944958157,0.024488680995338193,0.0,0.0
2016-10-14,Sideways,1,5.452927067539139e-07,0.9316451564565994,0.06835429825092185,0.0,0.0
2016-10-17,Sideways,1,1.4809284395927992e-06,0.9022174111107398,0.09778110796074,0.0,0.0
2016-10-18,Sideways,1,2.3831348380917185e-06,0.8127112960949385,0.1872863207702723,0.0,0.0
2016-10-19,Sideways,1,4.865301301697319e-06,0.6442441708061548,0.35575096389252464,0.0,0.0
2016-10-20,Unknown,2,2.8742464684477407e-06,0.25549947940046663,0.7444976463534472,0.0,0.0
2016-10-21,Unknown,2,1.1855641144625674e-06,0.0847891853293413,0.9152096291057419,0.0,0.0
2016-10-24,Unknown,2,5.040085026026468e-07,0.02933572133986925,0.9706637746515259,0.0,0.0
2016-10-25,Unknown,2,8.56686833535612e-08,0.0042294604523353055,0.9957704538791011,0.0,0.0
2016-10-26,Unknown,2,9.094160867406277e-09,0.0004341966796334345,0.9995657942254504,0.0,0.0
2016-10-27,Unknown,2,1.4048109449847307e-09,0.00011101479386591459,0.99988898380072,0.0,0.0
2016-10-28,Unknown,2,2.7999393109894223e-10,7.882012250129361e-05,0.9999211795981164,0.0,0.0
2016-10-31,Unknown,2,1.9002910517090385e-10,0.00037307857961586225,0.9996269212300123,0.0,0.0
2016-11-01,Unknown,2,5.184601574547329e-10,0.0056105050678510425,0.9943894944145801,0.0,0.0
2016-11-02,Unknown,2,4.9818451037843445e-09,0.04838821867495383,0.951611776342512,0.0,0.0
2016-11-03,Unknown,2,4.556476415513295e-08,0.20502525942556232,0.7949746950093112,0.0,0.0
2016-11-04,Unknown,2,1.733016081069171e-07,0.5288251415552722,0.4711746851435467,0.0,0.0
2016-11-07,Sideways,1,1.863154283877045e-07,0.9992222924309231,0.0007775212528832193,0.0,0.0
2016-11-08,Sideways,1,2.8137426970235206e-07,0.9999791360890536,2.0582536763295324e-05,0.0,0.0
2016-11-09,Sideways,1,3.8787259265439153e-07,0.9999978859363701,1.7261903753121272e-06,0.0,0.0
2016-11-10,Sideways,1,1.127608152015918e-06,0.9999950760460061,3.7963454487914545e-06,0.0,0.0
2016-11-11,Sideways,1,2.8452829571404824e-05,0.9990569513409918,0.000914595830161183,0.0,0.0
2016-11-14,Unknown,2,1.2147149802175007e-05,0.5999741507885361,0.40001370206085696,0.0,0.0
2016-11-15,Unknown,2,1.382692692780051e-05,0.31823606607655125,0.6817501069969876,0.0,0.0
2016-11-16,Unknown,2,1.6532756227015264e-06,0.029628330739750935,0.9703700159849501,0.0,0.0
2016-11-17,Unknown,2,1.381271671363698e-07,0.002041552840441629,0.9979583090318898,0.0,0.0
2016-11-18,Unknown,2,1.1757806410603588e-08,0.0002283276131751264,0.9997716606285487,0.0,0.0
2016-11-21,Unknown,2,1.7999803670576708e-09,9.808793005316285e-05,0.9999019102705222,0.0,0.0
2016-11-22,Unknown,2,3.6637652761688617e-10,2.9323788506453812e-05,0.9999706758451317,0.0,0.0
2016-11-23,Unknown,2,2.127626443341829e-10,5.1078634110930974e-05,0.9999489211535442,0.0,0.0
2016-11-25,Unknown,2,2.552813874742333e-10,3.6734314862248156e-05,0.9999632654306646,0.0,0.0
2016-11-28,Unknown,2,8.200962036230149e-10,0.00015179142883139463,0.9998482077518414,0.0,0.0
2016-11-29,Unknown,2,1.4254765856125873e-09,8.789802320333346e-05,0.9999121005510774,0.0,0.0
2016-11-30,Unknown,2,1.0493998637193468e-09,0.00028538383254399273,0.999714615117341,0.0,0.0
2016-12-01,Unknown,2,4.576331418764617e-09,0.001827982975917373,0.998172012446958,0.0,0.0
2016-12-02,Unknown,2,5.181591907815898e-08,0.006226135253812266,0.9937738129299541,0.0,0.0
2016-12-05,Unknown,2,4.809395242188183e-07,0.010301339073509455,0.9896981799869765,0.0,0.0
2016-12-06,Unknown,2,2.574844963936605e-06,0.010369784735159083,0.9896276404194854,0.0,0.0
2016-12-07,Unknown,2,1.2425769088520829e-07,0.00023043877721757124,0.9997694369659567,0.0,0.0
2016-12-08,Unknown,2,1.9549377166637255e-09,1.257319980253347e-05,0.9999874248450725,0.0,0.0
2016-12-09,Unknown,2,1.3104213193086888e-10,6.684922526812442e-06,0.9999933149470677,0.0,0.0
2016-12-12,Unknown,2,3.215131878190045e-11,2.967929359379025e-06,0.9999970320376111,0.0,0.0
2016-12-13,Unknown,2,1.7966146988906095e-11,3.18428854360149e-06,0.999996815693134,0.0,0.0
2016-12-14,Unknown,2,7.002101874261906e-12,1.9004435454814175e-06,0.9999980995489619,0.0,0.0
2016-12-15,Unknown,2,3.0056707981653563e-12,7.790304235599459e-07,0.9999992209671597,0.0,0.0
2016-12-16,Unknown,2,1.7045569471612793e-12,1.211688435819739e-06,0.9999987883100467,0.0,0.0
2016-12-19,Unknown,2,1.914567013383315e-12,7.477450509218304e-07,0.9999992522537535,0.0,0.0
2016-12-20,Unknown,2,2.5508923978530996e-12,1.220509896175195e-06,0.9999987794879589,0.0,0.0
2016-12-21,Unknown,2,1.8994581903374624e-12,7.509169808407998e-07,0.9999992490814383,0.0,0.0
2016-12-22,Unknown,2,1.2741243134442754e-12,8.825854931299769e-07,0.9999991174139979,0.0,0.0
2016-12-23,Unknown,2,9.471420512669995e-13,7.571003723373287e-07,0.999999242898698,0.0,0.0
2016-12-27,Unknown,2,7.745103285620237e-13,6.240745837570801e-07,0.9999993759249393,0.0,0.0
2016-12-28,Unknown,2,1.281402360756609e-12,2.9529496829263683e-06,0.9999970470496863,0.0,0.0
2016-12-29,Unknown,2,3.656709700264702e-12,2.360550648028158e-06,0.9999976394456674,0.0,0.0
2016-12-30,Unknown,2,3.0553261723053488e-12,4.130346221598262e-06,0.9999958696511192,0.0,0.0
2017-01-03,Unknown,2,1.5619665852482288e-11,1.2600577913121593e-05,0.9999873994068259,0.0,0.0
2017-01-04,Unknown,2,2.2840479675401815e-10,4.5392993919156025e-05,0.99995460677822,0.0,0.0
2017-01-05,Unknown,2,4.0615341226697716e-11,4.105122826762141e-06,0.9999958948367428,0.0,0.0
2017-01-06,Unknown,2,3.836447241479405e-12,3.924754030833566e-06,0.9999960752415684,0.0,0.0
2017-01-09,Unknown,2,3.4132448513756515e-12,1.7419211527526342e-06,0.9999982580754186,0.0,0.0
2017-01-10,Unknown,2,1.165929085610686e-12,1.203558025190982e-06,0.9999987964409196,0.0,0.0
2017-01-11,Unknown,2,1.7023113626468791e-12,1.4009103013602562e-06,0.9999985990881023,0.0,0.0
2017-01-12,Unknown,2,1.1911696460441895e-12,1.4438162381320504e-06,0.9999985561818412,0.0,0.0
2017-01-13,Unknown,2,2.657779029789226e-12,1.735271077563091e-06,0.9999982647256324,0.0,0.0
2017-01-17,Unknown,2,9.370684205735038e-13,1.1974386600109005e-06,0.9999988025599926,0.0,0.0
2017-01-18,Unknown,2,6.875765189748022e-13,1.2017959000115461e-06,0.9999987982035182,0.0,0.0
2017-01-19,Unknown,2,6.764463115265482e-13,1.9102501398890863e-06,0.9999980897500846,0.0,0.0
2017-01-20,Unknown,2,7.59387928052892e-13,1.5713315259847124e-06,0.9999984286672383,0.0,0.0
2017-01-23,Unknown,2,1.0392633122750612e-12,2.3041051981798976e-06,0.9999976958942339,0.0,0.0
2017-01-24,Unknown,2,7.579953019082773e-13,1.8983248987929442e-06,0.9999981016735374,0.0,0.0
2017-01-25,Unknown,2,8.66927963512269e-13,3.4974663411431407e-06,0.9999965025333265,0.0,0.0
2017-01-26,Unknown,2,1.1865897411730215e-12,3.019945174833391e-06,0.9999969800528686,0.0,0.0
2017-01-27,Unknown,2,8.966547527465463e-13,2.544184351189825e-06,0.9999974558154995,0.0,0.0
2017-01-30,Unknown,2,1.2293830124730905e-12,4.835357954306192e-06,0.9999951646412717,0.0,0.0
2017-01-31,Unknown,2,1.0850153743417073e-12,2.921895469317824e-06,0.9999970781033821,0.0,0.0
2017-02-01,Unknown,2,1.4317119769415216e-12,6.692694203586599e-06,0.9999933073037254,0.0,0.0
2017-02-02,Unknown,2,2.179151617291927e-12,3.1574922464997578e-06,0.9999968425049528,0.0,0.0
2017-02-03,Unknown,2,7.629649272825834e-13,2.0444544007853497e-06,0.9999979555453118,0.0,0.0
2017-02-06,Unknown,2,4.24963644953266e-13,2.0381420384594788e-06,0.9999979618571921,0.0,0.0
2017-02-07,Unknown,2,5.776224521944491e-13,2.316396635398957e-06,0.999997683603351,0.0,0.0
2017-02-08,Unknown,2,5.13289246059569e-13,2.04776546756184e-06,0.9999979522347578,0.0,0.0
2017-02-09,Unknown,2,4.188797647528631e-13,2.316924783796986e-06,0.9999976830740263,0.0,0.0
2017-02-10,Unknown,2,3.6542461018122524e-13,1.6788731400442851e-06,0.9999983211269405,0.0,0.0
2017-02-13,Unknown,2,3.4364360282245556e-13,2.376708672419309e-06,0.9999976232912609,0.0,0.0
2017-02-14,Unknown,2,6.942351851944347e-13,3.134306383394867e-06,0.9999968656933568,0.0,0.0
2017-02-15,Unknown,2,1.5562434120862663e-12,5.0473927174628644e-06,0.9999949526063626,0.0,0.0
2017-02-16,Unknown,2,1.4916967151945715e-12,3.030917852235941e-06,0.9999969690807577,0.0,0.0
2017-02-17,Unknown,2,9.187564757238299e-13,2.8978139887130183e-06,0.9999971021849128,0.0,0.0
2017-02-21,Unknown,2,5.375280040905473e-13,1.739788726473281e-06,0.9999982602109085,0.0,0.0
2017-02-22,Unknown,2,4.0807206822976164e-13,2.18183338825701e-06,0.9999978181664274,0.0,0.0
2017-02-23,Unknown,2,4.4854743714091524e-13,1.4120401763862236e-06,0.9999985879595408,0.0,0.0
2017-02-24,Unknown,2,7.175768862830958e-13,1.5598329396527022e-06,0.9999984401668713,0.0,0.0
2017-02-27,Unknown,2,6.689671866614865e-13,1.4015804866810272e-06,0.9999985984187151,0.0,0.0
2017-02-28,Unknown,2,5.908634564998447e-13,1.838807253020541e-06,0.9999981611925786,0.0,0.0
2017-03-01,Unknown,2,3.8332960587489456e-13,1.7174624891103744e-06,0.9999982825371458,0.0,0.0
2017-03-02,Unknown,2,3.266614905875066e-13,2.8873309919887743e-06,0.9999971126695374,0.0,0.0
2017-03-03,Unknown,2,5.392069980478197e-13,3.026680448269715e-06,0.9999969733189903,0.0,0.0
2017-03-06,Unknown,2,6.757274761516385e-13,4.381850495304521e-06,0.9999956181496197,0.0,0.0
2017-03-07,Unknown,2,1.3150827439205055e-12,5.0409573359566615e-06,0.9999949590419147,0.0,0.0
2017-03-08,Unknown,2,3.1765868879741475e-12,1.3242097048039392e-05,0.9999867578993893,0.0,0.0
2017-03-09,Unknown,2,2.5522383298245983e-12,5.051504291893731e-06,0.9999949484936483,0.0,0.0
2017-03-10,Unknown,2,9.810579350874396e-13,5.176785411080584e-06,0.9999948232132129,0.0,0.0
2017-03-13,Unknown,2,4.5221743216444544e-13,2.197906004393815e-06,0.9999978020938722,0.0,0.0
2017-03-14,Unknown,2,1.7515041605368378e-13,2.2429380109051515e-06,0.9999977570612516,0.0,0.0
2017-03-15,Unknown,2,1.3317092977515258e-13,1.943572549686527e-06,0.9999980564280819,0.0,0.0
2017-03-16,Unknown,2,1.1803985508685255e-13,1.8597730142286408e-06,0.9999981402269454,0.0,0.0
2017-03-17,Unknown,2,1.577133458949384e-13,2.0295303345289754e-06,0.9999979704700894,0.0,0.0
2017-03-20,Unknown,2,1.6241351113629716e-13,2.4021333506788053e-06,0.9999975978673067,0.0,0.0
2017-03-21,Unknown,2,1.8993934165532428e-12,3.3480112896889914e-05,0.999966519884988,0.0,0.0
2017-03-22,Unknown,2,2.7252618214290752e-11,3.670019256781411e-05,0.9999632997810182,0.0,0.0
2017-03-23,Unknown,2,2.8146832697493034e-11,4.518308081559925e-05,0.9999548168910839,0.0,0.0
2017-03-24,Unknown,2,4.0547449627010775e-11,6.206794732713739e-05,0.9999379320124592,0.0,0.0
2017-03-27,Unknown,2,7.818144060946899e-11,9.059326503618838e-05,0.9999094066572097,0.0,0.0
2017-03-28,Unknown,2,4.865470968228903e-11,5.9693008458945606e-05,0.9999403069423365,0.0,0.0
2017-03-29,Unknown,2,2.6563729851707846e-11,5.24903492650942e-05,0.9999475096235637,0.0,0.0
2017-03-30,Unknown,2,6.075268122354185e-11,2.9176990504673893e-05,0.9999708229479588,0.0,0.0
2017-03-31,Unknown,2,1.2264278166608931e-11,1.271246978792457e-05,0.9999872875185658,0.0,0.0
2017-04-03,Unknown,2,6.707146375682129e-12,1.456148466235298e-05,0.9999854385083106,0.0,0.0
2017-04-04,Unknown,2,3.775631020229515e-12,9.502457664550092e-06,0.9999904975390032,0.0,0.0
2017-04-05,Unknown,2,2.2519639854875987e-12,9.803275253579895e-06,0.9999901967228964,0.0,0.0
2017-04-06,Unknown,2,3.1854452190206365e-12,1.556365427082978e-05,0.9999844363420992,0.0,0.0
2017-04-07,Unknown,2,3.841146732890834e-12,1.1429829591566617e-05,0.9999885701670985,0.0,0.0
2017-04-10,Unknown,2,3.002075030958009e-12,1.0097727582211017e-05,0.9999899022696407,0.0,0.0
2017-04-11,Unknown,2,2.837688863330963e-12,1.0537114167247073e-05,0.9999894628827317,0.0,0.0
2017-04-12,Unknown,2,3.46852213301355e-12,1.2564051312187953e-05,0.9999874359444063,0.0,0.0
2017-04-13,Unknown,2,2.346624153035667e-11,3.352220104872725e-05,0.999966477774975,0.0,0.0
2017-04-17,Unknown,2,1.9123862410655764e-11,2.7749276230368838e-05,0.9999722507048615,0.0,0.0
2017-04-18,Unknown,2,1.6652081665040166e-11,2.9188309462807453e-05,0.9999708116741914,0.0,0.0
2017-04-19,Unknown,2,1.940066081099101e-11,3.145717504053245e-05,0.9999685428047316,0.0,0.0
2017-04-20,Unknown,2,2.0848661306551626e-11,2.499820559975269e-05,0.9999750017737409,0.0,0.0
2017-04-21,Unknown,2,2.071050013979545e-11,2.362874844697905e-05,0.9999763712302809,0.0,0.0
2017-04-24,Unknown,2,2.1312442400540498e-11,6.984232670210343e-05,0.9999301576515865,0.0,0.0
2017-04-25,Unknown,2,8.453644237346657e-11,9.900032098587664e-05,0.9999009995940983,0.0,0.0
2017-04-26,Unknown,2,1.438973824896469e-10,8.420035959152615e-05,0.9999157994969539,0.0,0.0
2017-04-27,Unknown,2,2.482824164747499e-11,1.5559607248079638e-05,0.9999844403674601,0.0,0.0
2017-04-28,Unknown,2,2.1040201946572536e-11,4.12228185646642e-05,0.9999587771601347,0.0,0.0
2017-05-01,Unknown,2,6.620633482462844e-12,7.104851409496667e-06,0.9999928951417598,0.0,0.0
2017-05-02,Unknown,2,7.707060321299234e-13,4.959409326273159e-06,0.9999950405904399,0.0,0.0
2017-05-03,Unknown,2,7.27050443141334e-13,6.023298626948122e-06,0.9999939767003028,0.0,0.0
2017-05-04,Unknown,2,8.152913612586459e-13,5.5458605477110484e-06,0.9999944541386037,0.0,0.0
2017-05-05,Unknown,2,7.772630198547328e-13,5.789151452578228e-06,0.9999942108483307,0.0,0.0
2017-05-08,Unknown,2,7.473917248191346e-13,4.907384715222181e-06,0.9999950926150991,0.0,0.0
2017-05-09,Unknown,2,7.824188541822681e-13,5.704180533135879e-06,0.9999942958182945,0.0,0.0
2017-05-10,Unknown,2,9.696643206468225e-13,5.9065009927482896e-06,0.9999940934987347,0.0,0.0
2017-05-11,Unknown,2,1.1621708724304945e-12,6.672087912540018e-06,0.9999933279109187,0.0,0.0
2017-05-12,Unknown,2,1.417549117254584e-12,7.412827512518896e-06,0.9999925871708994,0.0,0.0
2017-05-15,Unknown,2,2.8747994152061475e-12,1.104554119765523e-05,0.9999889544552142,0.0,0.0
2017-05-16,Unknown,2,1.746957509234866e-12,4.367697127069845e-06,0.9999956323012953,0.0,0.0
2017-05-17,Unknown,2,1.6273088869414727e-11,0.0002160898377556499,0.9997839101456069,0.0,0.0
2017-05-18,Unknown,2,2.6178192833727786e-10,0.00011420643500041135,0.9998857933033871,0.0,0.0
2017-05-19,Unknown,2,5.169915656461417e-11,5.148652065191339e-05,0.9999485134279709,0.0,0.0
2017-05-22,Unknown,2,1.0317705896725931e-10,0.0001839681511107528,0.9998160317449158,0.0,0.0
2017-05-23,Unknown,2,7.793747719752497e-11,2.8017140673553677e-05,0.9999719827806501,0.0,0.0
2017-05-24,Unknown,2,3.683492441546883e-11,4.682345333718206e-05,0.9999531765091377,0.0,0.0
2017-05-25,Unknown,2,3.426536465582526e-11,3.0319300771082426e-05,0.9999696806656901,0.0,0.0
2017-05-26,Unknown,2,8.310826607305624e-12,1.0595636253524433e-05,0.9999894043555471,0.0,0.0
2017-05-30,Unknown,2,1.6925702358345715e-12,6.153453357452756e-06,0.9999938465451275,0.0,0.0
2017-05-31,Unknown,2,9.493546210904224e-13,5.245052283443635e-06,0.9999947549468963,0.0,0.0
2017-06-01,Unknown,2,9.8432129215215e-13,7.776009796896753e-06,0.9999922239887764,0.0,0.0
2017-06-02,Unknown,2,1.3272542184762083e-12,6.8746191832916335e-06,0.9999931253787343,0.0,0.0
2017-06-05,Unknown,2,7.901060312898134e-13,4.673642567296535e-06,0.9999953263559367,0.0,0.0
2017-06-06,Unknown,2,8.622903247585507e-13,6.160352059884342e-06,0.999993839647562,0.0,0.0
2017-06-07,Unknown,2,1.1114859020119553e-12,6.460204172877459e-06,0.999993539794508,0.0,0.0
2017-06-08,Unknown,2,7.050185030497235e-13,4.29654127026441e-06,0.9999957034580336,0.0,0.0
2017-06-09,Unknown,2,6.138247647010424e-13,5.28424032002922e-06,0.9999947157587948,0.0,0.0
2017-06-12,Unknown,2,7.145353700048173e-13,5.576042400401935e-06,0.9999944239562804,0.0,0.0
2017-06-13,Unknown,2,6.138735174799626e-13,5.397443136764235e-06,0.9999946025564129,0.0,0.0
2017-06-14,Unknown,2,5.982753400679905e-13,4.322978835160642e-06,0.9999956770209555,0.0,0.0
2017-06-15,Unknown,2,5.433378651785641e-13,5.2524544952522124e-06,0.9999947475454672,0.0,0.0
2017-06-16,Unknown,2,2.447746820704871e-12,4.17391116449387e-06,0.9999958260865038,0.0,0.0
2017-06-19,Unknown,2,2.023656649832181e-12,4.9585827804687955e-06,0.999995041414438,0.0,0.0
2017-06-20,Unknown,2,8.437341409861838e-13,2.6431652557726103e-06,0.9999973568336289,0.0,0.0
2017-06-21,Unknown,2,3.6588272664245734e-13,1.843019360076946e-06,0.9999981569798069,0.0,0.0
2017-06-22,Unknown,2,2.4468891963184473e-13,1.7518017549923911e-06,0.9999982481983235,0.0,0.0
2017-06-23,Unknown,2,2.2550604020092827e-13,1.6839502339281627e-06,0.9999983160501497,0.0,0.0
2017-06-26,Unknown,2,4.4699819130083017e-13,2.698200111181585e-06,0.9999973018002515,0.0,0.0
2017-06-27,Unknown,2,7.027380991131143e-13,4.273521579317579e-06,0.9999957264772458,0.0,0.0
2017-06-28,Unknown,2,5.977478499116614e-13,4.2941625066896555e-06,0.9999957058372615,0.0,0.0
2017-06-29,Unknown,2,1.009122132812775e-12,9.589683823432482e-06,0.9999904103156559,0.0,0.0
2017-06-30,Unknown,2,2.42704434208829e-12,7.234421843570248e-06,0.9999927655760736,0.0,0.0
2017-07-03,Unknown,2,2.130918004668207e-12,7.694196089353874e-06,0.9999923058026489,0.0,0.0
2017-07-05,Unknown,2,2.1235791078541643e-12,7.877813697459607e-06,0.9999921221843743,0.0,0.0
2017-07-06,Unknown,2,4.640390922250459e-12,2.2902794299452056e-05,0.999977097201165,0.0,0.0
2017-07-07,Unknown,2,8.700848522428831e-12,1.920870495116466e-05,0.9999807912871334,0.0,0.0
2017-07-10,Unknown,2,7.463890775296036e-12,1.9912860836680972e-05,0.9999800871319106,0.0,0.0
2017-07-11,Unknown,2,7.711190896231547e-12,2.1206115485870538e-05,0.9999787938770428,0.0,0.0
2017-07-12,Unknown,2,1.5336067219123692e-11,4.924019768248952e-05,0.9999507597867532,0.0,0.0
2017-07-13,Unknown,2,4.060851345223102e-11,4.409706619796532e-05,0.9999559028938727,0.0,0.0
2017-07-14,Unknown,2,2.0961879232347557e-11,2.815103848703992e-05,0.9999718489413497,0.0,0.0
2017-07-17,Unknown,2,8.906297842274343e-12,1.7824081073485257e-05,0.9999821759107894,0.0,0.0
2017-07-18,Unknown,2,6.6756786620649354e-12,1.848957181001237e-05,0.9999815104219527,0.0,0.0
2017-07-19,Unknown,2,4.654542230523205e-12,8.278410276817014e-06,0.999991721584298,0.0,0.0
2017-07-20,Unknown,2,1.1964852812357178e-12,4.672291656874002e-06,0.9999953277074395,0.0,0.0
2017-07-21,Unknown,2,5.363992988564176e-13,3.621522544252673e-06,0.9999963784768718,0.0,0.0
2017-07-24,Unknown,2,4.55632824110783e-13,3.8893253725490005e-06,0.9999961106735246,0.0,0.0
2017-07-25,Unknown,2,4.825716281721058e-13,3.790313613030531e-06,0.9999962096861946,0.0,0.0
2017-07-26,Unknown,2,4.196481293193523e-13,3.3241953775336697e-06,0.9999966758042091,0.0,0.0
2017-07-27,Unknown,2,4.562204607445671e-13,3.6228646671957268e-06,0.9999963771344625,0.0,0.0
2017-07-28,Unknown,2,5.76575928960561e-13,2.472201851152064e-06,0.9999975277981866,0.0,0.0
2017-07-31,Unknown,2,5.311525474832938e-13,2.556604805789197e-06,0.9999974433954716,0.0,0.0
2017-08-01,Unknown,2,4.730513730625234e-13,2.2934118986269294e-06,0.9999977065880481,0.0,0.0
2017-08-02,Unknown,2,4.035056022992359e-13,2.1439556605706645e-06,0.9999978560431618,0.0,0.0
2017-08-03,Unknown,2,4.136973298381028e-13,2.3164406230556793e-06,0.9999976835596953,0.0,0.0
2017-08-04,Unknown,2,1.2211240057979523e-12,3.0254465029482117e-06,0.9999969745522613,0.0,0.0
2017-08-07,Unknown,2,1.2704934277405279e-12,1.6717042932235318e-06,0.9999983282937468,0.0,0.0
2017-08-08,Unknown,2,6.673662279154607e-13,1.8877749249590611e-06,0.999998112223656,0.0,0.0
2017-08-09,Unknown,2,8.477426866861331e-13,2.2046267802503996e-06,0.9999977953727212,0.0,0.0
2017-08-10,Unknown,2,4.030437434301135e-12,1.9291537334121756e-05,0.9999807084592264,0.0,0.0
2017-08-11,Unknown,2,1.2568355129789467e-11,9.79629631353839e-06,0.9999902036913765,0.0,0.0
2017-08-14,Unknown,2,5.497969198086981e-12,1.182249043377357e-05,0.9999881775046021,0.0,0.0
2017-08-15,Unknown,2,4.720323970809915e-12,8.604690383018748e-06,0.9999913953040092,0.0,0.0
2017-08-16,Unknown,2,3.5759350982254647e-12,1.2009767315285998e-05,0.9999879902291418,0.0,0.0
2017-08-17,Unknown,2,1.3658605599523838e-10,0.0002997831349612753,0.9997002167278306,0.0,0.0
2017-08-18,Unknown,2,1.308066784819299e-09,0.00023925273421677813,0.9997607459576245,0.0,0.0
2017-08-21,Unknown,2,7.412107794280776e-10,0.0005046752585986126,0.999495324000927,0.0,0.0
2017-08-22,Unknown,2,2.7003627797832377e-09,0.001670562521077915,0.9983294347792891,0.0,0.0
2017-08-23,Unknown,2,1.0505597472182104e-08,0.001631285257235346,0.998368704237136,0.0,0.0
2017-08-24,Unknown,2,7.064057407826891e-09,0.0010698641999492063,0.9989301287361437,0.0,0.0
2017-08-25,Unknown,2,5.066940136691911e-09,0.001022208614704029,0.9989777863184516,0.0,0.0
2017-08-28,Unknown,2,4.462304397329586e-09,0.0009315620657985503,0.9990684334711654,0.0,0.0
2017-08-29,Unknown,2,4.148123538570674e-09,0.0009444249980409896,0.9990555708533799,0.0,0.0
2017-08-30,Unknown,2,4.041779703195546e-09,0.0010162722709293772,0.9989837236866481,0.0,0.0
2017-08-31,Unknown,2,5.982991521249332e-09,0.001176325278687171,0.9988236687391606,0.0,0.0
2017-09-01,Unknown,2,4.681663078602668e-09,0.0006839543518407083,0.9993160409658897,0.0,0.0
2017-09-05,Unknown,2,3.3397596875196238e-09,0.00046849558421108026,0.999531501076751,0.0,0.0
2017-09-06,Unknown,2,2.1919313899390555e-09,0.0003466594204119319,0.9996533383871594,0.0,0.0
2017-09-07,Unknown,2,9.722319568272916e-10,0.00018346778321227058,0.9998165312440285,0.0,0.0
2017-09-08,Unknown,2,4.949977227346667e-10,0.00015633353593449658,0.9998436659694685,0.0,0.0
2017-09-11,Unknown,2,8.327796586466102e-10,0.00027462765360573686,0.9997253715142679,0.0,0.0
2017-09-12,Unknown,2,8.167060142556623e-10,0.00014980877541077744,0.9998501904077374,0.0,0.0
2017-09-13,Unknown,2,1.4610981259297134e-10,2.7615983836583442e-05,0.9999723838693894,0.0,0.0
2017-09-14,Unknown,2,3.7531483171216734e-11,2.99683875630917e-05,0.9999700315745478,0.0,0.0
2017-09-15,Unknown,2,9.173180858527105e-11,5.430719706029528e-05,0.9999456927120658,0.0,0.0
2017-09-18,Unknown,2,3.619340789344021e-11,6.668164569352271e-06,0.999993331799892,0.0,0.0
2017-09-19,Unknown,2,5.490365175058548e-12,7.132804260090755e-06,0.9999928671895487,0.0,0.0
2017-09-20,Unknown,2,5.724037949983766e-12,6.8159767040027146e-06,0.9999931840170942,0.0,0.0
2017-09-21,Unknown,2,4.484256898182033e-12,3.4005141949065543e-06,0.9999965994814894,0.0,0.0
2017-09-22,Unknown,2,2.328145098363879e-12,3.506430777557475e-06,0.9999964935675592,0.0,0.0
2017-09-25,Unknown,2,3.1946051418643086e-12,4.9276767083520574e-06,0.9999950723207341,0.0,0.0
2017-09-26,Unknown,2,3.514484480889919e-12,3.899251712284391e-06,0.9999961007455191,0.0,0.0
2017-09-27,Unknown,2,2.4222088337521494e-12,3.43788291980869e-06,0.9999965621141178,0.0,0.0
2017-09-28,Unknown,2,1.871340460084742e-12,2.9027444039349037e-06,0.9999970972536468,0.0,0.0
2017-09-29,Unknown,2,1.2284240402689104e-12,1.905134299858791e-06,0.9999980948650731,0.0,0.0
2017-10-02,Unknown,2,9.638575823458702e-13,1.6156451703632806e-06,0.9999983843530891,0.0,0.0
2017-10-03,Unknown,2,9.765993304833426e-13,1.7198421126852945e-06,0.9999982801560928,0.0,0.0
2017-10-04,Unknown,2,1.4095262349909968e-12,1.5369818177287461e-06,0.9999984630169808,0.0,0.0
2017-10-05,Unknown,2,1.3757747626016873e-12,1.4646849495298467e-06,0.9999985353144252,0.0,0.0
2017-10-06,Unknown,2,1.0171914850017965e-12,1.2342704353365302e-06,0.9999987657291399,0.0,0.0
2017-10-09,Unknown,2,8.160841636388704e-13,1.3086067291123685e-06,0.9999986913925945,0.0,0.0
2017-10-10,Unknown,2,1.4644058651046646e-12,6.149288589910093e-07,0.9999993850689933,0.0,0.0
2017-10-11,Unknown,2,8.067177218917274e-13,5.61069711822393e-07,0.9999994389292379,0.0,0.0
2017-10-12,Unknown,2,7.969193399944399e-13,6.685119096075056e-07,0.9999993314870569,0.0,0.0
2017-10-13,Unknown,2,8.201043364105249e-13,6.158859975794195e-07,0.9999993841140244,0.0,0.0
2017-10-16,Unknown,2,7.03744444520006e-13,5.66866573858687e-07,0.9999994331321219,0.0,0.0
2017-10-17,Unknown,2,6.950950232268076e-13,5.415778893783895e-07,0.9999994584215176,0.0,0.0
2017-10-18,Unknown,2,6.807866346801783e-13,5.41761716577359e-07,0.9999994582377998,0.0,0.0
2017-10-19,Unknown,2,6.050067046576186e-13,5.358093152340502e-07,0.9999994641895299,0.0,0.0
2017-10-20,Unknown,2,6.480522387180483e-13,6.049149250881849e-07,0.9999993950843429,0.0,0.0
2017-10-23,Unknown,2,4.4981865993680536e-13,6.853446427110348e-07,0.9999993146541403,0.0,0.0
2017-10-24,Unknown,2,6.133244670960774e-13,8.130320837918925e-07,0.9999991869666368,0.0,0.0
2017-10-25,Unknown,2,5.42693085068391e-13,1.140099410445829e-06,0.9999988598999285,0.0,0.0
2017-10-26,Unknown,2,7.257505870604682e-13,9.300233137791907e-07,0.9999990699766163,0.0,0.0
2017-10-27,Unknown,2,1.367927871720058e-12,2.1725996324591466e-06,0.9999978273995975,0.0,0.0
2017-10-30,Unknown,2,7.537025857826894e-13,8.711035432966419e-07,0.999999128895449,0.0,0.0
2017-10-31,Unknown,2,3.384217308158262e-13,7.980749187565079e-07,0.9999992019241746,0.0,0.0
2017-11-01,Unknown,2,2.835045327727051e-13,7.67673051117379e-07,0.9999992323267397,0.0,0.0
2017-11-02,Unknown,2,2.6253768921384875e-13,7.799338983345468e-07,0.9999992200649417,0.0,0.0
2017-11-03,Unknown,2,4.5292664372613606e-13,7.442516429253575e-07,0.9999992557480296,0.0,0.0
2017-11-06,Unknown,2,2.996794060103484e-13,6.594472148718529e-07,0.999999340552894,0.0,0.0
2017-11-07,Unknown,2,2.2748613546964486e-13,6.937798037925156e-07,0.9999993062194923,0.0,0.0
2017-11-08,Unknown,2,2.489829238185382e-13,6.757953036818516e-07,0.9999993242038282,0.0,0.0
2017-11-09,Unknown,2,2.736031246142876e-13,9.745325501001098e-07,0.999999025467807,0.0,0.0
2017-11-10,Unknown,2,3.4380163984590234e-13,1.0165259229506083e-06,0.9999989834728404,0.0,0.0
2017-11-13,Unknown,2,3.708303328870095e-13,1.077849719948362e-06,0.9999989221493149,0.0,0.0
2017-11-14,Unknown,2,4.0733155189541746e-13,1.3194039261475168e-06,0.9999986805950876,0.0,0.0
2017-11-15,Unknown,2,8.157139383341755e-13,2.939541081549851e-06,0.9999970604574177,0.0,0.0
2017-11-16,Unknown,2,6.977180094786255e-13,1.88475226635331e-06,0.9999981152468107,0.0,0.0
2017-11-17,Unknown,2,4.246097489251662e-13,2.1327121025792e-06,0.9999978672881302,0.0,0.0
2017-11-20,Unknown,2,5.974936662953455e-13,1.9667099321358575e-06,0.999998033288763,0.0,0.0
2017-11-21,Unknown,2,4.91529008675489e-13,2.3229965469871157e-06,0.9999976770022537,0.0,0.0
2017-11-22,Unknown,2,7.522456173340743e-13,2.881748673170252e-06,0.9999971182501808,0.0,0.0
2017-11-24,Unknown,2,6.300048855223726e-13,1.980703698777406e-06,0.9999980192953052,0.0,0.0
2017-11-27,Unknown,2,4.064068510722622e-13,1.8894719607255623e-06,0.9999981105283611,0.0,0.0
2017-11-28,Unknown,2,6.300633539142817e-13,2.5354407371286264e-06,0.9999974645593593,0.0,0.0
2017-11-29,Unknown,2,4.428472815406507e-13,1.4008129564909655e-06,0.9999985991863275,0.0,0.0
2017-11-30,Unknown,2,4.0146725318022e-13,2.690309059207258e-06,0.9999973096910062,0.0,0.0
2017-12-01,Unknown,2,4.947154754709872e-13,1.9030720244109486e-06,0.9999980969278032,0.0,0.0
2017-12-04,Unknown,2,6.229115256666228e-13,3.3137301621950654e-06,0.9999966862688204,0.0,0.0
2017-12-05,Unknown,2,6.551840083899709e-13,2.1592927845813457e-06,0.9999978407072951,0.0,0.0
2017-12-06,Unknown,2,4.745633848750737e-13,2.4771462035818443e-06,0.9999975228541856,0.0,0.0
2017-12-07,Unknown,2,3.6226772422393114e-13,1.974691756437003e-06,0.9999980253070532,0.0,0.0
2017-12-08,Unknown,2,1.824983259970401e-13,1.4130766131696133e-06,0.9999985869227183,0.0,0.0
2017-12-11,Unknown,2,1.259047706709125e-13,1.4834741834140997e-06,0.9999985165261113,0.0,0.0
2017-12-12,Unknown,2,1.9689896657484352e-13,2.194176765772571e-06,0.9999978058227923,0.0,0.0
2017-12-13,Unknown,2,4.0905142035289914e-13,3.022753188342839e-06,0.9999969772461765,0.0,0.0
2017-12-14,Unknown,2,6.592524207087301e-13,4.257889366607221e-06,0.9999957421095741,0.0,0.0
2017-12-15,Unknown,2,6.667725601212854e-13,3.753546953219467e-06,0.9999962464532888,0.0,0.0
2017-12-18,Unknown,2,3.969884646139341e-13,1.806072830320826e-06,0.9999981939270521,0.0,0.0
2017-12-19,Unknown,2,1.9859815156525087e-13,2.371448360764709e-06,0.9999976285517657,0.0,0.0
2017-12-20,Unknown,2,2.6849133415017637e-13,2.5606120005917796e-06,0.9999974393882481,0.0,0.0
2017-12-21,Unknown,2,4.013725768878893e-13,2.600885267990649e-06,0.9999973991141077,0.0,0.0
2017-12-22,Unknown,2,2.3526489758039023e-13,1.8053538205099656e-06,0.9999981946455517,0.0,0.0
2017-12-26,Unknown,2,2.2110954706817343e-13,2.5496460662988867e-06,0.9999974503530883,0.0,0.0
2017-12-27,Unknown,2,2.2961618444143956e-13,2.1321766023028085e-06,0.999997867822912,0.0,0.0
2017-12-28,Unknown,2,2.0259251262401662e-13,1.0527227454452216e-06,0.9999989472768077,0.0,0.0
2017-12-29,Unknown,2,1.2519173350580972e-13,1.7387116987138517e-06,0.9999982612877484,0.0,0.0
2018-01-02,Unknown,2,1.7318658145990462e-13,9.060490512153228e-07,0.9999990939508746,0.0,0.0
2018-01-03,Unknown,2,7.444644450398822e-14,9.647736835787344e-07,0.9999990352266757,0.0,0.0
2018-01-04,Unknown,2,8.418587780434601e-14,1.0980983962879988e-06,0.9999989019021659,0.0,0.0
2018-01-05,Unknown,2,1.564892248279211e-13,1.77470589782595e-06,0.9999982252936492,0.0,0.0
2018-01-08,Unknown,2,4.517559090546805e-13,3.1632855782107446e-06,0.9999968367133089,0.0,0.0
2018-01-09,Unknown,2,4.076456459891919e-13,1.535169282311992e-06,0.9999984648305105,0.0,0.0
2018-01-10,Unknown,2,1.4726374455733922e-13,9.83208540224026e-07,0.999999016791236,0.0,0.0
2018-01-11,Unknown,2,7.418278324826573e-14,8.213327743564018e-07,0.9999991786665949,0.0,0.0
2018-01-12,Unknown,2,6.627596535477975e-14,8.281168175387636e-07,0.999999171883589,0.0,0.0
2018-01-16,Unknown,2,5.2124206068724656e-14,9.942500799884102e-07,0.9999990057499812,0.0,0.0
2018-01-17,Unknown,2,7.631030394866962e-14,1.4688435747442325e-06,0.9999985311562215,0.0,0.0
2018-01-18,Unknown,2,1.8259050260620614e-13,1.669031997415568e-06,0.9999983309676568,0.0,0.0
2018-01-19,Unknown,2,1.6577597130758214e-13,8.937803532134988e-07,0.9999991062199471,0.0,0.0
2018-01-22,Unknown,2,8.66154576089069e-14,9.54379769164202e-07,0.9999990456203711,0.0,0.0
2018-01-23,Unknown,2,1.3350218602230016e-13,1.64216781286713e-06,0.9999983578322668,0.0,0.0
2018-01-24,Unknown,2,1.6098600552359052e-13,1.3149172981494297e-06,0.9999986850825285,0.0,0.0
2018-01-25,Unknown,2,1.7496525429730052e-13,2.253464251644798e-06,0.9999977465347836,0.0,0.0
2018-01-26,Unknown,2,2.2709209468669477e-13,2.5776998492780747e-06,0.9999974223007055,0.0,0.0
2018-01-29,Unknown,2,1.8302309841486695e-13,4.978234713606906e-06,0.999995021765812,0.0,0.0
2018-01-30,Unknown,2,1.249612453456817e-12,9.195284399792106e-05,0.9999080471540306,0.0,0.0
2018-01-31,Unknown,2,6.726911732731151e-12,0.0009522247812349381,0.9990477752124972,0.0,0.0
2018-02-01,Unknown,2,2.907477158046027e-11,0.02315424285153409,0.9768457571185174,0.0,0.0
2018-02-02,Sideways,1,9.072756314809083e-10,0.9972150059030505,0.002784993188835582,0.0,0.0
2018-02-05,Sideways,1,9.667608237551209e-06,0.9999903323909002,1.8625514564793264e-18,0.0,0.0
2018-02-06,Sideways,1,8.323145634985474e-07,0.999999167685365,4.3880929847784845e-13,0.0,0.0
2018-02-07,Sideways,1,0.00016224716439700444,0.9998377528349156,0.0,0.0,0.0
2018-02-08,Bear,3,0.0,0.0,0.0,1.0,3.7296373664511216e-13
2018-02-09,Bear,3,0.0,0.0,0.0,0.9999999999854481,1.439842256126511e-11
2018-02-12,Bear,3,0.0,0.0,0.0,0.999999999998181,1.5110456339496974e-12
2018-02-13,Bear,3,0.0,0.0,0.0,0.999999999998181,2.213174546393069e-12
2018-02-14,Bear,3,0.0,0.0,0.0,1.0,5.641553206917245e-13
2018-02-15,Bear,3,0.0,0.0,0.0,1.0,1.6948149807563234e-13
2018-02-16,Bear,3,0.0,0.0,0.0,1.0,8.734192098972364e-14
2018-02-20,Bear,3,0.0,0.0,0.0,1.0,1.2429414062915967e-13
2018-02-21,Bear,3,0.0,0.0,0.0,1.0,2.699152161445178e-13
2018-02-22,Bear,3,0.0,0.0,0.0,1.0,2.2009199084108328e-13
2018-02-23,Bear,3,0.0,0.0,0.0,1.0,2.6225637756213047e-14
2018-02-26,Bear,3,0.0,0.0,0.0,1.0,4.327077560442878e-15
2018-02-27,Bear,3,0.0,0.0,0.0,1.0,2.9697735063110387e-14
2018-02-28,Bear,3,0.0,0.0,0.0,1.0,1.7658160998475776e-13
2018-03-01,Bear,3,0.0,0.0,0.0,0.999999999998181,1.7440030865075309e-12
2018-03-02,Bear,3,0.0,0.0,0.0,1.0,7.755453675084361e-13
2018-03-05,Bear,3,0.0,0.0,0.0,1.0,2.071382482643674e-13
2018-03-06,Bear,3,0.0,0.0,0.0,1.0,1.0563927126677537e-90
2018-03-07,Sideways,1,0.0003863644676895805,0.9996136355324042,0.0,0.0,0.0
2018-03-08,Sideways,1,1.7243498377018477e-06,0.9999982756504638,6.732611294283978e-14,0.0,0.0
2018-03-09,Sideways,1,3.44838218913841e-08,0.9999999655155994,1.0924490743034981e-15,0.0,0.0
2018-03-12,Sideways,1,1.0466201228075483e-06,0.9999989533776917,1.743773900745628e-12,0.0,0.0
2018-03-13,Sideways,1,2.0795321286038463e-07,0.9999997872346511,4.8124196168847185e-09,0.0,0.0
2018-03-14,Sideways,1,1.1183878345722076e-07,0.9999997649647688,1.2319620778201652e-07,0.0,0.0
2018-03-15,Sideways,1,8.007466458290389e-08,0.9999995946000948,3.253260309346603e-07,0.0,0.0
2018-03-16,Sideways,1,1.6725048653733244e-08,0.9999927904724017,7.192802314461315e-06,0.0,0.0
2018-03-19,Sideways,1,5.7583782707402337e-08,0.9999991237950072,8.186214564551219e-07,0.0,0.0
2018-03-20,Sideways,1,4.0656018942457776e-08,0.9999974869492434,2.4723950974349435e-06,0.0,0.0
2018-03-21,Sideways,1,5.930856722831686e-08,0.9999972816568173,2.6590343409490923e-06,0.0,0.0
2018-03-22,Sideways,1,3.4409695481768264e-06,0.9999965589527251,7.713961281020471e-11,0.0,0.0
2018-03-23,Sideways,1,2.1400612604330106e-05,0.9999785993875632,4.005089983253626e-15,0.0,0.0
2018-03-26,Sideways,1,5.882914905146265e-07,0.9999994117080772,3.4599987893091077e-13,0.0,0.0
2018-03-27,Sideways,1,2.2595194628884073e-06,0.9999977404812005,4.299695508270319e-15,0.0,0.0
2018-03-28,Sideways,1,2.6189946155322445e-06,0.9999973810061155,1.869029620817454e-15,0.0,0.0
2018-03-29,Sideways,1,1.2510878561844762e-05,0.9999874891218948,1.4396437117012783e-15,0.0,0.0
2018-04-02,Sideways,1,0.00029437105436048576,0.9997056289449266,2.0913323045428124e-17,0.0,0.0
2018-04-03,Sideways,1,0.0001728997528529518,0.9998271002463966,2.4198457738900923e-19,0.0,0.0
2018-04-04,Sideways,1,0.00018913975634816214,0.9998108602443251,3.233473018113749e-19,0.0,0.0
2018-04-05,Sideways,1,0.0013442380767100246,0.9986557619237858,0.0,0.0,0.0
2018-04-06,Bear,3,0.0,0.0,0.0,0.9999999997380655,2.622481888872468e-10
2018-04-09,Bear,3,0.0,0.0,0.0,1.0,8.408432760539464e-83
2018-04-10,Sideways,1,0.2537370574494287,0.7462629425506162,0.0,0.0,0.0
2018-04-11,Sideways,1,0.25727886788559334,0.7427211321148707,0.0,0.0,0.0
2018-04-12,Bear,3,0.0,0.0,0.0,0.9999999723731893,2.7627528363723967e-08
2018-04-13,Bear,3,0.0,0.0,0.0,0.9999999843439583,1.565632763245328e-08
2018-04-16,Bear,3,0.0,0.0,0.0,0.9999999911888153,8.811370590540143e-09
2018-04-17,Bear,3,0.0,0.0,0.0,0.9999999969422788,3.0569204164174093e-09
2018-04-18,Bear,3,0.0,0.0,0.0,0.9999999961783033,3.820890973719328e-09
2018-04-19,Bear,3,0.0,0.0,0.0,0.999999994683094,5.317581919842538e-09
2018-04-20,Bear,3,0.0,0.0,0.0,1.0,8.970539264205541e-84
2018-04-23,Sideways,1,0.03475279339438793,0.965247206604917,0.0,0.0,0.0
2018-04-24,Sideways,1,0.027868615173862493,0.9721313848264423,4.365524251473089e-14,0.0,0.0
2018-04-25,Sideways,1,0.0037046385999862643,0.9962953606020736,7.986009784931686e-10,0.0,0.0
2018-04-26,Sideways,1,0.0004857252973123251,0.999514274582411,1.2048263168943587e-10,0.0,0.0
2018-04-27,Sideways,1,7.321695043721743e-05,0.9999267828436572,2.0659107845701726e-10,0.0,0.0
2018-04-30,Sideways,1,1.123542490111701e-05,0.9999887602202331,4.355270617066446e-09,0.0,0.0
2018-05-01,Sideways,1,9.002131835212578e-06,0.9999909951516915,2.716633640123056e-09,0.0,0.0
2018-05-02,Sideways,1,3.6911353111368687e-06,0.9999962474118925,6.145287932245571e-08,0.0,0.0
2018-05-03,Sideways,1,1.2710593148631452e-06,0.9999982121296465,5.168114252726423e-07,0.0,0.0
2018-05-04,Sideways,1,5.966666766794839e-07,0.9999991062836117,2.9704942118845757e-07,0.0,0.0
2018-05-07,Sideways,1,1.1883282265254635e-06,0.9999980133817823,7.982894699551622e-07,0.0,0.0
2018-05-08,Sideways,1,8.942141675210053e-07,0.999993810569377,5.295217283687099e-06,0.0,0.0
2018-05-09,Sideways,1,5.929207097774272e-07,0.999976656502965,2.275057593941821e-05,0.0,0.0
2018-05-10,Sideways,1,1.9051794764676779e-06,0.9999548031565155,4.32916648445794e-05,0.0,0.0
2018-05-11,Sideways,1,5.423573020696175e-06,0.985118257017682,0.014876319409136808,0.0,0.0
2018-05-14,Sideways,1,1.5653366993762895e-05,0.9199559194006561,0.08002842723241405,0.0,0.0
2018-05-15,Sideways,1,0.00010035522508625502,0.7844131428498506,0.215486501925504,0.0,0.0
2018-05-16,Unknown,2,3.1581541138120467e-05,0.15082500173556032,0.8491434167235279,0.0,0.0
2018-05-17,Unknown,2,2.846844581467726e-06,0.010208868952789463,0.98978828420286,0.0,0.0
2018-05-18,Unknown,2,1.671018310330692e-07,0.0006654139161836251,0.9993344189814659,0.0,0.0
2018-05-21,Unknown,2,5.194143000487664e-09,4.8973687109480214e-05,0.9999510211190402,0.0,0.0
2018-05-22,Unknown,2,5.295377012281475e-10,4.257634100282275e-05,0.9999574231302358,0.0,0.0
2018-05-23,Unknown,2,4.5471550397409446e-10,3.276727120341399e-05,0.9999672322740469,0.0,0.0
2018-05-24,Unknown,2,2.512966422083444e-10,2.308762591250671e-05,0.9999769121232492,0.0,0.0
2018-05-25,Unknown,2,8.35459022306549e-11,9.383743084430634e-06,0.9999906161741907,0.0,0.0
2018-05-29,Unknown,2,2.779884711331166e-10,0.00012329817729450222,0.9998767015443762,0.0,0.0
2018-05-30,Unknown,2,4.339355465171884e-09,0.0006286678899928886,0.9993713277712438,0.0,0.0
2018-05-31,Unknown,2,2.8083905077705477e-08,0.0030160527956299608,0.9969839191200871,0.0,0.0
2018-06-01,Unknown,2,5.643164810129335e-07,0.011810083246115259,0.9881893524367131,0.0,0.0
2018-06-04,Unknown,2,4.3696367216900195e-06,0.012207015394585156,0.9877886149685616,0.0,0.0
2018-06-05,Unknown,2,4.6032848214149674e-07,0.0017443681310903027,0.9982551715406841,0.0,0.0
2018-06-06,Unknown,2,1.1178192840037415e-07,0.0002825684035519282,0.9997173198136955,0.0,0.0
2018-06-07,Unknown,2,9.521303072432914e-09,9.124105362819675e-05,0.9999087494251511,0.0,0.0
2018-06-08,Unknown,2,6.077893278094964e-10,8.95580178913752e-06,0.9999910435909444,0.0,0.0
2018-06-11,Unknown,2,3.719219504369329e-11,2.624175505828e-06,0.9999973757874485,0.0,0.0
2018-06-12,Unknown,2,1.2540037675470431e-11,3.047175499202253e-06,0.999996952811766,0.0,0.0
2018-06-13,Unknown,2,1.2347867551708438e-11,2.567026345928275e-06,0.999997432961775,0.0,0.0
2018-06-14,Unknown,2,5.427010401410468e-12,2.0882073366679318e-06,0.9999979117877932,0.0,0.0
2018-06-15,Unknown,2,5.2814882807778895e-12,2.099767284881305e-06,0.9999979002281397,0.0,0.0
2018-06-18,Unknown,2,6.005524146066982e-12,3.2626287465256252e-06,0.9999967373658838,0.0,0.0
2018-06-19,Unknown,2,1.3855179206341055e-11,7.144019338807055e-06,0.9999928559664641,0.0,0.0
2018-06-20,Unknown,2,1.8418085864486893e-11,3.6048229352057706e-06,0.9999963951587634,0.0,0.0
2018-06-21,Unknown,2,2.152502209749551e-11,1.2105881431796732e-05,0.999987894096711,0.0,0.0
2018-06-22,Unknown,2,4.8188864124008676e-11,1.2481948345212299e-05,0.9999875180034477,0.0,0.0
2018-06-25,Unknown,2,5.898064202573952e-10,0.00035463674313362205,0.9996453626661983,0.0,0.0
2018-06-26,Unknown,2,5.7297214274502885e-09,0.0005935671752254873,0.9994064270954227,0.0,0.0
2018-06-27,Unknown,2,4.4563167621482946e-08,0.0026114122541459933,0.9973885431822302,0.0,0.0
2018-06-28,Unknown,2,5.8371771123538106e-08,0.001074214328588901,0.9989257273000043,0.0,0.0
2018-06-29,Unknown,2,1.2591649232975502e-07,0.0016513274949799203,0.9983485465881303,0.0,0.0
2018-07-02,Unknown,2,1.467161711343622e-08,0.0001401194113244354,0.999859865917526,0.0,0.0
2018-07-03,Unknown,2,1.321821905063744e-09,5.567436951058773e-05,0.9999443243088415,0.0,0.0
2018-07-05,Unknown,2,1.2232173583247904e-09,0.00021856805170137746,0.9997814307253543,0.0,0.0
2018-07-06,Unknown,2,1.1078884759021046e-08,0.00043965882421985106,0.999560330096074,0.0,0.0
2018-07-09,Unknown,2,4.332077266205571e-08,0.0008589219901487142,0.9991410346883951,0.0,0.0
2018-07-10,Unknown,2,4.83717032026646e-08,0.00048396044461501204,0.9995159911830902,0.0,0.0
2018-07-11,Unknown,2,4.2930669552328314e-08,0.0005686968524514792,0.9994312602177022,0.0,0.0
2018-07-12,Unknown,2,2.016106175802632e-08,0.00020136265174269553,0.9997986171878084,0.0,0.0
2018-07-13,Unknown,2,1.3944896456633345e-09,2.807257740797951e-05,0.9999719260279535,0.0,0.0
2018-07-16,Unknown,2,1.1021939836199906e-10,1.0133409015433498e-05,0.9999898664813862,0.0,0.0
2018-07-17,Unknown,2,2.7844876949961927e-11,7.672058776435244e-06,0.9999923279141142,0.0,0.0
2018-07-18,Unknown,2,5.1877015541541306e-11,2.4352452078475166e-05,0.9999756474954073,0.0,0.0
2018-07-19,Unknown,2,7.577113172679931e-11,1.2948044181072179e-05,0.9999870518806069,0.0,0.0
2018-07-20,Unknown,2,5.857483088969903e-11,1.758946636544368e-05,0.9999824104744145,0.0,0.0
2018-07-23,Unknown,2,4.39270622868454e-11,1.3082973394156756e-05,0.9999869169824706,0.0,0.0
2018-07-24,Unknown,2,2.0537834766652373e-11,7.841823040239132e-06,0.999992158156426,0.0,0.0
2018-07-25,Unknown,2,3.7236048761103614e-11,1.5334169661988955e-05,0.9999846657931537,0.0,0.0
2018-07-26,Unknown,2,4.1967002563841047e-11,1.2572037834729808e-05,0.9999874279209449,0.0,0.0
2018-07-27,Unknown,2,1.6542226993611422e-10,5.997123705471932e-05,0.9999400285972241,0.0,0.0
2018-07-30,Unknown,2,6.445139794809621e-10,5.7593759421781674e-05,0.999942405596515,0.0,0.0
2018-07-31,Unknown,2,2.1816429499092294e-10,2.4707392048758745e-05,0.9999752923900931,0.0,0.0
2018-08-01,Unknown,2,2.3741520003168e-10,5.7411916300543894e-05,0.9999425878469537,0.0,0.0
2018-08-02,Unknown,2,8.430627978035323e-10,8.00362783039619e-05,0.9999199628781672,0.0,0.0
2018-08-03,Unknown,2,1.5837805939565163e-10,1.1554662454170602e-05,0.999988445178497,0.0,0.0
2018-08-06,Unknown,2,1.668531262126896e-11,6.3327464458049746e-06,0.9999936672375475,0.0,0.0
2018-08-07,Unknown,2,5.303379018852467e-12,2.1660957160790096e-06,0.9999978338988326,0.0,0.0
2018-08-08,Unknown,2,4.3925017865220834e-12,4.638126980064422e-06,0.9999953618679015,0.0,0.0
2018-08-09,Unknown,2,4.090380560347569e-12,2.336956658017845e-06,0.9999976630397236,0.0,0.0
2018-08-10,Unknown,2,5.072376714269844e-12,4.082174851157136e-06,0.9999959178195797,0.0,0.0
2018-08-13,Unknown,2,9.420706781281117e-12,5.330225874892805e-06,0.9999946697640729,0.0,0.0
2018-08-14,Unknown,2,4.401237705920536e-12,2.503822300176867e-06,0.9999974961733156,0.0,0.0
2018-08-15,Unknown,2,5.6609824025006814e-12,7.626786001756326e-06,0.9999923732084228,0.0,0.0
2018-08-16,Unknown,2,7.517117331699983e-12,3.942713310460791e-06,0.9999960572791188,0.0,0.0
2018-08-17,Unknown,2,2.435874847348034e-12,3.38919954592779e-06,0.9999966107973841,0.0,0.0
2018-08-20,Unknown,2,2.5878718054929488e-12,4.559146142809769e-06,0.9999954408516961,0.0,0.0
2018-08-21,Unknown,2,2.9649461178232497e-12,3.2301045040575225e-06,0.9999967698929467,0.0,0.0
2018-08-22,Unknown,2,4.513226593575158e-12,5.937819955018781e-06,0.9999940621759226,0.0,0.0
2018-08-23,Unknown,2,6.590459708235026e-12,2.2784044877877105e-06,0.9999977215892194,0.0,0.0
2018-08-24,Unknown,2,1.665222575716397e-12,1.721233774660405e-06,0.9999982787645684,0.0,0.0
2018-08-27,Unknown,2,2.1111382709040605e-12,2.8637726507721803e-06,0.9999971362253824,0.0,0.0
2018-08-28,Unknown,2,2.570709274988185e-12,2.2449524429636645e-06,0.9999977550458158,0.0,0.0
2018-08-29,Unknown,2,1.9693985646995347e-12,1.7888234591420523e-06,0.9999982111746787,0.0,0.0
2018-08-30,Unknown,2,1.1881651744590477e-12,2.104805277147001e-06,0.9999978951931876,0.0,0.0
2018-08-31,Unknown,2,9.459960747745583e-13,1.1121432904781008e-06,0.9999988878559452,0.0,0.0
2018-09-04,Unknown,2,5.810318870430679e-13,1.030796358084755e-06,0.9999989692028831,0.0,0.0
2018-09-05,Unknown,2,7.634689394195912e-13,1.5441463759787906e-06,0.9999984558519925,0.0,0.0
2018-09-06,Unknown,2,2.742090949249488e-12,3.4438549084000906e-06,0.9999965561423962,0.0,0.0
2018-09-07,Unknown,2,4.011759618226516e-12,3.569493029232831e-06,0.9999964305034197,0.0,0.0
2018-09-10,Unknown,2,2.4253521333597635e-12,2.9114618735938252e-06,0.9999970885352559,0.0,0.0
2018-09-11,Unknown,2,1.348568097815877e-12,2.6125333703374724e-06,0.99999738746533,0.0,0.0
2018-09-12,Unknown,2,1.1070311821230803e-12,2.8905920489174183e-06,0.9999971094062798,0.0,0.0
2018-09-13,Unknown,2,9.133558828606032e-13,1.9387871451810328e-06,0.9999980612120148,0.0,0.0
2018-09-14,Unknown,2,1.0333981918377715e-12,2.7418602629700687e-06,0.9999972581391675,0.0,0.0
2018-09-17,Unknown,2,1.1444370978927661e-12,1.990815416634373e-06,0.9999980091835631,0.0,0.0
2018-09-18,Unknown,2,5.465245275083163e-13,1.3575143951068504e-06,0.9999986424854915,0.0,0.0
2018-09-19,Unknown,2,3.7077820949642716e-13,1.3054023810760908e-06,0.9999986945976496,0.0,0.0
2018-09-20,Unknown,2,4.600344692279025e-13,1.7234687962531445e-06,0.9999982765308532,0.0,0.0
2018-09-21,Unknown,2,3.9787378382697357e-13,1.338783493174719e-06,0.9999986612156002,0.0,0.0
2018-09-24,Unknown,2,5.058858917943329e-13,2.6294135443424183e-06,0.9999973705851525,0.0,0.0
2018-09-25,Unknown,2,7.809605709612042e-13,1.6310787197230647e-06,0.999998368920808,0.0,0.0
2018-09-26,Unknown,2,1.2820840786093881e-12,2.3381246561958567e-06,0.999997661873754,0.0,0.0
2018-09-27,Unknown,2,1.1491223571681689e-12,1.640413417452436e-06,0.9999983595857697,0.0,0.0
2018-09-28,Unknown,2,1.1839963106550125e-12,1.6286158267750042e-06,0.9999983713837156,0.0,0.0
2018-10-01,Unknown,2,5.381793696585999e-13,1.0618011400535715e-06,0.9999989381982411,0.0,0.0
2018-10-02,Unknown,2,3.5046450407446973e-13,1.1805242568959653e-06,0.9999988194747549,0.0,0.0
2018-10-03,Unknown,2,3.957064234108657e-13,1.3673584122476571e-06,0.9999986326411343,0.0,0.0
2018-10-04,Unknown,2,6.249701114276821e-13,3.1852756850030138e-06,0.9999968147236158,0.0,0.0
2018-10-05,Unknown,2,2.138890348545627e-12,8.7661643650945e-06,0.9999912338337222,0.0,0.0
2018-10-08,Unknown,2,6.783724943472653e-12,0.0002718131734812701,0.9997281868205784,0.0,0.0
2018-10-09,Unknown,2,1.7188180693865998e-10,0.019147389029428415,0.9808526107986241,0.0,0.0
2018-10-10,Sideways,1,3.011735804461122e-08,0.9999488417969123,5.112808630241518e-05,0.0,0.0
2018-10-11,Sideways,1,8.00237355051131e-06,0.9999919976227879,3.662228252147185e-12,0.0,0.0
2018-10-12,Sideways,1,1.1892735986366653e-06,0.9999988106708566,5.5124971216658274e-11,0.0,0.0
2018-10-15,Sideways,1,1.4415366403080663e-06,0.9999985584628507,4.1960649221213963e-13,0.0,0.0
2018-10-16,Sideways,1,2.0860825986181786e-06,0.9999979139178253,3.75185865638343e-18,0.0,0.0
2018-10-17,Sideways,1,8.626922966364717e-07,0.9999991373082677,2.481473940808702e-13,0.0,0.0
2018-10-18,Sideways,1,3.761289540900589e-05,0.9999623871042563,5.306515566358163e-15,0.0,0.0
2018-10-19,Sideways,1,0.0002858932348659321,0.9997141067641003,1.8450384154366035e-13,0.0,0.0
2018-10-22,Sideways,1,0.00542374631891308,0.9945762536816021,5.697222944862225e-14,0.0,0.0
2018-10-23,Sideways,1,0.0699465778561611,0.9300534221432618,5.612485436926437e-15,0.0,0.0
2018-10-24,Bull,0,0.8246413762170128,0.1753586237832472,1.3819521028140436e-20,0.0,0.0
2018-10-25,Bull,0,0.9183186726514523,0.0816813273488193,1.0282245633249701e-22,0.0,0.0
2018-10-26,Bull,0,0.9866201987498158,0.013379801250822849,1.6618530132898152e-24,0.0,0.0
2018-10-29,Bull,0,0.9921200051203738,0.007879994880059802,0.0,0.0,0.0
2018-10-30,Bear,3,0.0,0.0,0.0,0.9999790767985138,2.0923201865537042e-05
2018-10-31,Bear,3,0.0,0.0,0.0,0.9999993621497412,6.378496105144153e-07
2018-11-01,Bear,3,0.0,0.0,0.0,0.9999996443348842,3.5566546759980666e-07
2018-11-02,Bear,3,0.0,0.0,0.0,0.9999996255101697,3.744893517211359e-07
2018-11-05,Bear,3,0.0,0.0,0.0,0.9999996808365322,3.1916397271351966e-07
2018-11-06,Bear,3,0.0,0.0,0.0,0.9999998044750291,1.955246897599144e-07
2018-11-07,Bear,3,0.0,0.0,0.0,0.9999999520787253,4.792177568875241e-08
2018-11-08,Bear,3,0.0,0.0,0.0,1.0,2.997998519229528e-81
2018-11-09,Bull,0,0.9999220757294063,7.792427046115648e-05,0.0,0.0,0.0
2018-11-12,Bull,0,0.9999979642036837,2.035795932766175e-06,8.747615672007955e-23,0.0,0.0
2018-11-13,Bull,0,0.999999194764638,8.052348915569524e-07,7.4119031178751e-21,0.0,0.0
2018-11-14,Bull,0,0.9999931198272168,6.88017307956075e-06,4.5868267634772e-18,0.0,0.0
2018-11-15,Bull,0,0.9999825765379639,1.742346140752035e-05,8.731517096454455e-18,0.0,0.0
2018-11-16,Bull,0,0.999982554908738,1.744509100787723e-05,2.726119033910576e-18,0.0,0.0
2018-11-19,Bull,0,0.9999990203764606,9.796242503040437e-07,5.513347321903821e-23,0.0,0.0
2018-11-20,Bull,0,0.9999999735173336,2.6482676026623912e-08,3.207495510793573e-26,0.0,0.0
2018-11-21,Bull,0,0.9999999177798633,8.222066166489121e-08,1.7798181817707444e-25,0.0,0.0
2018-11-23,Bull,0,0.9999999548344941,4.5165049061846356e-08,1.872959380208072e-24,0.0,0.0
2018-11-26,Bull,0,0.9999989384165197,1.0615837564261258e-06,2.727461119346667e-23,0.0,0.0
2018-11-27,Bull,0,0.9999995757644674,4.242351199541595e-07,1.371263726064544e-23,0.0,0.0
2018-11-28,Bull,0,0.9999998708481227,1.2915203683962135e-07,1.3414951687548982e-28,0.0,0.0
2018-11-29,Bull,0,0.9999972437273541,2.7562718582541907e-06,1.07140452156479e-21,0.0,0.0
2018-11-30,Bull,0,0.9999894137014157,1.0586298580201269e-05,1.9018441782858168e-21,0.0,0.0
2018-12-03,Bull,0,0.9999739794331887,2.6020566079927597e-05,1.22406756391392e-20,0.0,0.0
2018-12-04,Bull,0,0.9999997953327903,2.046672137973526e-07,1.2309404701741624e-23,0.0,0.0
2018-12-06,Bull,0,0.9999937338667095,6.2661339605029745e-06,0.0,0.0,0.0
2018-12-07,Bear,3,0.0,0.0,0.0,1.0,4.1330133503444322e-78
2018-12-10,Bull,0,0.9999975522162403,2.4477838989114506e-06,0.0,0.0,0.0
2018-12-11,Bull,0,0.9999999774408936,2.2559678013326705e-08,9.198966332569866e-27,0.0,0.0
2018-12-12,Bull,0,0.9999996907100036,3.092906200373792e-07,2.9678097970797907e-22,0.0,0.0
2018-12-13,Bull,0,0.9999994689607365,5.310395873426165e-07,4.035161940173005e-21,0.0,0.0
2018-12-14,Bull,0,0.9999983165812937,1.6834187441528042e-06,0.0,0.0,0.0
2018-12-17,Bear,3,0.0,0.0,0.0,1.0,3.9887653176194258e-78
2018-12-18,Bull,0,0.999969606822419,3.039317756091874e-05,0.0,0.0,0.0
2018-12-19,Bear,3,0.0,0.0,0.0,0.9996780394623292,0.00032196053773253037
2018-12-20,Bear,3,0.0,0.0,0.0,0.9999187104485631,8.1289551561764e-05
2018-12-21,Bear,3,0.0,0.0,0.0,0.9999797080876046,2.029191236659859e-05
2018-12-24,Bear,3,0.0,0.0,0.0,0.9999964199169392,3.5800823632045656e-06
2018-12-26,Bear,3,0.0,0.0,0.0,0.9999804655797434,1.9534419885704063e-05
2018-12-27,Bear,3,0.0,0.0,0.0,0.999996327467138,3.6725335254658664e-06
2018-12-28,Bear,3,0.0,0.0,0.0,0.9999991604257844,8.395734710639472e-07
2018-12-31,Bear,3,0.0,0.0,0.0,0.9999995179879331,4.820116770822516e-07
2019-01-02,Bear,3,0.0,0.0,0.0,0.9999993568583044,6.431421641612926e-07
2019-01-03,Bear,3,0.0,0.0,0.0,0.9999994782102928,5.217888735449543e-07
2019-01-04,Bear,3,0.0,0.0,0.0,0.9999967718610869,3.228138370742449e-06
2019-01-07,Bear,3,0.0,0.0,0.0,0.9999989362391917,1.0637606625672892e-06
2019-01-08,Bear,3,0.0,0.0,0.0,0.9999985645782842,1.4354223157088283e-06
2019-01-09,Bear,3,0.0,0.0,0.0,0.9999986978663693,1.3021339796711829e-06
2019-01-10,Bear,3,0.0,0.0,0.0,0.9999975477997448,2.452199683313945e-06
2019-01-11,Bear,3,0.0,0.0,0.0,0.9999981703893721,1.8296114214208691e-06
2019-01-14,Bear,3,0.0,0.0,0.0,0.9999976463287071,2.3536707400620326e-06
2019-01-15,Bear,3,0.0,0.0,0.0,0.9999976210848319,2.3789150753876217e-06
2019-01-16,Bear,3,0.0,0.0,0.0,0.9999969304419027,3.069557465189316e-06
2019-01-17,Bear,3,0.0,0.0,0.0,0.9999946407404331,5.359259614907752e-06
2019-01-18,Bear,3,0.0,0.0,0.0,0.9999924801059825,7.51989402879459e-06
2019-01-22,Bear,3,0.0,0.0,0.0,0.9999668609305027,3.313906953366312e-05
2019-01-23,Bear,3,0.0,0.0,0.0,0.9999250636385887,7.493636104954917e-05
2019-01-24,Bear,3,0.0,0.0,0.0,0.9998165236784209,0.0001834763215748827
2019-01-25,Bear,3,0.0,0.0,0.0,1.0,1.0996560845492334e-76
2019-01-28,Bull,0,0.9999999558531282,4.4146659541743346e-08,0.0,0.0,0.0
2019-01-29,Bull,0,0.9999999974825187,2.518163363455039e-09,1.8284732272502552e-22,0.0,0.0
2019-01-30,Bull,0,0.9999999989395292,1.0611572305664485e-09,4.5608615481061683e-23,0.0,0.0
2019-01-31,Bull,0,0.9999999987594492,1.2396469949084734e-09,3.1660497401321757e-22,0.0,0.0
2019-02-01,Bull,0,0.9999999992796802,7.210725508096591e-10,1.5059394317970152e-21,0.0,0.0
2019-02-04,Bull,0,0.9999999992342055,7.663182971787131e-10,1.6943947950703597e-22,0.0,0.0
2019-02-05,Bull,0,0.9999999815736376,1.8426957721679783e-08,1.6863506287899205e-15,0.0,0.0
2019-02-06,Bull,0,0.9999999890860637,1.0914324849763322e-08,1.6188212118643492e-13,0.0,0.0
2019-02-07,Bull,0,0.9999999914034561,8.596897645213826e-09,1.274698014618197e-13,0.0,0.0
2019-02-08,Bull,0,0.9999999921183189,7.881600416738447e-09,3.079586156896188e-13,0.0,0.0
2019-02-11,Bull,0,0.9999999955907697,4.409244014801078e-09,1.5846237611986254e-13,0.0,0.0
2019-02-12,Bull,0,0.9999999993033271,6.967603608368316e-10,8.17215793522336e-14,0.0,0.0
2019-02-13,Bull,0,0.9999999991796358,8.195357172238144e-10,1.1205986266054777e-13,0.0,0.0
2019-02-14,Bull,0,0.9999999980700522,1.9289112167697466e-09,2.2474686732981105e-13,0.0,0.0
2019-02-15,Bull,0,0.9999999996362021,3.6328142853977e-10,3.360980707629384e-14,0.0,0.0
2019-02-19,Bull,0,0.9999999997726263,2.268184883583955e-10,3.187335115159833e-15,0.0,0.0
2019-02-20,Bull,0,0.9999999999836291,1.5476267253861634e-11,3.9455562855516516e-14,0.0,0.0
2019-02-21,Bull,0,0.9999999998781277,1.2207751028399716e-10,1.548033833942793e-13,0.0,0.0
2019-02-22,Bull,0,0.9999999999035936,9.719749562553391e-11,3.709185917391283e-14,0.0,0.0
2019-02-25,Bull,0,0.9999999999690772,3.009416781902458e-11,5.368811774907753e-15,0.0,0.0
2019-02-26,Bull,0,0.9999999999763531,2.3791564025347435e-11,3.154543300602814e-14,0.0,0.0
2019-02-27,Bull,0,0.9999999999399733,5.952043798343513e-11,9.888489105396287e-14,0.0,0.0
2019-02-28,Bull,0,0.9999999997016857,2.9877286013515244e-10,3.806701772493585e-13,0.0,0.0
2019-03-01,Bull,0,0.9999999999581632,2.5157556256097184e-11,1.5805291357810203e-11,0.0,0.0
2019-03-04,Bull,0,0.9999999978754204,4.4169732325600695e-11,2.0809058220297854e-09,0.0,0.0
2019-03-05,Bull,0,0.9999999202846116,1.7736333614012906e-10,7.953805033157861e-08,0.0,0.0
2019-03-06,Bull,0,0.9999989643407295,6.037754186981078e-10,1.0350553272700361e-06,0.0,0.0
2019-03-07,Bull,0,0.9999924750237644,3.566919970592546e-09,7.5214096912012154e-06,0.0,0.0
2019-03-08,Bull,0,0.9999432121539507,1.2577762119602771e-08,5.677526820880802e-05,0.0,0.0
2019-03-11,Bull,0,0.999098101899592,2.0149731957544045e-07,0.0009016966028116663,0.0,0.0
2019-03-12,Bull,0,0.975341741927227,3.925916034391399e-06,0.024654332155857328,0.0,0.0
2019-03-13,Bull,0,0.7212529553072231,2.5398277381665203e-05,0.2787216464148299,0.0,0.0
2019-03-14,Unknown,2,0.14147201020155456,1.0597109831908539e-05,0.8585173926878755,0.0,0.0
2019-03-15,Unknown,2,0.04507456753368539,9.219760988977917e-06,0.9549162127046035,0.0,0.0
2019-03-18,Unknown,2,0.003574172786206163,1.0526762755560766e-06,0.996424774536724,0.0,0.0
2019-03-19,Unknown,2,0.00021626300841908486,3.053363967102521e-07,0.9997834316548387,0.0,0.0
2019-03-20,Unknown,2,1.1598303562706474e-05,3.231993286374021e-07,0.9999880784963654,0.0,0.0
2019-03-21,Unknown,2,2.030382750742646e-06,4.844499071322504e-07,0.9999974851666383,0.0,0.0
2019-03-22,Unknown,2,1.3626041980127767e-06,3.813554867927877e-05,0.9999605018471801,0.0,0.0
2019-03-25,Unknown,2,7.706074757986141e-07,2.8901979264527398e-05,0.999970327413438,0.0,0.0
2019-03-26,Unknown,2,2.0722867477665014e-07,1.1120298208589086e-05,0.9999886724731744,0.0,0.0
2019-03-27,Unknown,2,7.882183156315319e-08,3.4779882219638265e-05,0.9999651412963794,0.0,0.0
2019-03-28,Unknown,2,9.227791797810546e-08,7.63919887261023e-05,0.9999235157339619,0.0,0.0
2019-03-29,Unknown,2,2.7069308426933277e-08,5.370894715409124e-05,0.9999462639839379,0.0,0.0
2019-04-01,Unknown,2,4.753184425474621e-08,0.00016428318627964667,0.9998356692827238,0.0,0.0
2019-04-02,Unknown,2,4.278033253642646e-08,6.720366593848146e-05,0.9999327535535064,0.0,0.0
2019-04-03,Unknown,2,3.833350661510546e-08,0.00025555582562042736,0.9997444058415332,0.0,0.0
2019-04-04,Unknown,2,5.6300514739278895e-08,0.0001960702894891873,0.9998038734097229,0.0,0.0
2019-04-05,Unknown,2,3.091088012993851e-08,0.00012845400895223827,0.9998715150798966,0.0,0.0
2019-04-08,Unknown,2,1.52758477315225e-08,7.278948062695181e-05,0.9999271952439267,0.0,0.0
2019-04-09,Unknown,2,1.853589234499211e-09,1.4958901229058527e-05,0.9999850392460301,0.0,0.0
2019-04-10,Unknown,2,2.4080233036727013e-10,1.0200636283888864e-05,0.9999897991230744,0.0,0.0
2019-04-11,Unknown,2,1.6011825362719063e-10,8.907875838788579e-06,0.9999910919647165,0.0,0.0
2019-04-12,Unknown,2,7.059195065445346e-11,4.829573349603582e-06,0.9999951703565088,0.0,0.0
2019-04-15,Unknown,2,4.493131244920087e-11,5.667250780246938e-06,0.9999943327035519,0.0,0.0
2019-04-16,Unknown,2,1.2337904507192744e-10,1.554899479844316e-05,0.9999844508810554,0.0,0.0
2019-04-17,Unknown,2,3.3674334411982604e-10,1.884206939036762e-05,0.9999811575937071,0.0,0.0
2019-04-18,Unknown,2,1.894541990696031e-10,1.3961160862401059e-05,0.9999860386498395,0.0,0.0
2019-04-22,Unknown,2,1.0380098868209006e-10,4.927587426626605e-06,0.9999950723080012,0.0,0.0
2019-04-23,Unknown,2,1.15302901473918e-11,1.677859311988266e-06,0.999998322129202,0.0,0.0
2019-04-24,Unknown,2,3.6763444087939455e-12,2.4654471999540737e-06,0.9999975345484396,0.0,0.0
2019-04-25,Unknown,2,4.76972655266879e-12,2.0757098805461932e-06,0.9999979242860433,0.0,0.0
2019-04-26,Unknown,2,4.284250383105125e-12,2.2435152519499527e-06,0.9999977564809952,0.0,0.0
2019-04-29,Unknown,2,3.77230522832074e-12,1.9000773318688505e-06,0.999998099918216,0.0,0.0
2019-04-30,Unknown,2,2.185848287384294e-12,9.604711763662278e-07,0.9999990395267625,0.0,0.0
2019-05-01,Unknown,2,3.733859608426827e-12,2.210492478141057e-06,0.9999977895046743,0.0,0.0
2019-05-02,Unknown,2,6.23895357479123e-12,2.3274731688681438e-06,0.9999976725202743,0.0,0.0
2019-05-03,Unknown,2,1.5085096348364526e-12,7.226860887359423e-07,0.9999992773121331,0.0,0.0
2019-05-06,Unknown,2,6.290718086661415e-13,1.8456261473119671e-06,0.9999981543731998,0.0,0.0
2019-05-07,Unknown,2,7.43992121204437e-11,0.00039213774156652247,0.9996078621836154,0.0,0.0
2019-05-08,Unknown,2,2.3165082644009636e-09,0.0015132944641181316,0.9984867032192681,0.0,0.0
2019-05-09,Unknown,2,1.680045478035179e-09,0.016955484962648284,0.9830445133579544,0.0,0.0
2019-05-10,Unknown,2,2.146208012734946e-08,0.2794610799899606,0.7205388985474959,0.0,0.0
2019-05-13,Sideways,1,3.6927363142593593e-07,0.9993289225936116,0.0006707081324862298,0.0,0.0
2019-05-14,Sideways,1,4.4466280155462014e-07,0.999956195019826,4.336031654323215e-05,0.0,0.0
2019-05-15,Sideways,1,2.9293443047762535e-07,0.9999917046842076,8.00238163656088e-06,0.0,0.0
2019-05-16,Sideways,1,2.1850298208290186e-07,0.9999985341211698,1.2473753105955397e-06,0.0,0.0
2019-05-17,Sideways,1,2.3231645613502482e-07,0.9999979622155324,1.80546829307292e-06,0.0,0.0
2019-05-20,Sideways,1,3.179028622112616e-07,0.9999993931744051,2.88922210827815e-07,0.0,0.0
2019-05-21,Sideways,1,1.4134356256451908e-07,0.9999994470928578,4.1156437999799954e-07,0.0,0.0
2019-05-22,Sideways,1,2.120371418936107e-07,0.9999983862648438,1.4016974838026113e-06,0.0,0.0
2019-05-23,Sideways,1,4.064141674213111e-07,0.9999993065396342,2.87046528510763e-07,0.0,0.0
2019-05-24,Sideways,1,2.8093014748409767e-07,0.9999994656174358,2.534526233007632e-07,0.0,0.0
2019-05-28,Sideways,1,6.220648647861845e-07,0.9999993288131442,4.912269056662092e-08,0.0,0.0
2019-05-29,Sideways,1,9.047583435199215e-07,0.9999990901128105,5.12962455377076e-09,0.0,0.0
2019-05-30,Sideways,1,6.502656627642356e-07,0.9999993472267618,2.50725822085902e-09,0.0,0.0
2019-05-31,Sideways,1,1.2140938203240966e-06,0.9999987849267306,9.79189441041395e-10,0.0,0.0
2019-06-03,Sideways,1,1.0469049347344932e-06,0.9999989529520487,1.4350636464851296e-10,0.0,0.0
2019-06-04,Sideways,1,4.049782741799896e-07,0.9999995950202812,5.984048506908861e-13,0.0,0.0
2019-06-05,Sideways,1,2.4053419029713747e-07,0.9999997594659652,2.463378979542637e-13,0.0,0.0
2019-06-06,Sideways,1,1.8837032049878968e-07,0.9999998116254751,4.280271770842893e-12,0.0,0.0
2019-06-07,Sideways,1,2.113056792616772e-07,0.9999997886934803,3.687942044941543e-14,0.0,0.0
2019-06-10,Sideways,1,3.685982321245256e-07,0.9999996314018742,6.495154255802004e-15,0.0,0.0
2019-06-11,Sideways,1,1.9269660158219545e-07,0.9999998070470797,2.5576398546760615e-10,0.0,0.0
2019-06-12,Sideways,1,3.170011292873074e-07,0.9999993330823095,3.4991743756561204e-07,0.0,0.0
2019-06-13,Sideways,1,1.8760593004547654e-07,0.9999952106196456,4.601775288782515e-06,0.0,0.0
2019-06-14,Sideways,1,1.8025699922440605e-07,0.9999485463627167,5.1273380798776364e-05,0.0,0.0
2019-06-17,Sideways,1,2.1424354334980905e-07,0.9998301916784204,0.000169594078295457,0.0,0.0
2019-06-18,Sideways,1,1.4753838851846832e-07,0.9998575580534128,0.00014229440816497835,0.0,0.0
2019-06-19,Sideways,1,1.930030213276402e-07,0.9999123480392401,8.745895762815512e-05,0.0,0.0
2019-06-20,Sideways,1,1.6863830620144066e-07,0.9998537732500782,0.00014605811189306086,0.0,0.0
2019-06-21,Sideways,1,2.913643138803264e-07,0.9999685442616962,3.116437379013291e-05,0.0,0.0
2019-06-24,Sideways,1,4.931184429361949e-07,0.9999823999881251,1.7106892985201482e-05,0.0,0.0
2019-06-25,Sideways,1,6.524762102258354e-07,0.999983395942369,1.5951580582209326e-05,0.0,0.0
2019-06-26,Sideways,1,5.818325770283478e-07,0.9999653872770478,3.403088974092744e-05,0.0,0.0
2019-06-27,Sideways,1,4.933398472523749e-07,0.9999637967399114,3.570991943338955e-05,0.0,0.0
2019-06-28,Sideways,1,5.071302125423381e-07,0.9999199466122471,7.954625807878267e-05,0.0,0.0
2019-07-01,Sideways,1,6.921167512542817e-06,0.9999670883112205,2.599052158438216e-05,0.0,0.0
2019-07-02,Sideways,1,9.202159617646287e-05,0.997013849662177,0.0028941287420151743,0.0,0.0
2019-07-03,Unknown,2,3.550985250599303e-05,0.42678605095335725,0.5731784391945172,0.0,0.0
2019-07-05,Unknown,2,4.517755369273823e-06,0.05689517778416182,0.9431003044601466,0.0,0.0
2019-07-08,Unknown,2,3.381414227226594e-07,0.004456475966048811,0.9955431858920256,0.0,0.0
2019-07-09,Unknown,2,3.0309908510027046e-09,3.751366318679103e-05,0.999962483305173,0.0,0.0
2019-07-10,Unknown,2,1.1519386519380789e-11,2.1559947520498193e-06,0.9999978439942019,0.0,0.0
2019-07-11,Unknown,2,7.104667514900409e-13,1.9400387366801073e-06,0.9999980599605525,0.0,0.0
2019-07-12,Unknown,2,6.095039542935166e-13,1.9331508447164353e-06,0.999998066849052,0.0,0.0
2019-07-15,Unknown,2,5.204047295148659e-13,1.768850379079541e-06,0.9999982311489658,0.0,0.0
2019-07-16,Unknown,2,5.316032469503773e-13,2.4467255136597945e-06,0.9999975532730706,0.0,0.0
2019-07-17,Unknown,2,1.1662624375129767e-12,5.3489083053886235e-06,0.9999946510904274,0.0,0.0
2019-07-18,Unknown,2,1.4749194343742632e-12,1.729218114929436e-06,0.9999982707810376,0.0,0.0
2019-07-19,Unknown,2,1.4950783336199564e-12,6.19099263895845e-06,0.9999938090050559,0.0,0.0
2019-07-22,Unknown,2,7.417123188205796e-12,4.118125293004232e-06,0.9999958818674016,0.0,0.0
2019-07-23,Unknown,2,2.4130421839898656e-12,3.0660405006593316e-06,0.9999969339561795,0.0,0.0
2019-07-24,Unknown,2,7.063791381876177e-13,2.1945148765800156e-06,0.999997805484461,0.0,0.0
2019-07-25,Unknown,2,3.452370148532624e-13,2.1411915457304864e-06,0.9999978588080198,0.0,0.0
2019-07-26,Unknown,2,4.4597208962011446e-13,3.5928132900799204e-06,0.999996407185878,0.0,0.0
2019-07-29,Unknown,2,4.1323035880570183e-13,2.2447353339306216e-06,0.9999977552640941,0.0,0.0
2019-07-30,Unknown,2,2.985956537020239e-13,4.159716286398438e-06,0.999995840283657,0.0,0.0
2019-07-31,Unknown,2,2.4167038021157614e-12,0.0006011316281556082,0.9993988683699997,0.0,0.0
2019-08-01,Unknown,2,2.38195093735296e-10,0.03919851527309692,0.9608014844892772,0.0,0.0
2019-08-02,Sideways,1,3.319688479490816e-08,0.6693938929296621,0.3306060738741003,0.0,0.0
2019-08-05,Sideways,1,1.1946600033059566e-06,0.999998761045248,4.429520018486728e-08,0.0,0.0
2019-08-06,Sideways,1,2.5798096042090806e-07,0.999999741872704,1.4608928623796885e-10,0.0,0.0
2019-08-07,Sideways,1,1.327216711735577e-07,0.999999866600783,6.772473811416338e-10,0.0,0.0
2019-08-08,Sideways,1,6.64010060229771e-08,0.9999999335923371,6.382317964956711e-12,0.0,0.0
2019-08-09,Sideways,1,4.0877535289120725e-08,0.9999999583869803,7.349171135977537e-10,0.0,0.0
2019-08-12,Sideways,1,2.5010985158225145e-07,0.9999997498835314,7.2740389164321995e-12,0.0,0.0
2019-08-13,Sideways,1,3.307693614128811e-08,0.9999999669162213,6.757159115748529e-12,0.0,0.0
2019-08-14,Sideways,1,1.783160608458214e-06,0.9999982168390016,2.0287736121575458e-14,0.0,0.0
2019-08-15,Sideways,1,5.992319594539131e-07,0.9999994007686813,2.0970407461215193e-15,0.0,0.0
2019-08-16,Sideways,1,2.0184450614165448e-07,0.9999997981558612,6.846878879522101e-17,0.0,0.0
2019-08-19,Sideways,1,9.197149752154784e-08,0.999999908028262,1.0982272473989372e-17,0.0,0.0
2019-08-20,Sideways,1,2.611381137258588e-07,0.9999997388622773,3.2307325862435566e-16,0.0,0.0
2019-08-21,Sideways,1,4.769793502829426e-06,0.9999952302064298,4.984681763281243e-18,0.0,0.0
2019-08-22,Sideways,1,0.0005421191503864336,0.9994578808490568,0.0,0.0,0.0
2019-08-23,Bear,3,0.0,0.0,0.0,0.9999999999890861,1.1590865001447916e-11
2019-08-26,Bear,3,0.0,0.0,0.0,0.9999999995070539,4.938104023786011e-10
2019-08-27,Bear,3,0.0,0.0,0.0,0.9999999991941877,8.057631104397259e-10
2019-08-28,Bear,3,0.0,0.0,0.0,0.9999999996252882,3.7461858223655785e-10
2019-08-29,Bear,3,0.0,0.0,0.0,0.9999999998981366,1.0228674068041175e-10
2019-08-30,Bear,3,0.0,0.0,0.0,0.999999999834472,1.6638120468851135e-10
2019-09-03,Bear,3,0.0,0.0,0.0,1.0,1.6917728902570786e-86
2019-09-04,Sideways,1,0.0030336855987527357,0.9969663144013843,0.0,0.0,0.0
2019-09-05,Sideways,1,4.9839598637032044e-05,0.999950160401232,2.7259466904863504e-15,0.0,0.0
2019-09-06,Sideways,1,1.0046691834460819e-06,0.9999989953308204,1.915851697482182e-13,0.0,0.0
2019-09-09,Sideways,1,1.3724297376068952e-07,0.9999998627354311,2.168377580523694e-11,0.0,0.0
2019-09-10,Sideways,1,3.865652599899482e-07,0.9999996134339036,1.4797818648579345e-12,0.0,0.0
2019-09-11,Sideways,1,2.063892843342866e-07,0.9999997935319911,7.914023987831258e-11,0.0,0.0
2019-09-12,Sideways,1,8.579975579747204e-08,0.999999897901949,1.629823581765703e-08,0.0,0.0
2019-09-13,Sideways,1,2.1882940340188117e-07,0.9999993974435707,3.837276778353083e-07,0.0,0.0
2019-09-16,Sideways,1,2.7410351742567064e-07,0.9999992756368451,4.5026018724794655e-07,0.0,0.0
2019-09-17,Sideways,1,1.435458243171387e-07,0.9999912194074438,8.637046484933101e-06,0.0,0.0
2019-09-18,Sideways,1,1.1743232130173553e-07,0.9998591022948562,0.00014078027337782376,0.0,0.0
2019-09-19,Sideways,1,1.3584098134689974e-07,0.9995062783465902,0.00049358581153049,0.0,0.0
2019-09-20,Sideways,1,4.12987579901365e-07,0.9977566766125741,0.002242910399378539,0.0,0.0
2019-09-23,Sideways,1,2.065086319932538e-06,0.9831374987924151,0.016860436120873675,0.0,0.0
2019-09-24,Sideways,1,2.269650320854911e-05,0.8710025032097931,0.12897480028671504,0.0,0.0
2019-09-25,Unknown,2,3.283915342000538e-06,0.3447190479563692,0.6552776681276945,0.0,0.0
2019-09-26,Unknown,2,2.4855644153238535e-06,0.21218198808910826,0.7878155263470387,0.0,0.0
2019-09-27,Unknown,2,5.414917944793494e-07,0.12949687519995445,0.8705025833076319,0.0,0.0
2019-09-30,Unknown,2,4.0730391028947904e-08,0.11312530227221997,0.8868746569979533,0.0,0.0
2019-10-01,Unknown,2,3.478656231302506e-08,0.2511342781556828,0.7488656870570054,0.0,0.0
2019-10-02,Sideways,1,1.1751815876272768e-07,0.9836351108412336,0.016364771641046345,0.0,0.0
2019-10-03,Sideways,1,2.3721509486065254e-07,0.9975581989688456,0.0024415638169392948,0.0,0.0
2019-10-04,Sideways,1,2.500977007999151e-07,0.9995576236789913,0.0004421262230671833,0.0,0.0
2019-10-07,Sideways,1,3.7064798412556617e-07,0.999924567670212,7.506168202895635e-05,0.0,0.0
2019-10-08,Sideways,1,4.027892211934763e-07,0.9999726467970809,2.695041396825474e-05,0.0,0.0
2019-10-09,Sideways,1,2.40047724375835e-07,0.9999965936516482,3.1663012986486188e-06,0.0,0.0
2019-10-10,Sideways,1,3.265001834258141e-07,0.99999788808823,1.7854123433466299e-06,0.0,0.0
2019-10-11,Sideways,1,8.807200361253637e-07,0.9999990396122549,7.966858202780811e-08,0.0,0.0
2019-10-14,Sideways,1,5.436195616883742e-07,0.9999977599443433,1.6964361009066546e-06,0.0,0.0
2019-10-15,Sideways,1,2.85845447721226e-07,0.9999996610768568,5.3077713858135854e-08,0.0,0.0
2019-10-16,Sideways,1,3.795052668437045e-07,0.9999975579987935,2.0624964671944594e-06,0.0,0.0
2019-10-17,Sideways,1,4.567203873751406e-07,0.9999896702835586,9.872995970024874e-06,0.0,0.0
2019-10-18,Sideways,1,7.03306837286467e-07,0.9999253353952854,7.396129740407609e-05,0.0,0.0
2019-10-21,Sideways,1,5.677277462304505e-07,0.9998704931143212,0.00012893915735886276,0.0,0.0
2019-10-22,Sideways,1,1.009688348949875e-06,0.9989818064777358,0.0010171838334782299,0.0,0.0
2019-10-23,Sideways,1,1.205151338818359e-06,0.9949643442644653,0.0050344505845745175,0.0,0.0
2019-10-24,Sideways,1,2.1357846010991697e-06,0.9811642314163341,0.01883363279938617,0.0,0.0
2019-10-25,Sideways,1,3.6158831964812435e-06,0.9561618599111785,0.04383452420544215,0.0,0.0
2019-10-28,Sideways,1,6.275687601465253e-06,0.8862599404440697,0.1137337838685929,0.0,0.0
2019-10-29,Sideways,1,1.2203767861991711e-05,0.7525542506074795,0.2474335456252649,0.0,0.0
2019-10-30,Unknown,2,9.856386978090462e-06,0.5100457665078286,0.48994437710498684,0.0,0.0
2019-10-31,Unknown,2,1.6130955477834493e-05,0.28999400607392556,0.7099898629704201,0.0,0.0
2019-11-01,Unknown,2,5.7786079584905755e-06,0.08259270632610957,0.9174015150668325,0.0,0.0
2019-11-04,Unknown,2,1.6729423322432176e-07,0.002063965657804281,0.9979358670484569,0.0,0.0
2019-11-05,Unknown,2,6.965481373923281e-09,0.00012821544585014396,0.9998717775882149,0.0,0.0
2019-11-06,Unknown,2,3.173404538869769e-09,0.00010860276573956785,0.9998913940607752,0.0,0.0
2019-11-07,Unknown,2,8.77999195035338e-10,3.0841260310894624e-05,0.999969157862287,0.0,0.0
2019-11-08,Unknown,2,6.385075065436456e-11,6.467885681849944e-06,0.9999935320511202,0.0,0.0
2019-11-11,Unknown,2,8.026945772700529e-12,2.6355535814721267e-06,0.9999973644388035,0.0,0.0
2019-11-12,Unknown,2,3.758759056734933e-12,3.2175913355245217e-06,0.9999967824057344,0.0,0.0
2019-11-13,Unknown,2,6.1789793652853304e-12,2.2226405344101787e-06,0.9999977773538521,0.0,0.0
2019-11-14,Unknown,2,2.715731509879219e-12,1.5284602752515915e-06,0.9999984715371141,0.0,0.0
2019-11-15,Unknown,2,1.0204385568067517e-12,7.774600251550146e-07,0.9999992225387653,0.0,0.0
2019-11-18,Unknown,2,9.84047524777479e-13,1.427056789930359e-06,0.9999985729419856,0.0,0.0
2019-11-19,Unknown,2,1.920233110818757e-12,1.0947441660658704e-06,0.9999989052545596,0.0,0.0
2019-11-20,Unknown,2,2.105991722474967e-12,2.1998703110458354e-06,0.999997800127549,0.0,0.0
2019-11-21,Unknown,2,3.165920910314603e-12,1.820461626711369e-06,0.9999981795352341,0.0,0.0
2019-11-22,Unknown,2,2.029270705506641e-12,1.2720077730965427e-06,0.9999987279906141,0.0,0.0
2019-11-25,Unknown,2,1.1678943044821889e-12,8.345715602657203e-07,0.999999165428001,0.0,0.0
2019-11-26,Unknown,2,6.130267788021662e-13,4.81263536476136e-07,0.9999995187355374,0.0,0.0
2019-11-27,Unknown,2,3.427366788517007e-13,5.136720407205153e-07,0.9999994863284383,0.0,0.0
2019-11-29,Unknown,2,3.408959377812742e-13,6.781881534151034e-07,0.9999993218118587,0.0,0.0
2019-12-02,Unknown,2,4.917282309462667e-13,1.8269794251628085e-06,0.9999981730196259,0.0,0.0
2019-12-03,Unknown,2,4.5637099142062584e-12,3.995280787433182e-06,0.9999960047141716,0.0,0.0
2019-12-04,Unknown,2,5.521317758860667e-12,2.0793056267556428e-06,0.9999979206880898,0.0,0.0
2019-12-05,Unknown,2,1.0806117397979353e-11,7.003293520399594e-06,0.9999929966952219,0.0,0.0
2019-12-06,Unknown,2,2.689366299069496e-11,6.579215056944238e-06,0.9999934207587986,0.0,0.0
2019-12-09,Unknown,2,2.385208121798623e-12,1.3041145849312548e-06,0.9999986958836734,0.0,0.0
2019-12-10,Unknown,2,6.512752163148644e-13,2.1284503389942825e-06,0.9999978715481944,0.0,0.0
2019-12-11,Unknown,2,6.328026690295304e-13,1.520021657229835e-06,0.999998479977212,0.0,0.0
2019-12-12,Unknown,2,8.265078776072393e-13,3.1079560869798976e-06,0.999996892043155,0.0,0.0
2019-12-13,Unknown,2,1.4236335581711715e-12,2.559613961076989e-06,0.9999974403850518,0.0,0.0
2019-12-16,Unknown,2,1.1130113542446538e-12,3.007851905733523e-06,0.9999969921472928,0.0,0.0
2019-12-17,Unknown,2,1.1993064865920954e-12,2.12702306429474e-06,0.999997872976098,0.0,0.0
2019-12-18,Unknown,2,6.952467529668108e-13,2.0866956754319177e-06,0.9999979133030081,0.0,0.0
2019-12-19,Unknown,2,3.3365326748039183e-13,1.148274098377838e-06,0.9999988517253995,0.0,0.0
2019-12-20,Unknown,2,1.6075103033447319e-13,1.304128175459277e-06,0.9999986958709406,0.0,0.0
2019-12-23,Unknown,2,1.5526765183018069e-13,1.1870405026610148e-06,0.9999988129591426,0.0,0.0
2019-12-24,Unknown,2,1.307132050224101e-13,1.2551357729476478e-06,0.9999987448635385,0.0,0.0
2019-12-26,Unknown,2,1.9234732930199221e-13,1.124918601471046e-06,0.9999988750811969,0.0,0.0
2019-12-27,Unknown,2,1.83055130825376e-13,1.213581457146131e-06,0.9999987864183001,0.0,0.0
2019-12-30,Unknown,2,5.612568900834872e-13,3.3977734412544453e-06,0.9999966022263351,0.0,0.0
2019-12-31,Unknown,2,5.103114112261522e-13,1.8138438675749294e-06,0.9999981861563435,0.0,0.0
2020-01-02,Unknown,2,1.6990658904776211e-13,1.5025217185403666e-06,0.9999984974776827,0.0,0.0
2020-01-03,Unknown,2,3.319360175513481e-13,5.709290787330572e-06,0.9999942907087824,0.0,0.0
2020-01-06,Unknown,2,5.969172895502166e-13,2.634474245874234e-06,0.9999973655247373,0.0,0.0
2020-01-07,Unknown,2,3.341156942876298e-13,3.855615396488147e-06,0.9999961443847247,0.0,0.0
2020-01-08,Unknown,2,2.450834777954394e-13,1.4397803571845094e-06,0.9999985602199919,0.0,0.0
2020-01-09,Unknown,2,1.5618989172002835e-13,2.531166567533556e-06,0.9999974688339737,0.0,0.0
2020-01-10,Unknown,2,1.8025489443392914e-13,2.433426317767912e-06,0.9999975665734886,0.0,0.0
2020-01-13,Unknown,2,1.404171203584274e-13,2.2111975832595334e-06,0.999997788802546,0.0,0.0
2020-01-14,Unknown,2,1.9399643220334645e-13,2.2885565882052522e-06,0.9999977114429197,0.0,0.0
2020-01-15,Unknown,2,1.1254339010805742e-13,1.4962313087376814e-06,0.9999985037677386,0.0,0.0
2020-01-16,Unknown,2,6.299633907691367e-14,1.043815351940402e-06,0.9999989561843895,0.0,0.0
2020-01-17,Unknown,2,5.50256730434145e-14,1.4580847997306986e-06,0.9999985419155281,0.0,0.0
2020-01-21,Unknown,2,5.6077035453079557e-14,1.3136182039811613e-06,0.9999986863812852,0.0,0.0
2020-01-22,Unknown,2,8.219280583364225e-14,1.9307339770147205e-06,0.9999980692664843,0.0,0.0
2020-01-23,Unknown,2,1.3030013847818314e-13,2.010369647948802e-06,0.9999979896294662,0.0,0.0
2020-01-24,Unknown,2,3.6724174400823793e-13,6.088132979176299e-05,0.99993911867002,0.0,0.0
2020-01-27,Unknown,2,1.889756755608986e-10,0.004443752298993656,0.9955562475128592,0.0,0.0
2020-01-28,Unknown,2,5.178527737895748e-10,0.004118120296319368,0.9958818791855064,0.0,0.0
2020-01-29,Unknown,2,1.5300394126282522e-10,0.01854886824887709,0.9814511315978719,0.0,0.0
2020-01-30,Unknown,2,3.715759528862932e-10,0.14336999701343164,0.856630002615894,0.0,0.0
2020-01-31,Sideways,1,3.257586270448238e-09,0.7095652176059376,0.2904347791368018,0.0,0.0
2020-02-03,Sideways,1,1.099643319150172e-08,0.8538401335018233,0.14615985550086516,0.0,0.0
2020-02-04,Sideways,1,4.126275584550494e-09,0.9867687876649152,0.013231208208964562,0.0,0.0
2020-02-05,Sideways,1,3.5380154477888763e-09,0.9997102506836049,0.0002897457792234937,0.0,0.0
2020-02-06,Sideways,1,3.0319430796535394e-09,0.9999393149143148,6.068205398467991e-05,0.0,0.0
2020-02-07,Sideways,1,6.075809771211697e-09,0.9999804596936087,1.9534231447421426e-05,0.0,0.0
2020-02-10,Sideways,1,1.5586399898210393e-08,0.9989311627651546,0.0010688216489457302,0.0,0.0
2020-02-11,Sideways,1,1.4305072411805528e-08,0.9659831474670606,0.034016838228549416,0.0,0.0
2020-02-12,Sideways,1,1.3975936497687243e-08,0.9217152166852615,0.0782847693382122,0.0,0.0
2020-02-13,Sideways,1,6.330759163218628e-09,0.8872705930126894,0.11272940065580817,0.0,0.0
2020-02-14,Sideways,1,4.9544371938192895e-09,0.8786813444011886,0.12131865064502732,0.0,0.0
2020-02-18,Sideways,1,6.55168846019144e-09,0.8785637098024004,0.12143628364563078,0.0,0.0
2020-02-19,Sideways,1,4.2513184036571335e-09,0.8918362542874758,0.10816374146116135,0.0,0.0
2020-02-20,Sideways,1,3.918317269321548e-09,0.9278993987001034,0.07210059738127542,0.0,0.0
2020-02-21,Sideways,1,2.728608989419787e-07,0.9938274941961216,0.006172232943311788,0.0,0.0
2020-02-24,Sideways,1,0.0006602893969798421,0.9993397106020416,1.4131245571306856e-12,0.0,0.0
2020-02-25,Sideways,1,0.018457284215010226,0.981542715784543,9.489225351795052e-21,0.0,0.0
2020-02-26,Sideways,1,0.0249455323148359,0.9750544676842742,0.0,0.0,0.0
2020-02-27,Bear,3,0.0,0.0,0.0,0.9999999699175537,3.008283799852004e-08
2020-02-28,Bear,3,0.0,0.0,0.0,0.9999997955201461,2.0447986681139293e-07
2020-03-02,Bear,3,0.0,0.0,0.0,0.9999999986503099,1.3499328213768554e-09
2020-03-03,Bear,3,0.0,0.0,0.0,0.9999999907104211,9.289147672809682e-09
2020-03-04,Bear,3,0.0,0.0,0.0,0.999999981675501,1.8324065316108735e-08
2020-03-05,Bear,3,0.0,0.0,0.0,0.9999980152607947,1.9847385796379023e-06
2020-03-06,Bear,3,0.0,0.0,0.0,0.9967990518808931,0.0032009481185780423
2020-03-09,High-Volatility,4,0.0,0.0,0.0,3.982125507625424e-10,0.9999999996016413
2020-03-10,High-Volatility,4,0.0,0.0,0.0,3.9695542844882615e-16,1.0
2020-03-11,High-Volatility,4,0.0,0.0,0.0,1.0262275152978999e-23,1.0
2020-03-12,High-Volatility,4,0.0,0.0,0.0,4.302507230320347e-43,1.0
2020-03-13,High-Volatility,4,0.0,0.0,0.0,1.4822375473538689e-58,1.0
2020-03-16,High-Volatility,4,0.0,0.0,0.0,7.386138474786088e-82,1.0
2020-03-17,High-Volatility,4,0.0,0.0,0.0,5.067094838717205e-97,1.0
2020-03-18,High-Volatility,4,0.0,0.0,0.0,2.594437017373471e-97,1.0
2020-03-19,High-Volatility,4,0.0,0.0,0.0,6.570577455077925e-89,1.0
2020-03-20,High-Volatility,4,0.0,0.0,0.0,1.0440541879803148e-100,1.0
2020-03-23,High-Volatility,4,0.0,0.0,0.0,8.783485750171126e-90,1.0
2020-03-24,High-Volatility,4,0.0,0.0,0.0,5.509433372074599e-122,1.0
2020-03-25,High-Volatility,4,0.0,0.0,0.0,2.064174097621145e-116,1.0
2020-03-26,High-Volatility,4,0.0,0.0,0.0,1.1122334598318459e-128,1.0
2020-03-27,High-Volatility,4,0.0,0.0,0.0,6.30238021604245e-120,1.0
2020-03-30,High-Volatility,4,0.0,0.0,0.0,1.927808553333505e-123,1.0
2020-03-31,High-Volatility,4,0.0,0.0,0.0,5.0386783928765385e-120,1.0
2020-04-01,High-Volatility,4,0.0,0.0,0.0,6.812278787073842e-123,1.0
2020-04-02,High-Volatility,4,0.0,0.0,0.0,9.594080327861268e-123,1.0
2020-04-03,High-Volatility,4,0.0,0.0,0.0,8.896392164286661e-119,1.0
2020-04-06,High-Volatility,4,0.0,0.0,0.0,2.3835933852285323e-134,1.0
2020-04-07,High-Volatility,4,0.0,0.0,0.0,3.858844356554667e-118,1.0
2020-04-08,High-Volatility,4,0.0,0.0,0.0,1.7182184765871818e-111,1.0
2020-04-09,High-Volatility,4,0.0,0.0,0.0,8.917258436372427e-108,1.0
2020-04-13,High-Volatility,4,0.0,0.0,0.0,4.4025921119779386e-85,1.0
2020-04-14,High-Volatility,4,0.0,0.0,0.0,5.864445422840996e-70,1.0
2020-04-15,High-Volatility,4,0.0,0.0,0.0,4.2376317255058345e-44,1.0
2020-04-16,High-Volatility,4,0.0,0.0,0.0,2.0852735499715198e-37,1.0
2020-04-17,High-Volatility,4,0.0,0.0,0.0,2.0175520862087156e-34,1.0
2020-04-20,High-Volatility,4,0.0,0.0,0.0,1.376786056763998e-35,1.0
2020-04-21,High-Volatility,4,0.0,0.0,0.0,9.60729204847709e-37,1.0
2020-04-22,High-Volatility,4,0.0,0.0,0.0,2.3097243361131848e-35,1.0
2020-04-23,High-Volatility,4,0.0,0.0,0.0,1.753867631708483e-18,1.0
2020-04-24,High-Volatility,4,0.0,0.0,0.0,1.3531049222769413e-17,1.0
2020-04-27,High-Volatility,4,0.0,0.0,0.0,8.839552949463375e-11,0.9999999999108695
2020-04-28,High-Volatility,4,0.0,0.0,0.0,1.758323846714872e-10,0.999999999823558
2020-04-29,High-Volatility,4,0.0,0.0,0.0,2.5533612456179117e-08,0.9999999744668461
2020-04-30,High-Volatility,4,0.0,0.0,0.0,1.363888031973258e-08,0.9999999863612176
2020-05-01,High-Volatility,4,0.0,0.0,0.0,3.6941516030170115e-08,0.9999999630581449
2020-05-04,High-Volatility,4,0.0,0.0,0.0,0.00013427047023420149,0.9998657295292948
2020-05-05,High-Volatility,4,0.0,0.0,0.0,0.015135311842158007,0.9848646881580242
2020-05-06,Bear,3,0.0,0.0,0.0,0.999404403396757,0.0005955966037208691
2020-05-07,Bear,3,0.0,0.0,0.0,0.9999997909708546,2.0902915172586632e-07
2020-05-08,Bear,3,0.0,0.0,0.0,0.999999994499376,5.501307036384711e-09
2020-05-11,Bear,3,0.0,0.0,0.0,0.9999999968531483,3.1463091708962786e-09
2020-05-12,Bear,3,0.0,0.0,0.0,0.9999999957290129,4.2717236315510795e-09
2020-05-13,Bear,3,0.0,0.0,0.0,0.9999999973642844,2.6352404318063653e-09
2020-05-14,Bear,3,0.0,0.0,0.0,0.9999999992305675,7.693701771235466e-10
2020-05-15,Bear,3,0.0,0.0,0.0,0.999999999310603,6.890760242939883e-10
2020-05-18,Bear,3,0.0,0.0,0.0,0.9999999995998223,3.9992610675333354e-10
2020-05-19,Bear,3,0.0,0.0,0.0,0.999999999483407,5.160745006584323e-10
2020-05-20,Bear,3,0.0,0.0,0.0,0.999999993131496,6.867602474703101e-09
2020-05-21,Bear,3,0.0,0.0,0.0,0.9999999972333171,2.7668056038098633e-09
2020-05-22,Bear,3,0.0,0.0,0.0,0.9999999944338924,5.566615426430638e-09
2020-05-26,Bear,3,0.0,0.0,0.0,0.9999999952633516,4.737197665399649e-09
2020-05-27,Bear,3,0.0,0.0,0.0,0.9999999931696948,6.830146836891738e-09
2020-05-28,Bear,3,0.0,0.0,0.0,1.0,1.9201160991419762e-82
2020-05-29,Bull,0,1.0,5.255012089971925e-21,0.0,0.0,0.0
2020-06-01,Bull,0,1.0,1.562499140090478e-20,2.8489908548635223e-36,0.0,0.0
2020-06-02,Bull,0,1.0,3.1533242553891354e-18,1.1750273453953903e-33,0.0,0.0
2020-06-03,Bull,0,1.0,7.56635906610474e-19,4.3387219070595514e-33,0.0,0.0
2020-06-04,Bull,0,1.0,8.366541621044357e-17,2.5598176211239965e-30,0.0,0.0
2020-06-05,Bull,0,1.0,6.7082847980433626e-18,4.5361492027104353e-35,0.0,0.0
2020-06-08,Bull,0,1.0,4.074856840040346e-18,1.2424473317361531e-33,0.0,0.0
2020-06-09,Bull,0,1.0,3.081756898157892e-17,1.1938455745292164e-29,0.0,0.0
2020-06-10,Bull,0,1.0,2.5477343346749e-15,0.0,0.0,0.0
2020-06-11,Bear,3,0.0,0.0,0.0,0.9972468738180428,0.002753126182761414
2020-06-12,Bear,3,0.0,0.0,0.0,0.999792218095601,0.00020778190434547417
2020-06-15,Bear,3,0.0,0.0,0.0,0.9999914261519854,8.573848152260829e-06
2020-06-16,Bear,3,0.0,0.0,0.0,0.9999988139559476,1.1860438429338773e-06
2020-06-17,Bear,3,0.0,0.0,0.0,0.9999998042731214,1.9572692273271595e-07
2020-06-18,Bear,3,0.0,0.0,0.0,0.9999986383709432,1.3616284261814141e-06
2020-06-19,Bear,3,0.0,0.0,0.0,0.9999992857194961,7.142808747720736e-07
2020-06-22,Bear,3,0.0,0.0,0.0,0.9999996690276568,3.309731710469153e-07
2020-06-23,Bear,3,0.0,0.0,0.0,0.9999998389448722,1.6105430693087172e-07
2020-06-24,Bear,3,0.0,0.0,0.0,0.9999989126705714,1.087329360756975e-06
2020-06-25,Bear,3,0.0,0.0,0.0,0.9999997535815358,2.4641890702683915e-07
2020-06-26,Bear,3,0.0,0.0,0.0,0.99999729517551,2.7048239051358655e-06
2020-06-29,Bear,3,0.0,0.0,0.0,0.9999992539508694,7.460483483051676e-07
2020-06-30,Bear,3,0.0,0.0,0.0,0.9999996149109225,3.850896484626816e-07
2020-07-01,Bear,3,0.0,0.0,0.0,0.999999812647747,1.8735217590993795e-07
2020-07-02,Bear,3,0.0,0.0,0.0,0.9999999181491181,8.185022215175068e-08
2020-07-06,Bear,3,0.0,0.0,0.0,0.9999999268675337,7.313314510873026e-08
2020-07-07,Bear,3,0.0,0.0,0.0,0.9999999316150957,6.838523714722695e-08
2020-07-08,Bear,3,0.0,0.0,0.0,0.999999977559128,2.2441235452037354e-08
2020-07-09,Bear,3,0.0,0.0,0.0,0.9999999721349017,2.786489459033877e-08
2020-07-10,Bear,3,0.0,0.0,0.0,1.0,1.619298591944501e-82
2020-07-13,Bull,0,0.9999533250645141,4.6674935430553744e-05,0.0,0.0,0.0
2020-07-14,Bull,0,0.9999891109138719,1.088907651114865e-05,9.693174124097734e-12,0.0,0.0
2020-07-15,Bull,0,0.9999862117479263,1.3788089833010723e-05,1.627289668817744e-10,0.0,0.0
2020-07-16,Bull,0,0.9998830355231119,0.00011695238881393389,1.2088349732735477e-08,0.0,0.0
2020-07-17,Bull,0,0.9989120398684577,0.0010872795859996856,6.805462078738609e-07,0.0,0.0
2020-07-20,Bull,0,0.9929638608141768,0.007035954559499127,1.8462553098756433e-07,0.0,0.0
2020-07-21,Bull,0,0.9774485583552409,0.022543690370345197,7.751273701458517e-06,0.0,0.0
2020-07-22,Bull,0,0.9440306024272263,0.05591454402887847,5.48535435997344e-05,0.0,0.0
2020-07-23,Bull,0,0.8337373202969625,0.16626131247630052,1.3672258399805408e-06,0.0,0.0
2020-07-24,Sideways,1,0.3868257662253851,0.613121258321633,5.297545280977181e-05,0.0,0.0
2020-07-27,Sideways,1,0.16732807680840459,0.8320784007826953,0.0005935224096567204,0.0,0.0
2020-07-28,Sideways,1,0.10168806084452062,0.897818446643261,0.0004934925122341005,0.0,0.0
2020-07-29,Sideways,1,0.06613995244209785,0.8935594225156909,0.040300625042168414,0.0,0.0
2020-07-30,Unknown,2,0.0032206388886309163,0.6052494632684629,0.3915298978424771,0.0,0.0
2020-07-31,Unknown,2,0.00013713497879672373,0.36921409625046153,0.6306487687704483,0.0,0.0
2020-08-03,Unknown,2,6.971880176153896e-06,0.1553600431790595,0.8446329849404737,0.0,0.0
2020-08-04,Unknown,2,1.1405861782380327e-05,0.09055262199402125,0.9094359721440369,0.0,0.0
2020-08-05,Unknown,2,4.2816300429177266e-07,0.006698412606260254,0.9933011592307549,0.0,0.0
2020-08-06,Unknown,2,1.5180688197990663e-07,0.0018948027996467996,0.9981050453932031,0.0,0.0
2020-08-07,Unknown,2,1.6809326139181115e-08,0.0003024543305238298,0.9996975288601233,0.0,0.0
2020-08-10,Unknown,2,1.3550451790844294e-09,4.429393380341985e-05,0.9999557047110036,0.0,0.0
2020-08-11,Unknown,2,6.572701818081105e-10,0.00017261628356413168,0.999827383059477,0.0,0.0
2020-08-12,Unknown,2,1.880909713244319e-10,1.0038610163580563e-05,0.999989961202485,0.0,0.0
2020-08-13,Unknown,2,1.898507876628892e-11,7.67959549644642e-06,0.9999923203853749,0.0,0.0
2020-08-14,Unknown,2,1.150469384986055e-11,1.0227683519735622e-05,0.9999897723041686,0.0,0.0
2020-08-17,Unknown,2,8.912184965778709e-12,5.84290374515891e-06,0.9999941570865927,0.0,0.0
2020-08-18,Unknown,2,1.9875127360615073e-11,1.5674520977208398e-05,0.999984325460056,0.0,0.0
2020-08-19,Unknown,2,3.2729537889854734e-11,8.384002585529728e-06,0.9999916159655583,0.0,0.0
2020-08-20,Unknown,2,1.1388181629066986e-11,4.874734373967556e-06,0.9999951252548853,0.0,0.0
2020-08-21,Unknown,2,1.0448411423017149e-12,2.1717173660512645e-06,0.9999978282818055,0.0,0.0
2020-08-24,Unknown,2,1.0424895363641183e-12,5.965348343163956e-06,0.9999940346511388,0.0,0.0
2020-08-25,Unknown,2,1.306778603446758e-12,2.7316976807683322e-06,0.9999972683018336,0.0,0.0
2020-08-26,Unknown,2,2.9225002676100135e-12,1.5003279985795064e-05,0.9999849967168761,0.0,0.0
2020-08-27,Unknown,2,5.777778479127179e-12,3.2868978318942573e-06,0.9999967130970067,0.0,0.0
2020-08-28,Unknown,2,2.5289115935109713e-12,6.66368002688448e-06,0.9999933363182316,0.0,0.0
2020-08-31,Unknown,2,1.3505527689338677e-12,2.284194004883508e-06,0.9999977158048463,0.0,0.0
2020-09-01,Unknown,2,5.482353161154457e-13,2.6289859128164045e-05,0.99997371014067,0.0,0.0
2020-09-02,Unknown,2,2.9577625165825584e-11,0.009135670004315975,0.9908643299667882,0.0,0.0
2020-09-03,Sideways,1,1.0183951823163435e-09,0.9990708252376457,0.0009291737439393941,0.0,0.0
2020-09-04,Sideways,1,1.248177834783743e-07,0.9999994621995566,4.129825204804675e-07,0.0,0.0
2020-09-08,Sideways,1,1.8573928870376209e-06,0.9999981426079981,2.1304031128545892e-14,0.0,0.0
2020-09-09,Sideways,1,4.0467272977858816e-08,0.9999999595020207,3.062383295287321e-11,0.0,0.0
2020-09-10,Sideways,1,3.3009278395082106e-07,0.9999996699080475,8.413612086385604e-19,0.0,0.0
2020-09-11,Sideways,1,2.4615708000726377e-08,0.9999999753690648,1.4705232589496704e-11,0.0,0.0
2020-09-14,Sideways,1,3.4712477743955346e-09,0.9999999965166353,1.2541558811307594e-11,0.0,0.0
2020-09-15,Sideways,1,1.4994211523136096e-09,0.9999999984975148,3.5702684762464358e-12,0.0,0.0
2020-09-16,Sideways,1,1.8942619761363868e-09,0.9999999980936991,1.1670790160473083e-11,0.0,0.0
2020-09-17,Sideways,1,5.809081507236831e-09,0.9999999941883289,1.9068634350233338e-12,0.0,0.0
2020-09-18,Sideways,1,1.997284242938521e-08,0.9999999800274966,4.55324667825215e-13,0.0,0.0
2020-09-21,Sideways,1,4.346798003334031e-08,0.9999999565316112,1.2278462494822185e-14,0.0,0.0
2020-09-22,Sideways,1,1.656414777651976e-08,0.9999999834362826,7.086197444889197e-17,0.0,0.0
2020-09-23,Sideways,1,5.684421507821172e-06,0.9999943155778639,4.119248590705547e-19,0.0,0.0
2020-09-24,Sideways,1,0.0002952701271875891,0.999704729872605,0.0,0.0,0.0
2020-09-25,Bear,3,0.0,0.0,0.0,1.0,1.9283671596013222e-16
2020-09-28,Bear,3,0.0,0.0,0.0,1.0,4.564510348140808e-15
2020-09-29,Bear,3,0.0,0.0,0.0,1.0,7.328226835430914e-15
2020-09-30,Bear,3,0.0,0.0,0.0,1.0,3.0445251450234054e-15
2020-10-01,Bear,3,0.0,0.0,0.0,1.0,1.2651099120348257e-15
2020-10-02,Bear,3,0.0,0.0,0.0,1.0,7.031154020154071e-95
2020-10-05,Sideways,1,6.963737108602456e-07,0.9999993036256152,0.0,0.0,0.0
2020-10-06,Sideways,1,6.965166824417187e-09,0.9999999930350896,1.5043299706495106e-14,0.0,0.0
2020-10-07,Sideways,1,1.1564058195058402e-09,0.9999999988431227,1.923713648928166e-13,0.0,0.0
2020-10-08,Sideways,1,2.6860540878437976e-10,0.9999999997035047,2.7712824755907912e-11,0.0,0.0
2020-10-09,Sideways,1,4.617577028007386e-10,0.9999999995252438,1.2923406637008871e-11,0.0,0.0
2020-10-12,Sideways,1,1.2534065936234737e-10,0.9999999998581188,1.5808564856533494e-11,0.0,0.0
2020-10-13,Sideways,1,1.2988944705222635e-09,0.9999999987012416,2.2341336743681999e-13,0.0,0.0
2020-10-14,Sideways,1,2.01767424706171e-09,0.999999997942723,3.983547143614436e-11,0.0,0.0
2020-10-15,Sideways,1,1.7266502163426178e-09,0.9999999977917469,4.814316154880986e-10,0.0,0.0
2020-10-16,Sideways,1,1.1430702723019053e-09,0.9999999922965799,6.5607736353538845e-09,0.0,0.0
2020-10-19,Sideways,1,6.525066604935511e-09,0.9999999934243533,5.029981413562068e-11,0.0,0.0
2020-10-20,Sideways,1,5.034398902672782e-09,0.9999999947285687,2.3620546737609773e-10,0.0,0.0
2020-10-21,Sideways,1,3.738368696331123e-09,0.9999999944247975,1.8369644200856683e-09,0.0,0.0
2020-10-22,Sideways,1,9.578769455880612e-09,0.9999999887404557,1.6809609609499806e-09,0.0,0.0
2020-10-23,Sideways,1,5.879767036568877e-09,0.9999999915780791,2.541788044264048e-09,0.0,0.0
2020-10-26,Sideways,1,4.3186701335197535e-08,0.9999999554420366,1.3707968306208555e-09,0.0,0.0
2020-10-27,Sideways,1,1.3169480246777075e-08,0.9999999363335539,5.049701448023114e-08,0.0,0.0
2020-10-28,Sideways,1,7.844844445079773e-06,0.999992155155117,2.8744045590300435e-16,0.0,0.0
2020-10-29,Sideways,1,9.479901257983528e-08,0.9999999052015527,2.9775022847126974e-14,0.0,0.0
2020-10-30,Sideways,1,1.3142610940019639e-07,0.9999998685743863,5.232100946966156e-17,0.0,0.0
2020-11-02,Sideways,1,4.159766960433777e-08,0.9999999584015322,6.862409515898004e-16,0.0,0.0
2020-11-03,Sideways,1,2.7502184047257858e-09,0.999999997249688,1.1749194585948447e-16,0.0,0.0
2020-11-04,Sideways,1,3.155680123971313e-09,0.9999999968440534,2.073312271299849e-21,0.0,0.0
2020-11-05,Sideways,1,2.040449453051965e-10,0.9999999997962732,6.56805765829606e-22,0.0,0.0
2020-11-06,Sideways,1,6.579686650983854e-10,0.9999999993415258,1.903057095047559e-22,0.0,0.0
2020-11-09,Sideways,1,2.2597652987018866e-10,0.9999999997744453,1.3502547489888673e-21,0.0,0.0
2020-11-10,Sideways,1,6.835266616402388e-10,0.99999999931606,2.889129075995763e-17,0.0,0.0
2020-11-11,Sideways,1,1.8283210987060273e-10,0.9999999998162821,1.5395788349819353e-12,0.0,0.0
2020-11-12,Sideways,1,5.436852351547767e-10,0.9999999990232027,4.339643918144504e-10,0.0,0.0
2020-11-13,Sideways,1,1.9103539774570233e-10,0.9999999996762199,1.3340548880402143e-10,0.0,0.0
2020-11-16,Sideways,1,1.3966517616350548e-10,0.9999999997053237,1.5440432712510846e-10,0.0,0.0
2020-11-17,Sideways,1,1.2044369656164908e-10,0.9999999973297236,2.5496264402295594e-09,0.0,0.0
2020-11-18,Sideways,1,6.857256125608263e-10,0.999999998964995,3.500845620554747e-10,0.0,0.0
2020-11-19,Sideways,1,3.9228795584333e-10,0.999999999494321,1.1278249436959102e-10,0.0,0.0
2020-11-20,Sideways,1,7.51949251363654e-10,0.9999999991177901,1.2949153614656893e-10,0.0,0.0
2020-11-23,Sideways,1,3.218030750495252e-10,0.9999999995234248,1.5499066974566586e-10,0.0,0.0
2020-11-24,Sideways,1,5.60490925062863e-11,0.9999999998181011,1.2598318378293955e-10,0.0,0.0
2020-11-25,Sideways,1,5.171345957867601e-11,0.9999999995088729,4.4017275071109273e-10,0.0,0.0
2020-11-27,Sideways,1,5.562601621780021e-10,0.9999999988503987,5.940946091807879e-10,0.0,0.0
2020-11-30,Sideways,1,3.2377185028680547e-10,0.9999999763131203,2.336274131139548e-08,0.0,0.0
2020-12-01,Sideways,1,6.243821198714024e-10,0.9999999991105142,2.6419606234428864e-10,0.0,0.0
2020-12-02,Sideways,1,1.8678630318829459e-10,0.9999999954343366,4.3788337201341285e-09,0.0,0.0
2020-12-03,Sideways,1,1.0662877784576195e-09,0.9991838313734624,0.00081616756054713,0.0,0.0
2020-12-04,Sideways,1,1.0260187974326386e-09,0.7669513531202864,0.23304864585417803,0.0,0.0
2020-12-07,Unknown,2,1.508233775109327e-09,0.31041975853157217,0.6895802399593463,0.0,0.0
2020-12-08,Unknown,2,1.2747199187513516e-10,0.11030772399083062,0.8896922758813745,0.0,0.0
2020-12-09,Unknown,2,4.578087562763015e-10,0.08236519951054776,0.9176348000308577,0.0,0.0
2020-12-10,Unknown,2,1.911970003490907e-10,0.05091514906497133,0.9490848507445726,0.0,0.0
2020-12-11,Unknown,2,1.65968127686636e-10,0.031276142548935994,0.9687238572849973,0.0,0.0
2020-12-14,Unknown,2,8.417718600067438e-11,0.015006518000117876,0.9849934819151651,0.0,0.0
2020-12-15,Unknown,2,1.6100669019124684e-11,0.004083089333827286,0.9959169106500394,0.0,0.0
2020-12-16,Unknown,2,7.299275717132274e-12,0.0006688585403578307,0.9993311414518284,0.0,0.0
2020-12-17,Unknown,2,3.165808928089128e-13,0.00010170558816536011,0.9998982944117183,0.0,0.0
2020-12-18,Unknown,2,2.4850436146314282e-14,2.229909843577625e-05,0.9999777009010086,0.0,0.0
2020-12-21,Unknown,2,2.2135676936680546e-14,4.7272643938890434e-05,0.9999527273563031,0.0,0.0
2020-12-22,Unknown,2,2.2524312209376484e-14,3.7128621968609395e-05,0.9999628713775348,0.0,0.0
2020-12-23,Unknown,2,2.5734554176844075e-14,4.6994236886334514e-05,0.9999530057631554,0.0,0.0
2020-12-24,Unknown,2,2.5235809749875235e-13,6.341183904851203e-05,0.9999365881601037,0.0,0.0
2020-12-28,Unknown,2,1.8002115206099762e-13,5.816356240640961e-05,0.9999418364367522,0.0,0.0
2020-12-29,Unknown,2,5.742496953097174e-14,1.6690927223707053e-05,0.9999833090725193,0.0,0.0
2020-12-30,Unknown,2,1.0185330512831667e-14,1.0321350210271505e-05,0.9999896786490045,0.0,0.0
2020-12-31,Unknown,2,1.8967348859953644e-14,1.2073981243377509e-05,0.9999879260195891,0.0,0.0
2021-01-04,Unknown,2,4.971048002614322e-14,4.54900997713291e-05,0.9999545098996089,0.0,0.0
2021-01-05,Unknown,2,1.5603542221616832e-13,0.00010094126796280736,0.9998990587318219,0.0,0.0
2021-01-06,Unknown,2,5.226942277660092e-13,0.0002084392565639551,0.9997915607423408,0.0,0.0
2021-01-07,Unknown,2,1.5159526182965813e-12,0.0012669391118597685,0.998733060885732,0.0,0.0
2021-01-08,Unknown,2,6.839190742549548e-12,0.0008708100503806689,0.9991291899419543,0.0,0.0
2021-01-11,Unknown,2,2.2593342069548944e-12,0.00024288164016852636,0.9997571183577456,0.0,0.0
2021-01-12,Unknown,2,2.473194721284123e-13,6.488622949746632e-05,0.999935113770966,0.0,0.0
2021-01-13,Unknown,2,3.0229764839292195e-14,3.3728556239822004e-05,0.9999662714430313,0.0,0.0
2021-01-14,Unknown,2,1.6572001402755808e-14,4.931798912105462e-05,0.9999506820105992,0.0,0.0
2021-01-15,Unknown,2,2.1824548998172266e-13,0.00014653638347090413,0.9998534636161016,0.0,0.0
2021-01-19,Unknown,2,8.178699356741359e-14,3.557590529357383e-05,0.9999644240941163,0.0,0.0
2021-01-20,Unknown,2,1.226978476234871e-14,5.7950109336384726e-05,0.9999420498900414,0.0,0.0
2021-01-21,Unknown,2,1.3352720693470223e-14,0.00010327731395913956,0.9998967226858542,0.0,0.0
2021-01-22,Unknown,2,2.8132564019677638e-14,0.0015524797569882488,0.9984475202425593,0.0,0.0
2021-01-25,Unknown,2,3.9177735998555685e-13,0.024121786097829948,0.9758782139025634,0.0,0.0
2021-01-26,Unknown,2,3.1098363752689508e-12,0.11311514060408391,0.8868848593934718,0.0,0.0
2021-01-27,Sideways,1,3.152896307352249e-11,0.9979282583121831,0.002071741655680618,0.0,0.0
2021-01-28,Sideways,1,5.240126916466887e-11,0.9998701072421263,0.0001298927051593107,0.0,0.0
2021-01-29,Sideways,1,4.412656634807641e-10,0.9999999647934608,3.4766061922514175e-08,0.0,0.0
2021-02-01,Sideways,1,2.6997836358385024e-11,0.9999999777664927,2.220616632167917e-08,0.0,0.0
2021-02-02,Sideways,1,9.271176138826898e-12,0.99999999640022,3.5897672790102503e-09,0.0,0.0
2021-02-03,Sideways,1,1.998247608807488e-11,0.9999998193088849,1.8067141459852913e-07,0.0,0.0
2021-02-04,Sideways,1,6.527297830487124e-12,0.9999999393330673,6.066111715925248e-08,0.0,0.0
2021-02-05,Sideways,1,2.5055674165448213e-11,0.9999999996362021,3.3843853983960677e-10,0.0,0.0
2021-02-08,Sideways,1,9.73633150407521e-12,0.9999999345673153,6.54227686040476e-08,0.0,0.0
2021-02-09,Sideways,1,1.2145314487774299e-11,0.9999981039581838,1.8960293489685621e-06,0.0,0.0
2021-02-10,Sideways,1,1.6453819115609534e-11,0.9999960864355854,3.9135485960572836e-06,0.0,0.0
2021-02-11,Sideways,1,1.2039246448380223e-11,0.9999799824784448,2.0017509388346914e-05,0.0,0.0
2021-02-12,Sideways,1,9.545661332104477e-12,0.9999756843690633,2.431562117990255e-05,0.0,0.0
2021-02-16,Sideways,1,1.0623150804053328e-11,0.9999624015519458,3.759843660187939e-05,0.0,0.0
2021-02-17,Sideways,1,1.2982198349915021e-11,0.9999521708229423,4.782916343617715e-05,0.0,0.0
2021-02-18,Sideways,1,2.839961064919093e-11,0.9999671182726283,3.288169824662535e-05,0.0,0.0
2021-02-19,Sideways,1,6.998440687864599e-11,0.9999694387838424,3.0561146920874285e-05,0.0,0.0
2021-02-22,Sideways,1,1.2547458652206507e-10,0.9999943323415751,5.6675325363727265e-06,0.0,0.0
2021-02-23,Sideways,1,6.674155718030682e-11,0.9999850315190788,1.496841351685828e-05,0.0,0.0
2021-02-24,Sideways,1,2.165616106312419e-11,0.9999847323234922,1.5267654269637747e-05,0.0,0.0
2021-02-25,Sideways,1,3.731642692040661e-10,0.999999991759978,7.86623509119621e-09,0.0,0.0
2021-02-26,Sideways,1,3.7818396274515964e-10,0.9999997007380891,2.988831438946253e-07,0.0,0.0
2021-03-01,Sideways,1,2.4995312170096124e-11,0.9999999789470169,2.1027494528632788e-08,0.0,0.0
2021-03-02,Sideways,1,2.1082753566879831e-10,0.9999999579740697,4.1815172910149696e-08,0.0,0.0
2021-03-03,Sideways,1,2.5044236644908664e-10,0.9999999705178202,2.9231136295458402e-08,0.0,0.0
2021-03-04,Sideways,1,2.1700103772081997e-09,0.9999998445473587,1.5328254018053357e-07,0.0,0.0
2021-03-05,Sideways,1,1.5274909781049713e-10,0.9999999851679605,1.4679601843130562e-08,0.0,0.0
2021-03-08,Sideways,1,1.7547024857684317e-10,0.9999999980864231,1.7384279675451033e-09,0.0,0.0
2021-03-09,Sideways,1,5.804676576985097e-11,0.9999999995143298,4.2715639530044794e-10,0.0,0.0
2021-03-10,Sideways,1,5.4349673368967554e-11,0.9999999990759534,8.705181673558258e-10,0.0,0.0
2021-03-11,Sideways,1,6.054320483520188e-11,0.9999999999363354,3.810742615231689e-12,0.0,0.0
2021-03-12,Sideways,1,3.671802198001869e-11,0.9999999978772394,2.08523314656446e-09,0.0,0.0
2021-03-15,Sideways,1,5.0631024773055626e-11,0.9999999997544364,1.9549264699270003e-10,0.0,0.0
2021-03-16,Sideways,1,6.341389132099678e-11,0.9999999866486179,1.3287499477637446e-08,0.0,0.0
2021-03-17,Sideways,1,5.3257236701619216e-11,0.9999999538031272,4.6143994899164964e-08,0.0,0.0
2021-03-18,Sideways,1,3.526451744265956e-10,0.9999999897227099,9.924867352960333e-09,0.0,0.0
2021-03-19,Sideways,1,3.1650266779988775e-10,0.9999999828341971,1.6850177195544728e-08,0.0,0.0
2021-03-22,Sideways,1,8.540393042980057e-11,0.999999967641998,3.2273287253412924e-08,0.0,0.0
2021-03-23,Sideways,1,2.2551492416125137e-10,0.9999999822830433,1.7491461494069467e-08,0.0,0.0
2021-03-24,Sideways,1,3.7067153099653386e-10,0.9999999958272383,3.80258645462552e-09,0.0,0.0
2021-03-25,Sideways,1,2.873355958959324e-10,0.9999999881893019,1.1523289977124315e-08,0.0,0.0
2021-03-26,Sideways,1,8.772899164989683e-11,0.9999999607680373,3.914458406022457e-08,0.0,0.0
2021-03-29,Sideways,1,1.3212714102863695e-10,0.9999999289393625,7.092803201348521e-08,0.0,0.0
2021-03-30,Sideways,1,2.6169694935589503e-10,0.9999891251873264,1.087455051961411e-05,0.0,0.0
2021-03-31,Sideways,1,3.36630685087772e-10,0.999994951651398,5.048011456303057e-06,0.0,0.0
2021-04-01,Sideways,1,2.4837677120186614e-10,0.9999945880573268,5.41169484551439e-06,0.0,0.0
2021-04-05,Sideways,1,1.7108233824008355e-09,0.9999963254880848,3.672801195751276e-06,0.0,0.0
2021-04-06,Sideways,1,2.2294211055378943e-09,0.9671602621615479,0.03283973560948489,0.0,0.0
2021-04-07,Sideways,1,2.110089542025743e-08,0.8772173844020684,0.12278259449660926,0.0,0.0
2021-04-08,Unknown,2,1.773883495206019e-08,0.4256951914512437,0.5743047908093176,0.0,0.0
2021-04-09,Unknown,2,2.3389990985595295e-09,0.07263166353296106,0.9273683341279774,0.0,0.0
2021-04-12,Unknown,2,1.2100485648138785e-10,0.0026823816112210106,0.9973176182678468,0.0,0.0
2021-04-13,Unknown,2,9.500060089227942e-12,0.0003102301472909154,0.9996897698428775,0.0,0.0
2021-04-14,Unknown,2,1.1083853827106913e-11,0.0004135668691094344,0.9995864331202284,0.0,0.0
2021-04-15,Unknown,2,1.4240917184259621e-12,0.00010271753437058035,0.9998972824640182,0.0,0.0
2021-04-16,Unknown,2,2.65198340909558e-13,5.849248029096676e-05,0.9999415075189896,0.0,0.0
2021-04-19,Unknown,2,4.712476847654314e-13,0.0001325092447307157,0.9998674907545595,0.0,0.0
2021-04-20,Unknown,2,4.5085833697429195e-12,0.0005435269682967836,0.9994564730264752,0.0,0.0
2021-04-21,Unknown,2,1.9172592118750325e-12,0.0002549186451204651,0.9997450813526836,0.0,0.0
2021-04-22,Unknown,2,3.303155146380404e-12,0.0015633116917122309,0.9984366883054899,0.0,0.0
2021-04-23,Unknown,2,3.6004285995798224e-11,0.002613845935904356,0.9973861540280148,0.0,0.0
2021-04-26,Unknown,2,2.0086805951513616e-11,0.0007432656509204891,0.9992567343286264,0.0,0.0
2021-04-27,Unknown,2,1.3194804194936679e-12,3.174155008556842e-05,0.9999682584492848,0.0,0.0
2021-04-28,Unknown,2,5.998519127723386e-14,2.0658060636537096e-05,0.9999793419398106,0.0,0.0
2021-04-29,Unknown,2,4.440774470698361e-14,2.454993784634034e-05,0.9999754500616682,0.0,0.0
2021-04-30,Unknown,2,5.859195434141392e-14,3.3617639819063514e-05,0.9999663823594511,0.0,0.0
2021-05-03,Unknown,2,5.6622987206187365e-14,1.6140445542741676e-05,0.9999838595551597,0.0,0.0
2021-05-04,Unknown,2,1.0298876966337737e-13,1.695851653158012e-05,0.9999830414836713,0.0,0.0
2021-05-05,Unknown,2,6.48924818142332e-14,1.5549055865657433e-05,0.999984450944719,0.0,0.0
2021-05-06,Unknown,2,1.695484380562374e-13,8.698771964573305e-05,0.9999130122798019,0.0,0.0
2021-05-07,Unknown,2,2.531639074633446e-13,0.00032136031015002575,0.9996786396903148,0.0,0.0
2021-05-10,Unknown,2,5.299076647704516e-13,0.008015796900850365,0.9919842030978825,0.0,0.0
2021-05-11,Unknown,2,1.330521272175313e-11,0.17485459527395897,0.8251454047133482,0.0,0.0
2021-05-12,Sideways,1,8.583652889063271e-10,0.9981977857388078,0.0018022134035569567,0.0,0.0
2021-05-13,Sideways,1,3.2696070430831624e-10,0.9999819185429614,1.8081130755003133e-05,0.0,0.0
2021-05-14,Sideways,1,2.703184960404445e-10,0.9999999637111621,3.6018190794465076e-08,0.0,0.0
2021-05-17,Sideways,1,1.8832431780563608e-10,0.9999972386614826,2.761150380331767e-06,0.0,0.0
2021-05-18,Sideways,1,2.3529484787143714e-10,0.9999904928460551,9.506919495211486e-06,0.0,0.0
2021-05-19,Sideways,1,6.256555618079771e-10,0.9999976924145152,2.3069606502952917e-06,0.0,0.0
2021-05-20,Sideways,1,1.331114351363506e-10,0.9999969134944307,3.086372668950574e-06,0.0,0.0
2021-05-21,Sideways,1,1.2439351862055234e-10,0.9999975048771581,2.4949986803352647e-06,0.0,0.0
2021-05-24,Sideways,1,9.781291312782192e-11,0.9999979303705503,2.069530786582245e-06,0.0,0.0
2021-05-25,Sideways,1,1.4523540827445508e-10,0.9999908527661313,9.147087989250794e-06,0.0,0.0
2021-05-26,Sideways,1,1.6636103676933276e-10,0.9999930916330755,6.908200074851967e-06,0.0,0.0
2021-05-27,Sideways,1,1.316650055598595e-10,0.9999720334289923,2.7966439860136835e-05,0.0,0.0
2021-05-28,Sideways,1,1.9399182537514192e-10,0.9999723410788462,2.765872724314491e-05,0.0,0.0
2021-06-01,Sideways,1,1.4784406613103188e-10,0.9998889165383241,0.00011108331455117526,0.0,0.0
2021-06-02,Sideways,1,1.6909540710750678e-10,0.99984518399097,0.00015481583966576114,0.0,0.0
2021-06-03,Sideways,1,2.2335016046987457e-10,0.9996931977964574,0.00030680197930416537,0.0,0.0
2021-06-04,Sideways,1,1.2692990080759188e-10,0.9993813908875709,0.0006186089857904026,0.0,0.0
2021-06-07,Sideways,1,4.180045778330112e-10,0.9962365982212609,0.0037634013607314477,0.0,0.0
2021-06-08,Sideways,1,4.485341816724395e-09,0.9802145863125998,0.01978540920285945,0.0,0.0
2021-06-09,Sideways,1,9.45239938180329e-09,0.8412606036835159,0.15873938686321387,0.0,0.0
2021-06-10,Sideways,1,1.3201767869006539e-08,0.5476480883061606,0.4523518984912899,0.0,0.0
2021-06-11,Unknown,2,1.917005594483309e-08,0.12229813228269748,0.8777018485472401,0.0,0.0
2021-06-14,Unknown,2,6.970872161699862e-10,0.004019073808053211,0.9959809254951035,0.0,0.0
2021-06-15,Unknown,2,2.4492842676470027e-11,4.7052920844306056e-05,0.9999529470543952,0.0,0.0
2021-06-16,Unknown,2,1.1784534618764184e-12,2.0058448352373223e-05,0.9999799415501843,0.0,0.0
2021-06-17,Unknown,2,2.8194321465838174e-13,1.2541687010434756e-05,0.9999874583122382,0.0,0.0
2021-06-18,Unknown,2,3.097355194693367e-12,0.00023849171143319807,0.9997615082849257,0.0,0.0
2021-06-21,Unknown,2,2.760755141330068e-12,8.016173924353656e-05,0.999919838258272,0.0,0.0
2021-06-22,Unknown,2,8.006545228207981e-13,6.563322628802707e-05,0.9999343667735029,0.0,0.0
2021-06-23,Unknown,2,4.445464459327829e-13,1.8573043953591028e-05,0.9999814269555327,0.0,0.0
2021-06-24,Unknown,2,1.113405795682903e-13,3.0221403849111037e-05,0.9999697785952961,0.0,0.0
2021-06-25,Unknown,2,6.015441880701026e-12,0.00036443390118602343,0.9996355660932322,0.0,0.0
2021-06-28,Unknown,2,2.675985279755438e-12,3.1949798902229285e-05,0.9999680501980012,0.0,0.0
2021-06-29,Unknown,2,1.431035989494212e-13,1.3875022861992342e-05,0.999986124977875,0.0,0.0
2021-06-30,Unknown,2,9.662742902235599e-14,1.649715609683037e-05,0.9999835028444259,0.0,0.0
2021-07-01,Unknown,2,5.4424780759298135e-14,1.233484448131947e-05,0.9999876651560454,0.0,0.0
2021-07-02,Unknown,2,4.524376834466931e-14,1.780476130346015e-05,0.9999821952390265,0.0,0.0
2021-07-06,Unknown,2,5.542952951567984e-14,7.886566839284302e-06,0.9999921134332852,0.0,0.0
2021-07-07,Unknown,2,2.7495831994602105e-14,8.735518672785892e-06,0.9999912644816065,0.0,0.0
2021-07-08,Unknown,2,1.5207161806297455e-13,3.102580583697351e-05,0.9999689741936948,0.0,0.0
2021-07-09,Unknown,2,7.608818893833051e-14,1.4450259647285293e-05,0.9999855497397181,0.0,0.0
2021-07-12,Unknown,2,2.915709963643544e-14,1.1143772331701097e-05,0.9999888562272383,0.0,0.0
2021-07-13,Unknown,2,3.8451613322874694e-14,1.392176217055785e-05,0.9999860782377729,0.0,0.0
2021-07-14,Unknown,2,4.297188428295483e-14,2.648625265025863e-05,0.9999735137477477,0.0,0.0
2021-07-15,Unknown,2,2.43262619814674e-13,0.0008715213081290277,0.9991284786915136,0.0,0.0
2021-07-16,Unknown,2,2.9009372596753264e-12,0.016108312032659958,0.9838916879635438,0.0,0.0
2021-07-19,Unknown,2,2.6549531404577724e-10,0.1754011492130728,0.8245988505222597,0.0,0.0
2021-07-20,Unknown,2,5.616057423280035e-09,0.18409588438015523,0.8159041100040482,0.0,0.0
2021-07-21,Unknown,2,8.77776773032991e-09,0.14536951046327998,0.8546304807587802,0.0,0.0
2021-07-22,Unknown,2,2.3710047783707602e-09,0.08211845112082103,0.9178815465083949,0.0,0.0
2021-07-23,Unknown,2,9.57533838154203e-10,0.06683524338685534,0.9331647556553545,0.0,0.0
2021-07-26,Unknown,2,9.215904260598342e-09,0.06016783448577176,0.939832156297618,0.0,0.0
2021-07-27,Unknown,2,1.2193913425829956e-09,0.009022734903096841,0.9909772638776665,0.0,0.0
2021-07-28,Unknown,2,7.879490019235668e-11,0.0007056150528524127,0.999294384868556,0.0,0.0
2021-07-29,Unknown,2,5.163078412085415e-12,0.00011422078068821052,0.9998857792132857,0.0,0.0
2021-07-30,Unknown,2,1.253506374044288e-12,0.00010487571182481456,0.9998951242861408,0.0,0.0
2021-08-02,Unknown,2,1.9876528652745685e-12,0.00013434628757447848,0.9998656537112678,0.0,0.0
2021-08-03,Unknown,2,1.4763507674867123e-12,9.144856927343745e-05,0.999908551429872,0.0,0.0
2021-08-04,Unknown,2,1.6185965469843152e-12,0.00011874716047870389,0.9998812528380396,0.0,0.0
2021-08-05,Unknown,2,1.681038125485951e-12,0.0001270522560478768,0.999872947742062,0.0,0.0
2021-08-06,Unknown,2,1.0717064086321122e-12,7.139702229167047e-05,0.9999286029765543,0.0,0.0
2021-08-09,Unknown,2,1.3158528365683682e-12,6.065474615575858e-05,0.9999393452532171,0.0,0.0
2021-08-10,Unknown,2,7.599306029219618e-13,4.082459144505837e-05,0.9999591754078884,0.0,0.0
2021-08-11,Unknown,2,4.595050419061697e-13,3.894796625213581e-05,0.999961052033514,0.0,0.0
2021-08-12,Unknown,2,2.9539409485334434e-13,2.9883764668547674e-05,0.9999701162350569,0.0,0.0
2021-08-13,Unknown,2,1.7476252493788277e-13,2.4548403434597354e-05,0.9999754515968575,0.0,0.0
2021-08-16,Unknown,2,1.43591247915748e-13,2.0441358262383836e-05,0.999979558642479,0.0,0.0
2021-08-17,Unknown,2,4.672210022999711e-13,2.3853258773507214e-05,0.9999761467413955,0.0,0.0
2021-08-18,Unknown,2,9.433452256695693e-13,2.5674338714941706e-05,0.9999743256597773,0.0,0.0
2021-08-19,Unknown,2,6.853254454969256e-13,1.680708407148899e-05,0.9999831929156204,0.0,0.0
2021-08-20,Unknown,2,4.2013926837085936e-13,2.578625377205615e-05,0.999974213745696,0.0,0.0
2021-08-23,Unknown,2,1.1364206844934133e-12,3.005632802403447e-05,0.9999699436708852,0.0,0.0
2021-08-24,Unknown,2,3.7640087560507403e-13,8.201170909727758e-06,0.9999917988288656,0.0,0.0
2021-08-25,Unknown,2,2.5403537816346764e-13,1.5000106213233657e-05,0.999984999892784,0.0,0.0
2021-08-26,Unknown,2,6.813226707517746e-13,1.9590991771389708e-05,0.9999804090066418,0.0,0.0
2021-08-27,Unknown,2,2.145919252516556e-13,1.0428711037809556e-05,0.9999895712879068,0.0,0.0
2021-08-30,Unknown,2,7.412479061153886e-14,8.183255554975545e-06,0.9999918167439454,0.0,0.0
2021-08-31,Unknown,2,4.4639539590476764e-14,5.989105548518898e-06,0.9999940108952792,0.0,0.0
2021-09-01,Unknown,2,3.3562001691055346e-14,3.891802010480147e-06,0.9999961081978896,0.0,0.0
2021-09-02,Unknown,2,3.801009699893008e-14,5.517972776283275e-06,0.9999944820271949,0.0,0.0
2021-09-03,Unknown,2,3.3158772539578134e-14,3.0307392501134845e-06,0.9999969692608371,0.0,0.0
2021-09-07,Unknown,2,2.8926979885265896e-14,4.7550853263025745e-06,0.999995244914708,0.0,0.0
2021-09-08,Unknown,2,5.2505246274630665e-14,5.453055303055158e-06,0.9999945469447516,0.0,0.0
2021-09-09,Unknown,2,1.2232620623165597e-13,1.1271811345274485e-05,0.9999887281881902,0.0,0.0
2021-09-10,Unknown,2,1.4582714208684235e-12,6.466354505507749e-05,0.9999353364535944,0.0,0.0
2021-09-13,Unknown,2,3.575692264538422e-12,4.09262030213025e-05,0.9999590737941989,0.0,0.0
2021-09-14,Unknown,2,5.034650503687226e-12,8.448405677376523e-05,0.9999155159386048,0.0,0.0
2021-09-15,Unknown,2,3.705044171256304e-12,0.00019977443785950189,0.9998002255575397,0.0,0.0
2021-09-16,Unknown,2,3.201263108300474e-12,0.0019565087799033104,0.9980434912175317,0.0,0.0
2021-09-17,Unknown,2,3.7925543173667634e-11,0.042401075304653896,0.9575989246578223,0.0,0.0
2021-09-20,Sideways,1,1.1063905723834703e-09,0.7584173223099718,0.24158267658290017,0.0,0.0
2021-09-21,Sideways,1,1.7387024653474815e-08,0.9221353700787962,0.07786461253345033,0.0,0.0
2021-09-22,Sideways,1,1.0095088823351835e-08,0.9983361738403441,0.0016638160641834084,0.0,0.0
2021-09-23,Sideways,1,6.52474522745526e-09,0.9999966658161716,3.3276583132229905e-06,0.0,0.0
2021-09-24,Sideways,1,5.28411069772442e-09,0.9999740743765125,2.5920340115364562e-05,0.0,0.0
2021-09-27,Sideways,1,1.1560526165666019e-08,0.9999609560546432,3.903238558567761e-05,0.0,0.0
2021-09-28,Sideways,1,8.713253327078246e-08,0.9999993282874566,5.845802494809759e-07,0.0,0.0
2021-09-29,Sideways,1,2.4058782477756328e-08,0.9999954144018922,4.561538528978823e-06,0.0,0.0
2021-09-30,Sideways,1,3.7259642794562144e-08,0.99999984031639,1.2242385934957789e-07,0.0,0.0
2021-10-01,Sideways,1,1.1816673138613826e-08,0.9999999809388103,7.244808066251782e-09,0.0,0.0
2021-10-04,Sideways,1,3.479538844669627e-08,0.999999963205483,1.9983665358068605e-09,0.0,0.0
2021-10-05,Sideways,1,1.563376043030187e-08,0.9999999813662728,2.999617816861577e-09,0.0,0.0
2021-10-06,Sideways,1,1.0999209410565606e-08,0.9999999868414308,2.160006208985531e-09,0.0,0.0
2021-10-07,Sideways,1,9.743663014589307e-09,0.9999999901010597,1.5575109665653691e-10,0.0,0.0
2021-10-08,Sideways,1,9.304152471839661e-09,0.9999999856190699,5.076747055776617e-09,0.0,0.0
2021-10-11,Sideways,1,4.614224153293394e-08,0.9999999510455394,2.811388981350217e-09,0.0,0.0
2021-10-12,Sideways,1,3.2300528186018395e-08,0.9999999429674079,2.473284393755092e-08,0.0,0.0
2021-10-13,Sideways,1,2.1206022687471695e-08,0.9999999448591568,3.393557426886427e-08,0.0,0.0
2021-10-14,Sideways,1,7.3657554509872916e-09,0.9999999914980435,1.1353009776677076e-09,0.0,0.0
2021-10-15,Sideways,1,5.925912288600316e-09,0.9999999916835804,2.3903245650854743e-09,0.0,0.0
2021-10-18,Sideways,1,9.635220421799937e-09,0.9999999853444025,5.020844060973666e-09,0.0,0.0
2021-10-19,Sideways,1,2.3293447878011658e-08,0.9999999733645385,3.342053640678188e-09,0.0,0.0
2021-10-20,Sideways,1,2.7931117166304832e-08,0.9999999652354751,6.834259275965317e-09,0.0,0.0
2021-10-21,Sideways,1,1.2136411628458802e-08,0.9999967702767523,3.2175876481913274e-06,0.0,0.0
2021-10-22,Sideways,1,1.7858350759787898e-08,0.9999360711380109,6.391100327762591e-05,0.0,0.0
2021-10-25,Sideways,1,3.346334973804919e-08,0.9994020060615195,0.0005979604747770879,0.0,0.0
2021-10-26,Sideways,1,1.1540671639593208e-07,0.9895611602337613,0.010438724359412897,0.0,0.0
2021-10-27,Sideways,1,3.966489027662401e-07,0.9363629651788498,0.06363663817214259,0.0,0.0
2021-10-28,Sideways,1,2.9481759682358824e-07,0.850044236154024,0.14995546902780588,0.0,0.0
2021-10-29,Sideways,1,2.8965237074568034e-06,0.7498777701007453,0.2501193333760371,0.0,0.0
2021-11-01,Unknown,2,7.330964528326698e-07,0.3509414124696634,0.6490578544338863,0.0,0.0
2021-11-02,Unknown,2,2.685776764968172e-06,0.2214655348984592,0.778531779324534,0.0,0.0
2021-11-03,Unknown,2,1.1816078554678517e-06,0.07174143637837851,0.9282573820141823,0.0,0.0
2021-11-04,Unknown,2,9.48484659869705e-08,0.006685594615897348,0.9933143105348674,0.0,0.0
2021-11-05,Unknown,2,4.800686237337423e-09,0.0003222629801652042,0.9996777322194218,0.0,0.0
2021-11-08,Unknown,2,5.016166575787244e-10,0.00010697091273780117,0.9998930285848842,0.0,0.0
2021-11-09,Unknown,2,4.975047244230669e-10,0.0003348768644654828,0.999665122638316,0.0,0.0
2021-11-10,Unknown,2,3.1733100428073797e-09,0.0010195599105041083,0.9989804369168135,0.0,0.0
2021-11-11,Unknown,2,5.260361513989273e-09,0.0005571341309324783,0.9994428606096134,0.0,0.0
2021-11-12,Unknown,2,2.80105625308027e-10,1.4985737785558888e-05,0.9999850139824646,0.0,0.0
2021-11-15,Unknown,2,4.69528367951129e-12,3.747888138495053e-06,0.9999962521066866,0.0,0.0
2021-11-16,Unknown,2,5.512994631482473e-13,1.6606290717431233e-06,0.9999983393695548,0.0,0.0
2021-11-17,Unknown,2,2.450130527796117e-13,1.3257434418092618e-06,0.9999986742559179,0.0,0.0
2021-11-18,Unknown,2,1.5354760428750107e-13,9.073047314557594e-07,0.999999092695773,0.0,0.0
2021-11-19,Unknown,2,1.0154802262061681e-13,8.728643083678358e-07,0.9999991271364878,0.0,0.0
2021-11-22,Unknown,2,9.519558815672504e-14,1.1949210181089907e-06,0.9999988050792898,0.0,0.0
2021-11-23,Unknown,2,2.181683529440015e-13,1.5519577658905562e-06,0.9999984480412641,0.0,0.0
2021-11-24,Unknown,2,3.093248107609925e-13,8.08218594696305e-05,0.9999191781401292,0.0,0.0
2021-11-26,Unknown,2,1.5449583974577697e-11,0.05032260837439524,0.9496773916098032,0.0,0.0
2021-11-29,Unknown,2,5.2884384158054105e-09,0.15903295573065182,0.8409670389807816,0.0,0.0
2021-11-30,Sideways,1,1.583555690349115e-08,0.9448565213991365,0.05514346276453229,0.0,0.0
2021-12-01,Sideways,1,1.3151139776807966e-07,0.9999507568383166,4.911164994408566e-05,0.0,0.0
2021-12-02,Sideways,1,1.0386282102058786e-07,0.9999998854546058,1.0682216612068903e-08,0.0,0.0
2021-12-03,Sideways,1,5.361778136042155e-08,0.9999985445075842,1.401873906420839e-06,0.0,0.0
2021-12-06,Sideways,1,9.577532818834407e-08,0.9999999021329179,2.0915483951298436e-09,0.0,0.0
2021-12-07,Sideways,1,2.5004816948626683e-08,0.9999999749707061,2.4584248044280407e-11,0.0,0.0
2021-12-08,Sideways,1,1.3897021670886496e-08,0.9999999860629033,3.9201310938183324e-11,0.0,0.0
2021-12-09,Sideways,1,1.6675880711396888e-08,0.9999999613046392,2.20189622973387e-08,0.0,0.0
2021-12-10,Sideways,1,8.733816759112001e-09,0.9999999901137926,1.1523482675583825e-09,0.0,0.0
2021-12-13,Sideways,1,1.438764293313884e-08,0.9999999170140689,6.85978726665747e-08,0.0,0.0
2021-12-14,Sideways,1,3.377222870525728e-08,0.9999998047224117,1.6150476273508738e-07,0.0,0.0
2021-12-15,Sideways,1,1.7932818840335147e-08,0.9999999723204386,9.746255332352902e-09,0.0,0.0
2021-12-16,Sideways,1,2.7726346652211512e-08,0.999999942445358,2.9827388870163926e-08,0.0,0.0
2021-12-17,Sideways,1,7.117046913365303e-08,0.9999999246010731,4.227975308691238e-09,0.0,0.0
2021-12-20,Sideways,1,2.3194998659534305e-07,0.9999997678260385,2.2409443851421777e-10,0.0,0.0
2021-12-21,Sideways,1,2.864819634032548e-08,0.999999971245416,1.0650196338266578e-10,0.0,0.0
2021-12-22,Sideways,1,2.1932837050673878e-08,0.9999999780502551,1.629099138366715e-11,0.0,0.0
2021-12-23,Sideways,1,1.1407487914191047e-08,0.9999999885349099,5.779110693811051e-11,0.0,0.0
2021-12-27,Sideways,1,6.821469701439556e-09,0.9999999931787897,4.4690230398636094e-13,0.0,0.0
2021-12-28,Sideways,1,2.018505207426687e-08,0.9999999798146748,3.0961655038427025e-13,0.0,0.0
2021-12-29,Sideways,1,1.0602787978844817e-08,0.9999999886495062,7.478194389060793e-10,0.0,0.0
2021-12-30,Sideways,1,1.5395309537732754e-08,0.9999998983385064,8.626584499270426e-08,0.0,0.0
2021-12-31,Sideways,1,3.1723999292023214e-08,0.9999998630955909,1.0518124408713264e-07,0.0,0.0
2022-01-03,Sideways,1,1.0461821132717497e-08,0.9999959566439318,4.032895072366666e-06,0.0,0.0
2022-01-04,Sideways,1,1.6824560212726646e-08,0.9999979151692874,2.0680066442807053e-06,0.0,0.0
2022-01-05,Sideways,1,7.921137830613188e-08,0.9999998729217704,4.786658235060561e-08,0.0,0.0
2022-01-06,Sideways,1,6.154172879638067e-08,0.9999986866777801,1.2517807968265096e-06,0.0,0.0
2022-01-07,Sideways,1,6.773023986480274e-08,0.9999990969503855,8.353196251245267e-07,0.0,0.0
2022-01-10,Sideways,1,3.5778506989137746e-08,0.9999987935796527,1.1706423813159115e-06,0.0,0.0
2022-01-11,Sideways,1,1.8645115465846958e-08,0.9999962443068893,3.7370488494187198e-06,0.0,0.0
2022-01-12,Sideways,1,1.5163586499157627e-08,0.9999901563635559,9.828472998927613e-06,0.0,0.0
2022-01-13,Sideways,1,5.76794557268827e-08,0.9999990565088314,8.858110717045165e-07,0.0,0.0
2022-01-14,Sideways,1,4.840484322164269e-08,0.9999964461430348,3.505452987275722e-06,0.0,0.0
2022-01-18,Sideways,1,2.4165460906126863e-07,0.9999996991537499,5.9192074077651e-08,0.0,0.0
2022-01-19,Sideways,1,2.921277618786709e-07,0.9999997049545053,2.9185260188433198e-09,0.0,0.0
2022-01-20,Sideways,1,1.0194351097419097e-06,0.9999989805624603,1.6052238571179787e-12,0.0,0.0
2022-01-21,Sideways,1,2.5587989706260715e-06,0.9999974411999569,9.074197293003096e-13,0.0,0.0
2022-01-24,Sideways,1,1.1015839715084008e-06,0.999998898415167,1.9218311228090078e-14,0.0,0.0
2022-01-25,Sideways,1,1.997237770624521e-06,0.9999980027625434,6.867204662164897e-14,0.0,0.0
2022-01-26,Sideways,1,2.26069545268753e-06,0.999997739304317,5.0768604884234107e-14,0.0,0.0
2022-01-27,Sideways,1,2.566340720895955e-06,0.9999974336584462,1.0968329593538507e-14,0.0,0.0
2022-01-28,Sideways,1,7.15525787467534e-07,0.9999992844734893,5.239658870811406e-20,0.0,0.0
2022-01-31,Sideways,1,4.808508158374792e-07,0.9999995191484478,6.673041550438248e-24,0.0,0.0
2022-02-01,Sideways,1,2.790341476251642e-07,0.9999997209652455,2.944465174936399e-23,0.0,0.0
2022-02-02,Sideways,1,4.950322045523278e-07,0.9999995049676134,5.891535928446578e-24,0.0,0.0
2022-02-03,Sideways,1,1.9515359400053198e-05,0.9999804846405612,6.756825031086434e-24,0.0,0.0
2022-02-04,Sideways,1,4.7694176194177694e-06,0.9999952305829588,3.132753263695252e-16,0.0,0.0
2022-02-07,Sideways,1,4.07281126918143e-05,0.99995927188679,9.472278821255697e-15,0.0,0.0
2022-02-08,Sideways,1,0.0007041338760905107,0.9992958661236425,2.658900319878032e-15,0.0,0.0
2022-02-09,Sideways,1,0.01488183696114,0.9851181630386674,4.220340397883577e-17,0.0,0.0
2022-02-10,Sideways,1,0.24476302859314297,0.7552369714062124,4.6074148505963476e-17,0.0,0.0
2022-02-11,Bull,0,0.9054515898228442,0.09454841017798535,1.3249602165460068e-19,0.0,0.0
2022-02-14,Bull,0,0.9578925030491262,0.04210749695067106,2.8905176023876506e-18,0.0,0.0
2022-02-15,Bull,0,0.9676772270388121,0.032322772961187164,1.168283210931089e-18,0.0,0.0
2022-02-16,Bull,0,0.9823188654888116,0.01768113451049681,3.7690689534538504e-20,0.0,0.0
2022-02-17,Bull,0,0.9993200942425415,0.0006799057575325594,7.70094795653698e-23,0.0,0.0
2022-02-18,Bull,0,0.9999954400458875,4.559954584927401e-06,2.358195152614073e-26,0.0,0.0
2022-02-22,Bull,0,0.9999999817191567,1.828047829093406e-08,3.621598931129821e-28,0.0,0.0
2022-02-23,Bull,0,0.9999999943483999,5.651265993159123e-09,5.922923781402305e-31,0.0,0.0
2022-02-24,Bull,0,0.9999999285428228,7.145779974782023e-08,0.0,0.0,0.0
2022-02-25,Bear,3,0.0,0.0,0.0,0.9999728291730814,2.7170827774199696e-05
2022-02-28,Bear,3,0.0,0.0,0.0,1.0,4.972787645430035e-80
2022-03-01,Bull,0,0.99999741012806,2.5898713427892483e-06,0.0,0.0,0.0
2022-03-02,Bull,0,0.9999994402643754,5.597347234415784e-07,2.379611523260825e-31,0.0,0.0
2022-03-03,Bull,0,0.9999990991968353,9.008036847433304e-07,4.828930821020368e-27,0.0,0.0
2022-03-04,Bull,0,0.9999990277670073,9.722322155966532e-07,2.8781663706701654e-26,0.0,0.0
2022-03-07,Bull,0,0.9999999945921445,5.4079770316794885e-09,7.139428843742592e-30,0.0,0.0
2022-03-08,Bull,0,0.9999999062165488,9.378341009931163e-08,0.0,0.0,0.0
2022-03-09,Bear,3,0.0,0.0,0.0,0.9999607534035099,3.924659726066144e-05
2022-03-10,Bear,3,0.0,0.0,0.0,0.9999961233591075,3.876641751556733e-06
2022-03-11,Bear,3,0.0,0.0,0.0,0.9999939210559347,6.078944401336757e-06
2022-03-14,Bear,3,0.0,0.0,0.0,0.9999950030394096,4.996961058017466e-06
2022-03-15,Bear,3,0.0,0.0,0.0,0.9999974972428787,2.5027579429067684e-06
2022-03-16,Bear,3,0.0,0.0,0.0,0.9999967526271551,3.2473733188956687e-06
2022-03-17,Bear,3,0.0,0.0,0.0,0.9999981274522067,1.8725476478296597e-06
2022-03-18,Bear,3,0.0,0.0,0.0,0.9999978699875048,2.1300133221842396e-06
2022-03-21,Bear,3,0.0,0.0,0.0,0.9999934428848404,6.557115911744546e-06
2022-03-22,Bear,3,0.0,0.0,0.0,0.9999962520030046,3.747996996698724e-06
2022-03-23,Bear,3,0.0,0.0,0.0,0.9999954177597312,4.582239382686352e-06
2022-03-24,Bear,3,0.0,0.0,0.0,0.9999922096097771,7.79039042487569e-06
2022-03-25,Bear,3,0.0,0.0,0.0,1.0,6.411992460209518e-80
2022-03-28,Bull,0,0.9999990149249547,9.850759040340026e-07,0.0,0.0,0.0
2022-03-29,Bull,0,0.999999995199687,4.800463960757272e-09,1.4047330385571772e-22,0.0,0.0
2022-03-30,Bull,0,0.9999999922438292,7.756310254560638e-09,3.856369620195432e-25,0.0,0.0
2022-03-31,Bull,0,0.9999999986393959,1.3605394116386301e-09,2.4671241028996718e-24,0.0,0.0
2022-04-01,Bull,0,0.9999999976625986,2.337785434512158e-09,1.0718329872916008e-22,0.0,0.0
2022-04-04,Bull,0,0.9999999970114004,2.989107808820866e-09,5.694404777329222e-22,0.0,0.0
2022-04-05,Bull,0,0.9999999976771505,2.322802538918226e-09,1.1907426286734678e-24,0.0,0.0
2022-04-06,Bull,0,0.9999999985539034,1.4465409989542751e-09,9.237533057951793e-25,0.0,0.0
2022-04-07,Bull,0,0.9999998996481786,1.003514358696263e-07,3.5737970445465314e-17,0.0,0.0
2022-04-08,Bull,0,0.9999999106166837,8.938346091491896e-08,1.0802473233356173e-18,0.0,0.0
2022-04-11,Bull,0,0.9999999891897461,1.0810147873723317e-08,8.79805567892973e-24,0.0,0.0
2022-04-12,Bull,0,0.999999989375283,1.062395693715467e-08,1.1171726700288346e-22,0.0,0.0
2022-04-13,Bull,0,0.9999997248906235,2.7510955753195497e-07,1.206381042158413e-16,0.0,0.0
2022-04-14,Bull,0,0.9999992525684385,7.474309077724801e-07,5.1580112905243585e-14,0.0,0.0
2022-04-18,Bull,0,0.9999988149782184,1.1850203281147274e-06,7.445947100518509e-13,0.0,0.0
2022-04-19,Bull,0,0.9999979349252903,2.065073686381869e-06,6.018141209951897e-13,0.0,0.0
2022-04-20,Bull,0,0.9999975236054265,2.476393948369434e-06,1.6089576216981067e-13,0.0,0.0
2022-04-21,Bull,0,0.9999994291303476,5.708704125848349e-07,1.5026675793623848e-14,0.0,0.0
2022-04-22,Bull,0,0.9999998745170239,1.2548285968217488e-07,7.558947522819814e-19,0.0,0.0
2022-04-25,Bull,0,0.9999997439190665,2.5608123967642293e-07,5.801746630304439e-20,0.0,0.0
2022-04-26,Bull,0,0.9999999983556336,1.6439915557459761e-09,1.5482647967446816e-30,0.0,0.0
2022-04-27,Bull,0,0.999999998975909,1.024530959003038e-09,3.3778019081267e-32,0.0,0.0
2022-04-28,Bull,0,0.9999999876035873,1.2397163769040848e-08,0.0,0.0,0.0
2022-04-29,Bear,3,0.0,0.0,0.0,0.9999192091604867,8.079084037398907e-05
2022-05-02,Bear,3,0.0,0.0,0.0,0.9999940464126542,5.953587397006727e-06
2022-05-03,Bear,3,0.0,0.0,0.0,0.999997888079135,2.111921150901534e-06
2022-05-04,Bear,3,0.0,0.0,0.0,0.9999974412290608,2.558770823908203e-06
2022-05-05,Bear,3,0.0,0.0,0.0,0.9999949746396702,5.0253606186443755e-06
2022-05-06,Bear,3,0.0,0.0,0.0,0.9999984941925928,1.5058066270535255e-06
2022-05-09,Bear,3,0.0,0.0,0.0,0.9999948164265986,5.183572699895365e-06
2022-05-10,Bear,3,0.0,0.0,0.0,0.9999946339701908,5.3660292784824205e-06
2022-05-11,Bear,3,0.0,0.0,0.0,0.9999382555833658,6.174441660429996e-05
2022-05-12,Bear,3,0.0,0.0,0.0,0.9999962721118573,3.7278880728660135e-06
2022-05-13,Bear,3,0.0,0.0,0.0,0.9999933314451914,6.668553902122401e-06
2022-05-16,Bear,3,0.0,0.0,0.0,0.9999993011572482,6.988420778881544e-07
2022-05-17,Bear,3,0.0,0.0,0.0,0.9999966814612474,3.318538477759922e-06
2022-05-18,Bear,3,0.0,0.0,0.0,0.9999934728597706,6.527140853668926e-06
2022-05-19,Bear,3,0.0,0.0,0.0,0.9999953529057823,4.647094530060688e-06
2022-05-20,Bear,3,0.0,0.0,0.0,0.9999938430035769,6.1569960412379265e-06
2022-05-23,Bear,3,0.0,0.0,0.0,0.999993478906052,6.52109315939385e-06
2022-05-24,Bear,3,0.0,0.0,0.0,0.9999851068022881,1.4893197228466397e-05
2022-05-25,Bear,3,0.0,0.0,0.0,0.9999989352423866,1.0647579782033633e-06
2022-05-26,Bear,3,0.0,0.0,0.0,0.9999960032098734,3.996790964741922e-06
2022-05-27,Bear,3,0.0,0.0,0.0,0.9999911288880541,8.871112607294593e-06
2022-05-31,Bear,3,0.0,0.0,0.0,0.999997329467006,2.6705325372770783e-06
2022-06-01,Bear,3,0.0,0.0,0.0,0.9999967847394904,3.2152596531423172e-06
2022-06-02,Bear,3,0.0,0.0,0.0,0.9999928985268751,7.101472949055338e-06
2022-06-03,Bear,3,0.0,0.0,0.0,0.9999963318727142,3.668126928880757e-06
2022-06-06,Bear,3,0.0,0.0,0.0,0.9999983627326162,1.637268056510937e-06
2022-06-07,Bear,3,0.0,0.0,0.0,0.9999980735429201,1.926456381288134e-06
2022-06-08,Bear,3,0.0,0.0,0.0,0.9999924916801252,7.508319442063989e-06
2022-06-09,Bear,3,0.0,0.0,0.0,0.9999922417001387,7.758299075134501e-06
2022-06-10,Bear,3,0.0,0.0,0.0,0.9999880408255446,1.1959173587559281e-05
2022-06-13,Bear,3,0.0,0.0,0.0,0.9999626725548431,3.732744483958001e-05
2022-06-14,Bear,3,0.0,0.0,0.0,0.999997662253922,2.337746143852681e-06
2022-06-15,Bear,3,0.0,0.0,0.0,0.9999995867475208,4.1325199592332654e-07
2022-06-16,Bear,3,0.0,0.0,0.0,0.9999999565388872,4.346085933053156e-08
2022-06-17,Bear,3,0.0,0.0,0.0,0.9999999991523509,8.469860414254343e-10
2022-06-21,Bear,3,0.0,0.0,0.0,0.9999999997453415,2.5500549249944916e-10
2022-06-22,Bear,3,0.0,0.0,0.0,0.9999999998672138,1.3299997145829722e-10
2022-06-23,Bear,3,0.0,0.0,0.0,0.99999999981992,1.8081622513043016e-10
2022-06-24,Bear,3,0.0,0.0,0.0,0.9999999983992893,1.6004868997544346e-09
2022-06-27,Bear,3,0.0,0.0,0.0,0.9999999993415258,6.584217368689343e-10
2022-06-28,Bear,3,0.0,0.0,0.0,0.999999999825377,1.7538458375101114e-10
2022-06-29,Bear,3,0.0,0.0,0.0,0.9999999999126885,8.766691266955038e-11
2022-06-30,Bear,3,0.0,0.0,0.0,0.9999999999508873,4.937705405665226e-11
2022-07-01,Bear,3,0.0,0.0,0.0,0.9999999998908606,1.0988856963647339e-10
2022-07-05,Bear,3,0.0,0.0,0.0,0.9999999999472493,5.2328468587133564e-11
2022-07-06,Bear,3,0.0,0.0,0.0,0.9999999999745341,2.503421192348917e-11
2022-07-07,Bear,3,0.0,0.0,0.0,0.9999999999599822,3.973941546899857e-11
2022-07-08,Bear,3,0.0,0.0,0.0,0.9999999999399733,5.987885933873059e-11
2022-07-11,Bear,3,0.0,0.0,0.0,0.9999999999508873,4.9510064050970227e-11
2022-07-12,Bear,3,0.0,0.0,0.0,0.9999999999745341,2.5609224644133486e-11
2022-07-13,Bear,3,0.0,0.0,0.0,1.0,4.647476733422622e-85
2022-07-14,Bull,0,0.999999999998181,1.1706206707564402e-12,0.0,0.0,0.0
2022-07-15,Bull,0,1.0,8.954611806920804e-16,1.5332863983091713e-49,0.0,0.0
2022-07-18,Bull,0,1.0,7.368250364558966e-14,1.3972038708947798e-42,0.0,0.0
2022-07-19,Bull,0,1.0,2.2108298016619723e-15,2.631424200972115e-51,0.0,0.0
2022-07-20,Bull,0,1.0,1.0761341827536666e-14,2.7789441800370155e-46,0.0,0.0
2022-07-21,Bull,0,0.999999999998181,1.39594477056824e-12,1.0573115498423307e-38,0.0,0.0
2022-07-22,Bull,0,1.0,6.580096730128475e-13,8.15855841015274e-34,0.0,0.0
2022-07-25,Bull,0,0.999999999998181,2.294783937423996e-12,3.497782794157793e-33,0.0,0.0
2022-07-26,Bull,0,0.999999999990905,8.204163748334453e-12,2.6821051642416495e-26,0.0,0.0
2022-07-27,Bull,0,1.0,1.5785480915355713e-13,2.955275070611895e-29,0.0,0.0
2022-07-28,Bull,0,1.0,4.658285212419856e-14,1.6360295863391494e-30,0.0,0.0
2022-07-29,Bull,0,1.0,3.483584785765278e-14,1.517347249029047e-31,0.0,0.0
2022-08-01,Bull,0,1.0,1.1184496088099452e-13,5.717323653335674e-31,0.0,0.0
2022-08-02,Bull,0,1.0,2.712433044233715e-13,6.018958797037904e-36,0.0,0.0
2022-08-03,Bull,0,1.0,1.9264707417001552e-14,1.3221395120052238e-31,0.0,0.0
2022-08-04,Bull,0,1.0,7.31034274331982e-15,3.0698563443939275e-31,0.0,0.0
2022-08-05,Bull,0,1.0,2.006089244015536e-15,3.5170154395355243e-29,0.0,0.0
2022-08-08,Bull,0,1.0,4.8564171150482434e-15,7.612822266584004e-29,0.0,0.0
2022-08-09,Bull,0,1.0,4.053875695379606e-14,1.5199721147580752e-31,0.0,0.0
2022-08-10,Bull,0,1.0,5.003646914733574e-16,3.7322416297900573e-32,0.0,0.0
2022-08-11,Bull,0,1.0,1.0919787169308259e-15,2.1900631170141914e-33,0.0,0.0
2022-08-12,Bull,0,1.0,1.0410088995840744e-16,1.3271194128736732e-35,0.0,0.0
2022-08-15,Bull,0,1.0,2.5469132489410125e-16,2.8534233307807576e-31,0.0,0.0
2022-08-16,Bull,0,1.0,1.1570651427547985e-15,7.433273305188007e-33,0.0,0.0
2022-08-17,Bull,0,1.0,3.0138218289094165e-16,4.433643215481421e-28,0.0,0.0
2022-08-18,Bull,0,1.0,1.829452216956793e-16,1.6777378234164392e-28,0.0,0.0
2022-08-19,Bull,0,1.0,2.8468355486238514e-17,4.081236818721263e-29,0.0,0.0
2022-08-22,Bull,0,1.0,1.9222255717874693e-16,7.79399604660627e-33,0.0,0.0
2022-08-23,Bull,0,1.0,2.6252097688020145e-16,4.1428916992838096e-32,0.0,0.0
2022-08-24,Bull,0,1.0,3.9458010271074476e-15,1.4468871287182521e-32,0.0,0.0
2022-08-25,Bull,0,1.0,3.511571314366343e-16,7.805449503655064e-30,0.0,0.0
2022-08-26,Bull,0,1.0,1.1550013824179773e-14,1.339608133090083e-29,0.0,0.0
2022-08-29,Bull,0,1.0,3.240929736109998e-13,5.7919808864820705e-27,0.0,0.0
2022-08-30,Bull,0,0.999999999998181,1.8216559276432066e-12,3.102587765935808e-27,0.0,0.0
2022-08-31,Bull,0,0.999999999996362,4.007939068914563e-12,1.9595939141793044e-30,0.0,0.0
2022-09-01,Bull,0,1.0,1.3288963209232037e-13,1.3921270962071595e-33,0.0,0.0
2022-09-02,Bull,0,0.9999999999181455,8.097327915887634e-11,2.4502301894098848e-26,0.0,0.0
2022-09-06,Bull,0,0.9999999998071871,1.9243523807299017e-10,1.401284109655459e-27,0.0,0.0
2022-09-07,Bull,0,0.9999999998835847,1.1695586139502756e-10,6.022321169136767e-31,0.0,0.0
2022-09-08,Bull,0,0.999999999650754,3.490504140095663e-10,6.773879421020571e-32,0.0,0.0
2022-09-09,Bull,0,0.9999999999017746,9.732918358914559e-11,1.1387319696850135e-30,0.0,0.0
2022-09-12,Bull,0,0.9999999875853974,1.2414853378896093e-08,0.0,0.0,0.0
2022-09-13,Bear,3,0.0,0.0,0.0,0.9999864710340483,1.352896611060927e-05
2022-09-14,Bear,3,0.0,0.0,0.0,0.9999993046369726,6.953622267907719e-07
2022-09-15,Bear,3,0.0,0.0,0.0,0.9999990900200421,9.099797643646066e-07
2022-09-16,Bear,3,0.0,0.0,0.0,0.9999988857677476,1.1142320065556707e-06
2022-09-19,Bear,3,0.0,0.0,0.0,0.999998475491591,1.5245080966341076e-06
2022-09-20,Bear,3,0.0,0.0,0.0,1.0,8.439543038778004e-81
2022-09-21,Bull,0,0.9999999695828596,3.041765075397162e-08,0.0,0.0,0.0
2022-09-22,Bear,3,0.0,0.0,0.0,0.9999967113180408,3.2886818163940313e-06
2022-09-23,Bear,3,0.0,0.0,0.0,1.0,4.573660960139405e-81
2022-09-26,Bull,0,0.9999999997471605,2.5215403133737514e-10,0.0,0.0,0.0
2022-09-27,Bull,0,0.9999999996871338,3.129994360767424e-10,1.3356604759283304e-40,0.0,0.0
2022-09-28,Bull,0,0.9999999997471605,2.5241597500879474e-10,3.533281830824989e-45,0.0,0.0
2022-09-29,Bull,0,0.9999999999690772,3.145551710463594e-11,1.3953764984870978e-44,0.0,0.0
2022-09-30,Bull,0,0.9999999998763087,1.2370703960568804e-10,0.0,0.0,0.0
2022-10-03,Bear,3,0.0,0.0,0.0,0.9999998779458185,1.2205491618129724e-07
2022-10-04,Bear,3,0.0,0.0,0.0,0.9999999217106992,7.828842996692935e-08
2022-10-05,Bear,3,0.0,0.0,0.0,0.9999998922867293,1.0771298203320039e-07
2022-10-06,Bear,3,0.0,0.0,0.0,0.9999999616138674,3.838543279727453e-08
2022-10-07,Bear,3,0.0,0.0,0.0,0.9999999477513497,5.2249431298060804e-08
2022-10-10,Bear,3,0.0,0.0,0.0,0.9999999590327215,4.096748616759112e-08
2022-10-11,Bear,3,0.0,0.0,0.0,1.0,1.7861417667571267e-81
2022-10-12,Bull,0,0.9999999864012353,1.3598525959812061e-08,0.0,0.0,0.0
2022-10-13,Bear,3,0.0,0.0,0.0,0.999999656351124,3.43648716385815e-07
2022-10-14,Bear,3,0.0,0.0,0.0,0.9999999931969796,6.80371790762354e-09
2022-10-17,Bear,3,0.0,0.0,0.0,0.9999999889441825,1.105504297577217e-08
2022-10-18,Bear,3,0.0,0.0,0.0,0.9999999785359253,2.1464386527876128e-08
2022-10-19,Bear,3,0.0,0.0,0.0,0.9999999710016714,2.89980180501788e-08
2022-10-20,Bear,3,0.0,0.0,0.0,0.9999999690699046,3.093029246725974e-08
2022-10-21,Bear,3,0.0,0.0,0.0,0.999999900928747,9.907123903522156e-08
2022-10-24,Bear,3,0.0,0.0,0.0,0.9999996824281474,3.175711784997556e-07
2022-10-25,Bear,3,0.0,0.0,0.0,0.9999986811116799,1.3188875000869951e-06
2022-10-26,Bear,3,0.0,0.0,0.0,0.9999984895778236,1.51042133832533e-06
2022-10-27,Bear,3,0.0,0.0,0.0,0.999998942592915,1.0574072787600718e-06
2022-10-28,Bear,3,0.0,0.0,0.0,0.9999976873904781,2.312608686671202e-06
2022-10-31,Bear,3,0.0,0.0,0.0,0.9999941664161348,5.833584007614005e-06
2022-11-01,Bear,3,0.0,0.0,0.0,0.999998679283598,1.3207171694753172e-06
2022-11-02,Bear,3,0.0,0.0,0.0,0.9999987274849357,1.2725159460563407e-06
2022-11-03,Bear,3,0.0,0.0,0.0,0.9999992070810055,7.929189764519951e-07
2022-11-04,Bear,3,0.0,0.0,0.0,1.0,4.119747166755833e-81
2022-11-07,Bull,0,0.999999999998181,1.311047837113127e-12,0.0,0.0,0.0
2022-11-08,Bull,0,1.0,4.780956913478353e-13,0.0,0.0,0.0
2022-11-09,Bear,3,0.0,0.0,0.0,0.9999888883629665,1.1111636599147162e-05
2022-11-10,Bear,3,0.0,0.0,0.0,0.9999886357772985,1.1364221932436355e-05
2022-11-11,Bear,3,0.0,0.0,0.0,0.9999981273266967,1.8726740832706086e-06
2022-11-14,Bear,3,0.0,0.0,0.0,0.9999940495340214,5.950466054222751e-06
2022-11-15,Bear,3,0.0,0.0,0.0,0.9999984885500961,1.511450713475782e-06
2022-11-16,Bear,3,0.0,0.0,0.0,0.9999950420456242,4.957955111891287e-06
2022-11-17,Bear,3,0.0,0.0,0.0,0.9999988617425627,1.138257313620624e-06
2022-11-18,Bear,3,0.0,0.0,0.0,0.9999984730214072,1.5269789990331259e-06
2022-11-21,Bear,3,0.0,0.0,0.0,0.9999995890267136,4.109735022615251e-07
2022-11-22,Bear,3,0.0,0.0,0.0,0.9999998319854199,1.680143846289367e-07
2022-11-23,Bear,3,0.0,0.0,0.0,0.9999998834719076,1.1652838471045341e-07
2022-11-25,Bear,3,0.0,0.0,0.0,0.9999997758568748,2.2414343764824077e-07
2022-11-28,Bear,3,0.0,0.0,0.0,0.9999994829214729,5.170787525143994e-07
2022-11-29,Bear,3,0.0,0.0,0.0,0.999999651476234,3.48524258704431e-07
2022-11-30,Bear,3,0.0,0.0,0.0,0.9999998953389931,1.0466134389527634e-07
2022-12-01,Bear,3,0.0,0.0,0.0,0.9999998483817878,1.5161862629811989e-07
2022-12-02,Bear,3,0.0,0.0,0.0,0.9999992113592652,7.886399174002925e-07
2022-12-05,Bear,3,0.0,0.0,0.0,0.9999964037152587,3.596285355796257e-06
2022-12-06,Bear,3,0.0,0.0,0.0,0.9999965656866008,3.434313497182206e-06
2022-12-07,Bear,3,0.0,0.0,0.0,0.9999979441584614,2.0558422035635837e-06
2022-12-08,Bear,3,0.0,0.0,0.0,0.9999986882257381,1.3117735236285451e-06
2022-12-09,Bear,3,0.0,0.0,0.0,1.0,1.1701328259556287e-79
2022-12-12,Bull,0,0.9999999989267963,1.073069209393898e-09,0.0,0.0,0.0
2022-12-13,Bull,0,0.9999999999108695,8.93907959785903e-11,5.581295768387488e-19,0.0,0.0
2022-12-14,Bull,0,0.9999999992469384,7.531416138972962e-10,1.0727282914291528e-18,0.0,0.0
2022-12-15,Bull,0,0.9999999998854037,1.141986806319209e-10,1.1671062873019013e-21,0.0,0.0
2022-12-16,Bull,0,0.999999999317879,6.818416556174597e-10,2.4961822129899817e-22,0.0,0.0
2022-12-19,Bull,0,0.999999999663487,3.3704368389548716e-10,2.2320722393957654e-25,0.0,0.0
2022-12-20,Bull,0,0.9999999999054126,9.373629020983471e-11,3.661821027466573e-29,0.0,0.0
2022-12-21,Bull,0,0.9999999999126885,8.79540251168677e-11,2.7515679671062165e-29,0.0,0.0
2022-12-22,Bull,0,0.9999999947049218,5.2944930941567905e-09,1.0218526099695855e-22,0.0,0.0
2022-12-23,Bull,0,0.999999984058377,1.594157774511978e-08,1.390953488373285e-22,0.0,0.0
2022-12-27,Bull,0,0.9999999605388447,3.94612833637935e-08,1.457525262362984e-22,0.0,0.0
2022-12-28,Bull,0,0.9999999188712569,8.112851373731977e-08,2.187036841859254e-22,0.0,0.0
2022-12-29,Bull,0,0.9999999869378372,1.3061361566367293e-08,1.0063057426592552e-25,0.0,0.0
2022-12-30,Bull,0,0.9999998390085368,1.6099071312633015e-07,4.530016244514418e-20,0.0,0.0
2023-01-03,Bull,0,0.9999998515977605,1.484016128328043e-07,2.2400006418753313e-19,0.0,0.0
2023-01-04,Bull,0,0.9999997294653806,2.705349729254866e-07,4.70808656613803e-19,0.0,0.0
2023-01-05,Bull,0,0.9999987664912955,1.2335088756293694e-06,3.4298297608274015e-18,0.0,0.0
2023-01-06,Bull,0,0.9999994730389087,5.269607528512344e-07,4.3466910366989046e-20,0.0,0.0
2023-01-09,Bull,0,0.9999989685480476,1.031452602336827e-06,4.047460027640353e-18,0.0,0.0
2023-01-10,Bull,0,0.9999985122005609,1.4877993247347315e-06,3.7467795957344584e-18,0.0,0.0
2023-01-11,Bull,0,0.9999990061683484,9.938321126039156e-07,2.127213743315441e-18,0.0,0.0
2023-01-12,Bull,0,0.9999988619790311,1.1380202599569175e-06,4.474902267225286e-20,0.0,0.0
2023-01-13,Bull,0,0.9999995631334104,4.3686663268030434e-07,3.6737354363181335e-16,0.0,0.0
2023-01-17,Bull,0,0.9999994494957415,5.505046824941407e-07,3.444977063781905e-16,0.0,0.0
2023-01-18,Bull,0,0.9999989740486659,1.0259508068042771e-06,1.2283808126930682e-14,0.0,0.0
2023-01-19,Bull,0,0.9999987828330763,1.2171669904707662e-06,5.537415221750774e-14,0.0,0.0
2023-01-20,Bull,0,0.9999987234267754,1.2765740596179086e-06,1.893483364306939e-14,0.0,0.0
2023-01-23,Bull,0,0.999998829033533,1.1709661641382108e-06,2.1972771577736975e-14,0.0,0.0
2023-01-24,Bull,0,0.9999963371896007,3.6628022923041028e-06,7.714133920805253e-12,0.0,0.0
2023-01-25,Bull,0,0.9999960070351929,3.992964495876961e-06,5.558225206371432e-14,0.0,0.0
2023-01-26,Bull,0,0.9999958440944239,4.155906254526302e-06,6.69211054539202e-16,0.0,0.0
2023-01-27,Bull,0,0.999995694434066,4.305565126398061e-06,2.7979101311766036e-13,0.0,0.0
2023-01-30,Bull,0,0.9999980991997166,1.9008008139869253e-06,9.904924831288783e-14,0.0,0.0
2023-01-31,Bull,0,0.9999941422510019,5.85770797381166e-06,4.114893234767711e-11,0.0,0.0
2023-02-01,Bull,0,0.9999946531786161,5.346818024116745e-06,3.5602389005164208e-12,0.0,0.0
2023-02-02,Bull,0,0.9999979065400196,2.0934600837527337e-06,5.132147423796275e-13,0.0,0.0
2023-02-03,Bull,0,0.9999976630360856,2.336962076569072e-06,1.0532436207786846e-12,0.0,0.0
2023-02-06,Bull,0,0.9999983749125494,1.625087778095224e-06,1.3748839969040742e-15,0.0,0.0
2023-02-07,Bull,0,0.9999948216470711,5.177997600560016e-06,3.546093456661979e-10,0.0,0.0
2023-02-08,Bull,0,0.9999966799096546,3.3200602007590595e-06,3.056328622221638e-11,0.0,0.0
2023-02-09,Bull,0,0.9999982922359808,1.707753542930626e-06,1.0157663907590716e-11,0.0,0.0
2023-02-10,Bull,0,0.9999953345977393,4.663456339554931e-06,1.946392811739739e-09,0.0,0.0
2023-02-13,Bull,0,0.9999840246148836,1.5907967988751802e-05,6.741648451236407e-08,0.0,0.0
2023-02-14,Bull,0,0.9999435427038152,5.601038581802135e-05,4.4691055325940185e-07,0.0,0.0
2023-02-15,Bull,0,0.9994401643585411,0.0005549573268228703,4.878314968989124e-06,0.0,0.0
2023-02-16,Bull,0,0.9973468620801195,0.002652483580816271,6.543395124559309e-07,0.0,0.0
2023-02-17,Bull,0,0.9939221252270873,0.006076875202070869,9.995700275119812e-07,0.0,0.0
2023-02-21,Bull,0,0.9902439149855402,0.009756066319630207,1.869567091433556e-08,0.0,0.0
2023-02-22,Bull,0,0.9760471028863712,0.023952678780150522,2.1833287251635482e-07,0.0,0.0
2023-02-23,Bull,0,0.9327154869823564,0.06728447962166521,3.339574690646843e-08,0.0,0.0
2023-02-24,Bull,0,0.7773586201481946,0.222641045920994,3.3393096573669143e-07,0.0,0.0
2023-02-27,Bull,0,0.5682745988443796,0.4317251258993247,2.75256011842689e-07,0.0,0.0
2023-02-28,Sideways,1,0.22454065272215207,0.7754567369224618,2.6103561864361196e-06,0.0,0.0
2023-03-01,Sideways,1,0.06946206459131661,0.930537246351645,6.890575889004879e-07,0.0,0.0
2023-03-02,Sideways,1,0.0330245232730866,0.9669754460806185,3.064691392191889e-08,0.0,0.0
2023-03-03,Sideways,1,0.01604684108033458,0.9839531582601283,6.598430235986312e-10,0.0,0.0
2023-03-06,Sideways,1,0.009293683303936819,0.9907063046729145,1.202256740189292e-08,0.0,0.0
2023-03-07,Sideways,1,0.00341517218503884,0.9965847315448161,9.626975769624003e-08,0.0,0.0
2023-03-08,Sideways,1,0.001626643180806593,0.9983732897016373,6.711827887535074e-08,0.0,0.0
2023-03-09,Sideways,1,0.0014775399090833248,0.99852245750748,2.5826210616488233e-09,0.0,0.0
2023-03-10,Sideways,1,0.0012241826132088141,0.9987758173627116,2.4725898075118393e-11,0.0,0.0
2023-03-13,Sideways,1,0.0007259075027613807,0.9992740924967921,9.044259488124343e-13,0.0,0.0
2023-03-14,Sideways,1,0.00024737118056099587,0.9997526288193349,8.55582576732183e-13,0.0,0.0
2023-03-15,Sideways,1,9.933336889171303e-05,0.9999006666283686,3.3525651255824326e-12,0.0,0.0
2023-03-16,Sideways,1,1.856107145003342e-05,0.9999814389278987,1.3062025668417071e-13,0.0,0.0
2023-03-17,Sideways,1,1.2236543322593817e-05,0.9999877634566631,2.5694735389257956e-14,0.0,0.0
2023-03-20,Sideways,1,3.0795745158906697e-06,0.9999969204247589,5.952062072072841e-14,0.0,0.0
2023-03-21,Sideways,1,1.8057314754544972e-06,0.9999981942690216,1.6516322394342875e-13,0.0,0.0
2023-03-22,Sideways,1,5.0587239740015995e-06,0.99999494126684,8.373354252365645e-12,0.0,0.0
2023-03-23,Sideways,1,3.8806150593730454e-06,0.9999961193227856,6.164454635232244e-11,0.0,0.0
2023-03-24,Sideways,1,2.5620511158493786e-06,0.9999974379312414,1.7257209723409116e-11,0.0,0.0
2023-03-27,Sideways,1,2.6805934802397707e-06,0.9999973192534078,1.5244480993713742e-10,0.0,0.0
2023-03-28,Sideways,1,3.1827088960329345e-06,0.9999968166099017,6.807235344691496e-10,0.0,0.0
2023-03-29,Sideways,1,2.514308141974891e-06,0.999997485679592,1.1423764636191927e-11,0.0,0.0
2023-03-30,Sideways,1,2.7393128467688814e-06,0.9999972606730129,1.4592368448854148e-11,0.0,0.0
2023-03-31,Sideways,1,1.9035460538921317e-06,0.9999980964421339,1.2669321147562096e-11,0.0,0.0
2023-04-03,Sideways,1,3.003557328495589e-06,0.9999969963327748,1.1009980778845927e-10,0.0,0.0
2023-04-04,Sideways,1,1.3844804954969174e-05,0.9999861551945082,9.29254657337014e-13,0.0,0.0
2023-04-05,Sideways,1,1.0199692159307776e-05,0.999989796836628,3.4708987613256292e-09,0.0,0.0
2023-04-06,Sideways,1,7.532475604671685e-06,0.9999924484812711,1.904374980861059e-08,0.0,0.0
2023-04-10,Sideways,1,6.354847880300127e-06,0.9999928728520223,7.723008696524416e-07,0.0,0.0
2023-04-11,Sideways,1,1.1088784777179918e-05,0.9999887160120124,1.9520256383942586e-07,0.0,0.0
2023-04-12,Sideways,1,1.3597993849093926e-05,0.9999863444541153,5.755139592314464e-08,0.0,0.0
2023-04-13,Sideways,1,4.561173361271045e-06,0.9999915317597914,3.907066878457178e-06,0.0,0.0
2023-04-14,Sideways,1,5.457705408876208e-06,0.9999899718380093,4.570456950503991e-06,0.0,0.0
2023-04-17,Sideways,1,5.4974637262716894e-06,0.9991454773021392,0.0008490252337710392,0.0,0.0
2023-04-18,Sideways,1,1.772750430830355e-05,0.9961131526865006,0.003869119809411713,0.0,0.0
2023-04-19,Sideways,1,4.924672993430346e-05,0.9709605609468073,0.028990192322695865,0.0,0.0
2023-04-20,Sideways,1,2.1106654369890306e-05,0.8293313519155127,0.17064754143017097,0.0,0.0
2023-04-21,Sideways,1,6.482824960250026e-06,0.7898524821236651,0.2101410350514077,0.0,0.0
2023-04-24,Sideways,1,3.716033694235928e-06,0.7974458607947842,0.20255042317139707,0.0,0.0
2023-04-25,Sideways,1,3.4759699487152385e-06,0.9317160610293811,0.06828046300119885,0.0,0.0
2023-04-26,Sideways,1,3.5582509037632645e-06,0.9791715566142997,0.0208248851349404,0.0,0.0
2023-04-27,Sideways,1,5.154303181326773e-06,0.9935179916640201,0.0064768540328987885,0.0,0.0
2023-04-28,Sideways,1,8.163166032314682e-06,0.9908871043108174,0.00910473252394817,0.0,0.0
2023-05-01,Sideways,1,7.160569576946077e-06,0.9872385184921332,0.012754320937667847,0.0,0.0
2023-05-02,Sideways,1,9.539190423811086e-06,0.993986725926081,0.006003734884377105,0.0,0.0
2023-05-03,Sideways,1,1.3253994261188917e-05,0.9994152973488489,0.0005714486572163653,0.0,0.0
2023-05-04,Sideways,1,1.1092888770690399e-05,0.999298937399689,0.0006899697113648112,0.0,0.0
2023-05-05,Sideways,1,1.7041627776870508e-05,0.9999745988213539,8.359550391594035e-06,0.0,0.0
2023-05-08,Sideways,1,1.2774841130821217e-05,0.9999649539597518,2.2271198485306025e-05,0.0,0.0
2023-05-09,Sideways,1,3.979748389541005e-06,0.9998350354147291,0.00016098483745856352,0.0,0.0
2023-05-10,Sideways,1,1.8472141446528347e-06,0.9999046700380761,9.348274840319972e-05,0.0,0.0
2023-05-11,Sideways,1,1.2560185682727088e-06,0.9999424035811908,5.634039947287146e-05,0.0,0.0
2023-05-12,Sideways,1,3.556132663057201e-06,0.9995165844085964,0.0004798594581520948,0.0,0.0
2023-05-15,Sideways,1,3.103571143470538e-06,0.9995408688653507,0.00045602756384737473,0.0,0.0
2023-05-16,Sideways,1,2.821363412570549e-06,0.999684236465173,0.0003129421719240962,0.0,0.0
2023-05-17,Sideways,1,3.034383245232326e-06,0.9999494074829308,4.7558134709683717e-05,0.0,0.0
2023-05-18,Sideways,1,2.4339199050491146e-06,0.9999842109673882,1.3355113097473444e-05,0.0,0.0
2023-05-19,Sideways,1,1.0892258577066954e-06,0.9999277432966033,7.116747827761534e-05,0.0,0.0
2023-05-22,Sideways,1,8.664059623638268e-07,0.999861724449484,0.00013740914541495358,0.0,0.0
2023-05-23,Sideways,1,1.0816895585523195e-06,0.9999903486725171,8.569637216481656e-06,0.0,0.0
2023-05-24,Sideways,1,6.18790617131562e-07,0.9999346642661083,6.471694367384772e-05,0.0,0.0
2023-05-25,Sideways,1,6.327504556350512e-07,0.9999884530546301,1.0914195338622479e-05,0.0,0.0
2023-05-26,Sideways,1,7.065461241014879e-07,0.9993955905071882,0.0006037029474500155,0.0,0.0
2023-05-30,Sideways,1,6.073115086115404e-07,0.997352997049827,0.0026463956392076726,0.0,0.0
2023-05-31,Sideways,1,4.4935079861057514e-07,0.9978659547919383,0.002133595858119185,0.0,0.0
2023-06-01,Sideways,1,3.745067496613734e-07,0.9976867014763631,0.002312924016396825,0.0,0.0
2023-06-02,Sideways,1,3.145864074159261e-06,0.9904704264434441,0.009526427693383518,0.0,0.0
2023-06-05,Sideways,1,1.0609475498071528e-05,0.7969685777131206,0.20302081281119083,0.0,0.0
2023-06-06,Unknown,2,1.2950611838892362e-06,0.167652779772349,0.8323459251662338,0.0,0.0
2023-06-07,Unknown,2,2.4426597199185734e-06,0.10829600505802246,0.8917015522829376,0.0,0.0
2023-06-08,Unknown,2,2.5450995607499764e-07,0.017010555342339594,0.9829891901480092,0.0,0.0
2023-06-09,Unknown,2,1.1406490218311045e-08,0.0007652451602291043,0.9992347434336164,0.0,0.0
2023-06-12,Unknown,2,6.619502470357915e-10,0.00011578579620042357,0.9998842135418021,0.0,0.0
2023-06-13,Unknown,2,1.3522844906944963e-10,0.00012463835675244822,0.9998753615082304,0.0,0.0
2023-06-14,Unknown,2,3.253110811301255e-10,0.00038331168044406427,0.9996166879948039,0.0,0.0
2023-06-15,Unknown,2,1.6684675245531043e-09,0.0007254813885147854,0.9992745169425846,0.0,0.0
2023-06-16,Unknown,2,3.2287755388142615e-09,0.0005262493016933822,0.9994737474696737,0.0,0.0
2023-06-20,Unknown,2,3.0312048212056943e-09,0.0003896878428204994,0.9996103091262293,0.0,0.0
2023-06-21,Unknown,2,2.316691517962166e-09,0.0005151914221309786,0.999484806260487,0.0,0.0
2023-06-22,Unknown,2,5.052637206081959e-10,0.0005961569578784399,0.9994038425365491,0.0,0.0
2023-06-23,Unknown,2,1.6033423784381854e-09,0.00433487177477624,0.9956651266213117,0.0,0.0
2023-06-26,Unknown,2,3.278593342714351e-08,0.005940658732120817,0.9940593084823014,0.0,0.0
2023-06-27,Unknown,2,5.811850413246734e-09,0.0009637562565809275,0.999036237932198,0.0,0.0
2023-06-28,Unknown,2,1.1683461935898417e-10,2.6338043093647944e-05,0.9999736618404964,0.0,0.0
2023-06-29,Unknown,2,3.705428827102066e-12,1.608389010290916e-05,0.9999839161066291,0.0,0.0
2023-06-30,Unknown,2,8.57084227272883e-12,7.741959319440225e-05,0.9999225803979185,0.0,0.0
2023-07-03,Unknown,2,2.148176412581127e-11,3.7392909644717505e-05,0.9999626070682143,0.0,0.0
2023-07-05,Unknown,2,2.6232734481751143e-12,3.2824521773954623e-06,0.9999967175444211,0.0,0.0
2023-07-06,Unknown,2,4.765597705923774e-13,1.013097131882133e-05,0.9999898690279455,0.0,0.0
2023-07-07,Unknown,2,1.1850477916108473e-12,1.048997915976962e-05,0.9999895100195275,0.0,0.0
2023-07-10,Unknown,2,2.0519446592870767e-12,2.308932991457726e-05,0.9999769106680914,0.0,0.0
2023-07-11,Unknown,2,5.137501463423917e-12,2.2607690101517352e-05,0.9999773923054716,0.0,0.0
2023-07-12,Unknown,2,5.068265274598286e-12,2.5359715250899475e-05,0.9999746402805271,0.0,0.0
2023-07-13,Unknown,2,2.7731811685108315e-12,1.1006054643131658e-05,0.9999889939432198,0.0,0.0
2023-07-14,Unknown,2,1.7424903626202605e-12,1.2307879301598216e-05,0.9999876921185932,0.0,0.0
2023-07-17,Unknown,2,1.883274862074019e-12,1.3291350046469763e-05,0.9999867086472666,0.0,0.0
2023-07-18,Unknown,2,6.214823200476937e-12,1.1746031824470545e-05,0.9999882539612828,0.0,0.0
2023-07-19,Unknown,2,1.1887548996606027e-12,3.4791852262631135e-06,0.9999965208141063,0.0,0.0
2023-07-20,Unknown,2,1.7628725347563782e-13,3.3297799994827955e-06,0.9999966702199302,0.0,0.0
2023-07-21,Unknown,2,9.211271174167798e-14,3.080320537458973e-06,0.9999969196789755,0.0,0.0
2023-07-24,Unknown,2,6.21437729064754e-14,2.4526190140308894e-06,0.9999975473813784,0.0,0.0
2023-07-25,Unknown,2,8.951631883429247e-14,4.827324478126346e-06,0.999995172675709,0.0,0.0
2023-07-26,Unknown,2,2.6737210283475816e-13,8.94534648360611e-06,0.9999910546539389,0.0,0.0
2023-07-27,Unknown,2,2.6136188484030004e-13,4.193341669320046e-06,0.9999958066579593,0.0,0.0
2023-07-28,Unknown,2,4.1572807629871025e-14,2.7527391575014956e-06,0.9999972472616407,0.0,0.0
2023-07-31,Unknown,2,2.7357682180181577e-14,2.6830157516883422e-06,0.9999973169833152,0.0,0.0
2023-08-01,Unknown,2,5.94942805661286e-14,2.62745380261618e-06,0.999997372546018,0.0,0.0
2023-08-02,Unknown,2,9.470555706777808e-13,8.563050244825282e-05,0.9999143694961825,0.0,0.0
2023-08-03,Unknown,2,1.4399093712434003e-11,9.293103336679915e-05,0.9999070689519468,0.0,0.0
2023-08-04,Unknown,2,2.1105148240288374e-11,0.00045341204715706877,0.9995465879313556,0.0,0.0
2023-08-07,Unknown,2,1.341619872912286e-10,0.0012201832281096357,0.9987798166375437,0.0,0.0
2023-08-08,Unknown,2,2.7405074389522265e-10,0.0008775283015063145,0.999122471423844,0.0,0.0
2023-08-09,Unknown,2,5.792061147993377e-11,0.00019990769129128326,0.999800092250443,0.0,0.0
2023-08-10,Unknown,2,9.831217228549775e-12,0.00045986783861043227,0.9995401321513386,0.0,0.0
2023-08-11,Unknown,2,1.4431255538356672e-11,0.00541567089931037,0.994584329087032,0.0,0.0
2023-08-14,Unknown,2,5.646341866728069e-11,0.0667258357285157,0.9332741642157142,0.0,0.0
2023-08-15,Unknown,2,9.19627822027392e-10,0.35569353857619157,0.6443064605037329,0.0,0.0
2023-08-16,Sideways,1,1.3573208663990767e-08,0.8296311989813931,0.17036878744607203,0.0,0.0
2023-08-17,Sideways,1,4.271197216677285e-08,0.9900463282648396,0.009953629022437497,0.0,0.0
2023-08-18,Sideways,1,2.3177581344425073e-08,0.9991065190171899,0.0008934578043706295,0.0,0.0
2023-08-21,Sideways,1,1.3678111481810789e-08,0.9999933199037807,6.66641776286212e-06,0.0,0.0
2023-08-22,Sideways,1,1.9202466200435483e-08,0.9999700336135738,2.99471836020287e-05,0.0,0.0
2023-08-23,Sideways,1,9.659912577844383e-09,0.9999954255467892,4.564793488201893e-06,0.0,0.0
2023-08-24,Sideways,1,3.203757355843456e-08,0.9999981684830747,1.7994797689757728e-06,0.0,0.0
2023-08-25,Sideways,1,1.117402323487683e-08,0.9999977744380185,2.214388187390894e-06,0.0,0.0
2023-08-28,Sideways,1,1.0280578182339528e-08,0.9999984108229805,1.5788967282628176e-06,0.0,0.0
2023-08-29,Sideways,1,4.6100140479898336e-09,0.9999999573483374,3.8040800752971234e-08,0.0,0.0
2023-08-30,Sideways,1,3.5061854117667456e-09,0.9999993894000044,6.070936392684728e-07,0.0,0.0
2023-08-31,Sideways,1,8.31717023901735e-09,0.99999784548577,2.146196416031511e-06,0.0,0.0
2023-09-01,Sideways,1,7.236571058692236e-09,0.9999757372439819,2.425551909201489e-05,0.0,0.0
2023-09-05,Sideways,1,1.0192296014033898e-08,0.9997556807150634,0.00024430909327067467,0.0,0.0
2023-09-06,Sideways,1,1.297627256905608e-08,0.999108468583785,0.000891518439352063,0.0,0.0
2023-09-07,Sideways,1,1.3175416298869887e-08,0.9987336782335868,0.001266308591014953,0.0,0.0
2023-09-08,Sideways,1,1.1171753935871076e-08,0.9981562981412744,0.0018436906870095686,0.0,0.0
2023-09-11,Sideways,1,6.713009710121034e-09,0.998236893506847,0.001763099779237945,0.0,0.0
2023-09-12,Sideways,1,1.1825981807172753e-08,0.9985881776747231,0.0014118104987522132,0.0,0.0
2023-09-13,Sideways,1,1.62944182903423e-08,0.9989814354219982,0.0010185482837613657,0.0,0.0
2023-09-14,Sideways,1,1.2532370492948535e-08,0.9991872091845829,0.0008127782825999347,0.0,0.0
2023-09-15,Sideways,1,3.8888054967904285e-08,0.9997422622526444,0.00025769885981263043,0.0,0.0
2023-09-18,Sideways,1,3.48376862252665e-08,0.9998322395966284,0.00016772556582520605,0.0,0.0
2023-09-19,Sideways,1,5.178761953711175e-08,0.9998729523817144,0.00012699583031458922,0.0,0.0
2023-09-20,Sideways,1,6.886132043938125e-08,0.9999452436207972,5.4687517572481645e-05,0.0,0.0
2023-09-21,Sideways,1,1.694220315953229e-07,0.9999997355044238,9.507310814665779e-08,0.0,0.0
2023-09-22,Sideways,1,1.3437121705972945e-07,0.9999983947067601,1.4709226075990799e-06,0.0,0.0
2023-09-25,Sideways,1,1.0826539747625202e-07,0.9999992457108535,6.460245006615331e-07,0.0,0.0
2023-09-26,Sideways,1,2.072927053888716e-07,0.9999997408104145,5.189606132341133e-08,0.0,0.0
2023-09-27,Sideways,1,1.4470672584785685e-07,0.9999996910446975,1.642482336000206e-07,0.0,0.0
2023-09-28,Sideways,1,1.204748577971055e-07,0.999998304696037,1.5748283368072834e-06,0.0,0.0
2023-09-29,Sideways,1,1.500985714695708e-07,0.9999988846945451,9.65207313672182e-07,0.0,0.0
2023-10-02,Sideways,1,1.2055619767467046e-07,0.9999993972689478,4.821754396367019e-07,0.0,0.0
2023-10-03,Sideways,1,6.185797252567643e-07,0.999999325768158,5.565192268210314e-08,0.0,0.0
2023-10-04,Sideways,1,1.8524338580859425e-07,0.9999997910035964,2.375223954697186e-08,0.0,0.0
2023-10-05,Sideways,1,1.5403319081285132e-07,0.9999998299208672,1.6046167871600004e-08,0.0,0.0
2023-10-06,Sideways,1,9.804296377569697e-08,0.9999999015526604,4.0353173970455595e-10,0.0,0.0
2023-10-09,Sideways,1,7.570267982449431e-08,0.9999999238225457,4.753635130641397e-10,0.0,0.0
2023-10-10,Sideways,1,9.068595229026631e-08,0.9999999090850947,2.288666090791876e-10,0.0,0.0
2023-10-11,Sideways,1,7.294318393863159e-08,0.9999999228784903,4.179004024290422e-09,0.0,0.0
2023-10-12,Sideways,1,1.495386671290156e-07,0.9999998263538297,2.4106898563076123e-08,0.0,0.0
2023-10-13,Sideways,1,2.3018293422864732e-07,0.9999992019587354,5.678576251563491e-07,0.0,0.0
2023-10-16,Sideways,1,8.848771622085818e-08,0.9999972988971522,2.6126144016662035e-06,0.0,0.0
2023-10-17,Sideways,1,1.0872585126230724e-07,0.9999897376782411,1.0153595920569097e-05,0.0,0.0
2023-10-18,Sideways,1,2.720151837095501e-07,0.9999959771511356,3.7508339264928256e-06,0.0,0.0
2023-10-19,Sideways,1,5.203628896755029e-07,0.9999978885102346,1.5911266150784397e-06,0.0,0.0
2023-10-20,Sideways,1,1.331263408650828e-06,0.9999980297126368,6.390241310754205e-07,0.0,0.0
2023-10-23,Sideways,1,9.594156898888231e-07,0.9999990088095184,3.177471870622884e-08,0.0,0.0
2023-10-24,Sideways,1,7.388686582623807e-07,0.9999992555006472,5.631293648630427e-09,0.0,0.0
2023-10-25,Sideways,1,2.662159575958102e-06,0.9999973240246043,1.3815417626738574e-08,0.0,0.0
2023-10-26,Sideways,1,6.61141944320702e-06,0.9999933858253375,2.7550939136805154e-09,0.0,0.0
2023-10-27,Sideways,1,6.673802907504756e-06,0.9999933216099813,4.586285807549727e-09,0.0,0.0
2023-10-30,Sideways,1,3.92725382719411e-06,0.9999960726677085,7.85562036261929e-11,0.0,0.0
2023-10-31,Sideways,1,4.213332300269809e-06,0.9999957866655308,1.31927287348509e-12,0.0,0.0
2023-11-01,Sideways,1,7.538059442275225e-06,0.9999924619398721,3.1346776394851775e-13,0.0,0.0
2023-11-02,Sideways,1,4.395755295463242e-06,0.9999956042453257,3.6087088877348757e-16,0.0,0.0
2023-11-03,Sideways,1,3.7964995063730563e-06,0.9999962034998351,5.652254122675004e-17,0.0,0.0
2023-11-06,Sideways,1,1.1805216886892244e-06,0.9999988194783929,7.665937737205469e-13,0.0,0.0
2023-11-07,Sideways,1,1.0599269404837167e-06,0.9999989400536085,1.8549095894958652e-11,0.0,0.0
2023-11-08,Sideways,1,1.2612125788235021e-06,0.9999987368381673,1.9498560772900257e-09,0.0,0.0
2023-11-09,Sideways,1,2.1688236414888676e-06,0.9999971560341205,6.751430167885889e-07,0.0,0.0
2023-11-10,Sideways,1,1.6839845196038997e-06,0.9999967441797959,1.5718365634414305e-06,0.0,0.0
2023-11-13,Sideways,1,3.666243522512064e-06,0.9999925681334977,3.7656236103727875e-06,0.0,0.0
2023-11-14,Sideways,1,1.8268745865713256e-05,0.9999809942533688,7.370011831918405e-07,0.0,0.0
2023-11-15,Sideways,1,9.858087395515806e-05,0.9999007449681008,6.741572234255432e-07,0.0,0.0
2023-11-16,Sideways,1,0.00039837540189321724,0.999601608927988,1.567030237159077e-08,0.0,0.0
2023-11-17,Sideways,1,0.0013606428010035484,0.9986359144713585,3.442727105896872e-06,0.0,0.0
2023-11-20,Sideways,1,0.004566817094785182,0.995432342626351,8.402797400212351e-07,0.0,0.0
2023-11-21,Sideways,1,0.012832782647688758,0.9871521704243085,1.504692784227664e-05,0.0,0.0
2023-11-22,Sideways,1,0.026404864690566777,0.9735258008420252,6.93344676377734e-05,0.0,0.0
2023-11-24,Sideways,1,0.04751722683874699,0.952467862904082,1.4910257653272486e-05,0.0,0.0
2023-11-27,Sideways,1,0.07047388568354282,0.9295251242548788,9.900618892672306e-07,0.0,0.0
2023-11-28,Sideways,1,0.0839202663627556,0.9160795680238176,1.65612584571476e-07,0.0,0.0
2023-11-29,Sideways,1,0.08746424745437506,0.912210901064172,0.0003248514815109834,0.0,0.0
2023-11-30,Sideways,1,0.08863671734678961,0.8893059417840742,0.022057340869081024,0.0,0.0
2023-12-01,Sideways,1,0.056440311056681694,0.4917568691831479,0.4518028197607327,0.0,0.0
2023-12-04,Unknown,2,0.0009086906423348136,0.00803015693244095,0.9910611524248155,0.0,0.0
2023-12-05,Unknown,2,6.34250699836277e-06,5.066450766391615e-05,0.9999429929854743,0.0,0.0
2023-12-06,Unknown,2,5.311197455674723e-08,7.964067240485947e-06,0.9999919828199707,0.0,0.0
2023-12-07,Unknown,2,3.0934275439180605e-10,3.4023344472413685e-06,0.999996597356917,0.0,0.0
2023-12-08,Unknown,2,9.089602456620522e-11,7.05974928719903e-06,0.9999929401596098,0.0,0.0
2023-12-11,Unknown,2,1.7079660555019246e-10,1.1190811655794903e-05,0.9999888090177145,0.0,0.0
2023-12-12,Unknown,2,5.0154789633493546e-11,8.458816089610226e-07,0.9999991540684218,0.0,0.0
2023-12-13,Unknown,2,4.4835040911623904e-11,1.019962804010791e-05,0.9999898003272332,0.0,0.0
2023-12-14,Unknown,2,2.6689857027588155e-10,4.4387978413352224e-07,0.999999555853818,0.0,0.0
2023-12-15,Unknown,2,8.650103595602229e-12,3.830909119340164e-07,0.9999996169008961,0.0,0.0
2023-12-18,Unknown,2,5.961544174183883e-12,3.5667843534519894e-07,0.9999996433162505,0.0,0.0
2023-12-19,Unknown,2,6.916717287863765e-12,3.4965663302117046e-07,0.9999996503357281,0.0,0.0
2023-12-20,Unknown,2,1.5259758885381894e-11,1.5659271849863595e-06,0.9999984340568955,0.0,0.0
2023-12-21,Unknown,2,2.1483805673506102e-11,5.817653552887662e-07,0.9999994182127794,0.0,0.0
2023-12-22,Unknown,2,5.1809181974382995e-12,4.6190284912873184e-07,0.9999995380913945,0.0,0.0
2023-12-26,Unknown,2,6.422530074705348e-12,6.130377725230419e-07,0.9999993869552842,0.0,0.0
2023-12-27,Unknown,2,1.8850052860140076e-11,1.396717188627303e-06,0.9999986032644961,0.0,0.0
2023-12-28,Unknown,2,4.0315556295806865e-12,6.574836294750895e-07,0.9999993425119443,0.0,0.0
2023-12-29,Unknown,2,1.86958766173726e-12,8.958748126555888e-07,0.9999991041226542,0.0,0.0
2024-01-02,Unknown,2,3.2398641358904655e-12,2.1440069992918158e-06,0.9999978559904112,0.0,0.0
2024-01-03,Unknown,2,4.648780313930966e-11,1.9255114140948962e-05,0.9999807448401322,0.0,0.0
2024-01-04,Unknown,2,4.892901002879862e-10,9.186231392098371e-05,0.9999081371966436,0.0,0.0
2024-01-05,Unknown,2,3.2561828165628354e-09,0.00042584125515220025,0.9995741554894096,0.0,0.0
2024-01-08,Unknown,2,4.6667975996000274e-08,0.0015172350112814773,0.9984827183202813,0.0,0.0
2024-01-09,Unknown,2,3.5474069809972705e-09,9.244856645573078e-05,0.9999075478856584,0.0,0.0
2024-01-10,Unknown,2,5.559233634975987e-11,1.7931425085782114e-05,0.999982068519575,0.0,0.0
2024-01-11,Unknown,2,7.398803420791685e-12,1.7257755375852994e-05,0.9999827422377492,0.0,0.0
2024-01-12,Unknown,2,6.991099274556301e-12,1.871450323543236e-05,0.9999812854899073,0.0,0.0
2024-01-16,Unknown,2,7.919790345644161e-12,6.542420667901695e-06,0.9999934575712646,0.0,0.0
2024-01-17,Unknown,2,8.173091473385692e-12,2.1724569751000574e-05,0.9999782754216222,0.0,0.0
2024-01-18,Unknown,2,8.88685759103246e-12,1.5028737873639264e-05,0.9999849712532258,0.0,0.0
2024-01-19,Unknown,2,1.3067562455419317e-11,3.581477583176543e-05,0.9999641852111273,0.0,0.0
2024-01-22,Unknown,2,2.193489063867286e-11,2.1069479086932063e-05,0.999978930498449,0.0,0.0
2024-01-23,Unknown,2,2.3113451298434743e-12,7.053518999028624e-06,0.9999929464787344,0.0,0.0
2024-01-24,Unknown,2,1.1262456218075398e-11,4.7486221755330745e-05,0.9999525137661357,0.0,0.0
2024-01-25,Unknown,2,1.4505402031732511e-11,1.1370184700174037e-05,0.9999886298001672,0.0,0.0
2024-01-26,Unknown,2,1.4542655456733656e-12,3.7274989968002166e-06,0.9999962724993006,0.0,0.0
2024-01-29,Unknown,2,3.6206277982713203e-13,3.5631004061443037e-06,0.9999964368989636,0.0,0.0
2024-01-30,Unknown,2,4.197510523180185e-13,9.197210360894662e-06,0.9999908027898559,0.0,0.0
2024-01-31,Unknown,2,5.579362604698358e-11,0.0006915925784000371,0.9993084073664322,0.0,0.0
2024-02-01,Unknown,2,5.750300171521396e-11,5.558218022890978e-05,0.9999444177614991,0.0,0.0
2024-02-02,Unknown,2,4.871113766692457e-12,5.424201172483724e-05,0.9999457579829578,0.0,0.0
2024-02-05,Unknown,2,7.150983329359668e-12,8.785365670871909e-05,0.9999121463364739,0.0,0.0
2024-02-06,Unknown,2,8.397401332134198e-12,9.010845846738622e-05,0.999909891532325,0.0,0.0
2024-02-07,Unknown,2,4.1529906608576656e-11,0.00023701375544858027,0.9997629862025046,0.0,0.0
2024-02-08,Unknown,2,1.1762469605830226e-11,3.158491526334097e-05,0.999968415073865,0.0,0.0
2024-02-09,Unknown,2,7.388782662964263e-13,1.1625030602316474e-05,0.9999883749681387,0.0,0.0
2024-02-12,Unknown,2,5.370910345088402e-13,5.9018445598869574e-05,0.9999409815545478,0.0,0.0
2024-02-13,Unknown,2,5.116149210714753e-11,0.0010777436717724288,0.9989222562761706,0.0,0.0
2024-02-14,Unknown,2,7.747657674621667e-11,0.0003374585090705848,0.9996625414126761,0.0,0.0
2024-02-15,Unknown,2,3.009196563815082e-11,0.0003436969097163712,0.9996563030601567,0.0,0.0
2024-02-16,Unknown,2,2.522749423439796e-11,0.00030496448147208303,0.9996950354939416,0.0,0.0
2024-02-20,Unknown,2,3.354463790464273e-11,0.0005173751168869707,0.9994826248492148,0.0,0.0
2024-02-21,Unknown,2,6.245565548904048e-11,0.0016191535931934556,0.9983808463436519,0.0,0.0
2024-02-22,Unknown,2,3.478173425230315e-11,0.003994381562498789,0.9960056184028185,0.0,0.0
2024-02-23,Unknown,2,4.3179297523185625e-11,0.006812812708970219,0.9931871872472894,0.0,0.0
2024-02-26,Unknown,2,8.256554589075877e-11,0.014980417818934258,0.9850195820976541,0.0,0.0
2024-02-27,Unknown,2,4.340475408957296e-10,0.026950459115435206,0.9730495404508174,0.0,0.0
2024-02-28,Unknown,2,6.199463683798545e-09,0.027950806145752537,0.9720491876544004,0.0,0.0
2024-02-29,Unknown,2,1.0934960635860672e-09,0.008569176219465208,0.9914308226861894,0.0,0.0
2024-03-01,Unknown,2,4.019005725707528e-10,0.0027092029693107475,0.9972907966285524,0.0,0.0
2024-03-04,Unknown,2,2.3013126872322516e-11,0.0001418071165185842,0.9998581928596019,0.0,0.0
2024-03-05,Unknown,2,1.1278238028304178e-11,0.00015469861075152036,0.9998453013776528,0.0,0.0
2024-03-06,Unknown,2,2.3705698630485237e-12,5.844530413654375e-05,0.9999415546935404,0.0,0.0
2024-03-07,Unknown,2,5.724109997589795e-13,5.897670576205648e-05,0.999941023294254,0.0,0.0
2024-03-08,Unknown,2,1.4614781261464706e-12,8.679508994028849e-05,0.9999132049085924,0.0,0.0
2024-03-11,Unknown,2,2.0506363841766393e-12,0.00010671866595096839,0.99989328133192,0.0,0.0
2024-03-12,Unknown,2,2.8583579783116196e-12,0.00018548286154781757,0.9998145171358185,0.0,0.0
2024-03-13,Unknown,2,3.5015499551711117e-12,0.0001308020688142895,0.9998691979278125,0.0,0.0
2024-03-14,Unknown,2,1.3010204819113411e-12,6.665518348949509e-05,0.9999333448146228,0.0,0.0
2024-03-15,Unknown,2,1.2650758614494535e-12,7.225364124609354e-05,0.9999277463577412,0.0,0.0
2024-03-18,Unknown,2,7.01450753217019e-13,4.926065746241445e-05,0.9999507393423193,0.0,0.0
2024-03-19,Unknown,2,5.129547740966867e-13,9.833478141287708e-05,0.9999016652185113,0.0,0.0
2024-03-20,Unknown,2,1.5388749226758356e-12,0.00021490317895836919,0.9997850968186125,0.0,0.0
2024-03-21,Unknown,2,1.5647823055992985e-12,0.00011278779263772756,0.9998872122050827,0.0,0.0
2024-03-22,Unknown,2,2.2987535884997012e-12,2.8463961025497854e-05,0.9999715360367364,0.0,0.0
2024-03-25,Unknown,2,3.540839799751966e-13,1.7256103171065995e-05,0.9999827438966389,0.0,0.0
2024-03-26,Unknown,2,8.197879548160712e-14,9.254809221413026e-06,0.9999907451902688,0.0,0.0
2024-03-27,Unknown,2,2.0190869432391533e-14,8.662232929791211e-06,0.9999913377662331,0.0,0.0
2024-03-28,Unknown,2,1.8394827501774574e-14,1.0075008034234647e-05,0.999989924992227,0.0,0.0
2024-04-01,Unknown,2,2.1884597532544898e-14,9.870542196572338e-06,0.9999901294573299,0.0,0.0
2024-04-02,Unknown,2,2.0633280168662919e-13,3.8109207430705496e-05,0.9999618907917803,0.0,0.0
2024-04-03,Unknown,2,3.2179350146113583e-13,2.907964387775186e-05,0.9999709203556418,0.0,0.0
2024-04-04,Unknown,2,1.4393468771990685e-12,0.00023250633388075638,0.9997674936639349,0.0,0.0
2024-04-05,Unknown,2,1.9461378946425935e-12,0.00011438032935643481,0.9998856196679544,0.0,0.0
2024-04-08,Unknown,2,8.830231916126014e-13,5.7794849784484936e-05,0.9999422051499911,0.0,0.0
2024-04-09,Unknown,2,1.7228177354345597e-13,0.0001522290586848993,0.9998477709406525,0.0,0.0
2024-04-10,Unknown,2,5.159371740722206e-13,0.004883206913329103,0.9951167930862527,0.0,0.0
2024-04-11,Unknown,2,1.0969062872088083e-11,0.0456800704161845,0.954319929572281,0.0,0.0
2024-04-12,Unknown,2,9.176514637050344e-11,0.4725892604966827,0.527410739411675,0.0,0.0
2024-04-15,Sideways,1,1.5703151353084961e-09,0.9784572044579449,0.021542793971050887,0.0,0.0
2024-04-16,Sideways,1,2.13118867721516e-09,0.9996669524760515,0.0003330453927233867,0.0,0.0
2024-04-17,Sideways,1,3.983366575829404e-09,0.9999739813594483,2.6014657700278684e-05,0.0,0.0
2024-04-18,Sideways,1,4.034723008427291e-09,0.9999997732684536,2.2269665504458222e-07,0.0,0.0
2024-04-19,Sideways,1,1.3478376062529217e-08,0.999999019728901,9.667934381081338e-07,0.0,0.0
2024-04-22,Sideways,1,5.7541975605660005e-09,0.9999990304045394,9.63840493657761e-07,0.0,0.0
2024-04-23,Sideways,1,1.7704937467109714e-09,0.9999999607462094,3.748311655304563e-08,0.0,0.0
2024-04-24,Sideways,1,2.2440188265173333e-09,0.9999998294351972,1.6832123346489106e-07,0.0,0.0
2024-04-25,Sideways,1,3.6978476018706277e-09,0.9999994664978262,5.298046200905382e-07,0.0,0.0
2024-04-26,Sideways,1,3.92161161666483e-09,0.9999999842948456,1.1783509877731625e-08,0.0,0.0
2024-04-29,Sideways,1,2.0965475068336312e-09,0.9999998981438746,9.975896499023594e-08,0.0,0.0
2024-04-30,Sideways,1,4.735963611762537e-09,0.9999996481292948,3.471341570174748e-07,0.0,0.0
2024-05-01,Sideways,1,5.501219113391208e-09,0.9999994052906863,5.892086429139138e-07,0.0,0.0
2024-05-02,Sideways,1,2.2397750475564687e-09,0.9999998302119055,1.6754811146208733e-07,0.0,0.0
2024-05-03,Sideways,1,7.955147899944636e-10,0.9999999652900448,3.391384283214912e-08,0.0,0.0
2024-05-06,Sideways,1,4.36572170542608e-10,0.9999999269439312,7.261906444277265e-08,0.0,0.0
2024-05-07,Sideways,1,1.1404846184829113e-09,0.9999999447991301,5.4060024887180373e-08,0.0,0.0
2024-05-08,Sideways,1,3.521300012745597e-09,0.9999999898191163,6.660430727556975e-09,0.0,0.0
2024-05-09,Sideways,1,1.4882217851341292e-09,0.9999993841631372,6.143491864838378e-07,0.0,0.0
2024-05-10,Sideways,1,1.3698846034171423e-09,0.9999559864800291,4.40121494292085e-05,0.0,0.0
2024-05-13,Sideways,1,1.344355404989104e-09,0.9982515887632103,0.0017484098920813639,0.0,0.0
2024-05-14,Sideways,1,2.003920672974487e-09,0.9969773816475187,0.0030226163482679875,0.0,0.0
2024-05-15,Sideways,1,1.4958354108929922e-09,0.9976730412682521,0.0023269572366766277,0.0,0.0
2024-05-16,Sideways,1,3.5523574741425578e-09,0.995137254582123,0.0048627418652896085,0.0,0.0
2024-05-17,Sideways,1,1.0086144239438297e-08,0.9887638085084476,0.011236181405926082,0.0,0.0
2024-05-20,Sideways,1,2.3137064058426814e-07,0.9655258861477746,0.03447388248148263,0.0,0.0
2024-05-21,Sideways,1,2.18098273235436e-07,0.7182302855131039,0.28176949638951315,0.0,0.0
2024-05-22,Unknown,2,2.8466961702931325e-08,0.2918469811161125,0.7081529904171734,0.0,0.0
2024-05-23,Unknown,2,7.592697686460262e-08,0.20530682256390972,0.794693101508534,0.0,0.0
2024-05-24,Unknown,2,1.8467048756607698e-08,0.07798470557656711,0.9220152759567735,0.0,0.0
2024-05-28,Unknown,2,2.4481651520092795e-09,0.019935545524822094,0.9800644520278635,0.0,0.0
2024-05-29,Unknown,2,1.6061477377106531e-09,0.012664993434443671,0.987335004959295,0.0,0.0
2024-05-30,Unknown,2,7.360355997912977e-09,0.009511420925864534,0.9904885717134562,0.0,0.0
2024-05-31,Unknown,2,3.2178897293420264e-09,0.0039735664277929725,0.9960264303538024,0.0,0.0
2024-06-03,Unknown,2,3.62136669186407e-10,0.0007027595240572714,0.999297240114152,0.0,0.0
2024-06-04,Unknown,2,1.230711121486888e-11,3.4127507406595134e-05,0.999965872479432,0.0,0.0
2024-06-05,Unknown,2,3.3541227241554797e-13,1.2316633950979028e-05,0.9999876833657239,0.0,0.0
2024-06-06,Unknown,2,3.8060382986252065e-13,2.4496750900687194e-05,0.999975503249433,0.0,0.0
2024-06-07,Unknown,2,2.0256185118408916e-13,7.864281921222933e-06,0.9999921357175489,0.0,0.0
2024-06-10,Unknown,2,6.728674021014918e-14,6.5419074815598264e-06,0.9999934580933111,0.0,0.0
2024-06-11,Unknown,2,5.842421718599022e-14,6.50760151682569e-06,0.9999934923992274,0.0,0.0
2024-06-12,Unknown,2,8.684104022483841e-14,1.223924583105828e-05,0.9999877607536779,0.0,0.0
2024-06-13,Unknown,2,9.369958345668271e-14,5.7806915672046575e-06,0.9999942193084016,0.0,0.0
2024-06-14,Unknown,2,1.0884957264897194e-13,3.6997707112838592e-06,0.9999963002296911,0.0,0.0
2024-06-17,Unknown,2,5.190509885929558e-14,3.942926844452759e-06,0.9999960570735738,0.0,0.0
2024-06-18,Unknown,2,5.4821448574837304e-14,3.479955234058791e-06,0.9999965200446764,0.0,0.0
2024-06-20,Unknown,2,3.308503040510251e-14,2.3651931018174856e-06,0.9999976348072555,0.0,0.0
2024-06-21,Unknown,2,2.9933669684644996e-14,2.893451799836733e-06,0.9999971065486557,0.0,0.0
2024-06-24,Unknown,2,3.391968766445609e-14,3.4865013010118207e-06,0.9999965134981564,0.0,0.0
2024-06-25,Unknown,2,5.722721718001931e-14,5.558763123229179e-06,0.9999944412365834,0.0,0.0
2024-06-26,Unknown,2,1.2141894441850602e-13,5.331330116530143e-06,0.9999946686690472,0.0,0.0
2024-06-27,Unknown,2,5.3395271679273047e-14,3.1018164708771614e-06,0.9999968981840441,0.0,0.0
2024-06-28,Unknown,2,2.8049578588119974e-14,3.46331297818849e-06,0.9999965366865528,0.0,0.0
2024-07-01,Unknown,2,4.431096046165487e-14,3.949007950451822e-06,0.9999960509927162,0.0,0.0
2024-07-02,Unknown,2,5.712538193900096e-14,3.457861978870169e-06,0.9999965421380451,0.0,0.0
2024-07-03,Unknown,2,5.3001701334859727e-14,4.08583196832096e-06,0.9999959141688829,0.0,0.0
2024-07-05,Unknown,2,7.513044094662809e-14,5.372640207635537e-06,0.9999946273600189,0.0,0.0
2024-07-08,Unknown,2,8.367968831220642e-14,1.4807594577557472e-06,0.9999985192400395,0.0,0.0
2024-07-09,Unknown,2,2.1877914464489525e-14,1.5204323053572e-06,0.9999984795679401,0.0,0.0
2024-07-10,Unknown,2,2.159567007526473e-14,2.6741377257709354e-06,0.9999973258617786,0.0,0.0
2024-07-11,Unknown,2,1.162583350179676e-14,2.1517402110599652e-06,0.9999978482597229,0.0,0.0
2024-07-12,Unknown,2,6.644476478748925e-15,2.1303975193077724e-06,0.9999978696018799,0.0,0.0
2024-07-15,Unknown,2,8.256631977734649e-15,1.6468651057575105e-06,0.9999983531356439,0.0,0.0
2024-07-16,Unknown,2,5.826548948105104e-15,2.7553607341494623e-06,0.9999972446386652,0.0,0.0
2024-07-17,Unknown,2,3.060710455477708e-14,0.00036484669934390234,0.9996351533004716,0.0,0.0
2024-07-18,Unknown,2,1.2601383448265797e-11,0.010544941463567747,0.9894550585243843,0.0,0.0
2024-07-19,Unknown,2,2.2934824268078626e-10,0.041945950712154706,0.9580540490587296,0.0,0.0
2024-07-22,Unknown,2,7.677463247378408e-11,0.08418017216423092,0.9158198277581273,0.0,0.0
2024-07-23,Unknown,2,1.4575770383649986e-10,0.49669506329576446,0.5033049365591221,0.0,0.0
2024-07-24,Sideways,1,1.5199767564054242e-09,0.9929375518163094,0.00706244666460042,0.0,0.0
2024-07-25,Sideways,1,3.553684546569241e-09,0.9998670940383311,0.00013290240851825068,0.0,0.0
2024-07-26,Sideways,1,7.052948418474189e-10,0.9999572992805285,4.2700014179040416e-05,0.0,0.0
2024-07-29,Sideways,1,6.838743075294571e-10,0.9999985329042677,1.4664118093748144e-06,0.0,0.0
2024-07-30,Sideways,1,9.48798388351812e-10,0.9999994557948984,5.43256938167345e-07,0.0,0.0
2024-07-31,Sideways,1,3.371135809977507e-10,0.9999998236744587,1.759891756004989e-07,0.0,0.0
2024-08-01,Sideways,1,1.4595303040390788e-09,0.9999997683335364,2.3020744312815652e-07,0.0,0.0
2024-08-02,Sideways,1,7.1673640683707426e-09,0.9999999867795851,6.053900431989375e-09,0.0,0.0
2024-08-05,Sideways,1,6.67377116636625e-07,0.9999993326221055,2.087175823907669e-15,0.0,0.0
2024-08-06,Sideways,1,4.4897051287685186e-08,0.9999999551037045,5.436237621227926e-15,0.0,0.0
2024-08-07,Sideways,1,1.3796591800390093e-07,0.9999998620333013,7.931600536958488e-21,0.0,0.0
2024-08-08,Sideways,1,2.0875957648605408e-08,0.9999999791234588,3.5833826909991078e-22,0.0,0.0
2024-08-09,Sideways,1,6.799527295281034e-09,0.9999999932006176,2.3364811648293006e-19,0.0,0.0
2024-08-12,Sideways,1,2.137128798101655e-08,0.9999999786286937,2.5350826519188454e-20,0.0,0.0
2024-08-13,Sideways,1,3.4917553852727727e-09,0.9999999965075403,9.45137125631047e-22,0.0,0.0
2024-08-14,Sideways,1,1.0220562523979037e-08,0.9999999897790985,5.857300622502632e-23,0.0,0.0
2024-08-15,Sideways,1,9.203331542476969e-10,0.9999999990795914,7.538113740803884e-20,0.0,0.0
2024-08-16,Sideways,1,1.2300097490433591e-09,0.9999999987703632,2.7586500270957494e-17,0.0,0.0
2024-08-19,Sideways,1,1.2863783676611611e-09,0.9999999987139745,1.6323437468266224e-17,0.0,0.0
2024-08-20,Sideways,1,1.8356223376716237e-09,0.9999999981646397,5.4513860513495216e-14,0.0,0.0
2024-08-21,Sideways,1,2.8893725281340524e-09,0.9999999971114448,8.446533501191361e-14,0.0,0.0
2024-08-22,Sideways,1,5.1071710326443815e-09,0.9999999943829607,5.104120191477284e-10,0.0,0.0
2024-08-23,Sideways,1,2.7744369665240156e-09,0.9999999969004421,3.2482625965396666e-10,0.0,0.0
2024-08-26,Sideways,1,3.442308513458691e-09,0.999999993136953,3.420101155330465e-09,0.0,0.0
2024-08-27,Sideways,1,4.938518746844742e-09,0.9999999930678314,1.9942681905185326e-09,0.0,0.0
2024-08-28,Sideways,1,1.3860032146706634e-08,0.9999999853807823,7.593326084406378e-10,0.0,0.0
2024-08-29,Sideways,1,2.454352607498551e-08,0.9999999751489671,3.0793732830695285e-10,0.0,0.0
2024-08-30,Sideways,1,3.784061940623782e-09,0.9999999443534777,5.186293593306835e-08,0.0,0.0
2024-09-03,Sideways,1,1.3369008708277296e-07,0.9999998661969675,1.1239451208522136e-10,0.0,0.0
2024-09-04,Sideways,1,5.30594299089878e-07,0.9999994691935671,2.116959831907357e-10,0.0,0.0
2024-09-05,Sideways,1,2.9084351039150975e-07,0.9999997049526863,4.2041749341634025e-09,0.0,0.0
2024-09-06,Sideways,1,2.9649993821235403e-06,0.9999970349952791,6.089802459447674e-12,0.0,0.0
2024-09-09,Sideways,1,6.531778203411395e-08,0.9999999337924259,8.902572912624487e-10,0.0,0.0
2024-09-10,Sideways,1,3.563436214277578e-08,0.9999997955547069,1.6881139409645962e-07,0.0,0.0
2024-09-11,Sideways,1,2.3108708741499532e-08,0.9999999524952738,2.4395364579085865e-08,0.0,0.0
2024-09-12,Sideways,1,6.892289897173248e-09,0.9999992937157679,6.993916272348772e-07,0.0,0.0
2024-09-13,Sideways,1,1.3116397660507867e-08,0.9999999759165806,1.0967198172819982e-08,0.0,0.0
2024-09-16,Sideways,1,1.0136712747565591e-08,0.9999969198135803,3.0700494644083013e-06,0.0,0.0
2024-09-17,Sideways,1,1.284278665648204e-08,0.9999907730005408,9.214157097212751e-06,0.0,0.0
2024-09-18,Sideways,1,2.3453663747628232e-08,0.9998839025124897,0.00011607403397450244,0.0,0.0
2024-09-19,Sideways,1,1.3102706862196576e-08,0.9995671481577816,0.00043283873927776965,0.0,0.0
2024-09-20,Sideways,1,5.491556499953406e-08,0.9932742748834701,0.006725670200619426,0.0,0.0
2024-09-23,Sideways,1,8.414593821344177e-08,0.9629811196164225,0.03701879623709907,0.0,0.0
2024-09-24,Sideways,1,3.1304595236393236e-07,0.9029865705947456,0.09701311635920673,0.0,0.0
2024-09-25,Sideways,1,1.913022624760873e-06,0.7999741519765866,0.20002393500069196,0.0,0.0
2024-09-26,Unknown,2,8.108793624810343e-07,0.3011102148568674,0.6988889742641494,0.0,0.0
2024-09-27,Unknown,2,2.1290648500218505e-07,0.10543697943690823,0.8945628076568582,0.0,0.0
2024-09-30,Unknown,2,5.729599398966763e-08,0.040894629768031834,0.9591053129355837,0.0,0.0
2024-10-01,Unknown,2,1.72841398157186e-07,0.02316302333773211,0.9768368038209688,0.0,0.0
2024-10-02,Unknown,2,5.546808353760271e-09,0.0023276610434875013,0.9976723334099529,0.0,0.0
2024-10-03,Unknown,2,9.299163434152328e-10,0.0014411739145516098,0.9985588251554733,0.0,0.0
2024-10-04,Unknown,2,5.0388792422096e-10,0.00340063133769969,0.9965993681575409,0.0,0.0
2024-10-07,Unknown,2,1.670433456652416e-08,0.007897558466125235,0.9921024248302807,0.0,0.0
2024-10-08,Unknown,2,8.129620714491556e-09,0.0023052639390782593,0.9976947279316951,0.0,0.0
2024-10-09,Unknown,2,2.962923234415566e-09,0.000819570110634478,0.999180426925596,0.0,0.0
2024-10-10,Unknown,2,1.0282855897299974e-10,4.0016253913558654e-05,0.9999599836431592,0.0,0.0
2024-10-11,Unknown,2,6.61577719153565e-12,1.6962803812755175e-05,0.9999830371891102,0.0,0.0
2024-10-14,Unknown,2,4.594525186726964e-12,3.204926683536016e-05,0.9999679507279297,0.0,0.0
2024-10-15,Unknown,2,2.178780339931067e-12,1.160383127528624e-05,0.9999883961663951,0.0,0.0
2024-10-16,Unknown,2,5.93339515443085e-13,1.0442843866650298e-05,0.9999895571563255,0.0,0.0
2024-10-17,Unknown,2,5.514400158762489e-13,1.3555836000805356e-05,0.9999864441643007,0.0,0.0
2024-10-18,Unknown,2,5.452711888801774e-13,2.7085318991541466e-06,0.9999972914684195,0.0,0.0
2024-10-21,Unknown,2,1.206075947791953e-13,3.583587481840747e-06,0.9999964164117592,0.0,0.0
2024-10-22,Unknown,2,2.609768778735989e-13,6.265397589488391e-06,0.9999937346015767,0.0,0.0
2024-10-23,Unknown,2,3.3923559259061626e-12,4.496195106129951e-05,0.999955038044761,0.0,0.0
2024-10-24,Unknown,2,4.7057056794839515e-12,1.5995870279604114e-05,0.9999840041242954,0.0,0.0
2024-10-25,Unknown,2,1.9876620820939438e-12,1.721513045220104e-05,0.9999827848668501,0.0,0.0
2024-10-28,Unknown,2,1.0214105666379784e-12,1.21159034445551e-05,0.9999878840960283,0.0,0.0
2024-10-29,Unknown,2,7.121802421094634e-13,6.217329691342637e-05,0.999937826703153,0.0,0.0
2024-10-30,Unknown,2,2.582170991557978e-12,0.003801912462650316,0.9961980875353247,0.0,0.0
2024-10-31,Sideways,1,2.174840642760542e-10,0.36885429836511907,0.6311457014177501,0.0,0.0
2024-11-01,Sideways,1,7.919074539810062e-09,0.5475161230504152,0.4524838690307116,0.0,0.0
2024-11-04,Sideways,1,1.5293965153344985e-08,0.8107007323259692,0.18929925238059653,0.0,0.0
2024-11-05,Sideways,1,1.7811860508562747e-08,0.9956297527058976,0.00437022948248626,0.0,0.0
2024-11-06,Sideways,1,1.6106612074951486e-08,0.9999998808434682,1.030497801494002e-07,0.0,0.0
2024-11-07,Sideways,1,6.038641987564758e-09,0.9999999029023503,9.105818724598455e-08,0.0,0.0
2024-11-08,Sideways,1,5.9905364953013105e-09,0.9999995046274625,4.893811650606836e-07,0.0,0.0
2024-11-11,Sideways,1,1.1861268813678956e-08,0.9999998384901249,1.4964871160911664e-07,0.0,0.0
2024-11-12,Sideways,1,4.5733493340271424e-08,0.9999046332616174,9.532100469542663e-05,0.0,0.0
2024-11-13,Sideways,1,1.2577824903165771e-08,0.9883079425229384,0.011692044898878462,0.0,0.0
2024-11-14,Sideways,1,1.7260265349893682e-08,0.9900706778744425,0.009929304865277024,0.0,0.0
2024-11-15,Sideways,1,3.079162196658182e-08,0.9995592216864604,0.0004407475212930202,0.0,0.0
2024-11-18,Sideways,1,1.812160699009857e-08,0.9998471970897367,0.00015278478862270131,0.0,0.0
2024-11-19,Sideways,1,9.699960958016718e-09,0.9997380460397524,0.0002619442603199168,0.0,0.0
2024-11-20,Sideways,1,8.34035592281006e-09,0.9996907233763562,0.000309268283700372,0.0,0.0
2024-11-21,Sideways,1,4.629480964529751e-09,0.9993959438359847,0.0006040515336809114,0.0,0.0
2024-11-22,Sideways,1,5.5392573224134126e-09,0.999484175083843,0.0005158193765409139,0.0,0.0
2024-11-25,Sideways,1,5.49410562128118e-09,0.998518145990546,0.0014818485158647138,0.0,0.0
2024-11-26,Sideways,1,6.994932752445421e-09,0.9949613770478326,0.005038615956906172,0.0,0.0
2024-11-27,Sideways,1,2.719973879182062e-08,0.9836582560006348,0.016341716799619845,0.0,0.0
2024-11-29,Sideways,1,4.4907055316441226e-08,0.9338821656759111,0.06611778941677306,0.0,0.0
2024-12-02,Sideways,1,1.9654879950626083e-07,0.7934162119819197,0.20658359147001842,0.0,0.0
2024-12-03,Sideways,1,1.2497345355787508e-07,0.5711395415662249,0.42886033346102703,0.0,0.0
2024-12-04,Sideways,1,2.9344644241792546e-07,0.41063792258300286,0.589361783970601,0.0,0.0
2024-12-05,Unknown,2,4.0336253559106466e-08,0.05327522607741523,0.9467247335858238,0.0,0.0
2024-12-06,Unknown,2,1.203623305581145e-09,0.00016903086125519162,0.9998309679352176,0.0,0.0
2024-12-09,Unknown,2,2.4608422750718218e-11,9.16243145655665e-06,0.9999908375431483,0.0,0.0
2024-12-10,Unknown,2,4.010049116604622e-12,1.6401159076248235e-05,0.9999835988363747,0.0,0.0
2024-12-11,Unknown,2,7.457067032505034e-13,3.8036032914514004e-06,0.9999961963967086,0.0,0.0
2024-12-12,Unknown,2,2.528632657009285e-13,7.197559718488652e-06,0.9999928024394469,0.0,0.0
2024-12-13,Unknown,2,3.9290576736133856e-13,7.303146240544304e-06,0.9999926968533345,0.0,0.0
2024-12-16,Unknown,2,1.196706790555159e-13,2.1933174333049863e-05,0.9999780668262899,0.0,0.0
2024-12-17,Unknown,2,1.5226653536170227e-12,0.004436898423870188,0.9955631015740041,0.0,0.0
2024-12-18,Sideways,1,2.1656256394447908e-10,0.9983286706729413,0.0016713291098585535,0.0,0.0
2024-12-19,Sideways,1,2.1385871548169295e-08,0.9999600296781208,3.994893533589977e-05,0.0,0.0
2024-12-20,Sideways,1,5.8840872440554025e-09,0.9999923975444968,7.596570889525085e-06,0.0,0.0
2024-12-23,Sideways,1,5.980582215725524e-09,0.9999994081865157,5.858324467660345e-07,0.0,0.0
2024-12-24,Sideways,1,4.155402475374922e-09,0.9999997442683125,2.5157647634209915e-07,0.0,0.0
2024-12-26,Sideways,1,4.1111798797678536e-09,0.9999988387487441,1.1571403881090429e-06,0.0,0.0
2024-12-27,Sideways,1,1.3203487586511812e-08,0.9999994714782166,5.153187301628007e-07,0.0,0.0
2024-12-30,Sideways,1,1.5224024276173887e-08,0.9999975492731227,2.435502660706923e-06,0.0,0.0
2024-12-31,Sideways,1,1.4888417572356362e-08,0.9999983636366524,1.6214747323866389e-06,0.0,0.0
2025-01-02,Sideways,1,1.615128392802363e-08,0.9999999129831887,7.086504789636723e-08,0.0,0.0
2025-01-03,Sideways,1,8.963358486951595e-09,0.9999999883712009,2.6657791746938683e-09,0.0,0.0
2025-01-06,Sideways,1,5.534535257362206e-09,0.9999999601714088,3.429379997492487e-08,0.0,0.0
2025-01-07,Sideways,1,1.2821807705072565e-08,0.9999999241335928,6.304510044862183e-08,0.0,0.0
2025-01-08,Sideways,1,1.2953456531897013e-08,0.9999999589053923,2.81417557934372e-08,0.0,0.0
2025-01-10,Sideways,1,6.722754925521151e-08,0.9999999299852813,2.7868883023405877e-09,0.0,0.0
2025-01-13,Sideways,1,2.277876341201735e-08,0.9999999737192414,3.5026678155151372e-09,0.0,0.0
2025-01-14,Sideways,1,2.3399608270791062e-08,0.9999999760148061,5.853477293169832e-10,0.0,0.0
2025-01-15,Sideways,1,6.288294458027577e-09,0.9999999936862878,2.623109592547608e-11,0.0,0.0
2025-01-16,Sideways,1,7.46019179490924e-09,0.9999999922110874,3.2818477470121923e-10,0.0,0.0
2025-01-17,Sideways,1,6.898659664007596e-09,0.9999999930951162,7.120536781783811e-12,0.0,0.0
2025-01-21,Sideways,1,4.96901929892738e-09,0.999999995028702,3.1484815309177567e-12,0.0,0.0
2025-01-22,Sideways,1,1.5378876197114065e-08,0.9999999810825104,3.538798249875865e-09,0.0,0.0
2025-01-23,Sideways,1,7.786271214781388e-09,0.9999997769337163,2.1527949912678663e-07,0.0,0.0
2025-01-24,Sideways,1,1.0215984692789035e-08,0.9999972385123259,2.7512719697073963e-06,0.0,0.0
2025-01-27,Sideways,1,2.990853258434035e-08,0.9999972372663216,2.732825783713396e-06,0.0,0.0
2025-01-28,Sideways,1,1.1337526424378184e-08,0.9999620798976435,3.790876500814837e-05,0.0,0.0
2025-01-29,Sideways,1,1.7473019570270335e-08,0.999970722668185,2.9259858571699927e-05,0.0,0.0
2025-01-30,Sideways,1,9.631445706943293e-09,0.9999235212432593,7.646912508779299e-05,0.0,0.0
2025-01-31,Sideways,1,1.6989652789027244e-08,0.9999424211661677,5.7561844304527625e-05,0.0,0.0
2025-02-03,Sideways,1,5.950821194464716e-08,0.9999923132458963,7.62724575882199e-06,0.0,0.0
2025-02-04,Sideways,1,2.2702579830258207e-08,0.9999805385379859,1.9438758914115933e-05,0.0,0.0
2025-02-05,Sideways,1,1.6491395931594277e-08,0.9998518285583107,0.0001481549509782667,0.0,0.0
2025-02-06,Sideways,1,1.3107537499808993e-08,0.9997125326455202,0.00028745424680823897,0.0,0.0
2025-02-07,Sideways,1,3.8398991163527015e-08,0.9999053252594794,9.46363410311818e-05,0.0,0.0
2025-02-10,Sideways,1,3.000822870370713e-08,0.9999513197170354,4.865027456996873e-05,0.0,0.0
2025-02-11,Sideways,1,6.050505006675069e-08,0.999810762332101,0.00018917716239821785,0.0,0.0
2025-02-12,Sideways,1,1.031816411485599e-07,0.9988426780567331,0.001157218760751127,0.0,0.0
2025-02-13,Sideways,1,1.25330877960037e-06,0.9905085068284616,0.009490239863586306,0.0,0.0
2025-02-14,Sideways,1,5.143263451035697e-07,0.6621879563303971,0.3378115293440003,0.0,0.0
2025-02-18,Sideways,1,1.3698179164299897e-07,0.5227723529182863,0.47722751010082753,0.0,0.0
2025-02-19,Sideways,1,3.0803694684957875e-08,0.4904604072302773,0.5095395619658872,0.0,0.0
2025-02-20,Sideways,1,4.673026487341127e-08,0.5484494989985167,0.4515504542711256,0.0,0.0
2025-02-21,Sideways,1,1.1358968025579227e-07,0.9309667821883952,0.06903310422175994,0.0,0.0
2025-02-24,Sideways,1,2.384922503226139e-07,0.9927116517038652,0.007288109804476735,0.0,0.0
2025-02-25,Sideways,1,1.859791693039992e-07,0.9995404444973301,0.00045936952297440266,0.0,0.0
2025-02-26,Sideways,1,1.1457820293809817e-07,0.9999524158072991,4.746961383016506e-05,0.0,0.0
2025-02-27,Sideways,1,2.598811901239308e-07,0.9999988400766048,9.000413352471806e-07,0.0,0.0
2025-02-28,Sideways,1,6.322724140915457e-08,0.9999942593350328,5.6774383699557545e-06,0.0,0.0
2025-03-03,Sideways,1,1.8799496093599713e-07,0.9999994197425486,3.9226208652511965e-07,0.0,0.0
2025-03-04,Sideways,1,3.509406480237516e-07,0.9999996239658483,2.509404835241677e-08,0.0,0.0
2025-03-05,Sideways,1,1.8949117673378966e-07,0.9999998100593255,4.4982852322795634e-10,0.0,0.0
2025-03-06,Sideways,1,6.545430503447406e-07,0.9999993449693974,4.879676576425178e-10,0.0,0.0
2025-03-07,Sideways,1,1.2971373630683957e-06,0.9999987028631268,3.8589561278803545e-13,0.0,0.0
2025-03-10,Sideways,1,2.7886037116234298e-05,0.9999721139624991,8.738447218776011e-15,0.0,0.0
2025-03-11,Sideways,1,6.794634293520714e-05,0.9999320536573356,1.5727477405135918e-15,0.0,0.0
2025-03-12,Sideways,1,0.00011635313829494768,0.9998836468614178,7.327169363711649e-20,0.0,0.0
2025-03-13,Sideways,1,0.000232636234567669,0.9997673637655585,4.875167827938324e-19,0.0,0.0
2025-03-14,Sideways,1,0.00033881252651262535,0.9996611874729641,1.6942553234720311e-26,0.0,0.0
2025-03-17,Sideways,1,0.000356282957768193,0.9996437170423029,1.2583379508944678e-23,0.0,0.0
2025-03-18,Sideways,1,0.0007769238479547775,0.9992230761512919,5.894051205217691e-22,0.0,0.0
2025-03-19,Sideways,1,0.0015850229909275158,0.9984149770093973,2.8122747965579144e-23,0.0,0.0
2025-03-20,Sideways,1,0.00478999967533681,0.9952100003242876,6.2729910152844426e-24,0.0,0.0
2025-03-21,Sideways,1,0.009505280655015809,0.9904947193449646,1.4472497810863042e-20,0.0,0.0
2025-03-24,Sideways,1,0.021813306495046043,0.9781866935052442,8.117458572609463e-22,0.0,0.0
2025-03-25,Sideways,1,0.08003796049128577,0.9199620395088397,1.4476552357706415e-20,0.0,0.0
2025-03-26,Sideways,1,0.37689619345316383,0.6231038065465876,7.420350151582793e-18,0.0,0.0
2025-03-27,Bull,0,0.7537335684040926,0.24626643159610656,3.3414279972872e-19,0.0,0.0
2025-03-28,Bull,0,0.9884173714388708,0.011582628560726041,6.932458375686024e-20,0.0,0.0
2025-03-31,Bull,0,0.9930704020984771,0.006929597901784362,2.336450041943486e-18,0.0,0.0
2025-04-01,Bull,0,0.9945279412649828,0.0054720587354104,8.390593070235765e-18,0.0,0.0
2025-04-02,Bull,0,0.995101737192517,0.004898262808215071,0.0,0.0,0.0
2025-04-03,Bear,3,0.0,0.0,0.0,0.6160515854789166,0.383948414521672
2025-04-04,High-Volatility,4,0.0,0.0,0.0,0.034062054520530814,0.9659379454791375
2025-04-07,High-Volatility,4,0.0,0.0,0.0,0.0054545087151156805,0.9945454912848387
2025-04-08,High-Volatility,4,0.0,0.0,0.0,0.0004176167728194479,0.999582383227051
2025-04-09,High-Volatility,4,0.0,0.0,0.0,4.1960464096418606e-20,1.0
2025-04-10,High-Volatility,4,0.0,0.0,0.0,1.3284565549863568e-19,1.0
2025-04-11,High-Volatility,4,0.0,0.0,0.0,1.4278954025331196e-18,1.0
2025-04-14,High-Volatility,4,0.0,0.0,0.0,7.79530695058114e-18,1.0
2025-04-15,High-Volatility,4,0.0,0.0,0.0,1.0451094627323485e-17,1.0
2025-04-16,High-Volatility,4,0.0,0.0,0.0,2.3001955743256617e-20,1.0
2025-04-17,High-Volatility,4,0.0,0.0,0.0,1.8255436525635324e-18,1.0
2025-04-21,High-Volatility,4,0.0,0.0,0.0,6.426024702374385e-20,1.0
2025-04-22,High-Volatility,4,0.0,0.0,0.0,1.5171809235998006e-21,1.0
2025-04-23,High-Volatility,4,0.0,0.0,0.0,5.566860227745462e-21,1.0
2025-04-24,High-Volatility,4,0.0,0.0,0.0,2.8398563403970748e-21,1.0
2025-04-25,High-Volatility,4,0.0,0.0,0.0,2.8462100437389212e-21,1.0
2025-04-28,High-Volatility,4,0.0,0.0,0.0,2.1245753095519886e-21,1.0
2025-04-29,High-Volatility,4,0.0,0.0,0.0,5.5359568463367886e-21,1.0
2025-04-30,High-Volatility,4,0.0,0.0,0.0,5.402191734546163e-21,1.0
2025-05-01,High-Volatility,4,0.0,0.0,0.0,3.896663640800198e-21,1.0
2025-05-02,High-Volatility,4,0.0,0.0,0.0,2.9997663618424857e-21,1.0
2025-05-05,High-Volatility,4,0.0,0.0,0.0,1.1604087302395736e-17,1.0
2025-05-06,High-Volatility,4,0.0,0.0,0.0,1.6910100958209094e-13,1.0
2025-05-07,High-Volatility,4,0.0,0.0,0.0,1.8615560220242517e-13,1.0
2025-05-08,High-Volatility,4,0.0,0.0,0.0,6.37764965985133e-10,0.9999999993615347
2025-05-09,Bear,3,0.0,0.0,0.0,1.0,3.054124878682593e-76
2025-05-12,Bull,0,0.9999999988813215,1.1180110700074413e-09,0.0,0.0,0.0
2025-05-13,Bull,0,0.9999999997235136,2.7601343977786383e-10,4.451789854754257e-28,0.0,0.0
2025-05-14,Bull,0,0.9999999997471605,2.521739658875846e-10,3.1885697162962412e-27,0.0,0.0
2025-05-15,Bull,0,0.9999999998817657,1.1822727587503115e-10,5.551626764657658e-27,0.0,0.0
2025-05-16,Bull,0,0.9999999998544808,1.451543714337587e-10,1.7706501643265553e-29,0.0,0.0
2025-05-19,Bull,0,0.9999999999781721,2.171705240479661e-11,2.150929400572085e-26,0.0,0.0
2025-05-20,Bull,0,0.9999999999836291,1.6683200148591875e-11,2.928990829846258e-28,0.0,0.0
2025-05-21,Bull,0,0.9999999997089617,2.918635772358919e-10,1.7217366620991908e-23,0.0,0.0
2025-05-22,Bull,0,0.9999999994433892,5.572216518797384e-10,2.587515117478128e-20,0.0,0.0
2025-05-23,Bull,0,0.9999999992924131,7.075386538886858e-10,1.709933467433904e-19,0.0,0.0
2025-05-27,Bull,0,0.9999999999126885,8.652372298998912e-11,4.0613765015220776e-18,0.0,0.0
2025-05-28,Bull,0,0.9999999997253326,2.7471633414587084e-10,4.816486742595907e-17,0.0,0.0
2025-05-29,Bull,0,0.9999999984956958,1.5038400395805992e-09,1.138621644313584e-15,0.0,0.0
2025-05-30,Bull,0,0.9999999980409484,1.958425749387728e-09,1.692107338855094e-15,0.0,0.0
2025-06-02,Bull,0,0.999999997429768,2.5697683317212732e-09,7.451010509894255e-17,0.0,0.0
2025-06-03,Bull,0,0.9999999998944986,1.0551745488875571e-10,1.1462100887007957e-15,0.0,0.0
2025-06-04,Bull,0,0.9999999994652171,5.347433108910971e-10,7.821315484225398e-15,0.0,0.0
2025-06-05,Bull,0,0.9999999989013304,1.0981400164532937e-09,1.8120559932113526e-15,0.0,0.0
2025-06-06,Bull,0,0.9999999996052793,3.948071392810473e-10,1.1550434159113036e-16,0.0,0.0
2025-06-09,Bull,0,0.9999999998126441,1.8769840919467475e-10,5.221978737288411e-17,0.0,0.0
2025-06-10,Bull,0,0.9999999999236024,7.591074393578755e-11,8.945909968083726e-19,0.0,0.0
2025-06-11,Bull,0,0.9999999999745341,2.6194290353284836e-11,5.3271090314306435e-15,0.0,0.0
2025-06-12,Bull,0,0.9999999999727152,2.7253816397361364e-11,6.9403199818046904e-15,0.0,0.0
2025-06-13,Bull,0,0.9999999999599822,4.084978883715322e-11,9.88729206931389e-16,0.0,0.0
2025-06-16,Bull,0,0.9999999999818101,1.7954780033614378e-11,7.331544441931079e-16,0.0,0.0
2025-06-17,Bull,0,0.9999999999454303,5.4489045596390554e-11,9.025413393000392e-15,0.0,0.0
2025-06-18,Bull,0,0.9999999995452526,4.0871977131616685e-10,4.626773653538541e-11,0.0,0.0
2025-06-20,Bull,0,0.9999999437404783,2.7412463189148552e-09,5.3517933111232504e-08,0.0,0.0
2025-06-23,Bull,0,0.9999746351729344,5.732334864239951e-08,2.5307504195843723e-05,0.0,0.0
2025-06-24,Bull,0,0.9998559660363844,5.590687643743562e-07,0.00014347489552844593,0.0,0.0
2025-06-25,Bull,0,0.9280284517957909,4.066274315268368e-05,0.07193088546160024,0.0,0.0
2025-06-26,Unknown,2,0.5943741678694734,9.931382819827975e-06,0.405615900748008,0.0,0.0
2025-06-27,Unknown,2,0.2620581054103769,2.251822615152118e-05,0.7379193763628119,0.0,0.0
2025-06-30,Unknown,2,0.057868630824429626,5.229023301164326e-06,0.942126140151606,0.0,0.0
2025-07-01,Unknown,2,0.003570793735864313,9.688298336244967e-07,0.9964282374351964,0.0,0.0
2025-07-02,Unknown,2,0.00015700951112780105,6.90013561048653e-07,0.9998423004757495,0.0,0.0
2025-07-03,Unknown,2,8.082632916448326e-06,4.977829754404479e-07,0.9999914195836711,0.0,0.0
2025-07-07,Unknown,2,3.647846955701021e-07,1.7633982202901999e-06,0.9999978718174043,0.0,0.0
2025-07-08,Unknown,2,9.651795124063219e-09,2.452096239572678e-06,0.999997538251893,0.0,0.0
2025-07-09,Unknown,2,2.3872996198129706e-10,1.0843130543833051e-06,0.9999989154481651,0.0,0.0
2025-07-10,Unknown,2,2.572701347519158e-11,1.0191252348322662e-06,0.9999989808498604,0.0,0.0
2025-07-11,Unknown,2,5.3160712947740433e-11,2.421863291097831e-06,0.9999975780840257,0.0,0.0
2025-07-14,Unknown,2,5.262471795098064e-11,3.575875872926751e-06,0.9999964240714961,0.0,0.0
2025-07-15,Unknown,2,2.3690017781319084e-10,1.6718123347164837e-05,0.9999832816389793,0.0,0.0
2025-07-16,Unknown,2,1.0319020979248762e-10,3.453665275888471e-06,0.9999965462307571,0.0,0.0
2025-07-17,Unknown,2,9.897134733078526e-12,1.019324830791387e-06,0.9999989806661426,0.0,0.0
2025-07-18,Unknown,2,2.838791687970715e-12,2.3113032131126134e-06,0.9999976886946905,0.0,0.0
2025-07-21,Unknown,2,5.844399452888123e-12,2.93812531251038e-06,0.9999970618689493,0.0,0.0
2025-07-22,Unknown,2,1.0582564650929972e-11,6.637485260208275e-06,0.9999933625042289,0.0,0.0
2025-07-23,Unknown,2,9.130685514536253e-12,1.9097006678972744e-06,0.9999980902903235,0.0,0.0
2025-07-24,Unknown,2,1.8261813327080556e-12,6.635114650279217e-07,0.9999993364874554,0.0,0.0
2025-07-25,Unknown,2,6.320688383407145e-13,7.715467645068795e-07,0.9999992284522953,0.0,0.0
2025-07-28,Unknown,2,1.0665002338286821e-12,7.733873521543568e-07,0.9999992266114794,0.0,0.0
2025-07-29,Unknown,2,2.38213433187481e-12,1.7459892993439487e-06,0.9999982540081654,0.0,0.0
2025-07-30,Unknown,2,3.886984729509978e-12,1.0536688333573245e-06,0.9999989463272962,0.0,0.0
2025-07-31,Unknown,2,2.63993205914431e-12,2.85780521061771e-06,0.9999971421916506,0.0,0.0
2025-08-01,Unknown,2,4.570837769183455e-10,0.00039572784833009277,0.9996042716947796,0.0,0.0
2025-08-04,Unknown,2,1.6655081360757617e-09,2.0203185361526448e-05,0.9999797951499505,0.0,0.0
2025-08-05,Unknown,2,3.856970739822576e-11,1.6695547460695824e-05,0.9999833044141652,0.0,0.0
2025-08-06,Unknown,2,1.543157799529716e-11,1.422399842860128e-05,0.9999857759860143,0.0,0.0
2025-08-07,Unknown,2,8.043242125515494e-12,9.993693895069575e-06,0.9999900062984186,0.0,0.0
2025-08-08,Unknown,2,3.404878951056623e-11,9.097541384043225e-05,0.9999090245513322,0.0,0.0
2025-08-11,Unknown,2,2.948958152387163e-11,1.199670772848565e-05,0.9999880032620444,0.0,0.0
2025-08-12,Unknown,2,1.1748085038795058e-11,4.863082600728432e-05,0.9999513691620375,0.0,0.0
2025-08-13,Unknown,2,2.1558136390345876e-11,2.548412189945878e-05,0.9999745158557202,0.0,0.0
2025-08-14,Unknown,2,9.423391023087798e-12,2.1517647068350017e-05,0.9999784823435637,0.0,0.0
2025-08-15,Unknown,2,5.167080899303267e-12,1.0689690890628364e-05,0.9999893103038819,0.0,0.0
2025-08-18,Unknown,2,3.4780747417887467e-12,1.827726916474918e-05,0.9999817227268549,0.0,0.0
2025-08-19,Unknown,2,7.657528333370008e-12,2.4858483540554837e-05,0.9999751415086614,0.0,0.0
2025-08-20,Unknown,2,1.6206269671367515e-11,5.0472584162629206e-05,0.9999495273992042,0.0,0.0
2025-08-21,Unknown,2,9.773136510356741e-11,0.00010086866112947419,0.9998991312403362,0.0,0.0
2025-08-22,Unknown,2,6.401425101312229e-11,9.928246569460773e-05,0.99990071746953,0.0,0.0
2025-08-25,Unknown,2,7.387501278927308e-11,0.0001065855535535467,0.9998934143731663,0.0,0.0
2025-08-26,Unknown,2,5.845356262410161e-11,0.00013738790311224595,0.999862612037614,0.0,0.0
2025-08-27,Unknown,2,6.736329495709723e-11,0.0002360451583759781,0.9997639547743868,0.0,0.0
2025-08-28,Unknown,2,2.2887576421659207e-10,0.0005372126728358586,0.9994627870975,0.0,0.0
2025-08-29,Unknown,2,1.613041604701701e-10,0.00020866358043902772,0.999791336258572,0.0,0.0
2025-09-02,Unknown,2,1.3099420703759837e-10,0.0001886835024267232,0.9998113163661414,0.0,0.0
2025-09-03,Unknown,2,1.5493310014642545e-11,2.176513830080024e-05,0.9999782348463079,0.0,0.0
2025-09-04,Unknown,2,2.6442803692362155e-12,3.606735613852272e-05,0.9999639326407936,0.0,0.0
2025-09-05,Unknown,2,2.4302561079673814e-12,1.7789670765594095e-05,0.9999822103272751,0.0,0.0
2025-09-08,Unknown,2,9.454688104588934e-13,1.519636834359599e-05,0.9999848036304285,0.0,0.0
2025-09-09,Unknown,2,2.3603815242397137e-12,2.7905890248301297e-05,0.9999720941069646,0.0,0.0
2025-09-10,Unknown,2,1.607810096684581e-12,1.3580423163176167e-05,0.9999864195755356,0.0,0.0
2025-09-11,Unknown,2,4.806675937412555e-13,6.329550229522845e-06,0.9999936704498623,0.0,0.0
2025-09-12,Unknown,2,5.119387106455758e-13,1.0747598754630633e-05,0.999989252400613,0.0,0.0
2025-09-15,Unknown,2,6.680846200104628e-13,1.0016444718158722e-05,0.9999899835540027,0.0,0.0
2025-09-16,Unknown,2,6.300913032541603e-13,1.0337441469992493e-05,0.9999896625583904,0.0,0.0
2025-09-17,Unknown,2,6.838241922464386e-13,1.1106583843962461e-05,0.9999888934160629,0.0,0.0
2025-09-18,Unknown,2,1.8573671681057794e-13,4.223798006288526e-06,0.9999957762009289,0.0,0.0
2025-09-19,Unknown,2,7.668979763449205e-14,5.077177077091747e-06,0.9999949228223809,0.0,0.0
2025-09-22,Unknown,2,1.3668436072889178e-13,7.3589098035927164e-06,0.9999926410908041,0.0,0.0
2025-09-23,Unknown,2,2.891933682168338e-13,3.437405681266148e-06,0.9999965625943295,0.0,0.0
2025-09-24,Unknown,2,2.51423537470825e-13,6.77038913147418e-06,0.999993229609754,0.0,0.0
2025-09-25,Unknown,2,6.766826716348256e-13,1.0244347248765546e-05,0.9999897556514911,0.0,0.0
2025-09-26,Unknown,2,2.044658721406536e-13,3.6149853738830267e-06,0.9999963850142961,0.0,0.0
2025-09-29,Unknown,2,8.291304689999216e-14,4.177210527387402e-06,0.9999958227886898,0.0,0.0
2025-09-30,Unknown,2,5.2888400894910733e-14,2.5073095932109287e-06,0.9999974926899595,0.0,0.0
2025-10-01,Unknown,2,6.319746970589676e-14,3.301785086741443e-06,0.9999966982140843,0.0,0.0
2025-10-02,Unknown,2,9.854283287491906e-14,3.0603024779551513e-06,0.9999969396968924,0.0,0.0
2025-10-03,Unknown,2,6.433201097055518e-14,1.510247479994656e-06,0.9999984897524463,0.0,0.0
2025-10-06,Unknown,2,2.890013740359626e-14,1.47543823337955e-06,0.9999985245623946,0.0,0.0
2025-10-07,Unknown,2,2.4852159232901668e-14,1.6856495299633928e-06,0.9999983143512164,0.0,0.0
2025-10-08,Unknown,2,2.3089693666736248e-14,7.0882735144736556e-06,0.9999929117271875,0.0,0.0
2025-10-09,Unknown,2,2.851624356707342e-13,0.002294322390265001,0.9977056776096499,0.0,0.0
2025-10-10,Sideways,1,8.15778146509755e-11,0.9430100702282992,0.05698992969077374,0.0,0.0
2025-10-13,Sideways,1,2.3945801338149596e-09,0.9673414743596018,0.03265852324588383,0.0,0.0
2025-10-14,Sideways,1,2.612959777835176e-09,0.9833115257496926,0.01668847163793486,0.0,0.0
2025-10-15,Sideways,1,1.8311709410539344e-09,0.9968299125392384,0.003170085628917369,0.0,0.0
2025-10-16,Sideways,1,2.0680176175127074e-09,0.9994193837581598,0.0005806141737549537,0.0,0.0
2025-10-17,Sideways,1,2.8057373534325574e-09,0.9999063821274184,9.36150662743134e-05,0.0,0.0
2025-10-20,Sideways,1,9.167447814531614e-10,0.9998831023922563,0.00011689669023713268,0.0,0.0
2025-10-21,Sideways,1,1.2330325105897215e-09,0.9997941085076187,0.00020589025946509234,0.0,0.0
2025-10-22,Sideways,1,1.3629245016990313e-09,0.999608831323433,0.00039116731402748245,0.0,0.0
2025-10-23,Sideways,1,1.0277583543732858e-09,0.9998131988413103,0.00018680013071110027,0.0,0.0
2025-10-24,Sideways,1,6.170326530553285e-10,0.9999072452083873,9.27541748888672e-05,0.0,0.0
2025-10-27,Sideways,1,4.3507220189141217e-10,0.9999750097370774,2.498982702648153e-05,0.0,0.0
2025-10-28,Sideways,1,4.0357138635701477e-10,0.9998863480319482,0.00011365156472082198,0.0,0.0
2025-10-29,Sideways,1,6.119602901719889e-10,0.9999311425423949,6.885684527486106e-05,0.0,0.0
2025-10-30,Sideways,1,1.604612375286593e-09,0.9999632495823922,3.674881259027276e-05,0.0,0.0
2025-10-31,Sideways,1,7.972359925567209e-10,0.999792513752764,0.00020748545061294034,0.0,0.0
2025-11-03,Sideways,1,5.407298026829183e-10,0.9996981375100972,0.0003018619488783055,0.0,0.0
2025-11-04,Sideways,1,1.4515223401521473e-09,0.9999827728780973,1.722567016446176e-05,0.0,0.0
2025-11-05,Sideways,1,6.551593962216643e-10,0.9999759059875488,2.409335736391433e-05,0.0,0.0
2025-11-06,Sideways,1,2.5968491409322587e-09,0.999997840852814,2.1565501052121512e-06,0.0,0.0
2025-11-07,Sideways,1,1.0748330829300102e-09,0.9999950880385442,4.910887281942469e-06,0.0,0.0
2025-11-10,Sideways,1,1.2531690538021566e-09,0.9999782770495823,2.172169699856897e-05,0.0,0.0
2025-11-11,Sideways,1,8.915666346571042e-10,0.9966237434738696,0.003376255633948818,0.0,0.0
2025-11-12,Sideways,1,7.900431894458585e-10,0.9963781357987034,0.0036218634116899325,0.0,0.0
2025-11-13,Sideways,1,4.117710598843293e-09,0.9997683983120568,0.00023159757111221007,0.0,0.0
2025-11-14,Sideways,1,2.862641550109177e-09,0.9998542082669899,0.0001457888711574993,0.0,0.0
2025-11-17,Sideways,1,2.250436389104712e-09,0.9999826492326114,1.734851621802434e-05,0.0,0.0
2025-11-18,Sideways,1,3.851169117784898e-09,0.9999984705384904,1.5256104168034395e-06,0.0,0.0
2025-11-19,Sideways,1,2.09407487241333e-09,0.9999996587048955,3.392016748039023e-07,0.0,0.0
2025-11-20,Sideways,1,9.508053585343094e-09,0.9999996805327611,3.099598620064566e-07,0.0,0.0
2025-11-21,Sideways,1,2.3382256360402936e-09,0.9999999373048942,6.035648309906402e-08,0.0,0.0
2025-11-24,Sideways,1,7.970595445896552e-10,0.9999999906885932,8.51483328938462e-09,0.0,0.0
2025-11-25,Sideways,1,6.728882921003438e-10,0.9999999952651706,4.062450501598036e-09,0.0,0.0
2025-11-26,Sideways,1,4.975030721764749e-10,0.9999999945521267,4.951052607150736e-09,0.0,0.0
2025-11-28,Sideways,1,1.3001851806625782e-09,0.9999999986848707,1.4155977912973683e-11,0.0,0.0
2025-12-01,Sideways,1,1.4646322668056244e-09,0.9999999793599275,1.9175149261703074e-08,0.0,0.0
2025-12-02,Sideways,1,7.419315611946277e-10,0.9999988493407072,1.1499171926718133e-06,0.0,0.0
2025-12-03,Sideways,1,5.360700131605258e-10,0.9999947575789602,5.2418845928469116e-06,0.0,0.0
2025-12-04,Sideways,1,4.911003890223561e-10,0.9999440524578586,5.594705019832285e-05,0.0,0.0
2025-12-05,Sideways,1,4.923342754257885e-10,0.9998773918514614,0.00012260765587464772,0.0,0.0
2025-12-08,Sideways,1,9.744497998825317e-10,0.9996433989453583,0.0003566000797047473,0.0,0.0
2025-12-09,Sideways,1,1.2296739426980114e-09,0.9992027680500092,0.0007972307203891492,0.0,0.0
2025-12-10,Sideways,1,1.1296541771092349e-09,0.9975967623496413,0.002403236520726077,0.0,0.0
2025-12-11,Sideways,1,1.166089147678768e-09,0.9974590391382618,0.0025409596957208565,0.0,0.0
2025-12-12,Sideways,1,3.688396593866047e-09,0.9987770264789259,0.0012229698333996657,0.0,0.0
2025-12-15,Sideways,1,3.568262514943325e-09,0.9968066182315658,0.0031933782001961953,0.0,0.0
2025-12-16,Sideways,1,3.783647473284319e-09,0.9974108299754276,0.00258916624032718,0.0,0.0
2025-12-17,Sideways,1,6.501613130972339e-09,0.9997513315214236,0.00024866197634185026,0.0,0.0
2025-12-18,Sideways,1,4.696939654106788e-09,0.999988638252915,1.1357050067924236e-05,0.0,0.0
2025-12-19,Sideways,1,3.051386567409741e-09,0.9999389239754483,6.107297243642708e-05,0.0,0.0
2025-12-22,Sideways,1,1.1021124539334549e-07,0.9994743372776577,0.0005255525115869762,0.0,0.0
2025-12-23,Sideways,1,3.081128153368992e-07,0.9332852796845885,0.06671441220206548,0.0,0.0
2025-12-24,Sideways,1,6.471457905681785e-07,0.5470492494202741,0.45295010343339853,0.0,0.0
2025-12-26,Unknown,2,8.050183098464078e-08,0.06359680885213552,0.9364031106453528,0.0,0.0
2025-12-29,Unknown,2,2.768739742664546e-09,0.0020104724414543615,0.9979895247903653,0.0,0.0
2025-12-30,Unknown,2,6.698887318418078e-11,5.875308264834946e-05,0.9999412468512622,0.0,0.0
2025-12-31,Unknown,2,4.2034726941344974e-12,3.588089308868567e-05,0.9999641191023274,0.0,0.0
2026-01-02,Unknown,2,1.649302641775312e-12,2.972825988316668e-05,0.999970271737645,0.0,0.0
2026-01-05,Unknown,2,7.866132214524994e-13,2.342052516803044e-05,0.9999765794742028,0.0,0.0
2026-01-06,Unknown,2,4.604681261815027e-13,2.030625762817304e-05,0.9999796937415264,0.0,0.0
2026-01-07,Unknown,2,5.959871462344674e-13,2.2071525104364693e-05,0.999977928475181,0.0,0.0
2026-01-08,Unknown,2,1.850725103380584e-12,4.406811128335776e-05,0.9999559318872856,0.0,0.0
2026-01-09,Unknown,2,1.9981548190285e-12,3.8276730561921685e-05,0.9999617232674357,0.0,0.0
2026-01-12,Unknown,2,1.00951915554668e-12,1.719221793330778e-05,0.9999828077802654,0.0,0.0
2026-01-13,Unknown,2,4.4987319816816785e-13,1.3819122822544442e-05,0.9999861808764643,0.0,0.0
2026-01-14,Unknown,2,3.8736390426358797e-13,1.0068438141817541e-05,0.9999899315623506,0.0,0.0
2026-01-15,Unknown,2,2.2680699116416305e-13,1.2270716678517992e-05,0.9999877292837279,0.0,0.0
2026-01-16,Unknown,2,3.9861944781077756e-13,0.00025807462000506905,0.9997419253790376,0.0,0.0
2026-01-20,Unknown,2,1.2939740407362638e-10,0.011220163995457177,0.9887798358742462,0.0,0.0
2026-01-21,Unknown,2,3.9808425655042305e-09,0.010792700274558868,0.9892072957452989,0.0,0.0
2026-01-22,Unknown,2,2.109101427306157e-09,0.005585465031093098,0.9944145328596639,0.0,0.0
2026-01-23,Unknown,2,1.1904552571930447e-09,0.003416680614720842,0.996583318194238,0.0,0.0
2026-01-26,Unknown,2,6.641823813102409e-10,0.003112694114431699,0.9968873052212233,0.0,0.0
2026-01-27,Unknown,2,3.2573422916025387e-09,0.004277587509934832,0.9957224092333669,0.0,0.0
2026-01-28,Unknown,2,1.1642473199928245e-09,0.001149518231821983,0.9988504806039465,0.0,0.0
2026-01-29,Unknown,2,1.5697898899295326e-10,0.0004051728424318054,0.9995948269999069,0.0,0.0
2026-01-30,Unknown,2,3.832362840065266e-11,0.0011397784716194056,0.9988602214909369,0.0,0.0
2026-02-02,Unknown,2,3.513783620662496e-11,0.008524040509111019,0.9914759594558717,0.0,0.0
2026-02-03,Unknown,2,1.851670350176829e-10,0.06098158363556518,0.9390184161792869,0.0,0.0
2026-02-04,Unknown,2,1.5961317481494552e-09,0.28010656715622395,0.7198934312470592,0.0,0.0
2026-02-05,Sideways,1,1.782584935219036e-08,0.91233662569849,0.08766335647527983,0.0,0.0
2026-02-06,Sideways,1,9.049000271300336e-09,0.9956902946462451,0.004309696304240921,0.0,0.0
2026-02-09,Sideways,1,1.0000972334567708e-08,0.9998810013399038,0.00011898865899477847,0.0,0.0
2026-02-10,Sideways,1,1.3367564740923435e-08,0.999892395626298,0.00010759100584618236,0.0,0.0
2026-02-11,Sideways,1,1.8246831020079995e-08,0.99993696983089,6.301192191280476e-05,0.0,0.0
2026-02-12,Sideways,1,1.6261076217486686e-07,0.9999997236791769,1.1370988387930234e-07,0.0,0.0
2026-02-13,Sideways,1,3.15966262109503e-08,0.9999923026776492,7.665724954840994e-06,0.0,0.0
2026-02-17,Sideways,1,2.7667042722877994e-08,0.9999969589308277,3.013402126996296e-06,0.0,0.0
2026-02-18,Sideways,1,2.1949756092735056e-08,0.9999979519255303,2.0261245865883097e-06,0.0,0.0
2026-02-19,Sideways,1,4.436539988119289e-08,0.9999936485166272,6.307117340146128e-06,0.0,0.0
2026-02-20,Sideways,1,3.219973652118962e-08,0.9999322111511196,6.77566484469509e-05,0.0,0.0
2026-02-23,Sideways,1,5.581412641992885e-08,0.9999106229732663,8.932121286979032e-05,0.0,0.0
2026-02-24,Sideways,1,3.4449701045104175e-08,0.9999518927455439,4.8072804143740484e-05,0.0,0.0
2026-02-25,Sideways,1,2.852827152657276e-08,0.9999759820776831,2.398939314540931e-05,0.0,0.0
2026-02-26,Sideways,1,4.555227033639319e-08,0.9999452739453285,5.4680502626688065e-05,0.0,0.0
2026-02-27,Sideways,1,5.820359877348591e-08,0.9999260653778892,7.387641846877066e-05,0.0,0.0
2026-03-02,Sideways,1,7.018568861086238e-08,0.9999692816534383,3.06481602425845e-05,0.0,0.0
2026-03-03,Sideways,1,9.911433551668568e-08,0.9999782629163417,2.1637969107073517e-05,0.0,0.0
2026-03-04,Sideways,1,6.103599526258915e-08,0.9999857903358177,1.4148628078432481e-05,0.0,0.0
2026-03-05,Sideways,1,7.683489273629362e-08,0.9999794161203068,2.0507044890612903e-05,0.0,0.0
2026-03-06,Sideways,1,2.1581962149406266e-07,0.9999980435751279,1.7406044235476728e-06,0.0,0.0
2026-03-09,Sideways,1,1.34768897461056e-07,0.9999990966902702,7.68540121643563e-07,0.0,0.0
2026-03-10,Sideways,1,1.243116631319019e-07,0.9999369437791473,6.293190904971304e-05,0.0,0.0
2026-03-11,Sideways,1,1.3765926551910794e-07,0.9999553054314924,4.4556909245968696e-05,0.0,0.0
2026-03-12,Sideways,1,3.632285709549961e-07,0.9999969898990286,2.6468727184309724e-06,0.0,0.0
2026-03-13,Sideways,1,6.346859084992509e-07,0.99999863241558,7.328984502735979e-07,0.0,0.0
2026-03-16,Sideways,1,2.449913330713921e-07,0.9999993933235622,3.616847163105416e-07,0.0,0.0
2026-03-17,Sideways,1,2.3250571157685942e-07,0.9999995292147303,2.382789603102355e-07,0.0,0.0
2026-03-18,Sideways,1,4.3463992355929905e-07,0.9999994210413063,1.443184108555543e-07,0.0,0.0
2026-03-19,Sideways,1,6.176074444922204e-07,0.9999991558819527,2.2650992861707265e-07,0.0,0.0
2026-03-20,Sideways,1,2.1764341004773527e-06,0.9999978116453646,1.1921099215047643e-08,0.0,0.0
2026-03-23,Sideways,1,6.463421065091372e-07,0.999999352607329,1.050424140463689e-09,0.0,0.0
2026-03-24,Sideways,1,8.900475968817041e-07,0.9999991097142227,2.3833294087629887e-10,0.0,0.0
2026-03-25,Sideways,1,6.811023617441917e-07,0.9999993175044948,1.3931833154124617e-09,0.0,0.0
2026-03-26,Sideways,1,5.428900519871169e-06,0.9999945706660633,4.338976794788228e-10,0.0,0.0
2026-03-27,Sideways,1,3.140919527297537e-05,0.9999685908008962,4.199811347162207e-12,0.0,0.0
2026-03-30,Sideways,1,2.453939568943181e-05,0.999975460604272,9.025055821129875e-13,0.0,0.0
2026-03-31,Sideways,1,2.1846713126660622e-05,0.9999781532864205,5.490453128827385e-19,0.0,0.0
2026-04-01,Sideways,1,2.97717666746524e-05,0.9999702282341697,1.9411909864193357e-19,0.0,0.0
2026-04-02,Sideways,1,3.806855279509944e-05,0.999961931446464,1.4754735446502146e-16,0.0,0.0
2026-04-06,Sideways,1,0.00015891921294730748,0.9998410807872715,9.923722448389878e-19,0.0,0.0
2026-04-07,Sideways,1,0.0005395856488223792,0.999460414350757,2.278482373045529e-18,0.0,0.0
2026-04-08,Sideways,1,0.0009944379609034752,0.9990055620382798,3.716381712266321e-18,0.0,0.0
2026-04-09,Sideways,1,0.0035718924133309083,0.9964281075864364,7.921340479941844e-16,0.0,0.0
2026-04-10,Sideways,1,0.016753587632269057,0.9832464123671253,1.8712245918488996e-14,0.0,0.0
2026-04-13,Sideways,1,0.05718469062238159,0.9428153093769747,7.586825374403083e-14,0.0,0.0
2026-04-14,Sideways,1,0.16013038136458252,0.8398696186354094,2.1689527182908486e-15,0.0,0.0
2026-04-15,Sideways,1,0.31284395622294586,0.6871560437059704,7.12957915760908e-11,0.0,0.0
2026-04-16,Bull,0,0.561339629389111,0.4386603704370781,1.7460504791108492e-10,0.0,0.0
2026-04-17,Bull,0,0.7861867553818027,0.21381324461531745,2.7191792674126593e-12,0.0,0.0
2026-04-20,Bull,0,0.9408596045513474,0.05914039544658929,1.5343214991456292e-12,0.0,0.0
2026-04-21,Bull,0,0.9910008472570068,0.008999152741821859,6.167443602482095e-13,0.0,0.0
2026-04-22,Bull,0,0.9982131302704563,0.0017868697227137842,7.37633392976873e-12,0.0,0.0
2026-04-23,Bull,0,0.9997718541157542,0.0002281458845701729,1.9628454513547552e-13,0.0,0.0
2026-04-24,Bull,0,0.9999725699450648,2.743005210425037e-05,2.8266798097285117e-12,0.0,0.0
2026-04-27,Bull,0,0.9999950604664387,4.939533400553718e-06,7.912669416803241e-14,0.0,0.0
2026-04-28,Bull,0,0.9999988108582123,1.1891420759187445e-06,2.295199195920031e-16,0.0,0.0
2026-04-29,Bull,0,0.9999985887780848,1.4112216867937891e-06,8.786881641563006e-16,0.0,0.0
2026-04-30,Bull,0,0.9999737891136599,2.6194951814009133e-05,1.5935286519293363e-08,0.0,0.0
2026-05-01,Bull,0,0.9999115339458297,8.79905102569583e-05,4.7554304518340054e-07,0.0,0.0
2026-05-04,Bull,0,0.9996812399871781,0.0003134964058226356,5.2636068675681875e-06,0.0,0.0
2026-05-05,Bull,0,0.9987513351821546,0.0009724397980594409,0.0002762250200685082,0.0,0.0
2026-05-06,Bull,0,0.9926197383673118,0.002624829976229144,0.0047554316561907685,0.0,0.0
2026-05-07,Unknown,2,0.11273277654187484,0.00013112992558255882,0.8871360935321979,0.0,0.0
2026-05-08,Unknown,2,0.01573471001417218,1.1071280444585575e-05,0.9842542187047972,0.0,0.0
2026-05-11,Unknown,2,0.0032025057208531793,1.54281977236984e-05,0.9967820660821552,0.0,0.0
2026-05-12,Unknown,2,0.00025970864090215376,2.7332406178171193e-06,0.999737558118309,0.0,0.0
2026-05-13,Unknown,2,3.261870257898003e-05,4.57363399755582e-07,0.9999669239345716,0.0,0.0
2026-05-14,Unknown,2,6.0458987225109195e-06,2.999887623048421e-07,0.9999936541118031,0.0,0.0
2026-05-15,Unknown,2,2.3642673545211776e-06,2.0552789366541062e-06,0.9999955804530491,0.0,0.0
2026-05-18,Unknown,2,1.3620010819500223e-06,1.8378984631016768e-06,0.9999968001008066,0.0,0.0
2026-05-19,Unknown,2,7.271374534197234e-07,5.943867080478694e-06,0.999993328995029,0.0,0.0
2026-05-20,Unknown,2,4.732063102176345e-07,4.370858845557165e-06,0.9999951559356305,0.0,0.0
2026-05-21,Unknown,2,4.410453603502929e-07,1.6727669587673516e-05,0.9999828312848427,0.0,0.0
2026-05-22,Unknown,2,1.9384660309525822e-08,1.4409655837510423e-06,0.9999985396490705,0.0,0.0
2026-05-26,Unknown,2,9.947814997174603e-10,1.1715337618439069e-06,0.999998827471023,0.0,0.0
2026-05-27,Unknown,2,2.7901902932472405e-11,9.529522188434332e-07,0.9999990470191726,0.0,0.0
2026-05-28,Unknown,2,4.323807907651902e-11,2.1035335846901054e-06,0.9999978964228219,0.0,0.0
2026-05-29,Unknown,2,5.2327284008859884e-11,2.272998174780553e-06,0.999997726949769,0.0,0.0
2026-06-01,Unknown,2,3.939937775658013e-11,1.0201411040451329e-06,0.9999989798203134,0.0,0.0
2026-06-02,Unknown,2,1.6000904621639208e-11,1.2629213511218474e-06,0.9999987370619027,0.0,0.0
2026-06-03,Unknown,2,3.1089673312452777e-12,6.7425174481238955e-06,0.9999932574801214,0.0,0.0
2026-06-04,Unknown,2,1.5366470814578897e-10,0.002491325825070338,0.9975086740215042,0.0,0.0
2026-06-05,Sideways,1,3.069422991441307e-08,0.8923875887373857,0.10761238056910695,0.0,0.0
2026-06-08,Sideways,1,2.4849377124125433e-06,0.9763683269681023,0.023629188093767975,0.0,0.0
2026-06-09,Sideways,1,2.8744817198693036e-06,0.9987527370736409,0.0012443884453980387,0.0,0.0
2026-06-10,Sideways,1,1.493490636312324e-06,0.9999968438109831,1.662699223627892e-06,0.0,0.0
2026-06-11,Sideways,1,4.802762874764348e-07,0.9999994528808789,6.684254196852423e-08,0.0,0.0
2026-06-12,Sideways,1,5.823023398726486e-08,0.9999861140913745,1.3827678813718208e-05,0.0,0.0
2026-06-15,Sideways,1,4.81713075821192e-08,0.9999997358245658,2.160046692027996e-07,0.0,0.0
2026-06-16,Sideways,1,1.5477925072741043e-08,0.9999933596284257,6.62489434997656e-06,0.0,0.0
2026-06-17,Sideways,1,5.180699429379845e-08,0.999999931567802,1.6625262778404087e-08,0.0,0.0
2026-06-18,Sideways,1,8.537583356580388e-09,0.9999986510765669,1.3403856046845913e-06,0.0,0.0
2026-06-22,Sideways,1,1.209089090443688e-08,0.9999957713515236,4.216557077385279e-06,0.0,0.0
2026-06-23,Sideways,1,4.030522849772385e-08,0.9999998812127231,7.848221114018164e-08,0.0,0.0
2026-06-24,Sideways,1,3.0978366214489923e-08,0.9999998645216784,1.0450050223080515e-07,0.0,0.0
2026-06-25,Sideways,1,2.7175362427107307e-08,0.9999998481307673,1.2469369734139865e-07,0.0,0.0
2026-06-26,Sideways,1,4.20073020946383e-08,0.9999999411611515,1.6831419452263536e-08,0.0,0.0
2026-06-29,Sideways,1,1.3783076374184477e-08,0.9999999835636119,2.653089991036388e-09,0.0,0.0
2026-06-30,Sideways,1,8.036110371585286e-09,0.9999999910614861,9.023363052913156e-10,0.0,0.0
2026-07-01,Sideways,1,1.326384703279282e-08,0.9999999857591321,9.769918054661473e-10,0.0,0.0
2026-07-02,Sideways,1,1.985455758352496e-08,0.9999999791780285,9.677510371338127e-10,0.0,0.0
2026-07-06,Sideways,1,1.0027620261473858e-08,0.999999989879143,9.292409281361516e-11,0.0,0.0
2026-07-07,Sideways,1,1.464384686424338e-08,0.9999999782485249,7.107258010927371e-09,0.0,0.0
2026-07-08,Sideways,1,8.243918791473811e-09,0.9999948778571921,5.113899779300894e-06,0.0,0.0
2026-07-09,Sideways,1,5.046396141488588e-09,0.9999969902646444,3.0046891513451332e-06,0.0,0.0
2026-07-10,Sideways,1,4.854582318581357e-09,0.9999977054457253,2.2896995958827885e-06,0.0,0.0
2026-07-13,Sideways,1,1.3535810767927763e-08,0.9999956160341443,4.370429715618419e-06,0.0,0.0
2026-07-14,Sideways,1,8.786792935159507e-09,0.9999041685742616,9.582263932935597e-05,0.0,0.0
2026-07-15,Sideways,1,8.894863583723996e-09,0.999912091722479,8.789938239901806e-05,0.0,0.0
2026-07-16,Sideways,1,2.4402327710319852e-08,0.9997231956116895,0.0002767799856928267,0.0,0.0
2026-07-17,Sideways,1,3.806289338858716e-08,0.9998518914823831,0.00014807045492231982,0.0,0.0
2026-07-20,Sideways,1,4.25051855794902e-08,0.9989827493253194,0.0010172081701611438,0.0,0.0
2026-07-21,Sideways,1,1.5752317882156902e-08,0.9965136895401215,0.0034862947070643784,0.0,0.0
2026-07-22,Sideways,1,1.4022683506540306e-08,0.9966726832929381,0.0033273026849660516,0.0,0.0
2026-07-23,Sideways,1,4.271261506704894e-08,0.9986950245438183,0.0013049327432534776,0.0,0.0
2026-07-24,Sideways,1,4.7428308790662175e-08,0.9991505067718349,0.000849445799822894,0.0,0.0
2026-07-27,Sideways,1,3.898642221409751e-08,0.9994293346235774,0.000570626389643568,0.0,0.0
2026-07-28,Sideways,1,3.530740168346856e-08,0.9998760067563335,0.00012395793628302028,0.0,0.0
2026-07-29,Sideways,1,6.230247608078966e-08,0.9998905607943677,0.00010937690375919448,0.0,0.0
2026-07-30,Sideways,1,1.8348698046722318e-08,0.9999414329957178,5.854865496002242e-05,0.0,0.0
2026-07-31,Sideways,1,1.3045533568553452e-08,0.9999758002667996,2.4186686959443735e-05,0.0,0.0
2026-08-03,Sideways,1,7.967621565682013e-09,0.9999990806340654,9.113979415330226e-07,0.0,0.0
2026-08-04,Sideways,1,4.9507677124228494e-09,0.999999973108061,2.194193284582742e-08,0.0,0.0
2026-08-05,Sideways,1,1.8499360705097183e-08,0.9999999812735043,2.2774535078835555e-10,0.0,0.0
2026-08-06,Sideways,1,1.33283519153171e-08,0.9999994903902396,4.962819565624617e-07,0.0,0.0
2026-08-07,Sideways,1,1.5077642591208314e-08,0.999992182314235,7.802608851355367e-06,0.0,0.0
2026-08-10,Sideways,1,3.602866659697889e-08,0.9981096810776562,0.00189028289348436,0.0,0.0
2026-08-11,Sideways,1,2.955529071526725e-08,0.9833475759308127,0.016652394514110366,0.0,0.0
2026-08-12,Sideways,1,2.696373417552746e-08,0.973480544905036,0.026519428131313152,0.0,0.0
2026-08-13,Sideways,1,2.194420512188437e-08,0.9693249339460465,0.030675044110582098,0.0,0.0
2026-08-14,Sideways,1,1.8496201671795747e-08,0.9699541901823915,0.030045791321890888,0.0,0.0
2026-08-17,Sideways,1,1.9240228868931534e-08,0.9795606880605479,0.020439292700014176,0.0,0.0
2026-08-18,Sideways,1,2.8263498924595436e-08,0.9933393968941946,0.00666057484249795,0.0,0.0
2026-08-19,Sideways,1,2.0345413760376805e-08,0.9959634451660638,0.004036534487679069,0.0,0.0
2026-08-20,Sideways,1,2.6322415604670397e-08,0.9995625242170225,0.0004374494602584994,0.0,0.0
2026-08-21,Sideways,1,1.9073347722898766e-08,0.999843475265533,0.000156505661343296,0.0,0.0
2026-08-24,Sideways,1,2.0217577787897395e-08,0.9997612949611037,0.00023868482103617795,0.0,0.0
2026-08-25,Sideways,1,2.061796874308603e-08,0.9990884660825289,0.0009115132993720946,0.0,0.0
2026-08-26,Sideways,1,4.816730276614422e-08,0.9960411646785894,0.003958787153491883,0.0,0.0
2026-08-27,Sideways,1,2.9642682560407624e-06,0.9746054330746807,0.025391602656283856,0.0,0.0
2026-08-28,Unknown,2,5.675312467031174e-07,0.254087840574824,0.7459115918948183,0.0,0.0
2026-08-31,Unknown,2,6.26759351062755e-08,0.026446638883464962,0.9735532984401052,0.0,0.0
2026-09-01,Unknown,2,5.074890540457257e-09,0.0012012117452379026,0.9987987831796052,0.0,0.0
2026-09-02,Unknown,2,3.680510391711813e-10,2.639177087742294e-05,0.9999736078615901,0.0,0.0
2026-09-03,Unknown,2,9.855568247827906e-12,2.621067833260208e-05,0.9999737893119245,0.0,0.0
2026-09-04,Unknown,2,3.498039084828232e-12,1.2175576549775615e-05,0.9999878244193487,0.0,0.0
2026-09-08,Unknown,2,4.941936356471635e-12,2.330205444403787e-05,0.999976697940396,0.0,0.0
2026-09-09,Unknown,2,3.542461012555183e-11,7.907214140514067e-05,0.9999209278225676,0.0,0.0
2026-09-10,Unknown,2,8.43707781194253e-11,0.00011006245587289799,0.9998899374605572,0.0,0.0
2026-09-11,Unknown,2,1.765766190930414e-10,0.0003991951506398634,0.9996008046734541,0.0,0.0
2026-09-14,Unknown,2,8.309829476251273e-10,0.000578301433438363,0.999421697735379,0.0,0.0
2026-09-15,Unknown,2,8.129000597866409e-10,0.0013979962262895484,0.9986020029599234,0.0,0.0
2026-09-16,Unknown,2,8.407016299641071e-10,0.004445049397119051,0.9955549497621375,0.0,0.0
2026-09-17,Unknown,2,8.099172910524318e-10,0.0157504810400551,0.9842495181502013,0.0,0.0
2026-09-18,Unknown,2,1.7282525115288444e-07,0.03613470707690903,0.9638651200970606,0.0,0.0
