date,open,high,low,close,volume
2020-01-02,5.928333669430895,5.957137107849121,5.877927533796915,5.957137107849121,237536000
2020-01-03,5.837701493917199,5.905489527898822,5.812870682746855,5.86178731918335,205384000
2020-01-06,5.7686732819433395,5.89158508763454,5.742601138143197,5.886370658874512,262636000
2020-01-07,5.91467674815212,6.003322495503562,5.86973321074161,5.957633972167969,314856000
2020-01-08,5.953414011589043,6.0100282182750675,5.913436722472884,5.968809127807617,277108000
2020-01-09,6.054971861692461,6.106619811010042,5.9807280529505515,6.034362316131592,255112000
2020-01-10,6.141381945898443,6.171675359974287,6.052488017299634,6.066641330718994,316296000
2020-01-13,6.149575074900235,6.281922547417349,6.126978749107095,6.256843566894531,319840000
2020-01-14,6.214135687983089,6.239463317637183,6.126979903415702,6.140140533447266,359088000
2020-01-15,6.152802880546791,6.175150562579818,6.071854694268641,6.0976786613464355,263104000
2020-01-16,6.151065142101568,6.187069795920927,6.127724301895055,6.181110382080078,284192000
2020-01-17,6.200230549789076,6.207679936211552,6.142375022038857,6.1898016929626465,253792000
2020-01-21,6.153299881678846,6.1900495201260926,6.122509656861109,6.156527996063232,217916000
2020-01-22,6.201720357984873,6.2968218681187,6.182848958433113,6.210411071777344,239240000
2020-01-23,6.250389431731005,6.2871386039958095,6.161743668888831,6.278696060180664,244516000
2020-01-24,6.393909359136046,6.443570980494994,6.165466753379862,6.219597816467285,373512000
2020-01-27,5.915670782034059,6.015242215037423,5.766438191541949,5.964339256286621,470536000
2020-01-28,6.0301406941602735,6.189553975862552,5.977002775723372,6.15727424621582,310976000
2020-01-29,6.142872452573034,6.178877113475648,6.0572061577627805,6.096935749053955,258848000
2020-01-30,5.999350082914366,6.117047926796072,5.944474498630881,6.103639125823975,290504000
2020-01-31,6.0579516037553045,6.069870434686681,5.829012581248318,5.870728015899658,370420000
2020-02-03,5.852599959031598,5.98693422980452,5.846392374463058,5.96756649017334,255564000
2020-02-04,6.109101537748103,6.155535047308561,6.059191742920374,6.136415004730225,271544000
2020-02-05,6.257093118185327,6.267273804534784,6.143368372698854,6.226551532745361,208220000
2020-02-06,6.260817085167685,6.313209533691406,6.1798688956538586,6.313209533691406,218284000
2020-02-07,6.273233053761534,6.2953325687371064,6.221833281757143,6.247160911560059,189752000
2020-02-10,6.269757213066146,6.530479600799783,6.264790955072942,6.529735088348389,529608000
2020-02-11,6.637746980573556,6.766370000222853,6.575918362337463,6.651900291442871,638556000
2020-02-12,6.70454318700568,6.773821209071166,6.665807226145709,6.767364978790283,374644000
2020-02-13,6.709507635030911,6.7907039916332455,6.682193696334617,6.723660945892334,528016000
2020-02-14,7.132872187223781,7.3243170050003235,7.101585618170038,7.1956939697265625,1041924000
2020-02-18,7.0926467000611995,7.382421632395123,7.073278958095728,7.364046573638916,620164000
2020-02-19,7.486213974968702,7.831857654033963,7.486213974968702,7.81422758102417,694332000
2020-02-20,7.766305522009843,7.854454477073298,7.358584991476206,7.6652445793151855,810052000
2020-02-21,7.553257158608696,7.578336145082304,7.217297345134649,7.3019700050354,768180000
2020-02-24,6.709012016382708,6.999035117860609,6.654632773657176,6.785738945007324,856916000
2020-02-25,6.8607273723321756,6.9225559983296225,6.405332082047458,6.506889820098877,1055496000
2020-02-26,6.507137545574785,6.8396210206918395,6.505648047340765,6.645941257476807,747732000
2020-02-27,6.3331371030939225,6.6337688114067115,6.183815236866364,6.275992393493652,906416000
2020-02-28,6.024056430486508,6.7694234632079855,6.007410040360973,6.710042476654053,1133252000
2020-03-02,6.879739659159656,6.896883166091774,6.484694989717539,6.8680620193481445,890744000
2020-03-03,6.923715128015333,6.983344439079889,6.520968366746117,6.606188774108887,652792000
2020-03-04,6.7132732703781945,7.078254667313152,6.6387362744594425,7.068813323974609,597408000
2020-03-05,6.869799320775565,7.03626464202494,6.745571483242945,6.790045261383057,540328000
2020-03-06,6.610909961054981,6.668303457897392,6.410157592567672,6.6099162101745605,515412000
2020-03-09,5.960453109775377,6.444941989409287,5.917718976759138,6.098097801208496,614160000
2020-03-10,6.373882922902069,6.486681938171387,6.111762534362907,6.486681938171387,580648000
2020-03-11,6.347050458285673,6.375374493338396,6.0267911071692835,6.123688697814941,499964000
2020-03-12,5.601681521561961,5.86653526687341,5.361673438486858,5.374344825744629,816540000
2020-03-13,5.726904246684154,5.988279679616138,5.456336262840261,5.983807563781738,634836000
2020-03-16,5.277446158270043,5.617582281021413,4.820039414726194,4.879668712615967,726972000
2020-03-17,4.991722819638062,5.487392094987451,4.745503441439184,5.398196220397949,833632000
2020-03-18,4.971597169380709,5.216077321382032,4.489096480442115,5.039176940917969,874268000
2020-03-19,5.017810266103697,5.3847795693683445,4.80488415349267,5.291360378265381,765512000
2020-03-20,5.441180167876771,5.72243203505823,5.096572300669886,5.111976623535156,804636000
2020-03-23,5.11098266460325,5.378569879183568,4.932343026928404,5.284404754638672,643876000
2020-03-24,5.689635534109391,6.277482011070205,5.666032412800152,6.191019058227539,1101644000
2020-03-25,6.305804608036056,6.50506606396705,6.05387057733849,6.10256814956665,793432000
2020-03-26,6.309284089634278,6.51500567196271,6.211392763360578,6.391274929046631,696108000
2020-03-27,6.211393888952661,6.537367908485307,6.178597736801258,6.27922248840332,638828000
2020-03-30,6.344565416561682,6.60792883445587,6.3005887404953445,6.598735809326172,602252000
2020-03-31,6.638737263039747,6.842471369775912,6.403946662410681,6.549293518066406,949960000
2020-04-01,6.351770816048918,6.497862621026077,5.994739866838938,6.039213180541992,656912000
2020-04-02,6.06828211430881,6.360466172613561,6.020330439771605,6.3472981452941895,675764000
2020-04-03,6.309781168533182,6.351273226478855,5.922935826420933,6.060083389282227,663212000
2020-04-06,6.341583273592423,6.705322589635028,6.284189783712524,6.668550968170166,727884000
2020-04-07,6.889677611131811,6.9132812099097904,6.39276612718909,6.435749053955078,784520000
2020-04-08,6.544572565930502,6.657371589711409,6.474756468687239,6.63252592086792,542444000
2020-04-09,6.75799563614717,6.780853326872135,6.47028368318691,6.533143043518066,525564000
2020-04-13,6.473513100836527,6.713272880415038,6.385311444319896,6.7045769691467285,398408000
2020-04-14,6.832532189824277,7.088938386369082,6.804953590184453,7.054900169372559,530948000
2020-04-15,6.887192650096263,7.060366418638952,6.841973904473054,6.977630615234375,366148000
2020-04-16,7.132666967595268,7.4288260502279275,7.119498939335271,7.321990013122559,745620000
2020-04-17,7.4039804904478155,7.425347792957144,7.129188706028905,7.262857913970947,539120000
2020-04-20,7.13664267731135,7.292175829064376,7.087696772999364,7.131921768188477,449388000
2020-04-21,7.014153773290799,7.075273479581441,6.6365009587876695,6.696130275726318,735160000
2020-04-22,6.887937472455997,7.152294614390537,6.842470411605959,7.109560012817383,483356000
2020-04-23,7.1515491508620865,7.28323037195008,7.031296300850552,7.056390285491943,424160000
2020-04-24,7.0462031209680775,7.197015329560934,6.971666133854671,7.195027828216553,352328000
2020-04-27,7.329194487555945,7.5406302366519835,7.3045971431487144,7.381121635437012,479388000
2020-04-28,7.52820840117151,7.5580232971718875,7.2335401756686055,7.239006042480469,442904000
2020-04-29,7.3734203929741255,7.468082150925123,7.298386754372791,7.415409564971924,379160000
2020-04-30,7.361494217734316,7.4154093460717885,7.247950249284272,7.261863708496094,375916000
2020-05-01,7.064837711480267,7.177885036259341,6.977629802301647,7.025830268859863,342096000
2020-05-04,6.9786235872010405,7.250931203108053,6.9786235872010405,7.2372660636901855,317556000
2020-05-05,7.341121062746931,7.460379689479762,7.237266284339808,7.29813814163208,368896000
2020-05-06,7.377395399557176,7.503362433621966,7.339630026481675,7.398762226104736,323464000
2020-05-07,7.537650840912172,7.637778483949312,7.486469108722269,7.574670791625977,373732000
2020-05-08,7.646224657266343,7.770452516763413,7.612434759096941,7.7642412185668945,339216000
2020-05-11,7.759270817320762,8.062387051955826,7.730698470823319,8.015677452087402,469060000
2020-05-12,8.073319732712656,8.122016839695085,7.744612838906281,7.754302501678467,493060000
2020-05-13,7.868593117853469,8.028598386935984,7.5478366741451675,7.731942653656006,625852000
2020-05-14,7.793310708554394,7.986360909028499,7.640013385344732,7.980895042419434,602312000
2020-05-15,7.841015060461227,8.447992184242215,7.825362416366955,8.438302993774414,987660000
2020-05-18,8.706384284090324,8.861420771854155,8.626878538742194,8.696197509765625,774460000
2020-05-19,8.735950260536658,9.031363868480941,8.708619983245251,8.751106262207031,717320000
2020-05-20,8.935462935324942,8.9871417777898,8.833844433095647,8.914592742919922,587536000
2020-05-21,8.995589960902274,8.996583238062687,8.683529383710239,8.721046447753906,761068000
2020-05-22,8.770735645480487,9.036832475277743,8.659427960573646,8.970494270324707,1038764000
2020-05-26,9.100186813930394,9.125032953045377,8.61843140772294,8.663898468017578,770780000
2020-05-27,8.571723864190476,8.579425553108482,7.947354407491266,8.472590446472168,1175892000
2020-05-28,8.360287817879668,8.706387094062297,8.327491663644077,8.434576988220215,734896000
2020-05-29,8.501657646038316,8.820674896240234,8.432586984658801,8.820674896240234,745256000
2020-06-01,8.778685676901018,8.786139044935808,8.635823453606509,8.751852035522461,389876000
2020-06-02,8.741914591556846,8.78266074460048,8.604518233665114,8.770734786987305,391320000
2020-06-03,8.767753908839891,8.811481787736001,8.64625851321786,8.71532917022705,365440000
2020-06-04,8.678044382274448,8.892062399305495,8.627833505931573,8.716324806213379,424280000
2020-06-05,8.74416371287131,8.945504066976902,8.658158641672431,8.868945121765137,481748000
2020-06-08,8.826440228140672,8.838868493971896,8.63603657853043,8.75460433959961,387736000
2020-06-09,8.749632267006549,9.057608978908226,8.701161369707968,8.994223594665527,468488000
2020-06-10,9.115277601014839,9.44562557035412,9.10110841167236,9.313138008117676,632180000
2020-06-11,9.097627526364212,9.208240685971829,8.735711592301131,8.745903015136719,583652000
2020-06-12,9.110058437847792,9.134666537472798,8.653436526345065,8.88137435913086,570908000
2020-06-15,8.764798590265695,9.129697788952786,8.693707028284946,9.121246337890625,400004000
2020-06-16,9.172202861752826,9.213713868123868,8.788162996447083,9.016597747802734,535716000
2020-06-17,9.061586102861485,9.245775120270508,9.018334188607051,9.183135986328125,408304000
2020-06-18,9.174189555536868,9.229371931959877,9.062333258974562,9.165241241455078,254408000
2020-06-19,9.189599539573098,9.39093989515145,9.174436620303387,9.20824146270752,524160000
2020-06-22,9.246768868541754,9.476695050618543,9.220171418793713,9.472220420837402,398468000
2020-06-23,9.496334887853113,9.58731147203892,9.353656826229907,9.395913124084473,375108000
2020-06-24,9.422011483078405,9.50180290042588,9.092160369035703,9.182640075683594,449372000
2020-06-25,9.302201948489339,9.450597738483603,9.129694924322715,9.435683250427246,376072000
2020-06-26,9.445626707798452,9.445626707798452,9.072773021964302,9.102601051330566,592084000
2020-06-29,9.117265272317514,9.151816358411867,8.849058649941636,9.14734172821045,342248000
2020-06-30,9.260690499073652,9.47172542178639,9.213462711530727,9.443388938903809,367892000
2020-07-01,9.466255678772631,9.520941176102271,9.359122473225884,9.475452423095703,326648000
2020-07-02,9.583830317693366,9.681766795044908,9.52342801780693,9.557233810424805,364056000
2020-07-06,9.685990498084974,9.852034451059913,9.656907773419078,9.78293228149414,315892000
2020-07-07,9.889322168841927,10.01236361484961,9.79436877481935,9.815248489379883,357800000
2020-07-08,9.936550928389142,10.16647813998509,9.908462873664314,10.1575288772583,365480000
2020-07-09,10.320839579456528,10.50950328226475,10.17492904190796,10.4488525390625,494548000
2020-07-10,10.528145636030475,10.594264737914497,10.31934752397019,10.419272422790527,497676000
2020-07-13,10.534357598250097,10.730478013100093,9.967619466000675,9.99471378326416,457076000
2020-07-14,10.017334456489614,10.343208748675954,9.729491205941963,10.317605972290039,542676000
2020-07-15,10.354641590213266,10.373283510935622,9.998193084193694,10.16871166229248,403984000
2020-07-16,9.957678504058652,10.148330579277705,9.838862314759108,10.076743125915527,344964000
2020-07-17,10.166973074910793,10.189841196144675,10.0300118318398,10.143110275268555,266284000
2020-07-20,10.215443985468063,10.470972981230924,10.098616209013986,10.450590133666992,284852000
2020-07-21,10.452829106890468,10.499560985576702,10.22787433658931,10.26938533782959,277036000
2020-07-22,10.308160418707741,10.541815020884213,10.232595203292092,10.379002571105957,367292000
2020-07-23,10.390188199099878,10.486633131352665,9.973835145892702,10.071771621704102,411660000
2020-07-24,9.81848093979742,10.305427789555091,9.721042262613368,10.136152267456055,473292000
2020-07-27,10.17368489136173,10.381985159654809,10.15926726913902,10.361851692199707,292132000
2020-07-28,10.31487200985098,10.322577211722987,10.150816447226648,10.15703010559082,271636000
2020-07-29,10.331280326538037,10.45606177657559,10.287780911506632,10.40560245513916,284508000
2020-07-30,10.31561513159609,10.56219576272591,10.236321547368624,10.553247451782227,308880000
2020-07-31,10.502786733042287,10.70487423280014,10.373282292179557,10.55399227142334,386080000
2020-08-03,10.671071020858617,11.03522477261038,10.653919693105369,10.94723129272461,412720000
2020-08-04,10.986756094966408,11.163488388061523,10.843580218303728,11.163488388061523,310336000
2020-08-05,11.1796422711166,11.306660504702798,11.102337090051451,11.222146987915039,249924000
2020-08-06,11.28478763323173,11.29299064832197,11.114766846759562,11.27061939239502,244316000
2020-08-07,11.24775201691962,11.43890190925991,10.974326380325055,11.135398864746094,342516000
2020-08-10,11.269378890384155,11.342954759845608,10.79436251780805,11.101097106933594,427796000
2020-08-11,11.010367521177148,11.073007607753555,10.733958811085435,10.787899017333984,354512000
2020-08-12,10.92784561988187,11.401369537124475,10.895531365569134,11.374773025512695,464412000
2020-08-13,11.479914503905402,11.654659304257047,11.290753978168782,11.377504348754883,374460000
2020-08-14,11.464007430364193,11.637757569633939,11.375020209739501,11.49781322479248,366436000
2020-08-17,11.783417060907157,12.338720679866736,11.749612219421017,12.266386985778809,621300000
2020-08-18,12.378741454160556,12.424478648175024,12.017073893181932,12.190574645996094,503448000
2020-08-19,12.226120712995726,12.244514205502846,12.028756205783154,12.069025039672852,622624000
2020-08-20,11.906461006424056,12.30417121176024,11.810761365998337,12.071510314941406,921388000
2020-08-21,12.13191156434554,12.73543767305914,12.125448525163229,12.610904693603516,999868000
2020-08-24,12.810008752365281,12.8385946165752,12.435911984887685,12.647444725036621,490564000
2020-08-25,12.558458022586445,12.688210950834806,12.501784100908587,12.67702579498291,289076000
2020-08-26,12.72599264104994,12.79484639215565,12.605188035899838,12.6998929977417,321244000
2020-08-27,12.708342781689355,12.776451226157715,12.494573218918223,12.555970191955566,317604000
2020-08-28,12.602454409975303,13.07274675410688,12.570140159294503,13.072498321533203,537160000
2020-08-31,13.107298650622763,13.497303679460021,12.96312904711902,13.297951698303223,500840000
2020-09-01,13.406853896827913,13.9178162444731,13.36358999116668,13.746004104614258,511316000
2020-09-02,14.623964634932472,14.646840546330916,13.824575879843783,14.268653869628906,874012000
2020-09-03,13.753712472441025,13.809159857079546,12.808867526231621,12.944875717163086,945128000
2020-09-04,12.714387507269885,13.103515269917787,11.641242423905469,12.5540132522583,1463684000
2020-09-08,11.670827490333822,12.481902772745954,11.640742031689909,11.848359107971191,795728000
2020-09-09,12.332716222048454,12.739745856584113,12.165379076629385,12.646007537841797,736200000
2020-09-10,12.918769110397905,12.994356938663318,12.100980363374202,12.244945526123047,698684000
2020-09-11,12.417751873748696,12.583845521051666,11.83120166985141,12.098493576049805,636928000
2020-09-14,13.010022440993444,13.242752006584764,12.562712850650161,12.802404403686523,1201744000
2020-09-15,13.207941722010666,13.226590173176504,12.758146125908663,12.920510292053223,727556000
2020-09-16,12.886941792074117,13.021706504588948,12.445848717637983,12.44659423828125,556384000
2020-09-17,12.066421170944345,12.521439266157483,11.969450350259514,12.3958740234375,792512000
2020-09-18,12.525414964806158,12.563954399639542,11.923698214828766,12.123109817504883,698460000
2020-09-21,11.860294969517335,12.45455277423042,11.839906020697956,12.449331283569336,721044000
2020-09-22,12.50676919267314,12.579373056879803,12.089545954677247,12.569178581237793,646452000
2020-09-23,12.507263849012158,12.657942495758004,12.013707338704753,12.057965278625488,647012000
2020-09-24,12.006743398377193,12.501294804313572,11.948809052122478,12.280996322631836,731240000
2020-09-25,12.379956536780353,12.813590547232938,12.179301487201863,12.803893089294434,588016000
2020-09-28,12.969492081929529,12.980930038377432,12.680817182936027,12.96427059173584,573808000
2020-09-29,12.867298209631182,13.369806586512889,12.863071696016648,13.153984069824219,621460000
2020-09-30,13.086104679681076,13.548581635739456,13.078894186765016,13.457080841064453,689184000
2020-10-01,13.683347244338666,13.688070771976735,13.387709427168113,13.54062557220459,525004000
2020-10-02,13.153241172734813,13.44614260834066,12.980184565391687,12.991374015808105,552496000
2020-10-05,13.164178752952756,13.57021335878919,13.15100030117963,13.568472862243652,479820000
2020-10-06,13.754955294119164,14.06526258648005,13.590850658447438,13.661962509155273,784420000
2020-10-07,13.923784817097221,14.042636546603271,13.788273642421032,13.888228416442871,418084000
2020-10-08,13.998631365602874,14.008080321101762,13.683351912689846,13.763663291931152,378900000
2020-10-09,13.69230252932497,13.74924192221384,13.586629215518075,13.688075065612793,346892000
2020-10-12,13.913591020870141,14.269151250700197,13.837009167737346,14.148807525634766,434744000
2020-10-13,14.218924969070205,14.270642853771273,13.942682072541785,14.170936584472656,344604000
2020-10-14,14.212959397087152,14.264925797389301,13.884253040032485,14.018769264221191,276100000
2020-10-15,13.735810371723643,13.92975196281535,13.693043477475365,13.894196510314941,267224000
2020-10-16,13.960585020449875,14.04487533293222,13.717660049634887,13.736557006835938,242392000
2020-10-19,13.827558704209942,13.907621541917687,13.33400132974897,13.424508094787598,298068000
2020-10-20,13.509794959370556,13.724871990223454,13.43371011402251,13.57145881652832,229212000
2020-10-21,13.551070803924599,13.716667466639537,13.40437110040084,13.451364517211914,219596000
2020-10-22,13.449126364383108,13.537891703010716,13.15995348572998,13.28850269317627,290480000
2020-10-23,13.377018906592749,13.519492082140397,13.219130715639897,13.516508102416992,233484000
2020-10-26,13.354140372978716,13.618448250767052,12.967748299547067,13.069940567016602,336896000
2020-10-27,13.233798365065633,13.369061027837251,13.119919622663886,13.324056625366211,250520000
2020-10-28,13.126385854290977,13.188049707227659,12.540582096891148,12.558484077453613,376520000
2020-10-29,12.768836445909805,13.121164188121782,12.680816637076695,12.953330039978027,320080000
2020-10-30,12.780276391790489,12.866306261983306,12.233260497280058,12.465991020202637,416820000
2020-11-02,12.589068316716522,12.767096951899822,12.32774434236848,12.512486457824707,299652000
2020-11-03,12.639541166978166,13.033889318221213,12.534364903155558,12.948853492736816,272900000
2020-11-04,13.316598246406535,13.752470792021674,13.264631851760678,13.719400405883789,410228000
2020-11-05,14.085654042162565,14.261195715728805,13.915084403700495,14.08316707611084,319028000
2020-11-06,14.033189893415006,14.509590916952508,13.819605793131496,14.482986450195312,383348000
2020-11-09,14.473533988039739,14.611779675899903,13.536894602102251,13.556785583496094,582976000
2020-11-10,13.532667608550586,13.532667608550586,12.559726270533163,12.70070743560791,644068000
2020-11-11,12.982917325795599,13.362098953188866,12.877989573512085,13.34519100189209,404744000
2020-11-12,13.40586224042425,13.69130466553018,13.243746581825867,13.383732795715332,365812000
2020-11-13,13.55330655700008,13.59458146386751,12.988388755362086,13.224848747253418,346312000
2020-11-16,13.101021962780749,13.575433861635306,13.084611974472585,13.441912651062012,413776000
2020-11-17,13.478961861207623,13.522474277402354,13.231561881843696,13.349418640136719,312028000
2020-11-18,13.39218360848019,13.53192128245041,13.11345472956683,13.355881690979004,510924000
2020-11-19,13.141056448609183,13.414315378972356,13.028918190667222,13.367321968078613,565936000
2020-11-20,13.380995847364288,13.421275773566174,12.994105766643468,13.016733169555664,341088000
2020-11-23,13.099781223360337,13.309884305156885,12.94487607234443,13.068700790405273,361356000
2020-11-24,13.07118491893796,13.09057888624763,12.815082491914447,12.88743782043457,346500000
2020-11-25,12.961785056669386,13.197498593327106,12.949353072197923,13.16293716430664,259916000
2020-11-27,13.30242518425179,13.334749099812084,13.099034635548598,13.189291954040527,167276000
2020-11-30,13.1930242779278,13.339723978938197,12.901862386621666,13.32878303527832,286952000
2020-12-01,13.419038982985601,13.455340904435158,13.156470608275669,13.317343711853027,296948000
2020-12-02,13.278059756096301,13.599307099572938,13.162440495333444,13.471007347106934,283360000
2020-12-03,13.517765463078833,13.589893604205523,13.260592994303533,13.327248573303223,199520000
2020-12-04,13.379478105518432,13.490406591655205,13.320035154421149,13.488665580749512,202244000
2020-12-07,13.531443212803179,13.660776120123055,13.430713167655274,13.536914825439453,223244000
2020-12-08,13.515277208917487,13.528956715154852,13.213334699311595,13.28148365020752,271920000
2020-12-09,13.232238946348641,13.345156083678086,12.802207321709657,12.864386558532715,401300000
2020-12-10,12.802953380691694,13.001678158655883,12.783552731095787,12.905673027038574,207764000
2020-12-11,12.900698238186449,12.953178094559908,12.757188653902821,12.946462631225586,209264000
2020-12-14,13.020827307185531,13.320033514605955,13.010381243037374,13.24044418334961,270156000
2020-12-15,13.370770930178752,13.394896498728071,13.119070129687927,13.2919282913208,193016000
2020-12-16,13.3536122578648,13.368287035609647,13.144689988892607,13.17453670501709,223116000
2020-12-17,13.298148894466989,13.310834081282351,13.110865441495283,13.272780418395996,231384000
2020-12-18,13.310334366601626,13.336200948982984,13.003418348495277,13.20388412475586,342064000
2020-12-21,13.007647270428471,13.301381917619228,12.900947489997865,13.263825416564941,302332000
2020-12-22,13.250892022262283,13.268799292120496,12.98700315387117,13.210102081298828,185580000
2020-12-23,13.187965472083052,13.20686801104678,12.938254232061905,12.942481994628906,179144000
2020-12-24,12.970338727219502,13.065100006417657,12.872344955272986,12.927062034606934,97884000
2020-12-28,12.99545713252303,12.99545713252303,12.697743372819765,12.83379077911377,212564000
2020-12-29,12.858665667551723,13.005408696448747,12.776340043671759,12.876821517944336,170372000
2020-12-30,12.923580016159637,13.145933201726493,12.830560696633615,13.078282356262207,225396000
2020-12-31,13.069079778670659,13.083505026218697,12.848716190436818,12.987998008728027,192424000
2021-01-04,13.036996628743378,13.582433110247534,12.895973780811365,13.046198844909668,560640000
2021-01-05,13.032515008791458,13.374500709510423,13.019830774635874,13.335949897766113,322760000
2021-01-06,13.154638288108194,13.177022849780169,12.521405575778882,12.549758911132812,580424000
2021-01-07,12.900944926798237,13.309090007060597,12.8203612761621,13.2755126953125,461480000
2021-01-08,13.293918144958322,13.352117237676298,12.975062715626606,13.20860767364502,292528000
2021-01-11,13.349881280512768,13.889348941876813,13.293920349716162,13.551590919494629,518344000
2021-01-12,13.681918228400308,13.683908768453083,13.276510305945383,13.415542602539062,291476000
2021-01-13,13.420766522441607,13.555073904431215,13.316305857858495,13.462302207946777,210028000
2021-01-14,13.505329377959594,13.529952111631886,13.112854274727429,13.132502555847168,283120000
2021-01-15,13.160111360544299,13.256862241952655,12.78255958026351,12.793502807617188,277780000
2021-01-19,12.94944518994785,13.026796351578763,12.7780794490241,12.958399772644043,226188000
2021-01-20,13.044457348491646,13.361571834901874,12.989740265412832,13.297154426574707,258572000
2021-01-21,13.34963442285258,13.927404399731902,13.184984102031278,13.796330451965332,337780000
2021-01-22,13.669481280851628,13.770709436142702,13.557309900202496,13.642122268676758,246820000
2021-01-25,13.711016129258498,13.757526257382864,13.168564636769304,13.583175659179688,251112000
2021-01-26,13.510799710027586,13.574719948658196,13.31879041384867,13.36629581451416,163980000
2021-01-27,13.162100437127794,13.164836718249127,12.728089628381658,12.85145378112793,371272000
2021-01-28,12.9295498263929,13.271287026648704,12.89398291811221,12.984018325805664,228316000
2021-01-29,13.007893762775277,13.266310987846254,12.845233076128466,12.923081398010254,271552000
2021-02-01,12.986256485316742,13.202639933895902,12.836528607721643,13.169063568115234,217204000
2021-02-02,13.329982105238058,13.50234215963588,13.21731262471154,13.487171173095703,220440000
2021-02-03,13.566015475389744,13.860248208938296,13.447129576053145,13.461057662963867,245408000
2021-02-04,13.46155462652012,13.60332319408904,13.269296744638849,13.594120979309082,201340000
2021-02-05,13.654560923062117,13.666748000470225,13.476230156579192,13.521247863769531,169152000
2021-02-08,13.65680015778094,14.399469042846064,13.65680015778094,14.364648818969727,434624000
2021-02-09,14.267147945822208,14.50840365374763,14.149504952867572,14.190046310424805,287560000
2021-02-10,14.389021714627805,14.828504135547782,14.267896682710552,14.6884765625,485352000
2021-02-11,14.903367720561645,15.193868916559543,14.848401111304003,15.172478675842285,450828000
2021-02-12,14.97276057463084,15.212772469249881,14.699171360456567,14.884466171264648,374756000
2021-02-16,14.986936092155004,15.293604492895591,14.873272272609666,15.251570701599121,321960000
2021-02-17,15.093137628175583,15.145368904266707,14.70414455668863,14.829498291015625,274756000
2021-02-18,14.653407246591904,14.796916836680797,14.500197331565527,14.752894401550293,233868000
2021-02-19,14.947391142889295,15.099108634072808,14.77055375591211,14.849894523620605,271724000
2021-02-22,14.698921307165705,15.055581855788054,14.251479612238253,14.282072067260742,325884000
2021-02-23,14.003011915069953,14.165673573330455,13.320781350681472,14.069419860839844,391780000
2021-02-24,14.050268938182565,14.43229798344174,13.68540047372523,14.42458724975586,448320000
2021-02-25,13.973414817067304,14.300975358470478,13.148421348312327,13.239202499389648,824436000
2021-02-26,13.68191671453805,13.78339344846942,13.292426514142514,13.644112586975098,500932000
2021-03-01,13.80378919793109,13.853532772184092,13.483690829892343,13.770709991455078,353184000
2021-03-02,13.828660812201646,13.849055782455864,13.32724777396713,13.337445259094238,264116000
2021-03-03,13.357345042013627,13.382464939307132,12.733064929422051,12.739034652709961,377592000
2021-03-04,12.73505231080037,12.908408604705867,12.021732172384384,12.306761741638184,573344000
2021-03-05,12.485591641546508,12.485591641546508,11.619310040664693,12.39754581451416,542840000
2021-03-08,12.386102995034543,12.40724370649822,11.507137260717878,11.533750534057617,543112000
2021-03-09,12.072157351075006,12.556327255527819,12.001497276395105,12.46028995513916,521824000
2021-03-10,12.779007652547866,12.917839263049766,12.397842388909234,12.408540725708008,384376000
2021-03-11,12.887981836461481,12.98377142356223,12.67351399449824,12.931273460388184,299916000
2021-03-12,12.587677234677724,12.827025929600989,12.529706717484979,12.794432640075684,243964000
2021-03-15,12.803141162521834,13.143503346507048,12.706108237775904,13.128077507019043,221988000
2021-03-16,13.29253611095089,13.447789171984342,13.053934351963948,13.227599143981934,272128000
2021-03-17,12.977305373429337,13.388825038522612,12.927295957365558,13.277361869812012,243864000
2021-03-18,13.073590340581577,13.120862523869793,12.656098955024245,12.661572456359863,293896000
2021-03-19,12.688941772839797,12.85962068483066,12.552100433738472,12.784233093261719,299208000
2021-03-22,12.850910591400218,13.33035300913703,12.844938809314465,13.123100280761719,297804000
2021-03-23,13.190777367520809,13.28059519177102,12.958893359815724,13.008156776428223,222048000
2021-03-24,13.088270010291474,13.096232071229919,12.576234227742477,12.582453727722168,245840000
2021-03-25,12.439639589489444,12.653858762465513,12.213229135480182,12.475217819213867,295144000
2021-03-26,12.494379826753573,12.794685017145731,12.314246825391695,12.777766227722168,363968000
2021-03-29,12.758855578432918,12.999945925065388,12.639181685648806,12.886242866516113,273520000
2021-03-30,12.78049983259111,12.913111935410978,12.644155840330791,12.810107231140137,200204000
2021-03-31,12.953170680778484,13.405991674241122,12.92032872070121,13.284327507019043,314776000
2021-04-01,13.507253333989027,13.803576941304831,13.446544640826513,13.745606422424316,308276000
2021-04-05,13.801092682147068,13.946890769713638,13.667236264313877,13.920517921447754,255672000
2021-04-06,13.932707577763324,13.986946213948366,13.707541356464933,13.795119285583496,191744000
2021-04-07,13.814277068484714,14.175289971373456,13.645838042143147,14.075769424438477,251284000
2021-04-08,14.184495575099847,14.402198005906836,14.180762736178757,14.248437881469727,244416000
2021-04-09,14.145930293598289,14.339001489543403,14.107117501169766,14.331039428710938,195172000
2021-04-12,14.221319152451406,15.278979704341099,14.07153957274633,15.1361665725708,869324000
2021-04-13,15.158555698521697,15.624812178804676,15.053312053982292,15.604410171508789,676212000
2021-04-14,15.550175240850045,15.645217904329263,15.154578744758526,15.203842163085938,385500000
2021-04-15,15.587493880373994,16.13660177459163,15.556642200301264,16.05997085571289,598480000
2021-04-16,15.976125238422119,16.088336305909337,15.789274468247468,15.836298942565918,335208000
2021-04-19,15.462097636720497,15.731799760759175,15.16005088533594,15.28818416595459,404420000
2021-04-20,15.24986813446878,15.422785985221951,14.89134381807293,15.098596572875977,334132000
2021-04-21,15.046349452634415,15.288932760196749,15.029928945636374,15.286942481994629,216776000
2021-04-22,15.301370575475275,15.364566882387335,14.712702932237502,14.779133796691895,277788000
2021-04-23,14.86273203688158,15.261563065807191,14.828895411965819,15.192147254943848,227500000
2021-04-26,15.112282067435485,15.404873825568805,15.052568979496371,15.403878211975098,197796000
2021-04-27,15.503897705170875,15.595457144527792,15.280970415828268,15.308090209960938,164572000
2021-04-28,15.290922515939359,15.457869551472516,15.142635880213009,15.203592300415039,209416000
2021-04-29,15.326250200272115,15.362575381790093,14.999323566610313,15.251360893249512,173196000
2021-04-30,15.101830901269981,15.291417919862836,14.925180214363863,14.937620162963867,201912000
2021-05-03,15.052570920960106,15.173737775317452,14.71668748666431,14.765701293945312,203912000
2021-05-04,14.56715281088662,14.567401476976356,13.94315563012395,14.282522201538086,405324000
2021-05-05,14.638556530492483,14.74255683476457,14.318596405874235,14.389256477355957,292024000
2021-05-06,14.425833080432389,14.501469334711977,14.149911470541818,14.453450202941895,193380000
2021-05-07,14.737334332362575,14.899055557162523,14.601487668316276,14.741314888000488,229328000
2021-05-10,14.716436713295641,14.735097113534144,14.181759916939434,14.197434425354004,268904000
2021-05-11,13.758793450883047,14.286006409049536,13.684152807210628,14.237738609313965,285584000
2021-05-12,13.942409127844432,14.191958844362496,13.643597898091196,13.692611694335938,303408000
2021-05-13,13.966542771255337,14.013318571765083,13.394545268670152,13.599807739257812,285404000
2021-05-14,13.823483068810868,14.25938527455248,13.68266022181972,14.174792289733887,258616000
2021-05-17,14.089201626218934,14.101392907740392,13.787155864136253,14.097661018371582,216980000
2021-05-18,14.19867642444646,14.335269089608653,13.936935429096572,13.948629379272461,186256000
2021-05-19,13.501530662163134,14.012074425864109,13.478392376887879,13.998390197753906,344000000
2021-05-20,14.23400657092492,14.613431183534683,14.202160225647615,14.542522430419922,321592000
2021-05-21,15.091130523889973,15.149101989941224,14.798290149792873,14.919954299926758,672992000
2021-05-24,15.139647605689639,15.669597751616458,15.10332242541384,15.537235260009766,554816000
2021-05-25,15.690497590957026,15.742745944567211,15.408355532354786,15.572813987731934,435408000
2021-05-26,15.658900271738665,15.718115073854618,15.511609264757215,15.6248140335083,370440000
2021-05-27,15.624565789324397,15.67457520145046,15.385964013483283,15.413829803466797,581476000
2021-05-28,15.426765997018279,16.19954708212294,15.426765997018279,16.166704177856445,644536000
2021-06-01,16.192081810450947,16.309765393162294,15.827087498879644,16.186607360839844,472804000
2021-06-02,16.174415104884886,16.83772318240532,16.157744990195628,16.697895050048828,594168000
2021-06-03,16.62077215706791,17.1763491798281,16.503585882792244,16.88848304748535,580008000
2021-06-04,17.030550709204036,17.576424107008513,17.01363381979466,17.49407196044922,617120000
2021-06-07,17.487106098679014,17.727199894884183,17.11041866627379,17.534626007080078,575756000
2021-06-08,17.443312869189647,17.53711123572053,17.16838498606947,17.37339973449707,323848000
2021-06-09,17.435864226348606,17.4948438746544,17.17704981871262,17.279081344604492,381656000
2021-06-10,17.27086894747683,17.412221498632054,17.09766275489283,17.34552574157715,287772000
2021-06-11,17.399776046347206,17.857430256597556,17.36418966363082,17.74394989013672,416308000
2021-06-14,17.82433434092857,17.957224622706175,17.582193863360512,17.936569213867188,321376000
2021-06-15,17.833296821293477,17.934084751440924,17.64714938991083,17.707372665405273,243032000
2021-06-16,17.70961117675783,17.872862771783062,17.50430069412692,17.729021072387695,307124000
2021-06-17,17.69343341937015,18.749095854040014,17.675267140573446,18.57215690612793,809656000
2021-06-18,18.698329309981435,19.286633450241315,18.499240721357857,18.553741455078125,968856000
2021-06-21,18.3511693418325,18.451959152942997,17.741463607959098,18.34320640563965,672384000
2021-06-22,18.38725647206684,18.877261882587188,18.302145702434846,18.80061149597168,580144000
2021-06-23,18.921061246552416,19.065400403264565,18.821516935073355,18.970335006713867,332356000
2021-06-24,19.14006003501539,19.331432554333333,19.0011946790379,19.117910385131836,320924000
2021-06-25,19.192562829747995,19.25726689899987,18.8083236791025,18.94420051574707,278364000
2021-06-28,19.2729482217132,19.987176571497116,19.23089123211505,19.89385414123535,495436000
2021-06-29,19.791820384449192,20.00708358846568,19.56734872951691,19.935413360595703,367632000
2021-06-30,19.9080348431735,20.070540237808444,19.773152897382392,19.911270141601562,326568000
2021-07-01,20.03321652568688,20.36270632131494,19.927699060494447,20.11981964111328,480136000
2021-07-02,20.34702451247123,20.411728585764077,20.195219897428057,20.3935604095459,342764000
2021-07-06,20.64292096446594,20.746944185216677,20.257438112216875,20.60409927368164,446708000
2021-07-07,20.758390496324644,20.779792073320536,20.239269348710295,20.278837203979492,418428000
2021-07-08,19.76593893142942,20.041176667969573,19.61089900392695,19.81197738647461,503300000
2021-07-09,19.871455805781903,19.988668945478935,19.664155534759942,19.958805084228516,296624000
2021-07-12,20.147690934282892,20.43910519307565,20.09567932268978,20.418949127197266,321984000
2021-07-13,20.307459143346122,20.36793303880323,20.02226675099357,20.15764617919922,290708000
2021-07-14,20.264901240088385,20.324627057304227,19.66266101165078,19.751005172729492,380100000
2021-07-15,19.72139014783065,19.756479085995565,18.772486985762363,18.879745483398438,550564000
2021-07-16,18.94370627742423,19.06962851714903,17.990572779108614,18.078170776367188,688224000
2021-07-19,17.8335458640855,18.955156212033163,17.784021479768406,18.694103240966797,749060000
2021-07-20,18.644570971929404,18.752078180459293,18.08115254461862,18.527109146118164,434687000
2021-07-21,18.795882316770854,19.43794103502016,18.656521440989437,19.321474075317383,371017000
2021-07-22,19.552414359226333,19.7962958674944,19.18808253655946,19.5046329498291,323826000
2021-07-23,19.566352203135214,19.610152148792288,19.162203768763973,19.468799591064453,195672000
2021-07-26,19.222927760778727,19.35332891748849,18.827737126381447,19.206005096435547,203943000
2021-07-27,19.177136815966357,19.53250898261361,18.655526474479164,19.120397567749023,248863000
2021-07-28,19.230886448455678,19.556394670076585,18.908364802076598,19.414047241210938,202191000
2021-07-29,19.429973514984173,19.762451684848866,19.23984467559429,19.572322845458984,190781000
2021-07-30,19.32943286615587,19.54046581793175,19.17514104352935,19.410064697265625,183497000
2021-08-02,19.610152354563404,19.869961658246222,19.27269777815783,19.659923553466797,217444000
2021-08-03,19.649969748387328,20.129771796246487,19.132340904279957,19.724628448486328,301811000
2021-08-04,19.898826814854456,20.225331848038415,19.737565032108463,20.18153190612793,231309000
2021-08-05,20.40650668671892,20.63844385794253,20.249226327598258,20.54288101196289,211435000
2021-08-06,20.430399346900657,20.47618909052929,20.117830282574648,20.27311897277832,178497000
2021-08-09,20.352754509646473,20.414472030060548,20.051136852122948,20.202444076538086,146443000
2021-08-10,20.229318686706037,20.336825937530577,19.744538317496026,19.84507942199707,179238000
2021-08-11,19.951584652682246,19.957557803565333,19.341381532525443,19.609153747558594,185925000
2021-08-12,19.77937830002264,19.937651633578177,19.53051849296908,19.814218521118164,151652000
2021-08-13,19.814214187047156,20.12180485647357,19.760459629886572,20.095922470092773,183063000
2021-08-16,20.043166397287347,20.194473564961584,19.36427582596979,19.859010696411133,210876000
2021-08-17,19.595215178743565,19.679828476703086,19.179122427157687,19.369251251220703,204585000
2021-08-18,19.41106621785206,19.544455857793075,18.91334657124047,18.95316505432129,285913000
2021-08-19,19.405092071189426,20.4015281044792,18.676430196540903,19.707706451416016,766555000
2021-08-20,19.899823633457626,20.76983801312774,19.8420894983611,20.72106170654297,675741000
2021-08-23,20.875353163773784,21.89667271123658,20.85444903468081,21.857851028442383,575807000
2021-08-24,21.653788842883614,21.858848692173698,21.43678269051183,21.693605422973633,297299000
2021-08-25,21.63785975782843,22.367516438446174,21.62292877853246,22.1116886138916,347701000
2021-08-26,22.098747931885494,22.238108792972646,21.69061806843084,21.967350006103516,237940000
2021-08-27,22.082826190221216,22.61837265798481,22.06590352409162,22.532764434814453,304722000
2021-08-30,22.725876717636822,22.937904612772638,22.448149850901924,22.584524154663086,262580000
2021-08-31,22.595474734179547,22.595474734179547,22.022997435726552,22.286834716796875,259850000
2021-09-01,22.386396092304786,22.597466292510102,22.258957158391045,22.342588424682617,201767000
2021-09-02,22.419251447689817,22.493923309725275,22.197229795135584,22.297786712646484,187834000
2021-09-03,22.227104001151346,22.88520476896188,22.10265213529716,22.74283218383789,280532000
2021-09-07,22.73286979951559,22.798580352130667,22.423232818730735,22.562620162963867,198107000
2021-09-08,22.41427219080018,22.510846929460918,21.880621559926695,22.24103546142578,254434000
2021-09-09,22.214152533662265,22.43916125911204,22.033946539770156,22.079744338989258,196856000
2021-09-10,22.24999788331724,22.526778660735864,22.172340814379883,22.37942886352539,248376000
2021-09-13,22.584529723575567,22.86330259546383,21.762151555540786,22.05486297607422,297500000
2021-09-14,22.177316913239693,22.311725124711973,21.989146556569096,22.14446258544922,199755000
2021-09-15,22.211165569828992,22.268911777280785,21.869669360408633,22.243024826049805,166538000
2021-09-16,22.08572130335323,22.179308947795626,21.830843425347233,22.14446258544922,156033000
2021-09-17,22.202204344488806,22.223112159489396,21.734266176153632,21.803958892822266,294503000
2021-09-20,21.05326677060768,21.339008821253724,20.57139003647495,21.02041244506836,349440000
2021-09-21,21.323075920601713,21.33104025944371,20.858124883226342,21.1528263092041,204688000
2021-09-22,21.272298955129237,21.8636938403798,21.103044411600585,21.844778060913086,268726000
2021-09-23,22.042908323767797,22.436176576629713,21.794004654713568,22.38340950012207,248555000
2021-09-24,21.973221375757397,22.051875426800233,21.76513821834003,21.984172821044922,217655000
2021-09-27,21.614795771814215,21.703406185279654,21.231485755998357,21.56501579284668,245215000
2021-09-28,21.12097351503002,21.325074477409554,20.560440745183087,20.608230590820312,343069000
2021-09-29,20.84817209585024,20.924834092595493,20.37724487487281,20.427026748657227,218394000
2021-09-30,20.676926507135207,20.973620032961403,20.59727740414024,20.625154495239258,221009000
2021-10-01,20.659003463241838,20.7675247129361,20.114401382383377,20.651039123535156,240978000
2021-10-04,20.414083578048384,20.451917043098803,19.469245817551954,19.645469665527344,345635000
2021-10-05,19.86251797851901,20.557457131881208,19.76693827984998,20.36132049560547,279282000
2021-10-06,20.031773451593356,20.629140897098562,19.99194794243445,20.609230041503906,297202000
2021-10-07,20.999505841929384,21.228498682857182,20.880033132647856,20.982582092285156,256919000
2021-10-08,21.00846523888015,21.113004324739432,20.683894639844777,20.739648818969727,151258000
2021-10-11,20.48477154135317,20.970630442278978,20.42105112712711,20.604244232177734,163388000
2021-10-12,20.736663894521275,20.964659771807728,20.437980218130104,20.580352783203125,162134000
2021-10-13,20.826267780379947,20.897952540851815,20.622166840732383,20.84717559814453,180652000
2021-10-14,21.194648710999132,21.659599896985824,21.029376283806112,21.6506404876709,243589000
2021-10-15,21.714360334605505,21.834830025581528,21.56701051506873,21.766132354736328,226994000
2021-10-18,21.653624540532604,22.19324752272249,21.5490835543678,22.124549865722656,189494000
2021-10-19,22.178314574588498,22.28086353804833,21.94036421502088,22.1922550201416,161473000
2021-10-20,22.20718298956857,22.33462191107961,21.885599533351265,22.00606918334961,146276000
2021-10-21,22.000097295285027,22.611405016436052,21.98615875079242,22.592487335205078,187590000
2021-10-22,22.722917534822606,23.02857050189633,22.462067311679963,22.6263427734375,249384000
2021-10-25,22.872252947850058,23.252577680822036,22.67014407253571,23.064407348632812,230235000
2021-10-26,23.88380198609397,25.148233144137606,23.81908649717466,24.60860824584961,485898000
2021-10-27,24.366678465515687,24.979976430776865,24.175519079784742,24.343778610229492,245990000
2021-10-28,24.768901535208865,24.840586291381936,24.415458790011783,24.83162498474121,234204000
2021-10-29,24.891369331993214,25.596264913450266,24.890374263930294,25.45488739013672,292503000
2021-11-01,25.536524276050844,25.780448839610433,25.116373947615195,25.713743209838867,265740000
2021-11-02,25.708761653173653,26.56100677962379,25.6868568702382,26.285221099853516,294112000
2021-11-03,26.55304041683537,26.666540795814445,26.119948614532124,26.481355667114258,239910000
2021-11-04,27.109593234066324,31.227455386633288,26.999079939655886,29.67031478881836,1153631000
2021-11-05,30.05462047753978,31.262300425460428,29.28102744943848,29.62152862548828,851260000
2021-11-08,30.016784643098717,30.963614337249158,29.7758453334055,30.668912887573242,503101000
2021-11-09,32.140437950177784,32.16831504259849,29.83260209058048,30.52256202697754,646746000
2021-11-10,29.22726595064239,30.714713791904344,28.65179963773985,29.32981300354004,636206000
2021-11-11,30.334382351134686,30.45584705928998,29.646412761455892,30.256723403930664,332172000
2021-11-12,29.878390737528665,30.54545251430328,29.50005617214275,30.256723403930664,413054000
2021-11-15,30.4180228502872,30.50961846828987,29.11874525657836,29.893333435058594,384909000
2021-11-16,29.628497753453818,30.256729228063044,29.57572877826621,30.07054901123047,264484000
2021-11-17,30.28460468714921,30.37520712128107,28.673700206648128,29.132678985595703,428508000
2021-11-18,32.225063319518526,32.616337669436994,31.183648858814088,31.536096572875977,781711000
2021-11-19,32.101608157533384,32.94290388231008,31.76509100701343,32.840354919433594,533867000
2021-11-22,33.37001411954836,34.49505972389229,31.760106571634346,31.815860748291016,754335000
2021-11-23,31.396715360540423,32.21809840324129,30.744586924863416,31.60679054260254,532163000
2021-11-24,31.323032237725272,32.71091813220103,30.792368699348174,32.53071212768555,435162000
2021-11-26,32.45704054958605,32.56655878387352,31.212523964338434,31.364852905273438,283069000
2021-11-29,32.22406792574834,33.265478577950766,31.895513237231377,33.229637145996094,454964000
2021-11-30,33.02354533082021,33.20674036434526,31.72426963928221,32.53270721435547,622066000
2021-12-01,33.07737601000796,33.1470772684117,31.24621379716434,31.300979614257812,484368000
2021-12-02,31.08091852606124,32.33952934929724,30.89272325657991,31.989028930664062,472890000
2021-12-03,31.863572220980746,31.99202385703251,30.001543883661746,30.562145233154297,544325000
2021-12-06,29.75260154232976,30.1120624283541,27.91845611284683,29.908933639526367,658938000
2021-12-07,30.825023080342124,32.310662878163335,30.52032598088665,32.288753509521484,593053000
2021-12-08,31.86257802352817,32.15233775708551,31.287041214384153,31.69031524658203,475551000
2021-12-09,31.598708004869856,32.067702562935565,30.29827610494739,30.36001205444336,488507000
2021-12-10,31.01719680171708,31.171536668842634,29.733692678385772,30.069255828857422,488825000
2021-12-13,30.120038719143704,30.16484694472882,27.99613110546957,28.040939331054688,598344000
2021-12-14,27.580907982463,28.555734222401295,27.13382283364954,28.216188430786133,667035000
2021-12-15,28.27891988260038,30.369967183258264,27.71931562363803,30.32914161682129,698297000
2021-12-16,31.019182853547196,31.027148167923443,27.973224985001277,28.26597023010254,707366000
2021-12-17,27.865689688111814,28.79869516682683,27.64164857062036,27.68247413635254,713758000
2021-12-20,27.188587940382853,28.02400974051841,27.02927023764738,27.60082244873047,461847000
2021-12-21,28.25303247287371,28.995852308207283,27.284179231128302,28.9510440826416,524385000
2021-12-22,28.767829354035246,29.42899807324993,28.327712401555452,29.274658203125,395184000
2021-12-23,29.628141300237914,29.9308460734299,29.305523238717626,29.51363182067871,343022000
2021-12-27,29.533547027159024,30.954463182806666,29.51363183960114,30.813068389892578,403686000
2021-12-28,31.17850318637374,31.19642609485194,29.884044529382255,30.192724227905273,420591000
2021-12-29,30.143934262767104,30.41776144298987,29.240799693853926,29.873092651367188,343139000
2021-12-30,29.699835409860693,30.32715053513794,29.41406024985419,29.459863662719727,308864000
2021-12-31,29.547485577861092,29.90196867896362,29.205947537847756,29.285606384277344,266530000
2022-01-03,29.687887165643172,30.58006706522169,29.658014384020838,29.992582321166992,391547000
2022-01-04,30.14791442477698,30.338100081012925,28.22813495488004,29.165122985839844,527154000
2022-01-05,28.82557789334784,29.290587837147367,27.41561641931234,27.486312866210938,498064000
2022-01-06,27.522160621764158,28.316758809179447,26.949613182894534,28.0578670501709,454186000
2022-01-07,28.021022122800325,28.30082422135425,26.941642201747857,27.13083267211914,409939000
2022-01-10,26.467673635110437,27.351888211869046,25.534668178229204,27.28318214416504,594681000
2022-01-11,27.206509077115893,27.945346157388915,26.724573342620975,27.698402404785156,404089000
2022-01-12,27.947340025615873,28.47308885587238,27.490297267388375,27.87963104248047,383413000
2022-01-13,28.258008185903833,28.358577413604603,26.38502715764647,26.461700439453125,540171000
2022-01-14,26.18787012536713,27.08104705883841,26.098253685229988,26.827133178710938,395832000
2022-01-18,26.148042698978056,26.524431382788112,25.660132004918143,25.792564392089844,424270000
2022-01-19,25.967819225021024,26.429839877619013,24.945197155347234,24.960132598876953,488315000
2022-01-20,25.19612032401024,25.46994751510898,23.97534549383341,24.047039031982422,435181000
2022-01-21,23.406779692719766,24.717169013281726,23.163820484440176,23.27434730529785,718958000
2022-01-24,22.234800479522537,23.280323256927787,20.79894871741768,23.272357940673828,913982000
2022-01-25,22.44988020196596,22.84518895116685,21.906208409712576,22.22882652282715,664616000
2022-01-26,23.140918549293506,23.954434796117226,22.204925605698346,22.67491340637207,755959000
2022-01-27,23.467517526484492,23.892697037716033,21.582586870222382,21.850440979003906,573353000
2022-01-28,21.918157029687126,22.76055101003184,21.2052098936802,22.74262809753418,543774000
2022-01-31,23.083165646073763,24.404509712140047,22.953720720505,24.381607055664062,564680000
2022-02-01,24.996969904301384,25.037795466622228,23.788145059709638,24.532957077026367,518925000
2022-02-02,25.684028862008926,25.70692961725198,24.448318695078196,25.134382247924805,543419000
2022-02-03,24.35372741378853,24.970087889771477,23.678618459668993,23.845901489257812,410178000
2022-02-04,23.869796077051603,24.529969498879858,23.531245506923437,24.215316772460938,354829000
2022-02-07,24.268090747101677,25.074636814466327,24.098815458966705,24.622573852539062,376868000
2022-02-08,24.255148284706152,25.122435194530542,23.877764383475125,25.00095558166504,410359000
2022-02-09,25.51276352295215,26.611061657409135,25.244911267514784,26.59114646911621,524282000
2022-02-10,25.884173907605756,26.810207355807123,25.490857492439208,25.71390151977539,513200000
2022-02-11,25.805512129420663,26.040506046365,23.671648776457072,23.84689712524414,605472000
2022-02-14,23.831961302784133,24.768949487290513,23.653723589292724,24.163541793823242,440424000
2022-02-15,24.842631726431065,26.431828001236315,24.67833617578049,26.382041931152344,699869000
2022-02-16,26.147045693944886,26.468668539900218,25.443059254688013,26.39797019958496,732676000
2022-02-17,25.5207287378447,25.675068597680315,24.06197633665846,24.402517318725586,810595000
2022-02-18,24.562835228473638,24.87948032836527,23.001520998643432,23.541210174560547,761255000
2022-02-22,22.936795215643546,23.961407632998917,22.901944582346907,23.290281295776367,633422000
2022-02-23,23.700517585189118,24.05201316877083,22.205917811730234,22.291549682617188,566511000
2022-02-24,20.9254052267072,23.698531662871755,20.800938144655944,23.646753311157227,735801000
2022-02-25,23.619868407786754,24.11375214772827,23.281317813989904,24.05400848388672,528866000
2022-02-28,23.889716009396203,24.559847157502983,23.60593119558958,24.28104019165039,477319000
2022-03-01,24.187439989958865,24.273073784814436,23.033380786073458,23.376909255981445,412056000
2022-03-02,23.658750292293792,24.309076976729223,23.319146643220492,24.120849609375,389642000
2022-03-03,24.162677458354135,24.226416539633046,23.372924502534758,23.61692237854004,365095000
2022-03-04,23.288269861512525,23.583057606711368,22.389962101255723,22.842103958129883,431415000
2022-03-07,22.723592102393823,22.93870935454276,21.242680010670902,21.264589309692383,450821000
2022-03-08,21.221769289134286,22.281412867963464,20.565466582728256,21.42593002319336,557467000
2022-03-09,22.295350571622645,23.12494059396146,22.15592431561285,22.919784545898438,492742000
2022-03-10,22.438769465948972,22.69471740580175,21.79242598093224,22.565250396728516,428066000
2022-03-11,22.927751696595113,23.050249252253458,21.955747421099613,22.0095272064209,367209000
2022-03-14,21.779474563363422,22.170865393438028,21.072381995476352,21.2426815032959,385354000
2022-03-15,21.429913984102225,22.94369219754842,21.23471717688526,22.878957748413086,491996000
2022-03-16,23.40379479526486,24.49630397600163,23.077138455679332,24.39571762084961,671422000
2022-03-17,24.02125469375783,24.740297081851676,23.808130100630766,24.664609909057617,471941000
2022-03-18,24.69747741085638,26.460231824316143,24.523194587296928,26.34470558166504,730719000
2022-03-21,26.398487485905324,27.040847486368627,25.860697187971265,26.624557495117188,591727000
2022-03-22,26.617588642474022,27.12649837424718,25.965271190591476,26.415420532226562,547007000
2022-03-23,26.019044893201844,26.503055368285953,25.470301882639813,25.52906036376953,502120000
2022-03-24,26.058884112048176,28.204065572576116,25.80094361026962,28.034761428833008,877379000
2022-03-25,27.771842231076484,28.241910117249173,27.159360096245305,27.578636169433594,579016000
2022-03-28,27.642377303838558,28.134354526494057,27.094627668908103,28.10348129272461,425494000
2022-03-29,28.5775285613948,28.827500474518697,27.86545546506131,28.53868865966797,488984000
2022-03-30,28.188133610446798,28.37934706350977,27.390412047597884,27.57664680480957,463487000
2022-03-31,27.668265181187795,28.13235706761943,27.158362081398682,27.17429542541504,523440000
2022-04-01,27.26293568960486,27.383440643848896,26.15947167732759,26.602649688720703,517235000
2022-04-04,26.618582662321668,27.44518476682431,26.50405367248858,27.247995376586914,397120000
2022-04-05,27.142430269538746,27.207164711525582,25.714300606563835,25.824846267700195,436615000
2022-04-06,24.831926142575206,25.19642705051053,23.904737678545857,24.307083129882812,703833000
2022-04-07,24.340944116539315,24.620793903525843,23.3818870718976,24.108898162841797,557992000
2022-04-08,23.81909236344926,23.825068318317854,22.967592876759955,23.02435874938965,524781000
2022-04-11,22.12306512210957,22.22863019589857,21.57133213415732,21.827280044555664,575207000
2022-04-12,22.44474005075557,22.63197015423266,21.194876629839,21.41596794128418,662258000
2022-04-13,21.639050491837658,22.407889437860018,21.36716738576446,22.112104415893555,516943000
2022-04-14,22.412867562077835,22.683755302120506,21.076362421603775,21.17097282409668,569097000
2022-04-18,21.113213152266766,21.9975764845038,20.992708207900467,21.69382667541504,525701000
2022-04-19,21.631080558064472,22.281407142339205,21.22674253068013,22.10712432861328,512781000
2022-04-20,22.42481903619335,22.577192555974293,21.113211195451072,21.39405632019043,468974000
2022-04-21,21.620134273420653,22.3003389887017,19.918130395810504,20.10038185119629,656209000
2022-04-22,20.219888301607384,20.402139745562092,19.420175917853527,19.43511390686035,624713000
2022-04-25,19.12339284572606,19.863351272784346,19.01782777863427,19.820528030395508,641566000
2022-04-26,19.637283370463635,19.706996516542763,18.593573098917023,18.711090087890625,653143000
2022-04-27,18.521868230847012,19.08853925931246,18.215130373255832,18.339618682861328,499460000
2022-04-28,18.88935141084662,19.95497260986267,18.41430488131408,19.70101547241211,570327000
2022-04-29,19.3225724947239,20.045600227897243,18.441195280836077,18.471073150634766,500435000
2022-05-02,18.46509951842047,19.493869793767686,18.315713949725147,19.453039169311523,572049000
2022-05-03,19.320578698241782,19.743839946636715,19.054671561830528,19.521751403808594,475751000
2022-05-04,19.841436712225097,20.31648318728987,18.67423393178185,20.25075340270996,648855000
2022-05-05,19.785669950252917,19.843431175196322,18.424265535645223,18.766857147216797,626331000
2022-05-06,18.65929999241693,19.432122333318322,17.916353624000763,18.598548889160156,633297000
2022-05-09,17.960173412210224,18.180267458938104,16.75811385880719,16.880611419677734,644455000
2022-05-10,17.616591005148855,18.12350823893866,16.955309464255052,17.52297592163086,761474000
2022-05-11,17.275983917823066,17.68032194709463,16.500173704044624,16.561918258666992,670167000
2022-05-12,16.15260230985151,16.71927317338393,15.503272000214082,16.108781814575195,708728000
2022-05-13,16.719276866807252,17.854609562915,16.52507542137206,17.63351821899414,670437000
2022-05-16,17.437322904145635,17.715180072849822,17.035972816221634,17.19332504272461,521446000
2022-05-17,18.00001156413309,18.295796644400493,17.561814118646062,18.102590560913086,585830000
2022-05-18,17.632522266505582,18.043831705127655,16.79496540151223,16.868661880493164,545161000
2022-05-19,16.86766124321624,17.61459078960945,16.665491294505667,17.053895950317383,621310000
2022-05-20,17.26104864553038,17.33872845520384,15.69050380184821,16.625659942626953,739105000
2022-05-23,16.207378932516523,16.845755601223512,16.112768519957527,16.828824996948242,639889000
2022-05-24,16.44241318228326,16.529056923699873,15.715401091996485,16.08786964416504,588550000
2022-05-25,15.954421301148022,17.040954810049584,15.934502716862164,16.9055118560791,781132000
2022-05-26,15.970353077975645,18.01793623253497,15.9564104502552,17.777923583984375,996575000
2022-05-27,18.111555803971783,18.803710493636046,18.025907407236858,18.733997344970703,738379000
2022-05-31,18.902299762323565,19.121400348314285,18.27487967412374,18.595561981201172,664100000
2022-06-01,18.6473501146243,18.97500185230617,18.047813348721185,18.24500274658203,544514000
2022-06-02,18.217115849128234,19.53868302922962,18.12350080401456,19.51179313659668,648656000
2022-06-03,19.003885365597327,19.252861948714582,18.446176451745462,18.64336585998535,598779000
2022-06-06,19.060652505586596,19.257841926957315,18.48800556646816,18.709096908569336,422406000
2022-06-07,18.396382141540013,18.92222057056187,18.11354434422296,18.84852409362793,388914000
2022-06-08,18.726000947489727,19.105521994199414,18.463026152906487,18.57558822631836,363252000
2022-06-09,18.409230004023733,18.859474329364446,17.970938210355662,17.9779109954834,395574000
2022-06-10,17.531657297722646,17.628280755740548,16.803494968741788,16.90808868408203,465248000
2022-06-13,15.9378697072585,16.248658440141707,15.54539961251888,15.586240768432617,604153000
2022-06-14,15.669912860368118,16.003612016416973,15.35215136745031,15.774505615234375,469680000
2022-06-15,16.032502129668625,16.802501270573813,15.864158686622957,16.462825775146484,563936000
2022-06-16,15.79841368067241,15.880095995991596,15.341196388689442,15.540419578552246,545749000
2022-06-17,15.587236076673541,15.932888741748645,15.268478991865372,15.81833553314209,630334000
2022-06-21,16.41102839784153,16.94195781559774,16.34329164963761,16.50167465209961,483089000
2022-06-22,16.162992114105894,16.59729988882193,16.117171209417034,16.296472549438477,437135000
2022-06-23,16.454851986991518,16.5205956784527,15.79143880496092,16.16199493408203,463680000
2022-06-24,16.43592735057394,17.073441500432935,16.24666462485629,17.05949592590332,472153000
2022-06-27,17.244775982546706,17.26270573709096,16.561438970901577,16.803495407104492,427968000
2022-06-28,16.834373533612357,17.135200852696613,15.883082065971653,15.919939041137695,461149000
2022-06-29,15.752592549454855,15.758568817578366,15.111093222281093,15.481648445129395,482352000
2022-06-30,15.301351073584014,15.506551472546047,14.804289165625038,15.100135803222656,686070000
2022-07-01,14.84114455708728,15.004507273555733,14.336113363533372,14.466604232788086,577610000
2022-07-05,14.119955710684517,14.91286420559904,14.000421809691066,14.905891418457031,651397000
2022-07-06,14.951715092611343,15.25951523393793,14.731572586051486,15.071249008178711,529066000
2022-07-07,15.39598259559198,15.883083111902556,15.329242378034209,15.79642105102539,492903000
2022-07-08,15.370082202682903,15.974725437074959,15.329241049958439,15.776497840881348,467972000
2022-07-11,15.465710803070031,15.466707322744304,14.97960584604066,15.09316349029541,437321000
2022-07-12,15.208711284952944,15.371078433295626,14.819229812840817,15.023433685302734,458483000
2022-07-13,14.533343560416391,15.315295058565692,14.408828966444313,15.105113983154297,521918000
2022-07-14,15.04933164322953,15.412914028547368,14.670807164690196,15.31230640411377,456235000
2022-07-15,15.59819449374581,15.720716063425629,15.38502478396033,15.700794219970703,385935000
2022-07-18,16.238692777665573,16.831381467725347,15.939858559135285,16.03847312927246,670517000
2022-07-19,16.421982128219415,17.0435595776271,16.109202264221235,16.92601776123047,702366000
2022-07-20,16.881194706038162,17.863366094244768,16.73576172035747,17.73785400390625,760538000
2022-07-21,17.815547810901403,18.07354091727774,17.476867973237123,17.97990608215332,557049000
2022-07-22,17.823521523852246,17.897233590693222,17.070456538486788,17.251750946044922,536671000
2022-07-25,16.95290981659082,17.05750351772412,16.58434768859962,16.9578914642334,480748000
2022-07-26,16.823418108378,16.853302299081996,16.414014765426856,16.468801498413086,397865000
2022-07-27,16.965862630194085,17.86635353894504,16.84732523587989,17.72092056274414,569776000
2022-07-28,17.90519775674753,18.069556021471275,17.372275483342808,17.914161682128906,474646000
2022-07-29,17.743827026455214,18.173153093615777,17.623296613411778,18.09246826171875,435460000
2022-08-01,18.111393572390696,18.772816539459214,17.9201397228468,18.369388580322266,476469000
2022-08-02,18.051629067336524,18.864460391381805,18.021744878238078,18.454059600830078,489527000
2022-08-03,18.113388905855146,18.89434491533446,18.066570532098716,18.81963539123535,418146000
2022-08-04,18.775802954410633,19.19915175470648,18.687147876727973,19.140380859375,409652000
2022-08-05,18.736954574661173,19.154328094688672,18.59351466678954,18.915260314941406,386068000
2022-08-08,17.434035232399516,18.168172751532033,17.175044663246958,17.72390365600586,981859000
2022-08-09,17.18500523413819,17.379247676702683,16.659055765062003,17.019649505615234,668263000
2022-08-10,17.629273135163704,18.047642220988486,17.24975215946494,18.026723861694336,597422000
2022-08-11,18.06059496674186,18.63435848013521,17.806584108237903,17.87232780456543,509327000
2022-08-12,18.08947526340278,18.645308825884126,17.88327842088544,18.636343002319336,478094000
2022-08-15,18.628381495120706,19.089582944835495,18.540723865569156,18.95809555053711,457666000
2022-08-16,18.846530011794016,19.067668063926604,18.42915644764587,18.805688858032227,451240000
2022-08-17,18.451071242381392,18.615429517874343,18.074538853147352,18.2637996673584,446799000
2022-08-18,18.2299364492585,18.79174557455485,18.11239462163172,18.700103759765625,415447000
2022-08-19,18.33452409224492,18.448081715081848,17.700994191090388,17.779687881469727,441588000
2022-08-22,17.42208217251165,17.489818903609883,16.900116815044345,16.967853546142578,409593000
2022-08-23,16.923032515648686,17.39718405399935,16.904105288938386,17.114286422729492,369986000
2022-08-24,16.945939135983163,17.338410181530257,16.829394785860185,17.15512466430664,522661000
2022-08-25,16.778590073936765,17.877307466202186,16.76763310909007,17.84343910217285,770691000
2022-08-26,17.787658007376972,17.85439727044476,16.173947959014292,16.19685935974121,769127000
2022-08-29,15.957792548703463,16.27455660052828,15.705774724802128,15.739642143249512,496132000
2022-08-30,15.898026205963157,15.976718964475275,15.123047357717592,15.407937049865723,530181000
2022-08-31,15.324260876966457,15.479655236596056,14.900911041431531,15.03538703918457,573710000
2022-09-01,14.153824316249922,14.324160780710457,13.21847139112477,13.882881164550781,1178865000
2022-09-02,14.045248511057261,14.11597195898287,13.538224239518152,13.59400749206543,743157000
2022-09-06,13.677680890653752,13.725494835509304,13.299156360470214,13.412714004516602,535751000
2022-09-07,13.514348937264758,13.788363076170643,13.298127313591545,13.664807319641113,512657000
2022-09-08,13.410719244419383,13.957750598170398,13.321042892410091,13.939814567565918,624873000
2022-09-09,14.106217483223217,14.42208077071564,14.075329495714405,14.335392951965332,486612000
2022-09-12,14.317455823482035,14.49481679850031,14.147068757337559,14.452967643737793,484159000
2022-09-13,13.752489132610048,13.87205855128794,13.052010885075777,13.083895683288574,714956000
2022-09-14,13.20645432739914,13.242325437341442,12.866677974239867,13.080906867980957,588507000
2022-09-15,12.968313711994472,13.185531175680374,12.74412043844494,12.882621765136719,523625000
2022-09-16,12.696290273876313,13.164604509794684,12.57173868615092,13.150654792785645,670751000
2022-09-19,12.965323203760738,13.414705581325622,12.96333052263512,13.333995819091797,569685000
2022-09-20,13.167596153339607,13.434634451270144,13.01016292838732,13.128735542297363,524818000
2022-09-21,13.16560415413887,13.980669759694642,13.06297298523187,13.213431358337402,807679000
2022-09-22,13.023116575574866,13.101833667672771,12.383420232786193,12.515942573547363,759162000
2022-09-23,12.375447364597502,12.565762199000392,12.213031967666868,12.471102714538574,663309000
2022-09-26,12.446192490592988,12.613590061867972,12.170185718593245,12.184135437011719,547343000
2022-09-27,12.462135725855696,12.690314364148412,12.21402932430884,12.368473052978516,553854000
2022-09-28,12.365485345011257,12.77700402599907,12.309686459522334,12.690316200256348,542414000
2022-09-29,12.403348375701784,12.455161894796301,11.903149218445288,12.176166534423828,532763000
2022-09-30,12.043639758211013,12.587681551450936,12.031682722625826,12.095453262329102,565638000
2022-10-03,12.302708290891008,12.632521236553906,12.061575828714862,12.467116355895996,547478000
2022-10-04,12.832802061086015,13.172579431107973,12.832802061086015,13.119769096374512,584182000
2022-10-05,12.864685926402442,13.273215022829856,12.57572625208159,13.161616325378418,507131000
2022-10-06,13.172576390235374,13.607012205791838,13.05599552454441,13.08289909362793,644157000
2022-10-07,12.460141479897947,12.624549544676155,11.978874322115674,12.03268051147461,672478000
2022-10-10,11.993819734228161,12.08050753530761,11.367076415950967,11.62813663482666,698699000
2022-10-11,11.51952842526829,11.803505925509853,11.242525784323794,11.544439315795898,667482000
2022-10-12,11.537464950855002,11.692904543242312,11.304304136894011,11.458747863769531,492590000
2022-10-13,10.931644516028966,12.034673832144149,10.774211301684586,11.917097091674805,850103000
2022-10-14,12.013749105457423,12.067555297007958,11.163809311742797,11.186726570129395,713432000
2022-10-17,11.476683331813856,11.905141179135784,11.475687466268546,11.845355987548828,580774000
2022-10-18,12.299719755620746,12.44718861782601,11.576324213052954,11.924072265625,659362000
2022-10-19,11.836388541745388,12.30569968628764,11.791549885257231,12.007771492004395,523131000
2022-10-20,12.06954640498869,12.723193243429106,12.06157473125038,12.150256156921387,652398000
2022-10-21,12.054602792053803,12.453168520670618,11.844360180299446,12.421282768249512,609494000
2022-10-24,12.46313123131559,12.664406275262714,12.02072372059677,12.553804397583008,517457000
2022-10-25,12.648465797577563,13.252291971392953,12.6185727259184,13.213431358337402,505482000
2022-10-26,12.822836454280946,13.339973788252896,12.662413746395243,12.849739074707031,532953000
2022-10-27,13.581107454000612,13.788361512216962,13.074929346453251,13.128735542297363,583113000
2022-10-28,13.05699335304701,13.800317586774417,13.014147382415905,13.784374237060547,521040000
2022-10-31,13.728574769253589,13.78835995245815,13.24930028897117,13.448582649230957,486341000
2022-11-01,13.761456412532556,13.875047785742884,13.470504070891979,13.494418144226074,432817000
2022-11-02,13.800317291584546,14.159025547914593,13.16360959020308,13.17158031463623,672628000
2022-11-03,12.996212781616933,13.731565367636188,12.909524971705448,13.372856140136719,500065000
2022-11-04,13.935830529915377,14.177958888937177,13.647866699718021,14.105220794677734,612576000
2022-11-07,14.176960552458848,14.360300516988321,13.90394423701555,14.249698638916016,410061000
2022-11-08,14.747905225291545,14.837582527688992,14.165003709961418,14.549619674682617,595292000
2022-11-09,14.111197542274558,14.160022506058544,13.70964331218987,13.726582527160645,454414000
2022-11-10,14.746910406367014,15.716419686091069,14.49481769622729,15.693502426147461,700819000
2022-11-11,15.750298418180774,16.33021048888852,15.426464425019901,16.2684326171875,655487000
2022-11-14,16.159825913451986,16.480671390641938,15.864887196216745,16.236549377441406,527852000
2022-11-15,16.662013391587355,16.937022370999905,16.32323291950231,16.60621452331543,545876000
2022-11-16,16.1040250035794,16.303306431643236,15.816061182952085,15.852928161621094,649547000
2022-11-17,15.658627572163233,16.20765162732223,15.47927296101109,15.620763778686523,710894000
2022-11-18,15.908727567818614,15.944599632440841,15.0657625567973,15.353726387023926,492072000
2022-11-21,15.092665143329405,15.421481294578124,15.025905097362354,15.262055397033691,404739000
2022-11-22,15.273014705576616,16.000396507453974,15.067753352120171,15.980467796325684,472866000
2022-11-23,16.040254147784076,16.46771612556409,15.99043426388969,16.45974349975586,427241000
2022-11-25,16.259465648152826,16.427858142364496,16.11398946353445,16.211637496948242,167934000
2022-11-28,15.968510119436205,16.298324023340506,15.668591183311177,15.770224571228027,303741000
2022-11-29,15.770225383983295,15.874849224323373,15.46432743853725,15.582900047302246,298384000
2022-11-30,15.644692293883454,16.873584309435355,15.54502609510109,16.866607666015625,565298000
2022-12-01,16.942355347832123,17.20746780911725,16.57956797350174,17.07790184020996,470977000
2022-12-02,16.60348535757367,16.876572437618908,16.390197799139116,16.819761276245117,371389000
2022-12-05,16.62342349091921,16.9383705081479,16.41711252133541,16.55465316772461,352255000
2022-12-06,16.474920027684114,16.517776014687847,15.766288754644943,15.93372917175293,352694000
2022-12-07,15.719443294997907,16.132064232758374,15.614792692114394,16.0662841796875,372388000
2022-12-08,16.218777273371813,17.121758517727503,15.905822476444317,17.111791610717773,515456000
2022-12-09,17.102819869864998,17.5244106979877,16.918436852955416,16.94434928894043,465338000
2022-12-12,16.9802285062354,17.47955848372448,16.741028482869503,17.4765682220459,457328000
2022-12-13,18.469247954138357,18.727385645434474,17.65198080321333,18.011777877807617,656589000
2022-12-14,17.927063332040404,18.19118159319031,17.361953248979066,17.6151065826416,496888000
2022-12-15,17.088861558689974,17.26228149783114,16.644348687257953,16.8955078125,478542000
2022-12-16,16.80780430040909,16.98421452775994,16.355316696171542,16.515779495239258,478232000
2022-12-19,16.516777854754576,16.55365331311345,16.091200695343332,16.19983673095703,354039000
2022-12-20,16.01047265280894,16.25565325018952,15.799180110626692,16.031402587890625,403260000
2022-12-21,16.060304842306547,16.571595897427166,16.048343794868938,16.446014404296875,325025000
2022-12-22,16.040370897342594,16.084224902594713,14.832409670787916,15.287886619567871,565045000
2022-12-23,15.145360892853512,15.28788400934768,14.833404208941626,15.155327796936035,349326000
2022-12-27,15.023768425094323,15.049681806653775,14.009160162650081,14.073944091796875,464902000
2022-12-28,13.88059410154777,14.214477891182089,13.837737160676078,13.98923110961914,351066000
2022-12-29,14.354010861447797,14.634073714841978,14.179593796870332,14.554340362548828,354923000
2022-12-30,14.286237064669805,14.580254166086245,14.185573775811273,14.56530475616455,310490000
2023-01-03,14.801510894902007,14.946028158359788,14.04902671566482,14.26729679107666,401277000
2023-01-04,14.518460195074866,14.803506485615852,14.193546280154266,14.69985294342041,431324000
2023-01-05,14.442712138646769,14.515468836750369,14.100854699285643,14.2174654006958,389168000
2023-01-06,14.42576814608272,14.959982279736408,13.987234779976571,14.80948543548584,405044000
2023-01-09,15.233070349137327,16.002497216572273,15.090546259586656,15.575923919677734,504231000
2023-01-10,15.455326689560788,15.908810437445068,15.42044347056914,15.855987548828125,384101000
2023-01-11,15.787215773433328,15.974589018428674,15.511138407767845,15.947678565979004,353285000
2023-01-12,16.046348710283624,16.581557963434708,15.440374057820266,16.455978393554688,551409000
2023-01-13,16.223760351513295,16.865615498543143,16.11113791019783,16.84269142150879,447287000
2023-01-17,16.842685620041838,17.66892351620741,16.842685620041838,17.643009185791016,511102000
2023-01-18,17.608126319924487,17.813439222153065,17.224409065517293,17.319093704223633,439624000
2023-01-19,16.979228061683155,17.139692742246442,16.67524604897352,16.709131240844727,452932000
2023-01-20,16.954312559037017,17.79649791430325,16.768933461540048,17.77955436706543,564967000
2023-01-23,18.00380595113542,19.180872256618034,17.75862728937308,19.129045486450195,655163000
2023-01-24,18.76426355229002,19.430038785893963,18.757286908397305,19.200803756713867,496204000
2023-01-25,18.84997803686339,19.30545594731295,18.518087479978714,19.25861167907715,449537000
2023-01-26,19.63535204186898,20.09880270917431,19.213761238604867,19.73601531982422,489535000
2023-01-27,19.39715101578,20.55926617927685,19.34034173496809,20.297142028808594,542142000
2023-01-30,19.883520664577752,20.072886152093297,19.08618539248616,19.098146438598633,488611000
2023-01-31,19.106119508648174,19.621396897100432,18.88685330332513,19.47189712524414,498017000
2023-02-01,19.625385818373413,21.121383652696668,19.54565246966647,20.873214721679688,660477000
2023-02-02,20.93001886877329,21.875855795019138,20.631019359616392,21.636655807495117,564276000
2023-02-03,20.93002073586232,21.67253897459517,20.719723419819307,21.029687881469727,429366000
2023-02-06,20.736668439852636,21.49812252080445,20.716734629117404,21.018726348876953,452197000
2023-02-07,21.310747101593492,22.184825413683594,21.07951986309014,22.099111557006836,664150000
2023-02-08,22.312404740691942,22.801769834155383,21.93466787302258,22.131011962890625,559651000
2023-02-09,22.530666358802463,22.943286261976205,22.046285893905168,22.262561798095703,523876000
2023-02-10,21.6177263681031,22.004432082593212,20.741655610042052,21.194141387939453,550737000
2023-02-13,21.4662318309297,21.97453265239466,20.89215094788676,21.71539878845215,474919000
2023-02-14,21.506097057062863,22.972196070287414,21.294803588437638,22.89445686340332,675474000
2023-02-15,22.47385907538401,22.778839139042542,22.032336407803555,22.688142776489258,420575000
2023-02-16,22.059248242228534,22.47485853992091,21.85393529520588,21.928686141967773,412026000
2023-02-17,21.5589207949287,21.66755683538447,20.905106608670902,21.316730499267578,465888000
2023-02-21,20.93002371650124,21.422377090666945,20.54929664883601,20.58617401123047,410015000
2023-02-22,20.637998793039895,21.03367523119019,20.352950629424083,20.68484115600586,513184000
2023-02-23,23.361891451181727,23.80839853574855,22.94827344265805,23.58514404296875,1117995000
2023-02-24,23.147606985640458,23.39577778263142,22.870533495406775,23.208402633666992,589716000
2023-02-27,23.59112115652379,23.80042043107323,23.375841359560795,23.422683715820312,452994000
2023-02-28,23.294117844928124,23.745609343959064,23.128670637340598,23.13863754272461,455963000
2023-03-01,23.11471543588402,23.178503244860902,22.432994752211638,22.62236213684082,460026000
2023-03-02,22.413061410979573,23.302087189252028,22.357246368821404,23.23630714416504,389415000
2023-03-03,23.24229019406714,23.82035737741727,23.05292280095457,23.81039047241211,412393000
2023-03-06,23.81139038959998,24.167199231552658,23.408735379499408,23.475513458251953,437429000
2023-03-07,23.52534976258205,24.04868872239175,23.167484181656345,23.214336395263672,515154000
2023-03-08,23.412708106815042,24.123454073591056,23.34990765503741,24.10451316833496,513573000
2023-03-09,24.098534615353046,24.37665338080257,23.309039864365545,23.361873626708984,501257000
2023-03-10,23.334956536006658,23.55226740158579,22.65411633700963,22.89236068725586,474866000
2023-03-13,22.680036313439018,23.224308845911295,22.22647555282617,22.89335823059082,421890000
2023-03-14,23.421682859195702,24.14239559716936,23.385795524923413,23.986888885498047,474910000
2023-03-15,23.68584709694348,24.209186218115047,23.28611632940407,24.151371002197266,524486000
2023-03-16,23.95100163776788,25.507063024700976,23.818421001130595,25.46021270751953,583253000
2023-03-17,25.89981804779798,26.3154988744337,25.58681016478867,25.643630981445312,848547000
2023-03-20,25.533980590026932,25.941687335476704,25.050514016475315,25.818078994750977,432747000
2023-03-21,26.097191824105813,26.308521152399816,25.300719308848564,26.116130828857422,547408000
2023-03-22,26.341410285060253,27.501729719047532,26.154005250370165,26.384275436401367,797295000
2023-03-23,27.029233998126443,27.412020167294642,26.60557904977676,27.10499382019043,564889000
2023-03-24,26.945497674200514,27.081067169624458,26.27163535426083,26.694293975830078,454920000
2023-03-27,26.752114397420495,26.91459893449874,26.28160721288135,26.44708251953125,361026000
2023-03-28,26.36334732054611,26.42913854404045,25.768235539667923,26.32646369934082,356104000
2023-03-29,26.740153636460196,26.99235175803325,26.51287415863534,26.898649215698242,393694000
2023-03-30,27.1428706983117,27.412017104309836,27.016271612118157,27.296382904052734,364516000
2023-03-31,27.054156013485166,27.74596114615361,27.019266870020537,27.68914222717285,433933000
2023-04-03,27.421989811329777,27.911436002639256,27.249536675681906,27.87654685974121,398716000
2023-04-04,27.877543026671038,27.911435879998983,27.220627051021687,27.366165161132812,368592000
2023-04-05,26.744141067760594,26.91260524763218,26.31151378285065,26.795976638793945,515015000
2023-04-06,26.49991459021249,26.994346033960124,26.34341159102696,26.95148277282715,397654000
2023-04-10,26.738160454997114,27.53363676470612,26.584648216789198,27.491769790649414,395279000
2023-04-11,27.63630792496598,27.702099147015957,27.040197966487828,27.08306312561035,314378000
2023-04-12,27.283426113543882,27.381115701428637,26.364341632306775,26.41119384765625,446259000
2023-04-13,26.64944384985563,26.801959813420947,26.2457260175079,26.379301071166992,353615000
2023-04-14,26.420170212204003,26.797971184144085,26.137068080300253,26.67336654663086,395660000
2023-04-17,26.480973631209377,26.920578703015185,26.34939118660513,26.91659164428711,321471000
2023-04-18,27.445915621619545,28.02109026862938,27.270471706452536,27.579490661621094,604812000
2023-04-19,27.274456503625604,27.911435269103396,27.145864822992923,27.842653274536133,358660000
2023-04-20,27.58347456890567,27.941340187321615,26.914597451904964,27.018268585205078,427713000
2023-04-21,26.86674870571586,27.09701893484949,26.63747666725273,27.033220291137695,345103000
2023-04-24,26.92756288092003,27.27944513842349,26.586643611517285,26.956470489501953,339282000
2023-04-25,26.992351504330397,27.160817581589445,26.142050802636824,26.15799903869629,378527000
2023-04-26,26.91659491739221,27.243556588640125,26.62053343037328,26.870738983154297,406337000
2023-04-27,27.27645073990056,27.40803318885761,26.540784192741274,27.139883041381836,377161000
2023-04-28,27.138887339013703,27.670200494580325,26.985373211032865,27.661230087280273,292216000
2023-05-01,27.751942445275365,28.96609033128575,27.692132757184343,28.818557739257812,570329000
2023-05-02,28.58928602409841,28.74479273603856,27.994174201759634,28.120771408081055,402730000
2023-05-03,27.75194355869358,28.277277108700098,27.385107494737166,27.71406364440918,383387000
2023-05-04,27.563540293710812,27.770882582276077,27.15384096655844,27.474822998046875,321850000
2023-05-05,27.737986024481625,28.66404652957751,27.64328719583459,28.589284896850586,361494000
2023-05-08,28.43178384704761,29.127576016939173,28.260328904734493,29.058794021606445,344979000
2023-05-09,28.807590591905967,28.881355931475877,28.360011403786928,28.480627059936523,314869000
2023-05-10,28.9132576098521,29.020917714127965,28.37097953587767,28.793638229370117,369350000
2023-05-11,28.80460292458763,28.858432976365187,28.15665923092003,28.487607955932617,322149000
2023-05-12,28.438761858901234,28.688969297483915,27.957289789783168,28.2503604888916,274222000
2023-05-15,28.417829411901007,28.877371722844355,28.062956433881705,28.861421585083008,293926000
2023-05-16,28.749774743963638,29.775521221273998,28.740804336785136,29.12059783935547,449405000
2023-05-17,29.49042519794485,30.103479719693794,29.336912970483333,30.08254623413086,432535000
2023-05-18,30.31381366494329,31.727327831009532,30.224098180923058,31.577802658081055,748725000
2023-05-19,31.436248639784157,31.48011008821705,30.818210809592202,31.165109634399414,473908000
2023-05-22,30.803257086267713,31.42030053090031,30.582957356502835,31.077388763427734,372000000
2023-05-23,30.9019443296342,31.18903346729931,30.53411202557799,30.590930938720703,356253000
2023-05-24,30.114444604983657,30.510190153140588,29.71172312962193,30.441408157348633,721419000
2023-05-25,38.401152701662475,39.35512649385782,36.519123854187846,37.85987091064453,1543911000
2023-05-26,37.77015897004827,39.04610930402264,37.43123418725733,38.822818756103516,714397000
2023-05-30,40.4666011461992,41.8053518099001,39.82264450499864,39.984130859375,923401000
2023-05-31,39.363100391824844,40.16754710014043,37.702369501651916,37.714332580566406,1002580000
2023-06-01,38.367260487804366,39.92332397878751,38.218733498055144,39.64421081542969,635873000
2023-06-02,39.970171105133474,40.37189627228211,38.934456059073696,39.202606201171875,482731000
2023-06-05,38.78593534052818,39.43985871743566,38.58457457981163,39.0471076965332,396094000
2023-06-06,38.707187926911864,39.03614220536465,38.02734198652988,38.531742095947266,388729000
2023-06-07,38.79592485025507,39.37813750275476,37.2416933197928,37.360328674316406,511998000
2023-06-08,37.60857182578051,38.74508306628558,37.39024395636986,38.39216613769531,417772000
2023-06-09,38.917552324899084,39.58948978920315,38.44899302917782,38.651371002197266,427717000
2023-06-12,39.08005597622932,39.40904425940009,38.49983605891858,39.36119079589844,388701000
2023-06-13,40.06303253313572,40.97523356570902,39.61839813533891,40.8964729309082,613208000
2023-06-14,40.699085309650826,42.868425731448234,40.427914429279454,42.86543655395508,740465000
2023-06-15,42.47165262178882,43.15655089419858,42.018042951563174,42.52249526977539,568622000
2023-06-16,43.31705479881207,43.58722551638536,42.53046747800974,42.56137466430664,655709000
2023-06-20,42.86643864335991,43.85540396507537,42.543428689005886,43.67395782470703,451153000
2023-06-21,43.367894115226505,43.481547516431846,41.95124449603973,42.91328811645508,551603000
2023-06-22,42.12371153008249,43.29312268887753,42.10477246580242,42.89335250854492,417737000
2023-06-23,42.33407006327904,42.678011851996246,41.886442597723466,42.07984924316406,358140000
2023-06-26,42.33107342513513,42.633147684220695,39.97729771593512,40.50767135620117,594322000
2023-06-27,40.6741595987626,41.81166711553178,40.32423568672819,41.74786376953125,462175000
2023-06-28,40.53558567810239,41.716961105450416,40.39402188289312,40.991188049316406,582639000
2023-06-29,41.43083429013432,41.472705590731,40.475765515924735,40.697086334228516,380514000
2023-06-30,41.55247077216965,42.41980774252162,41.37401761190044,42.17256546020508,501148000
2023-07-03,42.38690024476898,42.76673493754276,42.07286548445585,42.28321838378906,198209000
2023-07-05,42.00606914984757,43.04488054432272,41.95622290579701,42.18751525878906,323618000
2023-07-06,41.7159719008241,42.04994599038348,41.219494533498526,41.974178314208984,303582000
2023-07-07,42.19249796154775,43.08177063947781,42.05093416959679,42.37294387817383,355881000
2023-07-10,42.52647545344216,42.680003559932054,41.521556604913506,42.050933837890625,353908000
2023-07-11,42.35100950902143,42.6271623304336,41.938278668558176,42.27524185180664,298244000
2023-07-12,42.901329149439654,43.80056964792914,42.64611193757971,43.767669677734375,481277000
2023-07-13,44.38177994624532,46.01376808541058,44.35585853064173,45.8363151550293,478204000
2023-07-14,46.44046184420574,47.94085779132301,44.92212322629915,45.329872131347656,772075000
2023-07-17,46.147361621458764,46.353725148743315,45.123503715655524,46.31883239746094,510488000
2023-07-18,46.55809821761458,47.749441291791726,45.594058117307526,47.348670959472656,569164000
2023-07-19,47.31876592185892,47.67168281088611,46.59897504315981,46.93294906616211,427502000
2023-07-20,46.36470161642384,46.942928804835816,44.92412321467116,45.38072204589844,537865000
2023-07-21,45.64789454996022,45.72565880367255,43.965059822678604,44.17341995239258,963769000
2023-07-24,44.59412592293156,44.97097143505105,43.90524224115585,44.47549057006836,382516000
2023-07-25,44.80349329728166,46.04168985274926,44.78554682129327,45.53923416137695,348081000
2023-07-26,45.88017875854229,45.91208233149028,44.49343628066657,45.31291961669922,364237000
2023-07-27,46.376665137451575,47.24998426093751,45.61001707056192,45.759559631347656,455976000
2023-07-28,46.525202843607126,46.883105518604516,46.23908226392985,46.60695266723633,331194000
2023-07-31,46.610938817532,46.985787745643954,46.36369657868276,46.58601379394531,251055000
2023-08-01,46.31783562150429,46.75649169459333,45.88616190163857,46.36469268798828,237858000
2023-08-02,45.69076572472491,45.69973706046443,43.25424373168055,44.133544921875,530142000
2023-08-03,43.66598317678985,44.97995124703114,43.66598317678985,44.3787956237793,324176000
2023-08-04,44.84735625489334,45.502343664999096,44.257168589781394,44.54328918457031,362666000
2023-08-07,44.97296695444659,45.400655128648054,44.42664342016852,45.27803039550781,322154000
2023-08-08,44.71575315581905,45.10356277836036,43.92119104559553,44.5273323059082,353843000
2023-08-09,44.13852436844698,44.17641010034291,42.00507315736143,42.423789978027344,586449000
2023-08-10,42.03099398742127,43.440668733202855,41.70698769798923,42.258296966552734,492705000
2023-08-11,41.623246353337215,41.889431464332574,40.51464942799337,40.72998809814453,533085000
2023-08-14,40.362112664912736,43.665970984146874,40.18764892653742,43.61911392211914,690286000
2023-08-15,44.423651395520004,45.12948515568442,43.5762500445296,43.805545806884766,676512000
2023-08-16,44.38377612065419,44.53830062758481,43.27318256792619,43.35293960571289,527451000
2023-08-17,43.83545631480397,43.927173858554056,42.86941961752367,43.21137237548828,452395000
2023-08-18,42.50454556890945,43.44466100868814,41.53253035360765,43.1665153503418,583768000
2023-08-21,44.35785535241688,46.920987674468684,44.08668826541733,46.82328796386719,692573000
2023-08-22,47.98771355577138,48.03955639191804,45.19428904679984,45.528263092041016,755293000
2023-08-23,45.72565711329878,47.05557488119282,45.06966956482349,46.971832275390625,779046000
2023-08-24,50.062352051208165,50.112198303952155,47.01470644607622,47.01869201660156,1156044000
2023-08-25,46.86814754737519,47.658720291728024,44.8862279220612,45.87718963623047,925341000
2023-08-28,46.33977561628421,46.83625296106333,44.75065488017665,46.69169616699219,685192000
2023-08-29,46.5232082617889,48.93081957760332,46.249048206065815,48.634727478027344,701397000
2023-08-30,48.89393031688107,49.7742278710723,48.276824895402335,49.113258361816406,735206000
2023-08-31,49.22890833319217,49.5917929853516,48.80819868484659,49.203983306884766,528570000
2023-09-01,49.60974109160753,49.64762302557311,47.9946951700236,48.360572814941406,463830000
2023-09-05,48.075449679419506,48.701530322132584,47.7135613998585,48.39945602416992,382653000
2023-09-06,48.29675192445169,48.404428217365016,46.44129363976494,46.920860290527344,468670000
2023-09-07,45.38943454370525,46.205995921557545,45.01754418931394,46.103302001953125,433330000
2023-09-08,45.80519166448395,46.46721201058955,45.13618839061398,45.4362907409668,473069000
2023-09-11,46.010585175997676,46.025539902373815,44.180053643461356,45.04347610473633,473966000
2023-09-12,44.604786051563885,45.53700334292315,44.398401689358636,44.736392974853516,349256000
2023-09-13,44.46718544034271,45.7932266977616,44.3704741721049,45.349552154541016,398355000
2023-09-14,45.81316737022936,45.85005594133211,44.99660600705011,45.44526672363281,370097000
2023-09-15,45.20598666420072,45.4632178335496,43.67755057038964,43.76927947998047,506831000
2023-09-18,42.620703892646866,44.110254465014556,41.87493023032647,43.83507537841797,500271000
2023-09-19,43.70247908606619,43.835082475156234,42.87395226873784,43.390411376953125,373064000
2023-09-20,43.470171462670386,43.7722706240914,42.09727282869751,42.113224029541016,367108000
2023-09-21,41.45916805082353,41.974626746319814,40.85796311624776,40.89485168457031,450736000
2023-09-22,41.448214198146616,41.989600439472675,41.10822995213603,41.48610305786133,479236000
2023-09-25,41.46714623078314,42.40933182158676,41.0543776162706,42.09626770019531,419091000
2023-09-26,41.87592599161224,42.6924873606105,41.53095566477393,41.78619384765625,402282000
2023-09-27,42.20395553022343,42.744341431006085,41.50504268914909,42.3415412902832,444935000
2023-09-28,42.33357225596652,43.31663645116769,41.98960209746007,42.96070098876953,424663000
2023-09-29,43.696494927606466,44.01255232767132,43.178042888017536,43.36947250366211,397830000
2023-10-02,43.89888769595612,45.04047860898654,43.73039221652358,44.648651123046875,433298000
2023-10-03,44.67457689561349,44.99562050159697,43.117227684036216,43.387420654296875,470850000
2023-10-04,43.61174546536846,44.01155233952571,43.163084716605525,43.909854888916016,361821000
2023-10-05,43.918830935362585,44.7663021604217,43.75731457253386,44.554931640625,393483000
2023-10-06,44.061407980133865,45.65265626506475,43.89490543600504,45.625736236572266,434436000
2023-10-09,44.70847483791379,45.46920337034592,44.235887222293606,45.13819122314453,409675000
2023-10-10,45.17507908955567,46.12125070086953,44.95374003044169,45.661624908447266,368582000
2023-10-11,46.05844175921358,46.71946955859621,45.91287659330196,46.6666259765625,378137000
2023-10-12,46.637711102575786,47.4672343606174,46.19204354796514,46.80521011352539,481325000
2023-10-13,46.82017113247599,46.97570866593482,45.14517319115468,45.32563400268555,474115000
2023-10-16,44.92881981280981,46.08735858574587,44.77826845784265,45.95774841308594,375099000
2023-10-17,43.86898271179327,44.620739164515385,42.35350830716708,43.807167053222656,812333000
2023-10-18,42.46417874850183,43.09031094806606,41.70046078038666,42.07035446166992,627294000
2023-10-19,42.68353205114289,43.16808505814558,41.75729727538286,41.97564697265625,501233000
2023-10-20,41.76526014616155,42.34353485879464,40.955677830477995,41.26375961303711,477266000
2023-10-23,41.10623502417962,43.119224175669935,40.82308027803106,42.8470344543457,478530000
2023-10-24,42.94872451539136,43.566877207845934,42.563876171456435,43.53297805786133,401463000
2023-10-25,43.26877302407248,43.52002535417708,41.43126239759443,41.65459442138672,398379000
2023-10-26,41.7283746394427,42.13017450154096,39.7612500826686,40.2059211730957,541001000
2023-10-27,41.007519511115035,41.08329340272847,39.8958382104282,40.37939453125,416784000
2023-10-30,40.96465211390715,41.64162722288695,40.36045387343674,41.038429260253906,388028000
2023-10-31,40.32955772912268,40.757281200093225,39.11318915725788,40.658573150634766,517969000
2023-11-01,40.762256048704266,42.25479998188949,40.747301323669774,42.19896697998047,437593000
2023-11-02,43.19898202777144,43.75332619208585,42.76627622905822,43.3764533996582,409172000
2023-11-03,43.88892315557369,45.17408258825645,43.59280664299351,44.87099075317383,424610000
2023-11-06,45.15015318659169,45.798219181155844,44.765301009531704,45.61476516723633,400733000
2023-11-07,45.582863690228386,46.080374555632474,45.02353336587058,45.81816101074219,343165000
2023-11-08,45.96272281654572,46.727440958659734,45.831115913944224,46.4353141784668,346719000
2023-11-09,47.32565087128028,48.08637928139042,46.610786911501705,46.8101921081543,540496000
2023-11-10,47.35855787314543,48.32766364227746,47.14220498356334,48.191070556640625,421245000
2023-11-13,48.17611002726251,48.96974108943456,47.95576746252599,48.475215911865234,384136000
2023-11-14,49.532067353089744,49.6856081153753,48.89397370012533,49.50813674926758,416954000
2023-11-15,49.78630718435211,49.811230458479834,48.05647298035821,48.74242401123047,475497000
2023-11-16,48.53405091082967,49.37753247238456,48.18609109090698,49.332664489746094,339756000
2023-11-17,49.37653194691317,49.56895804695832,48.861073108178935,49.151206970214844,325205000
2023-11-20,49.16516232495467,50.39748190834169,49.0345518906684,50.25889587402344,414120000
2023-11-21,49.97674154704206,50.36657612795036,49.07543401602206,49.795284271240234,565747000
2023-11-22,49.703557028583894,50.18511670142029,47.547992253967436,48.57093811035156,899420000
2023-11-24,48.32566546670589,48.7753226752898,47.60282211639322,47.633731842041016,294645000
2023-11-27,47.65766532815117,48.38549115302334,47.51010721393193,48.098350524902344,395662000
2023-11-28,48.09236930689928,48.17911204503058,47.33164078012809,47.67860412597656,401491000
2023-11-29,48.23494506927642,48.616804044774916,47.71748947427739,47.99665451049805,382005000
2023-11-30,47.88100118212253,47.96674744990859,46.283773941411816,46.6307373046875,526247000
2023-12-01,46.38646825144851,47.05945760454386,46.04947343587655,46.62575149536133,369317000
2023-12-04,45.93979802137365,45.93979802137365,44.87597384591377,45.37448501586914,437543000
2023-12-05,45.33459625037478,46.46531769952222,45.14016013303565,46.431419372558594,371718000
2023-12-06,47.07854839373765,47.25005219470193,45.280757679582,45.37149429321289,380590000
2023-12-07,45.56792757808214,46.49424361639184,45.47220434901942,46.46133804321289,350823000
2023-12-08,46.46033928594401,47.60302719608969,46.41546736033398,47.36870574951172,359224000
2023-12-11,47.35375382727248,47.39363533790565,45.697554757992016,46.49224853515625,509728000
2023-12-12,45.91293498199424,47.528252345362034,45.91293498199424,47.51927947998047,372387000
2023-12-13,47.49135110162281,48.45356234904266,47.47041188410191,47.94902420043945,447792000
2023-12-14,48.25014760759364,48.52933716331639,47.28494671232897,48.210262298583984,391232000
2023-12-15,48.05471535600333,49.2612174369844,47.98092791403106,48.74870300292969,479948000
2023-12-18,49.25723229515319,50.28724399732617,49.0079548114807,49.932273864746094,412587000
2023-12-19,49.281159865930675,49.55636317420033,48.75368939419547,49.46063995361328,464444000
2023-12-20,49.511490749608875,49.85449831929735,47.95899143016388,47.971954345703125,397894000
2023-12-21,48.669931851728876,48.95311145717248,48.279062673701084,48.84841537475586,300425000
2023-12-22,49.05281623744541,49.24027260571634,48.32691966505345,48.688873291015625,252507000
2023-12-26,48.82647939940057,49.45665286845571,48.81850309781851,49.13658142089844,244200000
2023-12-27,49.36791910846013,49.53642943515857,48.94314771611391,49.27418899536133,233648000
2023-12-28,49.49953204501984,49.73983287122963,49.26919684127221,49.37887954711914,246587000
2023-12-29,49.66903891502132,49.85250906748791,48.61010784761711,49.37887954711914,389293000
2024-01-02,49.101683898702085,49.152535199799544,47.457451257375006,48.02879333496094,411254000
2024-01-03,47.34776550065434,48.04474284454288,47.183241449788504,47.431522369384766,320896000
2024-01-04,47.62894825426151,48.35983153595327,47.3706979086473,47.859283447265625,306535000
2024-01-05,48.321941715696894,49.40380504311915,48.166390532700504,48.95510482788086,415039000
2024-01-08,49.36891016503661,52.1239255155236,49.336004592518634,52.101985931396484,642510000
2024-01-09,52.249557041176296,54.16799628302355,51.54060955653382,52.986419677734375,773100000
2024-01-10,53.4610522035269,54.442205820352854,53.334416522190715,54.192928314208984,533796000
2024-01-11,54.84004936433209,55.186046630349715,53.40520900250216,54.66355895996094,596759000
2024-01-12,54.46214745952533,54.811138243808735,54.172988448593486,54.55188751220703,352994000
2024-01-16,54.858995015384636,56.67074127144449,54.74133601464206,56.219051361083984,449580000
2024-01-17,56.18415552246115,56.3077977062965,54.581801354818275,55.89100646972656,474394000
2024-01-18,57.09452091474022,57.43353849056932,55.944853126147336,56.94196319580078,491650000
2024-01-19,57.82140334356974,59.32803795704181,57.05961145486245,59.31906509399414,543501000
2024-01-22,59.87545679775879,60.15664330232137,58.89928603895681,59.481597900390625,452955000
2024-01-23,59.39784070948938,59.736858252012084,58.41568677878363,59.69996643066406,294654000
2024-01-24,60.12971710051197,62.667360005652704,59.76477374613349,61.18465805053711,560271000
2024-01-25,62.16981007828854,62.537746973006996,60.67414500371538,61.43893051147461,482777000
2024-01-26,60.78382030493906,61.60444363196895,60.39794153183259,60.8546142578125,390309000
2024-01-29,61.055035142050976,62.30840232360706,60.73097744998884,62.28447341918945,348733000
2024-01-30,62.71822182118426,63.30950657239777,62.0800682128746,62.59258270263672,410735000
2024-01-31,61.26243177102061,62.089038263544516,60.524572564425924,61.34918212890625,453795000
2024-02-01,61.92052577068121,63.0083761236307,61.47182934048774,62.8448486328125,369146000
2024-02-02,63.789108872006786,66.40751896695984,63.50592925992764,65.96879577636719,476578000
2024-02-05,68.02783445051155,69.2961616511714,67.010785504722,69.13163757324219,680078000
2024-02-06,69.42875675979734,69.55239893007112,66.108386710131,68.02582550048828,683111000
2024-02-07,68.12153874968051,70.01704528849567,67.40461510087938,69.89639282226562,495575000
2024-02-08,69.87147502102263,70.58939534958982,69.2542683281726,69.43972778320312,414422000
2024-02-09,70.32914067903327,71.97636644817582,70.00906929428511,71.92452239990234,436637000
2024-02-12,72.39017224345903,74.39536169687851,71.04407549243956,72.03919219970703,613710000
2024-02-13,70.19654512895808,73.23772604754565,69.4188005504822,71.91954803466797,602580000
2024-02-14,72.99045103936953,74.02145939035373,71.7301040369102,73.68643188476562,504917000
2024-02-15,73.65552738205378,73.76121624211152,72.19077091766044,72.4480209350586,420122000
2024-02-16,73.88583908151942,74.18696820662582,72.29146138961607,72.40313720703125,495327000
2024-02-20,71.73906612377016,71.74804279084927,67.53824458047887,69.25128173828125,704833000
2024-02-21,67.8094614044966,68.68891622407938,66.05654635382845,67.27700805664062,673755000
2024-02-22,74.80817959484354,78.34791554573746,74.00550573707999,78.31102752685547,865100000
2024-02-23,80.55651569183838,82.15587637734276,77.3458203592003,78.58921813964844,829388000
2024-02-26,79.46965549121944,80.41292820605618,78.27810947244775,78.86341857910156,503973000
2024-02-27,79.1515839793688,79.25030450092336,76.93900277777333,78.47354888916016,391705000
2024-02-28,77.39567023328642,78.70487140466068,76.90209811291284,77.43854522705078,393110000
2024-02-29,78.8654237167532,79.75883042270817,78.1235705564048,78.88336944580078,507289000
2024-03-01,79.76880094187264,82.06215701188974,79.20543135087004,82.04121398925781,479135000
2024-03-04,83.88685110747949,87.44155024884783,83.47704345209779,84.99065399169922,615616000
2024-03-05,85.02755456111447,85.85220668028344,83.17982622827054,85.7195816040039,520639000
2024-03-06,87.7717411927185,89.46889796984821,86.78255724053227,88.44780731201172,582520000
2024-03-07,89.90166281939615,92.50324615104638,89.34724386412462,92.40552520751953,608119000
2024-03-08,94.86750020038097,97.12306982330983,86.26003928547323,87.27913665771484,1142269000
2024-03-11,86.18325727083518,88.54452056286361,83.92669117198699,85.53012084960938,678364000
2024-03-12,87.79865287127926,91.69852817689657,85.90505025020566,91.65166473388672,668075000
2024-03-13,90.79609497778392,91.2438157981286,88.18354193376186,90.62957000732422,635713000
2024-03-14,89.32231468480107,90.3882755061813,86.35377401546849,87.69395446777344,602318000
2024-03-15,86.68283850567245,89.29139794365639,86.01175546714047,87.5872573852539,642086000
2024-03-18,90.1310170191019,92.142280752263,86.83740642773378,88.2035140991211,668976000
2024-03-19,86.45348714580204,90.28655945618765,84.76829741224358,89.1438217163086,672171000
2024-03-20,89.54169673653816,90.15296049959244,87.97217424482159,90.11506652832031,479063000
2024-03-21,92.03756431354115,92.38457441104313,90.14794815065484,91.17501831054688,480372000
2024-03-22,90.88186017417289,94.50852022791372,90.57573384993215,94.02091217041016,586719000
2024-03-25,93.67389990625729,96.49086455465545,93.24412560987103,94.73188018798828,552136000
2024-03-26,95.57845969689596,96.1009718491892,92.23898306006764,92.29781341552734,513648000
2024-03-27,92.84725495724012,92.97488937266765,88.8695984293379,89.99339294433594,586067000
2024-03-28,89.74410760252643,91.04041442208826,88.93940289555813,90.0990982055664,435212000
2024-04-01,90.04226569169144,91.96278458075767,88.95037777581965,90.1060791015625,452441000
2024-04-02,88.19652672274349,89.83785060298682,87.37088554101891,89.19767761230469,433064000
2024-04-03,88.23241336254476,90.11703889051455,88.14865256608842,88.71104431152344,370067000
2024-04-04,90.1489453998678,90.3763015666953,85.63581327474101,85.6607437133789,434965000
2024-04-05,86.61901544259366,88.22942906906539,85.68169327218381,87.75777435302734,399678000
2024-04-08,88.44778434677862,88.57741956926614,86.48538552016859,86.88524627685547,283220000
2024-04-09,87.19338119556187,87.38583323801888,82.78595022062588,85.11131286621094,501700000
2024-04-10,83.68737890315158,87.15150043777531,83.47099303047223,86.7915267944336,431929000
2024-04-11,87.17143320524475,90.48099639616545,86.6788421374309,90.35834503173828,431637000
2024-04-12,89.44397103875566,89.91862324437524,87.28113907907206,87.93527221679688,426805000
2024-04-15,88.84465613304712,90.35534773623158,85.68466822355283,85.75646209716797,443077000
2024-04-16,86.18724040676238,87.86744694735988,85.81929391974823,87.16645050048828,370453000
2024-04-17,88.08882656112145,88.52259493497695,83.7113088922385,83.79607391357422,495400000
2024-04-18,84.7283978612392,85.94493013538192,82.167698910902,84.43024444580078,447260000
2024-04-19,82.91358934859076,84.08424741361141,75.3910397359179,75.98334503173828,875198000
2024-04-22,77.88192715774476,79.8453305652036,76.18277728835372,79.29190826416016,596341000
2024-04-23,80.53935534918725,82.53366896329221,80.03579390039872,82.18865203857422,438559000
2024-04-24,83.71130021339918,83.84292866853282,78.95785602564062,79.45045471191406,512208000
2024-04-25,78.64376576074403,83.08610152779464,78.00060291462616,82.3970718383789,424641000
2024-04-26,83.57968703669025,88.07985603184983,83.1499127117647,87.48554992675781,551011000
2024-04-29,87.34595010949796,87.74181691165053,85.02356957538234,87.50749206542969,388971000
2024-04-30,86.99194868469957,88.5664614931565,86.05462655663052,86.15633392333984,363709000
2024-05-01,84.83509991070004,85.75547203094351,81.02396098069623,82.80488586425781,559863000
2024-05-02,84.20889135183461,85.99180970266082,82.96344197206183,85.57300567626953,377898000
2024-05-03,87.53940321936913,89.02715799782622,86.79253219903528,88.53656005859375,398341000
2024-05-06,89.13583280876144,91.9577879691123,88.80178624215971,91.87801361083984,376203000
2024-05-07,90.83898366205493,91.52004037192769,88.75791956813879,90.2965316772461,437342000
2024-05-08,89.22857828050421,90.93471200217493,89.16575387590268,90.15493774414062,325721000
2024-05-09,90.27159797496299,90.81305333122494,87.9801353538175,88.49466705322266,378013000
2024-05-10,90.04823965753017,91.14112411341107,88.973301771079,89.62245178222656,335325000
2024-05-13,90.22073791617511,90.73926364427145,88.2772820639822,90.1419677734375,289680000
2024-05-14,89.34425178727211,91.39041950305226,88.68114159761363,91.09626007080078,296507000
2024-05-15,92.20907765380471,94.59228164011105,91.3385587292716,94.3609390258789,417735000
2024-05-16,94.64014935721045,95.54656142094716,93.83543705567772,94.09071350097656,323952000
2024-05-17,94.10066675405972,94.47060640563514,91.54495106789888,92.21603393554688,359691000
2024-05-20,93.48343554827802,94.92930964167746,93.17431942252952,94.51050567626953,318764000
2024-05-21,93.33287775310836,95.12875963376091,92.9150703346718,95.11479949951172,328946000
2024-05-22,95.18758628884531,95.74698824605449,92.98387077371804,94.6800308227539,548648000
2024-05-23,101.73790743867507,106.01770397120008,101.23134859062449,103.50387573242188,835065000
2024-05-24,104.15202177987621,106.17226230771774,102.70714415978955,106.1662826538086,429494000
2024-05-28,109.93055601288341,114.61220681929554,109.57058235224117,113.57715606689453,652728000
2024-05-29,112.72858027740573,115.16363093573716,110.58568822600918,114.49852752685547,557442000
2024-05-30,114.32402359196342,115.4896985615827,109.35120333690087,110.18582153320312,484553000
2024-05-31,112.20006619281486,112.39651226649593,106.6359377048998,109.32128143310547,613263000
2024-06-03,113.29793498606988,114.67301177978516,111.68453173387806,114.67301177978516,438392000
2024-06-04,115.3869834998919,116.2684650577176,113.72072948659991,116.10592651367188,403324000
2024-06-05,118.03444954327455,122.10085027973177,117.13401707628022,122.09188079833984,528402000
2024-06-06,123.69529221491227,125.22991785379394,117.98358173920542,120.65396881103516,664696000
2024-06-07,119.42947108598517,121.34601121410144,117.6864474461413,120.54429626464844,412386000
2024-06-10,120.02775723865274,122.74999082651334,116.6773100476689,121.44371795654297,313434100
2024-06-11,121.43375200225071,122.53072064853247,118.41211998717576,120.57613372802734,222551200
2024-06-12,122.72018841720352,126.52963983604721,122.23154359875069,124.85427856445312,299595000
2024-06-13,129.0327119863157,129.4415834964467,126.80887399420205,129.25210571289062,260704500
2024-06-14,129.60112719578945,132.47316384016574,127.9656566008486,131.5158233642578,309320400
2024-06-17,132.62276062148734,133.36070741193845,129.22217350427294,130.61830139160156,288504400
2024-06-18,130.77785557314107,135.9535257947779,130.32910129390157,135.20559692382812,294335100
2024-06-20,139.41396587386305,140.3713064535189,129.16235380151105,130.4188690185547,517768400
2024-06-21,126.76895845107623,130.26926764992066,123.95674623882601,126.22047424316406,649445800
2024-06-24,122.89967494041525,124.11630717061917,117.71403760101381,117.78384399414062,476060900
2024-06-25,120.86532476106613,126.1506927991438,118.99051878494626,125.7418212890625,414192600
2024-06-26,125.78169805160451,127.7662006748868,122.26144711805412,126.05095672607422,362975900
2024-06-27,123.75731038151326,126.06093675176166,122.58056851355609,123.64761352539062,252571700
2024-06-28,124.23599694106169,127.35735127952529,122.41104832536521,123.19886779785156,315516700
2024-07-01,123.12906191428952,124.49527404629498,118.50187501478464,123.95677185058594,284885500
2024-07-02,120.79551981451768,123.0692304193492,120.69579746715523,122.33126831054688,218374000
2024-07-03,121.32405858482768,127.92577362060547,121.02488394458864,127.92577362060547,215749000
2024-07-05,127.02826704555636,128.49421680843818,125.33296424312091,125.48255157470703,214176700
2024-07-08,127.13796209423431,130.40891148198673,126.68920771422978,127.84600067138672,237677300
2024-07-09,129.99007251430768,133.45049207075732,128.29475452643044,131.01722717285156,285366600
2024-07-10,133.6599006676726,134.72695337207693,132.0543457649315,134.5374755859375,248978600
2024-07-11,135.37514352274295,135.7740328866088,126.69917051710233,127.04820251464844,374782700
2024-07-12,127.90582806874107,131.5557253023775,126.86870653322082,128.8831329345703,252680500
2024-07-15,130.19946809344353,131.02717795052595,126.828804392605,128.0853271484375,208326200
2024-07-16,128.0853361228611,128.68367018979245,124.23599428065054,126.01107788085938,214769500
2024-07-17,121.01489915039261,121.51351843622722,116.39768730256174,117.66417694091797,390086200
2024-07-18,121.51351868069985,122.062002939552,116.23812571295703,120.755615234375,320979500
2024-07-19,120.01767057688257,121.26421889531369,117.04590364640599,117.60435485839844,217223800
2024-07-22,120.01767396475167,123.72740308245356,119.52902914046476,123.19886779785156,258068900
2024-07-23,122.44094259462439,124.3456717937852,121.76282010596059,122.25146484375,173911000
2024-07-24,118.84092133007209,119.6187662154648,113.1267484514862,113.93450927734375,327776900
2024-07-25,112.72785127466838,116.30793416547407,106.00646529957123,111.9699478149414,460067000
2024-07-26,115.8691646723326,115.87913158113766,111.27189374853045,112.747802734375,293399100
2024-07-29,113.3760676606231,115.95891218291776,110.99266783046404,111.2818603515625,248152100
2024-07-30,111.21203931839821,111.68074265241845,102.25684143468115,103.44355773925781,486833300
2024-07-31,112.58823561538453,118.01320824039244,110.57380945153913,116.69685363769531,473174200
2024-08-01,117.20544905631927,119.82819139029307,106.51505026446524,108.9084243774414,523462300
2024-08-02,103.47348325737674,108.41978599115991,101.09008352011347,106.97378540039062,482027500
2024-08-05,91.80579073756999,103.12445587816262,90.43957861096249,100.17262268066406,552842400
2024-08-06,103.55325619325184,107.41257244920943,100.27234777984627,103.96212768554688,409012100
2024-08-07,107.51229690555586,108.4995686514933,98.41748524596572,98.63687896728516,411440400
2024-08-08,101.71833034514779,105.20866520993226,97.25069837056012,104.68013000488281,391910000
2024-08-09,105.34829623370402,106.30564447792429,103.14439960768745,104.46075439453125,290844200
2024-08-12,106.02640719898284,110.76329052893722,105.96657531790058,108.71894836425781,325559900
2024-08-13,112.1295177782614,115.90905322658823,111.27189191883488,115.81929779052734,312646700
2024-08-14,118.2026834397928,118.27248983356148,113.75500044516707,117.7539291381836,339246400
2024-08-15,118.43206727440648,122.89969228155606,117.1456284695593,122.52074432373047,318086700
2024-08-16,121.60327554530542,124.6548231821397,120.84537209002657,124.2359848022461,302589900
2024-08-19,123.93680096772643,129.64100646972656,123.07917523933753,129.64100646972656,318333600
2024-08-20,128.0454312895895,129.52135538667704,125.54236785937302,126.89861297607422,300087400
2024-08-21,126.96843015643721,128.99283109530663,126.31025657503493,128.14517211914062,257883600
2024-08-22,129.66096486520394,130.3889447703718,122.7600680862335,123.39830017089844,376189100
2024-08-23,125.51243939894613,129.24211690201355,124.87420736161047,129.0127410888672,323230300
2024-08-26,129.21222218734667,130.8975427630235,124.0265765218376,126.11080169677734,331964700
2024-08-27,124.70469137157046,128.843225521312,123.5379164141598,127.94571685791016,303134600
2024-08-28,127.7662011587005,127.97562795444843,122.30133803695934,125.26313781738281,448101100
2024-08-29,121.02487540717718,124.08639756190335,116.38771446055243,117.2652816772461,453023300
2024-08-30,119.19992897597831,121.41379989153823,116.89631023816276,119.04037475585938,333751600
2024-09-03,115.68965014821475,115.8890948214911,106.99372848681783,107.70176696777344,477155100
2024-09-04,105.11891601969701,112.9572037853356,103.83247741620994,105.91670227050781,372470300
2024-09-05,104.70008464878364,109.34722045042044,104.47072401794104,106.91395568847656,306850700
2024-09-06,107.74166341909986,107.85136027800363,100.67123751563678,102.54605102539062,413638100
2024-09-09,104.59038905946406,106.25578342210773,103.40368021481835,106.1760025024414,273912000
2024-09-10,107.51228306871653,109.09789628161208,104.660180275284,107.80148315429688,268283700
2024-09-11,109.0879346022382,116.86639906475774,107.12337325723898,116.58717346191406,441422400
2024-09-12,116.52732649632485,120.46676065848584,115.07123444451854,118.82117462158203,366052700
2024-09-13,118.76133738659651,119.6389797203674,117.28529459768677,118.78128051757812,238358300
2024-09-16,116.47746652004345,117.8637462195167,114.05396898625607,116.46749114990234,248772300
2024-09-17,117.85376774830212,118.48208669803358,114.52270945275087,115.28067016601562,231925900
2024-09-18,115.57986510061662,117.38501890816246,112.917012138231,113.06661224365234,310318900
2024-09-19,117.03596036023049,119.3397837869768,116.93622949013678,117.55457305908203,293506400
2024-09-20,116.74673611998301,118.30256661567998,115.08120699289479,115.6895751953125,382462400
2024-09-23,116.23810791147417,116.67692526968904,114.55262802291854,115.94888305664062,206228500
2024-09-24,116.20818908018337,121.47406618937484,115.07124032940908,120.54655456542969,354966800
2024-09-25,121.69347090011009,124.60566275738313,121.28457201755812,123.17948913574219,284692900
2024-09-26,126.46067739619816,127.32834434574869,121.47405774507013,123.70806121826172,302582900
2024-09-27,123.63824105329503,123.69807805046355,118.9408465511356,121.07511901855469,271009200
2024-09-30,117.99339940741461,121.1748653861715,117.83383152489164,121.11502838134766,226553700
2024-10-01,121.44413691318621,122.11234975829879,115.48014381228901,116.68690490722656,302094500
2024-10-02,116.12840510154699,119.06053238913914,114.831880901423,118.53195190429688,221845900
2024-10-03,120.59641230247804,124.0272091849403,120.01796257527629,122.52124786376953,277118000
2024-10-04,124.6056517279934,124.70538259718006,121.50397375972977,124.58570098876953,243678100
2024-10-07,124.65551433206126,130.29039598837593,124.61562046227938,127.37821197509766,346250200
2024-10-08,129.9114112143918,133.1227955252644,129.07366275536995,132.5343780517578,285722500
2024-10-09,133.75111306364067,134.16001952786942,131.02842299164354,132.29501342773438,246191600
2024-10-10,131.55701568457982,134.6387432670493,130.64944717024784,134.44924926757812,242311300
2024-10-11,133.65139075503694,135.41665858843493,133.3023364675461,134.4392852783203,170209500
2024-10-14,136.10479144805439,139.22642006970023,135.9352482142016,137.7005157470703,232347700
2024-10-15,137.5010592255131,138.19919822128062,128.3955011745818,131.2478485107422,377831000
2024-10-16,133.62146232310147,136.25439701653355,131.22789086287455,135.3568115234375,264879700
2024-10-17,138.9670915546059,140.51294645387844,136.50370060585718,136.56353759765625,306435900
2024-10-18,138.2989120156457,138.52829226592988,136.9126323168706,137.63070678710938,176090200
2024-10-21,137.76035501280404,143.32542419433594,137.63069803621275,143.32542419433594,264554500
2024-10-22,142.5275764963188,144.0335302578968,141.400595506541,143.20574951171875,226311600
2024-10-23,141.64993025905358,142.04885378245024,137.09216737152124,139.18653869628906,285930000
2024-10-24,140.4431777464081,140.97175826689335,138.08949241788707,140.03427124023438,172354900
2024-10-25,140.55285615055817,143.74430494634163,140.4232143860229,141.16122436523438,205122100
2024-10-28,142.6173258267159,142.7569505719539,139.67522319765803,140.1439666748047,173586700
2024-10-29,139.91455642525435,141.87928563006452,138.5282768804448,140.8719940185547,157593600
2024-10-30,139.16657905851807,139.9544735111022,136.4438889013892,138.9671173095703,179418100
2024-10-31,137.2317836775648,137.24175143875112,131.756469630996,132.40472412109375,270039600
2024-11-01,134.3395349599235,136.94255111570317,134.2098931927627,135.03765869140625,207127800
2024-11-04,136.84284318415706,138.5881603174159,135.2072323079928,135.68594360351562,187528200
2024-11-05,137.0821601293647,139.99434394500742,136.9624861371184,139.53558349609375,160537400
2024-11-06,142.57743460752744,146.09798683530676,141.58011068537002,145.2203369140625,242043900
2024-11-07,145.9982557303204,148.53145192465237,145.77884323892675,148.48159790039062,207323300
2024-11-08,148.3718575159869,149.3691812590464,145.8685651814179,147.2349090576172,175665800
2024-11-11,148.28213868247923,148.45169716990912,143.18582718199275,144.8712921142578,182325600
2024-11-12,146.3871892091523,149.2495037052901,145.61924560605905,147.8931427001953,198634700
2024-11-13,148.67108050956173,148.93037924410717,145.5095503668412,145.87857055664062,191903300
2024-11-14,147.24492912817362,148.60129050932605,145.16052541696345,146.36727905273438,194463300
2024-11-15,144.4823175216733,144.85133773586546,139.70514243904907,141.6000518798828,250132900
2024-11-18,139.1266784396513,141.1711953957962,136.7829612819808,139.77493286132812,221205300
2024-11-19,140.94181709193657,146.7362663614533,140.61269838756368,146.6165771484375,227834900
2024-11-20,147.0155246522584,147.16511715506326,142.34804073132528,145.4995880126953,309871700
2024-11-21,148.95033233522298,152.48085228758558,140.3234713661803,146.27749633789062,400946600
2024-11-22,145.53949007763015,146.7662096056562,140.72242834878378,141.5701446533203,236406200
2024-11-25,141.610046895497,141.66988390343687,135.45655935237875,135.65602111816406,344941900
2024-11-26,137.3314849591695,138.9272091349814,135.30691885165587,136.55357360839844,190287700
2024-11-27,134.64869500572706,136.85278753282546,131.44729379106425,134.97781372070312,226370900
2024-11-29,136.41398308030372,138.97711320730366,135.6859407808891,137.8800506591797,141863200
2024-12-02,138.45847968192444,140.07413953973298,137.45118801543165,138.25901794433594,171682800
2024-12-03,137.89001081273594,140.16390831614373,137.58084280749418,139.88465881347656,164414000
2024-12-04,141.61997562000002,145.3998260198739,139.91454527402882,144.75157165527344,231224300
2024-12-05,144.73165063129176,146.1579148411047,143.57467148409813,144.68177795410156,172621200
2024-12-06,144.2229906612707,145.3201135010368,140.94156015213164,142.06861877441406,188505600
2024-12-09,138.60766082087318,139.58510137793925,136.77246195727844,138.4480743408203,189308600
2024-12-10,138.64753308216282,141.4502189353748,133.44114274667672,134.7178192138672,210020900
2024-12-11,137.00184953896905,139.8045203384501,134.85746151474785,138.94676208496094,184905200
2024-12-12,136.72260169557995,138.0790564611993,135.445940177233,136.98191833496094,159211400
2024-12-13,138.57773734651352,139.2360201486468,132.19441524956173,133.89996337890625,231514900
2024-12-16,133.83011579862796,134.0495433619733,130.07992554881972,131.6558074951172,237951100
2024-12-17,128.75342001528475,131.24690176576593,126.5292385551769,130.05003356933594,259410300
2024-12-18,133.51098920213212,136.3435808551527,127.94553603601128,128.5738983154297,277444500
2024-12-19,131.41643441707996,133.6805197239663,129.21220544602065,130.33924865722656,209719200
2024-12-20,129.4715507103484,134.92729028165732,127.88569988712847,134.3488006591797,306528600
2024-12-23,135.9246564899382,139.42549888718457,134.76767747092137,139.30581665039062,176053500
2024-12-24,139.63497303105362,141.53001300601622,138.28848684636677,139.85440063476562,105157000
2024-12-26,139.3357437329122,140.482754358897,137.37087908554133,139.5651397705078,116205600
2024-12-27,138.18876430649956,138.65754010210347,134.3587799168467,136.65277099609375,170582600
2024-12-30,134.47843254273522,139.90425017541338,133.67054705312722,137.13150024414062,167734700
2024-12-31,137.67011945974758,137.71002369221526,133.48107297196478,133.9398651123047,155659200
2025-01-02,135.64539681236818,138.51789243847597,134.27897378808947,137.94937133789062,198247200
2025-01-03,139.6449446721197,144.52219430432945,139.36567593719187,144.09332275390625,229322500
2025-01-06,148.2025685915748,151.7632676182901,147.43458721714921,149.04037475585938,265377400
2025-01-07,152.63098706400407,152.73073241075815,139.6449312609891,139.77459716796875,351782200
2025-01-08,142.20825109505992,143.57467420574872,137.20133554653654,139.74468994140625,227349900
2025-01-10,137.09161147098868,139.55517244006612,133.870037595658,135.55563354492188,207602500
2025-01-13,129.65110157142192,133.1419765335269,129.17234204750528,132.8826446533203,204808900
2025-01-14,135.69526562735138,136.02440701006375,129.71091005586072,131.41644287109375,195590500
2025-01-15,133.30152233922777,136.094224818832,130.9476750631476,135.88478088378906,185217300
2025-01-16,138.27852927433761,138.38824308482273,133.14196273572836,133.2217559814453,209235600
2025-01-17,136.33360735729912,138.13888566634566,135.10681862678206,137.3509521484375,201188800
2025-01-21,138.79717036536638,141.4602070208564,136.7325601923546,140.4628143310547,197749000
2025-01-22,144.2828188497205,147.4046473751733,143.29539468537405,146.68653869628906,237651400
2025-01-23,144.67181084027297,146.8461195709751,143.34527675360425,146.83615112304688,155915500
2025-01-24,147.98313043457708,148.58157206293976,141.5100624088345,142.2481231689453,234657600
2025-01-27,124.47460659166907,128.06521102414737,116.39571998533557,118.11123657226562,818830900
2025-01-28,121.49239920882492,128.66365497133788,115.94689837533355,128.6536865234375,579666400
2025-01-29,126.17017448185184,126.55915701971556,119.7369947161038,123.37747192382812,467120600
2025-01-30,122.77903527699785,124.67408285834512,117.79207196266405,124.32499694824219,392925500
2025-01-31,123.45726093608867,127.51664871512425,118.8792323275003,119.7569351196289,388161100
2025-02-03,114.45080376447106,118.26084328911304,112.71534272693829,116.35582733154297,371235700
2025-02-04,116.65503370463425,120.88397605738155,116.39570950659508,118.34062957763672,256550000
2025-02-05,121.44253659311748,124.67408679210826,120.44514389878061,124.50453186035156,262230800
2025-02-06,127.08777312720079,128.43425932928383,124.88353622330139,128.344482421875,251483600
2025-02-07,128.88307105233656,130.03006643749526,124.67407312607986,129.50144958496094,228186300
2025-02-10,129.75081827828257,134.64802029874645,129.6211675706223,133.2217559814453,216989100
2025-02-11,132.23432300379022,134.12936300336048,130.67839286199495,132.45375061035156,178902400
2025-02-12,129.68102059860516,131.89523390864048,128.74346889916592,130.798095703125,160278600
2025-02-13,131.21697039655388,136.14409236479662,130.82798788427175,134.93724060058594,197430000
2025-02-14,136.1241301373402,138.88691174540978,135.14668970558725,138.4879608154297,195479600
2025-02-18,140.90167961185236,143.06602007700403,137.57037622357197,139.0365447998047,219176600
2025-02-19,139.1462426003846,140.99142508356047,136.86222013681927,138.86697387695312,167536000
2025-02-20,139.6648967001902,140.29325896288867,136.43333891646114,139.74468994140625,143903600
2025-02-21,139.67487215272783,141.09118323158302,133.68054728393315,134.07949829101562,228217600
2025-02-24,136.20394796569565,138.22865397806314,129.74084737496105,129.94032287597656,251381100
2025-02-25,129.6410992372649,129.8605268493821,124.11555036059914,126.29983520507812,271428700
2025-02-26,129.6510686159171,133.38130717279842,128.15497972672858,130.9376983642578,322553800
2025-02-27,134.64801060127058,134.6579790491402,119.69709659183455,119.83673095703125,443175800
2025-02-28,117.71228067710521,124.76384661623277,116.09650940652436,124.59429168701172,389091100
2025-03-03,123.18796891235903,123.37746834229016,111.98724605192426,113.76260375976562,411381400
2025-03-04,110.36150296756519,118.9989197292815,109.82291000037466,115.68757629394531,398163300
2025-03-05,117.27342459632162,117.971596377653,114.2114295961939,116.99415588378906,284337900
2025-03-06,113.2339813347161,115.04923557314471,109.93261424409908,110.28170013427734,321181900
2025-03-07,110.95993136050063,113.18412029909872,107.27955007853643,112.39617919921875,341755500
2025-03-10,109.61344966651625,111.5583622176382,105.18502403072868,106.70106506347656,366487400
2025-03-11,106.71103594468934,111.94734728122161,104.49682307629253,108.47642517089844,354865700
2025-03-12,113.83292501602207,116.46628328215824,112.59603885298675,115.44884490966797,323857500
2025-03-13,116.73560262668995,117.46376961532557,113.50375517662202,115.28925323486328,299033100
2025-03-14,118.31162980343127,121.57340056729696,117.85278787516224,121.36392974853516,277593500
2025-03-17,122.43123309193861,122.58085727393843,117.73308248243704,119.22930908203125,255501500
2025-03-18,117.70316017412442,118.7205909220559,114.25186503478537,115.1396255493164,299686900
2025-03-19,116.97497890401499,120.14697923880557,115.38898254172027,117.22434997558594,273426200
2025-03-20,116.2567968934998,119.89760845913878,116.17699632395453,118.2318115234375,248829700
2025-03-21,116.64582513098318,117.6931791575635,115.1296446207881,117.4039077758789,266498500
2025-03-24,119.5784337604655,121.91255134314885,119.03979124138472,121.1045913696289,228452500
2025-03-25,120.24674348347415,120.98487978418257,118.62083909476823,120.38639068603516,167447200
2025-03-26,118.4313220614094,118.5410383402261,112.42646191953317,113.47382354736328,293463300
2025-03-27,111.0698805170997,114.16208047077859,110.38162149260253,111.1496810913086,236902100
2025-03-28,111.20953292547101,112.58606625933987,108.79562251910656,109.39411163330078,229872500
2025-03-31,104.86552901006266,110.68086470981991,103.38925640513808,108.10735321044922,299212700
2025-04-01,108.2470050831867,109.92277920039626,106.20216660392524,109.87290954589844,222614000
2025-04-02,107.0200962834212,111.69830029652357,106.5213541109438,110.14221954345703,220601200
2025-04-03,103.24961220285616,105.36427425680411,101.344413349133,101.54391479492188,338769400
2025-04-04,98.66118836013088,99.87811296890389,91.87829121020437,94.07275390625,532273800
2025-04-07,87.23998007579976,101.49403230771996,86.40209687721266,97.39437103271484,611041300
2025-04-08,103.54885717389794,105.58372634261488,94.2223791915971,96.05775451660156,476243400
2025-04-09,98.64122793388745,114.81044852614636,97.28464859296416,114.04238891601562,612918300
2025-04-10,109.09487535601897,110.58112503277279,98.90058321638736,107.29940032958984,437812400
2025-04-11,108.22706011361765,111.26939065397997,107.20962934859612,110.65094757080078,313417300
2025-04-14,113.82294410726054,114.00249160148302,108.79562187923341,110.4314956665039,264705000
2025-04-15,110.69084593782598,113.33418114021705,110.22202704858428,111.9177474975586,228966900
2025-04-16,104.28700420641553,106.52136728458446,100.19731179816195,104.2271499633789,397016900
2025-04-17,104.18723281096233,104.20718675881294,99.79830794879128,101.23468017578125,292517500
2025-04-21,98.52153569265882,99.18985605733366,94.80092295909544,96.66622161865234,288501100
2025-04-22,98.53150383378456,99.55891150664588,97.03527729423074,98.64122772216797,241004800
2025-04-23,104.25706634151078,104.53636836662163,101.76335533667917,102.45162200927734,247526000
2025-04-24,103.21967869312851,106.27197821529161,102.85060676252529,106.1622543334961,220815000
2025-04-25,106.58121206849437,111.63845793071249,105.46403435389149,110.73075103759766,251064700
2025-04-28,109.4140660423662,110.09235573735528,105.75329251827114,108.45648193359375,207708500
2025-04-29,107.39914041879526,109.92277466025524,107.16972327513623,108.74574279785156,170444300
2025-04-30,104.20719367744803,108.64599609375,103.81817538074749,108.64599609375,235044600
2025-05-01,112.79553450528941,114.6508560442669,111.02001354244473,111.32923126220703,236121500
2025-05-02,113.89278036249011,115.10971266849934,113.08482035383273,114.21197509765625,190194800
2025-05-05,112.62596171602799,114.38152869431376,112.37659062829633,113.5336685180664,133163200
2025-05-06,111.19957134225872,114.4513652140045,110.541227943435,113.25438690185547,158525600
2025-05-07,112.7656187028628,117.38396890879066,111.99755142427854,116.7655258178711,206758800
2025-05-08,117.95253638522973,118.38145500376595,115.55857217968354,117.07475280761719,198428100
2025-05-09,117.05479580716789,117.9325869721132,114.92017974547274,116.35655975341797,132972200
2025-05-12,121.66317455201767,122.69058227539062,119.9774234659773,122.69058227539062,225023300
2025-05-13,124.66559728217729,130.88989748886456,124.1568781333485,129.60313415527344,330430100
2025-05-14,132.86491109788813,135.09928149974084,131.34873063875938,134.99952697753906,281180800
2025-05-15,133.9521641466833,135.9571173935552,132.32627503661865,134.49081420898438,226632600
2025-05-16,135.87733175434735,136.0070096021913,133.1242801768634,135.05938720703125,226542500
2025-05-19,132.0569351401713,135.5281759604627,132.0569351401713,135.22894287109375,193154600
2025-05-20,133.95217650431997,134.24145551049554,132.286379343903,134.04196166992188,161514200
2025-05-21,132.72526966841644,137.0543482410567,130.26148202288624,131.46844482421875,270608700
2025-05-22,131.89735290411087,133.9122755767364,131.21907084385478,132.495849609375,187344000
2025-05-23,129.67296865108418,132.3462194682512,128.8350854296202,130.959716796875,198821300
2025-05-27,133.81252390577552,135.31873506532702,132.9746406768617,135.1591339111328,192953600
2025-05-28,135.68780317037033,136.904735369061,134.45091702175245,134.4708709716797,304021100
2025-05-29,141.8921589021039,143.12904506361895,137.56308016740775,138.83985900878906,369241900
2025-05-30,138.37105052724368,139.26878048564038,132.5856374053386,134.7900848388672,333170900
2025-06-02,135.14917875467413,137.77255260816483,135.05939358324852,137.034423828125,197663100
2025-06-03,138.4308667634816,141.64276735349586,137.60295298700936,140.86473083496094,225578800
2025-06-04,141.83231333868676,142.03180718032695,139.18897047063936,141.56298828125,167120800
2025-06-05,141.81237210270294,143.63777059715719,138.48077746536075,139.6378631591797,231397900
2025-06-06,142.1515008770834,142.9095987862069,141.15401644541944,141.36349487304688,153986200
2025-06-09,142.82978324597119,144.6352274429253,141.58292783698045,142.2711944580078,185114500
2025-06-10,142.3310452201821,143.92701105784593,141.17395971410352,143.5978546142578,155881900
2025-06-11,144.25621966515521,144.63529488552354,141.52291745481477,142.48057556152344,167694000
2025-06-12,141.62269259555393,144.64527893066406,141.50299102868564,144.64527893066406,162365000
2025-06-13,142.13144281545507,143.22875794239724,140.50544068193668,141.62269592285156,180820600
2025-06-16,142.99934115171888,145.8224049680536,142.8496989511086,144.3360595703125,183133700
2025-06-17,144.13653073401778,144.8647406282524,143.42826095310537,143.76742553710938,139108000
2025-06-18,143.65770976302605,145.29369730081095,142.76988753620614,145.12411499023438,161494100
2025-06-20,145.09418472037632,145.84235000620308,142.3010312756641,143.49810791015625,242956200
2025-06-23,142.15140884759998,144.4258301714446,141.6825573691225,143.81732177734375,154308900
2025-06-24,145.20390562225958,147.59804349475166,145.1440548392029,147.53817749023438,187566100
2025-06-25,148.90484638085596,154.07216728635598,148.8948611020321,153.93251037597656,269146500
2025-06-26,155.59842060814296,156.33661581991106,153.6232685600938,154.64077758789062,198145700
2025-06-27,155.65826650868465,158.32174817747665,154.880175871103,157.3640899658203,263234500
2025-06-30,158.01251637488383,158.27189010551226,155.5784978805412,157.60353088378906,194580300
2025-07-01,155.9076636637482,156.81544119896878,151.1194180014287,152.92498779296875,213143600
2025-07-02,152.6057523429847,157.21446053326332,152.59578228626097,156.8653106689453,171224100
2025-07-03,157.98258221790178,160.5861981093371,157.38405910191088,158.95021057128906,143716100
2025-07-07,157.8129946008361,158.92027983286837,156.9550977974466,157.8529052734375,140139000
2025-07-08,158.94022243433284,159.82804456030718,158.0025195823342,159.60858154296875,138133000
2025-07-09,160.8256093227867,164.01777813022636,160.7657585360006,162.48155212402344,183656400
2025-07-10,163.91802564623063,164.0975779997467,161.214648514871,163.6985626220703,167704100
2025-07-11,163.31947923241253,167.47927598463818,163.07009082840767,164.51654052734375,193633300
2025-07-14,164.96543236823985,165.08514914967665,161.62363697338392,163.6686248779297,136975800
2025-07-15,170.771231752154,171.9782632858091,168.7860942767486,170.2824249267578,230627400
2025-07-16,170.64153593048928,171.32985042878116,168.4868162544787,170.95077514648438,158831500
2025-07-17,171.59918390717252,173.7339481189201,170.4120926228971,172.5767822265625,160841100
2025-07-18,173.21520688358655,173.82371518980958,170.8410244393951,171.98822021484375,146456400
2025-07-21,172.32739806402674,172.9558617527255,170.58167912560677,170.96075439453125,123126100
2025-07-22,170.9208374301641,170.97071815657463,164.17738028748298,166.6213836669922,193114300
2025-07-23,169.1152710575868,170.84103463039327,167.55908978070133,170.36221313476562,154082200
2025-07-24,172.01816431437092,173.40476336343244,170.88095369299285,173.3149871826172,128984600
2025-07-25,173.18529303585547,174.29257821699642,172.53688923976992,173.0755615234375,122316800
2025-07-28,173.59427940607588,176.56698483220254,173.5443986824528,176.31759643554688,140023500
2025-07-29,177.52466141853475,178.9411858321479,174.5918511336965,175.0806427001953,154077500
2025-07-30,176.07819353379378,179.4499298230835,175.60934208925488,178.83145141601562,174312200
2025-07-31,182.4525381067453,182.85156865940283,175.49958864932685,177.43484497070312,221685400
2025-08-01,173.6641186818972,176.1081221843386,170.47194991004753,173.29502868652344,204529000
2025-08-04,174.7314908730668,179.75915428060495,174.09305718288007,179.5596466064453,148174600
2025-08-05,179.18060256351626,179.81903636484594,175.4697013365803,177.8239288330078,156407600
2025-08-06,175.898641889325,179.4599006050506,175.81883576850015,178.9810791015625,137192300
2025-08-07,181.12581999654523,183.43016644757114,178.36259217804582,180.32777404785156,151878400
2025-08-08,181.10585596760288,182.85157473717487,179.9586602147226,182.25303649902344,123396700
2025-08-11,181.6046539661726,183.39026839012567,179.80905426349312,181.6146240234375,138323200
2025-08-12,182.51242163652668,184.02869221788941,179.0209838780724,182.71192932128906,145485700
2025-08-13,182.1732462738988,183.51994981646104,178.9112567337155,181.14576721191406,179871700
2025-08-14,179.31025614092474,182.57226061200618,179.02097229994772,181.57470703125,129554000
2025-08-15,181.43506987144983,181.45500998578265,177.6044521364236,180.00856018066406,156602200
2025-08-18,180.15818875593718,182.49246055927404,180.14820347806383,181.56472778320312,132008000
2025-08-19,181.98370991508045,182.0535459787435,175.06070018553257,175.2103271484375,185229200
2025-08-20,174.74146841521826,175.56943975883806,168.38705663117767,174.9709014892578,215142700
2025-08-21,174.42226928848822,176.4672421817212,173.38480492387563,174.55194091796875,140040900
2025-08-22,172.18775194658505,178.15311905934888,170.78119751777692,177.55459594726562,172789400
2025-08-25,177.91369740024777,181.46498591558236,176.13805314258047,179.3701171875,163012800
2025-08-26,179.61950918930867,181.94381103857447,178.37256711704984,181.32533264160156,168688200
2025-08-27,181.53480649120215,182.04356858750407,178.6618623689453,181.15574645996094,235518900
2025-08-28,180.37766708382995,184.01873199506826,175.97845161993425,179.729248046875,281787800
2025-08-29,177.67430043382657,177.71419588670034,172.72642709704877,173.75390625,243257900
2025-09-02,169.58412249632292,171.9583050821389,166.81092453439402,170.36221313476562,231164900
2025-09-03,170.64153226145447,171.9882358353705,168.46687251736884,170.20260620117188,164424900
2025-09-04,170.15273668191406,171.43957421789176,168.99557077235426,171.2400665283203,141670100
2025-09-05,167.61894341349083,168.61649709218636,163.66863936987482,166.61141967773438,224441400
2025-09-08,167.140134281122,170.54179623040895,166.94062657490792,167.8982696533203,163769100
2025-09-09,168.67632677148754,170.56170237945196,166.33208505275803,170.3422393798828,157548400
2025-09-10,176.2078799889887,178.85139113084074,175.04074401948455,176.8961944580078,226852000
2025-09-11,179.2505624618324,179.8491345673521,176.05821341780958,176.74656677246094,151159300
2025-09-12,177.34510547722002,178.1731234709029,176.02825318201792,177.39498901367188,124911000
2025-09-15,175.2501343169162,178.4225418052247,174.0929031464731,177.32516479492188,147061600
2025-09-16,176.5769489507663,177.0757538913052,173.96321593348455,174.46202087402344,140737800
2025-09-17,172.22738513096226,172.78604428027472,168.0074992073941,169.88299560546875,211843800
2025-09-18,173.56417834624654,176.67673180432445,172.54662713675344,175.81878662109375,191763300
2025-09-19,175.34988368438943,177.65435995090164,174.76128231706025,176.2477264404297,237182100
2025-09-22,174.88102184557565,184.10891359634738,174.2924356467209,183.17115783691406,269637000
2025-09-23,181.5350723037516,181.98399370831066,175.78884483629412,178.00352478027344,192559600
2025-09-24,179.34032288959435,179.35029350783142,174.9807575937583,176.54701232910156,143564100
2025-09-25,174.06298508983102,179.82916955782613,172.71622074990066,177.26531982421875,191586700
2025-09-26,177.74415791919978,179.3403398828169,174.51189629291883,177.7641143798828,148573700
2025-09-29,179.99875523700084,183.56023005067578,179.88903275637574,181.41537475585938,193063500
2025-09-30,181.6448190078555,186.90222763381766,181.04624695721463,186.13406372070312,236981000
2025-10-01,184.79726069745416,187.6903232769056,183.46045188172369,186.79248046875,173844900
2025-10-02,189.146847340247,190.59337868298996,187.6105195355423,188.43853759765625,136805800
2025-10-03,188.7378093314507,189.90501102540352,184.93691825112066,187.1715545654297,137596900
2025-10-06,185.0566446584491,186.78250559975277,182.8918329061041,185.09654235839844,157678100
2025-10-07,185.78489078203316,188.6081286768816,183.56022492696124,184.5977325439453,140088000
2025-10-08,186.12408236678675,189.14683908131633,186.09414006589398,188.6580047607422,130168900
2025-10-09,191.77054228398893,194.83321191134357,190.60334055524348,192.1097412109375,182997200
2025-10-10,193.04748211324375,195.15243956582322,181.6148814298513,182.72222900390625,268774400
2025-10-13,187.52073401073042,189.65561858658472,185.51554359294212,187.86990356445312,153482800
2025-10-14,184.3283771191491,184.35830419700528,179.27048784899807,179.59970092773438,205641400
2025-10-15,184.35831474003746,184.42813951825556,176.86625456034105,179.4001922607422,214450500
2025-10-16,181.79445210488134,182.84194556906473,179.34034021746592,181.37545776367188,179723300
2025-10-17,179.74936158304564,183.66000615888444,179.32039659193174,182.7821044921875,173135200
2025-10-20,182.69231029505525,184.75735492260156,181.2956472677441,182.20347595214844,128544700
2025-10-21,182.35309871753384,182.35309871753384,179.37025499304198,180.7270050048828,124240200
2025-10-22,180.7070662621498,183.0015721983185,176.33752979723928,179.84912109375,162249600
2025-10-23,179.988777912505,182.59254038327154,179.3602787988416,181.72462463378906,111363700
2025-10-24,183.40059008116805,187.0219186862977,183.06140638753934,185.81480407714844,131296700
2025-10-27,189.5359184602369,191.54110896467577,187.9796341631504,191.03233337402344,153452700
2025-10-28,192.58860677151606,202.6644582837766,191.45133202040452,200.54953002929688,297986200
2025-10-29,207.482921843539,211.6828666070652,204.29057291407037,206.545166015625,308829600
2025-10-30,204.65966800141675,205.66726375798942,200.9286166610889,202.4050750732422,178864400
2025-10-31,205.95655376605836,207.4729250244422,201.58703290468912,202.0060272216797,179802200
2025-11-03,207.58267267525224,210.83487551397138,205.06869143040765,206.3855438232422,180267300
2025-11-04,202.51481474882632,203.4824975937368,197.4569251230167,198.21511840820312,188919300
2025-11-05,198.29492759193732,202.43500266122365,194.18476438007542,194.74343872070312,171350300
2025-11-06,195.95054108781363,197.1476699621838,185.9345440647224,187.63047790527344,223029800
2025-11-07,184.45808484875374,187.86992448023628,178.48241062826605,187.7003173828125,264942300
2025-11-10,194.6436788693004,199.46213677715232,193.32682642239038,198.5742645263672,198897100
2025-11-11,194.69355355890158,194.9529266552934,190.84277869998112,192.69833374023438,176483300
2025-11-12,195.25223189760408,195.42182377221093,190.67320561625652,193.33682250976562,154935300
2025-11-13,190.59336353184335,190.98243076168436,183.4105757073767,186.4133758544922,207423100
2025-11-14,182.4229582335574,190.55347333374138,180.14840873831534,189.71548461914062,186591900
2025-11-17,185.52550787171305,188.54826454585316,183.8794576828592,186.1540069580078,173628900
2025-11-18,182.94170515591497,184.35830936263392,179.22060933347112,180.92652893066406,213598900
2025-11-19,184.34831228056447,187.41098174033533,182.39300555425,186.07418823242188,247246400
2025-11-20,195.4816571057099,195.53154064523628,179.42014682895694,180.208251953125,343504800
2025-11-21,180.80681345200097,184.11887021564362,172.51666286870193,178.45245361328125,346926200
2025-11-24,179.06102433247585,183.06143495137792,176.05820849098825,182.11370849609375,256618300
2025-11-25,174.49194072660026,177.73417270583553,169.14475137656873,177.39498901367188,320600300
2025-11-26,181.1958831941039,182.4728225932506,177.81398638784032,179.8291473388672,183852000
2025-11-28,178.5821404669205,178.86147001761242,176.07814512953246,176.5769500732422,121332800
2025-12-01,174.3423041351479,179.8690716163194,173.2648835948944,179.48997497558594,188131000
2025-12-02,181.32557695606172,185.2162648499111,179.56978894419797,181.02630615234375,182632200
2025-12-03,180.64719551618873,182.013916155068,178.68190287158453,179.16075134277344,165138000
2025-12-04,181.1960032737075,184.08924235816875,179.53989011299373,182.951904296875,167364900
2025-12-05,183.46070200471706,184.22890867632069,180.48766317737477,181.98416137695312,143971100
2025-12-08,182.21361127014939,187.5610985176648,181.97416608957425,185.1168212890625,204378100
2025-12-09,185.12681175320978,185.28644189022677,182.89205072764324,184.53819274902344,144719700
2025-12-10,184.53817644999398,185.04698034073257,181.61500881382975,183.3509521484375,162785400
2025-12-11,179.85912243695617,180.89670300875093,176.20766331092784,180.50759887695312,182136600
2025-12-12,180.68718311570447,182.39319766595756,174.21232912082112,174.6114044189453,204274900
2025-12-15,177.52459033283526,178.0034654802094,174.6213802569945,175.87843322753906,164775600
2025-12-16,175.8485164107673,178.07332144734244,174.4916907151964,177.30511474609375,148588100
2025-12-17,175.68889685369163,175.71882560019336,169.91240520818417,170.5409393310547,222775500
2025-12-18,174.1225483861358,175.7387615308714,171.41888356310693,173.73345947265625,176096000
2025-12-19,176.2575523358494,181.0263919449467,175.92832091222974,180.56747436523438,324925900
2025-12-22,183.49061294732294,183.73005811636295,181.92428623312026,183.2611541748047,129064400
2025-12-23,182.54285710968043,188.88801027625055,182.47301321780614,188.76829528808594,174873600
2025-12-24,187.50124372172942,188.4689804086018,186.154389299292,188.169677734375,65528500
2025-12-26,189.4766133088049,192.24015076382284,187.56109754364968,190.08518981933594,139740300
2025-12-29,187.2717899684254,188.31932652162573,185.47598909796272,187.7805938720703,120006100
2025-12-30,187.8005508490403,188.5487999407664,186.49359631469858,187.1021728515625,97687300
2025-12-31,189.12746144975497,190.11514057964584,186.0546497967401,186.0646209716797,120100500
2026-01-02,189.3967976648124,192.47958012626398,187.82048449119816,188.40911865234375,148240500
2026-01-05,191.31233377676458,193.1779786425506,185.7154296257417,187.6808319091797,183529700
2026-01-06,190.07522846701318,191.72137039337454,186.3838692947835,186.80288696289062,176862600
2026-01-07,188.1297701943655,190.92322111221242,186.12445301449551,188.6685028076172,153543200
2026-01-08,188.66852284990722,189.10749810453436,183.28113525242415,184.60801696777344,172457000
2026-01-09,184.64792389684447,185.9049768874807,183.2412119543349,184.42843627929688,131327500
2026-01-12,182.79226917353867,186.6831584288149,182.59273912358015,184.5082550048828,137968500
2026-01-13,184.5681140987238,187.6708543554723,182.97184323887342,185.376220703125,160128900
2026-01-14,183.88970125566945,184.02937380837906,180.37791464347094,182.7124481201172,159586100
2026-01-15,186.06460797964908,189.25713440169068,185.895006678512,186.6133270263672,206188600
2026-01-16,188.63857958929228,189.99540517049002,185.6455833269296,185.79522705078125,187967200
2026-01-20,181.47532662721457,181.95421697054311,177.19534884297914,177.65428161621094,223345300
2026-01-21,178.6320081827799,184.94723253133864,177.9835164834521,182.8920440673828,200381000
2026-01-22,184.31869154642928,185.7353746560278,183.5005985718231,184.40847778320312,139636600
2026-01-23,187.06227125943187,189.15737478680413,186.38386606278428,187.23187255859375,142748100
2026-01-26,186.7230748442759,188.6784906596197,185.55580805974404,186.03468322753906,124799600
2026-01-27,186.80288446054914,189.55643562401056,185.2664711415707,188.07989501953125,143711600
2026-01-28,190.82347487286611,191.9009553855833,189.3968053634026,191.07289123535156,148552700
2026-01-29,190.8932954336949,193.02829879699948,185.625623299501,192.06056213378906,171764400
2026-01-30,190.7636071727618,194.03594845559672,189.0276639024229,190.6837921142578,179489500
2026-02-02,186.7629812920276,189.8557504766133,184.4484052141589,185.17669677734375,165794100
2026-02-03,185.8052108647954,185.8351396091497,175.81857039871747,179.91897583007812,204019600
2026-02-04,179.04104143486663,179.16075641282603,171.50866453387607,173.78334045410156,207014100
2026-02-05,174.5215964583249,176.40719862825284,170.6307075914073,171.47872924804688,206312900
2026-02-06,176.277498975506,186.56342663955238,174.1923819783884,184.97714233398438,231346200
2026-02-09,183.8298238555102,193.20788788877485,183.5205500126207,189.59632873535156,196387400
2026-02-10,190.93321971968697,192.0306425866914,187.6808205923615,188.09983825683594,136764800
2026-02-11,192.0007297023972,192.80883635229745,188.32932783046314,189.60633850097656,144192700
2026-02-12,192.5793648877844,193.1580126884611,186.07458174632154,186.5035858154297,189932500
2026-02-13,187.04232046551596,187.0622780376601,181.16607138035295,182.3832244873047,161888000
2026-02-17,181.32570855160378,186.71309627900055,178.7617008539599,184.53819274902344,162276900
2026-02-18,188.3093443160685,189.92555739322245,186.3239846890322,187.5411376953125,164749100
2026-02-19,186.62329889395997,187.9900957055448,185.22657333636724,187.46133422851562,126554500
2026-02-20,186.13444888465776,189.88566546751952,185.5059147845697,189.37686157226562,178422300
2026-02-23,190.9531700210539,193.49722008283115,189.13742673270812,191.1028289794922,171584800
2026-02-24,191.04296985904048,193.31764595479845,186.96250644177093,192.39979553222656,175123600
2026-02-25,193.9960453222018,197.16862939564908,193.33758246616242,195.10345458984375,250637100
2026-02-26,193.81648130196652,193.83642365132246,183.8897126034445,184.4583740234375,360807900
2026-02-27,180.82687141264745,182.16373952566906,175.96824531148394,176.77635192871094,311636500
2026-03-02,174.6014235260267,183.03170868955394,174.23229218389588,182.05398559570312,209095300
2026-03-03,178.07331350693755,180.4776756968921,176.50697142699124,179.62966918945312,178099400
2026-03-04,180.01876499488523,184.26881453838726,179.63964723402094,182.61268615722656,177731200
2026-03-05,180.74705501791135,183.6303076754259,177.4647422536165,182.9119873046875,198779700
2026-03-06,179.42013451476103,182.33331553635475,176.40719609116329,177.4048614501953,189021900
2026-03-09,176.4171820751478,182.48298979408452,175.1501427003192,182.2235870361328,177213600
2026-03-10,181.97417604353973,186.00475307627937,181.5850871183009,184.33865356445312,179118500
2026-03-11,185.4860219488843,187.1921136401388,184.02934488988058,185.60574340820312,145280400
2026-03-12,183.63026415055788,184.5182338343672,181.3355064165816,182.7223358154297,155762700
2026-03-13,184.49829181300376,185.66562182453413,179.52965286608148,179.8389434814453,160988400
2026-03-16,182.55272468439094,188.44925014875608,180.99628481489137,182.80215454101562,217307400
2026-03-17,184.63797319169822,184.9771941770484,181.2656763194747,181.51510620117188,182497800
2026-03-18,182.06384475172882,182.96180140975886,179.91875397930713,179.98858642578125,156683100
2026-03-19,177.6040222894031,179.56953069628346,175.3890840362079,178.15277099609375,170968500
2026-03-20,177.59406866914642,177.85347025510498,171.32839150930033,172.30615234375,241323500
2026-03-23,176.85574153065542,177.96321071223454,174.36144294367455,175.23944091796875,182836300
2026-03-24,174.4312942297872,175.81812366395545,173.58322660302642,174.80044555664062,147667800
2026-03-25,176.69612335614488,180.8067226806179,176.44669348987364,178.2725067138672,162602100
2026-03-26,175.66847416549638,176.10745794358192,170.74970926821888,170.8494873046875,186152200
2026-03-27,169.61230999497113,170.58009909933227,166.629123297364,167.13796997070312,196212700
2026-03-30,168.3950875250076,169.0635577295173,163.89537828689438,164.79331970214844,185627000
2026-03-31,166.58921042239905,174.22175778800025,166.57923870897636,174.00225830078125,226181300
2026-04-01,175.5986119754623,176.9654826629128,174.35146274268203,175.34918212890625,168132000
2026-04-02,171.78733317216196,177.0852364118599,170.97918282725632,176.98545837402344,143143200
2026-04-06,176.75597747742694,177.3845303646084,175.35916114415525,177.23487854003906,107564300
2026-04-07,175.32922705160684,177.8235255680002,173.26395579650787,177.69383239746094,132534900
2026-04-08,184.079243714486,184.83750503722598,179.8888249511496,181.66476440429688,147732700
2026-04-09,181.42531387192042,183.66021107746678,180.2080948395415,183.4906005859375,116428500
2026-04-10,183.88967366981893,189.56669990817062,183.87970195572368,188.1998291015625,160459500
2026-04-13,185.605746824658,189.2274732756209,185.3164148846483,188.87826538085938,133648200
2026-04-14,190.40477641072036,196.0618438720703,190.33494396561244,196.0618438720703,161307000
2026-04-15,196.09178511161633,199.94298301571828,195.2936216855987,198.41647338867188,185338400
2026-04-16,196.97974400923295,199.39423847906178,195.36344336942167,197.8976593017578,134012900
2026-04-17,199.44410763257105,201.2400056483541,198.8155547450397,201.2200469970703,160324400
2026-04-20,199.52392392325544,201.70893187328167,197.38880498867078,201.59918212890625,119381400
2026-04-21,201.66904795828867,202.28762917830338,198.54618104306965,199.42417907714844,107945300
2026-04-22,200.53164182940822,202.03819274902344,198.54617460274403,202.03819274902344,107501000
2026-04-23,201.99828375930824,203.3651545152774,196.77022843278436,199.18470764160156,113561800
2026-04-24,199.50398270942756,210.46890943516505,199.35431566144254,207.79502868652344,214134400
2026-04-27,209.17187844164343,216.33551207209098,206.90706623150768,216.1160125732422,187172400
2026-04-28,209.01225288404052,214.2402930542568,207.72518626919629,212.68385314941406,180275400
2026-04-29,212.2149257168926,212.23488436877426,207.10660696252424,208.77279663085938,123711800
2026-04-30,209.45122654333912,209.82039307402036,198.24684193288383,199.1148681640625,225239200
2026-05-01,200.82098460367052,202.5370634031337,196.6704677294345,197.9974365234375,128647000
2026-05-04,199.04502180842945,201.2699318245734,194.29588290907526,198.02734375,125368100
2026-05-05,198.84548202478717,199.7833407086998,195.58293528206713,196.05186462402344,113406600
2026-05-06,199.43413852494058,207.7950323152332,198.15705885791613,207.3560333251953,188362800
2026-05-07,207.86487247229027,213.7115092245668,206.02907228582575,211.01766967773438,168307900
2026-05-08,212.5441790763045,217.30330524675068,212.40449895841255,214.709228515625,136421400
2026-05-11,213.55186573785767,221.79303819063418,213.40221390900197,218.93955993652344,160685800
2026-05-12,218.05159434962442,223.23973257586303,214.42986778297353,220.27650451660156,159176600
2026-05-13,224.41703053540263,227.32039781394542,221.0647077692387,225.3149871826172,150405400
2026-05-14,229.32582552778115,236.00055597235212,228.77707677625682,235.202392578125,180782900
2026-05-15,229.23601388526635,230.97205119780003,223.72861351776262,224.80615234375,180977600
2026-05-18,229.34577348371204,229.4754818886306,217.8719993892805,221.81300354003906,146280900
2026-05-19,219.11914008419038,223.96805720569674,217.41304835521052,220.1068878173828,140948200
2026-05-20,222.6710257508039,225.61431038954527,219.9971448577806,222.9603729248047,184201600
2026-05-21,221.78305837384474,226.8814055684356,217.43300079554024,219.0093994140625,203381800
2026-05-22,220.39621757095847,220.50596731800164,214.3101381389001,214.83892822265625,169275700
2026-05-26,216.04617181279934,217.68243116855118,211.5165320236786,214.37001037597656,187202600
2026-05-27,213.63168066177133,213.66161102691768,208.30386252985457,212.1151580810547,167601200
2026-05-28,210.79817024571656,215.0285063161196,210.73830951283205,213.7613983154297,143996000
2026-05-29,214.09065053210412,217.36316924965476,210.64852132770383,210.6584930419922,289410600
2026-06-01,215.23801892090273,224.35717434911126,215.20808855445495,223.8483428955078,212850700
2026-06-02,226.66188583823322,231.75026086454594,220.84519513709748,222.3118438720703,193362900
2026-06-03,221.2143597561905,222.31185725112735,214.02079575535723,214.26025390625,160907000
2026-06-04,213.67091279390368,221.35231998810906,210.73419644348996,218.4156036376953,169022200
2026-06-05,214.2902104723603,214.62982678346356,204.10161444712602,204.87075805664062,219655500
2026-06-08,209.94507132882276,210.23475572682116,205.76975069388217,208.40679931640625,138372800
2026-06-09,210.3845825512031,211.16370951624515,199.11719156565087,207.95730590820312,180962500
2026-06-10,204.20149632565034,206.98838641050182,199.696542748819,200.19598388671875,161746600
2026-06-11,201.26479475008583,205.43013200106668,199.31696212361035,204.64100646972656,158643200
2026-06-12,204.6310298517525,206.83856645475237,203.21261880599855,204.96066284179688,112001800
2026-06-15,208.68648640498938,212.47225882321928,208.10713284720606,212.21253967285156,149936700
2026-06-16,210.94395209283806,211.25361840198772,207.05830064217733,207.1781768798828,125694100
2026-06-17,208.29691745433288,208.9761653200819,202.8530121596522,204.42124938964844,128363500
2026-06-18,207.09826842291386,211.1537281092123,206.26919428756833,210.4545135498047,241272000
2026-06-22,211.2036686200953,213.7508214450341,207.48782537372824,208.41677856445312,122041400
2026-06-23,201.94403040148535,203.54224815949766,199.77645766483005,199.81640625,153496200
2026-06-24,199.89631590195674,201.44458647582786,196.36027935647695,198.77757263183594,151810700
2026-06-25,199.85637045714446,200.5755669254449,191.9152592982058,195.52122497558594,149550000
2026-06-26,192.90414096411192,195.33143282930595,191.0062707295152,192.31480407714844,179304100
2026-06-29,193.63333194293918,195.96071419295149,189.58785574691487,194.7520751953125,148835700
2026-06-30,197.0195429632178,200.4057532237791,194.89191886651452,199.86634826660156,166476700
2026-07-01,195.98069896251877,199.62662840490702,193.23377271109229,197.35916137695312,146147600
2026-07-02,196.9196593659626,199.8363939026278,192.1350197738411,194.61224365234375,142068700
2026-07-06,194.20269428466304,197.32920075051607,193.77318221313826,195.33143615722656,108999000
2026-07-07,192.15498377986222,198.18824142626735,190.92636281467173,196.7098846435547,124154600
2026-07-08,194.9618356993413,204.93069180759116,194.84197470333905,203.891845703125,147419100
2026-07-09,204.23147485952867,204.36131918975943,198.73762239526957,202.5533447265625,132037400
2026-07-10,201.7742207048944,210.7641612313501,201.69430829342895,210.72421264648438,148421000
2026-07-13,208.3069001369788,210.33464515051216,202.77309911383117,203.30250549316406,121411000
2026-07-14,207.96729575339148,212.31243993744155,203.57221964678251,211.5632781982422,124379600
2026-07-15,211.7230919717581,213.57101502024952,205.80969553973085,212.26248168945312,124797200
2026-07-16,209.93509060438328,210.84407715298516,205.61992700554663,207.16818237304688,122986100
2026-07-17,202.41350482950477,206.41901728963356,197.74872640584337,202.58331298828125,144281900
2026-07-20,205.63989694335598,207.50781723343968,202.05391309694542,203.05279541015625,88701500
2026-07-21,207.30802440628602,208.4167843613107,203.78197113093626,207.0583038330078,108685600
2026-07-22,205.57996827489498,214.15038042761168,204.72092886821054,211.82298278808594,137645600
2026-07-23,209.22588688656515,210.63429930291466,205.72979894313582,208.5266571044922,110505300
2026-07-24,207.21812923496972,211.6731509810223,204.5810805834776,206.6088104248047,114836800
2026-07-27,207.96729627325774,208.51668459839084,195.22156333884286,196.2903594970703,154353700
2026-07-28,194.78204700134697,198.47790843456414,192.52457850774027,196.789794921875,134111500
2026-07-29,195.63110696844683,196.84974460884015,189.79762268066406,189.79762268066406,147680800
2026-07-30,193.23377181769484,197.02952748682713,191.3059363552755,194.82199096679688,129010200
2026-07-31,198.2182038580375,201.77422236802423,194.73209918257555,200.52561950683594,139961200
2026-08-03,197.46904862701152,208.50670133078404,196.62999113475112,206.40904235839844,128406900
2026-08-04,211.06382570110384,212.82185300096492,208.8163406042335,211.70310974121094,134922000
2026-08-05,216.6176127852948,221.9716224388697,216.15812022814887,218.9749755859375,158187400
2026-08-06,221.28239358061882,223.38005249670454,216.75745800384053,218.7452392578125,113940600
2026-08-07,221.29237770419127,224.50877992471257,220.41337164588714,223.70968627929688,105669400
2026-08-10,223.15029107269072,223.88946943306019,216.5277120448001,217.3068389892578,115846600
2026-08-11,221.92167541427946,221.9516406634887,215.95834695389817,217.25689697265625,101273100
2026-08-12,220.7929293559802,224.84840415873398,219.95387191061064,223.8395233154297,108783600
2026-08-13,224.80845001468583,226.97602279610956,223.45996804263754,225.04818725585938,98867200
2026-08-14,226.51654155338588,227.23573802273873,224.24907448357243,224.90834045410156,75680900
2026-08-17,225.72741618855906,227.66525027466162,224.60867289832842,224.7584991455078,93678700
2026-08-18,220.20359791537197,221.39227027986857,218.44557057093272,219.49440002441406,103128200
2026-08-19,221.4222404106533,222.62089613745684,216.51772459764655,217.31683349609375,96797300
2026-08-20,218.1159423024499,219.6142657707553,215.41896310784705,216.60763549804688,92457000
2026-08-21,218.17587248780362,218.49552214328025,214.26025565862156,214.48001098632812,98869300
2026-08-24,215.28910206110334,215.34903256074918,207.01835779182306,208.24697875976562,135187300
2026-08-25,210.79412790131315,214.48998931653267,209.87515802586688,212.81187438964844,122309000
2026-08-26,212.40232405945306,213.3612577394914,208.99613188036045,209.4256591796875,179900000
2026-08-27,222.61090164325523,230.21239627098788,220.6530857022795,227.7251739501953,298909800
2026-08-28,227.10587153371227,229.00374173344596,216.56766062888835,217.3068389892578,195116400
2026-08-31,218.62536478578363,221.05265670783686,215.96834944345454,220.53323364257812,124702700
2026-09-01,216.50774446342592,220.1636574397174,214.8595947199138,217.1969757080078,109756200
2026-09-02,218.5454508199983,227.6952163087265,218.23579974693772,224.1591796875,157104700
2026-09-03,225.76737972053164,230.14247379152744,224.49879494304554,228.1946563720703,134681600
2026-09-04,230.83170360414334,234.49759976142684,229.37334400327853,230.10252380371094,135352400
2026-09-08,232.84944771666764,233.44878317831424,224.59868561283858,225.47769165039062,122965600
2026-09-09,225.0281992525124,225.92718720955042,223.21024142511232,223.4199981689453,82955500
2026-09-10,220.52999877929688,220.99000549316406,217.1999969482422,218.36000061035156,105768000
2026-09-11,221.24000549316406,222.0,218.14999389648438,218.2899932861328,89060100
2026-09-14,211.24000549316406,212.77000427246094,208.92999267578125,210.9600067138672,132267200
2026-09-15,213.3800048828125,213.94000244140625,211.16000366210938,212.1699981689453,88059700
2026-09-16,214.13999938964844,216.75999450683594,212.5,213.89999389648438,96563600
2026-09-17,218.3800048828125,219.91000366210938,217.14999389648438,219.33999633789062,94191300
2026-09-18,219.35000610351562,222.72999572753906,218.02999877929688,222.27000427246094,189683500
