date,open,high,low,close,volume
2016-09-19,1.55783524621886,1.6010130716794968,1.5507207706688326,1.562005877494812,417128000.0
2016-09-20,1.5799152127554779,1.5799152127554779,1.539190717692266,1.5477771759033203,331112000.0
2016-09-21,1.5524384582421846,1.594144313722449,1.5521931475718582,1.591200351715088,336212000.0
2016-09-22,1.6005227390521541,1.6054293030358977,1.5860483577528532,1.595125436782837,308732000.0
2016-09-23,1.5970882378797058,1.601749374468886,1.5862937497691125,1.593408226966858,276132000.0
2016-09-26,1.5752543729745203,1.5848221933438669,1.5585720735015955,1.5784436464309692,230040000.0
2016-09-27,1.5723100881485317,1.6348688738289787,1.5715741561086127,1.632415533065796,402752000.0
2016-09-28,1.6348685778062382,1.6395298308269,1.6174502358830725,1.6383031606674194,319788000.0
2016-09-29,1.6356042329664378,1.6586651835322463,1.6203939233002826,1.6535131931304932,336684000.0
2016-09-30,1.6625912267447558,1.697427922292051,1.6527780961362843,1.6809909343719482,429932000.0
2016-10-03,1.6809908950863932,1.7052784103220113,1.6763296406090433,1.6792734861373901,242596000.0
2016-10-04,1.6817268503951497,1.7099395713784609,1.6630818322288448,1.675593614578247,281624000.0
2016-10-05,1.6898220498066665,1.7069950802025893,1.6687238154822635,1.6738756895065308,305440000.0
2016-10-06,1.6537592038243998,1.6640629542976544,1.6255463698906325,1.6520419120788574,360212000.0
2016-10-07,1.6630813277073662,1.6674972701937008,1.6353592365651752,1.640020489692688,286260000.0
2016-10-10,1.6486075087065144,1.6574393966881191,1.6306985390002995,1.6461542844772339,287876000.0
2016-10-11,1.6407565941236273,1.6432098176001397,1.609845112654902,1.62235689163208,388540000.0
2016-10-12,1.6157331126512429,1.6383033312157536,1.6022400904374419,1.6297168731689453,419920000.0
2016-10-13,1.6105815611106489,1.614261455729119,1.5627424631435733,1.6032216548919678,390116000.0
2016-10-14,1.6228479157481053,1.633887716586948,1.6093548908238202,1.6189227104187012,330636000.0
2016-10-17,1.6186767850286616,1.6338870961312837,1.6073916777648787,1.6095995903015137,195328000.0
2016-10-18,1.6319248298909828,1.6434552501437334,1.6253009739368862,1.634132742881775,269372000.0
2016-10-19,1.623093223861671,1.638303539619695,1.614751958433169,1.630698323249817,199060000.0
2016-10-20,1.649834036228364,1.667007072270969,1.6265278816535855,1.6616097688674927,312084000.0
2016-10-21,1.6557215386227233,1.6598920534813293,1.6412471579746342,1.656948208808899,279508000.0
2016-10-24,1.668233615669596,1.7366802099582062,1.667988188003079,1.734717607498169,339836000.0
2016-10-25,1.7317733827640787,1.7737245450276746,1.723432235837221,1.763175368309021,397460000.0
2016-10-26,1.7484559665459196,1.789671203701015,1.7467386747462683,1.7702902555465698,333792000.0
2016-10-27,1.7837830609853405,1.7872176441643752,1.7268668939095762,1.7339813709259033,388664000.0
2016-10-28,1.742322846459232,1.7688182724711374,1.7278484630315387,1.7310377359390259,290856000.0
2016-10-31,1.736680025910024,1.7572876420108012,1.7356986662931426,1.7457572221755981,252388000.0
2016-11-01,1.7521356880111558,1.7617035051617198,1.675347840158945,1.6939928531646729,473224000.0
2016-11-02,1.7069955594547057,1.7300564022178575,1.6839345997098223,1.6868785619735718,295848000.0
2016-11-03,1.6947287247955651,1.6962007056110908,1.6348686005637807,1.6672519445419312,309664000.0
2016-11-04,1.6562125833870094,1.6861427118814036,1.6333970502062212,1.657684564590454,328780000.0
2016-11-07,1.7062590552058694,1.7594953214976021,1.7050323850929334,1.74845552444458,487580000.0
2016-11-08,1.7550796121182473,1.7607222251973114,1.7295655488782125,1.7457572221755981,429884000.0
2016-11-09,1.6984084535317232,1.7393783677883794,1.685896793286434,1.7163174152374268,456532000.0
2016-11-10,1.7538529705457848,1.7540982811922288,1.6378126120947283,1.662590742111206,869280000.0
2016-11-11,1.9506066756797877,2.177780746073237,1.9258284249353097,2.1581544876098633,2175344000.0
2016-11-14,2.1610981673731238,2.163551507851318,2.0514364683882085,2.051927089691162,1348796000.0
2016-11-15,2.067873909727401,2.1453977122673917,2.059042021928753,2.1144864559173584,626092000.0
2016-11-16,2.1426989409100865,2.2707602470224773,2.1184114276166883,2.2479448318481445,987984000.0
2016-11-17,2.2646271604578883,2.325468658380084,2.223902543391246,2.266589879989624,832988000.0
2016-11-18,2.2665897855387107,2.314183334074491,2.2521154022402903,2.29038667678833,576060000.0
2016-11-21,2.308295989236839,2.314674535949806,2.2668353186208052,2.281064510345459,436436000.0
2016-11-22,2.288913915508829,2.2997082844472816,2.2663437012095997,2.2975003719329834,330368000.0
2016-11-23,2.3026600714941803,2.340251484170596,2.279319148347,2.308802604675293,443236000.0
2016-11-25,2.319858934386086,2.3365662029050402,2.2950434751903024,2.3134708404541016,195564000.0
2016-11-28,2.3063452937300903,2.327720790951392,2.2997114056134405,2.312242031097412,278736000.0
2016-11-29,2.309539313785562,2.320350077487929,2.2734222060417766,2.291112184524536,444568000.0
2016-11-30,2.299712555586074,2.313471694427974,2.26285828008179,2.265315294265747,440500000.0
2016-12-01,2.2628574683049196,2.264577330753953,2.0827625640131293,2.1532771587371826,1035524000.0
2016-12-02,2.119125317195087,2.1817777459950167,2.0913617249633223,2.1731784343719482,478292000.0
2016-12-05,2.211016192752038,2.2753885067965265,2.186692316508916,2.2574527263641357,602284000.0
2016-12-06,2.265561164623576,2.3029070355179715,2.249836599737189,2.294553279876709,498796000.0
2016-12-07,2.2810396817298964,2.3414806795401173,2.262858106204951,2.335829734802246,480804000.0
2016-12-08,2.3387779906810446,2.3739123987062416,2.2861991590428943,2.2967638969421387,381544000.0
2016-12-09,2.31445415653556,2.316174019415921,2.228706339007405,2.255978584289551,382312000.0
2016-12-12,2.2075759433405633,2.2100329567574795,2.1508202455665044,2.2011878490448,601332000.0
2016-12-13,2.2134725516671514,2.267525672092586,2.2124898400836455,2.2400076389312744,387796000.0
2016-12-14,2.273668034400745,2.385951154085004,2.2498355204831215,2.3697352409362793,983980000.0
2016-12-15,2.380792523079961,2.4554842663954224,2.3734217136841798,2.4252636432647705,746548000.0
2016-12-16,2.4527812216117733,2.4741567308309524,2.4011850921577538,2.467031717300415,1089528000.0
2016-12-19,2.4495874006573026,2.517153657697943,2.4323885338561735,2.49700665473938,744656000.0
2016-12-20,2.5694854651154384,2.607568229888157,2.5581833457471284,2.583981513977051,848056000.0
2016-12-21,2.5955307503079244,2.6031473546920196,2.5481114950248616,2.600198984146118,576136000.0
2016-12-22,2.6245213888115724,2.6748889863028213,2.6173961444749514,2.6316466331481934,718612000.0
2016-12-23,2.6137102307889797,2.6987210913103925,2.611007657347231,2.697246789932251,647692000.0
2016-12-27,2.753266133375943,2.883484790592419,2.7326275499495796,2.8825020790100098,1194272000.0
2016-12-28,2.9385218753129183,2.9466298351086446,2.6704678460532594,2.6842267513275146,2295764000.0
2016-12-29,2.5773484248266985,2.739262025544286,2.5257523066816976,2.7377877235412598,2175368000.0
2016-12-30,2.7358225489759755,2.7498272477108,2.611746152754684,2.622556686401367,1212932000.0
2017-01-03,2.565064028015936,2.6134662239394943,2.441724773035918,2.506342887878418,1501996000.0
2017-01-04,2.54049356006013,2.5920896661193007,2.494548396956845,2.564817428588867,1199220000.0
2017-01-05,2.56825808502203,2.5999527703955954,2.4827558215837606,2.499708890914917,984296000.0
2017-01-06,2.526980720512505,2.5613782094469117,2.486440931628326,2.533123254776001,822856000.0
2017-01-09,2.5429513709050635,2.6535144230501206,2.5429513709050635,2.635824203491211,916248000.0
2017-01-10,2.6488456349308342,2.6827515305072924,2.595283865860237,2.615922451019287,880920000.0
2017-01-11,2.604375487367829,2.609289281361731,2.5589216627769575,2.5837368965148926,525664000.0
2017-01-12,2.5608872868868837,2.572434972079729,2.496760530482186,2.5414772033691406,625616000.0
2017-01-13,2.54540827504514,2.5798057696602306,2.53214072688409,2.541231632232666,457820000.0
2017-01-17,2.530666575695765,2.5355803694425796,2.4709624937796257,2.4842300415039062,580612000.0
2017-01-18,2.462854022076797,2.5363169923629165,2.435090425394463,2.52943754196167,654424000.0
2017-01-19,2.5323865659940914,2.6156773775734408,2.530175346981147,2.5837368965148926,644872000.0
2017-01-20,2.606340398414143,2.624030615664489,2.533614574554863,2.555481433868408,492024000.0
2017-01-23,2.5503217890710843,2.6019179034340203,2.547864775455298,2.5820164680480957,369904000.0
2017-01-24,2.5920900733022596,2.6431948316079734,2.5773482259780294,2.637052297592163,428052000.0
2017-01-25,2.679311094717136,2.685453626777867,2.612482032954592,2.6483535766601562,522760000.0
2017-01-26,2.6510577898132985,2.7014254122946184,2.621574320627681,2.69405460357666,458800000.0
2017-01-27,2.700932942572587,2.7490893260128573,2.6743978546785185,2.746140956878662,471996000.0
2017-01-30,2.725257925965952,2.727469145141868,2.651303575269564,2.7031452655792236,496004000.0
2017-01-31,2.676855616489389,2.703882067743787,2.6584282456697395,2.682506561279297,362756000.0
2017-02-01,2.7169039099491226,2.8038802408140517,2.6992139239274264,2.799703598022461,590004000.0
2017-02-02,2.7837336250248383,2.843683512020195,2.753267442659194,2.8350839614868164,483240000.0
2017-02-03,2.8365572161306716,2.847613542704469,2.798474443661873,2.810267686843872,372744000.0
2017-02-06,2.8009311431123143,2.882747863702912,2.8009311431123143,2.882256507873535,506768000.0
2017-02-07,2.9164090845113395,2.9709535814793773,2.896753439481351,2.926974058151245,746224000.0
2017-02-08,2.909037856413489,2.9313960732567126,2.8594071607080433,2.9141974449157715,449580000.0
2017-02-09,2.9203392845852076,2.9252533115153407,2.8402426607218634,2.8594067096710205,842568000.0
2017-02-10,2.9466298866536946,2.9655483817367347,2.7665349048380485,2.791595935821533,1651092000.0
2017-02-13,2.7859443038998113,2.8004403582335176,2.6584281847875246,2.662850856781006,1180724000.0
2017-02-14,2.653269099924504,2.7063395337283604,2.611500791901705,2.6726791858673096,850632000.0
2017-02-15,2.6756261641266432,2.697738579532695,2.6476167765731726,2.6780829429626465,373020000.0
2017-02-16,2.6876660850769816,2.688894592056141,2.5960215263926893,2.635087251663208,647176000.0
2017-02-17,2.6215731687609254,2.639017588035933,2.574645293254741,2.6345949172973633,563740000.0
2017-02-21,2.6591642490384513,2.7328729975629806,2.6589184540172566,2.7289419174194336,551952000.0
2017-02-22,2.740997392528268,2.750345641660544,2.705818405612707,2.7247610092163086,433772000.0
2017-02-23,2.595362182662717,2.617256644904097,2.4521868093194996,2.4721131324768066,1592888000.0
2017-02-24,2.387978431078259,2.5092593073768668,2.3542756132229297,2.4959750175476074,1029904000.0
2017-02-27,2.514179321662083,2.5835528553581706,2.4984349186806267,2.5685465335845947,715400000.0
2017-02-28,2.578140256258735,2.587980711899274,2.4792460700869423,2.4964663982391357,625360000.0
2017-03-01,2.5532941151158925,2.567562590338931,2.4873646473558892,2.528693675994873,504804000.0
2017-03-02,2.5159017676396047,2.529924139843571,2.432751721057641,2.435457706451416,754332000.0
2017-03-03,2.4248796613180583,2.4297996561416397,2.367068138527173,2.421435594558716,864692000.0
2017-03-06,2.3852728459415076,2.413317592845352,2.341237821345839,2.4027392864227295,883568000.0
2017-03-07,2.4027384661803133,2.4484955086701774,2.3899461545500813,2.429060935974121,603400000.0
2017-03-08,2.477278202660383,2.4920386531242813,2.4224190172058124,2.424633026123047,638712000.0
2017-03-09,2.408643581490326,2.44652832059199,2.3960971356290504,2.4241418838500977,478060000.0
2017-03-10,2.450464273477294,2.4622724017336433,2.420205519590769,2.4384098052978516,499740000.0
2017-03-13,2.4487428239885087,2.5154103997948702,2.4480047424810456,2.50557017326355,774136000.0
2017-03-14,2.518361228224081,2.527709239322605,2.471619999684516,2.5038468837738037,522016000.0
2017-03-15,2.515408894634808,2.5336131737895204,2.467929589556913,2.5227890014648438,615036000.0
2017-03-16,2.5333675115118997,2.554278011424436,2.5193451431551095,2.553785800933838,523100000.0
2017-03-17,2.571252280564291,2.6106134016797573,2.5537858461205762,2.6093833446502686,1119688000.0
2017-03-20,2.6268508259347967,2.696470486204517,2.610860312788367,2.6925342082977295,748568000.0
2017-03-21,2.6753135257334493,2.70508030386978,2.5975756835900263,2.605447769165039,913484000.0
2017-03-22,2.594377626153292,2.663259434357664,2.590441583155476,2.6585853099823,616764000.0
2017-03-23,2.650712085118238,2.670638633248082,2.6248815918104635,2.6344757080078125,533940000.0
2017-03-24,2.680725834149984,2.6885979200273225,2.6179943140187345,2.643824815750122,439500000.0
2017-03-27,2.5973291454761522,2.6669487851278517,2.5481280323071696,2.663012742996216,506644000.0
2017-03-28,2.664243481673808,2.678757831367182,2.6389049546972214,2.6492371559143066,432444000.0
2017-03-29,2.6566167050259524,2.668917042519087,2.638412421376784,2.6406264305114746,349992000.0
2017-03-30,2.6477609205427703,2.7060644230562194,2.642102844023164,2.6913039684295654,525532000.0
2017-03-31,2.68171047555316,2.7033590691947014,2.666704146698173,2.6797423362731934,440808000.0
2017-04-03,2.680234457962859,2.6974547963044753,2.642595349772661,2.6662120819091797,445232000.0
2017-04-04,2.5437001604326093,2.5687928117042675,2.4684224412270614,2.4792466163635254,1271280000.0
2017-04-05,2.4605504892940138,2.5183620145054917,2.4477581737638494,2.460796594619751,747048000.0
2017-04-06,2.465962681791643,2.490809231351389,2.4209434723510097,2.478754997253418,635120000.0
2017-04-07,2.485151066423069,2.502617505550727,2.453170278908304,2.4681766033172607,429068000.0
2017-04-10,2.4689147610061846,2.4755567894207413,2.4010171410926637,2.4051992893218994,756332000.0
2017-04-11,2.3751862504537433,2.4329977713229933,2.370266255793701,2.413809299468994,618148000.0
2017-04-12,2.4138090642709615,2.4280773054651976,2.388716413582347,2.3938825130462646,414092000.0
2017-04-13,2.36977380314328,2.3914221506683297,2.349109172821045,2.349109172821045,506892000.0
2017-04-17,2.361901857551798,2.4413617268578096,2.3567357578083206,2.4411158561706543,497292000.0
2017-04-18,2.426847026520297,2.44874171418233,2.4010165315609093,2.442591428756714,370116000.0
2017-04-19,2.4600586708681402,2.4841671407376023,2.4455443209562664,2.4521865844726562,380828000.0
2017-04-20,2.4667006774932543,2.4957293742938464,2.445544066268318,2.4910552501678467,404016000.0
2017-04-21,2.4807222503775295,2.5040928656858146,2.4689141247028688,2.501386880874634,341896000.0
2017-04-24,2.532876314307273,2.54566863077395,2.5119660406388946,2.532630443572998,371820000.0
2017-04-25,2.547144254700409,2.591179271595199,2.5257417748727944,2.576664924621582,388440000.0
2017-04-26,2.590195031198396,2.5926549107941512,2.556984193256961,2.5589523315429688,327004000.0
2017-04-27,2.566333138782757,2.60716996651171,2.548374722488999,2.5988059043884277,319700000.0
2017-04-28,2.591917083495957,2.5988052156341053,2.5601821730759657,2.565840482711792,348248000.0
2017-05-01,2.576664462863154,2.628571789867049,2.569530225995984,2.6234054565429688,307732000.0
2017-05-02,2.5965915101706036,2.597821567426102,2.5230355877921697,2.545668125152588,629972000.0
2017-05-03,2.5387795145568868,2.574204359178248,2.524019299486796,2.564610242843628,336904000.0
2017-05-04,2.5707609844770896,2.5818312660604823,2.5468983879355296,2.5547707080841064,209788000.0
2017-05-05,2.5432086269297973,2.5621509953665464,2.52771009087208,2.5550167560577393,228428000.0
2017-05-08,2.566824629345888,2.5683005572263213,2.516885432945173,2.5282018184661865,365240000.0
2017-05-09,2.5338603199188174,2.5813394098916516,2.5254960233618737,2.532384157180786,847672000.0
2017-05-10,2.8116004404431463,2.9968428832950087,2.8049584129302483,2.98380446434021,2129096000.0
2017-05-11,2.9532996661865973,3.2086537136439213,2.949855599991065,3.111973285675049,1939792000.0
2017-05-12,3.1151721068165155,3.1882358274213143,3.0942616001687777,3.1461687088012695,962620000.0
2017-05-15,3.187251236674528,3.3065639656332393,3.182822983985861,3.3041038513183594,1087540000.0
2017-05-16,3.355028000953613,3.381104845114287,3.2807344502247195,3.3656063079833984,1120700000.0
2017-05-17,3.2989367151223883,3.3176332026638553,3.137803031894866,3.1419851779937744,1271368000.0
2017-05-18,3.1857749927978256,3.2824554183381407,3.1255036012805815,3.273599147796631,1156032000.0
2017-05-19,3.3745678398059016,3.4038732342598763,3.3299939543738706,3.3492026329040527,1018372000.0
2017-05-22,3.392792757594743,3.4349039529703456,3.381956944335624,3.4206206798553467,836608000.0
2017-05-23,3.440321006604809,3.442537347676648,3.342061261948861,3.374568223953247,681248000.0
2017-05-24,3.471349906305107,3.474058976107237,3.4004255899162663,3.4124927520751953,815996000.0
2017-05-25,3.4477086295315393,3.448447488118839,3.360038337532559,3.4048585891723633,608228000.0
2017-05-26,3.3967319590813596,3.5777365834344166,3.3765382909423374,3.4930214881896973,779140000.0
2017-05-30,3.5388266907728227,3.6026092585689313,3.52281957513042,3.5676398277282715,989652000.0
2017-05-31,3.6124601753040957,3.6200944219490516,3.498193309851865,3.5548343658447266,887316000.0
2017-06-01,3.570595275863366,3.5715804990863886,3.509767899387474,3.5550806522369385,503340000.0
2017-06-02,3.5521254659077153,3.578229536571795,3.5314393009931218,3.5373497009277344,487456000.0
2017-06-05,3.5210953014884856,3.65777214881115,3.509520869154588,3.6449663639068604,817376000.0
2017-06-06,3.6402878851713822,3.6863394920807755,3.6151690403630994,3.628467321395874,758728000.0
2017-06-07,3.652847436669714,3.6910184317670636,3.6373328150567654,3.67230224609375,612612000.0
2017-06-08,3.7791807033676963,3.940238001183596,3.738054514322788,3.93876051902771,1161744000.0
2017-06-09,4.056968067860548,4.149563532153972,3.5154312461444803,3.6841228008270264,3692928000.0
2017-06-12,3.592512937863152,3.7358390752595,3.499671093252213,3.693235158920288,1697532000.0
2017-06-13,3.8023303024767348,3.8114422661963125,3.586848495152453,3.7284510135650635,1672504000.0
2017-06-14,3.7314062864358495,3.7939575066201057,3.6570342670629152,3.7363314628601074,1184640000.0
2017-06-15,3.61910923781247,3.782629033417787,3.6077809332842055,3.7523386478424072,963824000.0
2017-06-16,3.7619428783927376,3.809718332422443,3.699884154995973,3.7338685989379883,924960000.0
2017-06-19,3.7779499184033978,3.879411223758541,3.7742560950304846,3.874239683151245,778176000.0
2017-06-20,3.9163507866385032,3.9830885539008505,3.8643890171355855,3.86857533454895,1095444000.0
2017-06-21,3.896157718158609,3.930881024664688,3.834345117402064,3.927186965942383,682652000.0
2017-06-22,3.935313647144778,3.948612164399356,3.8762101176298605,3.9000978469848633,469132000.0
2017-06-23,3.9077317634806783,3.923492750322967,3.773270998606998,3.7882933616638184,1088588000.0
2017-06-26,3.8210464772321058,3.8565086391354506,3.6528476314064036,3.7469208240509033,1063960000.0
2017-06-27,3.729436484278531,3.7380557201093936,3.6040876656456367,3.6097517013549805,999492000.0
2017-06-28,3.6772277025340445,3.741749130094432,3.589311042592319,3.737070083618164,994948000.0
2017-06-29,3.7087499909381565,3.7117049559422983,3.548185149552703,3.6122140884399414,1064424000.0
2017-06-30,3.6294515396581697,3.642996182312439,3.53390088717583,3.560004949569702,731060000.0
2017-07-03,3.572072251372009,3.586848013226471,3.41273879078834,3.431208610534668,709072000.0
2017-07-05,3.4944991131568592,3.551632661051754,3.475536796977167,3.522819757461548,820188000.0
2017-07-06,3.493760401941151,3.580199345405174,3.441798396122879,3.5334088802337646,746284000.0
2017-07-07,3.590049335148832,3.6324068763909785,3.567146600504094,3.614183187484741,654972000.0
2017-07-10,3.6875702921983553,3.792479042337465,3.661466228178521,3.7850911617279053,958492000.0
2017-07-11,3.7887859831142303,3.846412027139257,3.7469209264610814,3.838777780532837,757956000.0
2017-07-12,3.898375324982581,4.014119717577054,3.8555252632622175,4.0020527839660645,1145208000.0
2017-07-13,4.014118959719984,4.095386383797085,3.9094565317934586,3.955754280090332,1369132000.0
2017-07-14,3.972007683313837,4.063618189508624,3.9651122941224637,4.062140941619873,941948000.0
2017-07-17,4.096124039718156,4.124937176520044,3.9833346676498143,4.044900894165039,930792000.0
2017-07-18,3.9840746717912823,4.1015433588590735,3.9722538702320267,4.0870137214660645,776640000.0
2017-07-19,4.0961234718234865,4.122473899545925,4.053766165619698,4.06583309173584,687044000.0
2017-07-20,4.086274514552628,4.125184140847944,4.036529076132213,4.124938011169434,699596000.0
2017-07-21,4.104498907596091,4.169266725962142,4.090215397873032,4.13971471786499,648332000.0
2017-07-24,4.146853614203801,4.156457833528567,4.0811008562355235,4.0916900634765625,652524000.0
2017-07-25,4.068787019844943,4.086272080579919,4.028399700108868,4.071988582611084,496556000.0
2017-07-26,4.129369263554187,4.184778953378567,4.084302653201963,4.119026184082031,640404000.0
2017-07-27,4.1438984529622385,4.155473118592795,3.880148780253958,3.9830875396728516,782856000.0
2017-07-28,3.9473812517599205,4.072730319895715,3.9225087646393355,4.048349857330322,513348000.0
2017-07-31,4.061895192526099,4.097849863611612,3.9555088971808186,4.0020527839660645,559672000.0
2017-08-01,3.9926951078946766,4.052537522767314,3.9648674126723527,4.050813674926758,431384000.0
2017-08-02,4.081842285858648,4.085782240005619,3.9715155846194223,4.048349857330322,478444000.0
2017-08-03,4.047856226828955,4.103512052865201,4.030863888614545,4.099818229675293,442420000.0
2017-08-04,4.122475710805803,4.188228509347416,4.0998195656127026,4.117796897888184,589096000.0
2017-08-07,4.146855293656474,4.244868441857209,4.137250600728978,4.244376182556152,717412000.0
2017-08-08,4.282300929431514,4.298800541001937,4.154735779834138,4.193892002105713,755336000.0
2017-08-09,4.147840751576764,4.240928968740708,4.129124562329992,4.238466262817383,530784000.0
2017-08-10,4.239697936864647,4.25201146809592,4.046872687943472,4.05696964263916,1328088000.0
2017-08-11,3.869806382252238,3.915611619411367,3.7656364869707755,3.840747117996216,1497196000.0
2017-08-14,3.9321120856232357,4.1507952258742105,3.9205376509805805,4.147101402282715,1279020000.0
2017-08-15,4.152273285101129,4.178377121466455,4.0779012598572395,4.1121320724487305,764532000.0
2017-08-16,4.12715470874477,4.150549711145425,4.034805347570884,4.067065715789795,596632000.0
2017-08-17,4.058691851512568,4.075683719239546,3.9742228932482884,3.9764389991760254,525444000.0
2017-08-18,4.030618784043656,4.047611126579494,3.9313737993608986,3.9771790504455566,601204000.0
2017-08-21,4.001559151403666,4.012887222171991,3.875471481265143,3.919306516647339,623672000.0
2017-08-22,3.9557857140947252,4.012476406071623,3.9365601198876923,4.006560802459717,450456000.0
2017-08-23,3.9732847636012867,4.097757801234255,3.96465747255601,4.086666107177734,579520000.0
2017-08-24,4.118709920085873,4.123146975320429,4.0452587441289625,4.071631908416748,469700000.0
2017-08-25,4.095787391581279,4.105893233617583,4.031208917191864,4.0376176834106445,357200000.0
2017-08-28,4.0565971129000955,4.069414176529954,4.001138619297182,4.06620979309082,389496000.0
2017-08-29,4.007547284535115,4.0812452810059865,3.999413152953871,4.059554576873779,324096000.0
2017-08-30,4.079272185477017,4.0948009359133435,4.048955133937936,4.083709239959717,384400000.0
2017-08-31,4.103921044471777,4.180330255354886,4.096526892851023,4.176386833190918,612684000.0
2017-09-01,4.1889578257212285,4.237021694936312,4.180330531382972,4.201528072357178,445432000.0
2017-09-05,4.150260249254813,4.155189997921995,4.031456409212001,4.08937931060791,695364000.0
2017-09-06,4.1221613391327265,4.135964258037105,4.0521604188662375,4.0869140625,397672000.0
2017-09-07,4.103673654398536,4.138180940189889,4.065715640028047,4.105892181396484,352868000.0
2017-09-08,4.094308592257942,4.109097366445899,4.010504754981762,4.0346598625183105,498856000.0
2017-09-11,4.080259264569538,4.176140654139937,4.074836353686888,4.165541648864746,567444000.0
2017-09-12,4.190189001927365,4.190189001927365,4.115505169124068,4.180576324462891,411488000.0
2017-09-13,4.155437143015315,4.228149304388451,4.12314836433062,4.199311256408691,580960000.0
2017-09-14,4.160364669856896,4.253288472927514,4.135963221516704,4.175400257110596,513712000.0
2017-09-15,4.2606836546972495,4.439383029937744,4.255507560152269,4.439383029937744,1364792000.0
2017-09-18,4.563362682950798,4.712730831553845,4.5564612246763705,4.622764587402344,1684460000.0
2017-09-19,4.572483350202517,4.679456439529213,4.550546300202024,4.617835998535156,874280000.0
2017-09-20,4.621532532436422,4.668856886411097,4.540439925009208,4.580616474151611,724920000.0
2017-09-21,4.477094993615732,4.503222284491781,4.377762865237528,4.455404758453369,1075600000.0
2017-09-22,4.4440669176583345,4.49360981093543,4.40216499384882,4.412024021148682,491232000.0
2017-09-25,4.381212030186589,4.382444701931201,4.194132702184933,4.214837074279785,874580000.0
2017-09-26,4.349170751522688,4.404136078485692,4.198816728052844,4.238500118255615,1125620000.0
2017-09-27,4.3287125392054975,4.3447339845095545,4.257972115591346,4.331423759460449,713720000.0
2017-09-28,4.338571141706631,4.342515033591728,4.282866313291657,4.330191135406494,435244000.0
2017-09-29,4.413994917743693,4.430015891207911,4.368888623388848,4.406353950500488,619092000.0
2017-10-02,4.45639081931484,4.485475678545836,4.3627279443959495,4.412024021148682,503480000.0
2017-10-03,4.418185018321986,4.450967417075299,4.377022612716945,4.421143054962158,390332000.0
2017-10-04,4.427303463455522,4.480297056922629,4.3908240017259565,4.458113670349121,427848000.0
2017-10-05,4.482516645364483,4.485967374309864,4.42582549395623,4.4556498527526855,437364000.0
2017-10-06,4.4280440450528875,4.482023506757907,4.412022601951612,4.468713283538818,318800000.0
2017-10-09,4.5054380472055975,4.602552068384927,4.4867053886011945,4.569523334503174,563492000.0
2017-10-10,4.718399722418591,4.755865051096125,4.615616885018204,4.6567792892456055,974876000.0
2017-10-11,4.673292502010669,4.707800257449538,4.627447175828024,4.7063212394714355,529508000.0
2017-10-12,4.709773118307905,4.759316001536056,4.681427774145952,4.708540916442871,528292000.0
2017-10-13,4.770653890332683,4.806393854904667,4.723822698955535,4.796288013458252,628728000.0
2017-10-16,4.826113016925464,4.881571508960979,4.7630135562038705,4.878613471984863,576640000.0
2017-10-17,4.857908710522161,4.902521847004452,4.839669207739079,4.874176502227783,478596000.0
2017-10-18,4.883048979231887,4.883788018114932,4.764984226779905,4.869985103607178,567316000.0
2017-10-19,4.792590212722617,4.880337449288368,4.74354050132985,4.875408172607422,570772000.0
2017-10-20,4.8924164033890305,4.919529075749701,4.844352068036117,4.8532257080078125,451620000.0
2017-10-23,4.874916615325976,4.901290252292392,4.826113234163269,4.846324920654297,428696000.0
2017-10-24,4.855444397096661,4.898825336694842,4.829563923242639,4.89709997177124,407244000.0
2017-10-25,4.857661039358588,4.9104082923714545,4.711990462921852,4.773364067077637,828160000.0
2017-10-26,4.8009717095300655,4.834985841433453,4.777062949567125,4.82340145111084,322744000.0
2017-10-27,4.875407535469869,4.975725472246784,4.8495266031761,4.9754791259765625,572192000.0
2017-10-30,4.975479569221269,5.079740936115808,4.959704474118861,5.024282932281494,504056000.0
2017-10-31,5.056080600717276,5.124109338905308,5.050411343315498,5.097489356994629,411908000.0
2017-11-01,5.160094569907296,5.175376503929651,5.04301566130196,5.107100963592529,502576000.0
2017-11-02,5.07752214675995,5.122135265784978,5.019598807853826,5.076043128967285,342308000.0
2017-11-03,5.107102090198056,5.14382791519165,5.061256748144263,5.14382791519165,353640000.0
2017-11-06,5.107101880869919,5.175623779832591,5.094777980961805,5.166996955871582,389944000.0
2017-11-07,5.189671993227905,5.24759534009355,5.17759444322321,5.226150989532471,427700000.0
2017-11-08,5.2217155636978,5.22541310950757,5.108087841887508,5.155412197113037,522988000.0
2017-11-09,5.0595316338553,5.08565845446584,4.938755617342749,5.060763835906982,978564000.0
2017-11-10,5.2520335911787255,5.389816901663967,5.216293622400182,5.327456951141357,1253256000.0
2017-11-13,5.327456576623527,5.352843884486151,5.225659588441793,5.240941524505615,582376000.0
2017-11-14,5.250061339039426,5.294428131390029,5.206434055911553,5.279146194458008,529292000.0
2017-11-15,5.224179962855872,5.225412634722664,5.121890293860892,5.175622940063477,501948000.0
2017-11-16,5.249568541787336,5.279639252195286,5.206927115096565,5.2158002853393555,441768000.0
2017-11-17,5.2727375737671665,5.307984377038409,5.194602999228636,5.2096381187438965,515664000.0
2017-11-20,5.2251663586878525,5.288758976022154,5.188440537360121,5.276681423187256,396100000.0
2017-11-21,5.316366009716276,5.336824044268991,5.284569928943601,5.325239181518555,399176000.0
2017-11-22,5.352370274959322,5.352370274959322,5.268754735039077,5.3013129234313965,356640000.0
2017-11-24,5.317591963184642,5.3523702201603385,5.293173086913779,5.351383209228516,180752000.0
2017-11-27,5.3600163013132,5.361249359253092,5.278620363683173,5.281826972961426,422896000.0
2017-11-28,5.287006378794431,5.296379218174558,5.136301396260174,5.1972246170043945,512752000.0
2017-11-29,5.179959259648263,5.182672363477055,4.716744884725683,4.844758033752441,1396788000.0
2017-11-30,4.913327641477254,4.999162777696398,4.850431335234813,4.9505720138549805,823768000.0
2017-12-01,4.916042279656291,4.936268012057408,4.747331575954175,4.875837802886963,811548000.0
2017-12-04,4.934291416367238,4.940458115678194,4.550746524152942,4.604023456573486,1240844000.0
2017-12-05,4.498950597021288,4.7530033526278785,4.454059947393627,4.6306633949279785,981488000.0
2017-12-06,4.580345560606925,4.689859539097982,4.559133296120606,4.668154239654541,467032000.0
2017-12-07,4.734749822443466,4.775201267594271,4.689365675831851,4.735489845275879,542600000.0
2017-12-08,4.785313195487686,4.804305858473789,4.714770631664295,4.723156929016113,466876000.0
2017-12-11,4.737216477573849,4.804306393405347,4.721430891762423,4.801346302032471,372748000.0
2017-12-12,4.757936496844971,4.781121844490045,4.683693798607918,4.707125663757324,455016000.0
2017-12-13,4.748069197528499,4.74930225525574,4.584784785886698,4.592184543609619,554280000.0
2017-12-14,4.585773016066638,4.670128591562527,4.553214822812786,4.599339008331299,438164000.0
2017-12-15,4.643242059521665,4.745109756138681,4.578372212011946,4.724884033203125,670036000.0
2017-12-18,4.765336506689484,4.884223354769753,4.735738406280227,4.881263732910156,477704000.0
2017-12-19,4.871888766195575,4.877068455030451,4.808745489534412,4.83711051940918,373100000.0
2017-12-20,4.876330029894539,4.885455882477419,4.798634201462994,4.85413122177124,288820000.0
2017-12-21,4.8575854320064105,4.882497349708302,4.823300671663407,4.831686973571777,300904000.0
2017-12-22,4.7949345901227485,4.825766216012639,4.717238761153306,4.8163933753967285,466276000.0
2017-12-26,4.761143408111739,4.877563670684669,4.73129831938221,4.869917392730713,355080000.0
2017-12-27,4.856597665426437,4.9323199401518965,4.842045134771584,4.863256931304932,329488000.0
2017-12-28,4.886936476774742,4.91776810591041,4.862764584913922,4.868930816650391,240248000.0
2017-12-29,4.895075064911731,4.895075064911731,4.772735118865967,4.772735118865967,279964000.0
2018-01-02,4.8289717966898795,4.9207271111997,4.7974006219009935,4.917026996612549,355616000.0
2018-01-03,5.034186893169818,5.270973980214777,5.025554077176567,5.240635395050049,914704000.0
2018-01-04,5.321784409323797,5.378267960718536,5.2460616745547375,5.268260478973389,583268000.0
2018-01-05,5.283062126710775,5.350151601977687,5.206352820649523,5.3129072189331055,580124000.0
2018-01-08,5.436230702773204,5.549690822663494,5.391339595596371,5.4756951332092285,881216000.0
2018-01-09,5.481122237279343,5.520586674179459,5.392820524431343,5.474215984344482,497000000.0
2018-01-10,5.381967800637949,5.520586839339292,5.327704315890184,5.517133712768555,582664000.0
2018-01-11,5.5496913113668205,5.581016435129786,5.505540223060041,5.526999473571777,406032000.0
2018-01-12,5.515160467737318,5.549445214940854,5.459416938847152,5.499867916107178,359916000.0
2018-01-16,5.5262600999504325,5.611601724843823,5.344723494451286,5.429078578948975,702348000.0
2018-01-17,5.443631512218356,5.55265199651068,5.349903581327141,5.542786121368408,538408000.0
2018-01-18,5.523544777444755,5.590141172833826,5.492466647777749,5.535877704620361,408632000.0
2018-01-19,5.625907839641956,5.699903545658723,5.599022849167659,5.675731658935547,609380000.0
2018-01-22,5.683623453639778,5.7657589269254785,5.626153368175095,5.764032363891602,550944000.0
2018-01-23,5.817310281065666,5.915478343550291,5.798811589921604,5.892786502838135,475228000.0
2018-01-24,5.895991684084595,5.931756473123044,5.760579273360163,5.816076278686523,579972000.0
2018-01-25,5.870340746651141,5.913505300502726,5.814844202411313,5.829643249511719,409884000.0
2018-01-26,5.873299628552618,6.002052299757263,5.860473664919984,6.001805782318115,516356000.0
2018-01-29,5.987255503575934,6.119708338361881,5.934718571671923,6.088629722595215,455116000.0
2018-01-30,5.947049662011899,6.0780224204722435,5.880453248465312,5.98676061630249,570832000.0
2018-01-31,6.061989812636716,6.148318444116083,6.029431628920219,6.062729835510254,478576000.0
2018-02-01,5.883166223302606,6.0898617123392205,5.8718203038183265,5.932003498077393,519224000.0
2018-02-02,5.845677062550417,5.869602436828789,5.701878299338071,5.759841442108154,718464000.0
2018-02-05,5.599024109027706,5.752688751083568,5.05638724129298,5.270975589752197,1165204000.0
2018-02-06,5.041586324004498,5.56695688948805,5.031719980393875,5.563997268676758,1114800000.0
2018-02-07,5.662658926393454,5.795604767983694,5.59162284473863,5.6434197425842285,802932000.0
2018-02-08,5.768718916824702,5.801770131334921,5.364947809620264,5.365194797515869,1144000000.0
2018-02-09,5.8765078379370985,5.892293426499166,5.3651961867749325,5.72432279586792,1674604000.0
2018-02-12,5.805225365688938,5.808185457886176,5.550433030499788,5.624428749084473,1093172000.0
2018-02-13,5.588170356666561,5.784012991390942,5.555858685964663,5.737888813018799,625524000.0
2018-02-14,5.697684279601359,5.983555198711346,5.686584876006259,5.9546966552734375,744988000.0
2018-02-15,6.037819037923263,6.126120766335566,5.957163586672766,6.079996585845947,698900000.0
2018-02-16,6.052864553917178,6.166324702627978,6.005260331504343,6.0143866539001465,637656000.0
2018-02-20,6.03683106811262,6.2124479428297,6.033130953940509,6.143631935119629,686240000.0
2018-02-21,6.2080089714626165,6.214915224753043,5.953216211274478,5.956915855407715,892292000.0
2018-02-22,5.99072815149534,6.0623017176335185,5.911009745796492,5.976413249969482,534364000.0
2018-02-23,6.036139919373507,6.069705486297607,5.985544662968651,6.069705486297607,415300000.0
2018-02-26,6.115859449796671,6.120301875973909,6.023553770604395,6.08574914932251,469312000.0
2018-02-27,6.059093516110488,6.143254823898359,6.049961993267326,6.072915077209473,455436000.0
2018-02-28,6.083776038299662,6.123265014075777,5.96111335433621,5.972713470458984,523116000.0
2018-03-01,5.97049055395094,6.024294423214244,5.630144774605524,5.731088638305664,1040120000.0
2018-03-02,5.623727620192027,5.844372679038136,5.475397090045217,5.837955474853516,913428000.0
2018-03-05,5.787853976875706,5.855478937290603,5.6646975107328945,5.815989971160889,620776000.0
2018-03-06,5.901137596851519,5.995911392079758,5.858193360641316,5.976660251617432,636808000.0
2018-03-07,5.873988605003276,6.020838626112976,5.872754780872229,5.968762397766113,581208000.0
2018-03-08,5.996155959942425,5.996155959942425,5.908292740630355,5.9524712562561035,411912000.0
2018-03-09,5.999860572775875,6.0677322060541785,5.983818503411695,6.054898738861084,505524000.0
2018-03-12,6.096116323271911,6.244199739427747,6.087971481180662,6.164234638214111,605060000.0
2018-03-13,6.206930271607963,6.281219097922496,6.072420849801904,6.113637447357178,619772000.0
2018-03-14,6.156582578593625,6.183731420029194,6.076864161460417,6.139059543609619,505496000.0
2018-03-15,6.152633420557715,6.234819478970898,6.111910162003483,6.153867244720459,401952000.0
2018-03-16,6.170155762487886,6.201006541300326,6.132641110004963,6.182002544403076,399456000.0
2018-03-19,6.125238435700395,6.1541144427405,5.849309007901929,5.948031425476074,713772000.0
2018-03-20,5.9509927205505395,6.198539475828768,5.9509927205505395,6.159790992736816,554696000.0
2018-03-21,6.153373231955915,6.219517691114243,6.1042589350562935,6.134616374969482,438688000.0
2018-03-22,6.071433255517426,6.117832758231585,5.9317409353267045,5.969008445739746,551196000.0
2018-03-23,5.9825855113898365,5.985053631232409,5.738741108190661,5.749847412109375,735620000.0
2018-03-26,5.873989631946145,6.035154112432693,5.822160535960724,6.0339202880859375,611424000.0
2018-03-27,6.114625963246568,6.170157474667709,5.4260366338613935,5.565975666046143,1409000000.0
2018-03-28,5.531669156590106,5.661489029596808,5.355696441631368,5.463057041168213,945904000.0
2018-03-29,5.53117509749563,5.812287421611704,5.447014258044291,5.715786457061768,916628000.0
2018-04-02,5.645447978756446,5.79131041801544,5.36803753559507,5.455653667449951,922092000.0
2018-04-03,5.6222477269872515,5.685183126846311,5.463057549276087,5.561779975891113,667432000.0
2018-04-04,5.306580393249155,5.594109865106249,5.2816530064895035,5.583744049072266,789168000.0
2018-04-05,5.641991734284166,5.655072342900288,5.392470663279069,5.463797569274902,701240000.0
2018-04-06,5.361372988784459,5.469227406439675,5.2587014806781305,5.287824630737305,662988000.0
2018-04-09,5.3507609498892466,5.478359862875979,5.296463259663421,5.316454887390137,499524000.0
2018-04-10,5.546229181270128,5.6518621148737465,5.489216724568028,5.624960422515869,761676000.0
2018-04-11,5.610152401192631,5.651368994683617,5.551165635609601,5.583744049072266,460244000.0
2018-04-12,5.676545102861869,5.807845957473086,5.632366562689012,5.790075778961182,593920000.0
2018-04-13,5.853503883993969,5.8618953948193875,5.6654377269575935,5.713564872741699,503036000.0
2018-04-16,5.720228415903643,5.746636771032403,5.619284562649923,5.71331787109375,350792000.0
2018-04-17,5.765393702894373,5.883860580715224,5.709862206807872,5.862635135650635,447224000.0
2018-04-18,5.812286714686994,5.904839053906504,5.744908905480409,5.83375883102417,391364000.0
2018-04-19,5.719734139343891,5.7530530365769,5.597565320235047,5.6528496742248535,471996000.0
2018-04-20,5.644212913898424,5.728373760812661,5.613609269131381,5.644706726074219,386200000.0
2018-04-23,5.662476910211806,5.713565522288762,5.4995847963876985,5.52549934387207,427508000.0
2018-04-24,5.551165775807007,5.64692624121736,5.394197095226709,5.459353923797607,414596000.0
2018-04-25,5.429738026118685,5.468733650886996,5.190336109890054,5.347304821014404,588492000.0
2018-04-26,5.508715603710221,5.566715224983749,5.4428182838610635,5.558570384979248,375824000.0
2018-04-27,5.6642035449302055,5.6839480258184905,5.543761881989778,5.585965633392334,400848000.0
2018-04-30,5.60225446595979,5.651862570896132,5.531421386783354,5.5506720542907715,327844000.0
2018-05-01,5.5425292503028505,5.60867325197152,5.484035807069009,5.605958461761475,253788000.0
2018-05-02,5.602502275922489,5.6469270071822075,5.5593108980859665,5.585472583770752,268248000.0
2018-05-03,5.617310565547473,5.776500717117908,5.572144880373844,5.750339031219482,443144000.0
2018-05-04,5.721709946592055,5.903359377958248,5.704433582860858,5.900150775909424,400660000.0
2018-05-07,6.0045490806614294,6.194589996888159,5.994676605184203,6.137577533721924,687616000.0
2018-05-08,6.137824217780074,6.182743228106615,6.088956593850457,6.180028438568115,506616000.0
2018-05-09,6.200019779667379,6.31503139243186,6.172870941958519,6.312809944152832,596760000.0
2018-05-10,6.3656264397437985,6.42930230598553,6.347856266346499,6.420170783996582,994080000.0
2018-05-11,6.238768152818595,6.411779381119491,6.183483795652961,6.281959056854248,1214456000.0
2018-05-14,6.319967484089346,6.379694737368533,6.278750887137057,6.302443981170654,523140000.0
2018-05-15,6.239016335939232,6.241731596918744,5.960372092830068,6.060575485229492,963528000.0
2018-05-16,6.02207338246265,6.133629742702751,5.985299203823298,6.071681499481201,553828000.0
2018-05-17,6.073408003224552,6.207176942277236,6.057365465556246,6.113637447357178,519784000.0
2018-05-18,6.1654682096552795,6.2286502777763015,6.065017679632463,6.069953918457031,483716000.0
2018-05-21,6.167194086060734,6.170896028749809,5.935442776367162,6.0279951095581055,640624000.0
2018-05-22,6.041324076730589,6.066498139443173,5.929520583332928,5.989988327026367,518264000.0
2018-05-23,5.9339281044020975,6.114455273058823,5.933187163680392,6.11322021484375,442956000.0
2018-05-24,6.109514392161723,6.15915316826632,6.056418207613486,6.116922855377197,437372000.0
2018-05-25,6.129519361984635,6.172490154599155,6.093957505386535,6.156190872192383,292112000.0
2018-05-29,6.138163332343845,6.207065170517283,6.09247606783913,6.139151096343994,352684000.0
2018-05-30,6.172737036191554,6.256455793707795,6.148041055491183,6.247812271118164,390996000.0
2018-05-31,6.2159569252715725,6.3023926538552,6.205337871069202,6.228057861328125,493868000.0
2018-06-01,6.272755959507304,6.368329309955514,6.264112435698902,6.362154960632324,421968000.0
2018-06-04,6.396235432700494,6.562685678984376,6.364130982871786,6.540706634521484,642024000.0
2018-06-05,6.54391784811443,6.583678535488202,6.499218339886574,6.546140670776367,391712000.0
2018-06-06,6.456245193873167,6.551324408604708,6.439945913377378,6.548113822937012,371356000.0
2018-06-07,6.54441104065344,6.55626515110124,6.402409480601927,6.492549896240234,369448000.0
2018-06-08,6.4199436268639305,6.51971485651706,6.40117469773452,6.477238178253174,360456000.0
2018-06-11,6.464643753775056,6.506132672057842,6.423401658757259,6.436243534088135,265372000.0
2018-06-12,6.462667752286715,6.496747730793107,6.412534841996411,6.484646797180176,319160000.0
2018-06-13,6.486128776463721,6.560957201601177,6.471064079513934,6.480201721191406,338208000.0
2018-06-14,6.525147249086228,6.648132562242383,6.5103293782680725,6.591578960418701,430016000.0
2018-06-15,6.5345329861526675,6.605657183548417,6.5036631202595725,6.550832271575928,432260000.0
2018-06-18,6.506873039510518,6.564167591402365,6.479707880615835,6.546633720397949,356268000.0
2018-06-19,6.443650091088692,6.510823211166708,6.297944802704442,6.42512845993042,594932000.0
2018-06-20,6.466125548958562,6.5308285712775636,6.4278467467428735,6.47797966003418,369780000.0
2018-06-21,6.509835647386057,6.528110455913992,6.341903548586016,6.349559307098389,359516000.0
2018-06-22,6.370306361784819,6.3836423565859794,6.182123849951415,6.197434902191162,434160000.0
2018-06-25,6.091240680979333,6.094944913252802,5.816869364654443,5.905280590057373,665816000.0
2018-06-26,6.018389427689778,6.06654634444472,5.924791592282413,5.97615909576416,478884000.0
2018-06-27,6.019624146145529,6.085809055214943,5.815882832784347,5.821316242218018,453892000.0
2018-06-28,5.811435827109748,5.960105355660528,5.803780068488563,5.948251247406006,338012000.0
2018-06-29,6.013203224532054,6.025797805905708,5.849222133035027,5.850457191467285,392300000.0
2018-07-02,5.781060607474855,5.986036462138636,5.760562974904809,5.982332229614258,357572000.0
2018-07-03,6.016907325891245,6.022834381540568,5.840578480156654,5.84897518157959,222732000.0
2018-07-05,5.90404569943324,5.999371745670493,5.8652732579561455,5.9944329261779785,306216000.0
2018-07-06,5.969984577675324,6.116431311579673,5.948746002347929,6.108034610748291,296352000.0
2018-07-09,6.182123284924595,6.191754574158034,6.076918631116165,6.15545129776001,303880000.0
2018-07-10,6.167798134744651,6.27621287979718,6.127543810844772,6.2542338371276855,360016000.0
2018-07-11,6.161625678746171,6.19619977926275,6.102355119236618,6.112974643707275,367508000.0
2018-07-12,6.158168123967627,6.25225913402457,6.1482895406026,6.204349040985107,345508000.0
2018-07-13,6.222870610407252,6.222870610407252,6.115196322029052,6.157179355621338,246988000.0
2018-07-16,6.129521369934082,6.182370761216581,6.117173610231775,6.129521369934082,197036000.0
2018-07-17,6.080373562480949,6.280163264235703,6.0549366441476264,6.265098571777344,362136000.0
2018-07-18,6.257692904289676,6.271522544969105,6.165083299565513,6.215956687927246,277640000.0
2018-07-19,6.1971865460788935,6.257691683282383,6.18212232086535,6.224104881286621,235752000.0
2018-07-20,6.221636165334273,6.260408613393579,6.185086068664709,6.195952415466309,222352000.0
2018-07-23,6.169526821288511,6.171255525910372,6.008015408681831,6.1594014167785645,301584000.0
2018-07-24,6.207311771322909,6.293747477234228,6.124580298038588,6.142114639282227,354620000.0
2018-07-25,6.151500208499941,6.232749814913697,6.09371153133264,6.220154762268066,319112000.0
2018-07-26,6.2001503662000355,6.330297340985421,6.183356965047485,6.2935004234313965,325124000.0
2018-07-27,6.330050762963551,6.336965582285599,6.170021212442217,6.22385835647583,295420000.0
2018-07-30,6.237934822521967,6.243861877359639,5.994186046553237,6.029007434844971,340340000.0
2018-07-31,6.018634053101752,6.1216158457340795,5.979861616373864,6.04703426361084,283988000.0
2018-08-01,6.078400053584766,6.1334717866964565,6.023081026177311,6.086796283721924,283556000.0
2018-08-02,6.0156714934528015,6.193234903708827,5.956895533128454,6.189283847808838,269668000.0
2018-08-03,6.213732483082271,6.249541635325923,6.196939553579779,6.225833415985107,214288000.0
2018-08-06,6.2132392592640695,6.276954514280771,6.166811052427346,6.273497104644775,207508000.0
2018-08-07,6.322147785866375,6.364130816722767,6.295476274280007,6.345608711242676,258132000.0
2018-08-08,6.346844486555111,6.426859030354189,6.312023093891665,6.3819122314453125,262100000.0
2018-08-09,6.399692914126632,6.402409382930159,6.3258522547580744,6.333508014678955,204280000.0
2018-08-10,6.251763793810978,6.3246166777627195,6.240650626054386,6.292264938354492,256396000.0
2018-08-13,6.300909521848901,6.4456275502576,6.299180817040954,6.325111389160156,375208000.0
2018-08-14,6.430315804827358,6.4703233082922385,6.347337505917876,6.456246376037598,466220000.0
2018-08-15,6.47698902750204,6.510822643300288,6.31967646830846,6.398209571838379,591136000.0
2018-08-16,6.467852845439004,6.470322490628369,6.297697918873952,6.357708930969238,801260000.0
2018-08-17,6.246579361198237,6.247320302052949,6.019129831309684,6.046048641204834,1143188000.0
2018-08-20,6.005545628542428,6.252998129799402,5.895401719260707,6.120628356933594,854388000.0
2018-08-21,6.1369290435151855,6.260408499235665,6.117172349441379,6.255963325500488,673988000.0
2018-08-22,6.22336372179802,6.495512219838571,6.219906312685981,6.490572929382324,749856000.0
2018-08-23,6.452047705061095,6.655048033237471,6.438218067769765,6.589850902557373,720684000.0
2018-08-24,6.598248160623286,6.737285957048397,6.593802986980405,6.722715377807617,531512000.0
2018-08-27,6.75235111377378,6.8876846959952385,6.720987599664861,6.813597202301025,505776000.0
2018-08-28,6.807669000126902,6.8303894562175875,6.656282980379223,6.776058197021484,475384000.0
2018-08-29,6.768398346735638,6.906276927029086,6.747642542911635,6.881320476531982,420108000.0
2018-08-30,6.850186574674709,6.961132100361953,6.827701119628795,6.864518165588379,346608000.0
2018-08-31,6.844503745123495,6.948283240284816,6.834619759253662,6.935434341430664,306592000.0
2018-09-04,6.922337302765203,7.047613935915722,6.893921553246576,7.010056018829346,391720000.0
2018-09-05,6.992513613013579,7.027847971124166,6.798791803475587,6.879591464996338,393156000.0
2018-09-06,6.863281447613574,6.865752443712961,6.705882813566607,6.738746166229248,322796000.0
2018-09-07,6.6468291141332205,6.842774964385727,6.602105156365267,6.717498302459717,295420000.0
2018-09-10,6.739981416826478,6.818063097052057,6.696245778720224,6.788411617279053,220140000.0
2018-09-11,6.742207261454575,6.8296785672237945,6.721451454247189,6.740725040435791,243112000.0
2018-09-12,6.700941459984335,6.720462001123825,6.471885331108481,6.627060413360596,419092000.0
2018-09-13,6.692788376285597,6.795085185741547,6.675491871219907,6.704648971557617,305536000.0
2018-09-14,6.794837751538681,6.896393207765107,6.758020705637157,6.830419063568115,386936000.0
2018-09-17,6.8049674556554685,6.853892045340338,6.749371223901232,6.768644332885742,205528000.0
2018-09-18,6.772596822695158,6.875140546418416,6.690067550345221,6.6967387199401855,299520000.0
2018-09-19,6.678210314545184,6.738254170118639,6.628297404478133,6.720463275909424,224860000.0
2018-09-20,6.59864556360692,6.640898522726667,6.52575281130353,6.579619407653809,430584000.0
2018-09-21,6.5914801516658095,6.636945454613344,6.476581395932969,6.5096917152404785,435128000.0
2018-09-24,6.478804124086679,6.568746413902042,6.391827218478683,6.565287113189697,293912000.0
2018-09-25,6.631262004574622,6.657206762844947,6.545767310128303,6.6322503089904785,280388000.0
2018-09-26,6.637189878540061,6.677466214367921,6.579617043515133,6.595430850982666,268548000.0
2018-09-27,6.630519929717678,6.651770121853596,6.575912464211404,6.607293128967285,214428000.0
2018-09-28,6.7389946913903485,6.966073755699648,6.711072855092552,6.943835258483887,709396000.0
2018-10-01,7.021422892901421,7.216626899443846,6.982876196623898,7.149911880493164,622060000.0
2018-10-02,7.1224848297111265,7.233923806628516,7.056510681851803,7.078749179840088,383964000.0
2018-10-03,7.148922712280652,7.156335701221132,6.981146162855355,7.084925651550293,320552000.0
2018-10-04,7.048850824829327,7.073065931882066,6.82424227502434,6.901088714599609,391220000.0
2018-10-05,6.876378265974651,6.938398717234675,6.610752057467847,6.6680779457092285,426636000.0
2018-10-08,6.585054928878049,6.7002006335047914,6.426420533715067,6.567017078399658,408612000.0
2018-10-09,6.546508154164182,6.640898052408182,6.493630337263265,6.561334133148193,273500000.0
2018-10-10,6.455576410594485,6.501289130737477,6.06862728814772,6.0708513259887695,684940000.0
2018-10-11,5.9838745927855195,6.1170586080207165,5.788423638256717,5.809920787811279,725436000.0
2018-10-12,6.066403731472977,6.165982563455266,5.9216065670035585,6.091854095458984,608236000.0
2018-10-15,6.078513088385394,6.078513088385394,5.815110862410267,5.816099166870117,449760000.0
2018-10-16,5.92852530749248,6.085430026468895,5.879353757179145,6.074310779571533,408712000.0
2018-10-17,6.136332125568738,6.174384905851646,5.956941928303111,6.005866527557373,329668000.0
2018-10-18,6.075051886774591,6.113351146909124,5.858350295551928,5.918641090393066,524020000.0
2018-10-19,5.973744497573199,5.993264568527614,5.626330310891647,5.662652969360352,613608000.0
2018-10-22,5.71478911894051,5.814614911975951,5.6107626796087064,5.713306427001953,368844000.0
2018-10-23,5.446693396156526,5.539601084846252,5.3547744832216,5.462260723114014,626436000.0
2018-10-24,5.423960399044169,5.470414002768898,4.913464203307828,4.927301406860352,884288000.0
2018-10-25,4.8299468279243145,5.182796949473837,4.785716789033116,5.135601997375488,951720000.0
2018-10-26,4.900119694605177,5.0614720047943615,4.771878164157613,4.899625778198242,664784000.0
2018-10-29,5.040469414744137,5.043928714885317,4.349100475165617,4.586557865142822,758016000.0
2018-10-30,4.609538199239454,5.025891408463385,4.586558358134041,5.016007423400879,807192000.0
2018-10-31,5.180325571282585,5.252971359393127,5.040964292333446,5.209482669830322,745772000.0
2018-11-01,5.245804253494164,5.398755746051347,5.119539328840467,5.389366149902344,566528000.0
2018-11-02,5.379977456977233,5.485486598792226,5.194162582349934,5.310544013977051,452960000.0
2018-11-05,5.297446369698705,5.320673635638063,5.072343981062397,5.232707977294922,379332000.0
2018-11-06,5.224801692967457,5.308813673785275,5.178100668658767,5.215165138244629,299012000.0
2018-11-07,5.28163403301866,5.372070241015222,5.218130885168222,5.282622337341309,483812000.0
2018-11-08,5.223565531227062,5.224306877113344,5.0365154336918385,5.089888095855713,511352000.0
2018-11-09,5.001182011826007,5.172170903514571,4.967577310306825,5.081981658935547,413240000.0
2018-11-12,4.990805522706787,5.012797066205917,4.661676072925277,4.683420658111572,617116000.0
2018-11-13,4.781022482432553,5.045906928294173,4.774844754820169,4.924830913543701,644712000.0
2018-11-14,5.097548996886233,5.111880588345112,4.764713821045786,4.872446537017822,526580000.0
2018-11-15,4.8665162636691335,5.072839999127025,4.830687520491654,5.0009355545043945,840708000.0
2018-11-16,4.035538427357766,4.2169051953928856,3.993285009012846,4.0629658699035645,1963520000.0
2018-11-19,3.9977339655585413,3.9984748403469115,3.5737205315327403,3.5754501819610596,1697820000.0
2018-11-20,3.312542488592889,3.8116722898525865,3.2940104840962348,3.6836776733398438,1692032000.0
2018-11-21,3.8205676343005828,3.8373699877352068,3.548517165205157,3.575697422027588,1025496000.0
2018-11-23,3.541103815128375,3.6962786589280987,3.5282549171959015,3.582862615585327,411968000.0
2018-11-26,3.703691870649483,3.79215146946641,3.621409527282587,3.781773567199707,814832000.0
2018-11-27,3.755828771403144,3.8796229659284016,3.7200002637628984,3.7985761165618896,738060000.0
2018-11-28,3.9159457666950055,3.9604227639223866,3.7837505089883026,3.9552338123321533,804524000.0
2018-11-29,3.9574599197400886,3.994561012134455,3.8619862784330445,3.8921618461608887,549172000.0
2018-11-30,3.901805983597574,4.052931419526273,3.8515957204128033,4.042295932769775,729564000.0
2018-12-03,4.269109039647563,4.3205560529829405,4.139007330833629,4.205789566040039,890804000.0
2018-12-04,4.161268502328295,4.166215439909608,3.8708899653815085,3.8859779834747314,812112000.0
2018-12-06,3.745735623295295,3.920111172643788,3.730153193644054,3.9151644706726074,692308000.0
2018-12-07,3.919369339043974,3.9295104207730804,3.601783314930206,3.6510040760040283,681676000.0
2018-12-10,3.606235013243494,3.780857997862722,3.602524809979828,3.7561237812042236,629472000.0
2018-12-11,3.8476395858091017,3.8558018433926247,3.5864473431363764,3.665349245071411,671912000.0
2018-12-12,3.671038219727921,3.778878954591553,3.581995469554645,3.682910680770874,654136000.0
2018-12-13,3.7296581635361514,3.7937194925094015,3.6467988500627473,3.6826632022857666,471384000.0
2018-12-14,3.6411098175180965,3.724711218599533,3.5988145883619054,3.622312068939209,471820000.0
2018-12-17,3.592384055840047,3.6643602082618605,3.493447422591047,3.5513253211975098,662868000.0
2018-12-18,3.5951042522127103,3.718280203883711,3.567896805524452,3.6344316005706787,564372000.0
2018-12-19,3.6007940441604767,3.6542198952233793,3.3744767958360304,3.4259238243103027,745364000.0
2018-12-20,3.4175139515360295,3.5072987993802207,3.281970871277016,3.3415801525115967,749588000.0
2018-12-21,3.368045296197937,3.4009417708842498,3.177345238453483,3.2048001289367676,863740000.0
2018-12-24,3.128618945125404,3.214941020052393,3.0793979566137915,3.143212080001831,463840000.0
2018-12-26,3.1892176004464607,3.2931009283476196,3.078408748802953,3.29211163520813,695100000.0
2018-12-27,3.239922696804846,3.274303111942917,3.0962173641050477,3.2443747520446777,637044000.0
2018-12-28,3.264903795478063,3.3982208288197224,3.2231032137878097,3.3057150840759277,628728000.0
2018-12-31,3.349000259522261,3.381401853232403,3.2713350808799397,3.3020055294036865,465140000.0
2019-01-02,3.231265932474815,3.4251813233405146,3.2166727958069883,3.3692822456359863,508752000.0
2019-01-03,3.3091786116658763,3.3430643846937267,3.158300529541503,3.1657207012176514,705552000.0
2019-01-04,3.23868531328507,3.4066299466717007,3.208015107582364,3.368539571762085,585620000.0
2019-01-07,3.425676183098107,3.5837272164281666,3.374476366534186,3.5468733310699463,709160000.0
2019-01-08,3.62824869037735,3.6304749540927026,3.3861015856329737,3.4585726261138916,786016000.0
2019-01-09,3.5097711894581964,3.5738327466286504,3.459313708355713,3.526590585708618,617260000.0
2019-01-10,3.50729894643275,3.6007937657691107,3.446947574800158,3.592136859893799,523156000.0
2019-01-11,3.5698760153464897,3.703935157819665,3.5421739172799653,3.6811797618865967,874764000.0
2019-01-14,3.6289898155826834,3.74622953052103,3.605492337179015,3.7210006713867188,730168000.0
2019-01-15,3.753649543325413,3.792976887860904,3.688598930100712,3.706902265548706,617012000.0
2019-01-16,3.734110518255913,3.7670067578894963,3.675985415077157,3.681426763534546,470104000.0
2019-01-17,3.648529989064555,3.792482506736649,3.621322307234073,3.7526605129241943,493436000.0
2019-01-18,3.8023766394178167,3.907496705882418,3.7509296199826263,3.881525754928589,651336000.0
2019-01-22,3.851350737399705,3.862975759495493,3.6495202754554987,3.6796958446502686,661552000.0
2019-01-23,3.734852323382457,3.823400426503734,3.6613920018215467,3.692556858062744,591020000.0
2019-01-24,3.7769000665128636,3.9215944355252352,3.7722005707158295,3.9040334224700928,708972000.0
2019-01-25,3.8446725308771024,3.979226097503505,3.7422733569135,3.961170196533203,1154572000.0
2019-01-28,3.377444067456263,3.5033406966245266,3.240169859925918,3.413555860519409,2511528000.0
2019-01-29,3.3675506009052305,3.4157822984496677,3.240417230914424,3.2550103664398193,1153932000.0
2019-01-30,3.330943894703069,3.4125664706664187,3.2515473461054567,3.3982207775115967,974228000.0
2019-01-31,3.3950053487845215,3.5911469796792517,3.3732392490819145,3.555529832839966,842852000.0
2019-02-01,3.5740803453368715,3.6307215036138554,3.5265909738818233,3.5797691345214844,625048000.0
2019-02-04,3.5955989010224516,3.7269371103711824,3.5735855968003305,3.689836025238037,528592000.0
2019-02-05,3.7017086512924178,3.7454880591567816,3.668070324166557,3.7088816165924072,542424000.0
2019-02-06,3.7420248909658316,3.8486291221777678,3.7365835431549708,3.78432035446167,702464000.0
2019-02-07,3.738068282657456,3.7402943105003184,3.6035147240832255,3.6463046073913574,637120000.0
2019-02-08,3.5792747739989474,3.675490494805008,3.5649290792820043,3.6648550033569336,461604000.0
2019-02-11,3.620827893385403,3.674995583440222,3.574080373450749,3.622312068939209,495180000.0
2019-02-12,3.6606507386046925,3.7546404468256993,3.6463048057117597,3.739057779312134,591060000.0
2019-02-13,3.768490290275961,3.854317711220307,3.7548864496887444,3.7813520431518555,605372000.0
2019-02-14,3.7803630001780495,3.850360557914145,3.737325448318641,3.8221635818481445,827264000.0
2019-02-15,4.030425531400873,4.053180691522947,3.8689117316041908,3.891667127609253,1516748000.0
2019-02-19,3.8810307732281477,3.954738534007125,3.8619855838206583,3.87435245513916,551892000.0
2019-02-20,3.903538486120398,3.9886238199317057,3.8924083497895876,3.9215943813323975,540988000.0
2019-02-21,3.9342093622392773,3.9586959007466107,3.8382408509623858,3.8528339862823486,448548000.0
2019-02-22,3.9045279492047844,3.9562221655032705,3.8909241087544744,3.9374241828918457,401740000.0
2019-02-25,4.020778715727318,4.0880553642867286,3.916400509384179,3.9250576496124268,656020000.0
2019-02-26,3.9203581195346744,3.976257189293156,3.8523391479150044,3.885730266571045,488464000.0
2019-02-27,3.8713846565324657,3.897850016459146,3.7870411676496665,3.8439297676086426,500256000.0
2019-02-28,3.8377401565705016,3.8600238468726964,3.797134499315095,3.819417953491211,324944000.0
2019-03-01,3.8691850877408642,3.915733096990201,3.811000076179193,3.8736419677734375,357188000.0
2019-03-04,3.912019238718915,3.9347980865330774,3.825360491292353,3.881812572479248,409992000.0
2019-03-05,3.866213812451286,3.913504673162684,3.8119902897875693,3.8753750324249268,362924000.0
2019-03-06,3.8664610498022225,3.8748791799768414,3.7619755042596372,3.7646989822387695,403524000.0
2019-03-07,3.741177272800439,3.7508336480042734,3.649566737112525,3.695619583129883,450104000.0
2019-03-08,3.606485619695741,3.7404352313278832,3.5851922406276207,3.7297885417938232,422416000.0
2019-03-11,3.7533101469366255,4.012543063609408,3.706266746069921,3.989764451980591,859728000.0
2019-03-12,4.017494239799668,4.070232046156073,3.941482198135124,4.023931980133057,579576000.0
2019-03-13,4.061318860643894,4.20418172942845,4.053890807518709,4.1749653816223145,768900000.0
2019-03-14,4.184127258205856,4.196011956175132,4.091526164801752,4.099201679229736,519384000.0
2019-03-15,4.142283608263641,4.247016866170139,4.138817277165164,4.20443058013916,661484000.0
2019-03-18,4.235875721586677,4.289604334762103,4.156149620867788,4.183137893676758,486992000.0
2019-03-19,4.277470670939343,4.394831471395088,4.260634409266724,4.35051155090332,854972000.0
2019-03-20,4.379480733777656,4.432713945030418,4.2834133044747515,4.318077087402344,719148000.0
2019-03-21,4.341103778806309,4.580529035221039,4.336151742184459,4.554283618927002,824312000.0
2019-03-22,4.527048099584981,4.575576733359796,4.3809663334740065,4.394831657409668,747644000.0
2019-03-25,4.354224869379565,4.4183519759540015,4.236616634310872,4.302724838256836,525212000.0
2019-03-26,4.4441028551164905,4.500059539757855,4.32302826643485,4.379232883453369,703508000.0
2019-03-27,4.404735669585235,4.451035744697865,4.300745269243785,4.370071887969971,474372000.0
2019-03-28,4.396069416485582,4.454254662605151,4.335656084598918,4.388641834259033,480264000.0
2019-03-29,4.455243791129899,4.470099896138313,4.40498200538238,4.445835113525391,456896000.0
2019-04-01,4.537446476833416,4.543388825178386,4.465891308838393,4.513182163238525,483824000.0
2019-04-02,4.53719947856981,4.57532911810016,4.494365263005259,4.531009197235107,440920000.0
2019-04-03,4.580529637621952,4.729087450049334,4.5755776003488435,4.670159339904785,783504000.0
2019-04-04,4.654808556494081,4.703585134511389,4.598604394422397,4.661246299743652,457376000.0
2019-04-05,4.704326590039095,4.745180179212573,4.667930116677095,4.727848052978516,481744000.0
2019-04-08,4.697394623832301,4.773654384894066,4.673377764829961,4.748647212982178,424192000.0
2019-04-09,4.715220990409292,4.726362835470245,4.643913276469628,4.686004638671875,439972000.0
2019-04-10,4.685261650699868,4.782071450392167,4.680805007254649,4.756321430206299,444772000.0
2019-04-11,4.7587982565709135,4.790243170654756,4.693185422101398,4.742456912994385,374600000.0
2019-04-12,4.7810803497832675,4.785042072332913,4.6959073291084215,4.704573154449463,471708000.0
2019-04-15,4.696900106941984,4.701852144665198,4.533486640094395,4.573101997375488,440092000.0
2019-04-16,4.612220274177535,4.67882340302873,4.579537596114416,4.660006046295166,394964000.0
2019-04-17,4.694917379370334,4.715715361796158,4.614943847719535,4.637227535247803,351004000.0
2019-04-18,4.643912689874471,4.677833141029692,4.584984601333956,4.612715244293213,380988000.0
2019-04-22,4.589193303000604,4.682041832959751,4.557748872871617,4.666443347930908,279936000.0
2019-04-23,4.6795672814140925,4.752113246455217,4.669911140835929,4.720915794372559,346856000.0
2019-04-24,4.7313148195504775,4.77390157804458,4.670654025026676,4.733295917510986,318204000.0
2019-04-25,4.69318538879586,4.7154690819013725,4.548341855862243,4.627820014953613,499296000.0
2019-04-26,4.47430953565299,4.478766651432413,4.290840992639793,4.409439563751221,868988000.0
2019-04-29,4.41736259516939,4.467872324386639,4.3453120284149875,4.440141677856445,391920000.0
2019-04-30,4.407952925992541,4.5069912644055155,4.3888881107827,4.481489181518555,362920000.0
2019-05-01,4.533732455985197,4.575823812477557,4.468119167414932,4.468367099761963,354280000.0
2019-05-02,4.4780238221047926,4.5773096421118185,4.434942147363374,4.5357136726379395,394684000.0
2019-05-03,4.5441316851131495,4.55403528420273,4.4698525668067814,4.531256675720215,336824000.0
2019-05-06,4.345310700431619,4.46514748160283,4.308171385571487,4.453015327453613,422176000.0
2019-05-07,4.404735681096283,4.404735681096283,4.23810339107594,4.286137104034424,555220000.0
2019-05-08,4.258655019010135,4.386166916581625,4.246770317763194,4.3061933517456055,419168000.0
2019-05-09,4.237360033834992,4.247016172854094,4.095240009746013,4.21383810043335,660248000.0
2019-05-10,4.1831366828979535,4.248502045374708,4.060576392127971,4.179917812347412,569500000.0
2019-05-13,4.04819735886475,4.071223904026611,3.9073150816915914,3.923161268234253,656912000.0
2019-05-14,3.9627762843320418,4.0472069478786725,3.924151485970432,4.012048244476318,524880000.0
2019-05-15,3.956585929261325,3.9875354446133415,3.897410612695974,3.951138973236084,502320000.0
2019-05-16,3.9456924990787705,4.0088295502210025,3.9033536714913817,3.966242790222168,781088000.0
2019-05-17,3.9243988357806634,4.053396399499504,3.8362546249082308,3.875622272491455,1022068000.0
2019-05-20,3.77707872150093,3.8320450886560913,3.7325113457262473,3.7572710514068604,572064000.0
2019-05-21,3.8179323897499655,3.8550717152495353,3.7793073589998123,3.8392255306243896,361848000.0
2019-05-22,3.800600591263355,3.826598070897786,3.757518682528197,3.7684130668640137,325868000.0
2019-05-23,3.706266750992323,3.706266750992323,3.5879158682421104,3.6475865840911865,591844000.0
2019-05-24,3.6664037334430635,3.701562436246453,3.5871730401264275,3.593858242034912,357584000.0
2019-05-28,3.6114373482718416,3.644120030658878,3.5468146000057823,3.548795461654663,428356000.0
2019-05-29,3.5012569849778905,3.536167989916481,3.440100802270634,3.474764347076416,559800000.0
2019-05-30,3.4779868948997428,3.5136814493654405,3.4100680734583735,3.4482414722442627,394300000.0
2019-05-31,3.3994096038407324,3.4665847320548404,3.3560307690748328,3.3577659130096436,389720000.0
2019-06-03,3.3689195829006886,3.4075886972354943,3.2868718817116793,3.3161215782165527,478644000.0
2019-06-04,3.380074213399917,3.549871243975112,3.358013069291645,3.544665813446045,641836000.0
2019-06-05,3.6182866816974353,3.623740092545585,3.465841284528512,3.5020315647125244,511616000.0
2019-06-06,3.506244674432135,3.5885403561906575,3.5037658304501402,3.564000368118286,408140000.0
2019-06-07,3.569949577094456,3.64084271992165,3.550862761690876,3.606635570526123,348856000.0
2019-06-10,3.6626563346899035,3.747678846182901,3.6626563346899035,3.6792643070220947,402780000.0
2019-06-11,3.7390034027403285,3.7766810829636848,3.697359949519513,3.7367725372314453,383872000.0
2019-06-12,3.6933934227785716,3.6995905336047556,3.6088668641116373,3.6239874362945557,358892000.0
2019-06-13,3.646048302277105,3.6933931379177904,3.6284488871211047,3.6750502586364746,308080000.0
2019-06-14,3.5820955420182883,3.6063875513942576,3.540699839937277,3.585317850112915,394428000.0
2019-06-17,3.583583181382849,3.6319197003710673,3.5607783335531873,3.5949857234954834,276040000.0
2019-06-18,3.656211078416756,3.8448467027624322,3.645304496180876,3.789569854736328,581920000.0
2019-06-19,3.824769291230797,3.836171596785893,3.7694921980006133,3.7955195903778076,331644000.0
2019-06-20,3.885994531773193,3.8998756789579057,3.8054339986390553,3.8198108673095703,350168000.0
2019-06-21,3.8049387644565194,3.854018743770108,3.7553628271980513,3.761807680130005,434428000.0
2019-06-24,3.7831250635560445,3.81361418219415,3.7360279741490294,3.784116506576538,282948000.0
2019-06-25,3.789074704454762,3.863934099675752,3.7521407284212343,3.7548673152923584,311868000.0
2019-06-26,3.8820294672374502,4.008695675277993,3.869139759890773,3.9477171897888184,584072000.0
2019-06-27,4.033235228451945,4.06521151620896,3.9972926952527104,4.0461249351501465,445440000.0
2019-06-28,4.089998460579333,4.099170134918949,4.024310757808632,4.070911884307861,397668000.0
2019-07-01,4.277644134618608,4.31185152757884,4.081571927225259,4.119001865386963,709756000.0
2019-07-02,4.102393790372585,4.123463733399671,4.008200058086192,4.021337509155273,400228000.0
2019-07-03,4.044637279281551,4.050338668097319,3.9744878338248797,4.034226417541504,246636000.0
2019-07-05,3.9759752144020695,3.9804369447260943,3.908551883224979,3.9717612266540527,396552000.0
2019-07-08,3.912270157498809,3.931108994720168,3.8669084444589887,3.8969016075134277,329788000.0
2019-07-09,3.854762196636293,3.927390722295944,3.842120469781752,3.8993804454803467,342860000.0
2019-07-10,3.942759683960401,4.024807400387666,3.9288785335889886,3.967547655105591,452076000.0
2019-07-11,4.0404239269596784,4.162380430510887,4.003242204498823,4.121728420257568,682560000.0
2019-07-12,4.149490556221436,4.225589614779402,4.149490556221436,4.154695987701416,506392000.0
2019-07-15,4.175765327689639,4.191877105022038,4.118009631723078,4.146267414093018,289840000.0
2019-07-16,4.131396477867574,4.168578208382101,4.086034511332518,4.141559600830078,341444000.0
2019-07-17,4.143293304914357,4.213690967589586,4.114043605126142,4.206750392913818,348204000.0
2019-07-18,4.217160815944709,4.281113382454656,4.1606443085040645,4.218400001525879,442192000.0
2019-07-19,4.256574572737633,4.2630191902095085,4.169320948320158,4.175270080566406,344896000.0
2019-07-22,4.1965869057671945,4.259548030291046,4.189150373784258,4.2466583251953125,315940000.0
2019-07-23,4.285824199703994,4.356221396581559,4.270207432340897,4.354238510131836,428176000.0
2019-07-24,4.3973705745573195,4.434304563404367,4.321519709867431,4.428603172302246,366236000.0
2019-07-25,4.387205625277258,4.399847588394193,4.274420818683589,4.2977213859558105,392700000.0
2019-07-26,4.324741319657999,4.386215058342815,4.324741319657999,4.339613914489746,274160000.0
2019-07-29,4.332425018793409,4.349528713326907,4.245419617794768,4.33341646194458,248160000.0
2019-07-30,4.287061778523097,4.361177450700526,4.272684675173794,4.349031448364258,197772000.0
2019-07-31,4.317550656604295,4.3185425722487985,4.1400696204793555,4.182209014892578,359416000.0
2019-08-01,4.192620111561201,4.28284803541097,4.035960784856661,4.088015556335449,421212000.0
2019-08-02,3.995558977127075,4.064717481305779,3.948214357872516,3.995558977127075,428348000.0
2019-08-05,3.8123745688753186,3.8136139907865134,3.690914058324892,3.7377631664276123,589156000.0
2019-08-06,3.81237480422896,3.857736514280389,3.728839700701017,3.7764322757720947,361272000.0
2019-08-07,3.715701362547377,3.8265032575055913,3.698349930565544,3.8146049976348877,372560000.0
2019-08-08,3.8721143956805033,3.924168947611292,3.814854412196198,3.922929525375366,309300000.0
2019-08-09,3.882029294106203,3.885499581591262,3.7714753433773147,3.8217947483062744,341816000.0
2019-08-12,3.769739980519211,3.821794526165038,3.7323102845376672,3.7541236877441406,279200000.0
2019-08-13,3.752636911391859,3.9140060061178206,3.713720044265559,3.8681483268737793,351956000.0
2019-08-14,3.7801506444149013,3.7913052062117063,3.6762895375376137,3.7199161052703857,419880000.0
2019-08-15,3.7387547862750132,3.7585850650011694,3.653484540473427,3.6876916885375977,477200000.0
2019-08-16,3.949948272255342,4.004233452012975,3.8887220444608346,3.955153703689575,1007960000.0
2019-08-19,4.068186165550668,4.249137537708656,4.052073914585831,4.233273029327393,815112000.0
2019-08-20,4.227820082206071,4.228316040190973,4.14007097821964,4.1611409187316895,463188000.0
2019-08-21,4.22707624393112,4.29945679431367,4.205510818927859,4.244427680969238,427244000.0
2019-08-22,4.254096852687527,4.296484017453568,4.211461472451817,4.250626564025879,303488000.0
2019-08-23,4.1742785788354055,4.228563996129451,4.006712380628328,4.026542663574219,568056000.0
2019-08-26,4.105119618507018,4.129163884209364,4.062980217889895,4.101153373718262,318208000.0
2019-08-27,4.13932763285051,4.142054220023411,3.981429064319112,4.010678768157959,290968000.0
2019-08-28,3.984377275928954,4.052859302388664,3.94517343006626,4.0002570152282715,255612000.0
2019-08-29,4.091567103292539,4.1759293506395405,4.088093380399166,4.143673419952393,357976000.0
2019-08-30,4.189822620583614,4.239447619790014,4.13821277285186,4.156325817108154,290616000.0
2019-09-03,4.083627083659792,4.1166274499411415,4.050626717378443,4.073453903198242,296140000.0
2019-09-04,4.133995918409182,4.194786537943837,4.133995918409182,4.187342643737793,227728000.0
2019-09-05,4.289323117794941,4.465987517968853,4.287586256003698,4.459784507751465,695676000.0
2019-09-06,4.4364595380613325,4.493279990414334,4.394774863116284,4.432737827301025,376976000.0
2019-09-09,4.463753715638196,4.564988610694491,4.4622648419069675,4.478641033172607,417524000.0
2019-09-10,4.445888787269379,4.571687736460456,4.436212054237598,4.545138835906982,352812000.0
2019-09-11,4.559775977547078,4.621806991543993,4.530745319125762,4.573670864105225,361512000.0
2019-09-12,4.620072247467901,4.674659394421699,4.564244214640552,4.572184085845947,327840000.0
2019-09-13,4.505684231145685,4.54265475221169,4.470698558392521,4.514368534088135,324592000.0
2019-09-16,4.439436194793438,4.5059333627447185,4.429015028616985,4.471444129943848,231832000.0
2019-09-17,4.478143268954454,4.49700075115441,4.431744000022863,4.4927825927734375,223048000.0
2019-09-18,4.485835712927259,4.501467463048874,4.37939026220508,4.465737342834473,258152000.0
2019-09-19,4.4716923888184725,4.4900538978931825,4.379638275420076,4.390307903289795,245476000.0
2019-09-20,4.389315980085497,4.412887601997053,4.274682658844729,4.284855365753174,350244000.0
2019-09-23,4.285103736213856,4.383608854453236,4.281381552536594,4.338201999664307,249712000.0
2019-09-24,4.369465611551954,4.3989922511248905,4.245403559873673,4.280885219573975,317268000.0
2019-09-25,4.280388956161692,4.441917996754072,4.2357265399009565,4.422316074371338,308432000.0
2019-09-26,4.412639281386251,4.421323587396591,4.349367368157565,4.400232791900635,234564000.0
2019-09-27,4.358547059562309,4.409164483142733,4.20123621873477,4.261778831481934,362056000.0
2019-09-30,4.287586020513187,4.329270701213524,4.2563220367286165,4.319097518920898,186184000.0
2019-10-01,4.34217243287037,4.491047010934916,4.312645789053364,4.317359924316406,366008000.0
2019-10-02,4.295524372954725,4.30743441273116,4.221335322035488,4.293539524078369,293372000.0
2019-10-03,4.298006794716774,4.504942251858928,4.267735711769522,4.498739242553711,450588000.0
2019-10-04,4.500970006837581,4.544391998494176,4.43596172311397,4.515113353729248,265524000.0
2019-10-07,4.5798738708531,4.673168379605846,4.571189566754258,4.573670864105225,480984000.0
2019-10-08,4.482114082791431,4.482114082791431,4.379390802700661,4.397503852844238,444436000.0
2019-10-09,4.474174700465516,4.533228465686125,4.445392491319718,4.483851432800293,292412000.0
2019-10-10,4.481617029796941,4.5922801532266915,4.476406447032556,4.541414737701416,309124000.0
2019-10-11,4.625283135555872,4.697983340303621,4.606425644419669,4.614861965179443,446404000.0
2019-10-14,4.6061769102518095,4.649102475168107,4.575161388848153,4.628260135650635,200040000.0
2019-10-15,4.7183289420364085,4.9448663136536535,4.704433577189583,4.872413635253906,664124000.0
2019-10-16,4.838420492650064,4.943129094185844,4.807404976671537,4.81881856918335,428944000.0
2019-10-17,4.863233229602868,4.908143638282121,4.766464493366643,4.820804119110107,263436000.0
2019-10-18,4.821298192620296,4.853802570802209,4.652325780837439,4.72651481628418,307440000.0
2019-10-21,4.787803109175514,4.876879959848776,4.768945622235089,4.863481044769287,261868000.0
2019-10-22,4.920301321615547,5.025257908542597,4.845864274299775,4.853556156158447,328720000.0
2019-10-23,4.7716754177526095,4.854796775015168,4.739915464414268,4.840653896331787,279916000.0
2019-10-24,4.881840363536793,4.918066451148933,4.847847585404465,4.884570121765137,232020000.0
2019-10-25,4.964963301585127,5.095972796196652,4.957271420404589,5.075130462646484,423092000.0
2019-10-28,5.11880100719679,5.183313342999633,5.089522349919318,5.130959510803223,330792000.0
2019-10-29,5.117063932573511,5.123515402514696,5.015581534253515,5.034934997558594,211236000.0
2019-10-30,5.061733059559819,5.067440093512516,4.968934482100591,5.036920547485352,205960000.0
2019-10-31,5.016076812063298,5.036919146033415,4.908142958818643,4.987790584564209,209732000.0
2019-11-01,4.952557687400017,5.059003157203133,4.927497190501189,5.026747226715088,283640000.0
2019-11-04,5.107634695669968,5.235418937100487,5.0845595239398795,5.223012447357178,376716000.0
2019-11-05,5.222763922024642,5.248816837915492,5.153041018598312,5.200929164886475,300868000.0
2019-11-06,5.1768616032258,5.202418072769225,5.064461125716639,5.151801109313965,269012000.0
2019-11-07,5.238148345811392,5.252787672770663,5.124755440517977,5.169417858123779,280340000.0
2019-11-08,5.152545073202675,5.187034306800953,5.115078093051343,5.155522346496582,189100000.0
2019-11-11,5.1547776082621,5.188522403247771,5.0686785232004175,5.165447235107422,243436000.0
2019-11-12,5.2036584503713526,5.256757179837685,5.168672768132822,5.200929164886475,283504000.0
2019-11-13,5.1696656005734,5.197207391905786,5.108875458696897,5.175124645233154,300188000.0
2019-11-14,5.184056915405438,5.207629008615156,5.124259198305219,5.205395698547363,518080000.0
2019-11-15,5.203163831012112,5.254773705357175,4.978363292156554,5.066447734832764,1053628000.0
2019-11-18,5.059004074091366,5.293729344851946,5.056026799629789,5.267180442810059,574588000.0
2019-11-19,5.236163163136437,5.259734782811542,5.102672367728209,5.160733222961426,414564000.0
2019-11-20,5.13790695555133,5.323503619081088,5.1252524762450085,5.2398858070373535,472588000.0
2019-11-21,5.235418991269967,5.290998551465639,5.19348586004434,5.2150726318359375,288388000.0
2019-11-22,5.23765150302719,5.284050778422608,5.209117287982455,5.232689380645752,224100000.0
2019-11-25,5.360474506227291,5.493717346201479,5.347572038234067,5.488754749298096,506476000.0
2019-11-26,5.471136134479743,5.4758507421905955,5.377841610563299,5.384293079376221,385244000.0
2019-11-27,5.42973391735485,5.46399996004786,5.392736101303444,5.419056415557861,215784000.0
2019-11-29,5.388265463148825,5.416572084830323,5.3579715809838655,5.381809234619141,141556000.0
2019-12-02,5.374857618547784,5.388266419499602,5.18068149080554,5.195827960968018,372036000.0
2019-12-03,5.012578221912661,5.160320856261252,4.975332231378648,5.15634822845459,465232000.0
2019-12-04,5.239778035168698,5.262125719687644,5.171493654075639,5.200048923492432,273424000.0
2019-12-05,5.221901514415001,5.237544802595156,5.152623486406264,5.183165550231934,184884000.0
2019-12-06,5.252194284022518,5.30111093009585,5.2422617681542905,5.268333911895752,232236000.0
2019-12-09,5.245489883172307,5.322961801954157,5.236799168591819,5.268333911895752,211880000.0
2019-12-10,5.298377997188875,5.3649247022824476,5.245736905989348,5.313276767730713,256388000.0
2019-12-11,5.323707901234439,5.4021729932890965,5.32122477174814,5.39670991897583,233796000.0
2019-12-12,5.367904674619111,5.581945344521159,5.358965790344056,5.56381893157959,404348000.0
2019-12-13,5.566799162383771,5.6857383315718675,5.507950004779443,5.561832904815674,454704000.0
2019-12-16,5.609259960549348,5.662894219865034,5.581201029609997,5.590636730194092,320976000.0
2019-12-17,5.609260769450315,5.691202142334896,5.599825067505515,5.668606281280518,321196000.0
2019-12-18,5.703368712084622,5.759237933363476,5.694926167783203,5.698899269104004,343548000.0
2019-12-19,5.733414541547483,5.860051298114847,5.7284482827938215,5.84664249420166,445360000.0
2019-12-20,5.912940120759926,5.969057514210457,5.893820547013858,5.943730354309082,603044000.0
2019-12-23,5.9722845488565195,6.004316104397407,5.919395280275833,5.93007230758667,355060000.0
2019-12-24,5.914677668064655,5.942239783537777,5.880411151831388,5.925106525421143,138864000.0
2019-12-26,5.928582980707063,5.9673189406850975,5.90971157915814,5.939260482788086,182852000.0
2019-12-27,5.954405695747302,5.967814494817426,5.855331095356012,5.881651878356934,254644000.0
2019-12-30,5.8598027980039555,5.865017227319757,5.737387320894743,5.768673896789551,258056000.0
2019-12-31,5.733413233709171,5.852104233361392,5.714293662838255,5.842668533325195,231004000.0
2020-01-02,5.9283346184940875,5.9571380615234375,5.87792847479062,5.9571380615234375,237536000.0
2020-01-03,5.837701968795054,5.905490008291012,5.812871155604805,5.861787796020508,205384000.0
2020-01-06,5.768672347337643,5.891584133115414,5.742600207761552,5.886369705200195,262636000.0
2020-01-07,5.9146772215510675,6.003322975997539,5.869733680543367,5.957634449005127,314856000.0
2020-01-08,5.953413060374501,6.010027258014917,5.913435777645766,5.968808174133301,277108000.0
2020-01-09,6.0549704262952675,6.106618363369138,5.9807266351536645,6.034360885620117,255112000.0
2020-01-10,6.141381945898443,6.171675359974287,6.052488017299634,6.066641330718994,316296000.0
2020-01-13,6.149576949548927,6.281924462411108,6.1269806168674785,6.256845474243164,319840000.0
2020-01-14,6.214135205399541,6.239462833086717,6.126979427600585,6.140140056610107,359088000.0
2020-01-15,6.152803361694652,6.175151045475262,6.071855169086371,6.097679138183594,263104000.0
2020-01-16,6.151065616620908,6.187070273217819,6.127724774613784,6.181110858917236,284192000.0
2020-01-17,6.200229594507966,6.207678979782701,6.142374075671657,6.18980073928833,253792000.0
2020-01-21,6.153301311440246,6.190050958426522,6.122511079468189,6.156529426574707,217916000.0
2020-01-22,6.201720357984873,6.2968218681187,6.182848958433113,6.210411071777344,239240000.0
2020-01-23,6.25038990641841,6.287139081474139,6.161744136844011,6.278696537017822,244516000.0
2020-01-24,6.393910339538206,6.443571968511958,6.165467698754059,6.219598770141602,373512000.0
2020-01-27,5.915671254980269,6.015242695944172,5.766438652557308,5.964339733123779,470536000.0
2020-01-28,6.0301406941602735,6.189553975862552,5.977002775723372,6.15727424621582,310976000.0
2020-01-29,6.142871011283525,6.178875663738441,6.057204736572978,6.0969343185424805,258848000.0
2020-01-30,5.999350082914366,6.117047926796072,5.944474498630881,6.103639125823975,290504000.0
2020-01-31,6.05795012762334,6.069868955650473,5.8290111609015804,5.870726585388184,370420000.0
2020-02-03,5.852600426682379,5.986934708189254,5.846392841617823,5.967566967010498,255564000.0
2020-02-04,6.109102487177571,6.155536003954367,6.059192684593247,6.136415958404541,271544000.0
2020-02-05,6.257092159833184,6.267272844623342,6.14336743176508,6.226550579071045,208220000.0
2020-02-06,6.26081803092759,6.313210487365723,6.179869829185719,6.313210487365723,218284000.0
2020-02-07,6.273232574934326,6.2953320882230726,6.221832806853207,6.2471604347229,189752000.0
2020-02-10,6.269757213066146,6.530479600799783,6.264790955072942,6.529735088348389,529608000.0
2020-02-11,6.637746980573556,6.766370000222853,6.575918362337463,6.651900291442871,638556000.0
2020-02-12,6.704542714595026,6.773820731779094,6.66580675646444,6.767364501953125,374644000.0
2020-02-13,6.709510014197988,6.790706399592257,6.682196065816272,6.723663330078125,528016000.0
2020-02-14,7.132872659897927,7.324317490360946,7.101586088770916,7.195694446563721,1041924000.0
2020-02-18,7.092646240797741,7.382421154368142,7.073278500086372,7.364046096801758,620164000.0
2020-02-19,7.486213518147479,7.831857176120988,7.486213518147479,7.814227104187012,694332000.0
2020-02-20,7.766304072638066,7.854453011250892,7.358583618194485,7.665243148803711,810052000.0
2020-02-21,7.553256172115003,7.578335155313168,7.217296402519011,7.301969051361084,768180000.0
2020-02-24,6.709011544937188,6.999034626035026,6.654632306032912,6.785738468170166,856916000.0
2020-02-25,6.860728377866259,6.922557012925543,6.40533302083709,6.506890773773193,1055496000.0
2020-02-26,6.507137078696602,6.839620529958425,6.505647580569452,6.645940780639648,747732000.0
2020-02-27,6.333136621915026,6.633768307386428,6.183814767032639,6.275991916656494,906416000.0
2020-02-28,6.024056430486508,6.7694234632079855,6.007410040360973,6.710042476654053,1133252000.0
2020-03-02,6.87973918151174,6.896882687253615,6.4846945394968625,6.868061542510986,890744000.0
2020-03-03,6.923715627771662,6.983344943140282,6.520968837432035,6.606189250946045,652792000.0
2020-03-04,6.713274628939243,7.078256099735265,6.638737617936484,7.068814754486084,597408000.0
2020-03-05,6.869800768089446,7.03626612440936,6.745572904384784,6.790046691894531,540328000.0
2020-03-06,6.610909961054981,6.668303457897392,6.410157592567672,6.6099162101745605,515412000.0
2020-03-09,5.960453109775377,6.444941989409287,5.917718976759138,6.098097801208496,614160000.0
2020-03-10,6.373881985811504,6.48668098449707,6.111761635809377,6.48668098449707,580648000.0
2020-03-11,6.347049964055862,6.375373996903059,6.026790637877311,6.123688220977783,499964000.0
2020-03-12,5.601683509592118,5.86653734889985,5.36167534133843,5.374346733093262,816540000.0
2020-03-13,5.726903333954018,5.988278725229075,5.456335393232123,5.983806610107422,634836000.0
2020-03-16,5.2774487368082355,5.6175850257486974,4.820041769777359,4.879671096801758,726972000.0
2020-03-17,4.991723701502606,5.487393064419589,4.745504279805291,5.398197174072266,833632000.0
2020-03-18,4.971597169380709,5.216077321382032,4.489096480442115,5.039176940917969,874268000.0
2020-03-19,5.017812074847171,5.384781510391298,4.804885885483796,5.291362285614014,765512000.0
2020-03-20,5.441180167876771,5.72243203505823,5.096572300669886,5.111976623535156,804636000.0
2020-03-23,5.110981281037893,5.378568423181183,4.932341691721579,5.284403324127197,643876000.0
2020-03-24,5.689636410549801,6.277482978063412,5.6660332856046995,6.1910200119018555,1101644000.0
2020-03-25,6.305805593471,6.505067080541429,6.053871523402629,6.102569103240967,793432000.0
2020-03-26,6.309284089634278,6.51500567196271,6.211392763360578,6.391274929046631,696108000.0
2020-03-27,6.211393417266331,6.537367412044874,6.178597267605432,6.279222011566162,638828000.0
2020-03-30,6.344565416561682,6.60792883445587,6.3005887404953445,6.598735809326172,602252000.0
2020-03-31,6.638735812991768,6.842469875227869,6.403945263646195,6.549292087554932,949960000.0
2020-04-01,6.351770816048918,6.497862621026077,5.994739866838938,6.039213180541992,656912000.0
2020-04-02,6.068281658432572,6.3604656947871625,6.02032998749771,6.347297668457031,675764000.0
2020-04-03,6.3097796790793605,6.351271727230636,5.922934428283792,6.060081958770752,663212000.0
2020-04-06,6.341583273592423,6.705322589635028,6.284189783712524,6.668550968170166,727884000.0
2020-04-07,6.889675569253382,6.913279161036016,6.3927642325792124,6.435747146606445,784520000.0
2020-04-08,6.544572565930502,6.657371589711409,6.474756468687239,6.63252592086792,542444000.0
2020-04-09,6.757995142898604,6.7808528319552455,6.470283210937693,6.533142566680908,525564000.0
2020-04-13,6.4735149424510565,6.713274790237523,6.385313260842416,6.704578876495361,398408000.0
2020-04-14,6.832532189824277,7.088938386369082,6.804953590184453,7.054900169372559,530948000.0
2020-04-15,6.887191238125831,7.060364971165485,6.841972501773094,6.9776291847229,366148000.0
2020-04-16,7.132666503087581,7.42882556643318,7.119498475685138,7.3219895362854,745620000.0
2020-04-17,7.403980004345366,7.425347305451841,7.129188237967692,7.262857437133789,539120000.0
2020-04-20,7.136641723005758,7.2921748539610265,7.087695825238775,7.13192081451416,449388000.0
2020-04-21,7.0141542727746815,7.075273983417711,6.636501431378573,6.696130752563477,735160000.0
2020-04-22,6.887937472455997,7.152294614390537,6.842470411605959,7.109560012817383,483356000.0
2020-04-23,7.1515491508620865,7.28323037195008,7.031296300850552,7.056390285491943,424160000.0
2020-04-24,7.0462045218903055,7.1970167604675614,6.971667519957497,7.195029258728027,352328000.0
2020-04-27,7.32919543452104,7.540631210935533,7.30459808693572,7.381122589111328,479388000.0
2020-04-28,7.528207409397369,7.558022301469902,7.233539222714368,7.239005088806152,442904000.0
2020-04-29,7.3734203929741255,7.468082150925123,7.298386754372791,7.415409564971924,379160000.0
2020-04-30,7.361494701113532,7.4154098329912435,7.2479507252078275,7.261864185333252,375916000.0
2020-05-01,7.064836752511146,7.177884061945368,6.97762885516998,7.025829315185547,342096000.0
2020-05-04,6.978624046997186,7.250931680845557,6.978624046997186,7.237266540527344,317556000.0
2020-05-05,7.341121062746931,7.460379689479762,7.237266284339808,7.29813814163208,368896000.0
2020-05-06,7.377395399557176,7.503362433621966,7.339630026481675,7.398762226104736,323464000.0
2020-05-07,7.537649417392085,7.6377770415196595,7.486467694868089,7.574669361114502,373732000.0
2020-05-08,7.646224657266343,7.770452516763413,7.612434759096941,7.7642412185668945,339216000.0
2020-05-11,7.759269894152716,8.062386092724182,7.730697551054702,8.015676498413086,469060000.0
2020-05-12,8.073318739803536,8.12201584079688,7.744611886423663,7.75430154800415,493060000.0
2020-05-13,7.868591662059855,8.028596901539283,7.5478352776957305,7.731941223144531,625852000.0
2020-05-14,7.793310242924899,7.98636043186477,7.640012928874342,7.980894565582275,602312000.0
2020-05-15,7.841015946631667,8.447993139011578,7.825363300768376,8.43830394744873,987660000.0
2020-05-18,8.706385238881781,8.86142174364779,8.626879484814598,8.696198463439941,774460000.0
2020-05-19,8.735952164581962,9.031365836913162,8.70862188133378,8.751108169555664,717320000.0
2020-05-20,8.935463891231931,8.98714273922534,8.833845378131588,8.914593696594238,587536000.0
2020-05-21,8.995587009812692,8.99658028664725,8.683526534995123,8.721043586730957,761068000.0
2020-05-22,8.770735645480487,9.036832475277743,8.659427960573646,8.970494270324707,1038764000.0
2020-05-26,9.100183808834776,9.12502993974498,8.618428561714282,8.663895606994629,770780000.0
2020-05-27,8.571722899357706,8.579424587408813,7.9473535129374895,8.472589492797852,1175892000.0
2020-05-28,8.360285927330377,8.706385125248028,8.327489780511128,8.434575080871582,734896000.0
2020-05-29,8.501656726855527,8.820673942565918,8.4325860729438,8.820673942565918,745256000.0
2020-06-01,8.778688546696015,8.786141917167349,8.635826276699152,8.75185489654541,389876000.0
2020-06-02,8.741914591556846,8.78266074460048,8.604518233665114,8.770734786987305,391320000.0
2020-06-03,8.767752949429001,8.811480823540192,8.646257567101596,8.715328216552734,365440000.0
2020-06-04,8.678043432788487,8.892061426403298,8.627832561939305,8.716323852539062,424280000.0
2020-06-05,8.744166533641167,8.945506952696915,8.658161434698009,8.868947982788086,481748000.0
2020-06-08,8.826441189640361,8.838869456825446,8.636037519288681,8.754605293273926,387736000.0
2020-06-09,8.749632267006549,9.057608978908226,8.701161369707968,8.994223594665527,468488000.0
2020-06-10,9.115274800775179,9.445622668630607,9.101105615785517,9.313135147094727,632180000.0
2020-06-11,9.097627526364212,9.208240685971829,8.735711592301131,8.745903015136719,583652000.0
2020-06-12,9.110059416078007,9.134667518345411,8.653437455543614,8.881375312805176,570908000.0
2020-06-15,8.76479584104821,9.129694925278905,8.693704301366452,9.121243476867676,400004000.0
2020-06-16,9.172199951355399,9.21371094455474,8.78816020790791,9.016594886779785,535716000.0
2020-06-17,9.061588926015345,9.245778000808796,9.018336998285697,9.183138847351074,408304000.0
2020-06-18,9.174187646326033,9.229370011265214,9.062331373041776,9.165239334106445,254408000.0
2020-06-19,9.18959858782948,9.390938922555518,9.174435670130153,9.208240509033203,524160000.0
2020-06-22,9.246771661468518,9.476697912993025,9.220174203686891,9.472223281860352,398468000.0
2020-06-23,9.496330068518066,9.587306606533783,9.353652079303153,9.39590835571289,375108000.0
2020-06-24,9.422012461612931,9.501803887247242,9.092161313313138,9.18264102935791,449372000.0
2020-06-25,9.302201948489339,9.450597738483603,9.129694924322715,9.435683250427246,376072000.0
2020-06-26,9.445626707798452,9.445626707798452,9.072773021964302,9.102601051330566,592084000.0
2020-06-29,9.117263371240242,9.15181445013021,8.849056804789194,9.147339820861816,342248000.0
2020-06-30,9.260691434297515,9.471726378322368,9.213463641985124,9.443389892578125,367892000.0
2020-07-01,9.466256631521325,9.520942134354888,9.359123415191961,9.47545337677002,326648000.0
2020-07-02,9.583829361365101,9.681765828943993,9.523427067505946,9.557232856750488,364056000.0
2020-07-06,9.685991442309067,9.85203541147055,9.656908714808086,9.782933235168457,315892000.0
2020-07-07,9.889323129713429,10.012364587676132,9.794369726464941,9.8152494430542,357800000.0
2020-07-08,9.936547196680957,10.166474321926895,9.908459152504701,10.157525062561035,365480000.0
2020-07-09,10.320837695475568,10.509501363844844,10.174927184561719,10.448850631713867,494548000.0
2020-07-10,10.528144672391011,10.594263768223163,10.319346579441985,10.419271469116211,497676000.0
2020-07-13,10.534355587918135,10.730475965341348,9.967617563822607,9.994711875915527,457076000.0
2020-07-14,10.01733538240931,10.343209704716779,9.729492105255805,10.317606925964355,542676000.0
2020-07-15,10.35464256132505,10.373284483795743,9.998194021875896,10.168712615966797,403984000.0
2020-07-16,9.95767944646456,10.148331539727138,9.838863245920118,10.076744079589844,344964000.0
2020-07-17,10.166974986746677,10.189843112280766,10.030013717920978,10.143112182617188,266284000.0
2020-07-20,10.215445849899917,10.470974892299653,10.098618052123475,10.450592041015625,284852000.0
2020-07-21,10.452829106890468,10.499560985576702,10.22787433658931,10.26938533782959,277036000.0
2020-07-22,10.308161365872728,10.541815989518545,10.23259614351377,10.379003524780273,367292000.0
2020-07-23,10.390189182924372,10.486634124309322,9.973836090293624,10.071772575378418,411660000.0
2020-07-24,9.81847724465439,10.305423911151712,9.721038604140965,10.136148452758789,473292000.0
2020-07-27,10.173686764073727,10.381987070709492,10.159269139197106,10.36185359954834,292132000.0
2020-07-28,10.314870072861838,10.322575273286915,10.150814541044854,10.157028198242188,271636000.0
2020-07-29,10.3312755922246,10.456056985081002,10.28777619712682,10.405597686767578,284508000.0
2020-07-30,10.315618860396064,10.562199580657735,10.236325247506235,10.553251266479492,308880000.0
2020-07-31,10.502788631136903,10.704876167416607,10.373284166869748,10.553994178771973,386080000.0
2020-08-03,10.671071020858617,11.03522477261038,10.653919693105369,10.94723129272461,412720000.0
2020-08-04,10.986754217813543,11.16348648071289,10.843578365613316,11.16348648071289,310336000.0
2020-08-05,11.179644171241007,11.306662426415594,11.102338977036846,11.222148895263672,249924000.0
2020-08-06,11.284789542978082,11.292992559456534,11.114768727732969,11.270621299743652,244316000.0
2020-08-07,11.247751053622988,11.438900929592537,10.974325440445547,11.135397911071777,342516000.0
2020-08-10,11.269378890384155,11.342954759845608,10.79436251780805,11.101097106933594,427796000.0
2020-08-11,11.010368494518175,11.073008586632106,10.733959759991317,10.7878999710083,354512000.0
2020-08-12,10.927846536085267,11.401370493028676,10.895532279063268,11.374773979187012,464412000.0
2020-08-13,11.479911617130073,11.654656373539842,11.290751138960353,11.377501487731934,374460000.0
2020-08-14,11.464009332104853,11.637759500197651,11.375022096718254,11.497815132141113,366436000.0
2020-08-17,11.78341797703203,12.338721639164778,11.749613132917666,12.266387939453125,621300000.0
2020-08-18,12.378740485765862,12.424477676202287,12.01707295308066,12.190573692321777,503448000.0
2020-08-19,12.22612167908348,12.244515173044023,12.028757156275493,12.069025993347168,622624000.0
2020-08-20,11.906460065788977,12.30417023970523,11.810760432923727,12.07150936126709,921388000.0
2020-08-21,12.13191156434554,12.73543767305914,12.125448525163229,12.610904693603516,999868000.0
2020-08-24,12.810008752365281,12.8385946165752,12.435911984887685,12.647444725036621,490564000.0
2020-08-25,12.558455188322542,12.68820808728753,12.501781279435177,12.677022933959961,289076000.0
2020-08-26,12.725991685415721,12.79484543135099,12.605187089337212,12.699892044067383,321244000.0
2020-08-27,12.708341816441752,12.776450255737013,12.494572269907243,12.55596923828125,317604000.0
2020-08-28,12.6024516518253,13.072743893029559,12.570137408216738,13.072495460510254,537160000.0
2020-08-31,13.107296770619834,13.497301743517985,12.963127187794592,13.29794979095459,500840000.0
2020-09-01,13.406855757117219,13.917818175661797,13.363591845452834,13.74600601196289,511316000.0
2020-09-02,14.6239656123547,14.646841525282102,13.82457680383725,14.268654823303223,874012000.0
2020-09-03,13.753711459178122,13.809158839731726,12.808866582577295,12.94487476348877,945128000.0
2020-09-04,12.714381712126338,13.103509297412081,11.641237117895182,12.554007530212402,1463684000.0
2020-09-08,11.670827490333822,12.481902772745954,11.640742031689909,11.848359107971191,795728000.0
2020-09-09,12.3327152920004,12.739744895840701,12.16537815920074,12.64600658416748,736200000.0
2020-09-10,12.91876810424412,12.994355926622518,12.10097942091234,12.24494457244873,698684000.0
2020-09-11,12.417752852588826,12.583846512984273,11.831202602456209,12.098494529724121,636928000.0
2020-09-14,13.010023410133604,13.242752993061371,12.562713786469418,12.80240535736084,1201744000.0
2020-09-15,13.20794074712078,13.22658919691016,12.758145184218588,12.920509338378906,727556000.0
2020-09-16,12.88694277948844,13.02170750232912,12.445849671255177,12.446595191955566,556384000.0
2020-09-17,12.066418385960583,12.521436376153515,11.969447587657047,12.39587116241455,792512000.0
2020-09-18,12.525414964806158,12.563954399639542,11.923698214828766,12.123109817504883,698460000.0
2020-09-21,11.86029406096583,12.454551820156114,11.839905113708335,12.44933032989502,721044000.0
2020-09-22,12.506768243734077,12.57937210243199,12.089545037394595,12.569177627563477,646452000.0
2020-09-23,12.507263849012158,12.657942495758004,12.013707338704753,12.057965278625488,647012000.0
2020-09-24,12.006744330754543,12.50129577509505,11.948809980000965,12.280997276306152,731240000.0
2020-09-25,12.379960225173095,12.81359436481939,12.179305115812923,12.8038969039917,588016000.0
2020-09-28,12.969492081929529,12.980930038377432,12.680817182936027,12.96427059173584,573808000.0
2020-09-29,12.867298209631182,13.369806586512889,12.863071696016648,13.153984069824219,621460000.0
2020-09-30,13.086103752297042,13.548580675580677,13.078893259891974,13.457079887390137,689184000.0
2020-10-01,13.683349171791244,13.688072700094674,13.387711312976796,13.540627479553223,525004000.0
2020-10-02,13.153240207178108,13.446141621282568,12.980183612538768,12.991373062133789,552496000.0
2020-10-05,13.164181528727003,13.570216220179136,13.151003074175092,13.568475723266602,479820000.0
2020-10-06,13.754955294119164,14.06526258648005,13.590850658447438,13.661962509155273,784420000.0
2020-10-07,13.923786729329015,14.042638475157641,13.788275536042313,13.888230323791504,418084000.0
2020-10-08,13.998628455737617,14.008077409272373,13.683349068361048,13.763660430908203,378900000.0
2020-10-09,13.692299667418414,13.749239048406054,13.586626375698904,13.688072204589844,346892000.0
2020-10-12,13.91359008305016,14.269150288914334,13.837008235079223,14.14880657196045,434744000.0
2020-10-13,14.218925925974037,14.27064381415561,13.94268301085505,14.170937538146973,344604000.0
2020-10-14,14.212958430202395,14.264924826969352,13.884252095509092,14.018768310546875,276100000.0
2020-10-15,13.735810371723643,13.92975196281535,13.693043477475365,13.894196510314941,267224000.0
2020-10-16,13.96058405122219,14.044874357852594,13.717659097272511,13.736556053161621,242392000.0
2020-10-19,13.827558704209942,13.907621541917687,13.33400132974897,13.424508094787598,298068000.0
2020-10-20,13.509794959370556,13.724871990223454,13.43371011402251,13.57145881652832,229212000.0
2020-10-21,13.551068882438022,13.716665521672029,13.404369199715683,13.451362609863281,219596000.0
2020-10-22,13.449123468777783,13.537888788294158,13.159950652383756,13.28849983215332,290480000.0
2020-10-23,13.37701796276027,13.519491128255543,13.21912978294742,13.516507148742676,233484000.0
2020-10-26,13.35414134739024,13.618449244464328,12.96774924576472,13.069941520690918,336896000.0
2020-10-27,13.23379931227968,13.369061984732776,13.11992056172702,13.324057579040527,250520000.0
2020-10-28,13.126388844691007,13.188052711675699,12.54058495383574,12.558486938476562,376520000.0
2020-10-29,12.768837386000987,13.121165154152697,12.68081757068752,12.953330993652344,320080000.0
2020-10-30,12.780274436354883,12.86630429338477,12.233258625540165,12.465989112854004,416820000.0
2020-11-02,12.589067357205305,12.767095978819652,12.327743402774802,12.51248550415039,299652000.0
2020-11-03,12.63954302876551,13.033891238095508,12.53436674945058,12.94885540008545,272900000.0
2020-11-04,13.316598246406535,13.752470792021674,13.264631851760678,13.719400405883789,410228000.0
2020-11-05,14.085653088319836,14.261194749998864,13.915083461408287,14.083166122436523,319028000.0
2020-11-06,14.03318712124654,14.509588050674013,13.819603063155224,14.482983589172363,383348000.0
2020-11-09,14.47353602436871,14.611781731679114,13.536896506652354,13.556787490844727,582976000.0
2020-11-10,13.532668624695363,13.532668624695363,12.559727213621446,12.700708389282227,644068000.0
2020-11-11,12.982919181366613,13.362100862954051,12.877991414086402,13.345192909240723,404744000.0
2020-11-12,13.405863195675428,13.69130564112091,13.243747525525295,13.383733749389648,365812000.0
2020-11-13,13.55330655700008,13.59458146386751,12.988388755362086,13.224848747253418,346312000.0
2020-11-16,13.101021962780749,13.575433861635306,13.084611974472585,13.441912651062012,413776000.0
2020-11-17,13.478960898278817,13.522473311365049,13.231560936588995,13.349417686462402,312028000.0
2020-11-18,13.392184564746637,13.531922248694801,13.113455665930692,13.35588264465332,510924000.0
2020-11-19,13.141056448609183,13.414315378972356,13.028918190667222,13.367321968078613,565936000.0
2020-11-20,13.38099780808852,13.421277740192645,12.994107670676497,13.016735076904297,341088000.0
2020-11-23,13.099782179302716,13.309885276431308,12.94487701698277,13.06870174407959,361356000.0
2020-11-24,13.071186853481274,13.090580823661265,12.815084388554446,12.887439727783203,346500000.0
2020-11-25,12.961785056669386,13.197498593327106,12.949353072197923,13.16293716430664,259916000.0
2020-11-27,13.302426146106399,13.334750064003929,13.099035582696706,13.189292907714844,167276000.0
2020-11-30,13.193025221888577,13.339724933395338,12.901863309749812,13.328783988952637,286952000.0
2020-12-01,13.419040904899328,13.45534283154815,13.156472492583589,13.31734561920166,296948000.0
2020-12-02,13.278058816081627,13.599306136815693,13.162439563503987,13.471006393432617,283360000.0
2020-12-03,13.51776256115673,13.589890686799333,13.260590147589848,13.327245712280273,199520000.0
2020-12-04,13.379479051472986,13.490407545452614,13.320036096172974,13.488666534423828,202244000.0
2020-12-07,13.53144416609202,13.660777082523387,13.430714113847694,13.53691577911377,223244000.0
2020-12-08,13.515275267993854,13.52895477226671,13.213332801749806,13.281481742858887,271920000.0
2020-12-09,13.232236984460078,13.345154105047774,12.80220542358008,12.864384651184082,401300000.0
2020-12-10,12.802955272859238,13.001680080193259,12.78355462039608,12.905674934387207,207764000.0
2020-12-11,12.900696337580094,12.953176186221913,12.75718677443914,12.946460723876953,209264000.0
2020-12-14,13.020827307185531,13.320033514605955,13.010381243037374,13.24044418334961,270156000.0
2020-12-15,13.370774767503343,13.394900342976547,13.11907389477602,13.291932106018066,193016000.0
2020-12-16,13.353613224501983,13.368288003309102,13.14469094040639,13.174537658691406,223116000.0
2020-12-17,13.29814698347281,13.310832168465264,13.110863557414445,13.272778511047363,231384000.0
2020-12-18,13.310332443875872,13.33619902252071,13.003416470104648,13.203882217407227,342064000.0
2020-12-21,13.007647270428471,13.301381917619228,12.900947489997865,13.263825416564941,302332000.0
2020-12-22,13.25089297888134,13.26880025003233,12.98700409143935,13.210103034973145,185580000.0
2020-12-23,13.187967415608872,13.206869957358288,12.938256138787487,12.942483901977539,179144000.0
2020-12-24,12.970340640953479,13.065101934133372,12.87234685454828,12.927063941955566,97884000.0
2020-12-28,12.99545713252303,12.99545713252303,12.697743372819765,12.83379077911377,212564000.0
2020-12-29,12.858664715222053,13.005407733251095,12.776339097439232,12.87682056427002,170372000.0
2020-12-30,12.923580016159637,13.145933201726493,12.830560696633615,13.078282356262207,225396000.0
2020-12-31,13.069081697926531,13.083506947592985,12.84871807733126,12.98799991607666,192424000.0
2021-01-04,13.036995675741743,13.582432117374609,12.89597283811847,13.046197891235352,560640000.0
2021-01-05,13.03251966866756,13.374505491666145,13.01983542997663,13.335954666137695,322760000.0
2021-01-06,13.154638288108194,13.177022849780169,12.521405575778882,12.549758911132812,580424000.0
2021-01-07,12.900946780331147,13.309091919233424,12.820363118117218,13.275514602661133,461480000.0
2021-01-08,13.293918144958322,13.352117237676298,12.975062715626606,13.20860767364502,292528000.0
2021-01-11,13.349881280512768,13.889348941876813,13.293920349716162,13.551590919494629,518344000.0
2021-01-12,13.681917255790076,13.683907795701348,13.276509362154492,13.415541648864746,291476000.0
2021-01-13,13.420765571709692,13.555072944184918,13.316304914526613,13.462301254272461,210028000.0
2021-01-14,13.505330358708365,13.529953094168745,13.112855226974897,13.132503509521484,283120000.0
2021-01-15,13.160108417536335,13.256859277308203,12.782556721687804,12.793499946594238,277780000.0
2021-01-19,12.949446142963154,13.02679731028673,12.77808038942773,12.95840072631836,226188000.0
2021-01-20,13.044458284042483,13.361572793196219,12.98974119703935,13.297155380249023,258572000.0
2021-01-21,13.349632577259866,13.927402474262239,13.184982279201542,13.7963285446167,337780000.0
2021-01-22,13.669482236438519,13.77071039880611,13.557310847947868,13.642123222351074,246820000.0
2021-01-25,13.711018054558481,13.757528189213795,13.168566485898285,13.58317756652832,251112000.0
2021-01-26,13.510800674012138,13.574720917203404,13.318791364133517,13.366296768188477,163980000.0
2021-01-27,13.162099460401164,13.164835741319445,12.728088683861888,12.851452827453613,371272000.0
2021-01-28,12.929547927045675,13.271285077100378,12.893981023989753,12.984016418457031,228316000.0
2021-01-29,13.007894722708423,13.26631196684961,12.845234024057874,12.92308235168457,271552000.0
2021-02-01,12.986256485316742,13.202639933895902,12.836528607721643,13.169063568115234,217204000.0
2021-02-02,13.329984932916615,13.502345023877039,13.217315428489607,13.487174034118652,220440000.0
2021-02-03,13.566014514279491,13.860247226982565,13.44712862336559,13.46105670928955,245408000.0
2021-02-04,13.461555570894452,13.603324148408923,13.26929767552563,13.594121932983398,201340000.0
2021-02-05,13.654560923062117,13.666748000470225,13.476230156579192,13.521247863769531,169152000.0
2021-02-08,13.656796531061007,14.39946521890189,13.656796531061007,14.364645004272461,434624000.0
2021-02-09,14.267147945822208,14.50840365374763,14.149504952867572,14.190046310424805,287560000.0
2021-02-10,14.3890170434693,14.828499321718558,14.26789205087329,14.688471794128418,485352000.0
2021-02-11,14.903366783802442,15.19386796154073,14.848400177999755,15.172477722167969,450828000.0
2021-02-12,14.972759615299346,15.212771494540394,14.699170418654422,14.884465217590332,374756000.0
2021-02-16,14.986936092155004,15.293604492895591,14.873272272609666,15.251570701599121,321960000.0
2021-02-17,15.093136657546811,15.14536793027898,14.704143611075722,14.829497337341309,274756000.0
2021-02-18,14.653408193835052,14.796917793200864,14.500198268904695,14.75289535522461,233868000.0
2021-02-19,14.947390182953654,15.099107664393724,14.770552807333134,14.849893569946289,271724000.0
2021-02-22,14.698921307165705,15.055581855788054,14.251479612238253,14.282072067260742,325884000.0
2021-02-23,14.003010965897,14.165672613131727,13.320780447752483,14.069418907165527,391780000.0
2021-02-24,14.050267080329668,14.432296075073527,13.685398664118521,14.424585342407227,448320000.0
2021-02-25,13.973413810504649,14.300974328312286,13.148420401177352,13.239201545715332,824436000.0
2021-02-26,13.681917670854737,13.783394411878966,13.29242744323524,13.644113540649414,500932000.0
2021-03-01,13.80378919793109,13.853532772184092,13.483690829892343,13.770709991455078,353184000.0
2021-03-02,13.828662789797564,13.849057762968405,13.32724967985745,13.337447166442871,264116000.0
2021-03-03,13.357343042088633,13.382462935621067,12.733063022967233,12.739032745361328,377592000.0
2021-03-04,12.735054284527099,12.908410605300014,12.021734035558053,12.306763648986816,573344000.0
2021-03-05,12.485590681099316,12.485590681099316,11.61930914685573,12.397544860839844,542840000.0
2021-03-08,12.386102995034543,12.40724370649822,11.507137260717878,11.533750534057617,543112000.0
2021-03-09,12.072158275042783,12.55632821655255,12.001498194954765,12.460290908813477,521824000.0
2021-03-10,12.779007652547866,12.917839263049766,12.397842388909234,12.408540725708008,384376000.0
2021-03-11,12.887987539350979,12.983777168838303,12.673519602486424,12.931279182434082,299916000.0
2021-03-12,12.587678172940858,12.82702688570475,12.529707651427094,12.79443359375,243964000.0
2021-03-15,12.803143022661203,13.143505256096866,12.706110083817578,13.128079414367676,221988000.0
2021-03-16,13.292534194238696,13.447787232885492,13.053932469656843,13.2275972366333,272128000.0
2021-03-17,12.977303509185077,13.388823115161827,12.92729410030536,13.277359962463379,243864000.0
2021-03-18,13.07359132528923,13.120863512138007,12.656099908286295,12.66157341003418,293896000.0
2021-03-19,12.688940826273994,12.859619725532603,12.552099497380718,12.784232139587402,299208000.0
2021-03-22,12.850910591400218,13.33035300913703,12.844938809314465,13.123100280761719,297804000.0
2021-03-23,13.190776400457926,13.280594218123273,12.958892409753085,13.008155822753906,222048000.0
2021-03-24,13.088269018279323,13.096231078614293,12.576233274539561,12.582452774047852,245840000.0
2021-03-25,12.439639589489444,12.653858762465513,12.213229135480182,12.475217819213867,295144000.0
2021-03-26,12.494375164135345,12.79468024246044,12.314242229995006,12.777761459350586,363968000.0
2021-03-29,12.75885368993943,12.999944000887075,12.63917981486877,12.88624095916748,273520000.0
2021-03-30,12.780500784061243,12.913112896753688,12.644156781650523,12.810108184814453,200204000.0
2021-03-31,12.953170680778484,13.405991674241122,12.92032872070121,13.284327507019043,314776000.0
2021-04-01,13.507255208263642,13.803578856697488,13.446546506677153,13.74560832977295,308276000.0
2021-04-05,13.801089845669066,13.946887903270396,13.667233455346796,13.920515060424805,255672000.0
2021-04-06,13.932707577763324,13.986946213948366,13.707541356464933,13.795119285583496,191744000.0
2021-04-07,13.814275196569815,14.175288050539208,13.645836193052718,14.075767517089844,251284000.0
2021-04-08,14.184495575099847,14.402198005906836,14.180762736178757,14.248437881469727,244416000.0
2021-04-09,14.145932176310351,14.339003397951725,14.107119378716153,14.33104133605957,195172000.0
2021-04-12,14.22131825641827,15.27897874166865,14.071538686150255,15.136165618896484,869324000.0
2021-04-13,15.158558477798532,15.624815043568274,15.053314813963015,15.604413032531738,676212000.0
2021-04-14,15.550173290053323,15.645215941609269,15.154576843590075,15.203840255737305,385500000.0
2021-04-15,15.587493880373994,16.13660177459163,15.556642200301264,16.05997085571289,598480000.0
2021-04-16,15.976124276327353,16.08833533705713,15.789273517405002,15.836297988891602,335208000.0
2021-04-19,15.46209667219749,15.731798779412195,15.160049939654558,15.288183212280273,404420000.0
2021-04-20,15.24986813446878,15.422785985221951,14.89134381807293,15.098596572875977,334132000.0
2021-04-21,15.04634851396947,15.28893180639827,15.029928007995823,15.286941528320312,216776000.0
2021-04-22,15.301370575475275,15.364566882387335,14.712702932237502,14.779133796691895,277788000.0
2021-04-23,14.86273203688158,15.261563065807191,14.828895411965819,15.192147254943848,227500000.0
2021-04-26,15.112283003056701,15.40487477930476,15.052569911420672,15.403879165649414,197796000.0
2021-04-27,15.503894807552262,15.595454229797074,15.280967559873904,15.308087348937988,164572000.0
2021-04-28,15.290920597634818,15.457867612223833,15.14263398051159,15.203590393066406,209416000.0
2021-04-29,15.326253075343647,15.362578263675914,14.999326380353246,15.251363754272461,173196000.0
2021-04-30,15.101830901269981,15.291417919862836,14.925180214363863,14.937620162963867,201912000.0
2021-05-03,15.052565087745686,15.173731895148114,14.716681783612378,14.765695571899414,203912000.0
2021-05-04,14.567155728925739,14.567404395065287,13.94315842316622,14.282525062561035,405324000.0
2021-05-05,14.638559441083883,14.742559766034404,14.318599252847807,14.389259338378906,292024000.0
2021-05-06,14.425833080432389,14.501469334711977,14.149911470541818,14.453450202941895,193380000.0
2021-05-07,14.737337192612971,14.899058448800085,14.601490502201287,14.741317749023438,229328000.0
2021-05-10,14.716434736221853,14.73509513395343,14.181758011696585,14.197432518005371,268904000.0
2021-05-11,13.758793450883047,14.286006409049536,13.684152807210628,14.237738609313965,285584000.0
2021-05-12,13.942409127844432,14.191958844362496,13.643597898091196,13.692611694335938,303408000.0
2021-05-13,13.966541791864056,14.013317589093692,13.394544329389682,13.599806785583496,285404000.0
2021-05-14,13.823484928887614,14.259387193283878,13.68266206294746,14.17479419708252,258616000.0
2021-05-17,14.089203532423051,14.101394815593933,13.787157729474968,14.097662925720215,216980000.0
2021-05-18,14.19867545367631,14.335268109499602,13.936934476221778,13.948628425598145,186256000.0
2021-05-19,13.501530662163134,14.012074425864109,13.478392376887879,13.998390197753906,344000000.0
2021-05-20,14.234004704040196,14.613429266885895,14.202158362939752,14.542520523071289,321592000.0
2021-05-21,15.09113341773736,15.149104894905113,14.79829298748573,14.919957160949707,672992000.0
2021-05-24,15.139647605689639,15.669597751616458,15.10332242541384,15.537235260009766,554816000.0
2021-05-25,15.690497590957026,15.742745944567211,15.408355532354786,15.572813987731934,435408000.0
2021-05-26,15.658899315983863,15.718114114485589,15.51160831799245,15.624813079833984,370440000.0
2021-05-27,15.62456385589873,15.674573261836494,15.38596210958284,15.413827896118164,581476000.0
2021-05-28,15.426767817068965,16.199548993346383,15.426767817068965,16.166706085205078,644536000.0
2021-06-01,16.19208371844466,16.30976731502325,15.827089363864259,16.186609268188477,472804000.0
2021-06-02,16.17442249509747,16.837730875688383,16.157752372791514,16.69790267944336,594168000.0
2021-06-03,16.62077403418186,17.17635111968771,16.503587746671425,16.888484954833984,580008000.0
2021-06-04,17.030548852392332,17.576422190681168,17.013631964827372,17.494070053100586,617120000.0
2021-06-07,17.487106098679014,17.727199894884183,17.11041866627379,17.534626007080078,575756000.0
2021-06-08,17.443314784213733,17.53711316104232,17.16838687091044,17.373401641845703,323848000.0
2021-06-09,17.435864226348606,17.4948438746544,17.17704981871262,17.279081344604492,381656000.0
2021-06-10,17.270872745755277,17.412225327997316,17.09766651507908,17.345529556274414,287772000.0
2021-06-11,17.39977791669959,17.857432176144524,17.364191530157925,17.74395179748535,416308000.0
2021-06-14,17.82433244551483,17.957222713161077,17.582191993695638,17.936567306518555,321376000.0
2021-06-15,17.83329105855584,17.93407895613419,17.647143687325773,17.707366943359375,243032000.0
2021-06-16,17.709609271497378,17.872860848959444,17.50429881095447,17.729019165039062,307124000.0
2021-06-17,17.693431602265857,18.749093928519862,17.675265325334816,18.572154998779297,809656000.0
2021-06-18,18.698327387768984,19.286631467550436,18.49923881961197,18.553739547729492,968856000.0
2021-06-21,18.35116743365587,18.45195723428612,17.741461763180403,18.343204498291016,672384000.0
2021-06-22,18.38725647206684,18.877261882587188,18.302145702434846,18.80061149597168,580144000.0
2021-06-23,18.921061246552416,19.065400403264565,18.821516935073355,18.970335006713867,332356000.0
2021-06-24,19.140058125456942,19.331430625682103,19.00119278333372,19.117908477783203,320924000.0
2021-06-25,19.192566694456715,19.257270776737716,18.80832746643894,18.944204330444336,278364000.0
2021-06-28,19.272944526076227,19.987172738905034,19.23088754454261,19.893850326538086,495436000.0
2021-06-29,19.791820384449192,20.00708358846568,19.56734872951691,19.935413360595703,367632000.0
2021-06-30,19.908036750212215,20.070542160413943,19.77315479150044,19.911272048950195,326568000.0
2021-07-01,20.033212727409474,20.362702460566606,19.927695282223045,20.119815826416016,480136000.0
2021-07-02,20.34702451247123,20.411728585764077,20.195219897428057,20.3935604095459,342764000.0
2021-07-06,20.642917142581126,20.746940344072726,20.257434361701367,20.604095458984375,446708000.0
2021-07-07,20.758390496324644,20.779792073320536,20.239269348710295,20.278837203979492,418428000.0
2021-07-08,19.765944640178606,20.041182456212237,19.61090466789789,19.811983108520508,503300000.0
2021-07-09,19.87145390678074,19.988667035276382,19.664153655569276,19.958803176879883,296624000.0
2021-07-12,20.147690934282892,20.43910519307565,20.09567932268978,20.418949127197266,321984000.0
2021-07-13,20.307459143346122,20.36793303880323,20.02226675099357,20.15764617919922,290708000.0
2021-07-14,20.26489928311296,20.3246250945611,19.662659112833513,19.75100326538086,380100000.0
2021-07-15,19.72139214020743,19.756481081917247,18.77248888227508,18.87974739074707,550564000.0
2021-07-16,18.943702280089244,19.069624493243037,17.99056898289551,18.078166961669922,688224000.0
2021-07-19,17.8335458640855,18.955156212033163,17.784021479768406,18.694103240966797,749060000.0
2021-07-20,18.644572891370625,18.75208011096828,18.08115440605644,18.527111053466797,434687000.0
2021-07-21,18.795882316770854,19.43794103502016,18.656521440989437,19.321474075317383,371017000.0
2021-07-22,19.552410535184023,19.796291995753982,19.188078783772816,19.504629135131836,323826000.0
2021-07-23,19.5663502862294,19.610150227595415,19.16220189145238,19.46879768371582,195672000.0
2021-07-26,19.222929669807954,19.353330839467855,18.827738996164285,19.20600700378418,203943000.0
2021-07-27,19.17713490295772,19.532507034154946,18.655524613503584,19.12039566040039,248863000.0
2021-07-28,19.230886448455678,19.556394670076585,18.908364802076598,19.414047241210938,202191000.0
2021-07-29,19.42997730193718,19.762455536602744,19.239848425490685,19.57232666015625,190781000.0
2021-07-30,19.329442363282215,19.540475418744872,19.175150464847526,19.41007423400879,183497000.0
2021-08-02,19.610152354563404,19.869961658246222,19.27269777815783,19.659923553466797,217444000.0
2021-08-03,19.649967848258107,20.129769849720965,19.13233905420484,19.724626541137695,301811000.0
2021-08-04,19.898830576115028,20.225335671014715,19.737568762887463,20.181535720825195,231309000.0
2021-08-05,20.40650100265894,20.638438109278407,20.24922068734739,20.542875289916992,211435000.0
2021-08-06,20.430397424754673,20.47618716407528,20.117828389835985,20.273117065429688,178497000.0
2021-08-09,20.352750666567054,20.41446817532741,20.051133065996048,20.20244026184082,146443000.0
2021-08-10,20.229316742427432,20.336823982919242,19.744536419810593,19.845077514648438,179238000.0
2021-08-11,19.951588533994844,19.957561686039927,19.34138529513122,19.60915756225586,185925000.0
2021-08-12,19.779376396027782,19.937649714347675,19.53051661292987,19.81421661376953,151652000.0
2021-08-13,19.814221709491452,20.121812495694318,19.76046713192301,20.095930099487305,183063000.0
2021-08-16,20.043166397287347,20.194473564961584,19.36427582596979,19.859010696411133,210876000.0
2021-08-17,19.595217108343547,19.679830414635195,19.17912431578376,19.369253158569336,204585000.0
2021-08-18,19.41106621785206,19.544455857793075,18.91334657124047,18.95316505432129,285913000.0
2021-08-19,19.405092071189426,20.4015281044792,18.676430196540903,19.707706451416016,766555000.0
2021-08-20,19.89982729696695,20.769841836804602,19.842093151241713,20.721065521240234,675741000.0
2021-08-23,20.875356807002596,21.896676532709122,20.854452674261367,21.85785484313965,575807000.0
2021-08-24,21.653790746731485,21.858850614050873,21.43678457528005,21.693607330322266,297299000.0
2021-08-25,21.63785975782843,22.367516438446174,21.62292877853246,22.1116886138916,347701000.0
2021-08-26,22.098749850642953,22.23811072383032,21.6906199517518,21.96735191345215,237940000.0
2021-08-27,22.08281871317179,22.61836499960409,22.065896052772057,22.532756805419922,304722000.0
2021-08-30,22.725870959777648,22.937898801193786,22.448144163408006,22.584518432617188,262580000.0
2021-08-31,22.59547280041693,22.59547280041693,22.022995550957603,22.286832809448242,259850000.0
2021-09-01,22.386398003393204,22.597468221617223,22.25895905860022,22.34259033203125,201767000.0
2021-09-02,22.41925336542852,22.493925233851396,22.197231693882596,22.297788619995117,187834000.0
2021-09-03,22.227098408861508,22.885199011095356,22.102646574319134,22.742826461791992,280532000.0
2021-09-07,22.732867877774773,22.798578424834954,22.42323092316532,22.562618255615234,198107000.0
2021-09-08,22.414274113005263,22.510848859948066,21.88062343636692,22.241037368774414,254434000.0
2021-09-09,22.21415637158111,22.43916513590544,22.033950346554978,22.079748153686523,196856000.0
2021-09-10,22.250001675952277,22.526782500549718,22.172344593777844,22.379432678222656,248376000.0
2021-09-13,22.584527770420298,22.863300618199723,21.762149673506425,22.054861068725586,297500000.0
2021-09-14,22.177318823418137,22.311727046467276,21.989148450540036,22.14446449279785,199755000.0
2021-09-15,22.211171283679054,22.268917505986135,21.86967498640837,22.243030548095703,166538000.0
2021-09-16,22.085723205642353,22.179310858145648,21.830845305683194,22.14446449279785,156033000.0
2021-09-17,22.202208228860844,22.223116047519348,21.734269978657856,21.80396270751953,294503000.0
2021-09-20,21.05326677060768,21.339008821253724,20.57139003647495,21.02041244506836,349440000.0
2021-09-21,21.32307976600177,21.331044106280054,20.8581286447772,21.152830123901367,204688000.0
2021-09-22,21.27229709776588,21.86369193137956,21.10304256901547,21.844776153564453,268726000.0
2021-09-23,22.042908323767797,22.436176576629713,21.794004654713568,22.38340950012207,248555000.0
2021-09-24,21.973215656561944,22.051869687132683,21.765132553304515,21.984167098999023,217655000.0
2021-09-27,21.614793860062722,21.70340426569089,21.231483878149266,21.565013885498047,245215000.0
2021-09-28,21.120971560225616,21.32507250371504,20.560438842257536,20.60822868347168,343069000.0
2021-09-29,20.848170149177676,20.92483213876471,20.3772429721725,20.427024841308594,218394000.0
2021-09-30,20.676926507135207,20.973620032961403,20.59727740414024,20.625154495239258,221009000.0
2021-10-01,20.65900918749452,20.76753046725814,20.114406955736236,20.651044845581055,240978000.0
2021-10-04,20.414083578048384,20.451917043098803,19.469245817551954,19.645469665527344,345635000.0
2021-10-05,19.86251239664923,20.557451354715955,19.766932724840515,20.36131477355957,279282000.0
2021-10-06,20.03176418206324,20.629131351141822,19.991938691333246,20.609220504760742,297202000.0
2021-10-07,20.99950393304236,21.22849675315436,20.880031234621082,20.982580184936523,256919000.0
2021-10-08,21.00846523888015,21.113004324739432,20.683894639844777,20.739648818969727,151258000.0
2021-10-11,20.484773437642136,20.970632383544228,20.421053017517437,20.604246139526367,163388000.0
2021-10-12,20.73666197268602,20.964657828842242,20.437978323976292,20.580350875854492,162134000.0
2021-10-13,20.826267780379947,20.897952540851815,20.622166840732383,20.84717559814453,180652000.0
2021-10-14,21.194644976644554,21.65959608070997,21.029372578571422,21.650636672973633,243589000.0
2021-10-15,21.71435462616983,21.834824285475865,21.56700484536949,21.76612663269043,226994000.0
2021-10-18,21.653624540532604,22.19324752272249,21.5490835543678,22.124549865722656,189494000.0
2021-10-19,22.178312668438,22.280861623084096,21.940362329321403,22.19225311279297,161473000.0
2021-10-20,22.207186839128415,22.334625782730672,21.885603327165416,22.006072998046875,146276000.0
2021-10-21,22.00009915262171,22.611406925381793,21.986160606952357,22.59248924255371,187590000.0
2021-10-22,22.722911788353617,23.028564678129815,22.462061631178194,22.6263370513916,249384000.0
2021-10-25,22.87225483930817,23.252579603731718,22.670145947280098,23.064409255981445,230235000.0
2021-10-26,23.88380013492317,25.148231194964065,23.819084651019782,24.608606338500977,485898000.0
2021-10-27,24.36667464722999,24.97997251638669,24.175515291453934,24.343774795532227,245990000.0
2021-10-28,24.768901535208865,24.840586291381936,24.415458790011783,24.83162498474121,234204000.0
2021-10-29,24.89136000637363,25.596255323739626,24.89036493868352,25.454877853393555,292503000.0
2021-11-01,25.536526170254046,25.78045075190704,25.116375810653224,25.7137451171875,265740000.0
2021-11-02,25.70876724972974,26.56101256170564,25.68686246202582,26.285226821899414,294112000.0
2021-11-03,26.55304424185898,26.666544637188032,26.11995237716791,26.481359481811523,239910000.0
2021-11-04,27.109591491333024,31.227453379184272,26.999078204026905,29.670312881469727,1153631000.0
2021-11-05,30.054622412775466,31.26230243845938,29.28102933486203,29.621530532836914,851260000.0
2021-11-08,30.016786509890455,30.963616262925747,29.775847185212836,30.668914794921875,503101000.0
2021-11-09,32.140437950177784,32.16831504259849,29.83260209058048,30.52256202697754,646746000.0
2021-11-10,29.227269752002172,30.714717786724723,28.65180336425327,29.329816818237305,636206000.0
2021-11-11,30.334391912355496,30.45585665879576,29.646422105832695,30.256732940673828,332172000.0
2021-11-12,29.87840015502357,30.545462142052177,29.500065470388805,30.256732940673828,413054000.0
2021-11-15,30.41801896863416,30.509614574948284,29.11874154072653,29.893329620361328,384909000.0
2021-11-16,29.628497753453818,30.256729228063044,29.57572877826621,30.07054901123047,264484000.0
2021-11-17,30.28460468714921,30.37520712128107,28.673700206648128,29.132678985595703,428508000.0
2021-11-18,32.225065268536866,32.61633964212017,31.183650744846176,31.53609848022461,781711000.0
2021-11-19,32.10160442864808,32.94290005570085,31.765087317217567,32.84035110473633,533867000.0
2021-11-22,33.37001812058742,34.49506385982345,31.76011037964673,31.81586456298828,754335000.0
2021-11-23,31.39671157119762,32.218094514763855,30.744583214227514,31.606786727905273,532163000.0
2021-11-24,31.323035910804574,32.71092196803006,30.792372310199486,32.53071594238281,435162000.0
2021-11-26,32.45704054958605,32.56655878387352,31.212523964338434,31.364852905273438,283069000.0
2021-11-29,32.22406422648845,33.26547475913897,31.895509575688923,33.22963333129883,454964000.0
2021-11-30,33.02354533082021,33.20674036434526,31.72426963928221,32.53270721435547,622066000.0
2021-12-01,33.07737601000796,33.1470772684117,31.24621379716434,31.300979614257812,484368000.0
2021-12-02,31.08091852606124,32.33952934929724,30.89272325657991,31.989028930664062,472890000.0
2021-12-03,31.863568243842334,31.992019863861056,30.001540138937465,30.56214141845703,544325000.0
2021-12-06,29.752612926604016,30.112073950169314,27.91846679531978,29.908945083618164,658938000.0
2021-12-07,30.82501579680724,32.31065524359192,30.520318769347558,32.28874588012695,593053000.0
2021-12-08,31.862574188094904,32.152333886772645,31.287037448230688,31.690311431884766,475551000.0
2021-12-09,31.598708004869856,32.067702562935565,30.29827610494739,30.36001205444336,488507000.0
2021-12-10,31.017190899282223,31.171530737037585,29.733687020196054,30.069250106811523,488825000.0
2021-12-13,30.120038719143704,30.16484694472882,27.99613110546957,28.040939331054688,598344000.0
2021-12-14,27.58090425365269,28.55573036179902,27.133819165283064,28.216184616088867,667035000.0
2021-12-15,28.27891988260038,30.369967183258264,27.71931562363803,30.32914161682129,698297000.0
2021-12-16,31.019191226073666,31.02715654259987,27.97323253537963,28.26597785949707,707366000.0
2021-12-17,27.865689688111814,28.79869516682683,27.64164857062036,27.68247413635254,713758000.0
2021-12-20,27.188586061521594,28.024007803925517,27.029268369795737,27.600820541381836,461847000.0
2021-12-21,28.25303433423604,28.99585421850797,27.28418102866078,28.951045989990234,524385000.0
2021-12-22,28.767827479708327,29.428996155845503,28.327710555903725,29.274656295776367,395184000.0
2021-12-23,29.628143214986842,29.93084800774143,29.30552513261703,29.513633728027344,343022000.0
2021-12-27,29.53354885530447,30.95446509890773,29.51363366651382,30.81307029724121,403686000.0
2021-12-28,31.178509095241882,31.196432007116783,29.884050192927987,30.192729949951172,420591000.0
2021-12-29,30.143930413484238,30.417757558740163,29.240795959898424,29.873088836669922,343139000.0
2021-12-30,29.69983733274605,30.32715249863817,29.41406215423733,29.45986557006836,308864000.0
2021-12-31,29.547489426670328,29.901972573947273,29.205951342168785,29.28561019897461,266530000.0
2022-01-03,29.68789094158686,30.58007095463998,29.65801815616507,29.992586135864258,391547000.0
2022-01-04,30.147920339641463,30.338106033190847,28.228140493093743,29.165128707885742,527154000.0
2022-01-05,28.825575893064034,29.290585804595278,27.41561451686952,27.486310958862305,498064000.0
2022-01-06,27.522160621764158,28.316758809179447,26.949613182894534,28.0578670501709,454186000.0
2022-01-07,28.021030002522835,28.300832179759222,26.941649777940604,27.130840301513672,409939000.0
2022-01-10,26.467673635110437,27.351888211869046,25.534668178229204,27.28318214416504,594681000.0
2022-01-11,27.206514697544513,27.945351930449434,26.724578863489402,27.698408126831055,404089000.0
2022-01-12,27.947338113635016,28.473086907923104,27.49029538667551,27.879629135131836,383413000.0
2022-01-13,28.258006149078067,28.35857536952985,26.385025255824416,26.461698532104492,540171000.0
2022-01-14,26.187875711062546,27.08105283504242,26.098259251810827,26.827138900756836,395832000.0
2022-01-18,26.148042698978056,26.524431382788112,25.660132004918143,25.792564392089844,424270000.0
2022-01-19,25.96781525631739,26.42983583830402,24.94519334293258,24.960128784179688,488315000.0
2022-01-20,25.19612032401024,25.46994751510898,23.97534549383341,24.047039031982422,435181000.0
2022-01-21,23.40678161092132,24.717171038870582,23.163822382731063,23.274349212646484,718958000.0
2022-01-24,22.234802301835362,23.28032516492924,20.798950422051416,23.27235984802246,913982000.0
2022-01-25,22.44988020196596,22.84518895116685,21.906208409712576,22.22882652282715,664616000.0
2022-01-26,23.14091465619821,23.954430766160627,22.20492187006913,22.674909591674805,755959000.0
2022-01-27,23.467517526484492,23.892697037716033,21.582586870222382,21.850440979003906,573353000.0
2022-01-28,21.918155191484143,22.760549101180075,21.20520811526972,22.742626190185547,543774000.0
2022-01-31,23.083165646073763,24.404509712140047,22.953720720505,24.381607055664062,564680000.0
2022-02-01,24.996971847725337,25.03779741322022,23.78814690915183,24.532958984375,518925000.0
2022-02-02,25.684030811068062,25.70693156804896,24.448320550364187,25.134384155273438,543419000.0
2022-02-03,24.353729361756347,24.97008988703977,23.678620353637253,23.845903396606445,410178000.0
2022-02-04,23.869797957184883,24.529971431012495,23.531247360390374,24.21531867980957,354829000.0
2022-02-07,24.26808886721252,25.074634872099356,24.098813592190186,24.62257194519043,376868000.0
2022-02-08,24.255144583805702,25.12243136129767,23.877760740156685,25.000951766967773,410359000.0
2022-02-09,25.512761692954534,26.611059748632012,25.244909456729868,26.591144561767578,524282000.0
2022-02-10,25.884173907605756,26.810207355807123,25.490857492439208,25.71390151977539,513200000.0
2022-02-11,25.805512129420663,26.040506046365,23.671648776457072,23.84689712524414,605472000.0
2022-02-14,23.831957540433464,24.76894557701756,23.653719855080432,24.163537979125977,440424000.0
2022-02-15,24.8426335224846,26.431829912184345,24.67833795995591,26.382043838500977,699869000.0
2022-02-16,26.147045693944886,26.468668539900218,25.443059254688013,26.39797019958496,732676000.0
2022-02-17,25.520732727345163,25.67507261130779,24.061980098121023,24.40252113342285,810595000.0
2022-02-18,24.562833238351214,24.879478312587725,23.00151913502133,23.541208267211914,761255000.0
2022-02-22,22.936795215643546,23.961407632998917,22.901944582346907,23.290281295776367,633422000.0
2022-02-23,23.700519613094333,24.052015226751326,22.205919711751882,22.29155158996582,566511000.0
2022-02-24,20.925403538862675,23.698529751346676,20.800936466850946,23.646751403808594,735801000.0
2022-02-25,23.6198702807105,24.113754059814244,23.28131966006848,24.05401039123535,528866000.0
2022-02-28,23.88971413278726,24.559845228253224,23.605929341272788,24.281038284301758,477319000.0
2022-03-01,24.187439989958865,24.273073784814436,23.033380786073458,23.376909255981445,412056000.0
2022-03-02,23.658748421485516,24.309075054496567,23.31914479926627,24.120847702026367,389642000.0
2022-03-03,24.16267940977901,24.226418496205614,23.37292639017765,23.616924285888672,365095000.0
2022-03-04,23.288275695324913,23.58306351436936,22.38996771003813,22.84210968017578,431415000.0
2022-03-07,22.723596178824522,22.938713469563773,21.242683821437815,21.26459312438965,450821000.0
2022-03-08,21.22176551078603,22.281408900955046,20.56546292122889,21.425926208496094,557467000.0
2022-03-09,22.295354282391074,23.124944442804253,22.15592800317561,22.919788360595703,492742000.0
2022-03-10,22.438759982660397,22.694707814341992,21.792416770807563,22.56524085998535,428066000.0
2022-03-11,22.927757657361386,23.050255244866698,21.95575312916382,22.009532928466797,367209000.0
2022-03-14,21.779472607816942,22.17086340274915,21.072380103418656,21.242679595947266,385354000.0
2022-03-15,21.429913984102225,22.94369219754842,21.23471717688526,22.878957748413086,491996000.0
2022-03-16,23.40379479526486,24.49630397600163,23.077138455679332,24.39571762084961,671422000.0
2022-03-17,24.021260266549067,24.74030282145656,23.808135623978337,24.664615631103516,471941000.0
2022-03-18,24.69747741085638,26.460231824316143,24.523194587296928,26.34470558166504,730719000.0
2022-03-21,26.39848370359878,27.040843612026414,25.860693482717917,26.624553680419922,591727000.0
2022-03-22,26.61758672052766,27.12649641555455,25.96526931574627,26.41541862487793,547007000.0
2022-03-23,26.019046837158616,26.50305734840452,25.470303785598432,25.529062271118164,502120000.0
2022-03-24,26.058884112048176,28.204065572576116,25.80094361026962,28.034761428833008,877379000.0
2022-03-25,27.77184031036565,28.241908164028267,27.15935821789396,27.57863426208496,579016000.0
2022-03-28,27.642375427784486,28.134352617050098,27.094625830029123,28.103479385375977,425494000.0
2022-03-29,28.57753047133925,28.827502401169717,27.865457327415218,28.5386905670166,488984000.0
2022-03-30,28.188133610446798,28.37934706350977,27.390412047597884,27.57664680480957,463487000.0
2022-03-31,27.668265181187795,28.13235706761943,27.158362081398682,27.17429542541504,523440000.0
2022-04-01,27.26292982553601,27.383434753860264,26.159466050606216,26.602643966674805,517235000.0
2022-04-04,26.618590115481663,27.445192451431552,26.504061093580642,27.248003005981445,397120000.0
2022-04-05,27.14242826487716,27.2071627020829,25.714298707379786,25.824844360351562,436615000.0
2022-04-06,24.831926142575206,25.19642705051053,23.904737678545857,24.307083129882812,703833000.0
2022-04-07,24.340940265125937,24.620790007832454,23.381883372233684,24.10889434814453,557992000.0
2022-04-08,23.819090390264524,23.825066344638063,22.967590974113833,23.024356842041016,524781000.0
2022-04-11,22.123063188914138,22.228628253478472,21.571330249174363,21.82727813720703,575207000.0
2022-04-12,22.44473805178245,22.631968138584455,21.1948747421812,21.415966033935547,662258000.0
2022-04-13,21.639056091469325,22.407895236447498,21.36717291503975,22.112110137939453,516943000.0
2022-04-14,22.412867562077835,22.683755302120506,21.076362421603775,21.17097282409668,569097000.0
2022-04-18,21.113213152266766,21.9975764845038,20.992708207900467,21.69382667541504,525701000.0
2022-04-19,21.631086156894693,22.281412909495184,21.22674802485446,22.10713005065918,512781000.0
2022-04-20,22.424823034682213,22.577196581632325,21.11321496007185,21.394060134887695,468974000.0
2022-04-21,21.620128118741523,22.30033264038632,19.918124725646763,20.10037612915039,656209000.0
2022-04-22,20.219882348509838,20.402133738806455,19.42017020020564,19.435108184814453,624713000.0
2022-04-25,19.12339100546342,19.863349361314793,19.017825948530263,19.820526123046875,641566000.0
2022-04-26,19.637279366940014,19.706992498806468,18.593569308178367,18.71108627319336,653143000.0
2022-04-27,18.521868230847012,19.08853925931246,18.215130373255832,18.339618682861328,499460000.0
2022-04-28,18.88935323961421,19.954974541798094,18.414306664090166,19.701017379760742,570327000.0
2022-04-29,19.3225724947239,20.045600227897243,18.441195280836077,18.471073150634766,500435000.0
2022-05-02,18.46509589745595,19.493865971063627,18.3157103580548,19.453035354614258,572049000.0
2022-05-03,19.320582473628384,19.743843804731753,19.054675285256874,19.52175521850586,475751000.0
2022-05-04,19.84144044981811,20.316487014368857,18.67423744950525,20.250757217407227,648855000.0
2022-05-05,19.78567397204199,19.843435208726394,18.424269280704653,18.766860961914062,626331000.0
2022-05-06,18.65929999241693,19.432122333318322,17.916353624000763,18.598548889160156,633297000.0
2022-05-09,17.9601754415391,18.180269513135514,16.75811575231476,16.880613327026367,644455000.0
2022-05-10,17.61658525253339,18.12350232079174,16.955303927577983,17.52297019958496,761474000.0
2022-05-11,17.275983917823066,17.68032194709463,16.500173704044624,16.561918258666992,670167000.0
2022-05-12,16.152598484777172,16.719269214117087,15.503268328906717,16.10877799987793,708728000.0
2022-05-13,16.71927505834853,17.854607631651785,16.525073633919344,17.633516311645508,670437000.0
2022-05-16,17.437324838562272,17.71518203809066,17.035974706114335,17.193326950073242,521446000.0
2022-05-17,18.00001346067366,18.29579857210596,17.561815969016706,18.10259246826172,585830000.0
2022-05-18,17.632522266505582,18.043831705127655,16.79496540151223,16.868661880493164,545161000.0
2022-05-19,16.867663129735934,17.61459275966754,16.665493158414193,17.053897857666016,621310000.0
2022-05-20,17.26105062577283,17.33873044435796,15.690505601912752,16.625661849975586,739105000.0
2022-05-23,16.207378932516523,16.845755601223512,16.112768519957527,16.828824996948242,639889000.0
2022-05-24,16.442409283517915,16.52905300438988,15.71539736561761,16.087865829467773,588550000.0
2022-05-25,15.954421301148022,17.040954810049584,15.934502716862164,16.9055118560791,781132000.0
2022-05-26,15.97034965113775,18.017932366337,15.956407026409044,17.77791976928711,996575000.0
2022-05-27,18.111552116018746,18.80370666474349,18.02590373672392,18.733993530273438,738379000.0
2022-05-31,18.902299762323565,19.121400348314285,18.27487967412374,18.595561981201172,664100000.0
2022-06-01,18.6473501146243,18.97500185230617,18.047813348721185,18.24500274658203,544514000.0
2022-06-02,18.217115849128234,19.53868302922962,18.12350080401456,19.51179313659668,648656000.0
2022-06-03,19.003885365597327,19.252861948714582,18.446176451745462,18.64336585998535,598779000.0
2022-06-06,19.060648619208788,19.25783800037351,18.488001796850387,18.70909309387207,422406000.0
2022-06-07,18.396382141540013,18.92222057056187,18.11354434422296,18.84852409362793,388914000.0
2022-06-08,18.72599710190359,19.105518070674538,18.463022361325056,18.575584411621094,363252000.0
2022-06-09,18.409233910241724,18.859478331118886,17.97094202357339,17.977914810180664,395574000.0
2022-06-10,17.531659275414107,17.6282827443318,16.803496864291528,16.908090591430664,465248000.0
2022-06-13,15.937870682447913,16.24865943434733,15.545400563694251,15.586241722106934,604153000.0
2022-06-14,15.669914755070089,16.00361395146763,15.352153223730667,15.774507522583008,469680000.0
2022-06-15,16.032500272176392,16.80249932387109,15.864156848634643,16.46282386779785,563936000.0
2022-06-16,15.79841271116568,15.88009502147224,15.341195447240926,15.54041862487793,545749000.0
2022-06-17,15.58723513693202,15.932887781168011,15.26847807134145,15.818334579467773,630334000.0
2022-06-21,16.411024604098987,16.94195389912008,16.343287871553795,16.501670837402344,483089000.0
2022-06-22,16.162995897557902,16.59730377393721,16.117174982143233,16.296476364135742,437135000.0
2022-06-23,16.454853928901507,16.520597628121397,15.791440668578582,16.161996841430664,463680000.0
2022-06-24,16.43592551294382,17.07343959152511,16.24666280838682,17.059494018554688,472153000.0
2022-06-27,17.244775982546706,17.26270573709096,16.561438970901577,16.803495407104492,427968000.0
2022-06-28,16.83437454206532,17.135201879170452,15.883083017438073,15.919939994812012,461149000.0
2022-06-29,15.752590608725741,15.758566876112974,15.111091360585093,15.481646537780762,482352000.0
2022-06-30,15.30135010720161,15.506550493203868,14.80428823063541,15.10013484954834,686070000.0
2022-07-01,14.84114455708728,15.004507273555733,14.336113363533372,14.466604232788086,577610000.0
2022-07-05,14.119954807294123,14.912863251478607,14.000420913948414,14.905890464782715,651397000.0
2022-07-06,14.951713200390376,15.259513302763182,14.731570721690755,15.071247100830078,529066000.0
2022-07-07,15.395980736594536,15.883081194089858,15.329240527095354,15.796419143676758,492903000.0
2022-07-08,15.37008313178978,15.974726402731946,15.329241976596508,15.776498794555664,467972000.0
2022-07-11,15.465707871427929,15.466704390913305,14.97960300654342,15.093160629272461,437321000.0
2022-07-12,15.208709354081796,15.37107648181063,14.819227931417547,15.023431777954102,458483000.0
2022-07-13,14.533344477991491,15.315296025509971,14.408829876158077,15.105114936828613,521918000.0
2022-07-14,15.049333517821207,15.412915948428,14.670808992131683,15.312308311462402,456235000.0
2022-07-15,15.598192598861097,15.72071415365687,15.385022914971692,15.70079231262207,385935000.0
2022-07-18,16.23869470882499,16.83138346936928,15.939860454756344,16.038475036621094,670517000.0
2022-07-19,16.421982128219415,17.0435595776271,16.109202264221235,16.92601776123047,702366000.0
2022-07-20,16.881194706038162,17.863366094244768,16.73576172035747,17.73785400390625,760538000.0
2022-07-21,17.815545920988264,18.073538999996114,17.476866119251895,17.979904174804688,557049000.0
2022-07-22,17.823519553288822,17.897231611980214,17.07045465118201,17.25174903869629,536671000.0
2022-07-25,16.95290981659082,17.05750351772412,16.58434768859962,16.9578914642334,480748000.0
2022-07-26,16.823420056796863,16.853304250961923,16.414016666430314,16.46880340576172,397865000.0
2022-07-27,16.965858978034504,17.86634969294112,16.847321609237287,17.720916748046875,569776000.0
2022-07-28,17.90520156953599,18.069559869258693,17.372279182649145,17.914165496826172,474646000.0
2022-07-29,17.743827026455214,18.173153093615777,17.623296613411778,18.09246826171875,435460000.0
2022-08-01,18.111395452950937,18.77281848869698,17.920141583548578,18.3693904876709,476469000.0
2022-08-02,18.051629067336524,18.864460391381805,18.021744878238078,18.454059600830078,489527000.0
2022-08-03,18.1133907416265,18.89434683025482,18.066572363125083,18.819637298583984,418146000.0
2022-08-04,18.775804825428892,19.199153667911663,18.68714973891171,19.140382766723633,409652000.0
2022-08-05,18.73695646403008,19.154330026144063,18.59351654169447,18.91526222229004,386068000.0
2022-08-08,17.434038984708703,18.16817666184887,17.175048359813875,17.723907470703125,981859000.0
2022-08-09,17.18500716001782,17.379249624350564,16.65905763199982,17.019651412963867,668263000.0
2022-08-10,17.62927873105072,18.047647949674293,17.249757634884343,18.026729583740234,597422000.0
2022-08-11,18.06059303930121,18.634356491462075,17.80658220790549,17.872325897216797,509327000.0
2022-08-12,18.089478966160975,18.645312642416616,17.883282081436935,18.6363468170166,478094000.0
2022-08-15,18.628379620944163,19.08958102425809,18.54072200021173,18.958093643188477,457666000.0
2022-08-16,18.846531923284925,19.067669997846224,18.429158316805072,18.80569076538086,451240000.0
2022-08-17,18.451069315475372,18.61542757380385,18.074536965563848,18.263797760009766,446799000.0
2022-08-18,18.229938308651626,18.791747491250643,18.112396469035968,18.700105667114258,415447000.0
2022-08-19,18.334526059114626,18.448083694133654,17.70099608999701,17.77968978881836,441588000.0
2022-08-22,17.42208217251165,17.489818903609883,16.900116815044345,16.967853546142578,409593000.0
2022-08-23,16.923032515648686,17.39718405399935,16.904105288938386,17.114286422729492,369986000.0
2022-08-24,16.945939135983163,17.338410181530257,16.829394785860185,17.15512466430664,522661000.0
2022-08-25,16.778590073936765,17.877307466202186,16.76763310909007,17.84343910217285,770691000.0
2022-08-26,17.787655912695254,17.8543951679038,16.173946054363714,16.196857452392578,769127000.0
2022-08-29,15.957791581811284,16.274555614443177,15.705773773179859,15.739641189575195,496132000.0
2022-08-30,15.898024237946384,15.976716986717125,15.123045485635457,15.40793514251709,530181000.0
2022-08-31,15.32425893297207,15.479653272888758,14.90090915114216,15.035385131835938,573710000.0
2022-09-01,14.153822371676808,14.324158812735067,13.21846957505842,13.882879257202148,1178865000.0
2022-09-02,14.045247525726571,14.115970968690647,13.538223289757255,13.594006538391113,743157000.0
2022-09-06,13.67767894562563,13.72549288368182,13.299154469269991,13.412712097167969,535751000.0
2022-09-07,13.51434705091727,13.788361151575964,13.298125457424504,13.66480541229248,512657000.0
2022-09-08,13.410720161896329,13.957751553071784,13.321043803751946,13.939815521240234,624873000.0
2022-09-09,14.10621466793855,14.422077892391746,14.07532668659429,14.335390090942383,486612000.0
2022-09-12,14.317454878749421,14.494815842064591,14.14706782384788,14.452966690063477,484159000.0
2022-09-13,13.752490135017588,13.872059562410795,13.052011836426038,13.08389663696289,714956000.0
2022-09-14,13.206456253054055,13.242327368226784,12.86667985035143,13.08090877532959,588507000.0
2022-09-15,12.96831467201239,13.185532151778458,12.744121381866282,12.882622718811035,523625000.0
2022-09-16,12.696292115324688,13.16460641916656,12.571740509534544,13.150656700134277,670751000.0
2022-09-19,12.965324131066843,13.414706540772462,12.963331449798705,13.333996772766113,569685000.0
2022-09-20,13.167596153339607,13.434634451270144,13.01016292838732,13.128735542297363,524818000.0
2022-09-21,13.16560130347165,13.980666732546284,13.062970156786745,13.213428497314453,807679000.0
2022-09-22,13.023115583255532,13.10183266935545,12.38341928920965,12.515941619873047,759162000.0
2022-09-23,12.375448310956983,12.565763159913388,12.213032901606326,12.47110366821289,663309000.0
2022-09-26,12.446191516406993,12.613589074579467,12.170184766010799,12.184134483337402,547343000.0
2022-09-27,12.462134764959494,12.690313385658438,12.214028382542947,12.3684720993042,553854000.0
2022-09-28,12.365483486484552,12.777002105621296,12.309684609382174,12.690314292907715,542414000.0
2022-09-29,12.403346432766009,12.455159943744142,11.903147353863744,12.176164627075195,532763000.0
2022-09-30,12.043639758211013,12.587681551450936,12.031682722625826,12.095453262329102,565638000.0
2022-10-03,12.3027092319889,12.632522202880898,12.061576751367282,12.467117309570312,547478000.0
2022-10-04,12.832799262641858,13.172576558568696,12.832799262641858,13.119766235351562,584182000.0
2022-10-05,12.864685926402442,13.273215022829856,12.57572625208159,13.161616325378418,507131000.0
2022-10-06,13.172577350446693,13.607013197671234,13.055996476257599,13.082900047302246,644157000.0
2022-10-07,12.460142467451544,12.624550545260242,11.978875271525471,12.032681465148926,672478000.0
2022-10-10,11.993818750562575,12.080506544532378,11.36707548368734,11.628135681152344,698699000.0
2022-10-11,11.519529376884742,11.803506900585397,11.242526713057343,11.544440269470215,667482000.0
2022-10-12,11.537463990629318,11.692903570079896,11.304303196073544,11.458746910095215,492590000.0
2022-10-13,10.931644516028966,12.034673832144149,10.774211301684586,11.917097091674805,850103000.0
2022-10-14,12.013748081279001,12.06755426824253,11.16380836002219,11.186725616455078,713432000.0
2022-10-17,11.476683331813856,11.905141179135784,11.475687466268546,11.845355987548828,580774000.0
2022-10-18,12.29972073933894,12.447189613338601,11.576325138914761,11.924073219299316,659362000.0
2022-10-19,11.83638760168255,12.305698708951443,11.791548948755544,12.007770538330078,523131000.0
2022-10-20,12.06954640498869,12.723193243429106,12.06157473125038,12.150256156921387,652398000.0
2022-10-21,12.05459908996754,12.453164696180927,11.844356542780744,12.421278953552246,609494000.0
2022-10-24,12.463133124887893,12.664408199415522,12.020725546952368,12.55380630493164,517457000.0
2022-10-25,12.648463058883129,13.252289101955755,12.618569993696527,13.213428497314453,505482000.0
2022-10-26,12.822838357636293,13.339975768369426,12.662415625938275,12.849740982055664,532953000.0
2022-10-27,13.581107454000612,13.788361512216962,13.074929346453251,13.128735542297363,583113000.0
2022-10-28,13.056994256397354,13.800318541551777,13.014148282801942,13.784375190734863,521040000.0
2022-10-31,13.728576716312174,13.788361907995785,13.249302168056532,13.44858455657959,486341000.0
2022-11-01,13.761457385078938,13.875048766316969,13.470505022876246,13.49441909790039,432817000.0
2022-11-02,13.800318290781895,14.159026573083835,13.163610543300285,13.171581268310547,672628000.0
2022-11-03,12.996213708431235,13.73156634689156,12.90952589233768,13.372857093811035,500065000.0
2022-11-04,13.935830529915377,14.177958888937177,13.647866699718021,14.105220794677734,612576000.0
2022-11-07,14.1769615012651,14.360301478064772,13.903945167549931,14.249699592590332,410061000.0
2022-11-08,14.747906191962752,14.837583500238217,14.165004638425565,14.549620628356934,595292000.0
2022-11-09,14.111198522670565,14.160023489846735,13.709644264687311,13.726583480834961,454414000.0
2022-11-10,14.746909510215898,15.716418731024099,14.49481681539553,15.693501472473145,700819000.0
2022-11-11,15.750298418180774,16.33021048888852,15.426464425019901,16.2684326171875,655487000.0
2022-11-14,16.159820218444786,16.48066558256314,15.864881605151144,16.236543655395508,527852000.0
2022-11-15,16.66201530534491,16.93702431634431,16.323234794348377,16.606216430664062,545876000.0
2022-11-16,16.104024034799696,16.30330545087524,15.816060231495598,15.852927207946777,649547000.0
2022-11-17,15.658627572163233,16.20765162732223,15.47927296101109,15.620763778686523,710894000.0
2022-11-18,15.908729544113426,15.944601613191935,15.065764428373027,15.353728294372559,492072000.0
2022-11-21,15.092663257150022,15.421479367305519,15.025903219526192,15.262053489685059,404739000.0
2022-11-22,15.273016528487188,16.0003984171812,15.067755150531777,15.980469703674316,472866000.0
2022-11-23,16.040254147784076,16.46771612556409,15.99043426388969,16.45974349975586,427241000.0
2022-11-25,16.259465648152826,16.427858142364496,16.11398946353445,16.211637496948242,167934000.0
2022-11-28,15.968511085101463,16.29832500895063,15.668592130839407,15.770225524902344,303741000.0
2022-11-29,15.770225383983295,15.874849224323373,15.46432743853725,15.582900047302246,298384000.0
2022-11-30,15.644692293883454,16.873584309435355,15.54502609510109,16.866607666015625,565298000.0
2022-12-01,16.942353455622023,17.207465887298017,16.579566121809616,17.077899932861328,470977000.0
2022-12-02,16.603481591927466,16.876568610036955,16.39019408186622,16.81975746154785,371389000.0
2022-12-05,16.62342349091921,16.9383705081479,16.41711252133541,16.55465316772461,352255000.0
2022-12-06,16.474918055552177,16.51777403742583,15.766286867339783,15.933727264404297,352694000.0
2022-12-07,15.719445161170468,16.132066147916248,15.614794545863099,16.066286087036133,372388000.0
2022-12-08,16.218773657752436,17.121754700808335,15.905818930591325,17.111787796020508,515456000.0
2022-12-09,17.102817944678048,17.524408725344184,16.91843494852363,16.944347381591797,465338000.0
2022-12-12,16.980232212594135,17.47956229907445,16.74103213701686,17.476572036743164,457328000.0
2022-12-13,18.469251865722775,18.727389611689624,17.651984541709513,18.011781692504883,656589000.0
2022-12-14,17.927065273167447,18.19118356291585,17.361955128916474,17.615108489990234,496888000.0
2022-12-15,17.088863487866476,17.262283446585172,16.64435056625301,16.895509719848633,478542000.0
2022-12-16,16.80780430040909,16.98421452775994,16.355316696171542,16.515779495239258,478232000.0
2022-12-19,16.516777854754576,16.55365331311345,16.091200695343332,16.19983673095703,354039000.0
2022-12-20,16.010470747950464,16.255651316160492,15.799178230906909,16.031400680541992,403260000.0
2022-12-21,16.060302979691098,16.571593975514052,16.04834193364069,16.446012496948242,325025000.0
2022-12-22,16.040370897342594,16.084224902594713,14.832409670787916,15.287886619567871,565045000.0
2022-12-23,15.145362798947778,15.287885933378956,14.833406075775102,15.155329704284668,349326000.0
2022-12-27,15.02377046116637,15.04968384623769,14.009162061218975,14.073945999145508,464902000.0
2022-12-28,13.880590316474528,14.2144740150627,13.837733387289415,13.989227294921875,351066000.0
2022-12-29,14.354010861447797,14.634073714841978,14.179593796870332,14.554340362548828,354923000.0
2022-12-30,14.28623425846336,14.580251302126825,14.185570989377842,14.565301895141602,310490000.0
2023-01-03,14.801512873667992,14.946030156445817,14.049028593833635,14.267298698425293,401277000.0
2023-01-04,14.518458311262469,14.803504564817873,14.193544438500394,14.699851036071777,431324000.0
2023-01-05,14.442712138646769,14.515468836750369,14.100854699285643,14.2174654006958,389168000.0
2023-01-06,14.425767217118333,14.95998131637067,13.987233879252056,14.809484481811523,405044000.0
2023-01-09,15.233069416455065,16.002496236779955,15.090545335630782,15.575922966003418,504231000.0
2023-01-10,15.455325759984621,15.908809480593666,15.42044254309106,15.855986595153809,384101000.0
2023-01-11,15.787215773433328,15.974589018428674,15.511138407767845,15.947678565979004,353285000.0
2023-01-12,16.046350570153667,16.58155988533878,15.44037584745414,16.45598030090332,551409000.0
2023-01-13,16.223754839739726,16.865609768709138,16.111132436686006,16.84268569946289,447287000.0
2023-01-17,16.842691082523842,17.66892924665794,16.842691082523842,17.643014907836914,511102000.0
2023-01-18,17.608126319924487,17.813439222153065,17.224409065517293,17.319093704223633,439624000.0
2023-01-19,16.979228061683155,17.139692742246442,16.67524604897352,16.709131240844727,452932000.0
2023-01-20,16.954312559037017,17.79649791430325,16.768933461540048,17.77955436706543,564967000.0
2023-01-23,18.00380774628692,19.18087416913429,17.758629060077922,19.129047393798828,655163000.0
2023-01-24,18.76426355229002,19.430038785893963,18.757286908397305,19.200803756713867,496204000.0
2023-01-25,18.84997803686339,19.30545594731295,18.518087479978714,19.25861167907715,449537000.0
2023-01-26,19.63535204186898,20.09880270917431,19.213761238604867,19.73601531982422,489535000.0
2023-01-27,19.39714737022937,20.559262315315294,19.34033810009434,20.297138214111328,542142000.0
2023-01-30,19.88352662193169,20.072892166183525,19.08619111094838,19.09815216064453,488611000.0
2023-01-31,19.106117637128893,19.621394975107712,18.886851453283832,19.471895217895508,498017000.0
2023-02-01,19.625380438399127,21.12137786261937,19.545647111549762,20.87320899963379,660477000.0
2023-02-02,20.93001886877329,21.875855795019138,20.631019359616392,21.636655807495117,564276000.0
2023-02-03,20.930016939244258,21.67253504328741,20.719719661348293,21.02968406677246,429366000.0
2023-02-06,20.736672203359095,21.498126422507525,20.716738389006068,21.01873016357422,452197000.0
2023-02-07,21.310745262287682,22.1848234989371,21.079518043741285,22.099109649658203,664150000.0
2023-02-08,22.31240089472821,22.801765903840348,21.934664092168923,22.13100814819336,559651000.0
2023-02-09,22.530668289120996,22.94328822764602,22.046287782724328,22.262563705444336,523876000.0
2023-02-10,21.617720531696698,22.00442614178306,20.741650010159365,21.194135665893555,550737000.0
2023-02-13,21.4662318309297,21.97453265239466,20.89215094788676,21.71539878845215,474919000.0
2023-02-14,21.506095265379177,22.972194156462287,21.294801814356916,22.894454956054688,675474000.0
2023-02-15,22.47386474338665,22.77884488396245,22.032341964452304,22.688148498535156,420575000.0
2023-02-16,22.059246323523663,22.474856585066412,21.853933394359046,21.92868423461914,412026000.0
2023-02-17,21.5589207949287,21.66755683538447,20.905106608670902,21.316730499267578,465888000.0
2023-02-21,20.9300198380873,21.422373121018033,20.54929284097226,20.586170196533203,410015000.0
2023-02-22,20.6380006960692,21.03367717070481,20.3529525061691,20.684843063354492,513184000.0
2023-02-23,23.361887672593678,23.808394684941764,22.94826973096921,23.585140228271484,1117995000.0
2023-02-24,23.14761079034492,23.39578162812699,22.870537254569477,23.208406448364258,589716000.0
2023-02-27,23.59112307758857,23.800422369181604,23.375843263094975,23.422685623168945,452994000.0
2023-02-28,23.294117844928124,23.745609343959064,23.128670637340598,23.13863754272461,455963000.0
2023-03-01,23.11472128246458,23.178509107575795,22.43300042635941,22.62236785888672,460026000.0
2023-03-02,22.413063250752206,23.302089102000206,22.35724820401247,23.236309051513672,389415000.0
2023-03-03,23.242295779588783,23.820363101858387,23.05292834096797,23.810396194458008,412393000.0
2023-03-06,23.81139038959998,24.167199231552658,23.408735379499408,23.475513458251953,437429000.0
2023-03-07,23.525355561288883,24.04869465009514,23.167489892153753,23.21434211730957,515154000.0
2023-03-08,23.412709959422333,24.12345598243845,23.34990950267541,24.104515075683594,513573000.0
2023-03-09,24.09853264786072,24.376651390603612,23.309037961330453,23.36187171936035,501257000.0
2023-03-10,23.334956536006658,23.55226740158579,22.65411633700963,22.89236068725586,474866000.0
2023-03-13,22.68003442386319,23.22430691098968,22.22647370103853,22.893356323242188,421890000.0
2023-03-14,23.421684721601242,24.14239751688331,23.385797384475328,23.98689079284668,474910000.0
2023-03-15,23.68584522635948,24.20918430620047,23.286114490388712,24.151369094848633,524486000.0
2023-03-16,23.951003432054158,25.507064935559395,23.818422785484607,25.460214614868164,583253000.0
2023-03-17,25.89981997420156,26.31550083175522,25.586812067911023,25.643632888793945,848547000.0
2023-03-20,25.533978703666488,25.94168541899632,25.050512165831673,25.818077087402344,432747000.0
2023-03-21,26.097191824105813,26.308521152399816,25.300719308848564,26.116130828857422,547408000.0
2023-03-22,26.341415997809847,27.501735683439474,26.1540109224766,26.384281158447266,797295000.0
2023-03-23,27.029233998126443,27.412020167294642,26.60557904977676,27.10499382019043,564889000.0
2023-03-24,26.94549959949804,27.081069104608634,26.271637231409848,26.69429588317871,454920000.0
2023-03-27,26.752112468073136,26.91459699343309,26.281605317466703,26.447080612182617,361026000.0
2023-03-28,26.363349230566957,26.42914045882786,25.768237406573,26.326465606689453,356104000.0
2023-03-29,26.74015174035028,26.99234984404029,26.51287227864152,26.89864730834961,393694000.0
2023-03-30,27.142874491555478,27.412020935167096,27.01627538766958,27.29638671875,364516000.0
2023-03-31,27.054159740701206,27.74596496867875,27.019270592429944,27.689146041870117,433933000.0
2023-04-03,27.421989811329777,27.911436002639256,27.249536675681906,27.87654685974121,398716000.0
2023-04-04,27.877541083680732,27.911433934646436,27.22062515381667,27.36616325378418,368592000.0
2023-04-05,26.74413916410164,26.912603331981877,26.311511909986283,26.795974731445312,515015000.0
2023-04-06,26.49991646560377,26.994347944342177,26.34341345534257,26.95148468017578,397654000.0
2023-04-10,26.738156744869016,27.533632944199486,26.58464452796212,27.49176597595215,395279000.0
2023-04-11,27.636313763900137,27.70210499985033,27.040203679477276,27.08306884765625,314378000.0
2023-04-12,27.2834300542219,27.381119656216434,26.364345440236946,26.411197662353516,446259000.0
2023-04-13,26.649439996093154,26.801955937603214,26.245722222126854,26.379297256469727,353615000.0
2023-04-14,26.420166433717664,26.79796735162646,26.137064342301827,26.673362731933594,395660000.0
2023-04-17,26.480979260649704,26.920584425908668,26.34939678807309,26.916597366333008,321471000.0
2023-04-18,27.445917519730365,28.021092206518258,27.270473592429965,27.579492568969727,604812000.0
2023-04-19,27.274456503625604,27.911435269103396,27.145864822992923,27.842653274536133,358660000.0
2023-04-20,27.583476516154896,27.94134215983428,26.914599351934957,27.01827049255371,427713000.0
2023-04-21,26.86674870571586,27.09701893484949,26.63747666725273,27.033220291137695,345103000.0
2023-04-24,26.92755907031357,27.27944127802104,26.586639849155418,26.956466674804688,339282000.0
2023-04-25,26.99234756795708,27.160813620648227,26.142046990265335,26.157995223999023,378527000.0
2023-04-26,26.91659109618502,27.24355272101591,26.620529651196374,26.87073516845703,406337000.0
2023-04-27,27.276446906007767,27.408029336469994,26.540780462251472,27.13987922668457,377161000.0
2023-04-28,27.138889210344786,27.670202402547503,26.98537507177856,27.661231994628906,292216000.0
2023-05-01,27.751942445275365,28.96609033128575,27.692132757184343,28.818557739257812,570329000.0
2023-05-02,28.58928602409841,28.74479273603856,27.994174201759634,28.120771408081055,402730000.0
2023-05-03,27.75194164873796,28.277275162589756,27.385105610028088,27.714061737060547,383387000.0
2023-05-04,27.563538380203276,27.77088065437449,27.153839081492926,27.474821090698242,321850000.0
2023-05-05,27.73798787503542,28.664048441913906,27.643289040070506,28.58928680419922,361494000.0
2023-05-08,28.43178384704761,29.127576016939173,28.260328904734493,29.058794021606445,344979000.0
2023-05-09,28.807590591905967,28.881355931475877,28.360011403786928,28.480627059936523,314869000.0
2023-05-10,28.913253779307176,29.020913869319795,28.370975777175932,28.79363441467285,369350000.0
2023-05-11,28.80460099601504,28.858431044188475,28.15665734572962,28.487606048583984,322149000.0
2023-05-12,28.438761858901234,28.688969297483915,27.957289789783168,28.2503604888916,274222000.0
2023-05-15,28.417829411901007,28.877371722844355,28.062956433881705,28.861421585083008,293926000.0
2023-05-16,28.74977286090327,29.77551927102902,28.74080245431232,29.120595932006836,449405000.0
2023-05-17,29.49042519794485,30.103479719693794,29.336912970483333,30.08254623413086,432535000.0
2023-05-18,30.31381549594501,31.72732974738972,30.22410000650582,31.577804565429688,748725000.0
2023-05-19,31.436256335555044,31.480117794725466,30.818218354063944,31.165117263793945,473908000.0
2023-05-22,30.803258976791746,31.420302459294863,30.582959233506156,31.077390670776367,372000000.0
2023-05-23,30.90194240289384,31.189031522658905,30.534110121772024,30.59092903137207,356253000.0
2023-05-24,30.114442718121378,30.510188241482325,29.711721267992726,30.44140625,721419000.0
2023-05-25,38.401160440134305,39.35513442457125,36.51913121339952,37.85987854003906,1543911000.0
2023-05-26,37.770151547520655,39.04610163074743,37.43122683133464,38.822811126708984,714397000.0
2023-05-30,40.466589564016765,41.80533984454601,39.8226331071268,39.9841194152832,923401000.0
2023-05-31,39.363100391824844,40.16754710014043,37.702369501651916,37.714332580566406,1002580000.0
2023-06-01,38.367256795979486,39.92332013723305,38.21872982052202,39.64420700073242,635873000.0
2023-06-02,39.970174994520356,40.37190020075976,38.934459847678006,39.20261001586914,482731000.0
2023-06-05,38.78593155134608,39.439854864368684,38.58457081030142,39.04710388183594,396094000.0
2023-06-06,38.707187926911864,39.03614220536465,38.02734198652988,38.531742095947266,388729000.0
2023-06-07,38.795932772814304,39.378145544208294,37.241700924960675,37.36033630371094,511998000.0
2023-06-08,37.60857182578051,38.74508306628558,37.39024395636986,38.39216613769531,417772000.0
2023-06-09,38.917552324899084,39.58948978920315,38.44899302917782,38.651371002197266,427717000.0
2023-06-12,39.080048401327254,39.409036620730106,38.49982859648077,39.361183166503906,388701000.0
2023-06-13,40.063036270092226,40.975237387752834,39.618401830821284,40.89647674560547,613208000.0
2023-06-14,40.69908893155934,42.86842954641151,40.42791802705582,42.865440368652344,740465000.0
2023-06-15,42.47165262178882,43.15655089419858,42.018042951563174,42.52249526977539,568622000.0
2023-06-16,43.317050916384595,43.587221609742976,42.53046366608263,42.561370849609375,655709000.0
2023-06-20,42.86643864335991,43.85540396507537,42.543428689005886,43.67395782470703,451153000.0
2023-06-21,43.367894115226505,43.481547516431846,41.95124449603973,42.91328811645508,551603000.0
2023-06-22,42.12370778383283,43.293118838626924,42.10476872123709,42.893348693847656,417737000.0
2023-06-23,42.33407006327904,42.678011851996246,41.886442597723466,42.07984924316406,358140000.0
2023-06-26,42.33107741154621,42.63315169907878,39.97730148068593,40.50767517089844,594322000.0
2023-06-27,40.674163315350505,41.81167093605906,40.3242393713419,41.747867584228516,462175000.0
2023-06-28,40.535589450400664,41.71696498768914,40.39402564201727,40.99119186401367,582639000.0
2023-06-29,41.430838173608656,41.4727094781301,40.47576930987673,40.69709014892578,380514000.0
2023-06-30,41.552463254955796,42.41980006839875,41.37401012697036,42.17255783081055,501148000.0
2023-07-03,42.386907892871406,42.76674265418085,42.072873075895245,42.283226013183594,198209000.0
2023-07-05,42.00607674642851,43.04488832876735,41.95623049336352,42.187522888183594,323618000.0
2023-07-06,41.71596810959315,42.04994216880029,41.21949078738844,41.97417449951172,303582000.0
2023-07-07,42.19251315535699,43.08178615352028,42.05094931242794,42.37295913696289,355881000.0
2023-07-10,42.52648316911527,42.6800113034601,41.521564138261944,42.050941467285156,353908000.0
2023-07-11,42.351013330555574,42.62716617688633,41.93828245284964,42.275245666503906,298244000.0
2023-07-12,42.901329149439654,43.80056964792914,42.64611193757971,43.767669677734375,481277000.0
2023-07-13,44.381783639889846,46.01377191487625,44.35586222212897,45.83631896972656,478204000.0
2023-07-14,46.44046966052176,47.940865860168145,44.922130787066145,45.32987976074219,772075000.0
2023-07-17,46.14736542203415,46.35372896631426,45.12350743190866,46.3188362121582,510488000.0
2023-07-18,46.55809446661066,47.74943744480596,45.59405444397255,47.34866714477539,569164000.0
2023-07-19,47.31876976791527,47.67168668562745,46.598978830711765,46.932952880859375,427502000.0
2023-07-20,46.36470161642384,46.942928804835816,44.92412321467116,45.38072204589844,537865000.0
2023-07-21,45.647898491989125,45.72566275241697,43.96506361938245,44.173423767089844,963769000.0
2023-07-24,44.59412592293156,44.97097143505105,43.90524224115585,44.47549057006836,382516000.0
2023-07-25,44.803489544215395,46.04168599596265,44.78554306973034,45.53923034667969,348081000.0
2023-07-26,45.88018648344698,45.912090061766605,44.49344377208364,45.31292724609375,364237000.0
2023-07-27,46.376665137451575,47.24998426093751,45.61001707056192,45.759559631347656,455976000.0
2023-07-28,46.525202843607126,46.883105518604516,46.23908226392985,46.60695266723633,331194000.0
2023-07-31,46.61094263427025,46.98579159307672,46.363700375175576,46.58601760864258,251055000.0
2023-08-01,46.3178432431884,46.7564993884591,45.88616945228999,46.36470031738281,237858000.0
2023-08-02,45.69077362331721,45.69974496060761,43.254251209069714,44.13355255126953,530142000.0
2023-08-03,43.665975669938696,44.97994351428875,43.665975669938696,44.378787994384766,324176000.0
2023-08-04,44.84735625489334,45.502343664999096,44.257168589781394,44.54328918457031,362666000.0
2023-08-07,44.97296695444659,45.400655128648054,44.42664342016852,45.27803039550781,322154000.0
2023-08-08,44.715749324979605,45.10355891429691,43.92118728282694,44.52732849121094,353843000.0
2023-08-09,44.13852436844698,44.17641010034291,42.00507315736143,42.423789978027344,586449000.0
2023-08-10,42.03099019324286,43.44066481177175,41.70698393305918,42.25829315185547,492705000.0
2023-08-11,41.623242454978985,41.88942754104393,40.51464563346433,40.729984283447266,533085000.0
2023-08-14,40.36212325448417,43.66598244053229,40.18765947033582,43.61912536621094,690286000.0
2023-08-15,44.423651395520004,45.12948515568442,43.5762500445296,43.805545806884766,676512000.0
2023-08-16,44.38378393145876,44.53830846558312,43.27319018328481,43.35294723510742,527451000.0
2023-08-17,43.83546018459533,43.927177736442225,42.86942340203336,43.21137619018555,452395000.0
2023-08-18,42.504541812711565,43.44465716941068,41.53252668330837,43.16651153564453,583768000.0
2023-08-21,44.357862580093396,46.92099531978242,44.086695448909836,46.82329559326172,692573000.0
2023-08-22,47.987717576539744,48.03956041703018,45.194292833514275,45.52826690673828,755293000.0
2023-08-23,45.72565711329878,47.05557488119282,45.06966956482349,46.971832275390625,779046000.0
2023-08-24,50.06234798957418,50.11219423827407,47.014702631702306,47.0186882019043,1156044000.0
2023-08-25,46.8681553415664,47.6587282173918,44.88623538665841,45.877197265625,925341000.0
2023-08-28,46.33977940222967,46.83625678757084,44.75065853629143,46.69169998168945,685192000.0
2023-08-29,46.5232155599466,48.93082725344622,46.249055461215654,48.634735107421875,701397000.0
2023-08-30,48.89393031688107,49.7742278710723,48.276824895402335,49.113258361816406,735206000.0
2023-08-31,49.22891214982183,49.59179683011506,48.80820246885937,49.20398712158203,528570000.0
2023-09-01,49.609737178375475,49.64761910935292,47.99469138418687,48.36056900024414,463830000.0
2023-09-05,48.07544589025944,48.70152648362675,47.71355763922135,48.399452209472656,382653000.0
2023-09-06,48.296759777568035,48.40443608798967,46.441301191181296,46.920867919921875,468670000.0
2023-09-07,45.389445810595745,46.20600739114076,45.01755536389115,46.10331344604492,433330000.0
2023-09-08,45.80520320149125,46.46722371434069,45.13619975911865,45.436302185058594,473069000.0
2023-09-11,46.010585175997676,46.025539902373815,44.180053643461356,45.04347610473633,473966000.0
2023-09-12,44.60478985503896,45.53700722588891,44.398405475235194,44.73639678955078,349256000.0
2023-09-13,44.46718918081737,45.79323054977972,44.37047790444444,45.34955596923828,398355000.0
2023-09-14,45.8131750613874,45.85006363868303,44.996613561123056,45.445274353027344,370097000.0
2023-09-15,45.20598666420072,45.4632178335496,43.67755057038964,43.76927947998047,506831000.0
2023-09-18,42.620703892646866,44.110254465014556,41.87493023032647,43.83507537841797,500271000.0
2023-09-19,43.70247908606619,43.835082475156234,42.87395226873784,43.390411376953125,373064000.0
2023-09-20,43.470167525058194,43.772266659114486,42.097269015445136,42.11322021484375,367108000.0
2023-09-21,41.45917191816058,41.97463066173917,40.85796692750404,40.89485549926758,450736000.0
2023-09-22,41.448214198146616,41.989600439472675,41.10822995213603,41.48610305786133,479236000.0
2023-09-25,41.46715750384496,42.409343350786685,41.054388777119094,42.09627914428711,419091000.0
2023-09-26,41.87593363739022,42.692495155477644,41.53096324756663,41.78620147705078,402282000.0
2023-09-27,42.20395172792175,42.744337580019156,41.50503894981491,42.34153747558594,444935000.0
2023-09-28,42.33356849695518,43.31663260486512,41.98959836899157,42.960697174072266,424663000.0
2023-09-29,43.69648724068338,44.0125445851486,43.17803529229858,43.36946487426758,397830000.0
2023-10-02,43.898895197233884,45.04048630533509,43.73039968900947,44.648658752441406,433298000.0
2023-10-03,44.67457296774722,44.995616545503985,43.11722389309479,43.38741683959961,470850000.0
2023-10-04,43.611753042966086,44.0115599865903,43.16309221624776,43.90986251831055,361821000.0
2023-10-05,43.91883845583397,44.766309826010406,43.75732206534788,44.55493927001953,393483000.0
2023-10-06,44.06140429622766,45.65265244811673,43.894901766019856,45.625732421875,434436000.0
2023-10-09,44.70846728115123,45.46919568500271,44.23587974540924,45.13818359375,409675000.0
2023-10-10,45.17507908955567,46.12125070086953,44.95374003044169,45.661624908447266,368582000.0
2023-10-11,46.05844175921358,46.71946955859621,45.91287659330196,46.6666259765625,378137000.0
2023-10-12,46.637711102575786,47.4672343606174,46.19204354796514,46.80521011352539,481325000.0
2023-10-13,46.82016325151491,46.97570075879303,45.14516559213605,45.325626373291016,474115000.0
2023-10-16,44.928816083518186,46.08735476029038,44.77826474104746,45.95774459838867,375099000.0
2023-10-17,43.86897889171314,44.62073527897283,42.353504619053396,43.80716323852539,812333000.0
2023-10-18,42.46416719728089,43.09029922652294,41.70044943691435,42.070343017578125,627294000.0
2023-10-19,42.68352429308483,43.168077212016314,41.757289685675055,41.97563934326172,501233000.0
2023-10-20,41.76525628510223,42.34353094427575,40.95567404426186,41.263755798339844,477266000.0
2023-10-23,41.10623136446677,43.11922033673946,40.82307664352765,42.84703063964844,478530000.0
2023-10-24,42.9487282788918,43.5668810255137,42.56387990123347,43.532981872558594,401463000.0
2023-10-25,43.26877302407248,43.52002535417708,41.43126239759443,41.65459442138672,398379000.0
2023-10-26,41.72837068029658,42.13017050427248,39.76124631016128,40.20591735839844,541001000.0
2023-10-27,41.00752725918924,41.08330116511961,39.895845748458264,40.37940216064453,416784000.0
2023-10-30,40.96465972958588,41.64163496442114,40.36046137678986,41.03843688964844,388028000.0
2023-10-31,40.329550161466386,40.757273552176585,39.11318181784756,40.658565521240234,517969000.0
2023-11-01,40.7622597335259,42.25480380163395,40.74730500713954,42.198970794677734,437593000.0
2023-11-02,43.19897822868172,43.75332234424489,42.76627246802236,43.37644958496094,409172000.0
2023-11-03,43.888919424366684,45.174078747791896,43.59280293696078,44.87098693847656,424610000.0
2023-11-06,45.15015696243412,45.798223011195105,44.765304753189504,45.614768981933594,400733000.0
2023-11-07,45.582863690228386,46.080374555632474,45.02353336587058,45.81816101074219,343165000.0
2023-11-08,45.96272659241924,46.72744479735544,45.83111967900613,46.43531799316406,346719000.0
2023-11-09,47.32565858468725,48.08638711878528,46.610794508396026,46.81019973754883,540496000.0
2023-11-10,47.35855787314543,48.32766364227746,47.14220498356334,48.191070556640625,421245000.0
2023-11-13,48.1761176095815,48.969748796661186,47.95577501016581,48.475223541259766,384136000.0
2023-11-14,49.532067353089744,49.6856081153753,48.89397370012533,49.50813674926758,416954000.0
2023-11-15,49.786303287958084,49.81122656013526,48.0564692193451,48.7424201965332,475497000.0
2023-11-16,48.53405466377334,49.377536290551284,48.18609481694431,49.33266830444336,339756000.0
2023-11-17,49.3765281147281,49.568954199838785,48.86106931599939,49.15120315551758,325205000.0
2023-11-20,49.16515859327281,50.39747808312561,49.034548168899995,50.25889205932617,414120000.0
2023-11-21,49.97673388984551,50.366568411025234,49.07542649691953,49.7952766418457,565747000.0
2023-11-22,49.703560932235554,50.185120642893004,47.54799598832388,48.57094192504883,899420000.0
2023-11-24,48.32567707703601,48.7753343936509,47.6028335530589,47.63374328613281,294645000.0
2023-11-27,47.65765776865844,48.38548347808236,47.51009967784497,48.09834289550781,395662000.0
2023-11-28,48.09236545909725,48.17910819028839,47.33163699319086,47.6786003112793,401491000.0
2023-11-29,48.2349412356402,48.616800180789156,47.71748568176772,47.99665069580078,382005000.0
2023-11-30,47.88099726514556,47.96674352591701,46.28377015509841,46.630733489990234,526247000.0
2023-12-01,46.38646066120802,47.05944990418179,46.049465900778685,46.6257438659668,369317000.0
2023-12-04,45.93979415914972,45.93979415914972,44.87597007312704,45.374481201171875,437543000.0
2023-12-05,45.334607424129274,46.46532915196903,45.14017125886689,46.43143081665039,371718000.0
2023-12-06,47.078540477295284,47.25004424942053,45.2807500654452,45.37148666381836,380590000.0
2023-12-07,45.56792757808214,46.49424361639184,45.47220434901942,46.46133804321289,350823000.0
2023-12-08,46.4603430274887,47.60303102965734,46.41547109826504,47.368709564208984,359224000.0
2023-12-11,47.35374994188855,47.39363144924944,45.69755100849952,46.492244720458984,509728000.0
2023-12-12,45.91293129624922,47.528248529944456,45.91293129624922,47.5192756652832,372387000.0
2023-12-13,47.49134732333681,48.45355849420569,47.47040810748177,47.94902038574219,447792000.0
2023-12-14,48.25015142544688,48.52934100326086,47.28495045380948,48.21026611328125,391232000.0
2023-12-15,48.05471535600333,49.2612174369844,47.98092791403106,48.74870300292969,479948000.0
2023-12-18,49.25723229515319,50.28724399732617,49.0079548114807,49.932273864746094,412587000.0
2023-12-19,49.281167467640074,49.55637081836034,48.75369691454158,49.46064758300781,464444000.0
2023-12-20,49.511498623849185,49.85450624808912,47.958999057496804,47.971961975097656,397894000.0
2023-12-21,48.669931851728876,48.95311145717248,48.279062673701084,48.84841537475586,300425000.0
2023-12-22,49.05282008065704,49.24027646361489,48.32692345139222,48.68887710571289,252507000.0
2023-12-26,48.826483190023204,49.45665670800159,48.8185068878219,49.1365852355957,244200000.0
2023-12-27,49.36791528650649,49.536425600159234,48.94314392704513,49.27418518066406,233648000.0
2023-12-28,49.49953586903795,49.739836713811854,49.26920064749609,49.378883361816406,246587000.0
2023-12-29,49.669042752134445,49.85251291877477,48.61011160292398,49.378883361816406,389293000.0
2024-01-02,49.10167999879026,49.15253129584884,47.457447488056715,48.02878952026367,411254000.0
2024-01-03,47.34776930861543,48.04474670855863,47.183245244517686,47.43152618408203,320896000.0
2024-01-04,47.62895205059956,48.35983539054749,47.37070168440111,47.85928726196289,306535000.0
2024-01-05,48.3219454810566,49.4038088927802,48.16639428593929,48.955108642578125,415039000.0
2024-01-08,49.36891016503661,52.1239255155236,49.336004592518634,52.101985931396484,642510000.0
2024-01-09,52.24956080282397,54.16800018278708,51.54061326714163,52.98642349243164,773100000.0
2024-01-10,53.46104467716742,54.44219815586451,53.33440901365928,54.19292068481445,533796000.0
2024-01-11,54.840053191345746,55.18605048150879,53.40521272938546,54.6635627746582,596759000.0
2024-01-12,54.46214745952533,54.811138243808735,54.172988448593486,54.55188751220703,352994000.0
2024-01-16,54.85899129297286,56.67073742609818,54.74133230021394,56.21904754638672,449580000.0
2024-01-17,56.18415552246115,56.3077977062965,54.581801354818275,55.89100646972656,474394000.0
2024-01-18,57.09452091474022,57.43353849056932,55.944853126147336,56.94196319580078,491650000.0
2024-01-19,57.8214070619552,59.3280417723161,57.05961512425851,59.319068908691406,543501000.0
2024-01-22,59.87545295780241,60.15663944433183,58.8992822616046,59.48159408569336,452955000.0
2024-01-23,59.39783691409728,59.73685443495751,58.41568304614902,59.6999626159668,294654000.0
2024-01-24,60.12972459836109,62.66736781993211,59.764781198476165,61.18466567993164,560271000.0
2024-01-25,62.16979849805745,62.53773532424112,60.67413370207847,61.43891906738281,482777000.0
2024-01-26,60.78382030493906,61.60444363196895,60.39794153183259,60.8546142578125,390309000.0
2024-01-29,61.05503888144962,62.308406139769886,60.73098116954014,62.28447723388672,348733000.0
2024-01-30,62.71821799882993,63.309502714007664,62.08006442941247,62.59257888793945,410735000.0
2024-01-31,61.26243177102061,62.089038263544516,60.524572564425924,61.34918212890625,453795000.0
2024-02-01,61.92052952927185,63.00837994825412,61.471833071842404,62.844852447509766,369146000.0
2024-02-02,63.78910149469645,66.40751128682628,63.50592191536747,65.96878814697266,476578000.0
2024-02-05,68.02782694293316,69.29615400361993,67.01077810938553,69.13162994384766,680078000.0
2024-02-06,69.42877233327619,69.552414531284,66.10840153882174,68.02584075927734,683111000.0
2024-02-07,68.12155362100862,70.01706057362387,67.40462981569888,69.89640808105469,495575000.0
2024-02-08,69.87147502102263,70.58939534958982,69.2542683281726,69.43972778320312,414422000.0
2024-02-09,70.32917051969086,71.97639698775139,70.0090989991364,71.92455291748047,436637000.0
2024-02-12,72.39017991002451,74.39536957580593,71.0440830164451,72.03919982910156,613710000.0
2024-02-13,70.19655257557241,73.2377338167756,69.41880791459157,71.9195556640625,602580000.0
2024-02-14,72.99045103936953,74.02145939035373,71.7301040369102,73.68643188476562,504917000.0
2024-02-15,73.65551962549853,73.76120847442633,72.19076331535655,72.44801330566406,420122000.0
2024-02-16,73.88583129588693,74.18696038926223,72.29145377198925,72.40312957763672,495327000.0
2024-02-20,71.7390740272432,71.74805069531128,67.53825202114858,69.25128936767578,704833000.0
2024-02-21,67.80947678404895,68.68893180309685,66.05656133581022,67.27702331542969,673755000.0
2024-02-22,74.80817959484354,78.34791554573746,74.00550573707999,78.31102752685547,865100000.0
2024-02-23,80.556523512217,82.15588435298636,77.34582786788651,78.58922576904297,829388000.0
2024-02-26,79.46967086730548,80.41294376465017,78.27812461798902,78.86343383789062,503973000.0
2024-02-27,79.1515839793688,79.25030450092336,76.93900277777333,78.47354888916016,391705000.0
2024-02-28,77.39567785845682,78.7048791588161,76.90210568945557,77.43855285644531,393110000.0
2024-02-29,78.8654237167532,79.75883042270817,78.1235705564048,78.88336944580078,507289000.0
2024-03-01,79.76879352380037,82.06214938054762,79.20542398518815,82.04120635986328,479135000.0
2024-03-04,83.88685110747949,87.44155024884783,83.47704345209779,84.99065399169922,615616000.0
2024-03-05,85.02755456111447,85.85220668028344,83.17982622827054,85.7195816040039,520639000.0
2024-03-06,87.77172605056263,89.4688825349032,86.78254226902789,88.44779205322266,582520000.0
2024-03-07,89.90164797406622,92.50323087612081,89.34722911034507,92.40550994873047,608119000.0
2024-03-08,94.86750020038097,97.12306982330983,86.26003928547323,87.27913665771484,1142269000.0
2024-03-11,86.18324189552494,88.54450476629805,83.92667619925383,85.53010559082031,678364000.0
2024-03-12,87.79866017993605,91.69853581019218,85.90505740123257,91.65167236328125,668075000.0
2024-03-13,90.7961026211969,91.24382347923168,88.18354935724443,90.62957763671875,635713000.0
2024-03-14,89.32231468480107,90.3882755061813,86.35377401546849,87.69395446777344,602318000.0
2024-03-15,86.68283850567245,89.29139794365639,86.01175546714047,87.5872573852539,642086000.0
2024-03-18,90.13099363074502,92.14225684199752,86.8373838940454,88.2034912109375,668976000.0
2024-03-19,86.45348714580204,90.28655945618765,84.76829741224358,89.1438217163086,672171000.0
2024-03-20,89.54168915568671,90.15295286698971,87.97216679685033,90.11505889892578,479063000.0
2024-03-21,92.03756431354115,92.38457441104313,90.14794815065484,91.17501831054688,480372000.0
2024-03-22,90.88186017417289,94.50852022791372,90.57573384993215,94.02091217041016,586719000.0
2024-03-25,93.67390745044557,96.4908723257128,93.2441331194467,94.73188781738281,552136000.0
2024-03-26,95.57846759747075,96.10097979295517,92.23899068459922,92.29782104492188,513648000.0
2024-03-27,92.8472628285773,92.97489725482532,88.8696059634602,89.99340057373047,586067000.0
2024-03-28,89.74410760252643,91.04041442208826,88.93940289555813,90.0990982055664,435212000.0
2024-04-01,90.04226569169144,91.96278458075767,88.95037777581965,90.1060791015625,452441000.0
2024-04-02,88.19651163521841,89.83783523468522,87.37087059473389,89.19766235351562,433064000.0
2024-04-03,88.23242095077572,90.11704664082849,88.14866014711569,88.71105194091797,370067000.0
2024-04-04,90.14893737073052,90.3762935173085,85.63580564756691,85.66073608398438,434965000.0
2024-04-05,86.61901544259366,88.22942906906539,85.68169327218381,87.75777435302734,399678000.0
2024-04-08,88.44779211337963,88.57742734725042,86.48539311445134,86.88525390625,283220000.0
2024-04-09,87.19338119556187,87.38583323801888,82.78595022062588,85.11131286621094,501700000.0
2024-04-10,83.68737890315158,87.15150043777531,83.47099303047223,86.7915267944336,431929000.0
2024-04-11,87.17144056555283,90.48100403591603,86.67884945614712,90.35835266113281,431637000.0
2024-04-12,89.44395551817271,89.91860764142923,87.28112393379013,87.93525695800781,426805000.0
2024-04-15,88.84466403718538,90.35535577476978,85.68467584656017,85.7564697265625,443077000.0
2024-04-16,86.18725549413733,87.86746232886081,85.81930894271287,87.16646575927734,370453000.0
2024-04-17,88.08881854088399,88.5225868752461,83.71130127056159,83.79606628417969,495400000.0
2024-04-18,84.72840551757585,85.94493790164843,82.16770633584548,84.43025207519531,447260000.0
2024-04-19,82.91358934859076,84.08424741361141,75.3910397359179,75.98334503173828,875198000.0
2024-04-22,77.8819196640173,79.84532288255929,76.18276995811692,79.29190063476562,596341000.0
2024-04-23,80.53935534918725,82.53366896329221,80.03579390039872,82.18865203857422,438559000.0
2024-04-24,83.71130825195023,83.84293671972377,78.95786360773235,79.4504623413086,512208000.0
2024-04-25,78.64375119701494,83.08608614140688,78.00058847000186,82.39705657958984,424641000.0
2024-04-26,83.57968703669025,88.07985603184983,83.1499127117647,87.48554992675781,551011000.0
2024-04-29,87.34594249418755,87.74180926182623,85.0235621625501,87.50748443603516,388971000.0
2024-04-30,86.99195638809022,88.56646933597486,86.05463417701857,86.15634155273438,363709000.0
2024-05-01,84.83508427779527,85.75545622843808,81.02394605008536,82.80487060546875,559863000.0
2024-05-02,84.20889135183461,85.99180970266082,82.96344197206183,85.57300567626953,377898000.0
2024-05-03,87.53938813243457,89.0271426544853,86.79251724081982,88.53654479980469,398341000.0
2024-05-06,89.13584761213842,91.95780324115003,88.80180099005936,91.8780288696289,376203000.0
2024-05-07,90.8389759868272,91.52003263915564,88.75791206874568,90.29652404785156,437342000.0
2024-05-08,89.22857072950318,90.93470430679172,89.1657463302182,90.1549301147461,325721000.0
2024-05-09,90.27160575755214,90.8130611604946,87.98014293885268,88.49467468261719,378013000.0
2024-05-10,90.04823199188911,91.14111635473476,88.97329419694542,89.62244415283203,335325000.0
2024-05-13,90.22073791617511,90.73926364427145,88.2772820639822,90.1419677734375,289680000.0
2024-05-14,89.34424430460986,91.39041184902159,88.68113417048747,91.09625244140625,296507000.0
2024-05-15,92.20907765380471,94.59228164011105,91.3385587292716,94.3609390258789,417735000.0
2024-05-16,94.64014935721045,95.54656142094716,93.83543705567772,94.09071350097656,323952000.0
2024-05-17,94.10069789533013,94.47063766933178,91.54498136339171,92.216064453125,359691000.0
2024-05-20,93.48344309476195,94.9293173048801,93.17432694405993,94.51051330566406,318764000.0
2024-05-21,93.33287026664621,95.1287520032466,92.915062881723,95.11479187011719,328946000.0
2024-05-22,95.18757861855156,95.74698053068366,92.98386328100148,94.68002319335938,548648000.0
2024-05-23,101.73791493789797,106.0177117858919,101.23135605250833,103.5038833618164,835065000.0
2024-05-24,104.15201429523188,106.1722546778935,102.70713677897801,106.16627502441406,429494000.0
2024-05-28,109.93053385956635,114.61218372252748,109.57056027146638,113.57713317871094,652728000.0
2024-05-29,112.72856525449089,115.16361558831227,110.58567348866953,114.4985122680664,557442000.0
2024-05-30,114.32401567603497,115.48969056494155,109.35119576529627,110.1858139038086,484553000.0
2024-05-31,112.20007402311614,112.39652011050696,106.63594514688756,109.3212890625,613263000.0
2024-06-03,113.29794252397816,114.67301940917969,111.68453916444382,114.67301940917969,438392000.0
2024-06-04,115.3869834998919,116.2684650577176,113.72072948659991,116.10592651367188,403324000.0
2024-06-05,118.03444216742467,122.10084264977675,117.13400975669744,122.09187316894531,528402000.0
2024-06-06,123.69529221491227,125.22991785379394,117.98358173920542,120.65396881103516,664696000.0
2024-06-07,119.42946352714927,121.34600353396539,117.68643999762348,120.5442886352539,412386000.0
2024-06-10,120.02774969821236,122.74998311505551,116.6773027177119,121.44371032714844,313434100.0
2024-06-11,121.43372895127102,122.53069738932234,118.41209750977282,120.57611083984375,222551200.0
2024-06-12,122.72019591619149,126.52964756781702,122.23155106787934,124.85428619384766,299595000.0
2024-06-13,129.03269675342705,129.44156821528892,126.8088590238474,129.25209045410156,260704500.0
2024-06-14,129.60112719578945,132.47316384016574,127.9656566008486,131.5158233642578,309320400.0
2024-06-17,132.6227916073861,133.36073857025062,129.22220369566065,130.6183319091797,288504400.0
2024-06-18,130.7778703322321,135.95354113797538,130.3291160023479,135.2056121826172,294335100.0
2024-06-20,139.41394956266274,140.37129003031137,129.16233868973217,130.41885375976562,517768400.0
2024-06-21,126.76898143871918,130.269291272292,123.9567687165166,126.22049713134766,649445800.0
2024-06-24,122.89967494041525,124.11630717061917,117.71403760101381,117.78384399414062,476060900.0
2024-06-25,120.86531009404065,126.1506774907381,118.99050434542877,125.74180603027344,414192600.0
2024-06-26,125.78171327779911,127.76621614131051,122.2614619181134,126.05097198486328,362975900.0
2024-06-27,123.75731801767638,126.0609445300648,122.58057607711103,123.64762115478516,252571700.0
2024-06-28,124.23599694106169,127.35735127952529,122.41104832536521,123.19886779785156,315516700.0
2024-07-01,123.12904675738962,124.49525872121755,118.50186042748064,123.95675659179688,284885500.0
2024-07-02,120.79551228090267,123.06922274393042,120.69578993975959,122.33126068115234,218374000.0
2024-07-03,121.324065820501,127.92578125,121.02489116241942,127.92578125,215749000.0
2024-07-05,127.02825932218164,128.4942089959331,125.33295662282136,125.4825439453125,214176700.0
2024-07-08,127.13793933281039,130.40888813496693,126.68918503314605,127.84597778320312,237677300.0
2024-07-09,129.99005737514514,133.4504765285805,128.29473958471138,131.0172119140625,285366600.0
2024-07-10,133.6599006676726,134.72695337207693,132.0543457649315,134.5374755859375,248978600.0
2024-07-11,135.37513539330575,135.77402473321786,126.69916290866759,127.0481948852539,374782700.0
2024-07-12,127.90581292565753,131.5557097271737,126.86869151292463,128.88311767578125,252680500.0
2024-07-15,130.19946809344353,131.02717795052595,126.828804392605,128.0853271484375,208326200.0
2024-07-16,128.0853361228611,128.68367018979245,124.23599428065054,126.01107788085938,214769500.0
2024-07-17,121.01490699704938,121.51352631521466,116.39769484983655,117.6641845703125,390086200.0
2024-07-18,121.51352635797906,122.0620106514847,116.23813305693453,120.75562286376953,320979500.0
2024-07-19,120.01767057688257,121.26421889531369,117.04590364640599,117.60435485839844,217223800.0
2024-07-22,120.01767396475167,123.72740308245356,119.52902914046476,123.19886779785156,258068900.0
2024-07-23,122.44095787706307,124.34568731396223,121.76283530375956,122.25148010253906,173911000.0
2024-07-24,118.84092133007209,119.6187662154648,113.1267484514862,113.93450927734375,327776900.0
2024-07-25,112.72786663674131,116.30795001542549,106.00647974568223,111.96996307373047,460067000.0
2024-07-26,115.8691646723326,115.87913158113766,111.27189374853045,112.747802734375,293399100.0
2024-07-29,113.3760598876514,115.95890423286832,110.99266022089631,111.28185272216797,248152100.0
2024-07-30,111.21203111604571,111.68073441549713,102.25683389281191,103.44355010986328,486833300.0
2024-07-31,112.58824297616627,118.01321595584747,110.57381668062193,116.69686126708984,473174200.0
2024-08-01,117.20545726694776,119.82819978465332,106.51505772619602,108.90843200683594,523462300.0
2024-08-02,103.47348325737674,108.41978599115991,101.09008352011347,106.97378540039062,482027500.0
2024-08-05,91.80579073756999,103.12445587816262,90.43957861096249,100.17262268066406,552842400.0
2024-08-06,103.55324859386288,107.41256456659957,100.27234042123098,103.96212005615234,409012100.0
2024-08-07,107.51228858966286,108.49956025923653,98.41747763354093,98.63687133789062,411440400.0
2024-08-08,101.71833034514779,105.20866520993226,97.25069837056012,104.68013000488281,391910000.0
2024-08-09,105.34829623370402,106.30564447792429,103.14439960768745,104.46075439453125,290844200.0
2024-08-12,106.02641463942724,110.76329830179426,105.96658275414626,108.71895599365234,325559900.0
2024-08-13,112.1295177782614,115.90905322658823,111.27189191883488,115.81929779052734,312646700.0
2024-08-14,118.20269109826258,118.2724974965541,113.75500781546704,117.75393676757812,339246400.0
2024-08-15,118.43206727440648,122.89969228155606,117.1456284695593,122.52074432373047,318086700.0
2024-08-16,121.60327554530542,124.6548231821397,120.84537209002657,124.2359848022461,302589900.0
2024-08-19,123.93681555512863,129.64102172851562,123.07918972579691,129.64102172851562,318333600.0
2024-08-20,128.0454466862765,129.521370960835,125.54238295508182,126.89862823486328,300087400.0
2024-08-21,126.96843015643721,128.99283109530663,126.31025657503493,128.14517211914062,257883600.0
2024-08-22,129.66095684860522,130.388936708764,122.76006049629918,123.3982925415039,376189100.0
2024-08-23,125.51245424374224,129.2421321879317,124.87422213092064,129.01275634765625,323230300.0
2024-08-26,129.21220655330094,130.8975269250622,124.02656151522957,126.11078643798828,331964700.0
2024-08-27,124.70469137157046,128.843225521312,123.5379164141598,127.94571685791016,303134600.0
2024-08-28,127.76621672239743,127.97564354365645,122.30135293496008,125.26315307617188,448101100.0
2024-08-29,121.02488328117458,124.0864056350864,116.38772203285157,117.26528930664062,453023300.0
2024-08-30,119.19992133635782,121.41379211002894,116.89630274618307,119.04036712646484,333751600.0
2024-09-03,115.68966653869764,115.88911124023056,106.9937436452946,107.7017822265625,477155100.0
2024-09-04,105.11892359162538,112.95721192187169,103.83248489547353,105.91670989990234,372470300.0
2024-09-05,104.70007717737126,109.3472126473878,104.47071656289586,106.91394805908203,306850700.0
2024-09-06,107.74165540315337,107.85135225389573,100.6712300257278,102.5460433959961,413638100.0
2024-09-09,104.59038154400555,106.25577578698045,103.4036727846321,106.17599487304688,273912000.0
2024-09-10,107.5122906776436,109.09790400275718,104.66018768236026,107.8014907836914,268283700.0
2024-09-11,109.0879346022382,116.86639906475774,107.12337325723898,116.58717346191406,441422400.0
2024-09-12,116.52732649632485,120.46676065848584,115.07123444451854,118.82117462158203,366052700.0
2024-09-13,118.76132975848293,119.63897203588232,117.28528706438033,118.7812728881836,238358300.0
2024-09-16,116.47745888999548,117.86373849865818,114.05396151496328,116.46748352050781,248772300.0
2024-09-17,117.85376774830212,118.48208669803358,114.52270945275087,115.28067016601562,231925900.0
2024-09-18,115.57986510061662,117.38501890816246,112.917012138231,113.06661224365234,310318900.0
2024-09-19,117.03596036023049,119.3397837869768,116.93622949013678,117.55457305908203,293506400.0
2024-09-20,116.74673611998301,118.30256661567998,115.08120699289479,115.6895751953125,382462400.0
2024-09-23,116.23810791147417,116.67692526968904,114.55262802291854,115.94888305664062,206228500.0
2024-09-24,116.20818172536411,121.47405850127808,115.07123304654733,120.54654693603516,354966800.0
2024-09-25,121.69347090011009,124.60566275738313,121.28457201755812,123.17948913574219,284692900.0
2024-09-26,126.46067739619816,127.32834434574869,121.47405774507013,123.70806121826172,302582900.0
2024-09-27,123.63824884420143,123.6980858451405,118.94085404604166,121.07512664794922,271009200.0
2024-09-30,117.99339940741461,121.1748653861715,117.83383152489164,121.11502838134766,226553700.0
2024-10-01,121.4441210323085,122.11233379004094,115.4801287113044,116.6868896484375,302094500.0
2024-10-02,116.12839762685847,119.06052472572213,114.83187351018621,118.53194427490234,221845900.0
2024-10-03,120.59641230247804,124.0272091849403,120.01796257527629,122.52124786376953,277118000.0
2024-10-04,124.60565935860969,124.70539023390367,121.50398120040512,124.58570861816406,243678100.0
2024-10-07,124.65551433206126,130.29039598837593,124.61562046227938,127.37821197509766,346250200.0
2024-10-08,129.9114112143918,133.1227955252644,129.07366275536995,132.5343780517578,285722500.0
2024-10-09,133.75112849037495,134.16003500176663,131.02843810434518,132.29502868652344,246191600.0
2024-10-10,131.55700075403345,134.63872798675436,130.64943234270237,134.44923400878906,242311300.0
2024-10-11,133.6513755856735,135.4166432187145,133.30232133780012,134.43927001953125,170209500.0
2024-10-14,136.104806530019,139.22643549757692,135.93526327737888,137.70053100585938,232347700.0
2024-10-15,137.5010592255131,138.19919822128062,128.3955011745818,131.2478485107422,377831000.0
2024-10-16,133.62146232310147,136.25439701653355,131.22789086287455,135.3568115234375,264879700.0
2024-10-17,138.96710708195366,140.51296215395072,136.50371585796043,136.5635528564453,306435900.0
2024-10-18,138.2989120156457,138.52829226592988,136.9126323168706,137.63070678710938,176090200.0
2024-10-21,137.76036967912168,143.325439453125,137.63071268872676,143.325439453125,264554500.0
2024-10-22,142.52756130979012,144.03351491090646,141.40058044009385,143.2057342529297,226311600.0
2024-10-23,141.649914730207,142.04883820987033,137.09215234233463,139.1865234375,285930000.0
2024-10-24,140.4431777464081,140.97175826689335,138.08949241788707,140.03427124023438,172354900.0
2024-10-25,140.55285615055817,143.74430494634163,140.4232143860229,141.16122436523438,205122100.0
2024-10-28,142.617310298629,142.75693502866474,139.67520798990546,140.14395141601562,173586700.0
2024-10-29,139.91457158033694,141.8793009979601,138.52829188537018,140.87200927734375,157593600.0
2024-10-30,139.16657905851807,139.9544735111022,136.4438889013892,138.9671173095703,179418100.0
2024-10-31,137.23176786248834,137.2417356225259,131.7564544469141,132.4047088623047,270039600.0
2024-11-01,134.3395349599235,136.94255111570317,134.2098931927627,135.03765869140625,207127800.0
2024-11-04,136.84282779526694,138.58814473225323,135.207217103038,135.68592834472656,187528200.0
2024-11-05,137.08217511986183,139.99435925396384,136.9625011145287,139.5355987548828,160537400.0
2024-11-06,142.57743460752744,146.09798683530676,141.58011068537002,145.2203369140625,242043900.0
2024-11-07,145.9982557303204,148.53145192465237,145.77884323892675,148.48159790039062,207323300.0
2024-11-08,148.3718728926044,149.3691967390222,145.868580298605,147.23492431640625,175665800.0
2024-11-11,148.28212306443757,148.45168153400843,143.18581210072784,144.87127685546875,182325600.0
2024-11-12,146.3871892091523,149.2495037052901,145.61924560605905,147.8931427001953,198634700.0
2024-11-13,148.67109606044525,148.93039482211316,145.50956558703103,145.8785858154297,191903300.0
2024-11-14,147.24491377788954,148.60127501764129,145.16051028397845,146.3672637939453,194463300.0
2024-11-15,144.4823175216733,144.85133773586546,139.70514243904907,141.6000518798828,250132900.0
2024-11-18,139.1266784396513,141.1711953957962,136.7829612819808,139.77493286132812,221205300.0
2024-11-19,140.9418317601378,146.73628163269873,140.61271302151263,146.61659240722656,227834900.0
2024-11-20,147.0155400700263,147.16513258851916,142.34805565960622,145.49960327148438,309871700.0
2024-11-21,148.95033233522298,152.48085228758558,140.3234713661803,146.27749633789062,400946600.0
2024-11-22,145.539474391015,146.7661937868221,140.72241318136372,141.57012939453125,236406200.0
2024-11-25,141.610046895497,141.66988390343687,135.45655935237875,135.65602111816406,344941900.0
2024-11-26,137.33153099631315,138.92725570705397,135.30696421011146,136.55361938476562,190287700.0
2024-11-27,134.64869500572706,136.85278753282546,131.44729379106425,134.97781372070312,226370900.0
2024-11-29,136.41396798376013,138.97709782710584,135.68592576491588,137.88003540039062,141863200.0
2024-12-02,138.45849496272686,140.07415499884576,137.45120318506554,138.259033203125,171682800.0
2024-12-03,137.89001081273594,140.16390831614373,137.58084280749418,139.88465881347656,164414000.0
2024-12-04,141.62002040602846,145.39987200124563,139.91458952073046,144.75161743164062,231224300.0
2024-12-05,144.73166589534063,146.15793025557377,143.57468662612678,144.68179321289062,172621200.0
2024-12-06,144.2229906612707,145.3201135010368,140.94156015213164,142.06861877441406,188505600.0
2024-12-09,138.60766082087318,139.58510137793925,136.77246195727844,138.4480743408203,189308600.0
2024-12-10,138.6475487860502,141.4502349567079,133.44115786086326,134.71783447265625,210020900.0
2024-12-11,137.00186458417264,139.80453569143606,134.85747632446007,138.94677734375,184905200.0
2024-12-12,136.72258646567687,138.07904108019704,135.44592508954074,136.98190307617188,159211400.0
2024-12-13,138.57775313836598,139.2360360155149,132.19443031399229,133.8999786376953,231514900.0
2024-12-16,133.83011579862796,134.0495433619733,130.07992554881972,131.6558074951172,237951100.0
2024-12-17,128.75340490862754,131.24688636654815,126.52922370948323,130.05001831054688,259410300.0
2024-12-18,133.51098920213212,136.3435808551527,127.94553603601128,128.5738983154297,277444500.0
2024-12-19,131.41644980197495,133.68053537391728,129.212220572867,130.33926391601562,209719200.0
2024-12-20,129.4715360054975,134.92727495716574,127.88568536239204,134.34878540039062,306528600.0
2024-12-23,135.9246564899382,139.42549888718457,134.76767747092137,139.30581665039062,176053500.0
2024-12-24,139.63497303105362,141.53001300601622,138.28848684636677,139.85440063476562,105157000.0
2024-12-26,139.33577420033015,140.4827850771225,137.37090912331828,139.56517028808594,116205600.0
2024-12-27,138.1887488761999,138.65752461945982,134.35876491420703,136.6527557373047,170582600.0
2024-12-30,134.4784624698932,139.90428131004603,133.67057680049638,137.13153076171875,167734700.0
2024-12-31,137.67011945974758,137.71002369221526,133.48107297196478,133.9398651123047,155659200.0
2025-01-02,135.64539681236818,138.51789243847597,134.27897378808947,137.94937133789062,198247200.0
2025-01-03,139.64492988439244,144.52217900012494,139.36566117903786,144.0933074951172,229322500.0
2025-01-06,148.2025685915748,151.7632676182901,147.43458721714921,149.04037475585938,265377400.0
2025-01-07,152.6310037262881,152.73074908393107,139.64494650562293,139.7746124267578,351782200.0
2025-01-08,142.20825109505992,143.57467420574872,137.20133554653654,139.74468994140625,227349900.0
2025-01-10,137.09161147098868,139.55517244006612,133.870037595658,135.55563354492188,207602500.0
2025-01-13,129.65108668370792,133.14196124495902,129.1723272147668,132.88262939453125,204808900.0
2025-01-14,135.6952813829554,136.02442280388445,129.71092511662002,131.4164581298828,195590500.0
2025-01-15,133.30153730793728,136.09424010113995,130.94768976753863,135.88479614257812,185217300.0
2025-01-16,138.2785134363621,138.38822723428095,133.14194748607855,133.22174072265625,209235600.0
2025-01-17,136.33362250306786,138.13890101266898,135.10683363626262,137.35096740722656,201188800.0
2025-01-21,138.79717036536638,141.4602070208564,136.7325601923546,140.4628143310547,197749000.0
2025-01-22,144.2828338584672,147.40466270866227,143.2954095914058,146.68655395507812,237651400.0
2025-01-23,144.67181084027297,146.8461195709751,143.34527675360425,146.83615112304688,155915500.0
2025-01-24,147.98313043457708,148.58157206293976,141.5100624088345,142.2481231689453,234657600.0
2025-01-27,124.47460659166907,128.06521102414737,116.39571998533557,118.11123657226562,818830900.0
2025-01-28,121.49238479939024,128.6636397113665,115.94688462361518,128.65367126464844,579666400.0
2025-01-29,126.17017448185184,126.55915701971556,119.7369947161038,123.37747192382812,467120600.0
2025-01-30,122.77902774247364,124.6740752075284,117.79206473417251,124.32498931884766,392925500.0
2025-01-31,123.45726093608867,127.51664871512425,118.8792323275003,119.7569351196289,388161100.0
2025-02-03,114.45080376447106,118.26084328911304,112.71534272693829,116.35582733154297,371235700.0
2025-02-04,116.65504874608332,120.88399164410859,116.39572451460701,118.34064483642578,256550000.0
2025-02-05,121.44252915135603,124.67407915232373,120.44513651813745,124.50452423095703,262230800.0
2025-02-06,127.08777312720079,128.43425932928383,124.88353622330139,128.344482421875,251483600.0
2025-02-07,128.88307105233656,130.03006643749526,124.67407312607986,129.50144958496094,228186300.0
2025-02-10,129.7508034170435,134.64800487659767,129.621152724233,133.22174072265625,216989100.0
2025-02-11,132.23432300379022,134.12936300336048,130.67839286199495,132.45375061035156,178902400.0
2025-02-12,129.68100547013307,131.89521852186024,128.7434538800678,130.79808044433594,160278600.0
2025-02-13,131.21697039655388,136.14409236479662,130.82798788427175,134.93724060058594,197430000.0
2025-02-14,136.12414513567924,138.8869270481558,135.1467045962306,138.48797607421875,195479600.0
2025-02-18,140.90166414837108,143.06600437599374,137.57036112568994,139.03652954101562,219176600.0
2025-02-19,139.1462426003846,140.99142508356047,136.86222013681927,138.86697387695312,167536000.0
2025-02-20,139.6648967001902,140.29325896288867,136.43333891646114,139.74468994140625,143903600.0
2025-02-21,139.6748562571626,141.09116717483585,133.68053207054632,134.07948303222656,228217600.0
2025-02-24,136.20396396001723,138.22867021014434,129.74086261032588,129.94033813476562,251381100.0
2025-02-25,129.64108357480436,129.8605111604116,124.11553536570229,126.29981994628906,271428700.0
2025-02-26,129.6510837247691,133.38132271635274,128.1549946612343,130.93771362304688,322553800.0
2025-02-27,134.64800202891726,134.65797047615226,119.69708897132982,119.83672332763672,443175800.0
2025-02-28,117.71228067710521,124.76384661623277,116.09650940652436,124.59429168701172,389091100.0
2025-03-03,123.18797717385785,123.3774766164976,111.9872535622559,113.76261138916016,411381400.0
2025-03-04,110.36151024571446,118.99892757705338,109.82291724300465,115.68758392333984,398163300.0
2025-03-05,117.27343224392774,117.97160407078815,114.21143704412195,116.9941635131836,284337900.0
2025-03-06,113.2339891683523,115.04924353236196,109.93262184934352,110.28170776367188,321181900.0
2025-03-07,110.95993136050063,113.18412029909872,107.27955007853643,112.39617919921875,341755500.0
2025-03-10,109.61344966651625,111.5583622176382,105.18502403072868,106.70106506347656,366487400.0
2025-03-11,106.71103594468934,111.94734728122161,104.49682307629253,108.47642517089844,354865700.0
2025-03-12,113.83293253862912,116.46629097878981,112.59604629385464,115.4488525390625,323857500.0
2025-03-13,116.73560262668995,117.46376961532557,113.50375517662202,115.28925323486328,299033100.0
2025-03-14,118.31162236591584,121.57339292473429,117.85278046649132,121.36392211914062,277593500.0
2025-03-17,122.43123309193861,122.58085727393843,117.73308248243704,119.22930908203125,255501500.0
2025-03-18,117.70316017412442,118.7205909220559,114.25186503478537,115.1396255493164,299686900.0
2025-03-19,116.97498651717953,120.14698705841565,115.3889900516623,117.22435760498047,273426200.0
2025-03-20,116.25681189739694,119.89762393291265,116.17701131755277,118.23182678222656,248829700.0
2025-03-21,116.64582513098318,117.6931791575635,115.1296446207881,117.4039077758789,266498500.0
2025-03-24,119.5784337604655,121.91255134314885,119.03979124138472,121.1045913696289,228452500.0
2025-03-25,120.24673586292965,120.98487211685925,118.62083157726417,120.38638305664062,167447200.0
2025-03-26,118.4313220614094,118.5410383402261,112.42646191953317,113.47382354736328,293463300.0
2025-03-27,111.06987289318275,114.1620726346108,110.38161391592817,111.14967346191406,236902100.0
2025-03-28,111.20953292547101,112.58606625933987,108.79562251910656,109.39411163330078,229872500.0
2025-03-31,104.86553641067388,110.68087252083329,103.38926370156523,108.10736083984375,299212700.0
2025-04-01,108.2470050831867,109.92277920039626,106.20216660392524,109.87290954589844,222614000.0
2025-04-02,107.0200962834212,111.69830029652357,106.5213541109438,110.14221954345703,220601200.0
2025-04-03,103.24961220285616,105.36427425680411,101.344413349133,101.54391479492188,338769400.0
2025-04-04,98.66118836013088,99.87811296890389,91.87829121020437,94.07275390625,532273800.0
2025-04-07,87.23998007579976,101.49403230771996,86.40209687721266,97.39437103271484,611041300.0
2025-04-08,103.54885717389794,105.58372634261488,94.2223791915971,96.05775451660156,476243400.0
2025-04-09,98.6412345329499,114.8104562069238,97.28465510127192,114.04239654541016,612918300.0
2025-04-10,109.09486759895934,110.58111717003517,98.9005761841806,107.29939270019531,437812400.0
2025-04-11,108.22706011361765,111.26939065397997,107.20962934859612,110.65094757080078,313417300.0
2025-04-14,113.82295197096049,114.00249947758738,108.7956293956101,110.43150329589844,264705000.0
2025-04-15,110.69084593782598,113.33418114021705,110.22202704858428,111.9177474975586,228966900.0
2025-04-16,104.28700420641553,106.52136728458446,100.19731179816195,104.2271499633789,397016900.0
2025-04-17,104.18724851478048,104.20720246563869,99.79832299108041,101.23469543457031,292517500.0
2025-04-21,98.52153569265882,99.18985605733366,94.80092295909544,96.66622161865234,288501100.0
2025-04-22,98.5314962128766,99.55890380627321,97.03526978904827,98.64122009277344,241004800.0
2025-04-23,104.25706634151078,104.53636836662163,101.76335533667917,102.45162200927734,247526000.0
2025-04-24,103.21968611105362,106.2719858525715,102.85061415392688,106.16226196289062,220815000.0
2025-04-25,106.5812047250048,111.63845023877658,105.46402708737592,110.73074340820312,251064700.0
2025-04-28,109.4140660423662,110.09235573735528,105.75329251827114,108.45648193359375,207708500.0
2025-04-29,107.39914041879526,109.92277466025524,107.16972327513623,108.74574279785156,170444300.0
2025-04-30,104.20719367744803,108.64599609375,103.81817538074749,108.64599609375,235044600.0
2025-05-01,112.79554223516973,114.65086390129245,111.02002115064856,111.32923889160156,236121500.0
2025-05-02,113.8927727544179,115.10970497913567,113.08481279973248,114.21196746826172,190194800.0
2025-05-05,112.62598442121953,114.38155175342443,112.3766132832151,113.53369140625,133163200.0
2025-05-06,111.19957134225872,114.4513652140045,110.541227943435,113.25438690185547,158525600.0
2025-05-07,112.7656187028628,117.38396890879066,111.99755142427854,116.7655258178711,206758800.0
2025-05-08,117.95252869863282,118.38144728921775,115.55856464909375,117.07474517822266,198428100.0
2025-05-09,117.05479580716789,117.9325869721132,114.92017974547274,116.35655975341797,132972200.0
2025-05-12,121.66317455201767,122.69058227539062,119.9774234659773,122.69058227539062,225023300.0
2025-05-13,124.66559728217729,130.88989748886456,124.1568781333485,129.60313415527344,330430100.0
2025-05-14,132.8649261154048,135.099296769805,131.34874548490453,134.99954223632812,281180800.0
2025-05-15,133.95217934435928,135.95713281870513,132.32629004982778,134.49082946777344,226632600.0
2025-05-16,135.87733175434735,136.0070096021913,133.1242801768634,135.05938720703125,226542500.0
2025-05-19,132.05695004104146,135.52819125301625,132.05695004104146,135.2289581298828,193154600.0
2025-05-20,133.95217650431997,134.24145551049554,132.286379343903,134.04196166992188,161514200.0
2025-05-21,132.72528507307794,137.05436414816955,130.26149714159004,131.4684600830078,270608700.0
2025-05-22,131.89735290411087,133.9122755767364,131.21907084385478,132.495849609375,187344000.0
2025-05-23,129.67296865108418,132.3462194682512,128.8350854296202,130.959716796875,198821300.0
2025-05-27,133.81252390577552,135.31873506532702,132.9746406768617,135.1591339111328,192953600.0
2025-05-28,135.68780317037033,136.904735369061,134.45091702175245,134.4708709716797,304021100.0
2025-05-29,141.89214330786072,143.12902933343943,137.56306504893934,138.83984375,369241900.0
2025-05-30,138.37105052724368,139.26878048564038,132.5856374053386,134.7900848388672,333170900.0
2025-06-02,135.14916370580715,137.7725372671851,135.05937854437917,137.03440856933594,197663100.0
2025-06-03,138.43088175862894,141.64278269656361,137.60296789247522,140.86474609375,225578800.0
2025-06-04,141.8323286265058,142.03182248964907,139.18898547353785,141.56300354003906,167120800.0
2025-06-05,141.8123566062966,143.63775490128222,138.48076233301106,139.63784790039062,231397900.0
2025-06-06,142.1515008770834,142.9095987862069,141.15401644541944,141.36349487304688,153986200.0
2025-06-09,142.82981388336822,144.63525846759526,141.58295820692342,142.27122497558594,185114500.0
2025-06-10,142.3310452201821,143.92701105784593,141.17395971410352,143.5978546142578,155881900.0
2025-06-11,144.25623511410478,144.6353103750697,141.52293261104455,142.4805908203125,167694000.0
2025-06-12,141.62269259555393,144.64527893066406,141.50299102868564,144.64527893066406,162365000.0
2025-06-13,142.13144281545507,143.22875794239724,140.50544068193668,141.62269592285156,180820600.0
2025-06-16,142.99931091676874,145.82237413621124,142.84966874779792,144.33602905273438,183133700.0
2025-06-17,144.13653073401778,144.8647406282524,143.42826095310537,143.76742553710938,139108000.0
2025-06-18,143.6576795538125,145.29366674757205,142.7698575136892,145.12408447265625,161494100.0
2025-06-20,145.09415386336235,145.84231899007767,142.30100101266686,143.49807739257812,242956200.0
2025-06-23,142.1513937655616,144.42581484809375,141.68254233682853,143.8173065185547,154308900.0
2025-06-24,145.20390562225958,147.59804349475166,145.1440548392029,147.53817749023438,187566100.0
2025-06-25,148.90484638085596,154.07216728635598,148.8948611020321,153.93251037597656,269146500.0
2025-06-26,155.59838990157883,156.33658496766782,153.62323824331597,154.6407470703125,198145700.0
2025-06-27,155.65826650868465,158.32174817747665,154.880175871103,157.3640899658203,263234500.0
2025-06-30,158.01250107649778,158.2718747820143,155.57848281781088,157.603515625,194580300.0
2025-07-01,155.90767922014737,156.8154568459456,151.1194330800588,152.9250030517578,213143600.0
2025-07-02,152.6057523429847,157.21446053326332,152.59578228626097,156.8653106689453,171224100.0
2025-07-03,157.98256705200242,160.58618269349765,157.3840439934681,158.9501953125,143716100.0
2025-07-07,157.8129946008361,158.92027983286837,156.9550977974466,157.8529052734375,140139000.0
2025-07-08,158.94022243433284,159.82804456030718,158.0025195823342,159.60858154296875,138133000.0
2025-07-09,160.8256093227867,164.01777813022636,160.7657585360006,162.48155212402344,183656400.0
2025-07-10,163.91802564623063,164.0975779997467,161.214648514871,163.6985626220703,167704100.0
2025-07-11,163.31947923241253,167.47927598463818,163.07009082840767,164.51654052734375,193633300.0
2025-07-14,164.96543236823985,165.08514914967665,161.62363697338392,163.6686248779297,136975800.0
2025-07-15,170.77120114697317,171.97823246430718,168.786064027339,170.2823944091797,230627400.0
2025-07-16,170.64153593048928,171.32985042878116,168.4868162544787,170.95077514648438,158831500.0
2025-07-17,171.59919907952485,173.73396348002274,170.41210769028996,172.57679748535156,160841100.0
2025-07-18,173.21522225123383,173.8237306114437,170.841039596405,171.9882354736328,146456400.0
2025-07-21,172.32739806402674,172.9558617527255,170.58167912560677,170.96075439453125,123126100.0
2025-07-22,170.9208530826869,170.97073381366536,164.17739532245605,166.62139892578125,193114300.0
2025-07-23,169.1152710575868,170.84103463039327,167.55908978070133,170.36221313476562,154082200.0
2025-07-24,172.01814916975516,173.4047480967394,170.88093864849802,173.31497192382812,128984600.0
2025-07-25,173.18529303585547,174.29257821699642,172.53688923976992,173.0755615234375,122316800.0
2025-07-28,173.59430945229414,176.56701539294556,173.54442872003753,176.317626953125,140023500.0
2025-07-29,177.52464594674228,178.94117023690123,174.59183591750704,175.08062744140625,154077500.0
2025-07-30,176.07819353379378,179.4499298230835,175.60934208925488,178.83145141601562,174312200.0
2025-07-31,182.45256948733228,182.85160010862035,175.49961883405416,177.43487548828125,221685400.0
2025-08-01,173.66410339060943,176.10810667785404,170.47193489983317,173.29501342773438,204529000.0
2025-08-04,174.7315057215643,179.75916955634796,174.09307197712414,179.55966186523438,148174600.0
2025-08-05,179.18058718831315,179.81902093485988,175.46968627980374,177.82391357421875,156407600.0
2025-08-06,175.89862689332494,179.45988530544022,175.81882077930385,178.98106384277344,137192300.0
2025-08-07,181.12581999654523,183.43016644757114,178.36259217804582,180.32777404785156,151878400.0
2025-08-08,181.10587113034643,182.85159004607542,179.95867528141937,182.2530517578125,123396700.0
2025-08-11,181.6046539661726,183.39026839012567,179.80905426349312,181.6146240234375,138323200.0
2025-08-12,182.51243687865426,184.02870758664506,179.02099882862018,182.71194458007812,145485700.0
2025-08-13,182.17326161923742,183.51996527523906,178.9112718042809,181.14578247070312,179871700.0
2025-08-14,179.3102712094187,182.57227595462552,179.02098734413144,181.57472229003906,129554000.0
2025-08-15,181.43505449173978,181.45499460438234,177.6044370814236,180.008544921875,156602200.0
2025-08-18,180.15818875593718,182.49246055927404,180.14820347806383,181.56472778320312,132008000.0
2025-08-19,181.98370991508045,182.0535459787435,175.06070018553257,175.2103271484375,185229200.0
2025-08-20,174.74146841521826,175.56943975883806,168.38705663117767,174.9709014892578,215142700.0
2025-08-21,174.42226928848822,176.4672421817212,173.38480492387563,174.55194091796875,140040900.0
2025-08-22,172.1877371490149,178.15310374912357,170.78118284108405,177.55458068847656,172789400.0
2025-08-25,177.91371253514103,181.46500135257926,176.13806812642193,179.37013244628906,163012800.0
2025-08-26,179.61950918930867,181.94381103857447,178.37256711704984,181.32533264160156,168688200.0
2025-08-27,181.53480649120215,182.04356858750407,178.6618623689453,181.15574645996094,235518900.0
2025-08-28,180.3776517699909,184.01871637210735,175.9784366795831,179.72923278808594,281787800.0
2025-08-29,177.67430043382657,177.71419588670034,172.72642709704877,173.75390625,243257900.0
2025-09-02,169.58412249632292,171.9583050821389,166.81092453439402,170.36221313476562,231164900.0
2025-09-03,170.64153226145447,171.9882358353705,168.46687251736884,170.20260620117188,164424900.0
2025-09-04,170.1527518438138,171.43958949445846,168.9955858311417,171.24008178710938,141670100.0
2025-09-05,167.61894341349083,168.61649709218636,163.66863936987482,166.61141967773438,224441400.0
2025-09-08,167.14011909123317,170.54178073137314,166.9406114031506,167.89825439453125,163769100.0
2025-09-09,168.67635699060992,170.56173293634785,166.33211485189898,170.34226989746094,157548400.0
2025-09-10,176.2078799889887,178.85139113084074,175.04074401948455,176.8961944580078,226852000.0
2025-09-11,179.25054698686972,179.84911904071384,176.05819821844705,176.74655151367188,151159300.0
2025-09-12,177.3451207317183,178.1731387966239,176.02826832324598,177.39500427246094,124911000.0
2025-09-15,175.2501343169162,178.4225418052247,174.0929031464731,177.32516479492188,147061600.0
2025-09-16,176.57696439453113,177.07576937869646,173.96323114864717,174.4620361328125,140737800.0
2025-09-17,172.22736966160153,172.78602876073558,168.00748411706098,169.8829803466797,211843800.0
2025-09-18,173.56416328312818,176.67671647107687,172.54661216194535,175.8187713623047,191763300.0
2025-09-19,175.34989886544702,177.65437533147113,174.76129744715922,176.24774169921875,237182100.0
2025-09-22,174.88102184557565,184.10891359634738,174.2924356467209,183.17115783691406,269637000.0
2025-09-23,181.53508786527138,181.98400930831284,175.78885990523673,178.0035400390625,192559600.0
2025-09-24,179.34033838980653,179.35030900890538,174.98077271717747,176.54702758789062,143564100.0
2025-09-25,174.06297010669513,179.82915407834395,172.7162058826927,177.2653045654297,191586700.0
2025-09-26,177.74415791919978,179.3403398828169,174.51189629291883,177.7641143798828,148573700.0
2025-09-29,179.99877037663848,183.56024548986795,179.88904788678468,181.41539001464844,193063500.0
2025-09-30,181.6448190078555,186.90222763381766,181.04624695721463,186.13406372070312,236981000.0
2025-10-01,184.79726069745416,187.6903232769056,183.46045188172369,186.79248046875,173844900.0
2025-10-02,189.14686265639136,190.59339411626704,187.6105347272827,188.4385528564453,136805800.0
2025-10-03,188.73782471792558,189.90502650703218,184.93693332773543,187.17156982421875,137596900.0
2025-10-06,185.05662940294908,186.78249020197808,182.89181782906448,185.09652709960938,157678100.0
2025-10-07,185.78489078203316,188.6081286768816,183.56022492696124,184.5977325439453,140088000.0
2025-10-08,186.12409742063042,189.14685437964263,186.0941551173159,188.65802001953125,130168900.0
2025-10-09,191.77054228398893,194.83321191134357,190.60334055524348,192.1097412109375,182997200.0
2025-10-10,193.04749823427522,195.15245586263575,181.61489659616785,182.7222442626953,268774400.0
2025-10-13,187.52073401073042,189.65561858658472,185.51554359294212,187.86990356445312,153482800.0
2025-10-14,184.32839277968645,184.35831986008523,179.2705030798172,179.59971618652344,205641400.0
2025-10-15,184.35833042053702,184.42815520469404,176.86626960360738,179.40020751953125,214450500.0
2025-10-16,181.79446739891964,182.84196095122678,179.34035530504423,181.37547302246094,179723300.0
2025-10-17,179.74936158304564,183.66000615888444,179.32039659193174,182.7821044921875,173135200.0
2025-10-20,182.69232559478218,184.75737039526743,181.29566245050626,182.2034912109375,128544700.0
2025-10-21,182.35311411361405,182.35311411361405,179.37027013728058,180.72702026367188,124240200.0
2025-10-22,180.7070662621498,183.0015721983185,176.33752979723928,179.84912109375,162249600.0
2025-10-23,179.98876279946896,182.59252505160657,179.36026373857848,181.724609375,111363700.0
2025-10-24,183.40059008116805,187.0219186862977,183.06140638753934,185.81480407714844,131296700.0
2025-10-27,189.53588818171235,191.5410783658203,187.97960413324355,191.0323028564453,153452700.0
2025-10-28,192.58862142459913,202.66447370347973,191.45134658695818,200.54954528808594,297986200.0
2025-10-29,207.48290651547202,211.68285096872194,204.29055782184227,206.54515075683594,308829600.0
2025-10-30,204.65966800141675,205.66726375798942,200.9286166610889,202.4050750732422,178864400.0
2025-10-31,205.95655376605836,207.4729250244422,201.58703290468912,202.0060272216797,179802200.0
2025-11-03,207.58267267525224,210.83487551397138,205.06869143040765,206.3855438232422,180267300.0
2025-11-04,202.51481474882632,203.4824975937368,197.4569251230167,198.21511840820312,188919300.0
2025-11-05,198.29492759193732,202.43500266122365,194.18476438007542,194.74343872070312,171350300.0
2025-11-06,195.95054108781363,197.1476699621838,185.9345440647224,187.63047790527344,223029800.0
2025-11-07,184.45806985353664,187.86990920765928,178.4823961188316,187.70030212402344,264942300.0
2025-11-10,194.6436788693004,199.46213677715232,193.32682642239038,198.5742645263672,198897100.0
2025-11-11,194.69353814212133,194.95291121797473,190.84276358812392,192.6983184814453,176483300.0
2025-11-12,195.2522010776849,195.42179292552225,190.67317551912151,193.3367919921875,154935300.0
2025-11-13,190.59337913278358,190.9824463944715,183.41059072037282,186.41339111328125,207423100.0
2025-11-14,182.42294356130517,190.55345800755302,180.14839424900484,189.71546936035156,186591900.0
2025-11-17,185.52552307898492,188.54828000089623,183.87947275520656,186.15402221679688,173628900.0
2025-11-18,182.94170515591497,184.35830936263392,179.22060933347112,180.92652893066406,213598900.0
2025-11-19,184.3483273978252,187.41099710874653,182.39302051116815,186.07420349121094,247246400.0
2025-11-20,195.4816571057099,195.53154064523628,179.42014682895694,180.208251953125,343504800.0
2025-11-21,180.80681345200097,184.11887021564362,172.51666286870193,178.45245361328125,346926200.0
2025-11-24,179.0610093294625,183.06141961318156,176.0581937395723,182.1136932373047,256618300.0
2025-11-25,174.49195573568102,177.73418799379976,169.1447659257062,177.39500427246094,320600300.0
2025-11-26,181.1958831941039,182.4728225932506,177.81398638784032,179.8291473388672,183852000.0
2025-11-28,178.58215589898685,178.86148547381688,176.0781603452176,176.57696533203125,121332800.0
2025-12-01,174.3423041351479,179.8690716163194,173.2648835948944,179.48997497558594,188131000.0
2025-12-02,181.32557695606172,185.2162648499111,179.56978894419797,181.02630615234375,182632200.0
2025-12-03,180.6472109015755,182.01393165685582,178.68191808959097,179.1607666015625,165138000.0
2025-12-04,181.19598816136636,184.08922700452197,179.53987513877786,182.95188903808594,167364900.0
2025-12-05,183.4606866221248,184.22889322931675,180.4876480440623,181.98414611816406,143971100.0
2025-12-08,182.21361127014939,187.5610985176648,181.97416608957425,185.1168212890625,204378100.0
2025-12-09,185.12679644575,185.2864265695677,182.89203560496765,184.53817749023438,144719700.0
2025-12-10,184.53819180758595,185.0469957406681,181.61502392815055,183.35096740722656,162785400.0
2025-12-11,179.85912243695617,180.89670300875093,176.20766331092784,180.50759887695312,182136600.0
2025-12-12,180.6871989054384,182.39321360477518,174.21234434473615,174.61141967773438,204274900.0
2025-12-15,177.52459033283526,178.0034654802094,174.6213802569945,175.87843322753906,164775600.0
2025-12-16,175.84850127733236,178.0733061224419,174.4916756985292,177.3050994873047,148588100.0
2025-12-17,175.68888113429998,175.71880987812392,169.91239000563186,170.54092407226562,222775500.0
2025-12-18,174.1225483861358,175.7387615308714,171.41888356310693,173.73345947265625,176096000.0
2025-12-19,176.25756723043006,181.02640724251643,175.9283357789888,180.56748962402344,324925900.0
2025-12-22,183.49062822521734,183.73007341419415,181.9243013805983,183.26116943359375,129064400.0
2025-12-23,182.54285710968043,188.88801027625055,182.47301321780614,188.76829528808594,174873600.0
2025-12-24,187.50124372172942,188.4689804086018,186.154389299292,188.169677734375,65528500.0
2025-12-26,189.47662851874142,192.240166195598,187.5611125998212,190.085205078125,139740300.0
2025-12-29,187.2717899684254,188.31932652162573,185.47598909796272,187.7805938720703,120006100.0
2025-12-30,187.8005508490403,188.5487999407664,186.49359631469858,187.1021728515625,97687300.0
2025-12-31,189.12744593978846,190.11512498868174,186.05463453876877,186.06460571289062,120100500.0
2026-01-02,189.39681300359115,192.47959571470966,187.8204997023152,188.4091339111328,148240500.0
2026-01-05,191.31231822272787,193.17796293683364,185.7154145267434,187.68081665039062,183529700.0
2026-01-06,190.07522846701318,191.72137039337454,186.3838692947835,186.80288696289062,176862600.0
2026-01-07,188.12978540958392,190.9232365533545,186.12446806753155,188.66851806640625,153543200.0
2026-01-08,188.66852284990722,189.10749810453436,183.28113525242415,184.60801696777344,172457000.0
2026-01-09,184.64792389684447,185.9049768874807,183.2412119543349,184.42843627929688,131327500.0
2026-01-12,182.79226917353867,186.6831584288149,182.59273912358015,184.5082550048828,137968500.0
2026-01-13,184.56809890645206,187.6708389078061,182.97182817799478,185.37620544433594,160128900.0
2026-01-14,183.88971661277398,184.029389177148,180.37792970729708,182.71246337890625,159586100.0
2026-01-15,186.06460797964908,189.25713440169068,185.895006678512,186.6133270263672,206188600.0
2026-01-16,188.63859508159712,189.99542077422674,185.64559857342888,185.7952423095703,187967200.0
2026-01-20,181.4753578011745,181.95424822676716,177.19537928172147,177.65431213378906,223345300.0
2026-01-21,178.6319932794081,184.947217101084,177.9835016341843,182.89202880859375,200381000.0
2026-01-22,184.31869154642928,185.7353746560278,183.5005985718231,184.40847778320312,139636600.0
2026-01-23,187.06227125943187,189.15737478680413,186.38386606278428,187.23187255859375,142748100.0
2026-01-26,186.7230748442759,188.6784906596197,185.55580805974404,186.03468322753906,124799600.0
2026-01-27,186.80288446054914,189.55643562401056,185.2664711415707,188.07989501953125,143711600.0
2026-01-28,190.82345963399504,191.9009400606663,189.39679023846315,191.0728759765625,148552700.0
2026-01-29,190.89331059974717,193.0283141326731,185.62563804704834,192.06057739257812,171764400.0
2026-01-30,190.76362243793778,194.0359639826301,189.0276790286862,190.68380737304688,179489500.0
2026-02-02,186.7629659025267,189.8557348322644,184.44839001538193,185.1766815185547,165794100.0
2026-02-03,185.8052108647954,185.8351396091497,175.81857039871747,179.91897583007812,204019600.0
2026-02-04,179.04105715530034,179.16077214377114,171.50867959294058,173.78335571289062,207014100.0
2026-02-05,174.52161198787914,176.40721432559468,170.63072277473634,171.47874450683594,206312900.0
2026-02-06,176.27752805781466,186.5634574188361,174.1924107166939,184.9771728515625,231346200.0
2026-02-09,183.8298238555102,193.20788788877485,183.5205500126207,189.59632873535156,196387400.0
2026-02-10,190.9332352083219,192.03065816435006,187.68083581715956,188.099853515625,136764800.0
2026-02-11,192.00071425091673,192.80882083578368,188.329312674443,189.6063232421875,144192700.0
2026-02-12,192.5793648877844,193.1580126884611,186.07458174632154,186.5035858154297,189932500.0
2026-02-13,187.04232046551596,187.0622780376601,181.16607138035295,182.3832244873047,161888000.0
2026-02-17,181.3256935584433,186.71308084037668,178.76168607280786,184.53817749023438,162276900.0
2026-02-18,188.3093443160685,189.92555739322245,186.3239846890322,187.5411376953125,164749100.0
2026-02-19,186.62329889395997,187.9900957055448,185.22657333636724,187.46133422851562,126554500.0
2026-02-20,186.13444888465776,189.88566546751952,185.5059147845697,189.37686157226562,178422300.0
2026-02-23,190.9531547742145,193.49720463285962,189.13741163084848,191.10281372070312,171584800.0
2026-02-24,191.04296985904048,193.31764595479845,186.96250644177093,192.39979553222656,175123600.0
2026-02-25,193.9960453222018,197.16862939564908,193.33758246616242,195.10345458984375,250637100.0
2026-02-26,193.81648130196652,193.83642365132246,183.8897126034445,184.4583740234375,360807900.0
2026-02-27,180.82687141264745,182.16373952566906,175.96824531148394,176.77635192871094,311636500.0
2026-03-02,174.6014235260267,183.03170868955394,174.23229218389588,182.05398559570312,209095300.0
2026-03-03,178.07331350693755,180.4776756968921,176.50697142699124,179.62966918945312,178099400.0
2026-03-04,180.01874995283958,184.26879914121506,179.6396322236537,182.6126708984375,177731200.0
2026-03-05,180.74703993972415,183.63029235671348,177.46472744924466,182.91197204589844,198779700.0
2026-03-06,179.4201653790109,182.33334690173646,176.40722643712078,177.40489196777344,189021900.0
2026-03-09,176.4171820751478,182.48298979408452,175.1501427003192,182.2235870361328,177213600.0
2026-03-10,181.97416098047233,186.00473767957752,181.58507208744064,184.33863830566406,179118500.0
2026-03-11,185.4860219488843,187.1921136401388,184.02934488988058,185.60574340820312,145280400.0
2026-03-12,183.63027948516628,184.51824924312825,181.33552155955923,182.72235107421875,155762700.0
2026-03-13,184.49827615888313,185.6656060713691,179.5296376335348,179.83892822265625,160988400.0
2026-03-16,182.55273992235968,188.44926587891726,180.9962999229416,182.8021697998047,217307400.0
2026-03-17,184.63795767039014,184.97717862722422,181.26566108165355,181.5150909423828,182497800.0
2026-03-18,182.06384475172882,182.96180140975886,179.91875397930713,179.98858642578125,156683100.0
2026-03-19,177.60403750119184,179.56954607641802,175.38909905828712,178.1527862548828,170968500.0
2026-03-20,177.59405294207926,177.85345450506617,171.32837633709812,172.30613708496094,241323500.0
2026-03-23,176.85574153065542,177.96321071223454,174.36144294367455,175.23944091796875,182836300.0
2026-03-24,174.4312942297872,175.81812366395545,173.58322660302642,174.80044555664062,147667800.0
2026-03-25,176.69612335614488,180.8067226806179,176.44669348987364,178.2725067138672,162602100.0
2026-03-26,175.66847416549638,176.10745794358192,170.74970926821888,170.8494873046875,186152200.0
2026-03-27,169.61229451028825,170.58008352629554,166.62910808502988,167.13795471191406,196212700.0
2026-03-30,168.3950875250076,169.0635577295173,163.89537828689438,164.79331970214844,185627000.0
2026-03-31,166.58922503111532,174.22177306603788,166.57925331681818,174.0022735595703,226181300.0
2026-04-01,175.59862725595661,176.96549806235143,174.3514779146501,175.3491973876953,168132000.0
2026-04-02,171.7873183615289,177.0852211444685,170.9791680862979,176.98544311523438,143143200.0
2026-04-06,176.75597747742694,177.3845303646084,175.35916114415525,177.23487854003906,107564300.0
2026-04-07,175.32922705160684,177.8235255680002,173.26395579650787,177.69383239746094,132534900.0
2026-04-08,184.079243714486,184.83750503722598,179.8888249511496,181.66476440429688,147732700.0
2026-04-09,181.42529878487736,183.6601958045732,180.20807985372045,183.49058532714844,116428500.0
2026-04-10,183.88967366981893,189.56669990817062,183.87970195572368,188.1998291015625,160459500.0
2026-04-13,185.605746824658,189.2274732756209,185.3164148846483,188.87826538085938,133648200.0
2026-04-14,190.40477641072036,196.0618438720703,190.33494396561244,196.0618438720703,161307000.0
2026-04-15,196.09178511161633,199.94298301571828,195.2936216855987,198.41647338867188,185338400.0
2026-04-16,196.97974400923295,199.39423847906178,195.36344336942167,197.8976593017578,134012900.0
2026-04-17,199.44410763257105,201.2400056483541,198.8155547450397,201.2200469970703,160324400.0
2026-04-20,199.52392392325544,201.70893187328167,197.38880498867078,201.59918212890625,119381400.0
2026-04-21,201.66904795828867,202.28762917830338,198.54618104306965,199.42417907714844,107945300.0
2026-04-22,200.53164182940822,202.03819274902344,198.54617460274403,202.03819274902344,107501000.0
2026-04-23,201.99828375930824,203.3651545152774,196.77022843278436,199.18470764160156,113561800.0
2026-04-24,199.50398270942756,210.46890943516505,199.35431566144254,207.79502868652344,214134400.0
2026-04-27,209.17187844164343,216.33551207209098,206.90706623150768,216.1160125732422,187172400.0
2026-04-28,209.01225288404052,214.2402930542568,207.72518626919629,212.68385314941406,180275400.0
2026-04-29,212.2149257168926,212.23488436877426,207.10660696252424,208.77279663085938,123711800.0
2026-04-30,209.45124259423534,209.82040915320695,198.24685712515335,199.11488342285156,225239200.0
2026-05-01,200.8209691272831,202.5370477944956,196.67045257290908,197.99742126464844,128647000.0
2026-05-04,199.04502180842945,201.2699318245734,194.29588290907526,198.02734375,125368100.0
2026-05-05,198.84548202478717,199.7833407086998,195.58293528206713,196.05186462402344,113406600.0
2026-05-06,199.43413852494058,207.7950323152332,198.15705885791613,207.3560333251953,188362800.0
2026-05-07,207.86487247229027,213.7115092245668,206.02907228582575,211.01766967773438,168307900.0
2026-05-08,212.5441790763045,217.30330524675068,212.40449895841255,214.709228515625,136421400.0
2026-05-11,213.55186573785767,221.79303819063418,213.40221390900197,218.93955993652344,160685800.0
2026-05-12,218.05159434962442,223.23973257586303,214.42986778297353,220.27650451660156,159176600.0
2026-05-13,224.41703053540263,227.32039781394542,221.0647077692387,225.3149871826172,150405400.0
2026-05-14,229.32582552778115,236.00055597235212,228.77707677625682,235.202392578125,180782900.0
2026-05-15,229.23602944473367,230.9720668751014,223.7286287034134,224.80616760253906,180977600.0
2026-05-18,229.34577348371204,229.4754818886306,217.8719993892805,221.81300354003906,146280900.0
2026-05-19,219.11914008419038,223.96805720569674,217.41304835521052,220.1068878173828,140948200.0
2026-05-20,222.6710257508039,225.61431038954527,219.9971448577806,222.9603729248047,184201600.0
2026-05-21,221.78305837384474,226.8814055684356,217.43300079554024,219.0093994140625,203381800.0
2026-05-22,220.39621757095847,220.50596731800164,214.3101381389001,214.83892822265625,169275700.0
2026-05-26,216.04617181279934,217.68243116855118,211.5165320236786,214.37001037597656,187202600.0
2026-05-27,213.63168066177133,213.66161102691768,208.30386252985457,212.1151580810547,167601200.0
2026-05-28,210.79815519844968,215.02849096688144,210.73829446983814,213.76138305664062,143996000.0
2026-05-29,214.09065053210412,217.36316924965476,210.64852132770383,210.6584930419922,289410600.0
2026-06-01,215.23801892090273,224.35717434911126,215.20808855445495,223.8483428955078,212850700.0
2026-06-02,226.66188583823322,231.75026086454594,220.84519513709748,222.3118438720703,193362900.0
2026-06-03,221.2143597561905,222.31185725112735,214.02079575535723,214.26025390625,160907000.0
2026-06-04,213.67091279390368,221.35231998810906,210.73419644348996,218.4156036376953,169022200.0
2026-06-05,214.2902104723603,214.62982678346356,204.10161444712602,204.87075805664062,219655500.0
2026-06-08,209.94507132882276,210.23475572682116,205.76975069388217,208.40679931640625,138372800.0
2026-06-09,210.3845825512031,211.16370951624515,199.11719156565087,207.95730590820312,180962500.0
2026-06-10,204.20149632565034,206.98838641050182,199.696542748819,200.19598388671875,161746600.0
2026-06-11,201.26479475008583,205.43013200106668,199.31696212361035,204.64100646972656,158643200.0
2026-06-12,204.6310298517525,206.83856645475237,203.21261880599855,204.96066284179688,112001800.0
2026-06-15,208.68648640498938,212.47225882321928,208.10713284720606,212.21253967285156,149936700.0
2026-06-16,210.94395209283806,211.25361840198772,207.05830064217733,207.1781768798828,125694100.0
2026-06-17,208.29691745433288,208.9761653200819,202.8530121596522,204.42124938964844,128363500.0
2026-06-18,207.09826842291386,211.1537281092123,206.26919428756833,210.4545135498047,241272000.0
2026-06-22,211.2036686200953,213.7508214450341,207.48782537372824,208.41677856445312,122041400.0
2026-06-23,201.94403040148535,203.54224815949766,199.77645766483005,199.81640625,153496200.0
2026-06-24,199.89631590195674,201.44458647582786,196.36027935647695,198.77757263183594,151810700.0
2026-06-25,199.85637045714446,200.5755669254449,191.9152592982058,195.52122497558594,149550000.0
2026-06-26,192.90414096411192,195.33143282930595,191.0062707295152,192.31480407714844,179304100.0
2026-06-29,193.63333194293918,195.96071419295149,189.58785574691487,194.7520751953125,148835700.0
2026-06-30,197.0195429632178,200.4057532237791,194.89191886651452,199.86634826660156,166476700.0
2026-07-01,195.98069896251877,199.62662840490702,193.23377271109229,197.35916137695312,146147600.0
2026-07-02,196.9196593659626,199.8363939026278,192.1350197738411,194.61224365234375,142068700.0
2026-07-06,194.20269428466304,197.32920075051607,193.77318221313826,195.33143615722656,108999000.0
2026-07-07,192.15498377986222,198.18824142626735,190.92636281467173,196.7098846435547,124154600.0
2026-07-08,194.9618356993413,204.93069180759116,194.84197470333905,203.891845703125,147419100.0
2026-07-09,204.23147485952867,204.36131918975943,198.73762239526957,202.5533447265625,132037400.0
2026-07-10,201.7742207048944,210.7641612313501,201.69430829342895,210.72421264648438,148421000.0
2026-07-13,208.3069001369788,210.33464515051216,202.77309911383117,203.30250549316406,121411000.0
2026-07-14,207.96729575339148,212.31243993744155,203.57221964678251,211.5632781982422,124379600.0
2026-07-15,211.7230919717581,213.57101502024952,205.80969553973085,212.26248168945312,124797200.0
2026-07-16,209.93509060438328,210.84407715298516,205.61992700554663,207.16818237304688,122986100.0
2026-07-17,202.41350482950477,206.41901728963356,197.74872640584337,202.58331298828125,144281900.0
2026-07-20,205.63989694335598,207.50781723343968,202.05391309694542,203.05279541015625,88701500.0
2026-07-21,207.30802440628602,208.4167843613107,203.78197113093626,207.0583038330078,108685600.0
2026-07-22,205.57996827489498,214.15038042761168,204.72092886821054,211.82298278808594,137645600.0
2026-07-23,209.22588688656515,210.63429930291466,205.72979894313582,208.5266571044922,110505300.0
2026-07-24,207.21812923496972,211.6731509810223,204.5810805834776,206.6088104248047,114836800.0
2026-07-27,207.96729627325774,208.51668459839084,195.22156333884286,196.2903594970703,154353700.0
2026-07-28,194.78204700134697,198.47790843456414,192.52457850774027,196.789794921875,134111500.0
2026-07-29,195.63110696844683,196.84974460884015,189.79762268066406,189.79762268066406,147680800.0
2026-07-30,193.23377181769484,197.02952748682713,191.3059363552755,194.82199096679688,129010200.0
2026-07-31,198.2182038580375,201.77422236802423,194.73209918257555,200.52561950683594,139961200.0
2026-08-03,197.46904862701152,208.50670133078404,196.62999113475112,206.40904235839844,128406900.0
2026-08-04,211.06382570110384,212.82185300096492,208.8163406042335,211.70310974121094,134922000.0
2026-08-05,216.6176127852948,221.9716224388697,216.15812022814887,218.9749755859375,158187400.0
2026-08-06,221.28239358061882,223.38005249670454,216.75745800384053,218.7452392578125,113940600.0
2026-08-07,221.29237770419127,224.50877992471257,220.41337164588714,223.70968627929688,105669400.0
2026-08-10,223.15029107269072,223.88946943306019,216.5277120448001,217.3068389892578,115846600.0
2026-08-11,221.92167541427946,221.9516406634887,215.95834695389817,217.25689697265625,101273100.0
2026-08-12,220.7929293559802,224.84840415873398,219.95387191061064,223.8395233154297,108783600.0
2026-08-13,224.80845001468583,226.97602279610956,223.45996804263754,225.04818725585938,98867200.0
2026-08-14,226.51654155338588,227.23573802273873,224.24907448357243,224.90834045410156,75680900.0
2026-08-17,225.72741618855906,227.66525027466162,224.60867289832842,224.7584991455078,93678700.0
2026-08-18,220.20359791537197,221.39227027986857,218.44557057093272,219.49440002441406,103128200.0
2026-08-19,221.4222404106533,222.62089613745684,216.51772459764655,217.31683349609375,96797300.0
2026-08-20,218.1159423024499,219.6142657707553,215.41896310784705,216.60763549804688,92457000.0
2026-08-21,218.17587248780362,218.49552214328025,214.26025565862156,214.48001098632812,98869300.0
2026-08-24,215.28910206110334,215.34903256074918,207.01835779182306,208.24697875976562,135187300.0
2026-08-25,210.79412790131315,214.48998931653267,209.87515802586688,212.81187438964844,122309000.0
2026-08-26,212.40232405945306,213.3612577394914,208.99613188036045,209.4256591796875,179900000.0
2026-08-27,222.61090164325523,230.21239627098788,220.6530857022795,227.7251739501953,298909800.0
2026-08-28,227.10587153371227,229.00374173344596,216.56766062888835,217.3068389892578,195116400.0
2026-08-31,218.62536478578363,221.05265670783686,215.96834944345454,220.53323364257812,124702700.0
2026-09-01,216.50774446342592,220.1636574397174,214.8595947199138,217.1969757080078,109756200.0
2026-09-02,218.5454508199983,227.6952163087265,218.23579974693772,224.1591796875,157104700.0
2026-09-03,225.76737972053164,230.14247379152744,224.49879494304554,228.1946563720703,134681600.0
2026-09-04,230.83170360414334,234.49759976142684,229.37334400327853,230.10252380371094,135352400.0
2026-09-08,232.84944771666764,233.44878317831424,224.59868561283858,225.47769165039062,122965600.0
2026-09-09,225.0281992525124,225.92718720955042,223.21024142511232,223.4199981689453,82955500.0
2026-09-10,220.52999877929688,220.99000549316406,217.1999969482422,218.36000061035156,105768000.0
2026-09-11,221.24000549316406,222.0,218.14999389648438,218.2899932861328,89060100.0
2026-09-14,211.24000549316406,212.77000427246094,208.92999267578125,210.9600067138672,132267200.0
2026-09-15,213.3800048828125,213.94000244140625,211.16000366210938,212.1699981689453,88059700.0
2026-09-16,214.13999938964844,216.75999450683594,212.5,213.89999389648438,96563600.0
2026-09-17,218.3800048828125,219.91000366210938,217.14999389648438,219.33999633789062,94191300.0
2026-09-18,219.35000610351562,222.72999572753906,218.02999877929688,222.27000427246094,189683500.0
