date,open,high,low,close,volume
2010-01-04,0.42327475027236305,0.4257901679483887,0.41412781655592484,0.4228174090385437,800204000
2010-01-05,0.4212166764104877,0.43356505256017813,0.4212166764104877,0.4289915859699249,728648000
2010-01-06,0.4287628170506157,0.4326502574325127,0.4246466924803695,0.4317355751991272,649168000
2010-01-07,0.4294487761981951,0.43127816764315036,0.42007316208030043,0.42327457666397095,547792000
2010-01-08,0.41984449111922817,0.42716205712897637,0.41732910165587933,0.4241892993450165,478168000
2010-01-11,0.426476104775483,0.42830549659048867,0.412298338654194,0.4182438552379608,556612000
2010-01-12,0.41206967834819075,0.41367038595074024,0.3953764952101523,0.4040660858154297,627432000
2010-01-13,0.406810169139142,0.41092629369208467,0.39103169622952916,0.40955424308776855,508868000
2010-01-14,0.40452341366189914,0.407496144371508,0.39629116501681766,0.40315136313438416,608524000
2010-01-15,0.40017853873236003,0.40360863722172313,0.38600077650165937,0.3912602663040161,818192000
2010-01-19,0.38828760331102774,0.40109331835803436,0.3871442368696881,0.3985779285430908,545328000
2010-01-20,0.39354714603353896,0.398577980843573,0.38828765426123696,0.3969772458076477,719728000
2010-01-21,0.3967485146583443,0.4038373971033068,0.38622953308065894,0.38988831639289856,608632000
2010-01-22,0.38531484373839703,0.3924037265534427,0.3741098635572021,0.3763965964317322,1067916000
2010-01-25,0.3825707326112109,0.39011695581677547,0.3798266588800974,0.3827994167804718,643676000
2010-01-26,0.38096994140352014,0.383485357672054,0.37045096261146626,0.370679646730423,714636000
2010-01-27,0.37045106041352627,0.3821134083593224,0.3663349360055979,0.3807413578033447,812504000
2010-01-28,0.38371422369726566,0.3850862746389289,0.36267625464516196,0.36793574690818787,687764000
2010-01-29,0.37205178682896456,0.37616791144643347,0.34644035688027175,0.3519285321235657,774700000
2010-02-01,0.35330054300241015,0.37959799733456423,0.3503277849248619,0.37891197204589844,949832000
2010-02-02,0.3775399262275023,0.3876015662549229,0.37639655990120474,0.3827994167804718,849812000
2010-02-03,0.37936932789110966,0.38760157656339456,0.3775399362683792,0.3860008418560028,562296000
2010-02-04,0.3825709419977278,0.3825709419977278,0.3594749186617336,0.3635910451412201,783480000
2010-02-05,0.3631335287354342,0.3718231188337375,0.3567306441787842,0.3709084093570709,604856000
2010-02-08,0.3697651081137531,0.3791407251566629,0.36290490849991963,0.37022244930267334,445160000
2010-02-09,0.37616794293898365,0.37799733483990383,0.36359091110266867,0.36724966764450073,930144000
2010-02-10,0.3695363851364419,0.37776860684645697,0.36702096815671204,0.3743385076522827,535828000
2010-02-11,0.38028407982824497,0.395605213626475,0.37754000552080397,0.39148908853530884,695980000
2010-02-12,0.3887449483740922,0.40475207759255216,0.3844001398016503,0.39674851298332214,780212000
2010-02-16,0.40200803707786703,0.405666820677986,0.39720588701021176,0.4040660858154297,457024000
2010-02-17,0.40909695672459884,0.40932561368258347,0.39629124023714407,0.4079535901546478,876560000
2010-02-18,0.38554345517813216,0.3876015307328558,0.3706796942984657,0.3811986744403839,1515508000
2010-02-19,0.3795980758729452,0.3837142011965561,0.37731134261094035,0.3791407346725464,510548000
2010-02-22,0.3807413470962144,0.38645820607868325,0.37731124806273547,0.3798266649246216,458084000
2010-02-23,0.38096994140352014,0.3825706484562246,0.3667921802681438,0.370679646730423,489764000
2010-02-24,0.3738812189775736,0.38211346910207167,0.37273785241917157,0.37845468521118164,445868000
2010-02-25,0.36976500712287635,0.37593920689702615,0.3603893926406511,0.3750244975090027,576972000
2010-02-26,0.3731951367882095,0.3759392379187145,0.36816433014895844,0.37045106291770935,393396000
2010-03-01,0.37067985820362664,0.3871443336215812,0.3677070992612151,0.38531494140625,555868000
2010-03-02,0.38874502237754394,0.39354714570123545,0.38234216401927884,0.3850862383842468,538648000
2010-03-03,0.38737298477724147,0.3894310338061592,0.3770826851126315,0.3802841007709503,399300000
2010-03-04,0.3818847729417788,0.3848575313526438,0.3761679403285801,0.3809700906276703,557396000
2010-03-05,0.3782259730441707,0.3953764689166663,0.3782259730441707,0.392632395029068,632832000
2010-03-08,0.39286108069936804,0.39400444709519833,0.3853148297748818,0.38691556453704834,439312000
2010-03-09,0.39080293783006775,0.4052093573996371,0.39057425368610615,0.4013219177722931,830832000
2010-03-10,0.4001786809393421,0.40658153918013135,0.39994999672145315,0.4022367298603058,418520000
2010-03-11,0.3990352879420039,0.4004073386384489,0.39148906363157104,0.39308977127075195,540660000
2010-03-12,0.3974346288925522,0.3985779955260401,0.3924037938971967,0.39446187019348145,520352000
2010-03-15,0.3940046062296866,0.39789204809360723,0.38874511323260996,0.39240387082099915,358904000
2010-03-16,0.39217506356920934,0.4084108776317937,0.39194637938128335,0.40612414479255676,664988000
2010-03-17,0.40841091564307125,0.41938723974498876,0.40841091564307125,0.4138990640640259,651168000
2010-03-18,0.41458505284697583,0.41458505284697583,0.39560516473769053,0.3992639482021332,740964000
2010-03-19,0.4052095110962657,0.4063528777297536,0.389431035198126,0.39446187019348145,584612000
2010-03-22,0.3894310269906257,0.4024654281456885,0.3894310269906257,0.40086472034454346,435336000
2010-03-23,0.4038374645853377,0.4111550051725876,0.4010933630126109,0.40909695625305176,493612000
2010-03-24,0.40566689030626013,0.4068102569700428,0.3946905376219327,0.3953765630722046,436252000
2010-03-25,0.4010933656731553,0.40360878304483716,0.39560521701131607,0.39651989936828613,495184000
2010-03-26,0.399949999096938,0.40406612422332217,0.3933184838588815,0.39651989936828613,344676000
2010-03-29,0.3990351449011977,0.40246524315272686,0.39354697134275235,0.4015505611896515,394456000
2010-03-30,0.40612412110399715,0.4081821696352655,0.39629116501681766,0.40315136313438416,324104000
2010-03-31,0.40155069245236336,0.4033800842365208,0.39583383290436885,0.39789190888404846,389840000
2010-04-01,0.399721277262847,0.4042947428254417,0.38965963666913567,0.3937757611274719,339664000
2010-04-05,0.3962912248670005,0.40040734981118214,0.3958338564487517,0.39972132444381714,413636000
2010-04-06,0.39469043882270777,0.39560514828077004,0.3830280908674481,0.38988831639289856,809260000
2010-04-07,0.3873730620994539,0.39903541495123185,0.38417161854209514,0.39240387082099915,817468000
2010-04-08,0.38988830927680657,0.39286106725624304,0.3839427933179337,0.3860008418560028,1037600000
2010-04-09,0.38508626646048355,0.3898884173943047,0.3830281900916981,0.388516366481781,817572000
2010-04-12,0.38897354695689296,0.3972057945100547,0.38828752178412934,0.39560508728027344,546460000
2010-04-13,0.39720590030833797,0.40520946584904494,0.3956051926521981,0.4038374423980713,648696000
2010-04-14,0.4125270069173965,0.4145850555922698,0.40246536595355614,0.4088682234287262,900720000
2010-04-15,0.4102403271283327,0.4143564522706242,0.4061242019860412,0.4118410348892212,957596000
2010-04-16,0.3951478840654009,0.3967485918534526,0.3814274576049305,0.3901170492172241,1917736000
2010-04-19,0.3871441482684952,0.3894308806278366,0.37525314545192,0.3882875144481659,1094492000
2010-04-20,0.3910316339543783,0.39514775785179285,0.3846287775872891,0.389659583568573,678188000
2010-04-21,0.39171773877212696,0.39217507990702577,0.3750245556382611,0.3795980215072632,895908000
2010-04-22,0.3734237677780962,0.3823420406618967,0.3681642777071371,0.3811986744403839,656932000
2010-04-23,0.3800554376861802,0.3809701473965992,0.3693077962238463,0.37593933939933777,752916000
2010-04-26,0.37639660630296445,0.3841714873762653,0.3757105809706128,0.3795980215072632,491092000
2010-04-27,0.3768538540629714,0.3807412936364122,0.3677069245913459,0.3688502907752991,606704000
2010-04-28,0.3686216606019072,0.3747958607071773,0.36199011940809966,0.3695363700389862,672164000
2010-04-29,0.3706797445928574,0.38119872616200706,0.36519156962895144,0.3807413578033447,987128000
2010-04-30,0.37616788369442516,0.3768539089567257,0.359017388436931,0.35924604535102844,1068048000
2010-05-03,0.36107552314033486,0.36313359941842976,0.34987051387517976,0.35535869002342224,1078972000
2010-05-04,0.34987050853143015,0.3505565339469837,0.33226264099226466,0.33729347586631775,1311376000
2010-05-05,0.3304331896609609,0.3400374611824682,0.32746043181239837,0.33157655596733093,1330840000
2010-05-06,0.3292898522639106,0.3361500507044074,0.2981902478363176,0.32471635937690735,1002888000
2010-05-07,0.3276890466283173,0.3276890466283173,0.3077944536447978,0.3192281424999237,1153712000
2010-05-10,0.33843673988391426,0.34255286386952954,0.32928980980921446,0.33294856548309326,979156000
2010-05-11,0.3297471946853621,0.3359213678543506,0.32677443656399563,0.32928985357284546,829124000
2010-05-12,0.3315766381533788,0.33752212806417625,0.32951856193578716,0.33569276332855225,901236000
2010-05-13,0.33432080747575765,0.34964194593842685,0.3318053893597923,0.33500683307647705,1252000000
2010-05-14,0.3123679441513948,0.31328262617093067,0.2881285435137027,0.2963607907295227,2493068000
2010-05-17,0.29681821559604094,0.30070568342734977,0.2876712837765042,0.2970468997955322,856060000
2010-05-18,0.2995623920270685,0.3013917844679384,0.2856133053329542,0.2872140407562256,674112000
2010-05-19,0.285842074179941,0.2922449359873311,0.28378402411257697,0.29178759455680847,826520000
2010-05-20,0.28332645458793265,0.2917873877252343,0.27463686452746383,0.2849271893501282,1129136000
2010-05-21,0.27669494405145995,0.2991049311582029,0.27669494405145995,0.2911013662815094,1069600000
2010-05-24,0.2901867394196627,0.2936168393069387,0.28172580455637336,0.2826404869556427,664564000
2010-05-25,0.2737222883271322,0.2915588164624773,0.2709781861062978,0.2901867926120758,966652000
2010-05-26,0.30184900701332296,0.3075658385881958,0.29064400077057023,0.2915586829185486,995028000
2010-05-27,0.29887630616477023,0.3087092638015747,0.2981902807928986,0.3087092638015747,713560000
2010-05-28,0.30825190646393147,0.30825190646393147,0.2959035321982833,0.300476998090744,545116000
2010-06-01,0.2963609195949919,0.2997910195497474,0.28744264335662084,0.2876713275909424,527492000
2010-06-02,0.28812861902407744,0.2913300614514593,0.28629922724557444,0.2908726930618286,649088000
2010-06-03,0.28492719864730587,0.2911013719343637,0.28401248914477495,0.29041534662246704,586360000
2010-06-04,0.28195444456251023,0.2869852514894463,0.27509421860395283,0.2766949534416199,671456000
2010-06-07,0.27783822719952217,0.2796676183608191,0.26183107498317226,0.26297444105148315,577248000
2010-06-08,0.2618310692022592,0.2618310692022592,0.24902535861591274,0.255656898021698,967636000
2010-06-09,0.25702903518845704,0.26388926175680344,0.2485681281601758,0.24948281049728394,697152000
2010-06-10,0.2545135667341102,0.2606877387577946,0.2538275415625896,0.25954437255859375,611768000
2010-06-11,0.25680037455905735,0.26663333221228797,0.2561143491860397,0.26548996567726135,442104000
2010-06-14,0.26937743961234434,0.2698347808306649,0.2590871395300773,0.2597731649875641,375080000
2010-06-15,0.26274584959789893,0.27395082895254924,0.26228848124872617,0.27257880568504333,528632000
2010-06-16,0.2707495347547276,0.27326495275640666,0.2654900417348636,0.2691488265991211,366480000
2010-06-17,0.27852426069258623,0.28012496778449814,0.2689199636211186,0.27943894267082214,859068000
2010-06-18,0.28103967408624053,0.2846984568358419,0.27898162582709013,0.2812683582305908,932832000
2010-06-21,0.28721395344983225,0.2878999515541165,0.27212150447543143,0.2746368944644928,579836000
2010-06-22,0.2780669666726847,0.28149706589672213,0.2629745191829179,0.26434656977653503,818164000
2010-06-23,0.2668620400345567,0.27006345571188084,0.25931578752369805,0.26731938123703003,614060000
2010-06-24,0.26571868687667227,0.2670907379544573,0.2531416519503644,0.25405633449554443,725028000
2010-06-25,0.25588567515530664,0.25611435937541344,0.2492541598923243,0.2533702850341797,507220000
2010-06-28,0.2551997122660081,0.25748644574290674,0.24925419432206647,0.25382766127586365,372008000
2010-06-29,0.248339391866634,0.2485680760329581,0.2380490950621061,0.23964980244636536,660808000
2010-06-30,0.2401072157182196,0.2426226332641474,0.2334757000207901,0.2334757000207901,623072000
2010-07-01,0.23416177307675173,0.23896389764989467,0.2270728738377963,0.23736318945884705,737008000
2010-07-02,0.23827790695431691,0.23873524827211404,0.2263868691314847,0.23439043760299683,737096000
2010-07-06,0.23347563530024143,0.24102185858616473,0.22981685211312597,0.23187492787837982,712020000
2010-07-07,0.23278966104552917,0.24445201115698484,0.23233231986194477,0.24307996034622192,608412000
2010-07-08,0.24468069297890407,0.24490934993844868,0.232789658762281,0.23576241731643677,783272000
2010-07-09,0.23690579442487925,0.2382778452831738,0.23370435150886215,0.2366771101951599,571516000
2010-07-12,0.23667709215566332,0.24399465982880936,0.23644843520338288,0.24102190136909485,565396000
2010-07-13,0.24490945042536,0.2513123113398788,0.24353742632511924,0.24971160292625427,723316000
2010-07-14,0.26068770298761207,0.26251709410731416,0.24856801748708202,0.2522267997264862,1355664000
2010-07-15,0.2524555595261319,0.25268424373184706,0.24216526094909122,0.245138019323349,953088000
2010-07-16,0.24513803255314928,0.24582405794731085,0.22890221635136593,0.22981689870357513,1288604000
2010-07-19,0.23301832706438808,0.24010718300620296,0.23141759215687438,0.23919250071048737,798440000
2010-07-20,0.23301832888061064,0.24651004277761637,0.2309602528091978,0.245138019323349,1160988000
2010-07-21,0.24742465939677852,0.24765331625659215,0.23484760526710996,0.23713433742523193,624940000
2010-07-22,0.23964985061537783,0.2435373186642399,0.2382778271216694,0.24102190136909485,462612000
2010-07-23,0.24079330004771685,0.24102198433872837,0.23461912405060328,0.23690585792064667,817604000
2010-07-26,0.23621978150969614,0.242165299197261,0.23256099720042359,0.24125058948993683,683548000
2010-07-27,0.24193657485764175,0.24239391600549953,0.23621974235940027,0.23919250071048737,683472000
2010-07-28,0.23530505315531888,0.2394211778852082,0.23096024422821088,0.23164626955986023,1320808000
2010-07-29,0.21495308968474325,0.21952655532803478,0.20740686592131113,0.20877890288829803,2664476000
2010-07-30,0.20717822831690758,0.21380975728042756,0.20397679913141464,0.21015098690986633,984288000
2010-08-02,0.21380972295571588,0.21472441880901344,0.20900757313340443,0.20992226898670197,917020000
2010-08-03,0.20832156576357458,0.20855023632411573,0.2028334041605721,0.2044341117143631,955444000
2010-08-04,0.20626352456627775,0.21380974924638488,0.20534882860050652,0.21312372386455536,855496000
2010-08-05,0.21380972531444048,0.21632512871625634,0.20992227130254063,0.2158677875995636,800504000
2010-08-06,0.21495312305342748,0.22066995599500608,0.2131237310601204,0.21838322281837463,739904000
2010-08-09,0.22066993746680272,0.22089862166926863,0.21518177557769116,0.22044126689434052,466456000
2010-08-10,0.2167824542134597,0.21723979526844545,0.21037959766365294,0.2112942934036255,772560000
2010-08-11,0.20694951277097998,0.20694951277097998,0.20237604709250617,0.20306207239627838,796148000
2010-08-12,0.1994033266494215,0.20946496940035841,0.19780261881132113,0.20489150285720825,1343584000
2010-08-13,0.21152296343149576,0.21769714943922608,0.21106560874758926,0.21472439169883728,1797392000
2010-08-16,0.21175163752535203,0.2160964321306453,0.20649214716683892,0.2092362344264984,814008000
2010-08-17,0.2112943014540518,0.21586776669816496,0.20923623936820057,0.21198031306266785,481224000
2010-08-18,0.21129434556301732,0.21495311579609783,0.20992229479935826,0.21312372386455536,352920000
2010-08-19,0.21541041333356695,0.22661541960723516,0.21426704701543772,0.225929394364357,1615100000
2010-08-20,0.22432874254766763,0.23347568898882815,0.22410007195338977,0.22798751294612885,1305308000
2010-08-23,0.22867350954700105,0.23439034183367477,0.2238713595221925,0.22455738484859467,748620000
2010-08-24,0.21723983204526404,0.2245573855738417,0.21678249091285443,0.2222706526517868,641332000
2010-08-25,0.21975524775836094,0.22867350882335022,0.2186118676746412,0.22684411704540253,757532000
2010-08-26,0.22981694696695026,0.2323323648537972,0.22410011291503906,0.22410011291503906,657596000
2010-08-27,0.225472093160533,0.23324698822468792,0.2197552605589491,0.23141759634017944,1060416000
2010-08-30,0.22867351654300969,0.23050290838271478,0.22044126689434052,0.22044126689434052,602804000
2010-08-31,0.21723977701024852,0.22409998766846684,0.21266631232476957,0.21335233747959137,931488000
2010-09-01,0.21655378588724164,0.21929785950505182,0.21380969863943028,0.21495306491851807,851440000
2010-09-02,0.2156390961574402,0.21952653616285428,0.2135810340716321,0.21884052455425262,596292000
2010-09-03,0.22410008200417672,0.2270728271231255,0.22135599385975593,0.22638681530952454,566484000
2010-09-07,0.22570074202045617,0.23370430689252758,0.22524340090833891,0.22844482958316803,899820000
2010-09-08,0.2289021179932294,0.23759170564538026,0.22638670171550235,0.235990971326828,1224156000
2010-09-09,0.23896383970609877,0.23919252393223306,0.2298169068208924,0.23278966546058655,697748000
2010-09-10,0.23439037034197688,0.23507639575181857,0.22821619617342156,0.2302742451429367,609292000
2010-09-13,0.23439038692917963,0.24628142218124024,0.23439038692917963,0.2433086633682251,1015792000
2010-09-14,0.2412505583213753,0.2442233167810898,0.2389638252385193,0.24102190136909485,698536000
2010-09-15,0.23873518823292061,0.24170794694101355,0.23553374529343174,0.24147926270961761,555572000
2010-09-16,0.23827780679529786,0.2437659548219804,0.23827780679529786,0.241707906126976,365280000
2010-09-17,0.2439946913518973,0.24422334833371925,0.24056459128445884,0.24125058948993683,416884000
2010-09-20,0.24125053285105338,0.24582402579392182,0.23896380000962203,0.24490931630134583,443168000
2010-09-21,0.24353728428267515,0.26228848746287686,0.24353728428267515,0.2581723630428314,1779624000
2010-09-22,0.2572576533615919,0.26274582775538663,0.2556569460525691,0.2604590952396393,999996000
2010-09-23,0.26343175795764195,0.27395073572900586,0.26114502602995365,0.2657184898853302,1240872000
2010-09-24,0.27166404737845,0.28126834482334434,0.26960599921740075,0.2803536355495453,1086976000
2010-09-27,0.28241178641361714,0.2826404433481505,0.27074943769221277,0.274408221244812,999504000
2010-09-28,0.27463691376475635,0.27760967237893036,0.2689200807605794,0.27372223138809204,723192000
2010-09-29,0.2712068014414245,0.27966773570499787,0.2686913841317121,0.2716641426086426,974904000
2010-09-30,0.275094182714528,0.2782956247121881,0.2648038860091975,0.2670906186103821,787632000
2010-10-01,0.2709780345506021,0.2714354028382828,0.25748632430403245,0.25954437255859375,999120000
2010-10-04,0.2570290267467499,0.26137383585533736,0.25176953533109553,0.2570290267467499,749500000
2010-10-05,0.26251716594246677,0.2629745070325399,0.2581723574367621,0.2588583827018738,753588000
2010-10-06,0.2588582776085314,0.2600016434995234,0.2439945210256352,0.24650990962982178,1057604000
2010-10-07,0.24765341901619373,0.2478821032308936,0.23736312003485907,0.24468068778514862,761488000
2010-10-08,0.24376590505128642,0.2503974454278789,0.2403358064199457,0.24833936989307404,706932000
2010-10-11,0.24948288660667184,0.25154096338303294,0.24605278590608712,0.24719615280628204,442680000
2010-10-12,0.2451380169294067,0.2531415824111669,0.24307994087809243,0.2519982159137726,605208000
2010-10-13,0.25611425531589116,0.2629744520116743,0.25337018208957757,0.2593156695365906,968732000
2010-10-14,0.259544513407041,0.26000185468290915,0.2540563363165775,0.25519973039627075,599172000
2010-10-15,0.25931572942284375,0.26228848746287686,0.2551996322628031,0.2581723630428314,639940000
2010-10-18,0.2584011140725904,0.26091653166337153,0.25382764736936064,0.2597731649875641,448156000
2010-10-19,0.254056238622786,0.26000175470285214,0.25199819004276564,0.2581723630428314,866136000
2010-10-20,0.2584010472228358,0.26526124550290997,0.25382758170278635,0.2581723630428314,763532000
2010-10-21,0.2584010180039404,0.2588583590522302,0.24971142904642754,0.2535988688468933,1014428000
2010-10-22,0.2551996756054448,0.2718928330407613,0.2524555740193582,0.2698347568511963,1322676000
2010-10-25,0.27189270210096655,0.2744081182568196,0.2693772859451135,0.2723500430583954,673136000
2010-10-26,0.26914867732739783,0.2755515336587718,0.2668619448704787,0.271435409784317,675248000
2010-10-27,0.26891996896176407,0.2762375067129691,0.26823394383446386,0.275322824716568,496796000
2010-10-28,0.27898162635025453,0.2798963084093699,0.2730361111860031,0.27555152773857117,704448000
2010-10-29,0.27509422462312455,0.2778383259705921,0.27212149359671306,0.2748655676841736,554664000
2010-11-01,0.27669487497116835,0.2810396553440717,0.2730360924655665,0.275322824716568,473920000
2010-11-02,0.2764662493434653,0.28561318028299953,0.2748655418810477,0.2810397148132324,581036000
2010-11-03,0.2828691789612177,0.2849272553061639,0.27555163778588015,0.28309786319732666,671748000
2010-11-04,0.2858420030852133,0.28881476253426125,0.2830979279245605,0.283555269241333,700016000
2010-11-05,0.28561315697707135,0.29087264729013196,0.2842411338041005,0.2883572578430176,735116000
2010-11-08,0.2881285735092813,0.29201601338700894,0.2858418409623824,0.2895006239414215,605156000
2010-11-09,0.28950055621302956,0.29178728822494954,0.286299115040344,0.28789982199668884,633964000
2010-11-10,0.2899579889556885,0.2913300395011902,0.2858418645791879,0.2913300395011902,521016000
2010-11-11,0.2844697907029278,0.293159379838419,0.28058235082284033,0.2883572578430176,1089980000
2010-11-12,0.29933366553219776,0.3128254077995784,0.29796161470500304,0.30322110652923584,2142560000
2010-11-15,0.30459320038709176,0.30893798318699,0.2988763665661657,0.29956236481666565,733548000
2010-11-16,0.2945313695133392,0.2986474927031528,0.29018658947186726,0.29064393043518066,739356000
2010-11-17,0.29041541162251777,0.2988763469296052,0.28767133702076525,0.2954462468624115,551764000
2010-11-18,0.299333712797254,0.3075659645402817,0.299333712797254,0.30459320545196533,993120000
2010-11-19,0.3039071113576338,0.3155694608188071,0.3034497701995504,0.31442609429359436,716484000
2010-11-22,0.3123679753712422,0.3164840721305392,0.3096238745183748,0.31465470790863037,462668000
2010-11-23,0.3109959481152612,0.31419736300212203,0.3050504321710863,0.3073371648788452,457832000
2010-11-24,0.31053862937717136,0.31602677736680845,0.3103099451859339,0.31488341093063354,397784000
2010-11-26,0.3146547194922532,0.3164840837815078,0.3109959363937378,0.3109959363937378,143104000
2010-11-29,0.3096239439836975,0.3155694608188071,0.3082519205094472,0.31442609429359436,468192000
2010-11-30,0.309623991093539,0.3128254342072449,0.30550786552449566,0.31122469902038574,720936000
2010-12-01,0.3173988964453595,0.32700317112851235,0.31694155522425926,0.3249451220035553,626536000
2010-12-02,0.3249451548777942,0.3308906731336328,0.3247164706141024,0.32883259654045105,529316000
2010-12-03,0.3272319300408305,0.33820825815200806,0.3265459044226285,0.33820825815200806,606044000
2010-12-06,0.33935163551277897,0.34003766115204,0.3304333839824431,0.33180540800094604,438424000
2010-12-07,0.3395801422717763,0.3505564649812066,0.33889411699118605,0.34255290031433105,1026812000
2010-12-08,0.3420957006209965,0.34918455875730015,0.3395802826390724,0.3455258011817932,613252000
2010-12-09,0.33729352057469647,0.34209567186008855,0.3324913692893044,0.3398089110851288,942408000
2010-12-10,0.3398089232713121,0.3450684159963059,0.338894240736537,0.34186699986457825,451900000
2010-12-13,0.3432387857037089,0.34392478344470756,0.33226244020781925,0.3331771492958069,609108000
2010-12-14,0.33958025216287796,0.34575442716619736,0.33317739290535603,0.33363473415374756,755160000
2010-12-15,0.33432063621644725,0.33843676045221766,0.32585970357514005,0.32631707191467285,624176000
2010-12-16,0.32974714623629736,0.3315765376775808,0.32585967920106956,0.32677438855171204,631872000
2010-12-17,0.3270030694453679,0.3304331956870357,0.32311562938481575,0.3286038041114807,593156000
2010-12-20,0.3297472717974486,0.33134797969558855,0.3270031699606238,0.32723185420036316,344088000
2010-12-21,0.33043330930574316,0.34003758430480957,0.3302046250576649,0.34003758430480957,466952000
2010-12-22,0.33935142838699317,0.3441535776707719,0.33615001370447556,0.3436962366104126,477988000
2010-12-23,0.34369639810948227,0.34369639810948227,0.3398089291197442,0.3411809802055359,273784000
2010-12-27,0.34026620241252914,0.3455256937558815,0.33409200151467644,0.343010276556015,255500000
2010-12-28,0.3430101982193611,0.3452969306933567,0.3395800995083676,0.34163814783096313,194260000
2010-12-29,0.3414094909395644,0.34415356445635886,0.3384367332713698,0.34163814783096313,177660000
2010-12-30,0.3411808363133703,0.34483961949238867,0.3400374699774275,0.34278154373168945,174488000
2010-12-31,0.34301027344134627,0.35261457374634736,0.3425529322982527,0.35215720534324646,391252000
2011-01-03,0.35490134059332706,0.3651916399650629,0.3544439721465753,0.36176154017448425,817448000
2011-01-04,0.36244747622506346,0.36404818361401875,0.3526145204643335,0.36061808466911316,651384000
2011-01-05,0.36724955493422523,0.38874488272803415,0.363590799515279,0.3882875144481659,1428216000
2011-01-06,0.39834928861312435,0.4422546139070878,0.3972059220447403,0.44202592968940735,3493312000
2011-01-07,0.4369951876157404,0.45574642395046266,0.4271622282046085,0.45437437295913696,2579984000
2011-01-10,0.4461420738201528,0.4726681902422785,0.44271197396867157,0.4717535078525543,1750348000
2011-01-11,0.4781562047118151,0.48272966937358286,0.4543741448546232,0.46443575620651245,2711088000
2011-01-12,0.4646644305252431,0.5344097883118016,0.4630637234733543,0.5339524745941162,3431896000
2011-01-13,0.5282359220792024,0.5451577933677446,0.5117714192925229,0.5348674654960632,2695192000
2011-01-14,0.5257204129615868,0.5483590855536153,0.5225189977312023,0.5394408106803894,1595352000
2011-01-18,0.5321234256549491,0.5357822105369644,0.513829555764905,0.5268639326095581,1813348000
2011-01-19,0.5270925064632144,0.5396695114673123,0.5113140314486017,0.5124573707580566,1197896000
2011-01-20,0.5074265688033535,0.51588747560254,0.4982795821198906,0.5129147171974182,1111408000
2011-01-21,0.5184029975544467,0.5257205669559469,0.5071979864459089,0.5081126689910889,739244000
2011-01-24,0.5314369449399998,0.5728268828024212,0.5254914859336707,0.5655093193054199,2056900000
2011-01-25,0.5629943738824418,0.5689398926646968,0.5444718464639096,0.5481306314468384,1086856000
2011-01-26,0.553847287982297,0.5716838394757046,0.5499598470332254,0.5611648559570312,1074660000
2011-01-27,0.5691682322923779,0.5705402280594317,0.5488162984210955,0.559563934803009,657396000
2011-01-28,0.5609361791252633,0.5703117684632639,0.5305225689751272,0.5433282852172852,1094796000
2011-01-31,0.5442430690964181,0.5545333416579736,0.5353247928950535,0.5469871163368225,750160000
2011-02-01,0.5517890558697097,0.5636800311441679,0.5481302732775692,0.559563934803009,654104000
2011-02-02,0.5563627381515822,0.5984386726430138,0.5563627381515822,0.5849469304084778,1606616000
2011-02-03,0.5858614685694977,0.5858614685694977,0.5613933802871776,0.5739704370498657,1030776000
2011-02-04,0.5819740610042808,0.5915783059028273,0.5796873282398637,0.5870048403739929,872900000
2011-02-07,0.5790012115743871,0.5815166008622376,0.5604786409420307,0.5625367164611816,934236000
2011-02-08,0.5632229640751315,0.5668817482697436,0.5433283352394325,0.545843780040741,1076584000
2011-02-09,0.5479016581699022,0.5533898602825948,0.5227475983934243,0.532580554485321,1277520000
2011-02-10,0.5206892519203362,0.5307509142163688,0.5168018137914063,0.5218326449394226,1042352000
2011-02-11,0.5200035175770764,0.5536185387456771,0.5115426116840306,0.5366966724395752,1359276000
2011-02-14,0.5430996368836722,0.5602501626366341,0.5264064795651966,0.5284645557403564,1287828000
2011-02-15,0.5293791322809749,0.5312084966132429,0.5133719490335966,0.5156587362289429,886980000
2011-02-16,0.5225190706784574,0.5421849877249079,0.5206896513485423,0.5346387624740601,1318364000
2011-02-17,0.5195463473185683,0.5947799479741692,0.517030902383805,0.5872337222099304,3470096000
2011-02-18,0.584032131084125,0.593407774364935,0.5769432752786462,0.5860902070999146,1394412000
2011-02-22,0.5668815130907743,0.5684822202893364,0.5289216905248734,0.53075110912323,1396648000
2011-02-23,0.5307512933564812,0.5357820735782358,0.4980509493149824,0.5055971741676331,1491604000
2011-02-24,0.5081125749050145,0.5268638089492157,0.5044538454017733,0.5179455876350403,1246120000
2011-02-25,0.5318945545915028,0.5373827024459605,0.5245769877722186,0.5286931395530701,775652000
2011-02-28,0.5373830257790045,0.537611737362226,0.5062834298650336,0.5181744694709778,903696000
2011-03-01,0.5190889009094646,0.5257204432111305,0.4950781762599945,0.4950781762599945,988448000
2011-03-02,0.4943923455199374,0.5037679930223623,0.46306409537778265,0.4744977653026581,1718140000
2011-03-03,0.48547358233716886,0.48821768218977096,0.4628349221131546,0.4772413372993469,1593704000
2011-03-04,0.47769913827822075,0.4825012628513637,0.4694668857813802,0.4747263789176941,959760000
2011-03-07,0.47815625424014485,0.4797569615855679,0.4562035834257608,0.4680945873260498,1019140000
2011-03-08,0.4731254817051381,0.47564087149755374,0.437223726700598,0.44705671072006226,1947184000
2011-03-09,0.44568461328553555,0.45002942162335385,0.433793581843088,0.43768104910850525,1318976000
2011-03-10,0.4276195306847043,0.4308209463609051,0.40932563725209276,0.4097830057144165,1722736000
2011-03-11,0.41321303654916963,0.4241893598699322,0.40383742079893353,0.41275566816329956,1486832000
2011-03-14,0.4159570822811258,0.42647606376078057,0.4093255409969941,0.41618576645851135,1003360000
2011-03-15,0.3958338495973565,0.410697641432963,0.3889736505624648,0.4038374423980713,1256280000
2011-03-16,0.400178694926907,0.41961595454656003,0.395605228489344,0.40086472034454346,1476520000
2011-03-17,0.411612262019324,0.41229828727195683,0.3933184006691341,0.40841084718704224,1238516000
2011-03-18,0.41481387552569027,0.41618592659793047,0.40246549765557355,0.4029228389263153,886960000
2011-03-21,0.41161229270272304,0.4157284172653506,0.40200802022992915,0.40612414479255676,751832000
2011-03-22,0.40498082170697935,0.4088682624976476,0.3972059128656342,0.3990353047847748,718332000
2011-03-23,0.39834923646896725,0.4084108773096774,0.3896596462347194,0.4072675108909607,782396000
2011-03-24,0.4159571282728223,0.4447700020689745,0.4150424459821541,0.4397391676902771,1780592000
2011-03-25,0.44362657844255743,0.4447699447886463,0.425332689645131,0.42601871490478516,1196392000
2011-03-28,0.4360803377448675,0.4491147361941494,0.43219289753192575,0.4417971968650818,1204284000
2011-03-29,0.44179722772793645,0.4433979353086157,0.4324216119182335,0.4383671283721924,715764000
2011-03-30,0.4417974119330607,0.44362680447088115,0.41641462795332634,0.4219028055667877,1176320000
2011-03-31,0.42258860870657894,0.4271620740134461,0.41435636025021666,0.4221312403678894,655112000
2011-04-01,0.4276194301276994,0.428076771222466,0.4104689073639129,0.41618576645851135,850072000
2011-04-04,0.4161857056297857,0.4173290718295928,0.3983491602007946,0.4013219177722931,924328000
2011-04-05,0.407267457522551,0.41046887217144135,0.4010932578625448,0.40200796723365784,821076000
2011-04-06,0.40498078032782114,0.40543812144587504,0.39583382166671455,0.3992639482021332,856984000
2011-04-07,0.400178665751631,0.41641448132530157,0.3985779580671866,0.4138990640640259,1021208000
2011-04-08,0.4171003876856311,0.4171003876856311,0.40017855157248605,0.4013219177722931,746552000
2011-04-11,0.4029227522951047,0.40498082846096417,0.3917177709010141,0.39606255292892456,546208000
2011-04-12,0.3921749644923507,0.39994984327755256,0.3848573994474561,0.39720577001571655,840756000
2011-04-13,0.40132199492615694,0.4086395345597139,0.3962911881318369,0.40612414479255676,749588000
2011-04-14,0.4024653000901079,0.42350326081709094,0.40017856759891424,0.42327457666397095,1254704000
2011-04-15,0.42007325178060245,0.43310765157170694,0.41801517574305613,0.4278481602668762,969720000
2011-04-18,0.4177864554304438,0.420530529137605,0.40703879024905715,0.4136703312397003,743584000
2011-04-19,0.4138989829771906,0.4154997176080438,0.40086461258597705,0.4120696187019348,659860000
2011-04-20,0.4271620625395906,0.43333623508601826,0.41778644800834674,0.42464664578437805,650516000
2011-04-21,0.4292201413732888,0.43196424248608883,0.4225886272906996,0.4235033094882965,421300000
2011-04-25,0.4253327128418875,0.43722371803772186,0.42510402865619623,0.4301348626613617,619612000
2011-04-26,0.43379365583623714,0.4456846893069647,0.42944887401732285,0.4413398802280426,676000000
2011-04-27,0.4436266405001122,0.4436266405001122,0.4321929481797954,0.4413398802280426,450004000
2011-04-28,0.441339808784725,0.4550602318960654,0.43630900242456877,0.44614195823669434,684000000
2011-04-29,0.4491147564516744,0.4674086192294986,0.44842873114550486,0.45734700560569763,836000000
2011-05-02,0.46695127070236797,0.4671799276141102,0.44888606619454885,0.451172798871994,613824000
2011-05-03,0.44591335821466266,0.4472853816188264,0.4241893680853314,0.4296775162220001,808000000
2011-05-04,0.4310495870297424,0.43585173731874405,0.41847255530712746,0.4264761209487915,639356000
2011-05-05,0.4230458923067997,0.43173548066120965,0.41732906144995097,0.42670467495918274,544000000
2011-05-06,0.4356229966480516,0.44591332125643374,0.43219289753192575,0.4417971968650818,841080000
2011-05-09,0.4431693294724654,0.4539169978287994,0.44202596281838824,0.45163026452064514,706328000
2011-05-10,0.4552890128960746,0.45574635406972014,0.44774276086088255,0.4523162543773651,690976000
2011-05-11,0.45460305721102906,0.45917649690875023,0.44820019801819805,0.45437437295913696,616000000
2011-05-12,0.4527737382629694,0.4692382437838085,0.4516303713384677,0.46878087520599365,1224000000
2011-05-13,0.43905311065606956,0.44019647706689247,0.41435639073029423,0.41755780577659607,2025192000
2011-05-16,0.4164144235228387,0.4173291329726992,0.4045234187546879,0.40475207567214966,728188000
2011-05-17,0.40338004730897137,0.40360870422355444,0.39148901543051945,0.40315136313438416,1420364000
2011-05-18,0.4047521455521403,0.4159571542424331,0.40338012203047796,0.41252705454826355,658844000
2011-05-19,0.4157283312902594,0.41595701543089214,0.40040722988786814,0.40658140182495117,650884000
2011-05-20,0.40566676702547816,0.414585013388753,0.4038373754673696,0.4136703312397003,575820000
2011-05-23,0.4077248101972672,0.4161857426361688,0.4024653197584914,0.41321298480033875,588000000
2011-05-24,0.41527106824757043,0.43150688200121357,0.4141277018497084,0.41481372714042664,720372000
2011-05-25,0.41275565533284997,0.4225886391632993,0.40863953080801235,0.41984453797340393,545312000
2011-05-26,0.41984455362108053,0.43402231943059616,0.41870118716934585,0.4303635358810425,706436000
2011-05-27,0.43219294906354655,0.44659937252099574,0.43173560791220056,0.4459133744239807,658824000
2011-05-31,0.45460285350673624,0.45849032048687505,0.4436265322745818,0.4582616090774536,1200716000
2011-06-01,0.4562035942507766,0.45688961948937984,0.43676633970369994,0.43768104910850525,762208000
2011-06-02,0.43836715117134206,0.44156856649920384,0.4303635583316719,0.43562304973602295,607592000
2011-06-03,0.4305921729935965,0.4344796130524329,0.4200731918838006,0.4221312403678894,549300000
2011-06-06,0.4214452330749446,0.42533267304795175,0.4127556164717473,0.41321298480033875,435988000
2011-06-07,0.41641438052612884,0.41870111302465773,0.4111548903275121,0.41298428177833557,433956000
2011-06-08,0.41092631263572665,0.41344170251292445,0.39857793840764033,0.4017793536186218,569288000
2011-06-09,0.4015505776686225,0.4024652596692349,0.3827993513160788,0.39720577001571655,741632000
2011-06-10,0.39789194675934403,0.40040736410950367,0.3882876457932866,0.39148908853530884,493548000
2011-06-13,0.3914890541633337,0.3965198611619487,0.3860008787702935,0.388744980096817,574760000
2011-06-14,0.3921751490147436,0.40063605691134735,0.3903457568927724,0.3919464647769928,534576000
2011-06-15,0.3866869714069631,0.3889737047370802,0.37548196173338216,0.3834855556488037,935916000
2011-06-16,0.3837141915658852,0.3896597088018783,0.36473430051561057,0.37022244930267334,1024908000
2011-06-17,0.37456720661014764,0.3747958908027814,0.35009914291859384,0.3615328073501587,1467884000
2011-06-20,0.35833138258866987,0.365877606362815,0.35444391497834876,0.35718801617622375,745960000
2011-06-21,0.3585600188503631,0.36770697688277304,0.35512991981071085,0.3649628758430481,704276000
2011-06-22,0.36244763189900536,0.36724975612841915,0.35924618848604795,0.35993221402168274,651720000
2011-06-23,0.35535851952025804,0.37319503573895935,0.35215707815485153,0.370679646730423,744024000
2011-06-24,0.36885049146490534,0.37205190761784784,0.35764548040957667,0.35993221402168274,529052000
2011-06-27,0.35993216347988144,0.3622188967708836,0.339808877807049,0.352385938167572,1142152000
2011-06-28,0.35238588877065097,0.3585600623388683,0.3498704715991515,0.3544439375400543,692200000
2011-06-29,0.35673077060872527,0.3635909987050584,0.3443824200073585,0.35993221402168274,960544000
2011-06-30,0.3608468347539818,0.3683930598333611,0.35535868592898434,0.3645056188106537,652300000
2011-07-01,0.36450560592680686,0.37067980721170807,0.3571880653321199,0.3693077564239502,540804000
2011-07-05,0.36885035175278347,0.3722804508716991,0.3599320776876002,0.3631335198879242,535296000
2011-07-06,0.3629048177377075,0.3635908429795185,0.35398654411417124,0.3583313524723053,529580000
2011-07-07,0.36016084966604667,0.3619902145007597,0.3533006224958278,0.3597034811973572,986136000
2011-07-08,0.35467264676203103,0.3571880641109845,0.3498704962813051,0.3528432548046112,619516000
2011-07-11,0.34621173108797393,0.34758375457719415,0.33958018881337954,0.34049487113952637,714388000
2011-07-12,0.33889419527751047,0.3420956382398136,0.3302046033227037,0.33592143654823303,867604000
2011-07-13,0.3404949089993624,0.34278164232900127,0.3320340011317009,0.3352354168891907,634368000
2011-07-14,0.33660741804592736,0.3386654668344519,0.32037160290087374,0.3219723105430603,1088996000
2011-07-15,0.3238016777748252,0.3258597264069084,0.31579811291227106,0.3224296271800995,827736000
2011-07-18,0.31991429975058067,0.3217436645532051,0.31145336486839414,0.3155694901943207,818200000
2011-07-19,0.3164840309872079,0.32585964407565826,0.3164840309872079,0.32517364621162415,602224000
2011-07-20,0.3263171996954355,0.32814656472990356,0.32014299729405604,0.3210577070713043,662956000
2011-07-21,0.32151500083404466,0.3384368429832049,0.3167128501779293,0.3361501097679138,1143420000
2011-07-22,0.3391228359144094,0.34415364305413476,0.3347780268655498,0.343010276556015,737192000
2011-07-25,0.3377506842096265,0.3391227345010669,0.3327198785743441,0.3375220000743866,566920000
2011-07-26,0.32791780297529,0.3361500520406117,0.3244877037414069,0.32928985357284546,698276000
2011-07-27,0.32471638088700655,0.32631711577049716,0.3160267901680873,0.316941499710083,652212000
2011-07-28,0.3157981091426041,0.3228869644373866,0.31076727519533276,0.31625545024871826,648176000
2011-07-29,0.31305400798590877,0.3192282083284681,0.3114533004845066,0.31625545024871826,677656000
2011-08-01,0.32357285380190187,0.33409183112380086,0.3208287810579263,0.3331771492958069,1019620000
2011-08-02,0.3308906262532898,0.351699909940466,0.3297472596168518,0.3297472596168518,1356432000
2011-08-03,0.3304332043613366,0.3398087921346716,0.32723176220507244,0.3386654257774353,765236000
2011-08-04,0.3324912079765675,0.3324912079765675,0.3064224421977997,0.3064224421977997,979732000
2011-08-05,0.313511416515625,0.31739885730561884,0.28812864112446523,0.2961322069168091,1270588000
2011-08-08,0.2817258148997206,0.2917874579611421,0.2709781463836548,0.2728075385093689,1084180000
2011-08-09,0.2780668821301939,0.2961320822403135,0.2744081270929525,0.29567474126815796,1329832000
2011-08-10,0.2869852305543152,0.295217479296049,0.2805823734507449,0.28218308091163635,1140052000
2011-08-11,0.2821830829915264,0.31076726962100854,0.2821830829915264,0.30665114521980286,1078792000
2011-08-12,0.3393514315700678,0.33980877263471687,0.28972928544557647,0.2945314347743988,3195784000
2011-08-15,0.2975042328261819,0.3064225074631715,0.29590352525339086,0.3057364821434021,864152000
2011-08-16,0.3023063910437673,0.30642251581456026,0.2915587243478059,0.2970468997955322,716868000
2011-08-17,0.29796158900708947,0.30299242343290855,0.2890433411795151,0.2929307818412781,553328000
2011-08-18,0.2796677239834764,0.28241179813178297,0.2698347393703633,0.2730361819267273,802564000
2011-08-19,0.26846272852819425,0.283326493727587,0.2664046523753499,0.2682340443134308,761332000
2011-08-22,0.27578025607503387,0.2789816986313978,0.270063423574392,0.2730361819267273,611876000
2011-08-23,0.27966778193174635,0.30276380092392885,0.27921041342892033,0.30253511667251587,938312000
2011-08-24,0.3018490495211029,0.30276373179789107,0.29041535750120856,0.29819026589393616,687500000
2011-08-25,0.29224467325534603,0.29750416312806355,0.28492713516547824,0.28538447618484497,690968000
2011-08-26,0.2842412748293763,0.3004770948815582,0.27921043891911207,0.29750433564186096,732660000
2011-08-29,0.30596514747972803,0.3066511454972124,0.2988762650456829,0.3055077791213989,601528000
2011-08-30,0.3034496498540774,0.31534065154842117,0.30139157456890414,0.3128252625465393,684760000
2011-08-31,0.31511220219222913,0.3183136183973092,0.30184914157401177,0.30436453223228455,705808000
2011-09-01,0.3084805431396037,0.3151120846040745,0.30344973644035345,0.30367839336395264,762312000
2011-09-02,0.2968182705332817,0.3009343960659165,0.29315948622427024,0.2954462468624115,471356000
2011-09-06,0.2858418444065471,0.3020776565891585,0.283097770769205,0.3013916313648224,696248000
2011-09-07,0.3258596360683441,0.3347779079416245,0.31694139145506167,0.3258596360683441,1606620000
2011-09-08,0.3226583944120115,0.3304333043498953,0.3189996100577117,0.32425910234451294,880164000
2011-09-09,0.3215149710071179,0.3302045618710932,0.3146547719976649,0.3173988461494446,869828000
2011-09-12,0.31305408669487733,0.3276891965901687,0.31305408669487733,0.3249451220035553,916480000
2011-09-13,0.3276891101024322,0.3338633103677565,0.322658303478098,0.3322625756263733,853836000
2011-09-14,0.34095233658189456,0.3537580563519177,0.3407236523052806,0.3494132459163666,1547192000
2011-09-15,0.3571880389126018,0.35901743074096437,0.35124252228542524,0.3544439375400543,752908000
2011-09-16,0.3551299522406758,0.3681643515896404,0.3516998528877917,0.3535292446613312,1391588000
2011-09-19,0.3475837250040316,0.35009914207693116,0.3372934270403618,0.346211701631546,968204000
2011-09-20,0.3505565339469837,0.35192858477809097,0.33569276807003273,0.33729347586631775,792436000
2011-09-21,0.3391227236693459,0.3450682111356876,0.33066179257570816,0.3308904767036438,715252000
2011-09-22,0.3178561208172921,0.31831346187026616,0.30299235940562114,0.30893784761428833,1314632000
2011-09-23,0.3071084771981198,0.32425897078818516,0.30527908576317925,0.31534069776535034,1011440000
2011-09-26,0.31922815919445213,0.32014284126589715,0.3018489817569893,0.3160267174243927,972124000
2011-09-27,0.3240303137520243,0.3267743872732125,0.3139686744943323,0.3164840638637543,781388000
2011-09-28,0.317170115445009,0.3251737070426435,0.30184901202211645,0.30687981843948364,1236532000
2011-09-29,0.3123679383100068,0.317627427973982,0.29155863652471425,0.2993335425853729,866416000
2011-09-30,0.29453149200079576,0.2961321996680807,0.2856132168373377,0.2860705852508545,677784000
2011-10-03,0.2824117425953068,0.2913300158985277,0.2700633704662323,0.2700633704662323,949896000
2011-10-04,0.2634319713487954,0.2949889302253723,0.2622886044587752,0.2949889302253723,1361548000
2011-10-05,0.29430277228242446,0.3082518802313549,0.28835728348419737,0.3055077791213989,856708000
2011-10-06,0.3071085658297582,0.31854223152289496,0.3066511973940253,0.31762754917144775,773192000
2011-10-07,0.31899946888497027,0.32837508260619164,0.31236795584508226,0.32357293367385864,806976000
2011-10-10,0.32906130684286333,0.33797958493232727,0.32837528125751736,0.33797958493232727,534376000
2011-10-11,0.3352352868742861,0.3407234610929379,0.3331772385797923,0.334320604801178,816080000
2011-10-12,0.34072344184457914,0.34095212597993774,0.3338632449038157,0.3340919017791748,612064000
2011-10-13,0.33249128015563706,0.3542152699839093,0.33157659789887056,0.3535292446613312,854832000
2011-10-14,0.35970346494167643,0.3633622489657776,0.3507852163654436,0.3594748079776764,702452000
2011-10-17,0.3553585699349383,0.3553585699349383,0.3398087563997664,0.34163814783096313,611780000
2011-10-18,0.33980882508805305,0.3549013006311894,0.3377507763494476,0.35398659110069275,590916000
2011-10-19,0.3544438543673387,0.3606180537467445,0.34598294981408007,0.3468976318836212,557568000
2011-10-20,0.33752203101497036,0.33889408143218636,0.31648407000433515,0.32951846718788147,990308000
2011-10-21,0.3336346565010076,0.3391228319843856,0.325631091106921,0.33111923933029175,628428000
2011-10-24,0.33249124129246665,0.3487270539024009,0.33180521605007446,0.3434675633907318,535256000
2011-10-25,0.33866538037917004,0.3414094810766924,0.329747134892224,0.3304331600666046,577996000
2011-10-26,0.33683602139222685,0.3386653855384431,0.3247163067335377,0.334320604801178,503116000
2011-10-27,0.346669058267217,0.3521572065227358,0.3388941497685567,0.34872710704803467,577732000
2011-10-28,0.34575434605049843,0.3599321122445555,0.34483966376830444,0.3567306697368622,490156000
2011-10-31,0.3452970111835271,0.3473550872458701,0.3384368121623993,0.3384368121623993,519984000
2011-11-01,0.3260883997855488,0.32700308197838146,0.3183134921064529,0.32151493430137634,790824000
2011-11-02,0.3247163061431241,0.3263170406581543,0.309395204256414,0.3160267174243927,961608000
2011-11-03,0.3194570103268955,0.33569285867719645,0.31099610061140287,0.33500683307647705,749372000
2011-11-04,0.3320338718764378,0.3400374354145197,0.32677438181369806,0.3388940691947937,654840000
2011-11-07,0.33637874746701796,0.3420956074378172,0.3292898912616428,0.3370647728443146,613536000
2011-11-08,0.3414095628796943,0.3468977110697187,0.3359213874296629,0.3448396623134613,549728000
2011-11-09,0.33683605280684525,0.3411808339493213,0.32608838751545094,0.3274604380130768,532244000
2011-11-10,0.3354639411823675,0.3388940395414103,0.32265822973794167,0.3308904767036438,990484000
2011-11-11,0.3402661675523666,0.3452969741766874,0.321743594016448,0.34255290031433105,1751560000
2011-11-14,0.3425529794458537,0.34598307938117134,0.3350067541361528,0.33592143654823303,500292000
2011-11-15,0.3327200028212738,0.34278161784912625,0.33180529319873564,0.34026622772216797,505660000
2011-11-16,0.3338632802415821,0.3427815263045268,0.3322625456446413,0.33340591192245483,512420000
2011-11-17,0.3327199410936016,0.3336346232864343,0.3155694182679503,0.32151493430137634,657504000
2011-11-18,0.32334439270399495,0.32334439270399495,0.31511214222887096,0.3185422420501709,501352000
2011-11-21,0.31351131842660107,0.3377506924321588,0.30870916954965094,0.33454927802085876,1330788000
2011-11-22,0.3382081203855075,0.34666905413013843,0.3363787285688304,0.3448396623134613,1287480000
2011-11-23,0.34118090059911566,0.34369631791614946,0.329975892039612,0.330204576253891,825340000
2011-11-25,0.3258598311768043,0.3334060573540347,0.32014299729405604,0.3210577070713043,406620000
2011-11-28,0.331576694990394,0.34415372963374724,0.331576694990394,0.3391229212284088,690616000
2011-11-29,0.33866545739094817,0.3452969992379578,0.33546404219584475,0.34095221757888794,623440000
2011-11-30,0.3512424866517371,0.35833136904496943,0.34826972863973626,0.35741665959358215,730324000
2011-12-01,0.3544439721465753,0.36267622254796794,0.3528432643629739,0.36176154017448425,529760000
2011-12-02,0.3656489821658384,0.3670210329898788,0.35604470817758527,0.3594748079776764,546464000
2011-12-05,0.3654202830418562,0.3658776241771011,0.35101383283159066,0.35398659110069275,644696000
2011-12-06,0.3560446936040701,0.3567306917280012,0.3452970261956969,0.34895581007003784,573832000
2011-12-07,0.3466689749962364,0.34941304846486065,0.33958009354728946,0.3468976318836212,510016000
2011-12-08,0.343467661857934,0.34918449508346333,0.33477806990312714,0.33592143654823303,491488000
2011-12-09,0.33340600610833687,0.34346764855147177,0.3288325397050965,0.34072357416152954,555840000
2011-12-12,0.33340594200735857,0.3347779925685428,0.32608840262105376,0.3322625756263733,573208000
2011-12-13,0.3366074176318873,0.34072354246388087,0.32105762785547115,0.32311567664146423,516596000
2011-12-14,0.32037160700116846,0.32220099886994136,0.30710855002757476,0.310538649559021,636020000
2011-12-15,0.3157981337717518,0.3178561825397757,0.3071085430378594,0.3077945411205292,435148000
2011-12-16,0.3103098980332126,0.31625541350188174,0.30756582445536607,0.30893784761428833,619116000
2011-12-19,0.31030989921721164,0.31396868217496854,0.29979091865866203,0.3009342849254608,463276000
2011-12-20,0.3077945797103995,0.31899958901893793,0.3077945797103995,0.31785622239112854,445208000
2011-12-21,0.31602668764842046,0.31945678598315747,0.3075657838747355,0.31373995542526245,548424000
2011-12-22,0.3146548207349596,0.3281465366392968,0.3146548207349596,0.32723185420036316,576560000
2011-12-23,0.32883249219374927,0.3292898605759985,0.32128626826671647,0.3240303695201874,248948000
2011-12-27,0.32265830067241946,0.32654574088196514,0.3206002248485391,0.32151493430137634,195712000
2011-12-28,0.32151496682171116,0.3222009921657275,0.31328271721353,0.3135114014148712,233960000
2011-12-29,0.31671283088736235,0.3201429305013761,0.31213936473534404,0.31945690512657166,211112000
2011-12-30,0.31831352313306566,0.32174362258053324,0.31648413130908154,0.316941499710083,186956000
2012-01-03,0.3270031979533539,0.32928995876646744,0.3203716815533717,0.3210577070713043,468044000
2012-01-04,0.32128626015665895,0.32608840996900884,0.31831350204710923,0.32471635937690735,347372000
2012-01-05,0.32311569561877157,0.3379794881795121,0.32174364484085427,0.3363787531852722,563548000
2012-01-06,0.33615003204859767,0.3363786889612542,0.32860380873085393,0.3324912488460541,533252000
2012-01-09,0.3327199330187145,0.33889410582050344,0.3302045161594653,0.3324912488460541,508244000
2012-01-10,0.3375220970975625,0.3377507812985393,0.3288325063605527,0.33111923933029175,546328000
2012-01-11,0.32814638184237904,0.33111913925658865,0.3231155762814084,0.3244876265525818,484272000
2012-01-12,0.325173728369551,0.325402385295335,0.31534074454069216,0.3224296271800995,652364000
2012-01-13,0.320142891146141,0.3208289164366122,0.31236801054748103,0.3139687180519104,504300000
2012-01-17,0.31877084963481706,0.31877084963481706,0.3087092095554102,0.3091665506362915,627176000
2012-01-18,0.31511202422358736,0.32220090543691915,0.31351131702509305,0.3196854889392853,632676000
2012-01-19,0.32242965493760606,0.3286038558853946,0.3189995554155048,0.32814648747444153,608312000
2012-01-20,0.32768903531974597,0.3315765019359318,0.32403028009156915,0.32517364621162415,546272000
2012-01-23,0.32540231353554117,0.33432058591453334,0.3212861899190832,0.3340919017791748,562792000
2012-01-24,0.33180519274078163,0.3430101982193611,0.3315765358493829,0.34163814783096313,730920000
2012-01-25,0.332491265863239,0.340494830675929,0.32288696628000685,0.33958014845848083,1274152000
2012-01-26,0.3446110033327579,0.34849847145018725,0.33454938849472793,0.3363787531852722,799672000
2012-01-27,0.3343206757318783,0.34278158211322884,0.33157660167036007,0.34095221757888794,449996000
2012-01-30,0.3350067126518354,0.3400375198153276,0.32997587822833546,0.3384368121623993,399076000
2012-01-31,0.339351500183276,0.33958018439183935,0.33180527568079116,0.33775079250335693,357900000
2012-02-01,0.34163819113630994,0.3452969744624833,0.3368360686882129,0.3414095342159271,428020000
2012-02-02,0.34323902775109244,0.35558737743686364,0.33980890032725275,0.3542153537273407,696236000
2012-02-03,0.3594748069807652,0.36473429877832103,0.3587887815706475,0.36176154017448425,495232000
2012-02-06,0.3599320542662034,0.36038939533363124,0.35581593013934704,0.35901737213134766,278868000
2012-02-07,0.3594748727512645,0.3619902633685722,0.35352935445578276,0.35993221402168274,410296000
2012-02-08,0.3599320989081666,0.3800553537108818,0.358102707151555,0.3729664981365204,847612000
2012-02-09,0.37754003538436504,0.37959808446273596,0.3720518590753569,0.3727378845214844,561944000
2012-02-10,0.36907919560718977,0.3704512468536914,0.36153296827146764,0.3635910451412201,440268000
2012-02-13,0.3727378561333356,0.37410990692109347,0.3617615316113004,0.3693077564239502,610668000
2012-02-14,0.3693077664237238,0.37456725823919496,0.36610632358560613,0.37136581540107727,453756000
2012-02-15,0.3747960282734222,0.3864583811752305,0.36885050968426175,0.36976519227027893,1110856000
2012-02-16,0.34438234625705433,0.3791407115254913,0.34301029547961265,0.3761679530143738,1888588000
2012-02-17,0.3763966739471707,0.37891206427117163,0.3590174896176563,0.362447589635849,1020360000
2012-02-21,0.3622187508926342,0.37319507172089583,0.3615327257296178,0.36427682638168335,518176000
2012-02-22,0.362447565584602,0.37136581413610237,0.36130419898774246,0.36176154017448425,492432000
2012-02-23,0.36244745679391693,0.3658775555549317,0.3567305982655572,0.3638194799423218,323968000
2012-02-24,0.36496290130831477,0.36542026968685115,0.3594747533659376,0.3610754609107971,366668000
2012-02-27,0.356502051893183,0.3581027596925725,0.3487271426018466,0.35375797748565674,745268000
2012-02-28,0.35375793528233807,0.35787406003257893,0.34689770919193197,0.35055649280548096,699884000
2012-02-29,0.35169983592160736,0.35764535208379417,0.34621168812574654,0.3464403450489044,689196000
2012-03-01,0.34781242475878404,0.3528432318696775,0.3464403740649006,0.34872710704803467,449944000
2012-03-02,0.34758382251860465,0.3567307566080372,0.34758382251860465,0.35169994831085205,684076000
2012-03-05,0.3491845294004128,0.34987055490689933,0.33729352057469647,0.3398089110851288,514848000
2012-03-06,0.33592134155523906,0.3386654152755123,0.3306618510230467,0.3366073668003082,471400000
2012-03-07,0.3384367688619906,0.34003747631012055,0.33386330343304543,0.3386654257774353,441984000
2012-03-08,0.33958025408964243,0.3432390386175615,0.3377508618256829,0.3398089110851288,430852000
2012-03-09,0.3407234605983555,0.343238877185753,0.33706467779123195,0.3388940691947937,367836000
2012-03-12,0.340266277665472,0.3425530111674432,0.33272005165696455,0.33363473415374756,299948000
2012-03-13,0.33500684161375627,0.34003765071387404,0.3334061060846122,0.33820825815200806,553288000
2012-03-14,0.33820807580814005,0.3388941010564736,0.32746043778425926,0.3286038041114807,735708000
2012-03-15,0.32951847202988926,0.33523530341895696,0.32837510575207574,0.33340591192245483,382380000
2012-03-16,0.3336346039991485,0.3352353113740717,0.331805212459235,0.3338632881641388,428340000
2012-03-19,0.33569257093715804,0.33729327779344026,0.33317715497729017,0.3347778618335724,405400000
2012-03-20,0.3329486097329841,0.3329486097329841,0.32631709545147897,0.32928985357284546,449616000
2012-03-21,0.32928981012974606,0.3336345910154569,0.3256310271923039,0.3306618332862854,467840000
2012-03-22,0.3281465001054064,0.33294865052519496,0.32723181776830806,0.330204576253891,425372000
2012-03-23,0.32928985264385113,0.33363463409051003,0.3270030925677083,0.33271995186805725,315456000
2012-03-26,0.33592134155523906,0.33820807419880067,0.3327199267582542,0.3366073668003082,288600000
2012-03-27,0.3379793871230133,0.34301019303780744,0.3372933619391775,0.3388940691947937,419968000
2012-03-28,0.3432389782045382,0.35124254409815236,0.34072356087682726,0.34666907787323,892448000
2012-03-29,0.3462117711115638,0.35101389476899386,0.3418669614100661,0.34826982021331787,372700000
2012-03-30,0.3512425230570594,0.3542152813771784,0.3462117159630157,0.35215720534324646,527240000
2012-04-02,0.35124251814052226,0.35421527641902995,0.34552568578185633,0.35055649280548096,407776000
2012-04-03,0.3530719118585049,0.3535292529976724,0.3430102704967841,0.3448396623134613,430476000
2012-04-04,0.33958030073458306,0.3439250841057768,0.3329487562743188,0.33500683307647705,495896000
2012-04-05,0.33546396006408735,0.33958008377861604,0.33340588457682296,0.33454927802085876,369424000
2012-04-09,0.32928989391679264,0.3313479428052684,0.3238017181141759,0.330204576253891,365504000
2012-04-10,0.32883247307030117,0.333405938546772,0.32220095903342033,0.3238016664981842,470360000
2012-04-11,0.32814647118888146,0.3350066971526261,0.32700310473825844,0.32791781425476074,372960000
2012-04-12,0.3283751953460173,0.33752212806417625,0.3270031445342895,0.33569276332855225,384868000
2012-04-13,0.332719940533305,0.3345493321758942,0.32357298232035886,0.3238016664981842,311324000
2012-04-16,0.3260883946173886,0.3270030767957245,0.31465473108816905,0.31991422176361084,463468000
2012-04-17,0.3208288659655252,0.3247163056533039,0.31945681560042644,0.3206001818180084,460696000
2012-04-18,0.3185422236831761,0.32014293138881794,0.3132827321417739,0.3171701729297638,400764000
2012-04-19,0.3130540931368728,0.32494512869024333,0.3107673597243035,0.31236809492111206,667188000
2012-04-20,0.31419739384559725,0.31511210337449663,0.30550780325109084,0.30619382858276367,509592000
2012-04-23,0.30093440869266463,0.30390716766096737,0.2952175750074723,0.30253511667251587,706244000
2012-04-24,0.30344975058024654,0.30596516767708554,0.29155871767883274,0.2931594252586365,730440000
2012-04-25,0.29750425110153855,0.30139169180569125,0.2920160754662571,0.2991049587726593,727112000
2012-04-26,0.29887620158415745,0.3018489589820564,0.29681812618868947,0.2993335425853729,539208000
2012-04-27,0.2988763326763487,0.3007057247436117,0.2936168407054718,0.29681825637817383,475356000
2012-04-30,0.2952175241471117,0.29887630797930137,0.29315944801900184,0.297275573015213,262268000
2012-05-01,0.295674916250285,0.3057365598922316,0.295674916250285,0.30253511667251587,408680000
2012-05-02,0.30139179107343433,0.3025351579665347,0.29224485592863125,0.2938455641269684,684008000
2012-05-03,0.29453146615185605,0.2963608578653466,0.286985242371211,0.28881463408470154,419536000
2012-05-04,0.2869851755595913,0.28858588271374064,0.2803536355495453,0.2803536355495453,545092000
2012-05-07,0.2853846362447186,0.290186787791388,0.28286921833741263,0.2851559519767761,604440000
2012-05-08,0.282640429298421,0.2867565537754857,0.2776096226086775,0.2849271893501282,462312000
2012-05-09,0.27989638426845737,0.2883573182784066,0.2771523100873964,0.2860705852508545,520608000
2012-05-10,0.2888147071310101,0.28927204836005094,0.27943908926561617,0.2840125560760498,597092000
2012-05-11,0.3075658254574407,0.3128253157337836,0.30093428475770334,0.30207765102386475,1435140000
2012-05-14,0.2995622995101074,0.30482179093075834,0.2933881257815206,0.30024832487106323,437472000
2012-05-15,0.30024833147136604,0.3068798737597086,0.29590354952314835,0.297275573015213,599940000
2012-05-16,0.29773289661352387,0.3011629957172736,0.29041533005085424,0.2913300395011902,470484000
2012-05-17,0.29247336263231327,0.2952174360576515,0.28927192091941833,0.28927192091941833,335364000
2012-05-18,0.2899579701843839,0.2913300206410617,0.2748655242009384,0.2762375473976135,567288000
2012-05-21,0.2766949335209555,0.28241176535816437,0.2748655418810477,0.2810397148132324,416260000
2012-05-22,0.2808110587121681,0.28126839980847357,0.27349349213126223,0.27760961651802063,410140000
2012-05-23,0.274636914468699,0.2849272411626035,0.2705207892431392,0.284469872713089,496000000
2012-05-24,0.2860705860573029,0.286527927212101,0.27486557783470517,0.27692362666130066,520420000
2012-05-25,0.27669506770969216,0.2858420030852133,0.27669506770969216,0.283555269241333,391752000
2012-05-29,0.28812861902407744,0.2927020848403316,0.2869852525700139,0.2908726930618286,310000000
2012-05-30,0.2876713386143462,0.28972938776205825,0.2824118463635114,0.2874426543712616,379792000
2012-05-31,0.28744258475888274,0.28858595117738245,0.28058238624788445,0.2842411696910858,358192000
2012-06-01,0.2782955629298548,0.2810396359900844,0.2734934146294554,0.2739507555961609,440984000
2012-06-04,0.2753229278509909,0.2769236355743083,0.2659473112058319,0.2682340443134308,432856000
2012-06-05,0.2668620308115179,0.2766949889949056,0.2668620308115179,0.2760089635848999,365224000
2012-06-06,0.27806695627779565,0.28401247228120335,0.2760089077243108,0.2833264470100403,368968000
2012-06-07,0.2874425111848152,0.2890432455689938,0.2716640422921882,0.2718927264213562,526780000
2012-06-08,0.27280760827312145,0.2780671017570295,0.2723502669397422,0.277152419090271,370308000
2012-06-11,0.2860704935457915,0.291101299141689,0.279667637669195,0.2803536355495453,839080000
2012-06-12,0.28355516801654396,0.2888146594319154,0.28309782686303514,0.2860705852508545,496128000
2012-06-13,0.2858419400381215,0.28652796549197507,0.27715234789600385,0.27852439880371094,494276000
2012-06-14,0.27806699936620777,0.2803537324510937,0.27235016665399303,0.27509424090385437,589884000
2012-06-15,0.2771522746159313,0.2812683989907226,0.27463685770355756,0.2810397148132324,385288000
2012-06-18,0.27898180155357244,0.2858420030852133,0.27669506770969216,0.283555269241333,304424000
2012-06-19,0.2952174480126384,0.30710847877063835,0.29384539761440714,0.3027636706829071,960476000
2012-06-20,0.30573647617053773,0.3132827000205656,0.30390708444022707,0.3075658679008484,972720000
2012-06-21,0.30733726167266756,0.30733726167266756,0.29293083562457756,0.2936168611049652,516376000
2012-06-22,0.297275573015213,0.30070569989539614,0.29315944801900184,0.297275573015213,865360000
2012-06-25,0.29750411825474954,0.29841880015551925,0.28675645599072885,0.28789982199668884,494616000
2012-06-26,0.28950065875817177,0.29315941491722836,0.28538453422672827,0.2911013662815094,437152000
2012-06-27,0.29133006630582253,0.30253504683834853,0.29133006630582253,0.300476998090744,506064000
2012-06-28,0.2977328646560618,0.30459306212721493,0.2952174480126384,0.3027636706829071,545896000
2012-06-29,0.3098525452921365,0.31671274260797694,0.30962386114427476,0.3160267174243927,616508000
2012-07-02,0.31762750878755414,0.31785616571633935,0.30505045086417054,0.3075658679008484,581684000
2012-07-03,0.30756592377280106,0.31625551562531024,0.3073372395424676,0.3155694901943207,219284000
2012-07-05,0.31351146162739674,0.3148834853189308,0.30756594385071145,0.31236809492111206,280076000
2012-07-06,0.3100811976906088,0.3109959070088115,0.3029923435895408,0.3064224421977997,382760000
2012-07-09,0.3045930566931335,0.30596510706688673,0.2997909076449983,0.30230632424354553,306336000
2012-07-10,0.2991049417093433,0.30802321638540364,0.2908726923560579,0.2931594252586365,512028000
2012-07-11,0.2940740892137351,0.2977328721949953,0.28698520741004446,0.2883572578430176,485216000
2012-07-12,0.2851559774800457,0.2856133187968182,0.2810398511090576,0.283555269241333,472160000
2012-07-13,0.28378394015210073,0.2885860646418657,0.28195454771123085,0.2872140407562256,324260000
2012-07-16,0.2853845109132107,0.2904153172584424,0.2826404099430814,0.2881285846233368,334460000
2012-07-17,0.28904333108729047,0.29064403868506644,0.2780669803196664,0.2828691303730011,447476000
2012-07-18,0.2821830848194963,0.3027637069588451,0.28081106151687624,0.29864758253097534,616008000
2012-07-19,0.30070568191579494,0.3055078047409087,0.29864760591074024,0.30162036418914795,403036000
2012-07-20,0.29979098086556843,0.30184905692886016,0.28972933927393796,0.2929307818412781,451000000
2012-07-23,0.28515590580188194,0.2988763326763487,0.2819544901291799,0.29681825637817383,451584000
2012-07-24,0.2972756182336782,0.29910501042804105,0.29018676096303964,0.2936168611049652,351164000
2012-07-25,0.2927020026577524,0.30230629998327185,0.29132997965410595,0.2993335425853729,415044000
2012-07-26,0.3048217384450923,0.3082518646592561,0.29841888161199215,0.3007056415081024,338440000
2012-07-27,0.3018490302511098,0.30916656977828577,0.29956227018511167,0.30825188755989075,376516000
2012-07-30,0.3082518557753406,0.31213929569268456,0.3023063401888128,0.3048217296600342,363552000
2012-07-31,0.3048218061734816,0.3139687660102767,0.30436446499664416,0.30962395668029785,387788000
2012-08-01,0.31145331977891283,0.3144260780428238,0.30482177791941806,0.30619382858276367,335912000
2012-08-02,0.3045930910815353,0.3119106302943631,0.29956225731646235,0.3073371648788452,367912000
2012-08-03,0.3121392483210515,0.31694139689368267,0.30482168339894716,0.31373995542526245,326548000
2012-08-06,0.3167128143704858,0.3219723056230211,0.31625547323113645,0.3203715980052948,360324000
2012-08-07,0.324258958844192,0.32700303226552496,0.3217435423063032,0.32357293367385864,407340000
2012-08-08,0.3233443600572886,0.32883250831324945,0.32242965050795686,0.3254024088382721,517064000
2012-08-09,0.3258597699145971,0.33706477857423084,0.325402428741961,0.3363787531852722,822300000
2012-08-10,0.3452969259784805,0.34804099945780587,0.32997579680391187,0.334320604801178,1278744000
2012-08-13,0.3347779856148328,0.3388941099528842,0.33340593508214755,0.3386654257774353,447244000
2012-08-14,0.3398089091570669,0.340266277665472,0.33226268314855945,0.33363473415374756,388828000
2012-08-15,0.3347780229858771,0.3375220970975625,0.3295185317034759,0.33111923933029175,594404000
2012-08-16,0.334092115702039,0.3391229518212316,0.3329487488131347,0.33797958493232727,371008000
2012-08-17,0.3379795925062495,0.3379795925062495,0.3320340736467046,0.33500683307647705,309864000
2012-08-20,0.33386346616195056,0.33546417439028414,0.32997599684454637,0.33500683307647705,314392000
2012-08-21,0.33614997721740353,0.33820802539563277,0.3306618033087931,0.3340919017791748,340248000
2012-08-22,0.3320337890428037,0.3361499118589538,0.3308904231083172,0.3347778618335724,313556000
2012-08-23,0.33409205427240146,0.33432073851214084,0.32585980328195074,0.32723185420036316,379040000
2012-08-24,0.32723174723945275,0.335463995539062,0.32654572200448484,0.3338632881641388,347724000
2012-08-27,0.33363466306580825,0.3345493726277066,0.3279178305289728,0.32814648747444153,340944000
2012-08-28,0.32563102230841007,0.32997580312895686,0.3249449971104286,0.32677438855171204,310764000
2012-08-29,0.32654572859465836,0.32951848649951204,0.32585970334584546,0.3274604380130768,250412000
2012-08-30,0.32677446651729986,0.3279178330333993,0.3196855832134804,0.32128629088401794,307488000
2012-08-31,0.3235729584716432,0.32585969104133655,0.3176274701464418,0.3208288848400116,485064000
2012-09-04,0.31556942571127816,0.3167127921092898,0.30070566253712644,0.30367839336395264,694452000
2012-09-05,0.3048218624525962,0.3091666725847553,0.3013917621030037,0.30459320545196533,480256000
2012-09-06,0.30687983548371645,0.32220096701755463,0.30665115130022436,0.3139687180519104,657296000
2012-09-07,0.30596510116869857,0.3084804904587548,0.29613211911302245,0.3064224421977997,781064000
2012-09-10,0.30573646923637676,0.310081250644819,0.3029923953331498,0.30367839336395264,371108000
2012-09-11,0.30344972472765586,0.31213931446914067,0.3023063583737764,0.3073371648788452,382808000
2012-09-12,0.3098526701410263,0.31236808774103836,0.30687991132101533,0.31076735258102417,322608000
2012-09-13,0.313511287641597,0.3146546537133608,0.3068797480693687,0.3128252625465393,433836000
2012-09-14,0.3125966241037375,0.3219722381661321,0.3125966241037375,0.3164840638637543,339468000
2012-09-17,0.3171701571970986,0.3171701571970986,0.30436444166715115,0.3077945411205292,493348000
2012-09-18,0.30436439564379897,0.3135113533963571,0.304135738737487,0.30985257029533386,359952000
2012-09-19,0.31053864309747203,0.3178561831602957,0.30687985943605656,0.3135114014148712,451936000
2012-09-20,0.3128254342072449,0.31442614213409165,0.30870930863820156,0.31122469902038574,320596000
2012-09-21,0.31168202620203,0.314426100464393,0.310538659654378,0.31259670853614807,340136000
2012-09-24,0.30756594385071145,0.31282543615162345,0.3071086026202001,0.31236809492111206,357832000
2012-09-25,0.316484101494904,0.3178561520486408,0.3061938041218921,0.30665114521980286,481544000
2012-09-26,0.3055077554508368,0.30573643961228303,0.2977328756017004,0.3013916313648224,436812000
2012-09-27,0.30207768585873734,0.30413576173116147,0.2995622688791096,0.30367839336395264,558888000
2012-09-28,0.3023063884143675,0.3093952714168537,0.29841892061687114,0.30505046248435974,485508000
2012-10-01,0.30642250923967396,0.3082519010163296,0.2988762851984735,0.30001965165138245,504236000
2012-10-02,0.3020777896855453,0.3020777896855453,0.2977330067837627,0.30116310715675354,295492000
2012-10-03,0.3018490495211029,0.30276373179789107,0.29658955827955336,0.29819026589393616,430872000
2012-10-04,0.29887616740116907,0.3132825844817624,0.29727543318999533,0.3114531934261322,502608000
2012-10-05,0.31236811061547265,0.31556952664991395,0.30299249224887276,0.30413585901260376,483068000
2012-10-08,0.3029924994743516,0.30436452326753916,0.29887637357475966,0.30116310715675354,240596000
2012-10-09,0.3007055625868936,0.30162024449727365,0.29384533921905864,0.2947600483894348,366360000
2012-10-10,0.29338817088227104,0.29476022181509964,0.28858601987738297,0.28972938656806946,326568000
2012-10-11,0.29247340586910675,0.2933880880594382,0.28904330676535706,0.2913300395011902,320516000
2012-10-12,0.2892719751980728,0.2915587080249346,0.286985242371211,0.28881463408470154,260696000
2012-10-15,0.2892720223685817,0.29270212216820796,0.28584192256895546,0.2924734652042389,249580000
2012-10-16,0.2949887694341063,0.3018489942949011,0.29224469584578966,0.3009342849254608,367696000
2012-10-17,0.2972755319683505,0.3000196330936002,0.29430277392266646,0.29864758253097534,391752000
2012-10-18,0.297961528203509,0.297961528203509,0.29293072206431015,0.29407408833503723,254772000
2012-10-19,0.28972934255569577,0.2917874186422993,0.2753229189895033,0.27692362666130066,709412000
2012-10-22,0.27806701356726254,0.2796677486164401,0.27143549818642126,0.27372223138809204,480840000
2012-10-23,0.27120671399536495,0.28378376922865756,0.27052068883573077,0.2819543778896332,573948000
2012-10-24,0.2837838110020026,0.28492717734969786,0.2755515623945952,0.278295636177063,332916000
2012-10-25,0.2805824479052599,0.2835552066986175,0.2773810321339589,0.27852439880371094,307356000
2012-10-26,0.27898162635025453,0.2805823335837067,0.27555152773857117,0.27555152773857117,389376000
2012-10-31,0.27669485591638726,0.2789815880099114,0.2732647577761011,0.2739507555961609,347112000
2012-11-01,0.2753228711729874,0.28721390269261937,0.2750941870053009,0.28698521852493286,473220000
2012-11-02,0.2899581087654856,0.2904154500496233,0.28378393327958673,0.2856132984161377,256700000
2012-11-05,0.2849272042474965,0.2988762859102063,0.2849272042474965,0.2977329194545746,444840000
2012-11-06,0.2984190182109913,0.2984190182109913,0.2924735269916125,0.29750433564186096,350804000
2012-11-07,0.29521745548787864,0.29704684697850875,0.28698520741004446,0.2883572578430176,324620000
2012-11-08,0.2915587077081685,0.2991049314806149,0.28927197488379114,0.28995800018310547,839024000
2012-11-09,0.29155875920333296,0.2949888590457239,0.27783835983376926,0.27875304222106934,846280000
2012-11-12,0.27921031962799897,0.28035368598092264,0.26983470463002324,0.27257880568504333,643624000
2012-11-13,0.271206772014311,0.2773809725118577,0.2702920897791219,0.27052074670791626,492120000
2012-11-14,0.27212141074858665,0.2748654840006064,0.2636604796031942,0.2638891637325287,619300000
2012-11-15,0.2654900499520502,0.272350251339851,0.26320331615611664,0.26503270864486694,466688000
2012-11-16,0.265032692817946,0.2659473753776906,0.2549710483606778,0.26023054122924805,624552000
2012-11-19,0.2650326640603401,0.26846276417721954,0.2618312209285784,0.2675480544567108,404092000
2012-11-20,0.2665123698645748,0.2676631130314767,0.2616792375892346,0.26444104313850403,336976000
2012-11-21,0.26444104591430045,0.27272638034143487,0.2642108863041516,0.27203595638275146,422312000
2012-11-23,0.27318669248318866,0.2770992137031704,0.27180578972983943,0.2738771438598633,276932000
2012-11-26,0.2743373744640001,0.27940063770420215,0.27387708279414075,0.27871018648147583,364600000
2012-11-27,0.27755948721127194,0.28400365390971827,0.27525800106438963,0.2798609733581543,451404000
2012-11-28,0.2787101696308614,0.28354330046186366,0.2752579411618236,0.2821623980998993,398332000
2012-11-29,0.2826227752902208,0.28400365050024534,0.2761786086691369,0.2770991921424866,488688000
2012-11-30,0.2768690133129017,0.27894036713779063,0.27387710351452343,0.27548813819885254,460504000
2012-12-03,0.27894036269698536,0.27894036269698536,0.2697344190063782,0.27042484283447266,391380000
2012-12-04,0.27088520238745295,0.2789404043186797,0.2692741400525033,0.2784801125526428,528068000
2012-12-05,0.27617858569570136,0.2780197524892465,0.27134545427295437,0.27525797486305237,633024000
2012-12-06,0.2745675584247839,0.2775594959976187,0.2736469749112409,0.2757183015346527,412896000
2012-12-07,0.27594842612857,0.27732932865960525,0.272035905538472,0.27525797486305237,338288000
2012-12-10,0.2752579687420943,0.2865352659991033,0.27456751749193037,0.28446391224861145,513644000
2012-12-11,0.28538448796792415,0.2948205898761257,0.28469403680266286,0.2911382019519806,816724000
2012-12-12,0.2920587745455703,0.29366980876373733,0.2869954849515183,0.2881462275981903,399404000
2012-12-13,0.2876860885044762,0.2939000966028454,0.2856147616169809,0.2883765399456024,377556000
2012-12-14,0.2895270899010395,0.2927491578939216,0.287455736960588,0.28975722193717957,338660000
2012-12-17,0.2890669927325631,0.2906780278121026,0.2842338600580609,0.2886066734790802,445232000
2012-12-18,0.2886065321110636,0.29228891971988324,0.2876859489267937,0.2890668511390686,416436000
2012-12-19,0.2911382019519806,0.29459043034241444,0.28998745915516927,0.2911382019519806,458544000
2012-12-20,0.2922890630814874,0.2925192227083783,0.287686090030737,0.29090818762779236,334332000
2012-12-21,0.2869955562662391,0.2869955562662391,0.2810116820422809,0.28423377871513367,462172000
2012-12-24,0.28400359066298597,0.28492420137824914,0.28101165385115834,0.2819322645664215,127376000
2012-12-26,0.28124186910438487,0.285844841284954,0.2805514177901238,0.2817021608352661,196740000
2012-12-27,0.2821624595050366,0.2826227786831163,0.2766389037268706,0.2798609733581543,299804000
2012-12-28,0.27732936941961045,0.28285292548381374,0.27686905021769315,0.2784801125526428,220600000
2012-12-31,0.27755942680784884,0.2833131409229119,0.2768689756268667,0.2821623980998993,326460000
2013-01-02,0.2890668951618681,0.29297941544466877,0.28791615228834594,0.2927492558956146,478836000
2013-01-03,0.29274920012156547,0.2962014280844198,0.2895271316639157,0.29297935962677,298888000
2013-01-04,0.2934397704809575,0.30356632641650505,0.29251918695767143,0.302645742893219,524968000
2013-01-07,0.3024155632600133,0.3033361467223125,0.2918287162641807,0.2939000427722931,610732000
2013-01-08,0.2945904436342477,0.2955110543747579,0.285384500844388,0.28745582699775696,466424000
2013-01-09,0.28975744517323765,0.2911383481974193,0.27917062258609454,0.28101179003715515,695020000
2013-01-10,0.2835434138417637,0.28492431675590674,0.2798610243613049,0.2814720869064331,506368000
2013-01-11,0.28262285271066245,0.28285298492410194,0.2782500114246781,0.28101179003715515,513172000
2013-01-14,0.2828528935278031,0.2828528935278031,0.2775594702267157,0.2807815670967102,305684000
2013-01-15,0.27940069046058474,0.27940069046058474,0.2741072666680124,0.2757183015346527,375888000
2013-01-16,0.2752579526602079,0.28055137535436336,0.2752579526602079,0.2782498896121979,337376000
2013-01-17,0.27917048729237787,0.28308300738359576,0.27848003611489874,0.2819322645664215,580736000
2013-01-18,0.28193233112326566,0.28193233112326566,0.27663890742745073,0.28009113669395447,397088000
2013-01-22,0.2798609293740615,0.2823925747120999,0.2773293114718978,0.27871018648147583,308224000
2013-01-23,0.2796307451324901,0.2798608772065846,0.2761785170982457,0.2791704535484314,421808000
2013-01-24,0.27824988822787233,0.2817021168239453,0.27686898581509356,0.28055137395858765,396980000
2013-01-25,0.281011758314249,0.28584489091739496,0.27963088288183807,0.2856147587299347,393920000
2013-01-28,0.2869956004514719,0.29205889208322044,0.2863051490984262,0.29021769762039185,422492000
2013-01-29,0.28906693649789406,0.28975736037203725,0.2828529021435796,0.2840036451816559,388872000
2013-01-30,0.2842337398600931,0.28814625980896996,0.28262270546183454,0.28354328870773315,287592000
2013-01-31,0.28354330046186366,0.28676539682782276,0.2803212315317775,0.2821623980998993,470544000
2013-02-01,0.28446397557580516,0.28561474620617944,0.2821624891868204,0.2846941351890564,288816000
2013-02-04,0.28308307042531694,0.2888367857925228,0.2796308412049935,0.2798609733581543,511744000
2013-02-05,0.2812419242288217,0.28791625166036644,0.2803213405866215,0.28630518913269043,367296000
2013-02-06,0.2794006730293508,0.28630513125780843,0.2777896382632196,0.2840036451816559,530688000
2013-02-07,0.2830830476778449,0.2853845336397886,0.28009111044014273,0.2828528881072998,440000000
2013-02-08,0.2846941351890564,0.28699562157804115,0.2828529405906922,0.2846941351890564,307232000
2013-02-11,0.2869955429045992,0.2909080906420409,0.2842337654820737,0.2879161536693573,408308000
2013-02-12,0.2853845446920698,0.28929706549172163,0.2849242529690304,0.28607499599456787,277804000
2013-02-13,0.28630517017416934,0.29159859435601065,0.28377355160781526,0.2846941351890564,856396000
2013-02-14,0.2807814820041775,0.29320951913197457,0.27732925404132314,0.29297935962677,882096000
2013-02-15,0.29228890854702533,0.29436026178625935,0.28653519527560145,0.29297935962677,733860000
2013-02-19,0.2932095303400232,0.2934396624181556,0.28722565733465877,0.2890668511390686,433552000
2013-02-20,0.2899874418318929,0.2945904127441657,0.28400356867159,0.284924179315567,713012000
2013-02-21,0.28446392279348504,0.28768601960173235,0.28216243683154135,0.2828528881072998,580408000
2013-02-22,0.2846939996581742,0.28837638710187224,0.28308296544000716,0.2881462275981903,370148000
2013-02-25,0.2888366752003086,0.2911381604659789,0.2826226704701725,0.2830829620361328,644444000
2013-02-26,0.28366197892801265,0.2880616187882394,0.28273572007035586,0.2864407002925873,487504000
2013-02-27,0.28644071473542304,0.2938506755535089,0.2857460274582026,0.29176661372184753,476980000
2013-02-28,0.2908402737925511,0.2975555172210671,0.2896824712976905,0.29315587878227234,591392000
2013-03-01,0.2910719236857664,0.29524001970538355,0.2885247738323663,0.29431378841400146,389396000
2013-03-04,0.2922296202238705,0.29593459924910004,0.2899140152341493,0.29315587878227234,353680000
2013-03-05,0.29477682746842526,0.2968608611346441,0.2933874532881515,0.29639774560928345,366168000
2013-03-06,0.2982503351373521,0.3010290568237277,0.2947769261283323,0.2961663007736206,342928000
2013-03-07,0.29778718457118075,0.3007974775471819,0.2938506603429628,0.29547157883644104,314824000
2013-03-08,0.29616621418384187,0.2982502479382668,0.29477683994476334,0.29686087369918823,246464000
2013-03-11,0.2938506207846196,0.2952399674759101,0.291534987757414,0.2940821647644043,299748000
2013-03-12,0.2936189576748525,0.29593456237605253,0.2908402375542496,0.2950083315372467,310856000
2013-03-13,0.2950083315372467,0.30010265635904965,0.29222958381245834,0.2950083315372467,485840000
2013-03-14,0.2968608134627595,0.29778707196892784,0.2933874061740498,0.2952398955821991,383304000
2013-03-15,0.2952400197554895,0.2952400197554895,0.2915350393809346,0.2926928699016571,355776000
2013-03-18,0.29084033528437164,0.2933874847490906,0.2885247298050663,0.2906087636947632,298312000
2013-03-19,0.29084034268438397,0.2922296894448002,0.2866722471947443,0.28875628113746643,355480000
2013-03-20,0.29153502477348353,0.29315597085875766,0.28898787504727685,0.29222971200942993,340588000
2013-03-21,0.2906088437933143,0.29107195949598186,0.2871354346170041,0.28759855031967163,339032000
2013-03-22,0.28852475936227634,0.29014567784300216,0.28736695650401545,0.2889878749847412,232476000
2013-03-25,0.2906087632949641,0.2908403348842539,0.28528286517904994,0.28736692667007446,362076000
2013-03-26,0.28806156922466924,0.28968251504562087,0.286903766554957,0.2894509434700012,232540000
2013-03-27,0.28829313397050843,0.29454526271800074,0.2875984468642999,0.29292434453964233,254944000
2013-03-28,0.2922296556348028,0.29732400931284897,0.29014562193319643,0.2970924377441406,349276000
2013-04-01,0.29639777698526326,0.29639777698526326,0.28528286517904994,0.28736692667007446,442828000
2013-04-02,0.28759855082353786,0.28829323818085745,0.2825042228768648,0.2843567132949829,371524000
2013-04-03,0.2838935179435655,0.28551446401489133,0.2787991909307912,0.280883252620697,353156000
2013-04-04,0.27995692273402295,0.28458813295294433,0.2790306917319148,0.2836619019508362,294676000
2013-04-05,0.2794938395586118,0.28852471709251404,0.2787991524245895,0.28852471709251404,551352000
2013-04-08,0.2887562560507983,0.2887562560507983,0.28250412716161116,0.28783002495765686,326660000
2013-04-09,0.28806155003539957,0.29454525007471416,0.28597751641042296,0.29246121644973755,380584000
2013-04-10,0.29269279877221954,0.2975555532773651,0.29199811167028666,0.2970924377441406,384688000
2013-04-11,0.2929243327654758,0.297555543148457,0.2848197145952586,0.29570305347442627,969220000
2013-04-12,0.29709242893985943,0.3063548497466282,0.2945452521763215,0.30311301350593567,770548000
2013-04-15,0.3021867714767322,0.30311303017084884,0.2950084115193407,0.29686087369918823,430420000
2013-04-16,0.2996396249769105,0.3021867743000956,0.29801867914810987,0.30010274052619934,468844000
2013-04-17,0.29778721945698966,0.3005659411433653,0.29431381044796984,0.2961663007736206,532948000
2013-04-18,0.29686093114893075,0.2987134212914727,0.2903772294521332,0.2903772294521332,402548000
2013-04-19,0.2901457200097742,0.2919982103730529,0.28644073928321667,0.29107195138931274,303028000
2013-04-22,0.2908403899858073,0.2940822272248836,0.2885247840709815,0.29153504967689514,245568000
2013-04-23,0.294082189508416,0.3021868091708773,0.2936190739056861,0.29917654395103455,376948000
2013-04-24,0.300102789988176,0.3119123902645237,0.29987121837326813,0.3093652129173279,556556000
2013-04-25,0.3109861563661299,0.3126070748440945,0.30820740742767927,0.3119123876094818,353224000
2013-04-26,0.3114492322668633,0.31191234782947536,0.30890205526620573,0.31052297353744507,324332000
2013-04-29,0.31098622023955835,0.3153858609554178,0.3095968454849695,0.3142280578613281,269712000
2013-04-30,0.3149226951777812,0.3188592195510864,0.3128386333771852,0.3188592195510864,276712000
2013-05-01,0.3188590818681049,0.32094314276880587,0.31492255919458567,0.31608036160469055,341316000
2013-05-02,0.31584883548039183,0.32071161734347237,0.31399634583711394,0.31978538632392883,323480000
2013-05-03,0.32186939800846004,0.32349031598441125,0.320016908491292,0.3211747109889984,293864000
2013-05-06,0.32117483513531403,0.3230273253685402,0.31839611358757464,0.3202486038208008,217116000
2013-05-07,0.32024845580190553,0.32094314276880587,0.31307006981758045,0.31608036160469055,448068000
2013-05-08,0.31654353533811547,0.3237219226443117,0.31538573271480586,0.321869432926178,334032000
2013-05-09,0.3160804709193688,0.3234904033858868,0.31561735531599827,0.32210105657577515,566800000
2013-05-10,0.3288162778884831,0.3380787273023211,0.3288162778884831,0.3366893529891968,861136000
2013-05-13,0.3343738526171082,0.3357632273668574,0.32835326550713256,0.3297426402568817,289812000
2013-05-14,0.33367898823907827,0.33738396720359976,0.33043715234826326,0.33460524678230286,454140000
2013-05-15,0.3329845046594679,0.3415522702986163,0.3329845046594679,0.3403944671154022,313172000
2013-05-16,0.3399312321710157,0.3434046405027578,0.3376155990123253,0.3387734293937683,308368000
2013-05-17,0.34039444146715064,0.34664657266457616,0.3378472636143239,0.34433096647262573,312116000
2013-05-20,0.34294143825858486,0.3450254994613001,0.3417836356806956,0.3436361253261566,236380000
2013-05-21,0.3456144551148043,0.3486400388376694,0.3416579353592482,0.34724360704421997,357784000
2013-05-22,0.3486400711489463,0.3486400711489463,0.3337448990345447,0.3351413309574127,480404000
2013-05-23,0.3311847464100779,0.3416579291827895,0.3302538103942163,0.3404942452907562,393884000
2013-05-24,0.3386323369320097,0.34142517265322275,0.33467578960384514,0.33839958906173706,283304000
2013-05-28,0.34095969632123346,0.34189063229074085,0.33490852928620224,0.33816683292388916,279300000
2013-05-29,0.33607226610183716,0.3381668862356496,0.33467583418301855,0.33607226610183716,335052000
2013-05-30,0.33560676184645166,0.3439852969668559,0.3346757980861776,0.3404942452907562,284504000
2013-05-31,0.3386323448810659,0.34351980057181397,0.3367704451084137,0.3367704451084137,577508000
2013-06-03,0.33723583883947733,0.3397959539310618,0.3293227734846566,0.3363049030303955,444468000
2013-06-04,0.33839959700532973,0.34445076433034627,0.33467579746002535,0.3367704451084137,363676000
2013-06-05,0.3363050450578692,0.3388651334862173,0.32862469653957094,0.3295556604862213,464520000
2013-06-06,0.32955557770486843,0.33421031303563936,0.3293228298405655,0.3316501975059509,341044000
2013-06-07,0.3339775080188783,0.3383995224730328,0.3325811043052556,0.3363049030303955,274584000
2013-06-10,0.3353740501424278,0.3381668862356496,0.33351215016547486,0.33607226610183716,224148000
2013-06-11,0.33165016919260915,0.3363049318704089,0.32978829741477966,0.32978829741477966,296336000
2013-06-12,0.33141750759546135,0.3342103434996146,0.32513359213059967,0.32699549198150635,312588000
2013-06-13,0.3258318089790543,0.3360722443162612,0.3255990888372807,0.3344430923461914,236256000
2013-06-14,0.33560678965217544,0.3360722576986713,0.33165024189592424,0.333977609872818,236012000
2013-06-17,0.33653771166903984,0.340261511374083,0.33467581181651823,0.3372359275817871,255336000
2013-06-18,0.33886510317770147,0.34258890314240575,0.3323484671116767,0.3351413309574127,486772000
2013-06-19,0.33816676806082585,0.36027678441206623,0.3370030844499398,0.34538161754608154,1159588000
2013-06-20,0.3425889021489649,0.3430543702070993,0.3337448980667498,0.33607226610183716,628696000
2013-06-21,0.33793421158157566,0.33909789575580923,0.33002114255013587,0.3356068432331085,714228000
2013-06-24,0.33071925362790416,0.3349085208742875,0.32373715079873544,0.3286246061325073,580772000
2013-06-25,0.332115732271168,0.3328139204573192,0.32746096864886887,0.3309520483016968,457360000
2013-06-26,0.3346758201629774,0.335141315946027,0.3276937163502054,0.3290901482105255,579752000
2013-06-27,0.33002101636313075,0.3304864843059638,0.32257344604457655,0.32606449723243713,808036000
2013-06-28,0.32606457948571693,0.3300210996144851,0.3218753114546148,0.3267627954483032,431536000
2013-07-01,0.32909020685601065,0.32978842291059624,0.32606462244908596,0.32815924286842346,199524000
2013-07-02,0.3262972179042211,0.3328138523485444,0.32490081407327165,0.3279263973236084,256392000
2013-07-03,0.325133533438429,0.33281385159673155,0.325133533438429,0.32885733246803284,140388000
2013-07-05,0.32978837869573774,0.33211574673604566,0.3276937308128113,0.3314175307750702,184684000
2013-07-08,0.33234838498149954,0.3339775366593047,0.32792639789254147,0.32978829741477966,262084000
2013-07-09,0.3304865669122977,0.3335121509135811,0.32955563079394073,0.3314175307750702,157364000
2013-07-10,0.33141752190354007,0.3367704738018413,0.33048655806568805,0.33583950996398926,208468000
2013-07-11,0.3377013817543465,0.340959713298687,0.3370031658702441,0.3404942452907562,239832000
2013-07-12,0.3397959464307812,0.3439852129679928,0.33863226282291164,0.3407268822193146,216360000
2013-07-15,0.3414251347906924,0.3414251347906924,0.33467575248979126,0.34002870321273804,201332000
2013-07-16,0.3414252246438636,0.34375259272334385,0.33979607253711064,0.34189069271087646,162560000
2013-07-17,0.3418906027352076,0.3430542864687,0.3390977673237076,0.34002870321273804,166100000
2013-07-18,0.3395632812145805,0.34072696510553113,0.33421032976732507,0.33863234519958496,344488000
2013-07-19,0.33653773491486455,0.338166886994197,0.3279264787146083,0.3314175307750702,480532000
2013-07-22,0.33397758061361393,0.3370031642673926,0.3297883408177491,0.3311847448348999,292384000
2013-07-23,0.3353740883692272,0.3353740883692272,0.3290901995071206,0.33071935176849365,246792000
2013-07-24,0.3337449361078542,0.3346758723302335,0.330253883657304,0.33071935176849365,284252000
2013-07-25,0.3304865515889174,0.3363049991643239,0.32815918365652047,0.3318829834461212,243320000
2013-07-26,0.32792641849610876,0.3325811537219562,0.32792641849610876,0.3304865062236786,227360000
2013-07-29,0.32978829741477966,0.3339775366593047,0.3288573337814562,0.32978829741477966,179540000
2013-07-30,0.33095206902975716,0.33979607330053535,0.3307193211235198,0.33537405729293823,266076000
2013-07-31,0.3337448980667498,0.3393305702531933,0.33351215016547486,0.33607226610183716,270160000
2013-08-01,0.33723583139570584,0.3414250979329174,0.3332793126778305,0.3407268822193146,277648000
2013-08-02,0.3400287846278394,0.344218052620355,0.33770141660359915,0.34351983666419983,209628000
2013-08-05,0.3425888945403414,0.3463126944115448,0.3407269946047397,0.3451490104198456,185188000
2013-08-06,0.3453816539356848,0.346079869724662,0.3393304874237609,0.34002870321273804,206608000
2013-08-07,0.3381668568035581,0.34328708823064735,0.3379341366669533,0.3397960364818573,244380000
2013-08-08,0.3416580700558381,0.3437526908273906,0.3377015209960239,0.34212353825569153,345696000
2013-08-09,0.3286246442319265,0.34235613136791126,0.3283919240906198,0.3372359275817871,906224000
2013-08-12,0.3235044410948364,0.33933054825640074,0.30511821816286694,0.3344430923461914,257568000
2013-08-13,0.3349086271796845,0.3370032475955373,0.33281397901941256,0.3356068432331085,197468000
2013-08-14,0.33490863110005625,0.3518984257916293,0.33467588316471736,0.3498038053512573,828508000
2013-08-15,0.346080048087546,0.35492405456899784,0.3446836157898978,0.3521312177181244,723616000
2013-08-16,0.35143292772494017,0.35841503225723026,0.3507347117228277,0.35352757573127747,660456000
2013-08-19,0.3514328976225563,0.35259658161159463,0.3477090977598677,0.3479418456554413,393432000
2013-08-20,0.34782484213773046,0.352035231867821,0.3473570272531202,0.3496961295604706,234192000
2013-08-21,0.34759094716403355,0.35203525861626767,0.3466553173237217,0.3480587899684906,261540000
2013-08-22,0.3478248391994806,0.35320478003779926,0.3478248391994806,0.3499300479888916,129016000
2013-08-23,0.35039786286955,0.35320478003779926,0.3492283117257546,0.3499300479888916,245120000
2013-08-26,0.3501638990432336,0.3515673713993908,0.3492282693953257,0.3506317138671875,300152000
2013-08-27,0.3473571131934483,0.34969621607952084,0.3450180103073757,0.346187561750412,277464000
2013-08-28,0.34688929819309494,0.34946229463719125,0.3447840888650461,0.346187561750412,318824000
2013-08-29,0.3450179914903099,0.3487605670576307,0.34408233365632757,0.3454858064651489,276216000
2013-08-30,0.3457197955570246,0.3466554256898188,0.3433806923407293,0.34501805901527405,378120000
2013-09-03,0.3459535945843419,0.35016398479965793,0.3431466770688986,0.3452518582344055,284680000
2013-09-04,0.34525189593182093,0.3506318380230228,0.3447840809422176,0.34852665662765503,222080000
2013-09-05,0.3471231976134407,0.3508657734480849,0.3468893040514669,0.3494623005390167,174904000
2013-09-06,0.3496961561311869,0.3515674436961117,0.3454857660811813,0.3480587899684906,226756000
2013-09-09,0.3508657919294445,0.35390663146972656,0.3499301618636536,0.35390663146972656,246408000
2013-09-10,0.356479565131274,0.36162558495031927,0.35484217110695443,0.36139166355133057,292132000
2013-09-11,0.36092381248339395,0.36840896188962596,0.3583507888894644,0.367473304271698,396164000
2013-09-12,0.36560211077194016,0.3719177106902302,0.36560211077194016,0.36723950505256653,303808000
2013-09-13,0.3684089594214912,0.3712158764878745,0.3658359358447995,0.3695785105228424,159696000
2013-09-16,0.3726194341482892,0.37519243042889955,0.3684090436440219,0.3698124885559082,231412000
2013-09-17,0.37121591268784687,0.37402283002795317,0.36957854656314326,0.37098199129104614,168608000
2013-09-18,0.371215891516173,0.37519235984489074,0.3693446041013944,0.3742567300796509,268168000
2013-09-19,0.37589403258995674,0.37659576873745215,0.37098190744178305,0.37261930108070374,227572000
2013-09-20,0.3735550419538389,0.375894144552679,0.3686429153425536,0.36934465169906616,356036000
2013-09-23,0.369110757006082,0.37215159618156674,0.3637308150624251,0.3658360242843628,271244000
2013-09-24,0.36606995364315065,0.36864295001328257,0.3639647443756189,0.36723950505256653,229732000
2013-09-25,0.36653770130783775,0.3705141697926303,0.36490030732795253,0.3677072525024414,233156000
2013-09-26,0.3686429909891728,0.36934472748968367,0.3644325998704155,0.36653780937194824,148816000
2013-09-27,0.36373068814441656,0.3667715262588494,0.3623272437038055,0.3644324243068695,151920000
2013-09-30,0.3606900628085606,0.36653782068614493,0.35858485324204475,0.3639647960662842,226640000
2013-10-01,0.3644324648668047,0.36606985872286213,0.36162554778888867,0.3637307286262512,226976000
2013-10-02,0.3599882751786943,0.36490037436790684,0.3599882751786943,0.36349692940711975,162036000
2013-10-03,0.363730822977233,0.36700558365451574,0.35811698736518416,0.359754353761673,436768000
2013-10-04,0.35928640271196394,0.3677071808253703,0.35835074520808846,0.3646663427352905,246228000
2013-10-07,0.3632628704216246,0.3672393660155798,0.36139158329816823,0.3646663427352905,169952000
2013-10-08,0.3637307630161542,0.36887681067722805,0.358818664636448,0.3616255819797516,290712000
2013-10-09,0.3639647444320711,0.3641986658677126,0.3541405181683146,0.3560117781162262,275860000
2013-10-10,0.3585847696705201,0.3609238722764042,0.3560117456503266,0.3599882423877716,223484000
2013-10-11,0.3543743682857918,0.35881867982812804,0.3532048170195404,0.3569473922252655,213704000
2013-10-14,0.3560117380564008,0.36232733726501465,0.3560117380564008,0.36232733726501465,166628000
2013-10-15,0.3623273969769786,0.36443257847058486,0.36022218759906577,0.36045610904693604,208820000
2013-10-16,0.3625613959606848,0.36630397290898004,0.36209358081322657,0.36490049958229065,210072000
2013-10-17,0.36209342215856055,0.36653773382288324,0.36209342215856055,0.3656020760536194,213324000
2013-10-18,0.36490036165354567,0.37098203992463225,0.3634969167416593,0.3698124885559082,255068000
2013-10-21,0.374256876694851,0.3744907702856394,0.36957867026736574,0.37074822187423706,195008000
2013-10-22,0.370748012526466,0.3709819059851834,0.3656019660545676,0.36887672543525696,179452000
2013-10-23,0.36817505841643683,0.36817505841643683,0.3613916449227354,0.3625611960887909,252216000
2013-10-24,0.3634968962965977,0.36583599890248175,0.35928650602914586,0.3599882423877716,236436000
2013-10-25,0.36185949643911786,0.3620933899474002,0.3553100041741116,0.35647955536842346,330492000
2013-10-28,0.3560117830447019,0.35764917734824964,0.35086576234809536,0.35577788949012756,394024000
2013-10-29,0.35531009630264015,0.3569474628223703,0.3520353353788727,0.3562457263469696,387952000
2013-10-30,0.35741525096146504,0.3590526173580403,0.35297093887441217,0.3560117781162262,204032000
2013-10-31,0.3564795740866865,0.35905257011869707,0.3546082865006688,0.35531002283096313,293368000
2013-11-01,0.35718128574793473,0.3585847584211571,0.3543743682857918,0.3569473922252655,206136000
2013-11-04,0.35811698941455417,0.35811698941455417,0.3459536323783335,0.34665536880493164,410264000
2013-11-05,0.34455019530702236,0.3478249281938016,0.3408076195355839,0.346187561750412,422368000
2013-11-06,0.34618755379533295,0.34876057806460936,0.3426788995468498,0.34852665662765503,198044000
2013-11-07,0.34735708800314397,0.3482927179359988,0.3396380434620277,0.3403397798538208,553076000
2013-11-08,0.3508658072667716,0.3651343476418011,0.3494623342224277,0.3639647960662842,734532000
2013-11-11,0.36256127450136594,0.3679412166056226,0.3618595659574108,0.3670055866241455,297624000
2013-11-12,0.3686428823044044,0.370748091185271,0.36349686262500813,0.3677072525024414,316032000
2013-11-13,0.36677167088675,0.3777654767036438,0.3660699623318893,0.3777654767036438,332792000
2013-11-14,0.37659589862185666,0.38174191900448035,0.3763619771972495,0.3794028162956238,307980000
2013-11-15,0.3808063380246942,0.38127415304973916,0.3744907375915114,0.37823331356048584,450332000
2013-11-18,0.3700463312925934,0.3733210632749235,0.3681750439237056,0.36911067366600037,316948000
2013-11-19,0.3673469539507481,0.37063942182201187,0.36264341240018905,0.36311376094818115,206716000
2013-11-20,0.3633489379460646,0.36428966312071237,0.35699916216730343,0.35770469903945923,204776000
2013-11-21,0.35817514782328586,0.36123245643448787,0.3565289133512012,0.3605269193649292,213568000
2013-11-22,0.3609971034451761,0.3609971034451761,0.3562935625067866,0.35699909925460815,158668000
2013-11-25,0.3569991327486948,0.36523033016313716,0.3569991327486948,0.36475998163223267,248208000
2013-11-26,0.3687579797219858,0.3718152871721517,0.36640620907344557,0.3678172826766968,753176000
2013-11-27,0.36758210112474926,0.3704042483828991,0.3652303304331698,0.3692283630371094,181272000
2013-11-29,0.3692285511092861,0.37016924865094925,0.3645249792949733,0.3668767511844635,116964000
2013-12-02,0.36546554327326736,0.3729912043849315,0.3647600064113226,0.37040427327156067,373872000
2013-12-03,0.37040426163497653,0.37534296344279616,0.3678173025675574,0.370169073343277,290560000
2013-12-04,0.3692282899524691,0.37604841239395476,0.36828756504085247,0.37534287571907043,493176000
2013-12-05,0.37604848682856257,0.37604848682856257,0.36875798647053903,0.3692283630371094,271812000
2013-12-06,0.3736967022567575,0.3736967022567575,0.36287854626318383,0.36381927132606506,281000000
2013-12-09,0.36381931455104866,0.36499519999286817,0.35699916216730343,0.35770469903945923,385220000
2013-12-10,0.35770475215631226,0.36758218572726714,0.3572344035168048,0.36593595147132874,524268000
2013-12-11,0.36664141373152165,0.3671117622751782,0.36170268393483057,0.36240822076797485,414156000
2013-12-12,0.36123236555007265,0.3631137879170957,0.35464740128315264,0.3553529381752014,258724000
2013-12-13,0.3560583149218406,0.35864524498205996,0.3527658202515951,0.3532361686229706,184588000
2013-12-16,0.3534714976248001,0.3567639655712275,0.35323630932777544,0.3537066578865051,237620000
2013-12-17,0.35347151580817837,0.35629363534105235,0.35041420796618106,0.3553529381752014,274104000
2013-12-18,0.3560584354171046,0.3609971370408372,0.3515900542886021,0.36029160022735596,426232000
2013-12-19,0.35982131768984044,0.3621730888092258,0.35746954657045504,0.36170274019241333,258544000
2013-12-20,0.36240825831410806,0.36922841102732407,0.3614675330940153,0.36899322271347046,382080000
2013-12-23,0.3711097240447998,0.3741670312780868,0.3680524448468283,0.3711097240447998,168568000
2013-12-24,0.3732263793383667,0.3732263793383667,0.36828764951667015,0.3720504939556122,79600000
2013-12-26,0.37346164308339,0.37463752870372097,0.3675821869464107,0.36852291226387024,168920000
2013-12-27,0.3704042235606691,0.3713449205601339,0.368287613258899,0.3706393837928772,210976000
2013-12-30,0.3708745644778839,0.37581329371239236,0.3704042159877678,0.3755781054496765,248180000
2013-12-31,0.3762836671628117,0.3786354378047097,0.3739318965209137,0.3767540156841278,235776000
2014-01-02,0.3744021583249298,0.3758132315973693,0.369698618130546,0.37299108505249023,260092000
2014-01-03,0.37369680338626143,0.37440234036552494,0.3673470266435393,0.36852291226387024,259332000
2014-01-06,0.37228557175144344,0.3762836035955185,0.3687579163845392,0.3734614849090576,409492000
2014-01-07,0.37722434627022566,0.3809871903324842,0.3746374155083245,0.3795761168003082,333288000
2014-01-08,0.38098725330581734,0.3866315203321453,0.3795761795404052,0.384750097990036,308192000
2014-01-09,0.37887063150893785,0.37957616837088265,0.3692283878467594,0.37040427327156067,292172000
2014-01-10,0.3715801652694149,0.3741670964285472,0.36664143518375814,0.3699339032173157,218492000
2014-01-13,0.36993388663621823,0.37228565742201175,0.36052680349304406,0.36123234033584595,243332000
2014-01-14,0.363113635155989,0.37322625159347633,0.36146737375534665,0.37252071499824524,241828000
2014-01-15,0.37416704518671284,0.37792988931144955,0.3725208113953843,0.3765188157558441,175044000
2014-01-16,0.3765186623708238,0.3784000836667445,0.37487242925013264,0.3776945471763611,220652000
2014-01-17,0.3776946494658104,0.3821630297581878,0.37369664565128213,0.37604841589927673,340400000
2014-01-21,0.3765188605060066,0.37981135651530135,0.37346158083102426,0.3774595856666565,246076000
2014-01-22,0.3781652504460998,0.37863559916786443,0.3725209816789357,0.37698936462402344,337940000
2014-01-23,0.37581329371239236,0.37981129793135293,0.3727559864736641,0.3755781054496765,185028000
2014-01-24,0.37252091653040686,0.37393199048425374,0.36593595147132874,0.36593595147132874,246696000
2014-01-27,0.36593587192172183,0.37110976190221795,0.36146749072945644,0.36358410120010376,233812000
2014-01-28,0.36287857921968275,0.36734696059472216,0.3614675055148662,0.36711177229881287,167996000
2014-01-29,0.3657006836354327,0.36781729410608,0.3633489129138146,0.36358410120010376,162944000
2014-01-30,0.36570064129459645,0.3704042102285716,0.36452475606993145,0.3696986734867096,202896000
2014-01-31,0.3645247936186324,0.37134494544540364,0.3642896333706653,0.3692283630371094,335348000
2014-02-03,0.3718153021517676,0.37228565069336145,0.3628785677202099,0.36428964138031006,431728000
2014-02-04,0.36405434287800426,0.3671116495257729,0.36217292124589195,0.366406112909317,280692000
2014-02-05,0.36381929778782884,0.3649951831754686,0.36029161358959044,0.36311376094818115,214676000
2014-02-06,0.3635840899022608,0.3687579797219858,0.3631137413796163,0.3678172826766968,168380000
2014-02-07,0.3687579048347936,0.3736966334079003,0.365465437809597,0.3732262849807739,157248000
2014-02-10,0.3727561099484607,0.37934107509729137,0.3725209216078391,0.37440234422683716,324372000
2014-02-11,0.37651884083215653,0.3831038044713488,0.37463744667980314,0.3821631073951721,235384000
2014-02-12,0.38333903006899356,0.39862556930961424,0.38333903006899356,0.39580342173576355,744528000
2014-02-13,0.4056808056936959,0.41061953498155257,0.39862549415979553,0.4082677364349365,902836000
2014-02-14,0.4045049284214182,0.4221432076042811,0.4042697401515201,0.42120251059532166,817536000
2014-02-18,0.42143756785131686,0.4228486129260991,0.4174395367178313,0.4209671914577484,428988000
2014-02-19,0.42096724773972655,0.4303743563391803,0.4190858260198358,0.4266115128993988,450340000
2014-02-20,0.427552314854451,0.4426036642786054,0.4268468060669418,0.4416629672050476,398088000
2014-02-21,0.4409573352726161,0.446601600602513,0.4355482581780403,0.43837037682533264,451052000
2014-02-24,0.4374297972261011,0.4480127660171407,0.43343179240099455,0.4447202980518341,403112000
2014-02-25,0.4441295728860509,0.44601948979697364,0.437987349966027,0.44271212816238403,242184000
2014-02-26,0.441767297909686,0.44838199472574136,0.4405861030554585,0.4420035481452942,360884000
2014-02-27,0.44200350390264465,0.446492032634664,0.4358612800107091,0.4370424747467041,388848000
2014-02-28,0.434679971165239,0.43893227673091295,0.4278290265977929,0.4342074990272522,321692000
2014-03-03,0.4245218785678099,0.43208152055740356,0.4207420434920586,0.43208152055740356,375948000
2014-03-04,0.4342076882531865,0.4394049403597753,0.43349896565639967,0.43657007813453674,260344000
2014-03-05,0.4360974514825722,0.4405860078559167,0.4342075626536909,0.4403497576713562,241472000
2014-03-06,0.4410584154328017,0.4434208042846321,0.43349877673932374,0.4342074990272522,290144000
2014-03-07,0.4360975217963069,0.4368062443023578,0.43042779807170983,0.4337351322174072,268452000
2014-03-10,0.4323176291525146,0.4342075460711198,0.42546668384280845,0.4273566007614136,300888000
2014-03-11,0.4294827778482732,0.435388779304307,0.4280653611548228,0.4316089451313019,297220000
2014-03-12,0.42948282765604573,0.4353888297970076,0.427829160574291,0.43279018998146057,239428000
2014-03-13,0.433735082312035,0.4353887773565155,0.4169621069669769,0.4190882742404938,385172000
2014-03-14,0.4148359634759525,0.4247579928285789,0.4148359634759525,0.4209781587123871,460048000
2014-03-17,0.42215935335345933,0.42523046505262746,0.4205056864883385,0.4209781587123871,299656000
2014-03-18,0.4226318536174799,0.43373507760797525,0.4207419365599292,0.4309002161026001,293904000
2014-03-19,0.4342076243704973,0.4467282945319348,0.4330264014417005,0.4384599030017853,366168000
2014-03-20,0.43609750630212835,0.4424759804680597,0.43420761723567897,0.43869614601135254,191800000
2014-03-21,0.4424759738531254,0.44601955804259835,0.43562502752300214,0.43798741698265076,566116000
2014-03-24,0.4382236190969142,0.4417672028974673,0.42948275652602924,0.4358612298965454,306096000
2014-03-25,0.44058600829728295,0.44105848050497654,0.43255386811888874,0.4358612298965454,304424000
2014-03-26,0.4398773164560285,0.44814567923159,0.4221593680607799,0.4259392023086548,557756000
2014-03-27,0.42499429826914414,0.4285378826530129,0.4155447117502555,0.42026951909065247,540728000
2014-03-28,0.41956070970890186,0.42546668245914887,0.41837951515885247,0.4228680431842804,398820000
2014-03-31,0.42357678820908834,0.42735662223623666,0.4207419267696776,0.42310431599617004,273404000
2014-04-01,0.4365699742727683,0.4457832813533875,0.4313726952407245,0.44058603048324585,656272000
2014-04-02,0.4405860955471824,0.4415310401496984,0.43586131621079005,0.43775123357772827,239948000
2014-04-03,0.43869619924902237,0.45310678818186306,0.43845994900609414,0.4424760341644287,599548000
2014-04-04,0.44483840364009886,0.44743704354605646,0.42688423085435206,0.4287741482257843,368032000
2014-04-07,0.42901041133329304,0.4384599709324517,0.4266480214335034,0.43019160628318787,428576000
2014-04-08,0.43019157238365047,0.4467283285409738,0.4294828498371798,0.4455471336841583,470692000
2014-04-09,0.44767328769916737,0.4514531226284839,0.4415310629795049,0.4450746476650238,421968000
2014-04-10,0.44318458229658697,0.44932677641420804,0.43279005445139535,0.4342074990272522,372748000
2014-04-11,0.4309002211308937,0.4375149168285589,0.4223956083536239,0.42806535959243774,353112000
2014-04-14,0.4309002726757814,0.4344438570632153,0.42806541079821536,0.43279018998146057,290184000
2014-04-15,0.43326259051137955,0.4382236190969142,0.42901028431833566,0.4358612298965454,304636000
2014-04-16,0.43798739660969555,0.4384598688472675,0.4313727007979808,0.43680620193481445,235136000
2014-04-17,0.43515256891924914,0.4424759877387422,0.4342076243704973,0.4384599030017853,153532000
2014-04-21,0.43869618565631313,0.4431847429995217,0.4358613236385485,0.4420035481452942,117004000
2014-04-22,0.4427121459013681,0.4486181470453607,0.44034975670853127,0.44578325748443604,255120000
2014-04-23,0.4464920171542933,0.45216176858763507,0.4457832947048877,0.4509805738925934,261580000
2014-04-24,0.4540515522255535,0.45972127382990224,0.4540515522255535,0.4549964964389801,391492000
2014-04-25,0.45405176099166844,0.4583040682310237,0.44153106135462333,0.4424760341644287,313600000
2014-04-28,0.44601953155008117,0.4483819208694094,0.4351525294164105,0.44058603048324585,226788000
2014-04-29,0.4422397249939562,0.4431846976778459,0.4365700015382334,0.4415310025215149,171300000
2014-04-30,0.440822272435599,0.441294744658248,0.435388771470382,0.43633371591567993,305740000
2014-05-01,0.44294845273467204,0.4438933972678967,0.43515256176890366,0.43869614601135254,198104000
2014-05-02,0.44082224449827717,0.44082224449827717,0.43279010457467926,0.4353887438774109,156376000
2014-05-05,0.4349161477933322,0.4434207580376846,0.43444367570462233,0.4401134252548218,239260000
2014-05-06,0.4443657886990911,0.44814559406675547,0.42995520504977175,0.4311363995075226,416188000
2014-05-07,0.4311364729001517,0.43515252910778096,0.4268841664959964,0.4316089451313019,293900000
2014-05-08,0.4299553063307342,0.44389339295071345,0.42782913890880087,0.4370424747467041,432728000
2014-05-09,0.42381301759866546,0.4278290734542419,0.41837951701199155,0.42641162872314453,539532000
2014-05-12,0.42735672182117357,0.4398773932715972,0.42712047157871164,0.4389324486255646,299856000
2014-05-13,0.43302641274090525,0.44011360968909297,0.4304278010830783,0.43184521794319153,221104000
2014-05-14,0.4320815206539667,0.43373518793926163,0.42735674088917613,0.4275929629802704,214320000
2014-05-15,0.426647918141425,0.42901030746927676,0.4209781668574394,0.425230473279953,325896000
2014-05-16,0.4219233195220477,0.42735682292698435,0.4219233195220477,0.4242857098579407,283960000
2014-05-19,0.4287741093547826,0.4403498064422994,0.42688419215468293,0.43798741698265076,360076000
2014-05-20,0.4381059699475211,0.4392926047323218,0.43074885125671986,0.4328847825527191,256200000
2014-05-21,0.43454606559311904,0.4383433082211232,0.4302741747095156,0.4328847825527191,216712000
2014-05-22,0.4319355405252836,0.4371567285786792,0.4319355405252836,0.4347834587097168,130364000
2014-05-23,0.43715672447324533,0.44095396754456784,0.4345461163252601,0.4388180077075958,182656000
2014-05-27,0.4414287197858279,0.4466499090194702,0.4400047462259188,0.4466499090194702,209680000
2014-05-28,0.4483111508054149,0.4532950009022232,0.4440392590855718,0.45044708251953125,224676000
2014-05-29,0.4502098727310009,0.4540071171864152,0.44878592727893446,0.44973522424697876,171884000
2014-05-30,0.44973510905626846,0.45210837916013175,0.4473618389524051,0.4509217441082001,239128000
2014-06-02,0.4523457375393988,0.45519365613195917,0.44570057529568285,0.4494978189468384,181500000
2014-06-03,0.45044712102059753,0.45092176940968076,0.44166599851030036,0.4475992023944855,243212000
2014-06-04,0.44641258042661774,0.45139643109622746,0.44617524207927806,0.4480738639831543,161236000
2014-06-05,0.4487859048436086,0.45139648552103373,0.44617529587456634,0.449972540140152,188696000
2014-06-06,0.45210842961010245,0.4556683351631409,0.45044714601034075,0.4516337811946869,161052000
2014-06-09,0.4511590864453723,0.456380275061958,0.4480738296246043,0.45210838317871094,247456000
2014-06-10,0.4504470486189467,0.45661756156006267,0.44854842707617193,0.4544816017150879,217608000
2014-06-11,0.4528203696430142,0.46160149173415943,0.4528203696430142,0.460414856672287,266228000
2014-06-12,0.4604147889238998,0.4653986384754415,0.4563802076739185,0.4632627069950104,337148000
2014-06-13,0.4680093501891669,0.46824668853582335,0.4592282274454694,0.46373745799064636,227852000
2014-06-16,0.46160142551597116,0.46539864019427357,0.4582788308443982,0.46231338381767273,198620000
2014-06-17,0.46278808929325893,0.4672972908463192,0.4604148193618358,0.4653986692428589,157608000
2014-06-18,0.4642120210367488,0.46705996750651396,0.4599401296237095,0.46492400765419006,215536000
2014-06-19,0.4563802772325359,0.45875354736878154,0.4509217502608485,0.45424434542655945,474592000
2014-06-20,0.4554309870105073,0.45709227047132484,0.44570056799604296,0.4492604732513428,353148000
2014-06-23,0.4433272389634591,0.4442765355888522,0.4381060226489721,0.4440392255783081,414200000
2014-06-24,0.4433272801664304,0.44688718527992566,0.4352581449342079,0.4371567666530609,275780000
2014-06-25,0.4383434103844287,0.4419033155685265,0.4343088568341068,0.44166597723960876,215420000
2014-06-26,0.4416659871290577,0.44190332546328975,0.43430886655882067,0.43573281168937683,256908000
2014-06-27,0.43525808879062156,0.4388179934449276,0.43264748072748754,0.4362074136734009,302820000
2014-06-30,0.43454617928619826,0.44119134147801903,0.43454617928619826,0.44000470638275146,180512000
2014-07-01,0.43953011041515233,0.44759924700015097,0.43810613681438326,0.4449886381626129,321180000
2014-07-02,0.44332727789878845,0.44522589960792985,0.44071666951226757,0.44332727789878845,179284000
2014-07-03,0.43929269178601665,0.44854846191662107,0.43929269178601665,0.4473618268966675,136892000
2014-07-07,0.44807380129832197,0.4483111396124584,0.4430899230343354,0.4438019096851349,127496000
2014-07-08,0.4426152623824943,0.4445138839679297,0.43597010097927485,0.4402419924736023,221940000
2014-07-09,0.44403922884976804,0.4554309298964553,0.44071663405319633,0.45353230834007263,387668000
2014-07-10,0.4449886055109432,0.4530577415038576,0.44142870006184926,0.45115911960601807,266308000
2014-07-11,0.4516337348120416,0.4535323565703305,0.44997245138289316,0.45210838317871094,191188000
2014-07-14,0.4540070781141171,0.45899095749647845,0.452345794417202,0.4578043222427368,272636000
2014-07-15,0.45851621437939594,0.4608894843968491,0.45543095769838476,0.45970284938812256,395440000
2014-07-16,0.46160148618628605,0.4651613913291177,0.45661760766967724,0.45922818779945374,319728000
2014-07-17,0.454006995260824,0.46278811716930796,0.454006995260824,0.45804154872894287,324832000
2014-07-18,0.44854851278226954,0.4521084182458256,0.43691947129301817,0.4376314580440521,567816000
2014-07-21,0.43597010097927485,0.4433272490134837,0.43597010097927485,0.4402419924736023,243364000
2014-07-22,0.44356456412244,0.445937834058582,0.4373940792634363,0.4383433759212494,298816000
2014-07-23,0.43858074761371796,0.43881805765042925,0.42861299048994644,0.42908763885498047,297352000
2014-07-24,0.43146089972464247,0.4326475347576011,0.4267143595928078,0.4297996163368225,254576000
2014-07-25,0.4283756654498064,0.4293249905009338,0.42149319321429074,0.4222051799297333,266132000
2014-07-28,0.42410378465017795,0.42410378465017795,0.4134240685113048,0.4205438792705536,330352000
2014-07-29,0.4207811100041927,0.4276636089530075,0.42054377172293483,0.4219677448272705,217972000
2014-07-30,0.4245784369497402,0.43027427391337125,0.4233918018913494,0.42908763885498047,246184000
2014-07-31,0.4238664450315842,0.4271890118374781,0.4146106747152609,0.4153226613998413,401880000
2014-08-01,0.4153227305018354,0.4222052318757518,0.41389875689575173,0.4198319613933563,219884000
2014-08-04,0.41935722698424566,0.4229171322182015,0.41674664678764517,0.4188825786113739,241724000
2014-08-05,0.41769589146948943,0.4252903776552665,0.41413598667925955,0.41911986470222473,298136000
2014-08-06,0.4162718754036769,0.4238663608080051,0.41318664753622464,0.4186451733112335,223456000
2014-08-07,0.4222052257663717,0.4260024415082887,0.41152548045851384,0.4143734276294708,407696000
2014-08-08,0.43241023163974396,0.4532950142120634,0.43241023163974396,0.4509217441082001,894348000
2014-08-11,0.4513964143740056,0.45329503620754635,0.44736186065998934,0.44854849576950073,344624000
2014-08-12,0.44831118572256606,0.4509217659885235,0.4435646169929078,0.44854849576950073,296152000
2014-08-13,0.4492604977081786,0.45495636340169704,0.4464125790072262,0.45115911960601807,256596000
2014-08-14,0.45282031928970473,0.45282031928970473,0.4442765364776414,0.44617515802383423,255992000
2014-08-15,0.4475990868959157,0.45448155749070007,0.44332719591326086,0.45187097787857056,369796000
2014-08-18,0.4537696569367419,0.458516225377107,0.4492604551120698,0.45804154872894287,284076000
2014-08-19,0.45816072850821643,0.46412014941772994,0.4564920679201443,0.46173638105392456,248260000
2014-08-20,0.46006774900001174,0.4622131577105546,0.45768398048836106,0.4588758647441864,221468000
2014-08-21,0.45768389010799815,0.4600676581489182,0.45386987829258,0.4545849859714508,272796000
2014-08-22,0.45410838742896514,0.45863756524667404,0.451247870522224,0.4548235237598419,251224000
2014-08-25,0.4567304550600181,0.4598293596091033,0.4545850464875312,0.4555385708808899,153380000
2014-08-26,0.4567305152655814,0.46459695756812247,0.4550618828781973,0.46364346146583557,269636000
2014-08-27,0.46078294542059445,0.4643585986550933,0.4576840402673423,0.4583991765975952,182972000
2014-08-28,0.45744562157493013,0.4631666546472886,0.4560153490984594,0.4622131586074829,179704000
2014-08-29,0.46388182128302524,0.46459695756812247,0.4588758957041089,0.46364346146583557,207932000
2014-09-02,0.4648353159427643,0.4648353159427643,0.46054452692456965,0.4648353159427643,192636000
2014-09-03,0.46721914417063093,0.4707947974066185,0.4641202390160885,0.4691261649131775,259456000
2014-09-04,0.46841105690796864,0.48032993016544073,0.4681726686444475,0.47746938467025757,491832000
2014-09-05,0.4769925182481114,0.47913792696517016,0.47294011744935016,0.47603902220726013,253792000
2014-09-08,0.475562243792333,0.47651573977224365,0.4698411826625875,0.4717482030391693,319288000
2014-09-09,0.46960288248485615,0.4727017874380649,0.46531209319708744,0.4657888412475586,198588000
2014-09-10,0.46841093806880196,0.46912607426116265,0.4631666249359972,0.4674574136734009,172376000
2014-09-11,0.46412023862325447,0.4657888711152831,0.4576840400705117,0.46268996596336365,250720000
2014-09-12,0.4655503914735043,0.4655503914735043,0.4553001818678961,0.4557769298553467,262536000
2014-09-15,0.4572072631551711,0.4579223994400156,0.4476721884686152,0.4495792090892792,294152000
2014-09-16,0.448387295425983,0.4586375057269523,0.4469570229498432,0.4562537372112274,219936000
2014-09-17,0.45506179271100156,0.46078282502466994,0.4529163842808071,0.45649203658103943,173584000
2014-09-18,0.459352642092232,0.46388179090665854,0.45792236961569605,0.463405042886734,219604000
2014-09-19,0.46483537555858484,0.4653121236402474,0.45410838742896514,0.4548235237598419,601316000
2014-09-22,0.4641201788862449,0.4641201788862449,0.4498175393785304,0.4502943158149719,221464000
2014-09-23,0.4479105185715957,0.4533931918360008,0.4462418862954973,0.4483872950077057,196144000
2014-09-24,0.44814893562607633,0.4524397249098244,0.44767218757605187,0.45100945234298706,159592000
2014-09-25,0.45053267375055067,0.4517245580031939,0.440282463494467,0.4412359595298767,298440000
2014-09-26,0.44266620301884124,0.4455267193545573,0.44075918265611047,0.44218945503234863,241188000
2014-09-29,0.43861380217081974,0.4445732230392901,0.43432301346216906,0.4414743185043335,208540000
2014-09-30,0.4395674174170079,0.4429047110589617,0.4345614911624612,0.439805805683136,277204000
2014-10-01,0.44052085214310893,0.44361972846960623,0.43432304265659,0.4355149269104004,350976000
2014-10-02,0.4347998202403128,0.4369452006763484,0.42359608475925287,0.43360793590545654,288996000
2014-10-03,0.4362300922078395,0.44218951387391026,0.43456143140792847,0.43456143140792847,239140000
2014-10-06,0.4362300028722147,0.43980565513959863,0.4290786699206886,0.4319392144680023,199032000
2014-10-07,0.43003222266386626,0.4343230113516668,0.4269333181439682,0.4274100661277771,301896000
2014-10-08,0.42693343606092266,0.4374220366854203,0.4235961424189956,0.4352766275405884,260172000
2014-10-09,0.43336945695176515,0.43384623331931227,0.4233576363181643,0.42693328857421875,306956000
2014-10-10,0.42359608399290133,0.42502635655884685,0.40142702972132965,0.4016653895378113,691376000
2014-10-13,0.4042874269247075,0.4123922550412503,0.3997582791660185,0.40023502707481384,397628000
2014-10-14,0.405717879349647,0.42073562985878765,0.4033341103296808,0.40953192114830017,376620000
2014-10-15,0.40357241034825536,0.41787505076432135,0.40095028186510845,0.4157296419143677,404428000
2014-10-16,0.4083398888641581,0.42073547759878793,0.4073863645511817,0.4159679412841797,351116000
2014-10-17,0.4209739862299443,0.4257415239086364,0.4135842914612651,0.4152529239654541,290716000
2014-10-20,0.41525271671254166,0.42264240779302104,0.41239220121636483,0.4188283681869507,200336000
2014-10-21,0.4219273949144039,0.4371835293729937,0.42073551074186216,0.4367067813873291,351092000
2014-10-22,0.4359917049162595,0.43742197748591155,0.42645663022994995,0.42645663022994995,239512000
2014-10-23,0.4338464129954934,0.4390906994595938,0.4307475074068256,0.4359917938709259,214476000
2014-10-24,0.4386138619851808,0.44314301109616033,0.4359917050787627,0.44052088260650635,210156000
2014-10-27,0.440282433990561,0.4424278141348491,0.43551489729946724,0.44075918197631836,145092000
2014-10-28,0.4395673575878997,0.4517245891703648,0.43909060953730117,0.45124784111976624,192580000
2014-10-29,0.4493407910464013,0.4519629477779574,0.44433486580134396,0.4483872950077057,168340000
2014-10-30,0.4471953497562659,0.44910234157355516,0.43980565700561597,0.44552668929100037,170260000
2014-10-31,0.45577699010384354,0.4660272294811762,0.4533932214347236,0.4657888412475586,256316000
2014-11-03,0.47651586013475183,0.4781845211462211,0.47127157408707493,0.4736553430557251,308732000
2014-11-04,0.4767541886697523,0.48152172600976756,0.4688877463753743,0.479853093624115,360196000
2014-11-05,0.48271363876153545,0.48295199857847776,0.47627744061910354,0.479853093624115,335652000
2014-11-06,0.4808064715400827,0.4827135201074409,0.47341677911278746,0.48199838399887085,394088000
2014-11-07,0.4874811140417793,0.4932021467547643,0.46698066630609497,0.4717482030391693,450800000
2014-11-10,0.4712714865572957,0.4803298410558694,0.47007960229434065,0.4772309362888336,293388000
2014-11-11,0.4743703904092567,0.47699251873264237,0.4674574446473949,0.4715098738670349,212992000
2014-11-12,0.46984130252221556,0.4710331870095418,0.461974859222509,0.46841105818748474,204584000
2014-11-13,0.47007957096026726,0.47079470715372396,0.46221312966576406,0.466027170419693,225328000
2014-11-14,0.46650391831613963,0.4717482030391693,0.46197474136966277,0.4717482030391693,160248000
2014-11-17,0.46960291266441345,0.4746088385579824,0.4665040075120501,0.46960291266441345,158732000
2014-11-18,0.46984124189150306,0.4819985018768703,0.4686493575579837,0.4808065891265869,207772000
2014-11-19,0.4811656063540586,0.48260193164875237,0.47398403695462965,0.4790111184120178,240300000
2014-11-20,0.4756599048216667,0.48738982292168703,0.4742235790014094,0.48691102862358093,220968000
2014-11-21,0.4912200265294594,0.4919381894694788,0.4854747800833677,0.4895443320274353,198976000
2014-11-24,0.4907411705736274,0.4948107220065535,0.4888261076901526,0.49265629053115845,136004000
2014-11-25,0.49169845776145066,0.49600743271984626,0.490740926795372,0.4924166202545166,190240000
2014-11-26,0.4895441256436821,0.5012740392867756,0.4893047000485713,0.5007952451705933,219264000
2014-11-28,0.5024709005172283,0.504864756766884,0.4979225565206719,0.5019921064376831,124832000
2014-12-01,0.49983786195527324,0.5027104562804854,0.4919381276813413,0.49265629053115845,190060000
2014-12-02,0.49217739083547435,0.4955287787006249,0.48762904611903063,0.4933743476867676,245952000
2014-12-03,0.49576820318694864,0.5063011609137534,0.49433187779828347,0.5060617923736572,284424000
2014-12-04,0.5053438435871147,0.5072589068666025,0.4981622706779334,0.501513659954071,185332000
2014-12-05,0.5017527853153358,0.5070192923915076,0.5015134167899773,0.5043860673904419,165680000
2014-12-08,0.5036680210526276,0.5086951036903071,0.49385316728385137,0.49792271852493286,226944000
2014-12-09,0.49481060856672915,0.49744389077037343,0.4873896702520116,0.49624693393707275,239448000
2014-12-10,0.49481082357840717,0.49672594392906283,0.4847566557652198,0.48523539304733276,204364000
2014-12-11,0.48810780145232835,0.4914591890509237,0.4840382512148855,0.4849957823753357,135652000
2014-12-12,0.4785323319233194,0.48284127908216135,0.46943567204065734,0.4699144661426544,323964000
2014-12-15,0.47542025479616035,0.48403817659679377,0.4670417585542599,0.46847808361053467,254696000
2014-12-16,0.4679993669897938,0.47542030445700606,0.46297225730473196,0.46321162581443787,185308000
2014-12-17,0.47254779830570925,0.48284138870638127,0.4572270969888642,0.4821232259273529,345596000
2014-12-18,0.4881077537947996,0.49385299727059,0.47948986004409705,0.48403820395469666,226156000
2014-12-19,0.4873896218186682,0.4907410093004038,0.48284127762257695,0.4888259470462799,325528000
2014-12-22,0.4883472831996098,0.4974439740180969,0.4866715890117943,0.4974439740180969,148976000
2014-12-23,0.5012740374524634,0.5036678938765364,0.49385304258600915,0.49433183670043945,109280000
2014-12-24,0.495528638699793,0.4962468011928589,0.49193788330849125,0.4924166202545166,45644000
2014-12-26,0.49241686852312283,0.4955288885374293,0.4912199684805739,0.4928956627845764,52636000
2014-12-29,0.4914591450312213,0.49552869490415696,0.4890652888074924,0.4921773076057434,82944000
2014-12-30,0.4888260128523584,0.4912198695292946,0.48691089326638226,0.4876290559768677,112120000
2014-12-31,0.4883471354342325,0.4909804172817737,0.4785323133172098,0.4799686670303345,166300000
2015-01-02,0.48188385367393494,0.4854746675416167,0.4742234888055806,0.48188385367393494,113680000
2015-01-05,0.48188375976583925,0.4833200850330051,0.47159017144986937,0.47374463081359863,197952000
2015-01-06,0.47446285362029,0.4749416192577242,0.45890278491302655,0.4593815505504608,197764000
2015-01-07,0.46273294611424176,0.46680252544151984,0.4567483042059194,0.4581846296787262,321808000
2015-01-08,0.46345107290842813,0.4782930065196437,0.4632116758358519,0.47542035579681396,283780000
2015-01-09,0.4770961142821271,0.4809262965106433,0.47063267820437815,0.47733548283576965,209540000
2015-01-12,0.47853257035030694,0.4787719675205842,0.467042048380627,0.4713509976863861,190732000
2015-01-13,0.4749415299031862,0.48451695499846265,0.4672811955343687,0.4706325829029083,236720000
2015-01-14,0.46560539080664026,0.47398388576679773,0.46440846295518917,0.4725475609302521,155260000
2015-01-15,0.4758991233301644,0.47877174535533856,0.4689569225208887,0.4691963195800781,188932000
2015-01-16,0.46847816983257595,0.4782929929371408,0.4670418445119497,0.4778142273426056,181512000
2015-01-20,0.4811657024028917,0.48379892791944,0.4732659687791951,0.47925063967704773,140308000
2015-01-21,0.4766173604238308,0.48715034754420294,0.47326594375674785,0.4859533905982971,144780000
2015-01-22,0.48691084183398525,0.49576816196969115,0.48188376046564335,0.49433183670043945,159712000
2015-01-23,0.4948107498721279,0.4967258699375101,0.4907411982100225,0.49576833844184875,120416000
2015-01-26,0.4936137795448303,0.4960076364804404,0.4905017598211321,0.4936137795448303,133240000
2015-01-27,0.4859532980600482,0.4864320921620453,0.4689569064756791,0.4699144661426544,357948000
2015-01-28,0.47565974482381673,0.4775748357609698,0.462014739732239,0.462254136800766,272728000
2015-01-29,0.4624935368067002,0.4761385134479195,0.46033904878733645,0.47350528836250305,235340000
2015-01-30,0.470153818141535,0.475659693287927,0.45890269934317957,0.4596208333969116,298200000
2015-02-02,0.4624935831175983,0.47159024463496146,0.45339692160023515,0.4696751534938812,259604000
2015-02-03,0.4730264627790631,0.48188375426375524,0.47063260638579907,0.48140496015548706,183468000
2015-02-04,0.47996871559193993,0.48810781631465194,0.47853236173348984,0.48260194063186646,181516000
2015-02-05,0.48308061820264026,0.49074098092426555,0.4826018812038101,0.49050161242485046,140448000
2015-02-06,0.4900229263550704,0.4957682281995948,0.48619274415006974,0.48834723234176636,210524000
2015-02-09,0.4854746014712938,0.48930472631016264,0.48236258223418105,0.48786845803260803,273944000
2015-02-10,0.48834741441687135,0.50175302859549,0.48619292542189657,0.501513659954071,226204000
2015-02-11,0.5027102884698786,0.5027102884698786,0.49481055683297004,0.49816200137138367,320832000
2015-02-12,0.5266491302603789,0.5386184170011477,0.5235371100003728,0.5338307023048401,676904000
2015-02-13,0.5326335109473848,0.534787998735826,0.5244944109564326,0.534069836139679,310084000
2015-02-17,0.5331123954776357,0.5383789030514883,0.5297610075097502,0.5357456207275391,203340000
2015-02-18,0.5350274004355051,0.5359849886724659,0.5285639937432373,0.5295215249061584,170948000
2015-02-19,0.5362243247194833,0.5371818558244138,0.5285639617319665,0.530957818031311,169432000
2015-02-20,0.5304792121395839,0.5350275002807579,0.526649029699082,0.5347881317138672,157752000
2015-02-23,0.5345486835303866,0.5345486835303866,0.527845850989327,0.5304791331291199,125008000
2015-02-24,0.5325214963729985,0.5361260771751404,0.5277153504409566,0.5361260771751404,149356000
2015-02-25,0.5339636885340013,0.536366820567993,0.5296381769192228,0.5320412516593933,123820000
2015-02-26,0.5325218101178935,0.5366070308376331,0.5291574601482731,0.5334830284118652,152864000
2015-02-27,0.5320410206728525,0.5332425861681866,0.5281960912990983,0.5301185846328735,157492000
2015-03-02,0.5286766132175474,0.5459787629647389,0.5279556855369324,0.543095052242279,301512000
2015-03-03,0.5390099101699696,0.541653273845301,0.5313200520132701,0.5330021977424622,160344000
2015-03-04,0.5310800150217124,0.5402116758038856,0.5289172306415323,0.5390101671218872,226840000
2015-03-05,0.5390101216629298,0.5503045658727339,0.5375682655310794,0.5493433475494385,323056000
2015-03-06,0.5462193509850283,0.5488627157263709,0.5414132020223242,0.5418938398361206,257392000
2015-03-09,0.542133870152347,0.5474206543939264,0.5409323048408933,0.5433353781700134,222388000
2015-03-10,0.5457386209040127,0.5563121926693555,0.5447774027327467,0.5527075529098511,527212000
2015-03-11,0.5527077143657179,0.5599169386968654,0.5483822026845581,0.549824059009552,262120000
2015-03-12,0.5445369243907786,0.5486221431776821,0.5344439938448028,0.5447772145271301,406972000
2015-03-13,0.5421339009174055,0.5469400478483853,0.5346843330687332,0.5454981923103333,359288000
2015-03-16,0.5498239675022119,0.5553510442989344,0.5462193272896482,0.5519866943359375,236956000
2015-03-17,0.5507852509677972,0.5589556933579864,0.5469403200507025,0.5587154030799866,299900000
2015-03-18,0.5587152701856685,0.5615989247172277,0.5445371158673004,0.5495835542678833,413844000
2015-03-19,0.5515061300176192,0.5599168619373454,0.5474209091860645,0.5579944252967834,310756000
2015-03-20,0.5625602383317042,0.567366386837315,0.5572734520580084,0.5640020370483398,462084000
2015-03-23,0.5471803141085014,0.554389534190106,0.5454981684855058,0.5457384586334229,426012000
2015-03-24,0.5440564360401184,0.5479013657452014,0.5358859962254429,0.5382890701293945,330480000
2015-03-25,0.5380487733034766,0.5380487733034766,0.5039250440761216,0.5056072473526001,542552000
2015-03-26,0.49527412283274325,0.5060879287792124,0.4916694826547122,0.5039251446723938,311920000
2015-03-27,0.5068088596004761,0.5157002290300744,0.49863841821044647,0.5137777924537659,318288000
2015-03-30,0.5161807179594395,0.5185837916337076,0.5094520772952112,0.5159404277801514,253252000
2015-03-31,0.5144986302781674,0.5149792106910707,0.5024832605485531,0.5029638409614563,357276000
2015-04-01,0.5048864483833313,0.5065685947955443,0.4962353687677967,0.5048864483833313,330768000
2015-04-02,0.5077701052310168,0.5092119613877953,0.5017624476361934,0.5060879588127136,192204000
2015-04-06,0.5039252459716722,0.5224289737821723,0.4986385157062351,0.5207468271255493,515864000
2015-04-07,0.5207466256980637,0.5310798492302491,0.5178629140913883,0.5253124833106995,413964000
2015-04-08,0.5257931078369961,0.5310798937949325,0.5207466693956518,0.5291574001312256,366432000
2015-04-09,0.5250721319436621,0.5430952147649225,0.5248318417428108,0.5414130687713623,379432000
2015-04-10,0.5418937098644189,0.5471804380790973,0.539971216364153,0.5469401478767395,258728000
2015-04-13,0.5457387131712318,0.5488627157263709,0.5394907080609536,0.5418938398361206,236724000
2015-04-14,0.5397310195531845,0.5418938036300416,0.5320411588091222,0.5373279452323914,220276000
2015-04-15,0.5387697111930912,0.5479013691676275,0.5361262897765716,0.5438161492347717,243560000
2015-04-16,0.540692234116648,0.5452580924830023,0.5366070135286825,0.5404519438743591,155284000
2015-04-17,0.5291574601482731,0.5387698149694291,0.5289171698982333,0.5334830284118652,293636000
2015-04-20,0.5358860606374475,0.5392503530485981,0.5298783465085571,0.5308396220207214,231624000
2015-04-21,0.5373278057234894,0.5373278057234894,0.527475163460657,0.5301185846328735,230456000
2015-04-22,0.5332424239921826,0.5368470047943246,0.5250719300726885,0.5361260771751404,207420000
2015-04-23,0.5262737581016188,0.5390100569133007,0.5202660440385353,0.5339635610580444,259380000
2015-04-24,0.5337232964533974,0.5339635866934386,0.523390071312093,0.5293977856636047,240960000
2015-04-27,0.5310799540300294,0.5428550356891687,0.5265140955163976,0.5334830284118652,248456000
2015-04-28,0.5325214963729985,0.5380485699242245,0.5274750030387094,0.5361260771751404,234484000
2015-04-29,0.532281541945264,0.5375683292911678,0.5298784672050935,0.5320412516593933,195156000
2015-04-30,0.5293978076921256,0.5361263930437409,0.5281962418543014,0.5334830284118652,218844000
2015-05-01,0.5378084561524297,0.5483820276312311,0.5354053821424845,0.5466998815536499,256968000
2015-05-04,0.5462190890824725,0.5498237277230466,0.5416532325690081,0.5433353781700134,200720000
2015-05-05,0.5414131570728179,0.5421340850867518,0.5269947113817621,0.5293977856636047,292928000
2015-05-06,0.5322814564787086,0.5373279527284435,0.5241110151327918,0.5310799479484558,316484000
2015-05-07,0.5289171528373292,0.5421340901580032,0.5272350065536852,0.5404519438743591,534564000
2015-05-08,0.5048861475615241,0.5248316596572835,0.49239014475182097,0.5005605816841125,1146552000
2015-05-11,0.49359190493397603,0.5008011850813733,0.48974703191377783,0.4957546889781952,544144000
2015-05-12,0.4921498546343362,0.5046458001502584,0.4919095072230705,0.5005605816841125,388800000
2015-05-13,0.5041655401303392,0.5080104709210647,0.4986384628612622,0.5034446120262146,308524000
2015-05-14,0.504886393397388,0.5142584000680194,0.5036848276373439,0.511614978313446,293052000
2015-05-15,0.5137778004520615,0.5161808748567633,0.5087313613903314,0.5118553638458252,215824000
2015-05-18,0.5106540460539036,0.5142586880588683,0.5082509704818742,0.511134684085846,324972000
2015-05-19,0.5118102934027339,0.5135002833334393,0.5069818987524444,0.5079476237297058,253808000
2015-05-20,0.508189026194519,0.5142245482868832,0.5074647612410751,0.5079476237297058,196824000
2015-05-21,0.508189071109809,0.5103618661621789,0.5038434810050694,0.504326343536377,239692000
2015-05-22,0.5055334800983671,0.5074648151400124,0.5023950174864354,0.5036020874977112,212592000
2015-05-26,0.5011878102376447,0.5045676748027007,0.49660081829421077,0.5004635453224182,259732000
2015-05-27,0.5038434888789258,0.5296754547478778,0.502153556331454,0.5272612571716309,432332000
2015-05-28,0.5272612840647813,0.5361938097966008,0.5262956164968304,0.5345038771629333,327656000
2015-05-29,0.5345037615923417,0.5378836261288811,0.5335380942331878,0.5342623591423035,335168000
2015-06-01,0.5376423846543672,0.5456092434809966,0.5342625191058621,0.5402979850769043,372660000
2015-06-02,0.5369181372479419,0.5398151978474235,0.5291926806886711,0.5296755433082581,224304000
2015-06-03,0.5311241495792309,0.5352282809761988,0.5229158292262668,0.5238815546035767,250788000
2015-06-04,0.52074279745028,0.5349865768066842,0.52074279745028,0.5332966446876526,323712000
2015-06-05,0.5316068991051789,0.5398152185995899,0.5260542377820577,0.537401020526886,313320000
2015-06-08,0.5357108833630491,0.5393321503117892,0.5190529057454437,0.525088369846344,342812000
2015-06-09,0.5255713193344992,0.5316067844348669,0.5246056518255215,0.5277441143989563,256888000
2015-06-10,0.5214671288971992,0.5248469935669385,0.5154316069363761,0.5183286666870117,529460000
2015-06-11,0.5183288926996723,0.5275028233118896,0.5183288926996723,0.5238815546035767,283052000
2015-06-12,0.5205011498431685,0.5236396105212249,0.5084301693733269,0.5096372961997986,323728000
2015-06-15,0.5069817710540506,0.5110859572761398,0.5031191023539502,0.508671760559082,306548000
2015-06-16,0.5077060753802923,0.5156729309231772,0.5026362791471818,0.5149486660957336,256892000
2015-06-17,0.5147074850744219,0.5238814717955694,0.5135004148821242,0.520984411239624,233544000
2015-06-18,0.5253300099680558,0.5330554089683065,0.523881479668315,0.5296755433082581,299404000
2015-06-19,0.5296755055244161,0.5340210385546343,0.5231571771995807,0.5279855728149414,355656000
2015-06-22,0.5289512078066415,0.5318482680208073,0.5178458870643557,0.5258127450942993,514236000
2015-06-23,0.5267785278975903,0.5308826590595751,0.5081892076136499,0.5122933387756348,414064000
2015-06-24,0.5115688999290744,0.5142245573247117,0.5048091703234642,0.50722336769104,253368000
2015-06-25,0.5072234380691165,0.5142246286742148,0.5072234380691165,0.5110861659049988,350460000
2015-06-26,0.5069822304252334,0.5074650932297577,0.49853256303887283,0.5007053017616272,421296000
2015-06-29,0.49491104440872635,0.49998090043792703,0.48501284999770095,0.4857371151447296,391724000
2015-06-30,0.48863405986705033,0.49080685504886523,0.4821157318806185,0.48549559712409973,315916000
2015-07-01,0.4975666439345302,0.5045677769338384,0.4881512556897892,0.4924967885017395,302892000
2015-07-02,0.49225520212384516,0.49611792849103703,0.4898410053392242,0.4929794669151306,145764000
2015-07-06,0.4888755317316761,0.4956352623818686,0.4833228711722975,0.48694413900375366,214776000
2015-07-07,0.4840470735088412,0.4859784084274121,0.46256067035495324,0.4777701199054718,594252000
2015-07-08,0.47511456317816064,0.4780115945987848,0.4705275703809585,0.47439029812812805,332492000
2015-07-09,0.4818742136506562,0.4840470083106414,0.4656990700400426,0.46859610080718994,357588000
2015-07-10,0.47463175904489796,0.481150116517993,0.4734246600727707,0.47680455446243286,216708000
2015-07-13,0.48163288018499495,0.48259854771021116,0.47680448499990313,0.4799429476261139,212472000
2015-07-14,0.4806671791435761,0.4811500128725169,0.4739074205998943,0.48018431663513184,249216000
2015-07-15,0.4789773211004581,0.482115784183891,0.47245899240687267,0.47680455446243286,265732000
2015-07-16,0.4797015405221242,0.4874269962310791,0.47801160787810537,0.4874269962310791,282848000
2015-07-17,0.48573698029673057,0.48621978522136905,0.4782529283747946,0.48452985286712646,220372000
2015-07-20,0.48452990684169756,0.48646129943241223,0.47439028280722906,0.4755973815917969,188412000
2015-07-21,0.47463165749353886,0.48452987845898043,0.47463165749353886,0.4777701199054718,149720000
2015-07-22,0.47439019112098424,0.47439019112098424,0.46280203927289526,0.46859610080718994,356472000
2015-07-23,0.46956190283391913,0.48139145979292863,0.46859620650737366,0.47439029812812805,169916000
2015-07-24,0.47777011363491395,0.47825294735821966,0.4669062253527715,0.46883758902549744,188844000
2015-07-27,0.46473340401276786,0.47149316209332626,0.4608707056663784,0.4661819338798523,192420000
2015-07-28,0.4673890837696101,0.479460071387514,0.46256068872244854,0.47632163763046265,198308000
2015-07-29,0.47535595670192077,0.4859784434163645,0.4734245928647941,0.4821157157421112,232680000
2015-07-30,0.48090860269856567,0.4881512240681666,0.48090860269856567,0.4833228290081024,190180000
2015-07-31,0.4852541247142711,0.48549552718002353,0.4787357976669177,0.4816328287124634,218340000
2015-08-03,0.4854956320864891,0.49032402779889145,0.47921873492807116,0.4898412227630615,397132000
2015-08-04,0.48815123506363983,0.4932210327232002,0.48621984246070443,0.49177250266075134,260100000
2015-08-05,0.5038434267478817,0.5043262892271915,0.49587656997279217,0.49684229493141174,234628000
2015-08-06,0.49563523683709876,0.4992565620409282,0.4854955838253878,0.4937039017677307,655676000
2015-08-07,0.5422291400438434,0.5641983140297523,0.5282267638303246,0.5547829866409302,1405248000
2015-08-10,0.5509202593282536,0.578200689345735,0.5475403377088279,0.5740965604782104,662304000
2015-08-11,0.5656468775008862,0.5767521951462086,0.5656468775008862,0.5711995363235474,435008000
2015-08-12,0.5620258274992018,0.5767524175213975,0.5620258274992018,0.572648286819458,384048000
2015-08-13,0.5733723135968636,0.5745794408327534,0.566371125282089,0.5678196549415588,276884000
2015-08-14,0.5673368468687328,0.5716824362633155,0.5639569823789463,0.568302571773529,214652000
2015-08-17,0.567336891379235,0.567336891379235,0.5576801020456488,0.5646812915802002,273880000
2015-08-18,0.56293590772382,0.5668148882032156,0.5551779467650286,0.5595418214797974,287084000
2015-08-19,0.5588143796072503,0.5651177142012814,0.5512988386061289,0.5573597550392151,249248000
2015-08-20,0.5510562796447456,0.5537230521373011,0.5345706350878987,0.5372374653816223,426932000
2015-08-21,0.533358628514873,0.5423287363744167,0.5200246469066758,0.5205095410346985,382664000
2015-08-24,0.4914174005798488,0.529237422213742,0.4848716453897378,0.5020846128463745,682284000
2015-08-25,0.524146078728019,0.5260855975648757,0.4916597306728363,0.4916597306728363,622684000
2015-08-26,0.5076606159825564,0.5292374000624329,0.5037816351208301,0.5287525057792664,614976000
2015-08-27,0.534328488989011,0.5488746227550311,0.5311768208929202,0.5486322045326233,463764000
2015-08-28,0.5486322675527122,0.5544507101672315,0.5447532865426313,0.5510566234588623,320944000
2015-08-31,0.5483895699119973,0.5522685489458375,0.5428135483885721,0.5449954271316528,219352000
2015-09-01,0.5292375411468968,0.5382076542677212,0.51881280259,0.5226917266845703,353408000
2015-09-02,0.5369951990921913,0.5386922420499839,0.5280250901147768,0.5384498238563538,344044000
2015-09-03,0.5464499878628868,0.5491168181512726,0.5389345065982724,0.5399042367935181,262556000
2015-09-04,0.5306918208561379,0.539177092762085,0.5270553170401505,0.5272977352142334,287972000
2015-09-08,0.5401468440336209,0.5520262020383521,0.537964964780588,0.5498442649841309,238448000
2015-09-09,0.5515413782860722,0.5561476128820837,0.5377225010944688,0.5389347076416016,289392000
2015-09-10,0.5357831987419791,0.5542083159892635,0.533358842730526,0.547420084476471,357076000
2015-09-11,0.5413590685740918,0.5527535327901274,0.539177131447237,0.5491170287132263,301584000
2015-09-14,0.5517839589176473,0.5534810023422833,0.5471776651643748,0.5500869154930115,192460000
2015-09-15,0.5503293115708137,0.5590570044037237,0.5486322682145818,0.5561477541923523,327976000
2015-09-16,0.5551777573517831,0.5631781337981276,0.5510563600614203,0.5600264668464661,173508000
2015-09-17,0.5697240109646858,0.5748151975131071,0.5639055698533937,0.5651177763938904,268712000
2015-09-18,0.5573598266353806,0.569481603257484,0.5539657407414298,0.5646328926086426,326412000
2015-09-21,0.56536019050714,0.5716635257494426,0.5624509410718653,0.5704513192176819,281840000
2015-09-22,0.5580869431038467,0.5619659218214941,0.5520260280198033,0.5549352765083313,228356000
2015-09-23,0.5554202896726261,0.5609963125179795,0.5532384104122792,0.5576022267341614,161632000
2015-09-24,0.5542081365954385,0.5740878725748857,0.545480446219067,0.5682694315910339,382440000
2015-09-25,0.5752998064450042,0.5835426573784992,0.5668145952208914,0.572390615940094,369692000
2015-09-28,0.5723906049936125,0.5760271075054969,0.5612385637684806,0.564875066280365,395584000
2015-09-29,0.5709361151584043,0.5757848248488264,0.56293573838909,0.5748150944709778,380736000
2015-09-30,0.580148947121345,0.5983316469725454,0.5767548601041423,0.5976043343544006,556380000
2015-10-01,0.5976040641392142,0.5993011068804734,0.5689966400981388,0.5859671831130981,489296000
2015-10-02,0.582815582617929,0.6012406945228577,0.5767546654460542,0.6012406945228577,386144000
2015-10-05,0.6051196880106966,0.6237872185205487,0.6019680202595434,0.6162717342376709,482024000
2015-10-06,0.6097260924436108,0.6269390013349403,0.6073017366363305,0.6242722272872925,453216000
2015-10-07,0.6257265245605899,0.6371209851059816,0.6155442123832834,0.6308176517486572,310152000
2015-10-08,0.628151152651904,0.6361515318893414,0.6174839418011896,0.6344544887542725,460068000
2015-10-09,0.6310600433942548,0.6371209583839907,0.6201504773343668,0.6320298314094543,423248000
2015-10-12,0.6327572284414651,0.6424547061726035,0.6281509944355634,0.6388181447982788,227588000
2015-10-13,0.6337272262781438,0.6439094858916301,0.6315452887318819,0.640030562877655,298444000
2015-10-14,0.6407577586179563,0.6737290636117482,0.6400305039706717,0.663304328918457,612148000
2015-10-15,0.6645163194334068,0.6785776130180651,0.6577281486002492,0.6650012135505676,526048000
2015-10-16,0.6671832690718832,0.6817294015603633,0.6654861682604873,0.6754260659217834,448396000
2015-10-19,0.6776079703135359,0.6807596379801658,0.6664559243856438,0.6742138266563416,294712000
2015-10-20,0.6713047169409665,0.6763958463465577,0.6662135297341785,0.6732441782951355,264824000
2015-10-21,0.677365356400285,0.6814868115875972,0.6633041216594251,0.664516270160675,386280000
2015-10-22,0.672274395070187,0.6906995076993936,0.6713046644689008,0.6885175704956055,306884000
2015-10-23,0.6945783226910819,0.6977299897464904,0.6841535911542332,0.6931236982345581,381776000
2015-10-26,0.6936086042412238,0.6953056468692751,0.6836687088182646,0.6899720430374146,247436000
2015-10-27,0.6865779104895097,0.6938509745949769,0.686093016428675,0.6894871592521667,208268000
2015-10-28,0.6938510270324385,0.6950632333755493,0.6836687133947906,0.6950632333755493,217036000
2015-10-29,0.6839113183550413,0.6909419083870657,0.6698500226886109,0.671062171459198,327168000
2015-10-30,0.6783352112083111,0.6926389232956855,0.6732440251595604,0.6877901554107666,301160000
2015-11-02,0.6899720296345628,0.6965177818730875,0.6858506322177574,0.6957904696464539,190088000
2015-11-03,0.6916691825551995,0.6955481624489078,0.6831839682263258,0.6909418702125549,376768000
2015-11-04,0.6890024320520242,0.6940935608184541,0.676395761429029,0.6795474290847778,442264000
2015-11-05,0.6829413920076101,0.6848809105703899,0.6698498873638569,0.6717893481254578,478800000
2015-11-06,0.7382171509835898,0.7743400740191261,0.7229437018558451,0.7648850679397583,1172272000
2015-11-09,0.7573694824140854,0.7636728189764148,0.750823669813912,0.7614908814430237,492568000
2015-11-10,0.7515507209954215,0.755672176392446,0.7309437330162034,0.7469444870948792,552260000
2015-11-11,0.7474291293882399,0.7527627319637406,0.7370044001278289,0.7396712303161621,619896000
2015-11-12,0.7379744278727505,0.744762657324464,0.7338530296847622,0.7370046973228455,291080000
2015-11-13,0.7377319240301596,0.7408835913023141,0.7188219203972331,0.7224584817886353,292940000
2015-11-16,0.7319135685849522,0.7374895914983925,0.7260950696831436,0.7370046973228455,344280000
2015-11-17,0.7389442162238447,0.7433080325990119,0.7338530296847622,0.7370046973228455,257048000
2015-11-18,0.7400464830659842,0.7561080532099511,0.7320157270043324,0.7551345825195312,350216000
2015-11-19,0.757811669434154,0.7648689560118204,0.7517277376719746,0.7573249340057373,254072000
2015-11-20,0.7629220988312385,0.7682759562400181,0.7582983155245957,0.7638955116271973,239744000
2015-11-23,0.770222738015824,0.770222738015824,0.7497808383808965,0.7524577379226685,242552000
2015-11-24,0.7524575944058245,0.7651121316818049,0.7490506214532625,0.7585415244102478,195428000
2015-11-25,0.7570813840798133,0.7660855518383539,0.7548911622940092,0.7575680613517761,138300000
2015-11-27,0.7590283896267325,0.7663290726274297,0.7551346804222264,0.7638955116271973,86996000
2015-11-30,0.7646256597337149,0.7753333755876216,0.7638955855609177,0.7719263434410095,327244000
2015-12-01,0.7787403840437933,0.7977221973319656,0.7780103098388114,0.7969921231269836,409496000
2015-12-02,0.7982088415506086,0.8064829381682969,0.7892046707583387,0.79090815782547,294240000
2015-12-03,0.7972353546271319,0.8055094504764914,0.7853108882438368,0.7892045974731445,246656000
2015-12-04,0.7892045980651246,0.8227877749198392,0.7892045980651246,0.8213276267051697,458756000
2015-12-07,0.8210843141209591,0.8210843141209591,0.8033193123257667,0.8057528734207153,333588000
2015-12-08,0.7957753354671429,0.8201109495710661,0.7906648739115231,0.8167039752006531,314488000
2015-12-09,0.8164606831047083,0.821327806203519,0.7877446220093155,0.7960187196731567,372676000
2015-12-10,0.7984521316125577,0.8069696244498527,0.7957752318160013,0.8025892376899719,236596000
2015-12-11,0.7945583218240121,0.8001555170247113,0.788961126623313,0.7906646132469177,227320000
2015-12-14,0.791394787915342,0.7969919838281354,0.7831206343786024,0.7926115393638611,275892000
2015-12-15,0.8016157977670911,0.8079430684582521,0.7972354108381894,0.802345871925354,307296000
2015-12-16,0.8040491355187547,0.8098897271618267,0.7969918506511413,0.807212769985199,236356000
2015-12-17,0.8084295096557358,0.8167036030769165,0.7945582217388966,0.7950448989868164,254160000
2015-12-18,0.7894480318592256,0.7974787899866387,0.781173935006945,0.7821473479270935,395896000
2015-12-21,0.7906647878868346,0.8013724453234267,0.7836074431583349,0.8006423711776733,284216000
2015-12-22,0.8030758360579056,0.8094031058821965,0.796505227554424,0.8013723492622375,130012000
2015-12-23,0.8025893973577928,0.8076998592644454,0.8011292488071249,0.8045362234115601,122524000
2015-12-24,0.8021023103181701,0.8091596532064427,0.8008855010523104,0.807212769985199,52448000
2015-12-28,0.7986954321519133,0.8064827919006348,0.7875010408661685,0.8064827919006348,142024000
2015-12-29,0.8069695856715572,0.8220576869339628,0.8047793633865297,0.819624125957489,203660000
2015-12-30,0.8188940872229756,0.8259514317656925,0.8123234781048394,0.8125668168067932,180344000
2015-12-31,0.8113500128812245,0.8150003252574946,0.8021024465560913,0.8021024465560913,148528000
2016-01-04,0.7857977557677424,0.7928550432854081,0.7797138231952101,0.7877445816993713,358076000
2016-01-05,0.8025894070795215,0.8137838020759925,0.7909082765533706,0.8003991842269897,490272000
2016-01-06,0.787257616568716,0.7909079866515847,0.7582982266537256,0.7673024535179138,449344000
2016-01-07,0.7480770160094122,0.753187532537554,0.7271483887587451,0.7368826866149902,645304000
2016-01-08,0.7463739514590169,0.7471040256611626,0.7196047767894952,0.7210649251937866,398472000
2016-01-11,0.721794957381604,0.7273921539251332,0.7093837546882379,0.7222816348075867,409372000
2016-01-12,0.7351794607024813,0.7451571014679891,0.7293389258767397,0.7344493865966797,469356000
2016-01-13,0.7400466756786994,0.7449138563355947,0.7113306753332919,0.7120607495307922,481672000
2016-01-14,0.6974591899512034,0.7057333432637843,0.6770172904003972,0.6977025866508484,600236000
2016-01-15,0.6697166583457053,0.6777474155642084,0.6483012864228065,0.6597390174865723,841452000
2016-01-19,0.6733669211948011,0.6923487306815865,0.6624158683338608,0.6650928258895874,457140000
2016-01-20,0.6524382817264529,0.6772606254913561,0.6436774511023302,0.6687431335449219,481180000
2016-01-21,0.6760440413276305,0.6869950388014322,0.6621726888957701,0.6765307188034058,481456000
2016-01-22,0.6894284818121055,0.6969725615975118,0.6879683335942416,0.6923487782478333,257996000
2016-01-25,0.692105237410731,0.7001359922427934,0.6901583543486421,0.6916185021400452,270728000
2016-01-26,0.6930788251125706,0.7013529206609913,0.6860214810174262,0.6984326243400574,227944000
2016-01-27,0.6974589879936746,0.6996492095322708,0.6770170943620613,0.6901583075523376,231700000
2016-01-28,0.6957556619026104,0.6981892226100924,0.6692298327848573,0.6826144456863403,276776000
2016-01-29,0.6884549430258006,0.7142506967520915,0.6857780437966804,0.7127905488014221,310504000
2016-02-01,0.712060799597713,0.7166845258127507,0.7059768668643249,0.7130342125892639,289884000
2016-02-02,0.7057335758311891,0.7093838893014472,0.6779909265620687,0.6828580498695374,341908000
2016-02-03,0.688211935576283,0.6923489847470278,0.6704469290086026,0.6862650513648987,326772000
2016-02-04,0.6872381350623854,0.702082895228829,0.6796941146634786,0.6865081191062927,348140000
2016-02-05,0.6818844990474202,0.6894285212436316,0.641243975422261,0.6431908011436462,600428000
2016-02-08,0.6334565639565044,0.6366201993065244,0.6047405070934551,0.6137447357177734,608852000
2016-02-09,0.606443904521466,0.6461109480764912,0.6035236085951923,0.6203151941299438,425372000
2016-02-10,0.6242089759040876,0.642217314839854,0.6154481451183811,0.6188551187515259,335800000
2016-02-11,0.6030368264738009,0.622018632480339,0.6030368264738009,0.6156913638114929,340144000
2016-02-12,0.6254256600735136,0.6273725433835509,0.6023068051537059,0.6261557340621948,340816000
2016-02-16,0.6351599207485481,0.6577920990043806,0.6332130954034284,0.6568186283111572,485352000
2016-02-17,0.6650929001805184,0.6794509282390847,0.6624159423257754,0.6731236577033997,771468000
2016-02-18,0.7283656636543527,0.7539180885779684,0.7276355893976195,0.7310425639152527,1068660000
2016-02-19,0.7271485877455712,0.7473472047545742,0.7215513925063446,0.740776538848877,525628000
2016-02-22,0.7514843685478287,0.775576639876067,0.7500242203423589,0.7670591473579407,449668000
2016-02-23,0.7609754338859962,0.7763068772260909,0.7573250626046959,0.7690061926841736,369380000
2016-02-24,0.7658424468138326,0.7755766914702943,0.7446704124674209,0.7743598818778992,336852000
2016-02-25,0.7772801325414098,0.7799570322575142,0.7621920310074172,0.7760633230209351,349616000
2016-02-26,0.7797137721473028,0.7816605979514729,0.7631655207291476,0.7709529399871826,361964000
2016-02-29,0.7720519486912688,0.7820658823684128,0.7654574013202661,0.7659458518028259,323344000
2016-03-01,0.7678997518828232,0.7998955845832825,0.7666785093340492,0.7998955845832825,348700000
2016-03-02,0.7954994258678766,0.8074673386580483,0.7940339576515997,0.8045364022254944,233812000
2016-03-03,0.8035592031582168,0.8069785891549623,0.7867064401616206,0.7974531650543213,302004000
2016-03-04,0.8035591503508006,0.8042918841922431,0.7889045899860432,0.7950106859207153,175304000
2016-03-07,0.7906144402250688,0.7959878033877387,0.7796234886479899,0.789881706237793,239968000
2016-03-08,0.7818217118680247,0.7864623411696002,0.773028962013693,0.7754713892936707,274940000
2016-03-09,0.7823100304748251,0.7835312147019728,0.764968760239372,0.774982750415802,222788000
2016-03-10,0.7796235034403017,0.7840199074473724,0.7581301668459314,0.7737616896629333,286084000
2016-03-11,0.7852411332961696,0.7871951101461887,0.7759599325127816,0.7869508266448975,277400000
2016-03-14,0.7832871382367994,0.7920798876236403,0.779623468395592,0.7889047265052795,190312000
2016-03-15,0.784752582337249,0.7898816617270922,0.7710749790656122,0.7849968075752258,226216000
2016-03-16,0.779134959145901,0.81113079316192,0.7754712895809914,0.808444082736969,363644000
2016-03-17,0.8055132986680817,0.8094211356807952,0.7906144516868907,0.8016054034233093,353680000
2016-03-18,0.8111307188215476,0.8365319452926995,0.8060015819007612,0.8257852792739868,545512000
2016-03-21,0.8184580508212937,0.8284719836276351,0.8096653023472146,0.8282277584075928,337780000
2016-03-22,0.8255411937541475,0.8326241917421975,0.8165041608705337,0.8267623782157898,242012000
2016-03-23,0.8304261700061848,0.8470346538085042,0.8267624996191643,0.8409286141395569,429008000
2016-03-24,0.8333568075244925,0.8436150234149179,0.8306701555042578,0.842149555683136,244956000
2016-03-28,0.8406841812555543,0.8543617845501282,0.8397072220699536,0.8506981730461121,265388000
2016-03-29,0.8470344387778826,0.8663296287097059,0.8450805205555425,0.8643757104873657,261812000
2016-03-30,0.8675509151143341,0.8853806381644009,0.8670624064180371,0.8734127283096313,376700000
2016-03-31,0.8773207650571644,0.8792746836942178,0.8633989346299862,0.8702377080917358,379884000
2016-04-01,0.8648643749365018,0.8834268938022568,0.8582698265142283,0.8829383850097656,348292000
2016-04-04,0.8902657558920561,0.8949063860692257,0.8709705592699972,0.8743899464607239,393940000
2016-04-05,0.8665739807674411,0.8812285432913323,0.8631545362595556,0.8731685280799866,339568000
2016-04-06,0.8621778077566494,0.8748784553017152,0.8458135477163966,0.8743899464607239,453376000
2016-04-07,0.8687720763064835,0.8765878658461951,0.861689078907675,0.8653526902198792,378104000
2016-04-08,0.8724358363550413,0.8780534247509538,0.8624218440499497,0.8709703683853149,255936000
2016-04-11,0.8760994436300551,0.8907540650213732,0.8734127911871413,0.8763437271118164,387524000
2016-04-12,0.879274703952736,0.880495946803079,0.8582698160761759,0.8753668665885925,292764000
2016-04-13,0.879274517126818,0.8975927483653042,0.879274517126818,0.8973485231399536,350716000
2016-04-14,0.8949059702477611,0.9036987176755253,0.8912423012228412,0.8997908234596252,416564000
2016-04-15,0.8995467202150399,0.9149340157415838,0.8966157845977737,0.9068740010261536,436972000
2016-04-18,0.9051642240004267,0.9051642240004267,0.8941732746876148,0.9029660224914551,307320000
2016-04-19,0.9063854198500685,0.9080951127460427,0.8812284185875173,0.8868460059165955,309152000
2016-04-20,0.8853807294535838,0.8956389472770907,0.8844037701923116,0.8902655839920044,200172000
2016-04-21,0.8905098484364498,0.8946620273856786,0.8853807684150193,0.8892886638641357,178280000
2016-04-22,0.8922196473702031,0.8983256870200207,0.8829383879068718,0.8858693242073059,223540000
2016-04-25,0.8861134634575528,0.8951504385304249,0.8836710361883425,0.8902655839920044,191972000
2016-04-26,0.8956387533526186,0.9058969689550077,0.8870902306452864,0.890998125076294,214536000
2016-04-27,0.8888000862080165,0.9117589483550865,0.8870903930000524,0.9112704396247864,352396000
2016-04-28,0.9056525954612915,0.9110259570486109,0.8819610642587328,0.8841592073440552,381224000
2016-04-29,0.8804958135612069,0.8824497319476,0.8582696861976938,0.8677951693534851,321904000
2016-05-02,0.8760992079658486,0.8846477299586235,0.8719470886774866,0.8792743682861328,256076000
2016-05-03,0.8692606578101738,0.872924269429289,0.861200642369652,0.8687721490859985,224024000
2016-05-04,0.8582696126993808,0.8590023465895441,0.840195665360821,0.84898841381073,525764000
2016-05-05,0.85607166842258,0.8641316848574562,0.8477673684794509,0.8541176915168762,246884000
2016-05-06,0.8526520541108066,0.8651084724363816,0.8509423610527967,0.862910270690918,183240000
2016-05-09,0.8651088359092935,0.8687724487922701,0.8546063896889098,0.8616894483566284,333336000
2016-05-10,0.8670623916327865,0.8797630351994021,0.858758151561716,0.8782975673675537,269676000
2016-05-11,0.880984270354459,0.8905096947168296,0.8760993582122497,0.8807399868965149,328176000
2016-05-12,0.8870903818777455,0.8909982769749768,0.8531406269291302,0.8687721490859985,670540000
2016-05-13,0.9571883638038614,1.001396348579178,0.9525477916588848,1.0009078979492188,2110256000
2016-05-16,0.9933359231874204,1.0453597372437033,0.9901607624675172,1.0304608345031738,973032000
2016-05-17,1.0258201657377153,1.0399862758134788,1.0126310729466608,1.0326590538024902,628392000
2016-05-18,1.025820020406911,1.0710050544175898,1.025820020406911,1.0590370893478394,541072000
2016-05-19,1.0548848640472446,1.071249230834434,1.0534195130906123,1.0636776685714722,398880000
2016-05-20,1.0702724452242713,1.087125265975473,1.0685627522743346,1.0827288627624512,391084000
2016-05-23,1.0873697369495507,1.0915217994246407,1.077844252733817,1.0844388008117676,413636000
2016-05-24,1.0877445299721096,1.114191336470253,1.084805982942699,1.1107629537582397,415788000
2016-05-25,1.1141917602547247,1.1188443252599247,1.0972951667922457,1.1061108112335205,458076000
2016-05-26,1.1080692922277293,1.125945315632027,1.1048858860009416,1.1178643703460693,309964000
2016-05-27,1.1190889428671327,1.1257006156954985,1.1154157004773841,1.1239864826202393,277416000
2016-05-31,1.128883643039869,1.1465148035798476,1.128148948102172,1.1440659761428833,412524000
2016-06-01,1.138679047989624,1.1572896514640267,1.135250782001354,1.1462702751159668,387132000
2016-06-02,1.152392006184767,1.1641461933704704,1.141127654642829,1.1543511152267456,329208000
2016-06-03,1.1430866133623645,1.144555769800833,1.1181090856439748,1.1381889581680298,461076000
2016-06-06,1.1411273421928607,1.149942980168345,1.1264347290002308,1.1323118209838867,322512000
2016-06-07,1.139169159247485,1.1455359744946227,1.1340267584940107,1.1345164775848389,193400000
2016-06-08,1.1347606696546835,1.1389236297778143,1.1215373278476586,1.130842685699463,234616000
2016-06-09,1.1269247972509195,1.1619421467138067,1.1244759694964757,1.1602280139923096,472168000
2016-06-10,1.1465149687266782,1.1567997652037303,1.1298632433497147,1.131332516670227,400024000
2016-06-13,1.1325568633928265,1.1680640468717782,1.1325568633928265,1.1457802057266235,475588000
2016-06-14,1.1430867273648777,1.1533715240590416,1.1303531028293194,1.147984266281128,298344000
2016-06-15,1.1575345696343593,1.1697783594402886,1.1448009441642792,1.1597384214401245,301036000
2016-06-16,1.1511676971209852,1.1663500330572376,1.1399033456952044,1.164391040802002,246456000
2016-06-17,1.165860096619094,1.1661049560094865,1.1394132974258662,1.1440659761428833,471000000
2016-06-20,1.162431926014436,1.179573252399051,1.161697231017079,1.1646357774734497,293768000
2016-06-21,1.169533289078871,1.1727166948722985,1.1558201115200584,1.1575343608856201,212508000
2016-06-22,1.1599830833859945,1.167574308839082,1.1545958261299634,1.1565548181533813,202620000
2016-06-23,1.1675742692292084,1.1886336954911976,1.1668395742662716,1.1874092817306519,297880000
2016-06-24,1.1386790353024971,1.1597384666861936,1.1092937985019744,1.1198234558105469,1017684000
2016-06-27,1.1105177763859637,1.1190885555625638,1.0914173429293366,1.1078242063522339,449088000
2016-06-28,1.1288840223733456,1.1301083197367037,1.1085591681763467,1.1239864826202393,381920000
2016-06-29,1.1337812031061005,1.1511675045924208,1.1308426568314378,1.1423518657684326,318932000
2016-06-30,1.144311101998349,1.1582691413996788,1.1350058591640084,1.1511677503585815,430940000
2016-07-01,1.1448010480493498,1.1597385266806979,1.1386790942075746,1.1425970792770386,218488000
2016-07-05,1.1362300495358602,1.161452438511682,1.1271696670010816,1.1594934463500977,371084000
2016-07-06,1.1514125238840942,1.1736963666672333,1.1455354305186172,1.1668397188186646,273104000
2016-07-07,1.174675652132861,1.2013673114805743,1.169288395090447,1.197204351425171,395400000
2016-07-08,1.2099383023503505,1.2510777282002594,1.2052856222383634,1.2452006340026855,481932000
2016-07-11,1.2630765236187358,1.2831563986926344,1.261607250227165,1.2738511562347412,448776000
2016-07-12,1.2880539260915713,1.3047055338471745,1.2718919203956236,1.2929514646530151,436760000
2016-07-13,1.2954004191435804,1.3027467867504563,1.2905028796611806,1.29246187210083,324604000
2016-07-14,1.299318822456718,1.3174397110721312,1.2885441863872333,1.3056855201721191,316892000
2016-07-15,1.2890335132208888,1.2963798802982078,1.2694433567034291,1.2905027866363525,428616000
2016-07-18,1.306419971138539,1.3083789636666117,1.2922170709685368,1.297114610671997,252992000
2016-07-19,1.2963798587273598,1.3157251554814406,1.2939310308201526,1.3105827569961548,382652000
2016-07-20,1.3149902380163463,1.334825367057349,1.3096029810047212,1.3277238607406616,296460000
2016-07-21,1.3247857557276939,1.3289487171459435,1.2988287828410647,1.3032366037368774,361308000
2016-07-22,1.3078891764776273,1.3387436866760254,1.298338957039248,1.3387436866760254,315768000
2016-07-25,1.3468245474714184,1.366659563466654,1.3409474537988106,1.3634761571884155,312528000
2016-07-26,1.3754751412353854,1.3938408829747442,1.3735161490227206,1.3867394924163818,514508000
2016-07-27,1.398738605666972,1.4011874338294532,1.36445582875811,1.3727816343307495,446676000
2016-07-28,1.3759648835438252,1.386004820975538,1.3715570634153145,1.3757200241088867,221916000
2016-07-29,1.3808628397568372,1.4019222754894654,1.3561302778572533,1.3982491493225098,409588000
2016-08-01,1.4041257630196837,1.4092681612430111,1.3801277878776206,1.3891881704330444,301120000
2016-08-02,1.3958003083685715,1.3965350036554172,1.3590688134903786,1.372292160987854,282748000
2016-08-03,1.370577978362939,1.3786589256280548,1.362986750093718,1.3759652376174927,299828000
2016-08-04,1.3825763433468363,1.4077987295424865,1.3798827732090109,1.401431918144226,272712000
2016-08-05,1.4175943332053869,1.4259201396454597,1.41073780046257,1.4251855611801147,371588000
2016-08-08,1.4447751861935167,1.4482034512948192,1.4232259244617256,1.438408374786377,305064000
2016-08-09,1.4455100748815766,1.4560398486115298,1.4384086837558634,1.4420818090438843,372344000
2016-08-10,1.45481543639942,1.4570192882216588,1.4281237712491819,1.4327764511108398,375740000
2016-08-11,1.4403677724872712,1.4680388772569146,1.4374292253536434,1.4619169235229492,681064000
2016-08-12,1.5157896248541591,1.552031386389438,1.4846902612272814,1.5437055826187134,1425744000
2016-08-15,1.5454200923920562,1.5549703123096192,1.5214221128633003,1.5422366857528687,573304000
2016-08-16,1.5400323596934158,1.54248107040317,1.5282782914002495,1.5329309701919556,287652000
2016-08-17,1.5329313121906816,1.5363595780091,1.4854250760976326,1.4974240064620972,595212000
2016-08-18,1.495220326230558,1.5231362916456952,1.4893432317151352,1.5206875801086426,331684000
2016-08-19,1.519952594725102,1.5361144847903636,1.5133409230408168,1.5246052742004395,291560000
2016-08-22,1.5292581094021476,1.533176210985567,1.5111372252826647,1.5309722423553467,244748000
2016-08-23,1.546550578960426,1.55341974585514,1.538945363051721,1.5433613061904907,339764000
2016-08-24,1.5487587044567457,1.5494946365343603,1.5124500313812472,1.5195645093917847,298448000
2016-08-25,1.5200549251612239,1.5207908570826536,1.4906155426333019,1.5095057487487793,406032000
2016-08-26,1.5134315927055135,1.530359202562544,1.5014104313161967,1.5217727422714233,300024000
2016-08-29,1.5279056481744862,1.5340387659247405,1.5183378300682153,1.5207910537719727,274652000
2016-08-30,1.5188283614788702,1.5269241980908221,1.507788563011351,1.511959195137024,285544000
2016-08-31,1.5149035818127126,1.5190740981261959,1.5004291961152594,1.5048450231552124,388544000
2016-09-01,1.5060713360989213,1.5548916685247316,1.5048446657761405,1.5492491722106934,428492000
2016-09-02,1.5524388484272904,1.5541561405329163,1.5166209079593795,1.5340391397476196,323148000
2016-09-06,1.5394359756160798,1.5485130548477173,1.5315854496713424,1.5485130548477173,306812000
2016-09-07,1.5436065544471622,1.5512117700483257,1.5168658199819198,1.5256975889205933,397988000
2016-09-08,1.5242257799177774,1.5391909021411712,1.506807550742571,1.5367375612258911,315808000
2016-09-09,1.519809765204987,1.5283962233815236,1.4474378549121227,1.4601949453353882,697760000
2016-09-12,1.4408140094896926,1.4933142355524662,1.4062226319043274,1.490370273590088,598260000
2016-09-13,1.4866903167447767,1.5038633494777949,1.4604402048237024,1.4687813520431519,471768000
2016-09-14,1.4722159302231606,1.4866903117256587,1.4599495785824579,1.4817837476730347,319048000
2016-09-15,1.4842368622339572,1.5396810392861073,1.480802162636467,1.5379637479782104,515212000
2016-09-16,1.5433609108211062,1.5517020566252897,1.5239799684889725,1.5416436195373535,902444000
2016-09-19,1.5578358406738348,1.6010136826107153,1.550721362408992,1.5620064735412598,417128000
2016-09-20,1.5799153344400285,1.5799153344400285,1.5391908362402293,1.5477772951126099,331112000
2016-09-21,1.5524383419368524,1.5941441942926042,1.552193031284904,1.5912002325057983,336212000
2016-09-22,1.6005229782774515,1.6054295429945646,1.5860485948147087,1.595125675201416,308732000
2016-09-23,1.5970888353027357,1.6017499736355079,1.5862943431542469,1.5934088230133057,276132000
2016-09-26,1.5752541350376703,1.58482195396183,1.5585718380845504,1.5784434080123901,230040000
2016-09-27,1.5723098585085107,1.6348686350520827,1.5715739265760764,1.6324152946472168,402752000
2016-09-28,1.6348689346843663,1.6395301887225404,1.6174505889589221,1.638303518295288,319788000
2016-09-29,1.635604704639042,1.658665661855126,1.6203943905865654,1.6535136699676514,336684000
2016-09-30,1.662590990935847,1.6974276815421783,1.652777861719193,1.6809906959533691,429932000
2016-10-03,1.680990417761569,1.7052779261006392,1.676329164607803,1.679273009300232,242596000
2016-10-04,1.6817268503951497,1.7099395713784609,1.6630818322288448,1.675593614578247,281624000
2016-10-05,1.6898222904965663,1.7069953233385307,1.6687240531670353,1.6738759279251099,305440000
2016-10-06,1.6537592038243998,1.6640629542976544,1.6255463698906325,1.6520419120788574,360212000
2016-10-07,1.6630812068218377,1.6674971489871877,1.6353591176947013,1.6400203704833984,286260000
2016-10-10,1.6486070311587373,1.6574389165820322,1.6306980666401663,1.6461538076400757,287876000
2016-10-11,1.6407564735623443,1.6432096968585963,1.6098449943649664,1.6223567724227905,388540000
2016-10-12,1.615732876278411,1.638303091541023,1.6022398560385644,1.6297166347503662,419920000
2016-10-13,1.6105812018410188,1.6142610956386214,1.562742114545328,1.6032212972640991,390116000
2016-10-14,1.6228479157481053,1.633887716586948,1.6093548908238202,1.6189227104187012,330636000
2016-10-17,1.6186770247917814,1.633887338147399,1.6073919158564154,1.6095998287200928,195328000
2016-10-18,1.6319247108427597,1.643455130254371,1.6253008553718704,1.6341326236724854,269372000
2016-10-19,1.6230934611683359,1.6383037791502055,1.6147521945202872,1.630698561668396,199060000
2016-10-20,1.6498336811349834,1.6670067134814397,1.6265275315763827,1.661609411239624,312084000
2016-10-21,1.6557218959858333,1.6598924117445835,1.6412475122136623,1.6569485664367676,279508000
2016-10-24,1.668233615669596,1.7366802099582062,1.667988188003079,1.734717607498169,339836000
2016-10-25,1.7317732656778952,1.7737244251051494,1.7234321193149873,1.7631752490997314,397460000
2016-10-26,1.7484558488069257,1.789671083186635,1.7467385571229148,1.7702901363372803,333792000
2016-10-27,1.7837830609853405,1.7872176441643752,1.7268668939095762,1.7339813709259033,388664000
2016-10-28,1.7423233264050226,1.7688187597154423,1.7278489389901697,1.731038212776184,290856000
2016-10-31,1.7366797887311203,1.7572874020175093,1.7356984292482636,1.745756983757019,252388000
2016-11-01,1.7521356880111558,1.7617035051617198,1.675347840158945,1.6939928531646729,473224000
2016-11-02,1.70699507693099,1.730055913175435,1.6839341237048464,1.6868780851364136,295848000
2016-11-03,1.6947290883172414,1.696201069448509,1.634868951245377,1.6672523021697998,309664000
2016-11-04,1.6562124642835745,1.6861425906255996,1.6333969327435227,1.6576844453811646,328780000
2016-11-07,1.7062591715382136,1.7594954414595827,1.7050325013416436,1.7484556436538696,487580000
2016-11-08,1.7550793724265068,1.7607219847349576,1.729565312670935,1.745756983757019,429884000
2016-11-09,1.698408689462517,1.7393786094104216,1.6858970274791971,1.7163176536560059,456532000
2016-11-10,1.7538527190400337,1.7540980296512996,1.6378123772293787,1.662590503692627,869280000
2016-11-11,1.9506064601897126,2.1777805054864787,1.9258282121825714,2.158154249191284,2175344000
2016-11-14,2.161099422890332,2.1635527647938257,2.051437660196071,2.0519282817840576,1348796000
2016-11-15,2.0678732102390343,2.1453969865554736,2.0590413254279,2.114485740661621,626092000
2016-11-16,2.142699395422341,2.2707607286992726,2.118411876977042,2.2479453086853027,987984000
2016-11-17,2.26462668403364,2.325468169156217,2.223902075534499,2.266589403152466,832988000
2016-11-18,2.2665900214801447,2.3141835749701913,2.252115636675008,2.290386915206909,576060000
2016-11-21,2.308295989236839,2.314674535949806,2.2668353186208052,2.281064510345459,436436000
2016-11-22,2.288914153036366,2.2997085230949827,2.266343936394957,2.2975006103515625,330368000
2016-11-23,2.302660309278451,2.340251725836745,2.2793193837209693,2.308802843093872,443236000
2016-11-25,2.31985965161683,2.3365669253011703,2.2950441847488516,2.313471555709839,195564000
2016-11-28,2.3063455315406487,2.3277210309660084,2.299711642739969,2.312242269515991,278736000
2016-11-29,2.309539554121712,2.3203503189490724,2.2734224426194944,2.2911124229431152,444568000
2016-11-30,2.2997115874308665,2.313470720480311,2.262857327441851,2.2653143405914307,440500000
2016-12-01,2.262858219960033,2.2645780829803543,2.0827632558459794,2.15327787399292,1035524000
2016-12-02,2.1191260146603836,2.181778464081036,2.0913624132908195,2.1731791496276855,478292000
2016-12-05,2.211016192752038,2.2753885067965265,2.186692316508916,2.2574527263641357,602284000
2016-12-06,2.265560693811346,2.3029065569447975,2.249836132192722,2.294552803039551,498796000
2016-12-07,2.281039448903748,2.341480440544745,2.2628578752346,2.335829496383667,480804000
2016-12-08,2.3387779906810446,2.3739123987062416,2.2861991590428943,2.2967638969421387,381544000
2016-12-09,2.314454890330919,2.3161747537565605,2.228707045616505,2.255979299545288,382312000
2016-12-12,2.20757618245106,2.2100331961341038,2.1508204785295875,2.201188087463379,601332000
2016-12-13,2.2134720804785966,2.267525189397581,2.2124893691042833,2.240007162094116,387796000
2016-12-14,2.273668949413853,2.385952114285239,2.2498364259050923,2.3697361946105957,983980000
2016-12-15,2.3807922890331707,2.4554840250059673,2.373421480361986,2.4252634048461914,746548000
2016-12-16,2.4527807475290047,2.4741562526166447,2.4011846280476785,2.467031240463257,1089528000
2016-12-19,2.4495871667663973,2.5171534173556926,2.4323883016074457,2.497006416320801,744656000
2016-12-20,2.5694854651154384,2.607568229888157,2.5581833457471284,2.583981513977051,848056000
2016-12-21,2.595529798345775,2.60314639993633,2.5481105604546603,2.6001980304718018,576136000
2016-12-22,2.624522577676849,2.674890197983796,2.6173973301126083,2.631647825241089,718612000
2016-12-23,2.613711848030521,2.6987227611526747,2.6110092729165464,2.6972484588623047,647692000
2016-12-27,2.753266816563446,2.8834855060920033,2.7326282280158845,2.882502794265747,1194272000
2016-12-28,2.9385210922961225,2.9466290499313517,2.6704671344638053,2.6842260360717773,2295764000
2016-12-29,2.577347527039417,2.7392610713564145,2.5257514268672825,2.7377867698669434,2175368000
2016-12-30,2.735823543838627,2.7498282476661617,2.611747102497826,2.6225576400756836,1212932000
2017-01-03,2.5650635400069537,2.6134657267218895,2.4417243084924958,2.5063424110412598,1501996000
2017-01-04,2.540492851587638,2.5920889432581005,2.4945477012971726,2.56481671333313,1199220000
2017-01-05,2.56825808502203,2.5999527703955954,2.4827558215837606,2.499708890914917,984296000
2017-01-06,2.5269802448316225,2.561377727291018,2.486440463578686,2.5331227779388428,822856000
2017-01-09,2.542951140887124,2.6535141830314055,2.542951140887124,2.635823965072632,916248000
2017-01-10,2.648846117769316,2.6827520195262293,2.59528433893534,2.6159229278564453,880920000
2017-01-11,2.604375006721751,2.6092887998087964,2.5589211905195324,2.5837364196777344,525664000
2017-01-12,2.5608870466474247,2.57243473075697,2.4967602962585236,2.5414769649505615,625616000
2017-01-13,2.545408036234708,2.579805527622623,2.5321404893184205,2.541231393814087,457820000
2017-01-17,2.5306668185709897,2.535580612789395,2.4709627309248807,2.4842302799224854,580612000
2017-01-18,2.4628542542193763,2.5363172314299356,2.435090654920114,2.529437780380249,654424000
2017-01-19,2.5323860986338063,2.615676894841562,2.5301748800289494,2.5837364196777344,644872000
2017-01-20,2.6063396689234493,2.6240298812224663,2.533613865419458,2.555480718612671,492024000
2017-01-23,2.5503222600549873,2.601918383946501,2.547865245985449,2.582016944885254,369904000
2017-01-24,2.5920907763627556,2.6431955485297687,2.577348925040049,2.6370530128479004,428052000
2017-01-25,2.6793118183337445,2.6854543520534233,2.6124827385222997,2.6483542919158936,522760000
2017-01-26,2.651056851359519,2.701424456011093,2.6215733926108196,2.6940536499023438,458800000
2017-01-27,2.7009336460535134,2.7490900420365225,2.6743985512481556,2.7461416721343994,471996000
2017-01-30,2.725257204859176,2.7274684234500004,2.651302873731205,2.7031445503234863,496004000
2017-01-31,2.6768546648240745,2.7038811064701336,2.6584273005556525,2.6825056076049805,362756000
2017-02-01,2.716903215846679,2.8038795244912844,2.699213234344341,2.7997028827667236,590004000
2017-02-02,2.78373292272414,2.8436827945949004,2.7532667480447266,2.835083246231079,483240000
2017-02-03,2.836557456779612,2.84761378429141,2.7984746810799326,2.810267925262451,372744000
2017-02-06,2.800932069877884,2.8827488175398073,2.800932069877884,2.8822574615478516,506768000
2017-02-07,2.9164086093953348,2.9709530974774574,2.896752967567473,2.926973581314087,746224000
2017-02-08,2.9090373804205716,2.9313955936054192,2.859406692835975,2.9141969680786133,449580000
2017-02-09,2.920339528084371,2.9252535554242383,2.840242897542536,2.8594069480895996,842568000
2017-02-10,2.9466288800161626,2.9655473686362037,2.766533959725165,2.791594982147217,1651092000
2017-02-13,2.7859450522190956,2.8004411104465183,2.658428898855309,2.662851572036743,1180724000
2017-02-14,2.653268626550332,2.7063390508858034,2.6115003259794864,2.6726787090301514,850632000
2017-02-15,2.6756271169260923,2.6977395402064492,2.6476177193983848,2.678083896636963,373020000
2017-02-16,2.6876660850769816,2.688894592056141,2.5960215263926893,2.635087251663208,647176000
2017-02-17,2.621573643241268,2.6390180656735533,2.574645759241575,2.6345953941345215,563740000
2017-02-21,2.659165642972469,2.7328744301351278,2.6589198478224283,2.728943347930908,551952000
2017-02-22,2.740997392528268,2.750345641660544,2.705818405612707,2.7247610092163086,433772000
2017-02-23,2.595361181442254,2.6172556352373433,2.452185863332219,2.4721121788024902,1592888000
2017-02-24,2.387978431078259,2.5092593073768668,2.3542756132229297,2.4959750175476074,1029904000
2017-02-27,2.514179555034169,2.583553095169672,2.498435150591279,2.568546772003174,715400000
2017-02-28,2.5781409949146252,2.5879814533745265,2.479246780408931,2.496467113494873,625360000
2017-03-01,2.5532941151158925,2.567562590338931,2.4873646473558892,2.528693675994873,504804000
2017-03-02,2.5159010287587087,2.5299233968445236,2.432751006596609,2.4354569911956787,754332000
2017-03-03,2.4248796613180583,2.4297996561416397,2.367068138527173,2.421435594558716,864692000
2017-03-06,2.385272372570663,2.413317113908869,2.341237356713993,2.4027388095855713,883568000
2017-03-07,2.4027389378502355,2.448495989322442,2.3899466237088065,2.4290614128112793,603400000
2017-03-08,2.4772786898509334,2.4920391432176756,2.4224194936075554,2.424633502960205,638712000
2017-03-09,2.408643344596032,2.446528079971666,2.396096899968721,2.4241416454315186,478060000
2017-03-10,2.450463315088414,2.4622714387265456,2.42020457303624,2.438408851623535,499740000
2017-03-13,2.4487418919439135,2.5154094423751507,2.44800381071738,2.5055692195892334,774136000
2017-03-14,2.5183619476260257,2.5277099613949283,2.4716207057342334,2.503847599029541,522016000
2017-03-15,2.515410558682613,2.5336148498802156,2.4679312221951797,2.5227906703948975,615036000
2017-03-16,2.5333679845366004,2.554278488353498,2.519345613561585,2.553786277770996,523100000
2017-03-17,2.571252750433401,2.6106138787416953,2.5537863127978806,2.6093838214874268,1119688000
2017-03-20,2.6268503607299056,2.696470008670259,2.6108598504153324,2.6925337314605713,748568000
2017-03-21,2.6753127912979444,2.7050795612626053,2.597574970495359,2.6054470539093018,913484000
2017-03-22,2.5943771608322623,2.6632589566821667,2.5904411185404053,2.6585848331451416,616764000
2017-03-23,2.6507128047821245,2.670639358321993,2.6248823044614147,2.63447642326355,533940000
2017-03-24,2.680727042881441,2.6885991323082803,2.617995494464732,2.6438260078430176,439500000
2017-03-27,2.5973296105520522,2.6669492626697946,2.548128488573153,2.663013219833374,506644000
2017-03-28,2.6642432419047317,2.6787575902918843,2.638904717208491,2.6492369174957275,432444000
2017-03-29,2.6566169448882717,2.6689172834919868,2.638412659595463,2.6406266689300537,349992000
2017-03-30,2.6477604514204383,2.7060639436038483,2.6421023759033133,2.6913034915924072,525532000
2017-03-31,2.6817097597721022,2.7033583476353713,2.6667034349224865,2.679741621017456,440808000
2017-04-03,2.6802342182903685,2.697454555092104,2.6425951134659424,2.6662118434906006,445232000
2017-04-04,2.543700894283014,2.5687935527938324,2.4684231533600545,2.4792473316192627,1271280000
2017-04-05,2.460549535715075,2.5183610385218698,2.4477572251425337,2.4607956409454346,747048000
2017-04-06,2.465962207415338,2.490808752195363,2.420943006635033,2.4787545204162598,635120000
2017-04-07,2.4851508263648068,2.5026172638052584,2.453170041939292,2.4681763648986816,429068000
2017-04-10,2.4689140268028047,2.475556053242162,2.4010164270806094,2.405198574066162,756332000
2017-04-11,2.3751862504537433,2.4329977713229933,2.370266255793701,2.413809299468994,618148000
2017-04-12,2.4138095450772874,2.4280777891136123,2.3887168893904707,2.393882989883423,414092000
2017-04-13,2.369774043659178,2.391422393381388,2.349109411239624,2.349109411239624,506892000
2017-04-17,2.3619016268698814,2.441361488415217,2.3567355276309656,2.441115617752075,497292000
2017-04-18,2.426846552756725,2.448741236144527,2.401016062839908,2.4425909519195557,370116000
2017-04-19,2.460058910052098,2.484167382265553,2.4455445587290385,2.4521868228912354,380828000
2017-04-20,2.4667006774932543,2.4957293742938464,2.445544066268318,2.4910552501678467,404016000
2017-04-21,2.4807217774796513,2.5040923883328166,2.4689136540559633,2.5013864040374756,341896000
2017-04-24,2.532875360540373,2.545667672190041,2.51196509474586,2.5326294898986816,371820000
2017-04-25,2.547144961761511,2.5911799908799704,2.525742475992788,2.5766656398773193,388440000
2017-04-26,2.590195513857343,2.5926553939114743,2.556984669727375,2.558952808380127,327004000
2017-04-27,2.5663324324643293,2.607169248953976,2.548374021113172,2.5988051891326904,319700000
2017-04-28,2.591917806020828,2.5988059400791177,2.560182886754388,2.5658411979675293,348248000
2017-05-01,2.5766653995459357,2.6285727454194583,2.5695311600852895,2.623406410217285,307732000
2017-05-02,2.5965915101706036,2.597821567426102,2.5230355877921697,2.545668125152588,629972000
2017-05-03,2.538779986591346,2.574204837799237,2.524019768776893,2.564610719680786,336904000
2017-05-04,2.570761224387928,2.581831507004431,2.5468986256194412,2.5547709465026855,209788000
2017-05-05,2.543208864246514,2.5621512344508495,2.527710326742568,2.5550169944763184,228428000
2017-05-08,2.5668243872850383,2.5683003150262858,2.5168851955937694,2.5282015800476074,365240000
2017-05-09,2.5338596042461474,2.5813386808088157,2.525495310051646,2.532383441925049,847672000
2017-05-10,2.811601114419397,2.9968436016762205,2.804959085314321,2.9838051795959473,2129096000
2017-05-11,2.9532996661865973,3.2086537136439213,2.949855599991065,3.111973285675049,1939792000
2017-05-12,3.1151711625379646,3.18823486099551,3.09426066222867,3.146167755126953,962620000
2017-05-15,3.187251006687837,3.306563727037142,3.182822754318705,3.3041036128997803,1087540000
2017-05-16,3.355027763284398,3.3811046055977965,3.280734217818438,3.3656060695648193,1120700000
2017-05-17,3.2989377164355833,3.317634209651921,3.1378039842997927,3.141986131668091,1271368000
2017-05-18,3.1857752248201083,3.2824556574017287,3.1255038289132555,3.27359938621521,1156032000
2017-05-19,3.374568800702876,3.4038742035014646,3.329994902578579,3.349203586578369,1018372000
2017-05-22,3.392792521115781,3.434903713556217,3.3819567086119227,3.4206204414367676,836608000
2017-05-23,3.440321249668926,3.442537590897353,3.342061498070772,3.374568462371826,681248000
2017-05-24,3.4713501488358234,3.4740592188272266,3.4004258274917563,3.4124929904937744,815996000
2017-05-25,3.447708870950609,3.4484477295896454,3.3600385728126874,3.4048588275909424,608228000
2017-05-26,3.3967319590813596,3.5777365834344166,3.3765382909423374,3.4930214881896973,779140000
2017-05-30,3.5388266907728227,3.6026092585689313,3.52281957513042,3.5676398277282715,989652000
2017-05-31,3.612459933020621,3.620094179153557,3.4981930752321353,3.5548341274261475,887316000
2017-06-01,3.570595275863366,3.5715804990863886,3.509767899387474,3.5550806522369385,503340000
2017-06-02,3.552124987078774,3.5782290542240065,3.53143882495269,3.537349224090576,487456000
2017-06-05,3.5210955318046135,3.6577723880673605,3.509521098713628,3.6449666023254395,817376000
2017-06-06,3.6402878851713822,3.6863394920807755,3.6151690403630994,3.628467321395874,758728000
2017-06-07,3.652847673825219,3.6910186714007622,3.6373330512050077,3.672302484512329,612612000
2017-06-08,3.779181618403672,3.9402389552156487,3.738055419401065,3.9387614727020264,1161744000
2017-06-09,4.056967542765911,4.1495629950746755,3.5154307911411222,3.684122323989868,3692928000
2017-06-12,3.592512937863152,3.7358390752595,3.499671093252213,3.693235158920288,1697532000
2017-06-13,3.8023305456195797,3.8114425099218288,3.5868487245161536,3.7284512519836426,1672504000
2017-06-14,3.7314058102272507,3.793957022428611,3.657033800345804,3.736330986022949,1184640000
2017-06-15,3.6191090078591093,3.7826287930745965,3.60778070405063,3.752338409423828,963824000
2017-06-16,3.761943599026353,3.8097190622078716,3.699884863741688,3.7338693141937256,924960000
2017-06-19,3.7779503833893173,3.8794117012322062,3.7742565595617723,3.8742401599884033,778176000
2017-06-20,3.9163503039125853,3.983088062948895,3.864388540814429,3.868574857711792,1095444000
2017-06-21,3.8961574816238085,3.9308807860218438,3.8343448846198918,3.9271867275238037,682652000
2017-06-22,3.935312684859292,3.9486111988620407,3.8762091697967085,3.900096893310547,469132000
2017-06-23,3.907731025674152,3.923492009540659,3.7732702861875858,3.788292646408081,1088588000
2017-06-26,3.821046963502574,3.8565091299188716,3.6528480962717063,3.7469213008880615,1063960000
2017-06-27,3.7294362379549546,3.73805547321653,3.6040874276011583,3.6097514629364014,999492000
2017-06-28,3.6772274679333052,3.7417488913773376,3.58931081360051,3.737069845199585,994948000
2017-06-29,3.708750235728438,3.7117052009276175,3.548185383745151,3.6122143268585205,1064424000
2017-06-30,3.629452025797201,3.642996670265678,3.5339013605165364,3.5600054264068604,731060000
2017-07-03,3.572072747785073,3.586848511692932,3.412739265058736,3.431209087371826,709072000
2017-07-05,3.494498403651204,3.551631939945988,3.4755360913215254,3.5228190422058105,820188000
2017-07-06,3.493760401941151,3.580199345405174,3.441798396122879,3.5334088802337646,746284000
2017-07-07,3.590049335148832,3.6324068763909785,3.567146600504094,3.614183187484741,654972000
2017-07-10,3.6875709890259074,3.792479758989265,3.6614669200732775,3.7850918769836426,958492000
2017-07-11,3.7887857478005387,3.846411788246531,3.7469206937475423,3.838777542114258,757956000
2017-07-12,3.8983734670458556,4.014117804477411,3.855523425747513,4.002050876617432,1145208000
2017-07-13,4.014117266165911,4.095384655956342,3.9094548823963935,3.9557526111602783,1369132000
2017-07-14,3.972007217057032,4.063617712498059,3.965111828675079,4.062140464782715,941948000
2017-07-17,4.096123556842508,4.124936690247729,3.983334198070452,4.044900417327881,930792000
2017-07-18,3.9840723476556494,4.101540966197325,3.9722515529921343,4.087011337280273,776640000
2017-07-19,4.096124432602658,4.122474866505804,4.053767116463618,4.065834045410156,687044000
2017-07-20,4.086274514552628,4.125184140847944,4.036529076132213,4.124938011169434,699596000
2017-07-21,4.104497962034511,4.169265765479871,4.090214455601973,4.139713764190674,648332000
2017-07-24,4.146856030532826,4.156460255453872,4.081103234251092,4.0916924476623535,652524000
2017-07-25,4.068789402156191,4.086274473128825,4.028402058772977,4.071990966796875,496556000
2017-07-26,4.129369741588707,4.184779437827564,4.084303126019368,4.1190266609191895,640404000
2017-07-27,4.143901181450148,4.155475854701869,3.880151335079843,3.9830901622772217,782856000
2017-07-28,3.947380321870892,4.072729360478066,3.9225078406095464,4.048348903656006,513348000
2017-07-31,4.06189325665702,4.097847910606802,3.9555070120146567,4.002050876617432,559672000
2017-08-01,3.9926927579157074,4.0525351375669185,3.964865079071919,4.050811290740967,431384000
2017-08-02,4.081841324294483,4.085781277513314,3.9715146490450417,4.048348903656006,478444000
2017-08-03,4.047857639209811,4.103513484665528,4.030865295066421,4.099819660186768,442420000
2017-08-04,4.122473801289962,4.188226569375116,4.099817666591106,4.117794990539551,589096000
2017-08-07,4.146855293656474,4.244868441857209,4.137250600728978,4.244376182556152,717412000
2017-08-08,4.28229995565336,4.298799563471838,4.154734835063791,4.1938910484313965,755336000
2017-08-09,4.147839818293603,4.240928014512272,4.129123633258059,4.238465309143066,530784000
2017-08-10,4.239697438550463,4.252010968334462,4.046872212293063,4.056969165802002,1328088000
2017-08-11,3.869807102919632,3.9156123486089913,3.765637188238789,3.840747833251953,1497196000
2017-08-14,3.9321134419757606,4.150796657659842,3.920539003340591,4.1471028327941895,1279020000
2017-08-15,4.152273766593007,4.178377605985298,4.07790173272504,4.112132549285889,764532000
2017-08-16,4.127153257098159,4.150548251270074,4.034803928406367,4.06706428527832,596632000
2017-08-17,4.058691851512568,4.075683719239546,3.9742228932482884,3.9764389991760254,525444000
2017-08-18,4.030618542421544,4.047610883938748,3.9313735636881906,3.9771788120269775,601204000
2017-08-21,4.001558664559352,4.012886733949462,3.8754710097611156,3.9193060398101807,623672000
2017-08-22,3.955786184888933,4.0124768836128215,3.936560588393784,4.006561279296875,450456000
2017-08-23,3.973285690816658,4.097758757496956,3.964658397758096,4.086667060852051,579520000
2017-08-24,4.118709437735313,4.123146492450236,4.04525827038042,4.07163143157959,469700000
2017-08-25,4.095787391581279,4.105893233617583,4.031208917191864,4.0376176834106445,357200000
2017-08-28,4.056596161480304,4.069413222104093,4.001137680884426,4.066208839416504,389496000
2017-08-29,4.0075463430784,4.08124432223607,3.999412213408034,4.059553623199463,324096000
2017-08-30,4.079272185477017,4.0948009359133435,4.048955133937936,4.083709239959717,384400000
2017-08-31,4.103920107344961,4.180329300780093,4.096525957412655,4.176385879516602,612684000
2017-09-01,4.188958301131772,4.23702217580169,4.180331005814391,4.201528549194336,445432000
2017-09-05,4.150260249254813,4.155189997921995,4.031456409212001,4.08937931060791,695364000
2017-09-06,4.12216182008233,4.135964740597152,4.052160891648545,4.086914539337158,397672000
2017-09-07,4.103674130978046,4.138181420776897,4.0657161121993095,4.105892658233643,352868000
2017-09-08,4.094308108371186,4.109096880811328,4.01050428099938,4.034659385681152,498856000
2017-09-11,4.080258330420082,4.176139698039046,4.074835420778974,4.16554069519043,567444000
2017-09-12,4.190189001927365,4.190189001927365,4.115505169124068,4.180576324462891,411488000
2017-09-13,4.155435727449726,4.228147864053184,4.123146959764327,4.199309825897217,580960000
2017-09-14,4.160362769376612,4.253286529999063,4.135961332183152,4.175398349761963,513712000
2017-09-15,4.260682739411377,4.439382076263428,4.255506645978332,4.439382076263428,1364792000
2017-09-18,4.563362212240933,4.712730345436688,4.5564607546783895,4.6227641105651855,1684460000
2017-09-19,4.572482878048468,4.679455956329136,4.550545830313191,4.617835521697998,874280000
2017-09-20,4.621533013532898,4.668857372433986,4.540440397664032,4.5806169509887695,724920000
2017-09-21,4.477092597823015,4.5032198747177725,4.377760522599633,4.455402374267578,1075600000
2017-09-22,4.444064996457335,4.493607868316694,4.402163090762314,4.412022113800049,491232000
2017-09-25,4.381212030186589,4.382444701931201,4.194132702184933,4.214837074279785,874580000
2017-09-26,4.349170751522688,4.404136078485692,4.198816728052844,4.238500118255615,1125620000
2017-09-27,4.328713015744183,4.344734462812006,4.25797258434237,4.331424236297607,713720000
2017-09-28,4.3385706639466735,4.3425145553974716,4.28286584166587,4.330190658569336,435244000
2017-09-29,4.413995395407725,4.430016370605665,4.368889096171666,4.4063544273376465,619092000
2017-10-02,4.456388892786132,4.485473739443541,4.362726058358353,4.412022113800049,503480000
2017-10-03,4.418185494840109,4.450967897129129,4.377023084795545,4.421143531799316,390332000
2017-10-04,4.42730535762239,4.480298973762148,4.390825880285539,4.458115577697754,427848000
2017-10-05,4.482516645364483,4.485967374309864,4.42582549395623,4.4556498527526855,437364000
2017-10-06,4.428044990047925,4.482024463272777,4.412023543527492,4.468714237213135,318800000
2017-10-09,4.505438987505107,4.602553028952448,4.486706324991137,4.56952428817749,563492000
2017-10-10,4.718400688712322,4.755866025062479,4.615617830262761,4.656780242919922,974876000
2017-10-11,4.673292502010669,4.707800257449538,4.627447175828024,4.7063212394714355,529508000
2017-10-12,4.70977264134596,4.75931551955687,4.68142730005456,4.708540439605713,528292000
2017-10-13,4.770653890332683,4.806393854904667,4.723822698955535,4.796288013458252,628728000
2017-10-16,4.826112545219716,4.881571031834701,4.763013090665482,4.878612995147705,576640000
2017-10-17,4.8579082352764695,4.902521367394289,4.839668734277744,4.874176025390625,478596000
2017-10-18,4.883049935464462,4.88378897449223,4.764985159892221,4.869986057281494,567316000
2017-10-19,4.792591150196985,4.8803384039268956,4.743541429209646,4.875409126281738,570772000
2017-10-20,4.8924164033890305,4.919529075749701,4.844352068036117,4.8532257080078125,451620000
2017-10-23,4.874916615325976,4.901290252292392,4.826113234163269,4.846324920654297,428696000
2017-10-24,4.855444397096661,4.898825336694842,4.829563923242639,4.89709997177124,407244000
2017-10-25,4.857662009874665,4.910409273425949,4.711991404334285,4.773365020751953,828160000
2017-10-26,4.800971234910292,4.834985363451072,4.77706247731095,4.823400974273682,322744000
2017-10-27,4.875408469962976,4.975726425968318,4.849527532708483,4.975480079650879,572192000
2017-10-30,4.975480985837473,5.07974238241726,4.959705886243587,5.024284362792969,504056000
2017-10-31,5.056081546644549,5.124110297559878,5.050412288182127,5.097490310668945,411908000
2017-11-01,5.160094569907296,5.175376503929651,5.04301566130196,5.107100963592529,502576000
2017-11-02,5.077524054664331,5.122137190452961,5.019600693993222,5.076045036315918,342308000
2017-11-03,5.10710114333277,5.143826961517334,5.06125580977878,5.143826961517334,353640000
2017-11-06,5.107101880869919,5.175623779832591,5.094777980961805,5.166996955871582,389944000
2017-11-07,5.189671993227905,5.24759534009355,5.17759444322321,5.226150989532471,427700000
2017-11-08,5.221716046667525,5.225413592819289,5.108088314347517,5.155412673950195,522988000
2017-11-09,5.059529250250013,5.0856560585518995,4.938753290636475,5.060761451721191,978564000
2017-11-10,5.25203312109238,5.389816419245245,5.216293155512763,5.327456474304199,1253256000
2017-11-13,5.327456576623527,5.352843884486151,5.225659588441793,5.240941524505615,582376000
2017-11-14,5.250060864829348,5.2944276531725345,5.206433585642095,5.27914571762085,529292000
2017-11-15,5.2241794815450895,5.225412153298314,5.121889821974195,5.175622463226318,501948000
2017-11-16,5.249567581938719,5.27963828684844,5.206926163044648,5.215799331665039,441768000
2017-11-17,5.27273612592925,5.307982919522093,5.194601572845647,5.209636688232422,515664000
2017-11-20,5.225165414324046,5.288758020165017,5.188439599633909,5.2766804695129395,396100000
2017-11-21,5.316365533673648,5.336823566394491,5.284569455748084,5.3252387046813965,399176000
2017-11-22,5.352367867811255,5.352367867811255,5.268752365495842,5.3013105392456055,356640000
2017-11-24,5.317591963184642,5.3523702201603385,5.293173086913779,5.351383209228516,180752000
2017-11-27,5.3600153335212015,5.361248391238456,5.278619410587834,5.281826019287109,422896000
2017-11-28,5.287005408645444,5.296378246305685,5.136300453765076,5.197223663330078,512752000
2017-11-29,5.179959259648263,5.182672363477055,4.716744884725683,4.844758033752441,1396788000
2017-11-30,4.9133262217278695,4.999161333144193,4.85042993365987,4.950570583343506,823768000
2017-12-01,4.916038914273341,4.936264632828495,4.747328326065781,4.8758344650268555,811548000
2017-12-04,4.934292949495936,4.940459650722941,4.550747938110795,4.604024887084961,1240844000
2017-12-05,4.498949207198729,4.753001884322961,4.454058571438754,4.630661964416504,981488000
2017-12-06,4.580345092739146,4.689859060043696,4.559132830419592,4.668153762817383,467032000
2017-12-07,4.73475077596875,4.775202229266021,4.68936662021728,4.735490798950195,542600000
2017-12-08,4.785315127936834,4.8043077985927285,4.714772535626296,4.723158836364746,466876000
2017-12-11,4.737216948042068,4.8043068705364815,4.721431360662924,4.801346778869629,372748000
2017-12-12,4.757936978829324,4.781122328823099,4.683694273071402,4.707126140594482,455016000
2017-12-13,4.748069197528499,4.74930225525574,4.584784785886698,4.592184543609619,554280000
2017-12-14,4.5857720652052345,4.67012762320997,4.5532138787023335,4.599338054656982,438164000
2017-12-15,4.643242528119483,4.745110235017027,4.578372674063073,4.724884510040283,670036000
2017-12-18,4.765336041176935,4.884222877643476,4.735737943659035,4.881263256072998,477704000
2017-12-19,4.8718906872578165,4.877070378135126,4.808747385698268,4.8371124267578125,373100000
2017-12-20,4.8763295508767195,4.885455402563136,4.798633730077489,4.854130744934082,288820000
2017-12-21,4.857584952613345,4.882496867856689,4.82330019565389,4.831686496734619,300904000
2017-12-22,4.794932691272047,4.8257643049522505,4.71723689307107,4.816391468048096,466276000
2017-12-26,4.761141543365453,4.8775617603413,4.731296466325032,4.86991548538208,355080000
2017-12-27,4.856596713057989,4.932318972934472,4.842044185256856,4.863255977630615,329488000
2017-12-28,4.886935998174205,4.917767624290388,4.862764108680652,4.868930339813232,240248000
2017-12-29,4.895076532091634,4.895076532091634,4.772736549377441,4.772736549377441,279964000
2018-01-02,4.8289717966898795,4.9207271111997,4.7974006219009935,4.917026996612549,355616000
2018-01-03,5.034186893169818,5.270973980214777,5.025554077176567,5.240635395050049,914704000
2018-01-04,5.3217858543688354,5.378269421100774,5.246063099038484,5.268261909484863,583268000
2018-01-05,5.283061652552235,5.350151121797819,5.206352353375697,5.312906742095947,580124000
2018-01-08,5.436232596375194,5.549692755787042,5.391341473561443,5.475697040557861,881216000
2018-01-09,5.4811231921568115,5.520587635932108,5.392821463925591,5.474216938018799,497000000
2018-01-10,5.381967800637949,5.520586839339292,5.327704315890184,5.517133712768555,582664000
2018-01-11,5.549691790161697,5.581016916627212,5.505540698045821,5.5269999504089355,406032000
2018-01-12,5.515160945900337,5.549445696076352,5.4594174121772205,5.499868392944336,359916000
2018-01-16,5.52626155606833,5.611603203448441,5.344724902735985,5.429080009460449,702348000
2018-01-17,5.443629638990182,5.552650085767064,5.349901740352032,5.542784214019775,538408000
2018-01-18,5.523545728994458,5.590142135856195,5.492467593973574,5.535878658294678,408632000
2018-01-19,5.625908312293248,5.699904024526642,5.599023319560254,5.675732135772705,609380000
2018-01-22,5.683625334380679,5.76576083484544,5.626155229898844,5.764034271240234,550944000
2018-01-23,5.817311693254807,5.9154797795703535,5.798812997620069,5.892787933349609,475228000
2018-01-24,5.895992167473702,5.931756959444365,5.76057974564734,5.816076755523682,579972000
2018-01-25,5.870339306153079,5.913503849412698,5.814842775531314,5.829641819000244,409884000
2018-01-26,5.873301495062536,6.002054207184239,5.860475527353865,6.001807689666748,516356000
2018-01-29,5.987255503575934,6.119708338361881,5.934718571671923,6.088629722595215,455116000
2018-01-30,5.947051083034607,6.078023872790346,5.880454653575084,5.986762046813965,570832000
2018-01-31,6.061990766194626,6.148319411253585,6.029432577356689,6.06273078918457,478576000
2018-02-01,5.883166696214036,6.089862201865626,5.871820775817728,5.932003974914551,519224000
2018-02-02,5.845676094664038,5.869601464981013,5.701877355260887,5.759840488433838,718464000
2018-02-05,5.599023095999776,5.75268771025319,5.056386326444,5.270974636077881,1165204000
2018-02-06,5.041587620203389,5.566958320760447,5.031721274056116,5.563998699188232,1114800000
2018-02-07,5.662658447930693,5.795604278287759,5.591622372278017,5.64341926574707,802932000
2018-02-08,5.7687204549270295,5.801771678249629,5.364949240065885,5.365196228027344,1144000000
2018-02-09,5.876508327451299,5.89229391732831,5.365196633696778,5.724323272705078,1674604000
2018-02-12,5.805224873523904,5.808184965470186,5.550432559935962,5.6244282722473145,1093172000
2018-02-13,5.588168499086285,5.784011068710035,5.555856839125204,5.737886905670166,625524000
2018-02-14,5.697683367088854,5.98355424041519,5.68658396527138,5.954695701599121,744988000
2018-02-15,6.037819511452554,6.126121246790115,5.9571640538764745,6.0799970626831055,698900000
2018-02-16,6.05286503380497,6.166325191511204,6.00526080761794,6.014387130737305,637656000
2018-02-20,6.036832005208266,6.212448907186307,6.033131890461788,6.143632888793945,686240000
2018-02-21,6.208010462272338,6.214916717221253,5.95321764089751,5.9569172859191895,892292000
2018-02-22,5.99072815149534,6.0623017176335185,5.911009745796492,5.976413249969482,534364000
2018-02-23,6.03614134197423,6.069706916809082,5.9855460736450565,6.069706916809082,415300000
2018-02-26,6.115859928993064,6.12030235551838,6.023554242568354,6.085749626159668,469312000
2018-02-27,6.059094943366212,6.143256270978782,6.049963418372065,6.072916507720947,455436000
2018-02-28,6.083774095483895,6.123263058649452,5.961111450692002,5.972711563110352,523116000
2018-03-01,5.9704900571951,6.0242939219818235,5.630144306167082,5.731088161468506,1040120000
2018-03-02,5.623727620192027,5.844372679038136,5.475397090045217,5.837955474853516,913428000
2018-03-05,5.787853502345341,5.8554784572158525,5.664697046299793,5.8159894943237305,620776000
2018-03-06,5.901136655228082,5.995910435333606,5.858192425870338,5.976659297943115,636808000
2018-03-07,5.873989074269071,6.020839107110441,5.872755250039455,5.9687628746032715,581208000
2018-03-08,5.996158361625562,5.996158361625562,5.90829510712101,5.9524736404418945,411912000
2018-03-09,5.999861045278651,6.067732683902001,5.983818974651122,6.054899215698242,505524000
2018-03-12,6.096115851704075,6.244199256404852,6.087971010242875,6.164234161376953,605060000
2018-03-13,6.206931723948742,6.281220567645893,6.0724222706692315,6.113638877868652,619772000
2018-03-14,6.156582100395406,6.183730939722252,6.07686368945414,6.139059066772461,505496000
2018-03-15,6.152633420557715,6.234819478970898,6.111910162003483,6.153867244720459,401952000
2018-03-16,6.170156238411266,6.201007019603322,6.13264158303472,6.182003021240234,399456000
2018-03-19,6.1252379446570435,6.154113949382239,5.849308538979073,5.948030948638916,713772000
2018-03-20,5.950991799202896,6.198538516155314,5.950991799202896,6.1597900390625,554696000
2018-03-21,6.153372753660806,6.2195172076777965,6.104258460578786,6.134615898132324,438688000
2018-03-22,6.0714351955950825,6.11783471313583,5.931742830766804,5.969010353088379,551196000
2018-03-23,5.9825855113898365,5.985053631232409,5.738741108190661,5.749847412109375,735620000
2018-03-26,5.873989167747682,6.03515363549803,5.822160075858112,6.033919811248779,611424000
2018-03-27,6.114626487086599,6.170158003265125,5.4260370987099735,5.565976142883301,1409000000
2018-03-28,5.531668673764212,5.661488535439723,5.355695974165066,5.463056564331055,945904000
2018-03-29,5.531174636059601,5.812286936723993,5.4470138036293445,5.715785980224609,916628000
2018-04-02,5.645446498479544,5.791308899492361,5.368036128057173,5.455652236938477,922092000
2018-04-03,5.622245798901898,5.685181177177983,5.4630556757831785,5.5617780685424805,667432000
2018-04-04,5.306581299585368,5.594110820550993,5.281653908568248,5.583745002746582,789168000
2018-04-05,5.641991734284166,5.655072342900288,5.392470663279069,5.463797569274902,701240000
2018-04-06,5.361371538375999,5.469225926853435,5.258700058045322,5.28782320022583,662988000
2018-04-09,5.3507609498892466,5.478359862875979,5.296463259663421,5.316454887390137,499524000
2018-04-10,5.546230591759072,5.6518635522267235,5.489218120557853,5.624961853027344,761676000
2018-04-11,5.610153359377357,5.651369959907921,5.551166583719694,5.583745002746582,460244000
2018-04-12,5.676545570349297,5.807846435773693,5.63236702653815,5.79007625579834,593920000
2018-04-13,5.853502906961864,5.861894416386621,5.665436781316374,5.713563919067383,503036000
2018-04-16,5.720229370731476,5.746637730268352,5.619285500628079,5.713318824768066,350792000
2018-04-17,5.765394640750435,5.883861537842281,5.709863135630631,5.862636089324951,447224000
2018-04-18,5.812286239604914,5.904838571259422,5.744908435905625,5.833758354187012,391364000
2018-04-19,5.719735104302074,5.753054007156208,5.5975662645825155,5.65285062789917,471996000
2018-04-20,5.644213390693867,5.7283742447176005,5.613609743341578,5.644707202911377,386200000
2018-04-23,5.662477398869795,5.713566015355574,5.4995852709884945,5.5254998207092285,427508000
2018-04-24,5.551166260663302,5.646926734437676,5.394197566372865,5.459354400634766,414596000
2018-04-25,5.42973851030669,5.468734138552372,5.190336572729784,5.3473052978515625,588492000
2018-04-26,5.508715603710221,5.566715224983749,5.4428182838610635,5.558570384979248,375824000
2018-04-27,5.6642045119618345,5.683948996221032,5.543762828458782,5.58596658706665,400848000
2018-04-30,5.602255428496605,5.651863541956234,5.5314223371501665,5.550673007965088,327844000
2018-05-01,5.54252783597705,5.608671820767293,5.484034407669387,5.60595703125,253788000
2018-05-02,5.602503710795487,5.646928453432952,5.559312321897096,5.585474014282227,268248000
2018-05-03,5.617310565547473,5.776500717117908,5.572144880373844,5.750339031219482,443144000
2018-05-04,5.721709946592055,5.903359377958248,5.704433582860858,5.900150775909424,400660000
2018-05-07,6.004549547163417,6.194590478154697,5.994677070919185,6.137578010559082,687616000
2018-05-08,6.137825164941623,6.182744182199865,6.088957533470975,6.180029392242432,506616000
2018-05-09,6.200020716302519,6.31503234644177,6.172871874492293,6.312810897827148,596760000
2018-05-10,6.365627858101965,6.4293037385316465,6.347857680745201,6.420172214508057,994080000
2018-05-11,6.238767679259878,6.411778894428217,6.183483326290647,6.28195858001709,1214456000
2018-05-14,6.319967962252316,6.3796952200504125,6.278751362181617,6.3024444580078125,523140000
2018-05-15,6.239015354185989,6.241730614738236,5.960371154923462,6.060574531555176,963528000
2018-05-16,6.022071963639038,6.133628297596032,5.985297793663824,6.071680068969727,553828000
2018-05-17,6.073409424322861,6.207178394675734,6.057366882900811,6.113638877868652,519784000
2018-05-18,6.165466756633866,6.228648809864714,6.065016250284316,6.069952487945557,483716000
2018-05-21,6.167194573909057,6.170896516890969,5.935443245883082,6.027995586395264,640624000
2018-05-22,6.041324557654365,6.066498622370947,5.929521055356509,5.989988803863525,518264000
2018-05-23,5.933929030106493,6.114456226925811,5.9331880892692,6.113221168518066,442956000
2018-05-24,6.109514868421364,6.159153648395489,6.0564186797340795,6.1169233322143555,437372000
2018-05-25,6.129519836755912,6.172490632698799,6.093957977403313,6.156191349029541,292112000
2018-05-29,6.13816428586472,6.207066134741577,6.092477014262807,6.1391520500183105,352684000
2018-05-30,6.172737036191554,6.256455793707795,6.148041055491183,6.247812271118164,390996000
2018-05-31,6.215955021628862,6.302390723741467,6.205335970678587,6.228055953979492,493868000
2018-06-01,6.272756429644096,6.368329787255433,6.26411290518787,6.362155437469482,421968000
2018-06-04,6.39623496639572,6.5626852005448795,6.364130518907523,6.540706157684326,642024000
2018-06-05,6.543916894763945,6.583677576345183,6.499217393048136,6.546139717102051,391712000
2018-06-06,6.456247074462109,6.551326316888527,6.43994778921863,6.5481157302856445,371356000
2018-06-07,6.544410560007406,6.556264669584595,6.402409010385018,6.492549419403076,369448000
2018-06-08,6.4199436268639305,6.51971485651706,6.40117469773452,6.477238178253174,360456000
2018-06-11,6.464642795892608,6.506131708027877,6.423400706985754,6.436242580413818,265372000
2018-06-12,6.462667752286715,6.496747730793107,6.412534841996411,6.484646797180176,319160000
2018-06-13,6.4861297310103065,6.560958167160066,6.471065031843488,6.480202674865723,338208000
2018-06-14,6.525148193149158,6.648133524098915,6.510330320187141,6.591579914093018,430016000
2018-06-15,6.534532034851211,6.605656221892656,6.503662173452171,6.550831317901611,432260000
2018-06-18,6.506872565569409,6.564167113288093,6.479707408653355,6.546633243560791,356268000
2018-06-19,6.443652003935613,6.510825143954485,6.2979466722976305,6.425130367279053,594932000
2018-06-20,6.466124597029383,6.530827609822944,6.427845800449018,6.477978706359863,369780000
2018-06-21,6.509837602880213,6.528112416897732,6.34190545363493,6.3495612144470215,359516000
2018-06-22,6.370304401232539,6.383640391929357,6.182121947314975,6.197432994842529,434160000
2018-06-25,6.091241664685308,6.0949458975569915,5.816870304050774,5.9052815437316895,665816000
2018-06-26,6.018388947483066,6.066545860395572,5.924791119543864,5.976158618927002,478884000
2018-06-27,6.019623159983516,6.08580805821022,5.8158818800001555,5.821315288543701,453892000
2018-06-28,5.8114381564570055,5.960107744597699,5.803782394767229,5.948253631591797,338012000
2018-06-29,6.013203714633707,6.025798297033873,5.849222609771522,5.850457668304443,392300000
2018-07-02,5.781061989857715,5.986037893535877,5.7605643523862184,5.982333660125732,357572000
2018-07-03,6.016906835363435,6.0228338905295535,5.840578004004036,5.848974704742432,222732000
2018-07-05,5.9040447601389285,5.999370791210443,5.865272324830271,5.994431972503662,306216000
2018-07-06,5.969985509795281,6.116432266565003,5.948746931151813,6.108035564422607,296352000
2018-07-09,6.182123284924595,6.191754574158034,6.076918631116165,6.15545129776001,303880000
2018-07-10,6.167798134744651,6.27621287979718,6.127543810844772,6.2542338371276855,360016000
2018-07-11,6.161625198114032,6.196199295933689,6.102354643227826,6.112974166870117,367508000
2018-07-12,6.158167650679718,6.252258653505266,6.148289068073913,6.204348564147949,345508000
2018-07-13,6.222870610407252,6.222870610407252,6.115196322029052,6.157179355621338,246988000
2018-07-16,6.129519462585449,6.182368837422584,6.117171706725446,6.129519462585449,197036000
2018-07-17,6.08037541359184,6.280165176170636,6.0549384875144945,6.265100479125977,362136000
2018-07-18,6.257693384328493,6.27152302606882,6.165083772500083,6.215957164764404,277640000
2018-07-19,6.1971865460788935,6.257691683282383,6.18212232086535,6.224104881286621,235752000
2018-07-20,6.221636165334273,6.260408613393579,6.185086068664709,6.195952415466309,222352000
2018-07-23,6.169526821288511,6.171255525910372,6.008015408681831,6.1594014167785645,301584000
2018-07-24,6.207312253221584,6.293747965843255,6.124580773514485,6.142115116119385,354620000
2018-07-25,6.151499265351744,6.232748859308306,6.093710597044604,6.22015380859375,319112000
2018-07-26,6.2001503662000355,6.330297340985421,6.183356965047485,6.2935004234313965,325124000
2018-07-27,6.3300497930174995,6.336964611279997,6.170020267017301,6.223857402801514,295420000
2018-07-30,6.237935315883295,6.24386237118974,5.9941865206363545,6.029007911682129,340340000
2018-07-31,6.018635476894755,6.121617293888882,5.979863030994698,6.0470356941223145,283988000
2018-08-01,6.078398625046564,6.133470345215362,6.023079610640119,6.086794853210449,283556000
2018-08-02,6.015671029991152,6.19323442656727,5.956895074195045,6.18928337097168,269668000
2018-08-03,6.213732958992618,6.249542113978896,6.196940028203954,6.225833892822266,214288000
2018-08-06,6.213238787007001,6.276954037180822,6.166810583699202,6.273496627807617,207508000
2018-08-07,6.322147785866375,6.364130816722767,6.295476274280007,6.345608711242676,258132000
2018-08-08,6.346844486555111,6.426859030354189,6.312023093891665,6.3819122314453125,262100000
2018-08-09,6.399692914126632,6.402409382930159,6.3258522547580744,6.333508014678955,204280000
2018-08-10,6.251765215114743,6.324618115629183,6.240652044831633,6.292266368865967,256396000
2018-08-13,6.300910471874159,6.445628522102849,6.299181766805566,6.325112342834473,375208000
2018-08-14,6.430315804827358,6.4703233082922385,6.347337505917876,6.456246376037598,466220000
2018-08-15,6.47699095833535,6.510824584219622,6.319678352245854,6.398211479187012,591136000
2018-08-16,6.467854785831434,6.470324431761707,6.297699808218942,6.357710838317871,801260000
2018-08-17,6.246579361198237,6.247320302052949,6.019129831309684,6.046048641204834,1143188000
2018-08-20,6.005547032156801,6.252999591248302,5.895403097132277,6.120629787445068,854388000
2018-08-21,6.136928575750965,6.26040802205969,6.117171883183038,6.25596284866333,673988000
2018-08-22,6.223364179004357,6.495512697038599,6.219906769638315,6.490573406219482,749856000
2018-08-23,6.45204863879272,6.655048996347029,6.438218999499982,6.5898518562316895,720684000
2018-08-24,6.598250032658454,6.737287868530951,6.593804857754401,6.72271728515625,531512000
2018-08-27,6.752350168671855,6.8876837319511655,6.720986658952772,6.813596248626709,505776000
2018-08-28,6.807668042003626,6.830388494896594,6.656282043562281,6.776057243347168,475384000
2018-08-29,6.768398815747922,6.906277405595587,6.747643010485658,6.881320953369141,420108000
2018-08-30,6.850187050516337,6.961132583910305,6.827701593908492,6.864518642425537,346608000
2018-08-31,6.844504686294171,6.948284195725953,6.834620699065216,6.9354352951049805,306592000
2018-09-04,6.922337302765203,7.047613935915722,6.893921553246576,7.010056018829346,391720000
2018-09-05,6.992510220365577,7.027844561332538,6.798788504818093,6.8795881271362305,393156000
2018-09-06,6.863281933262914,6.865752929537149,6.705883288078337,6.738746643066406,322796000
2018-09-07,6.646828170491714,6.842773992926049,6.602104219073162,6.7174973487854,295420000
2018-09-10,6.73998283713233,6.818064533811941,6.696247189809734,6.788413047790527,220140000
2018-09-11,6.742206307570554,6.829677600964378,6.721450503299689,6.740724086761475,243112000
2018-09-12,6.700940495678086,6.720461034008451,6.471884399764803,6.627059459686279,419092000
2018-09-13,6.692787900291968,6.79508470247253,6.675491396456412,6.704648494720459,305536000
2018-09-14,6.7948387002450765,6.896394170650843,6.758021649203096,6.830420017242432,386936000
2018-09-17,6.804970332031757,6.853894942396449,6.749374076777674,6.768647193908691,205528000
2018-09-18,6.7725982694109215,6.875142015038867,6.690068979431646,6.69674015045166,299520000
2018-09-19,6.678209840706,6.738253692019162,6.628296934180421,6.720462799072266,224860000
2018-09-20,6.59864556360692,6.640898522726667,6.52575281130353,6.579619407653809,430584000
2018-09-21,6.591478703181241,6.636943996137728,6.476579972697522,6.509690284729004,435128000
2018-09-24,6.478803653530786,6.568745936813636,6.391826754239927,6.565286636352539,293912000
2018-09-25,6.6312605742763155,6.657205326950609,6.545765898270365,6.632248878479004,280388000
2018-09-26,6.637192757677602,6.677469110976878,6.579619897678231,6.595433712005615,268548000
2018-09-27,6.630519451204281,6.651769641806608,6.575911989638935,6.607292652130127,214428000
2018-09-28,6.738993303078433,6.966072320606783,6.711071472532862,6.943833827972412,709396000
2018-10-01,7.021421956365308,7.216625936870903,6.9828752652292465,7.149910926818848,622060000
2018-10-02,7.1224853094943965,7.2339242939185135,7.056511157190936,7.078749656677246,383964000
2018-10-03,7.1489231934250075,7.156336182864405,6.981146632707836,7.084926128387451,320552000
2018-10-04,7.048850337782409,7.073065443161982,6.824241803496959,6.901088237762451,391220000
2018-10-05,6.876377774241846,6.93839822106676,6.610751584730088,6.66807746887207,426636000
2018-10-08,6.585054450731145,6.7002001469970525,6.426420067086753,6.5670166015625,408612000
2018-10-09,6.546507678404485,6.64089756978881,6.493629865346399,6.561333656311035,273500000
2018-10-10,6.455577931761062,6.501290662675619,6.068628718135131,6.070852756500244,684940000
2018-10-11,5.983875083899575,6.117059110065572,5.788424113329541,5.8099212646484375,725436000
2018-10-12,6.066405156008104,6.165984011373858,5.921607957536885,6.091855525970459,608236000
2018-10-15,6.078513088385394,6.078513088385394,5.815110862410267,5.816099166870117,449760000
2018-10-16,5.9285267036712055,6.085431459598973,5.879355141777879,6.074312210083008,408712000
2018-10-17,6.136330663982225,6.174383435201505,5.956940509444776,6.005865097045898,329668000
2018-10-18,6.075053355089918,6.113352624481227,5.858351711491363,5.918642520904541,524020000
2018-10-19,5.97374399453984,5.993264063850521,5.626329837113125,5.662652492523193,613608000
2018-10-22,5.714788641979605,5.814614426683505,5.6107622113299325,5.713305950164795,368844000
2018-10-23,5.446691969721979,5.53959963408011,5.354773080859697,5.462259292602539,626436000
2018-10-24,5.423959874143082,5.470413473372287,4.913463727809758,4.927300930023193,884288000
2018-10-25,4.8299468279243145,5.182796949473837,4.785716789033116,5.135601997375488,951720000
2018-10-26,4.900120648375631,5.061472989970796,4.771879092966843,4.899626731872559,664784000
2018-10-29,5.040469938771781,5.043929239272605,4.3491009273157415,4.5865583419799805,758016000
2018-10-30,4.6095390756333305,5.025892364016905,4.586559230158848,5.016008377075195,807192000
2018-10-31,5.18032509711425,5.252970878575338,5.040963830921203,5.209482192993164,745772000
2018-11-01,5.245805645899684,5.3987571790551225,5.119540687731207,5.389367580413818,566528000
2018-11-02,5.37997649083397,5.485485613701496,5.194161649575544,5.310543060302734,452960000
2018-11-05,5.297446852435231,5.320674120491203,5.072344443286182,5.23270845413208,379332000
2018-11-06,5.224802648403968,5.308814644584688,5.178101615555267,5.215166091918945,299012000
2018-11-07,5.281633556270711,5.372069756104027,5.218130414152399,5.28262186050415,483812000
2018-11-08,5.223566020587555,5.224307366543288,5.036515905528873,5.089888572692871,511352000
2018-11-09,5.001180604058578,5.172169447616001,4.967575911998681,5.081980228424072,413240000
2018-11-12,4.990804506440388,5.012796045461431,4.661675123678761,4.683419704437256,617116000
2018-11-13,4.781021556606179,5.045905951173958,4.774843830190087,4.924829959869385,644712000
2018-11-14,5.097548996886233,5.111880588345112,4.764713821045786,4.872446537017822,526580000
2018-11-15,4.866514871608132,5.072838548047372,4.830686138679421,5.00093412399292,840708000
2018-11-16,4.0355393745942125,4.216906185200407,3.9932859463314143,4.062966823577881,1963520000
2018-11-19,3.9977331658264768,3.9984740404666375,3.573719816623013,3.5754494667053223,1697820000
2018-11-20,3.312542488592889,3.8116722898525865,3.2940104840962348,3.6836776733398438,1692032000
2018-11-21,3.8205666153169284,3.837368964270196,3.548516218780087,3.5756964683532715,1025496000
2018-11-23,3.5411042864079247,3.696279150859607,3.5282553867654127,3.5828630924224854,411968000
2018-11-26,3.7036921041454702,3.7921517085392544,3.6214097555911566,3.781773805618286,814832000
2018-11-27,3.755828535667613,3.8796227224228974,3.7200000302761524,3.7985758781433105,738060000
2018-11-28,3.915945530644681,3.9604225251910212,3.7837502809066104,3.955233573913574,804524000
2018-11-29,3.957458950066156,3.994560033369852,3.861985332152476,3.8921608924865723,549172000
2018-11-30,3.9018082849210147,4.052933809984979,3.8515979921217385,4.042298316955566,729564000
2018-12-03,4.269110491695834,4.320557522529839,4.139008738630522,4.205790996551514,890804000
2018-12-04,4.16126799171103,4.166214928685318,3.8708894903957574,3.8859775066375732,812112000
2018-12-06,3.745734938992269,3.9201104564843448,3.7301525121877592,3.91516375541687,692308000
2018-12-07,3.9193688271571343,3.929509907561771,3.6017828445214954,3.65100359916687,681676000
2018-12-10,3.606235013243494,3.780857997862722,3.602524809979828,3.7561237812042236,629472000
2018-12-11,3.8476405869129007,3.8558028466201324,3.586448276281485,3.6653501987457275,671912000
2018-12-12,3.671038219727921,3.778878954591553,3.581995469554645,3.682910680770874,654136000
2018-12-13,3.7296586464582924,3.793719983726307,3.646799322256131,3.682663679122925,471384000
2018-12-14,3.641109098550587,3.7247104831242295,3.598813877745942,3.6223113536834717,471820000
2018-12-17,3.592384055840047,3.6643602082618605,3.493447422591047,3.5513253211975098,662868000
2018-12-18,3.595104723890123,3.7182806917217994,3.56789727363225,3.634432077407837,564372000
2018-12-19,3.6007927912193085,3.6542186236920204,3.3744756216447698,3.4259226322174072,745364000
2018-12-20,3.4175124885177275,3.5072972979255352,3.281969466283936,3.341578722000122,749588000
2018-12-21,3.368045045634862,3.400941517873868,3.177345002077389,3.2047998905181885,863740000
2018-12-24,3.1286196570603906,3.214941751630458,3.0793986573482632,3.1432127952575684,463840000
2018-12-26,3.1892176004464607,3.2931009283476196,3.078408748802953,3.29211163520813,695100000
2018-12-27,3.239922934896258,3.274303352560834,3.0962175916360213,3.244374990463257,637044000
2018-12-28,3.2649042664283434,3.3982213190004913,3.2231036787085117,3.305715560913086,628728000
2018-12-31,3.348999775898672,3.381401364929753,3.27133460847185,3.3020050525665283,465140000
2019-01-02,3.231266389779236,3.4251818080887815,3.2166732510461173,3.3692827224731445,508752000
2019-01-03,3.3091776147748213,3.343063377594572,3.1582995781025156,3.165719747543335,705552000
2019-01-04,3.2386855425128216,3.406630187786242,3.2080153346393385,3.368539810180664,585620000
2019-01-07,3.425676183098107,3.5837272164281666,3.374476366534186,3.5468733310699463,709160000
2019-01-08,3.628247439800897,3.630473702748906,3.3861004185192307,3.458571434020996,786016000
2019-01-09,3.5097726131471214,3.573834196303238,3.459315111577276,3.5265920162200928,617260000
2019-01-10,3.507298713645063,3.6007935267759525,3.4469473460181335,3.5921366214752197,523156000
2019-01-11,3.5698760153464897,3.703935157819665,3.5421739172799653,3.6811797618865967,874764000
2019-01-14,3.62899051315197,3.746230250626292,3.605493030231585,3.721001386642456,730168000
2019-01-15,3.753650750451641,3.792978107634309,3.6886001163074855,3.7069034576416016,617012000
2019-01-16,3.7341102764253997,3.7670065139285382,3.6759851770109733,3.681426525115967,470104000
2019-01-17,3.648529989064555,3.792482506736649,3.621322307234073,3.7526605129241943,493436000
2019-01-18,3.8023764058608873,3.9074964658686007,3.7509293895857754,3.8815255165100098,651336000
2019-01-22,3.851350737399705,3.862975759495493,3.6495202754554987,3.6796958446502686,661552000
2019-01-23,3.7348525645319417,3.823400673370535,3.6613922382278936,3.6925570964813232,591020000
2019-01-24,3.7769002971674324,3.921594675016262,3.772200801083401,3.904033660888672,708972000
2019-01-25,3.844671836656973,3.979225378987472,3.74227268118326,3.961169481277466,1154572000
2019-01-28,3.377443831559899,3.503340451934958,3.2401696336174215,3.41355562210083,2511528000
2019-01-29,3.3675498609199104,3.415781547865918,3.240416518865381,3.255009651184082,1153932000
2019-01-30,3.3309441284015135,3.412566710091489,3.2515475742334536,3.398221015930176,974228000
2019-01-31,3.3950053487845215,3.5911469796792517,3.3732392490819145,3.555529832839966,842852000
2019-02-01,3.5740803453368715,3.6307215036138554,3.5265909738818233,3.5797691345214844,625048000
2019-02-04,3.5955989010224516,3.7269371103711824,3.5735855968003305,3.689836025238037,528592000
2019-02-05,3.701708175377461,3.745487577613269,3.6680698525763553,3.708881139755249,542424000
2019-02-06,3.7420251267197253,3.848629364647908,3.7365837785660503,3.784320592880249,702464000
2019-02-07,3.738067549401441,3.7402935768076477,3.603514017221112,3.64630389213562,637120000
2019-02-08,3.5792747739989474,3.675490494805008,3.5649290792820043,3.6648550033569336,461604000
2019-02-11,3.6208271784227284,3.674994857781685,3.5740796677187623,3.6223113536834717,495180000
2019-02-12,3.660650038347677,3.7546397285891064,3.646304108199021,3.7390570640563965,591060000
2019-02-13,3.7684910030988537,3.8543184402777513,3.7548871599384235,3.7813527584075928,605372000
2019-02-14,3.7803632359891957,3.850360798091592,3.7373256814451947,3.8221638202667236,827264000
2019-02-15,4.030425778320329,4.053180939836472,3.8689119686286864,3.891667366027832,1516748000
2019-02-19,3.8810312508872418,3.9547390207378252,3.8619860591357598,3.8743529319763184,551892000
2019-02-20,3.903539672724632,3.9886250324003236,3.892409533010464,3.921595573425293,540988000
2019-02-21,3.934209605693475,3.9586961457160683,3.8382410884779223,3.8528342247009277,448548000
2019-02-22,3.9045286584847316,3.9562228841737697,3.890924815563206,3.937424898147583,401740000
2019-02-25,4.020778715727318,4.0880553642867286,3.916400509384179,3.9250576496124268,656020000
2019-02-26,3.920357878991418,3.9762569453200745,3.85233891154522,3.885730028152466,488464000
2019-02-27,3.8713848966539257,3.8978502582221117,3.787041402539747,3.8439300060272217,500256000
2019-02-28,3.8377401565705016,3.8600238468726964,3.797134499315095,3.819417953491211,324944000
2019-03-01,3.8691846114523383,3.9157326149717138,3.8109996070531196,3.8736414909362793,357188000
2019-03-04,3.9120182776234986,3.9347971198414085,3.8253595514870473,3.8818116188049316,409992000
2019-03-05,3.8662133367413505,3.913504191633946,3.81198982074945,3.8753745555877686,362924000
2019-03-06,3.8664615395285744,3.8748796707694346,3.761975980751839,3.7646994590759277,403524000
2019-03-07,3.7411777555157997,3.750834131965574,3.6495672080075923,3.695620059967041,450104000
2019-03-08,3.606485619695741,3.7404352313278832,3.5851922406276207,3.7297885417938232,422416000
2019-03-11,3.7533099226479782,4.012542823829635,3.7062665245924724,3.9897642135620117,859728000
2019-03-12,4.017493763725384,4.070231563832342,3.9414817310682904,4.023931503295898,579576000
2019-03-13,4.061319788358291,4.204182689776566,4.0538917335363385,4.174966335296631,768900000
2019-03-14,4.184128231638006,4.196012932372243,4.0915271166903695,4.099202632904053,519384000
2019-03-15,4.142283608263641,4.247016866170139,4.138817277165164,4.20443058013916,661484000
2019-03-18,4.235874755889158,4.289603356815503,4.156148673346275,4.183136940002441,486992000
2019-03-19,4.277469264444773,4.394830026310579,4.260633008308161,4.350510120391846,854972000
2019-03-20,4.3794797665419605,4.432712966037835,4.2834123584561485,4.318076133728027,719148000
2019-03-21,4.341103324289251,4.580528555635965,4.336151288185884,4.554283142089844,824312000
2019-03-22,4.527046626037242,4.575575244016056,4.380964907475675,4.394830226898193,747644000
2019-03-25,4.354226317013071,4.418353444907615,4.236618042843589,4.3027262687683105,525212000
2019-03-26,4.444102371215902,4.500059049764365,4.323027795717588,4.379232406616211,703508000
2019-03-27,4.404737111443648,4.451037201712273,4.300746677061691,4.370073318481445,474372000
2019-03-28,4.396070849418134,4.454256114503631,4.335657497839281,4.388643264770508,480264000
2019-03-29,4.455244268976183,4.470100375577985,4.404982477837846,4.445835590362549,456896000
2019-04-01,4.537446956234204,4.543389305207008,4.465891780679068,4.513182640075684,483824000
2019-04-02,4.537200433547039,4.575330081102811,4.49436620896686,4.531010150909424,440920000
2019-04-03,4.580528702250554,4.729086484341547,4.575576665988681,4.670158386230469,783504000
2019-04-04,4.654807127958316,4.7035836910063535,4.598602983135387,4.661244869232178,457376000
2019-04-05,4.704326590039095,4.745180179212573,4.667930116677095,4.727848052978516,481744000
2019-04-08,4.697394152141691,4.773653905545803,4.673377295551012,4.7486467361450195,424192000
2019-04-09,4.715221950029587,4.726363797358077,4.643914221577702,4.686005592346191,439972000
2019-04-10,4.685262590126222,4.782072409229535,4.680805945787416,4.756322383880615,444772000
2019-04-11,4.758798735051136,4.7902436522966525,4.6931858939844835,4.742457389831543,374600000
2019-04-12,4.7810808343748965,4.785042557326087,4.695907805067246,4.704573631286621,471708000
2019-04-15,4.696899617196402,4.701851654403267,4.533486167387928,4.57310152053833,440092000
2019-04-16,4.612220746124993,4.6788238817913825,4.579538064717605,4.660006523132324,394964000
2019-04-17,4.6949178621396275,4.715715846704068,4.614944322265305,4.637228012084961,351004000
2019-04-18,4.643911729750114,4.677832173892314,4.584983653392922,4.6127142906188965,380988000
2019-04-22,4.589194709830857,4.682043268252985,4.557750270062491,4.666444778442383,279936000
2019-04-23,4.6795672814140925,4.752113246455217,4.669911140835929,4.720915794372559,346856000
2019-04-24,4.731315296188058,4.773902058972395,4.670654495553224,4.7332963943481445,318204000
2019-04-25,4.693184905223643,4.7154685960331095,4.548341387214284,4.627819538116455,499296000
2019-04-26,4.474310503357395,4.478767620100804,4.290841920663591,4.409440517425537,868988000
2019-04-29,4.417361171996812,4.4678708849409885,4.345310628455444,4.440140247344971,391920000
2019-04-30,4.407953864018122,4.506992223506752,4.388889044751232,4.481490135192871,362920000
2019-05-01,4.533732455985197,4.575823812477557,4.468119167414932,4.468367099761963,354280000
2019-05-02,4.4780238221047926,4.5773096421118185,4.434942147363374,4.5357136726379395,394684000
2019-05-03,4.544132641497214,4.554036242671163,4.469853507557636,4.531257629394531,336824000
2019-05-06,4.345312561647405,4.465149394147996,4.308173230879485,4.453017234802246,422176000
2019-05-07,4.404736171127655,4.404736171127655,4.238103862569298,4.286137580871582,555220000
2019-05-08,4.258652189571523,4.386164002424461,4.246767496220745,4.306190490722656,419168000
2019-05-09,4.237360992832785,4.24701713403726,4.095240936579254,4.213839054107666,660248000
2019-05-10,4.183137160102314,4.248502530035827,4.0605768553508845,4.17991828918457,569500000
2019-05-13,4.0481968668301915,4.07122340919331,3.9073146067804436,3.9231607913970947,656912000
2019-05-14,3.9627762843320418,4.0472069478786725,3.924151485970432,4.012048244476318,524880000
2019-05-15,3.956585929261325,3.9875354446133415,3.897410612695974,3.951138973236084,502320000
2019-05-16,3.9456924990787705,4.0088295502210025,3.9033536714913817,3.966242790222168,781088000
2019-05-17,3.9243993186190456,4.0533968982091,3.8362550969017906,3.8756227493286133,1022068000
2019-05-20,3.7770792008518894,3.83204557498286,3.7325118194211386,3.7572715282440186,572064000
2019-05-21,3.8179323897499655,3.8550717152495353,3.7793073589998123,3.8392255306243896,361848000
2019-05-22,3.8006003508083475,3.8265978287979796,3.75751844479888,3.7684128284454346,325868000
2019-05-23,3.70626650873821,3.70626650873821,3.587915633723811,3.6475863456726074,591844000
2019-05-24,3.6664039766743515,3.7015626818101888,3.587173278101506,3.593858480453491,357584000
2019-05-28,3.611437105644795,3.6441197858361125,3.5468143617202834,3.548795223236084,428356000
2019-05-29,3.501256744741537,3.536167747284733,3.4401005662304702,3.474764108657837,559800000
2019-05-30,3.4779859329987852,3.5136804775925,3.4100671303416097,3.4482405185699463,394300000
2019-05-31,3.3994088797142488,3.4665839936190226,3.356030054188708,3.3577651977539062,389720000
2019-06-03,3.368919825115276,3.407588942230268,3.2868721180272984,3.316121816635132,478644000
2019-06-04,3.380073986051971,3.5498710052064095,3.3580128434275585,3.544665575027466,641836000
2019-06-05,3.6182856963644894,3.6237391057275645,3.465840340709544,3.502030611038208,511616000
2019-06-06,3.506244674432135,3.5885403561906575,3.5037658304501402,3.564000368118286,408140000
2019-06-07,3.569949813087888,3.6408429606015114,3.5508629964225635,3.606635808944702,348856000
2019-06-10,3.662656097347531,3.747678603331018,3.662656097347531,3.6792640686035156,402780000
2019-06-11,3.739002925618497,3.7766806010339296,3.6973594777116645,3.736772060394287,383872000
2019-06-12,3.6933934227785716,3.6995905336047556,3.6088668641116373,3.6239874362945557,358892000
2019-06-13,3.6460478292029457,3.6933926587006463,3.6284484163304667,3.6750497817993164,308080000
2019-06-14,3.5820960184268884,3.6063880310336267,3.5407003108403656,3.5853183269500732,394428000
2019-06-17,3.583583181382849,3.6319197003710673,3.5607783335531873,3.5949857234954834,276040000
2019-06-18,3.6562115384735345,3.8448471865550116,3.6453049548652916,3.7895703315734863,581920000
2019-06-19,3.824769050974875,3.8361713558137254,3.7694919612169655,3.7955193519592285,331644000
2019-06-20,3.885994531773193,3.8998756789579057,3.8054339986390553,3.8198108673095703,350168000
2019-06-21,3.8049387644565194,3.854018743770108,3.7553628271980513,3.761807680130005,434428000
2019-06-24,3.7831253019121576,3.8136144224712325,3.7360282095377864,3.784116744995117,282948000
2019-06-25,3.7890735015017256,3.863932872956403,3.752139537193974,3.754866123199463,311868000
2019-06-26,3.882028763883153,4.008694948974044,3.8691390588718604,3.947716474533081,584072000
2019-06-27,4.033234753133843,4.065211037122441,3.9972922241704474,4.046124458312988,445440000
2019-06-28,4.089999418724976,4.099171095213199,4.024311700565911,4.070912837982178,397668000
2019-07-01,4.277644134618608,4.31185152757884,4.081571927225259,4.119001865386963,709756000
2019-07-02,4.102394276821135,4.123464222346626,4.008200533365554,4.021337985992432,400228000
2019-07-03,4.04463680121385,4.050338189355726,3.9744873640486977,4.034225940704346,246636000
2019-07-05,3.9759749757305314,3.9804367057867256,3.908551648600757,3.9717609882354736,396552000
2019-07-08,3.912270157498809,3.931108994720168,3.8669084444589887,3.8969016075134277,329788000
2019-07-09,3.854762196636293,3.927390722295944,3.842120469781752,3.8993804454803467,342860000
2019-07-10,3.9427589731733534,4.024806674809341,3.9288778253043866,3.9675469398498535,452076000
2019-07-11,4.0404239269596784,4.162380430510887,4.003242204498823,4.121728420257568,682560000
2019-07-12,4.149490079981708,4.225589129805736,4.149490079981708,4.154695510864258,506392000
2019-07-15,4.175764847460104,4.191876622939585,4.118009158135677,4.146266937255859,289840000
2019-07-16,4.131395050866482,4.16857676853829,4.086033099999635,4.1415581703186035,341444000
2019-07-17,4.143292835270089,4.2136904899657095,4.114043138797341,4.20674991607666,348204000
2019-07-18,4.2171612926417925,4.281113866380775,4.160644778812667,4.218400478363037,442192000
2019-07-19,4.256574572737633,4.2630191902095085,4.169320948320158,4.175270080566406,344896000
2019-07-22,4.1965869057671945,4.259548030291046,4.189150373784258,4.2466583251953125,315940000
2019-07-23,4.285824199703994,4.356221396581559,4.270207432340897,4.354238510131836,428176000
2019-07-24,4.397369154134487,4.434303131051249,4.321518313945671,4.4286017417907715,366236000
2019-07-25,4.387207085573872,4.399849052898729,4.274422241439389,4.297722816467285,392700000
2019-07-26,4.324740369252087,4.386214094427422,4.324740369252087,4.33961296081543,274160000
2019-07-29,4.3324240653372845,4.349527756106696,4.24541868348631,4.333415508270264,248160000
2019-07-30,4.287062718608438,4.36117840703827,4.2726856121064625,4.349032402038574,197772000
2019-07-31,4.317551641140734,4.3185435570114254,4.1400705645445735,4.1822099685668945,359416000
2019-08-01,4.192621089638232,4.282849034536858,4.0359617263873595,4.088016510009766,421212000
2019-08-02,3.995556592941284,4.06471505585249,3.948212001937683,3.995556592941284,428348000
2019-08-05,3.8123748120530925,3.8136142340433463,3.6909142937551334,3.7377634048461914,589156000
2019-08-06,3.8123755262922074,3.857737244935138,3.7288404069427274,3.776432991027832,361272000
2019-08-07,3.715702059258234,3.8265039749923058,3.698350624022929,3.814605712890625,372560000
2019-08-08,3.8721141603502467,3.9241687091173865,3.814854180345954,3.922929286956787,309300000
2019-08-09,3.88202953628245,3.8854998239839995,3.7714755786567715,3.8217949867248535,341816000
2019-08-12,3.7697397411088653,3.8217942834487886,3.7323100475044235,3.7541234493255615,279200000
2019-08-13,3.752636217495231,3.914005282382582,3.7137193575650134,3.868147611618042,351956000
2019-08-14,3.7801508866940603,3.7913054492057885,3.676289773160059,3.719916343688965,419880000
2019-08-15,3.738755269714888,3.7585855510051993,3.6534850128874288,3.687692165374756,477200000
2019-08-16,3.949947796045755,4.004232969258714,3.8887215756327413,3.955153226852417,1007960000
2019-08-19,4.068186623792393,4.2491380163327985,4.052074371012667,4.233273506164551,815112000
2019-08-20,4.227820566684187,4.228316524725922,4.140071452642333,4.161141395568848,463188000
2019-08-21,4.22707624393112,4.29945679431367,4.205510818927859,4.244427680969238,427244000
2019-08-22,4.254095898234614,4.2964830534906335,4.211460527564616,4.2506256103515625,303488000
2019-08-23,4.1742785788354055,4.228563996129451,4.006712380628328,4.026542663574219,568056000
2019-08-26,4.1051200958053276,4.129164364303277,4.062980690288697,4.10115385055542,318208000
2019-08-27,4.13932763285051,4.142054220023411,3.981429064319112,4.010678768157959,290968000
2019-08-28,3.9843768009846867,4.052858819281227,3.945172959795155,4.000256538391113,255612000
2019-08-29,4.09156616161059,4.175928389541459,4.088092439516701,4.143672466278076,357976000
2019-08-30,4.189824062623916,4.239449078910096,4.138214197129242,4.156327247619629,290616000
2019-09-03,4.083628039715847,4.11662841372322,4.050627665708474,4.073454856872559,296140000
2019-09-04,4.133994976884672,4.194785582574162,4.133994976884672,4.187341690063477,227728000
2019-09-05,4.2893226591834,4.465987040468473,4.2875857975778615,4.459784030914307,695676000
2019-09-06,4.436460015298842,4.493280473764116,4.394775335869702,4.432738304138184,376976000
2019-09-09,4.463753240386079,4.564988124663979,4.462264366813369,4.478640556335449,417524000
2019-09-10,4.445887854419998,4.571686777215572,4.436211123418617,4.545137882232666,352812000
2019-09-11,4.5597769283241165,4.621807955255365,4.530746263849502,4.573671817779541,361512000
2019-09-12,4.620072247467901,4.674659394421699,4.564244214640552,4.572184085845947,327840000
2019-09-13,4.5056861348251465,4.542656671511425,4.470700447290319,4.514370441436768,324592000
2019-09-16,4.439436668217253,4.505933843259826,4.429015500929482,4.471444606781006,231832000
2019-09-17,4.478144219521308,4.497001705724106,4.431744940740635,4.492783546447754,223048000
2019-09-18,4.485835233944061,4.501466982396567,4.379389794587787,4.4657368659973145,258152000
2019-09-19,4.4716919031420375,4.4900534102224805,4.379637799741761,4.390307426452637,245476000
2019-09-20,4.389316957009467,4.412888584167326,4.274683610254921,4.28485631942749,350244000
2019-09-23,4.285103736213856,4.383608854453236,4.281381552536594,4.338201999664307,249712000
2019-09-24,4.369466098255861,4.398992741117697,4.245404032758619,4.280885696411133,317268000
2019-09-25,4.2803884946278545,4.441917517803333,4.235726083182854,4.42231559753418,308432000
2019-09-26,4.4126383250230425,4.42132262915121,4.349366425507449,4.400231838226318,234564000
2019-09-27,4.358548034890815,4.409165469798091,4.201237158861238,4.26177978515625,362056000
2019-09-30,4.287584127080288,4.329268789372331,4.256320157102148,4.319095611572266,186184000
2019-10-01,4.3421709941375335,4.4910455228740656,4.312644360103868,4.317358493804932,366008000
2019-10-02,4.295525804127507,4.307435847872101,4.221336728490136,4.293540954589844,293372000
2019-10-03,4.29800588359513,4.504941296869655,4.267734807064955,4.4987382888793945,450588000
2019-10-04,4.500971908211548,4.544393918211177,4.435963597026066,4.515115261077881,265524000
2019-10-07,4.579874825820831,4.673169354026785,4.57119051991119,4.573671817779541,480984000
2019-10-08,4.482115054814931,4.482115054814931,4.3793917524468515,4.397504806518555,444436000
2019-10-09,4.4741742246574345,4.5332279835979445,4.445392018572494,4.483850955963135,292412000
2019-10-10,4.4816184414725875,4.59228159976039,4.476407857066908,4.541416168212891,309124000
2019-10-11,4.625282179727991,4.697982369452037,4.606424692488743,4.614861011505127,446404000
2019-10-14,4.606176435689826,4.649101996183618,4.5751609174816155,4.628259658813477,200040000
2019-10-15,4.7183289420364085,4.9448663136536535,4.704433577189583,4.872413635253906,664124000
2019-10-16,4.8384195350964045,4.943128115909698,4.807404025256043,4.818817615509033,428944000
2019-10-17,4.8632341916707125,4.9081446092343555,4.766465436291236,4.820805072784424,263436000
2019-10-18,4.8212991654191635,4.853803550159522,4.652326719542549,4.726515769958496,307440000
2019-10-21,4.787803109175514,4.876879959848776,4.768945622235089,4.863481044769287,261868000
2019-10-22,4.920300354826486,5.025256921130636,4.845863322136834,4.853555202484131,328720000
2019-10-23,4.771674007625676,4.854795340324186,4.739914063673044,4.8406524658203125,279916000
2019-10-24,4.881841793248821,4.918067891470254,4.847849005161255,4.884571552276611,232020000
2019-10-25,4.964962835098794,5.095972317401238,4.957270954640952,5.075129985809326,423092000
2019-10-28,5.118799580075106,5.18331189789191,5.089520930960523,5.130958080291748,330792000
2019-10-29,5.1170629633430345,5.123514432062237,5.015580584244966,5.034934043884277,211236000
2019-10-30,5.061731622001463,5.067438654333333,4.968933070897511,5.036919116973877,205960000
2019-10-31,5.016078730228684,5.036921072168982,4.908144835709745,4.987792491912842,209732000
2019-11-01,4.952557217600477,5.059002677306178,4.927496723078887,5.02674674987793,283640000
2019-11-04,5.107636094581058,5.235420371009929,5.0845609165309975,5.223013877868652,376716000
2019-11-05,5.222764400863678,5.248817319143139,5.153041491044939,5.200929641723633,300868000
2019-11-06,5.176860644912417,5.202417109724963,5.064460188210242,5.151800155639648,269012000
2019-11-07,5.238149312165376,5.252788641825367,5.124756385952797,5.169418811798096,280340000
2019-11-08,5.152545549764464,5.187034786552671,5.1150785661477896,5.15552282333374,189100000
2019-11-11,5.1547776082621,5.188522403247771,5.0686785232004175,5.165447235107422,243436000
2019-11-12,5.20365892745874,5.256757661793327,5.168673242012615,5.200929641723633,283504000
2019-11-13,5.1696651242392395,5.197206913033918,5.108874987963954,5.175124168395996,300188000
2019-11-14,5.184058340052732,5.207630439740375,5.124260606519312,5.205397129058838,518080000
2019-11-15,5.203163831012112,5.254773705357175,4.978363292156554,5.066447734832764,1053628000
2019-11-18,5.0590027001184295,5.293727907130065,5.05602542646545,5.267179012298584,574588000
2019-11-19,5.236163163136437,5.259734782811542,5.102672367728209,5.160733222961426,414564000
2019-11-20,5.13790695555133,5.323503619081088,5.1252524762450085,5.2398858070373535,472588000
2019-11-21,5.235418991269967,5.290998551465639,5.19348586004434,5.2150726318359375,288388000
2019-11-22,5.23765150302719,5.284050778422608,5.209117287982455,5.232689380645752,224100000
2019-11-25,5.360472643456192,5.493715437128339,5.34757017994659,5.488752841949463,506476000
2019-11-26,5.47113661900779,5.475851227136171,5.3778420868291095,5.384293556213379,385244000
2019-11-27,5.42973391735485,5.46399996004786,5.392736101303444,5.419056415557861,215784000
2019-11-29,5.388266417967206,5.41657304466473,5.357972530434071,5.381810188293457,141556000
2019-12-02,5.374856138745997,5.388264936006114,5.1806800644641795,5.195826530456543,372036000
2019-12-03,5.0125777583707425,5.160320379056722,4.975331771281079,5.156347751617432,465232000
2019-12-04,5.239778035168698,5.262125719687644,5.171493654075639,5.200048923492432,273424000
2019-12-05,5.221900073212716,5.237543357075451,5.1526220643241505,5.183164119720459,184884000
2019-12-06,5.252194759398877,5.301111409899657,5.242262242631657,5.26833438873291,232236000
2019-12-09,5.245490357941851,5.322962283735688,5.236799642574766,5.26833438873291,211880000
2019-12-10,5.298377997188875,5.3649247022824476,5.245736905989348,5.313276767730713,256388000
2019-12-11,5.323705549299849,5.402170606689801,5.321222420910559,5.396707534790039,233796000
2019-12-12,5.367905134665788,5.581945822911809,5.358966249624642,5.563819408416748,404348000
2019-12-13,5.566799162383771,5.6857383315718675,5.507950004779443,5.561832904815674,454704000
2019-12-16,5.609259482123776,5.662893736864883,5.58120055357763,5.590636253356934,320976000
2019-12-17,5.609259353915085,5.691200706121203,5.599823654351449,5.668604850769043,321196000
2019-12-18,5.703368234873497,5.759237451477673,5.694925691278481,5.698898792266846,343548000
2019-12-19,5.733412671137176,5.8600493863918635,5.728446414003654,5.846640586853027,445360000
2019-12-20,5.912938697658913,5.9690560776033506,5.893819128514462,5.943728923797607,603044000
2019-12-23,5.9722840686250755,6.0043156215903055,5.919394804297216,5.930071830749512,355060000
2019-12-24,5.914677668064655,5.942239783537777,5.880411151831388,5.925106525421143,138864000
2019-12-26,5.928582028747246,5.967317982505401,5.909710630228528,5.9392595291137695,182852000
2019-12-27,5.954407143953665,5.967815946285022,5.855332519465852,5.881653308868408,254644000
2019-12-30,5.859800860524553,5.86501528811626,5.7373854238906725,5.768671989440918,258056000
2019-12-31,5.733413233709171,5.852104233361392,5.714293662838255,5.842668533325195,231004000
2020-01-02,5.928335093025683,5.957138538360596,5.877928945287473,5.957138538360596,237536000
2020-01-03,5.83770339342862,5.905491449467579,5.812872574178656,5.861789226531982,205384000
2020-01-06,5.768672347337643,5.891584133115414,5.742600207761552,5.886369705200195,262636000
2020-01-07,5.91467674815212,6.003322495503562,5.86973321074161,5.957633972167969,314856000
2020-01-08,5.95341258476723,6.010026777884842,5.913435305232208,5.968807697296143,277108000
2020-01-09,6.05497138322673,6.106619328463074,5.980727580351589,6.034361839294434,255112000
2020-01-10,6.141381463186683,6.171674874881469,6.052487541574924,6.066640853881836,316296000
2020-01-13,6.149576949548927,6.281924462411108,6.1269806168674785,6.256845474243164,319840000
2020-01-14,6.214135205399541,6.239462833086717,6.126979427600585,6.140140056610107,359088000
2020-01-15,6.152803842842512,6.175151528370707,6.0718556439041,6.097679615020752,263104000
2020-01-16,6.151064667582227,6.187069318624034,6.127723829176326,6.18110990524292,284192000
2020-01-17,6.200231027429631,6.207680414425977,6.142375495222458,6.189802169799805,253792000
2020-01-21,6.1533008348531135,6.190050478993046,6.122510605265829,6.156528949737549,217916000
2020-01-22,6.201720357984873,6.2968218681187,6.182848958433113,6.210411071777344,239240000
2020-01-23,6.250389431731005,6.2871386039958095,6.161743668888831,6.278696060180664,244516000
2020-01-24,6.393909359136046,6.443570980494994,6.165466753379862,6.219597816467285,373512000
2020-01-27,5.915670782034059,6.015242215037423,5.766438191541949,5.964339256286621,470536000
2020-01-28,6.0301406941602735,6.189553975862552,5.977002775723372,6.15727424621582,310976000
2020-01-29,6.14287149171336,6.178876146984177,6.057205210302912,6.096934795379639,258848000
2020-01-30,5.9993482081554,6.117046015257274,5.944472641020188,6.103637218475342,290504000
2020-01-31,6.05795012762334,6.069868955650473,5.8290111609015804,5.870726585388184,370420000
2020-02-03,5.85260089433316,5.986935186573986,5.846393308772589,5.967567443847656,255564000
2020-02-04,6.109101537748103,6.155535047308561,6.059191742920374,6.136415004730225,271544000
2020-02-05,6.257093118185327,6.267273804534784,6.143368372698854,6.226551532745361,208220000
2020-02-06,6.260817558047638,6.3132100105285645,6.179869362419789,6.3132100105285645,218284000
2020-02-07,6.273232574934326,6.2953320882230726,6.221832806853207,6.2471604347229,189752000
2020-02-10,6.269756297361858,6.5304786470167295,6.26479004009398,6.529734134674072,529608000
2020-02-11,6.637748408041317,6.766371455351388,6.575919776508791,6.651901721954346,638556000
2020-02-12,6.704543659416336,6.773821686363239,6.665807695826979,6.767365455627441,374644000
2020-02-13,6.709509538364573,6.790705918000455,6.682195591919942,6.723662853240967,528016000
2020-02-14,7.132871241875488,7.324316034279077,7.1015846769682796,7.195693016052246,1041924000
2020-02-18,7.092645781534283,7.382420676341161,7.073278042077014,7.3640456199646,620164000
2020-02-19,7.486213518147479,7.831857176120988,7.486213518147479,7.814227104187012,694332000
2020-02-20,7.766304072638066,7.854453011250892,7.358583618194485,7.665243148803711,810052000
2020-02-21,7.553256665361849,7.578335650197736,7.21729687382683,7.301969528198242,768180000
2020-02-24,6.709012959273748,6.999036101511777,6.654633708905705,6.785739898681641,856916000
2020-02-25,6.860724858496969,6.922553461839825,6.40532973507338,6.506887435913086,1055496000
2020-02-26,6.50713847933115,6.839622002158671,6.505648980883391,6.645942211151123,747732000
2020-02-27,6.333135178378334,6.633766795325576,6.183813357531464,6.2759904861450195,906416000
2020-02-28,6.024056858575295,6.769423944264948,6.007410467266816,6.710042953491211,1133252000
2020-03-02,6.87973918151174,6.896882687253615,6.4846945394968625,6.868061542510986,890744000
2020-03-03,6.923715128015333,6.983344439079889,6.520968366746117,6.606188774108887,652792000
2020-03-04,6.7132732703781945,7.078254667313152,6.6387362744594425,7.068813323974609,597408000
2020-03-05,6.8697998032135255,7.03626513615308,6.7455719569568915,6.790045738220215,540328000
2020-03-06,6.610909007237286,6.668302495799002,6.410156667714396,6.609915256500244,515412000
2020-03-09,5.960453575849489,6.444942493367722,5.917719439491681,6.098098278045654,614160000
2020-03-10,6.373883859992634,6.486682891845703,6.111763432916438,6.486682891845703,580648000
2020-03-11,6.347049964055862,6.375373996903059,6.026790637877311,6.123688220977783,499964000
2020-03-12,5.601682018569501,5.866535787380021,5.361673914199751,5.374345302581787,816540000
2020-03-13,5.726905159414291,5.988280634003202,5.456337132448399,5.983808517456055,634836000
2020-03-16,5.277446673977681,5.61758282996687,4.820039885736427,4.879669189453125,726972000
2020-03-17,4.991723260570334,5.48739257970352,4.745503860622238,5.398196697235107,833632000
2020-03-18,4.971599051150128,5.216079295688167,4.4890981795830935,5.039178848266602,874268000
2020-03-19,5.017812074847171,5.384781510391298,4.804885885483796,5.291362285614014,765512000
2020-03-20,5.44118067542152,5.722432568837711,5.096572776070153,5.1119771003723145,804636000
2020-03-23,5.110983586980154,5.378570849851826,4.932343917066287,5.284405708312988,643876000
2020-03-24,5.689636410549801,6.277482978063412,5.6660332856046995,6.1910200119018555,1101644000
2020-03-25,6.305806578905943,6.505068097115809,6.053872469466768,6.102570056915283,793432000
2020-03-26,6.309283618914253,6.515005185894308,6.211392299943983,6.391274452209473,696108000
2020-03-27,6.211392945580001,6.53736691560444,6.178596798409605,6.279221534729004,638828000
2020-03-30,6.344564499621034,6.6079278794529435,6.3005878299103735,6.5987348556518555,602252000
2020-03-31,6.63873677969042,6.842470871593231,6.403946196155853,6.549293041229248,949960000
2020-04-01,6.351769311501759,6.4978610818740785,5.994738446861879,6.039211750030518,656912000
2020-04-02,6.0682825701850485,6.36046665043996,6.020330892045501,6.347298622131348,675764000
2020-04-03,6.309780672048575,6.351272726729449,5.922935360375219,6.060082912445068,663212000
2020-04-06,6.3415828201352085,6.705322110168501,6.284189334359252,6.668550491333008,727884000
2020-04-07,6.889676590192596,6.913280185472903,6.392765179884151,6.435748100280762,784520000
2020-04-08,6.54457209541664,6.657371111088002,6.474756003192719,6.632525444030762,542444000
2020-04-09,6.757996129395736,6.780853821789025,6.470284155436127,6.533143520355225,525564000
2020-04-13,6.473514021643792,6.71327383532628,6.385312352581156,6.704577922821045,398408000
2020-04-14,6.8325308044020225,7.088936948955729,6.804952210354269,7.054898738861084,530948000
2020-04-15,6.887192650096263,7.060366418638952,6.841973904473054,6.977630615234375,366148000
2020-04-16,7.132667432102956,7.428826534022673,7.1194994029854035,7.321990489959717,745620000
2020-04-17,7.403980004345366,7.425347305451841,7.129188237967692,7.262857437133789,539120000
2020-04-20,7.136642200158554,7.292175341512701,7.087696299119069,7.131921291351318,449388000
2020-04-21,7.014153773290799,7.075273479581441,6.6365009587876695,6.696130275726318,735160000
2020-04-22,6.887937472455997,7.152294614390537,6.842470411605959,7.109560012817383,483356000
2020-04-23,7.151549634129626,7.283230864116009,7.031296775991979,7.056390762329102,424160000
2020-04-24,7.046204988864382,7.197017237436438,6.971667981991772,7.1950297355651855,352328000
2020-04-27,7.32919543452104,7.540631210935533,7.30459808693572,7.381122589111328,479388000
2020-04-28,7.5282064176232275,7.558021305767914,7.233538269760131,7.239004135131836,442904000
2020-04-29,7.373420867111231,7.468082631149315,7.298387223684967,7.415410041809082,379160000
2020-04-30,7.361493734355101,7.4154088591523335,7.247949773360715,7.2618632316589355,375916000
2020-05-01,7.064837711480267,7.177885036259341,6.977629802301647,7.025830268859863,342096000
2020-05-04,6.978624046997186,7.250931680845557,6.978624046997186,7.237266540527344,317556000
2020-05-05,7.3411215423924565,7.460380176917266,7.237266757199791,7.298138618469238,368896000
2020-05-06,7.37739587501728,7.503362917200423,7.339630499507867,7.3987627029418945,323464000
2020-05-07,7.537648468378695,7.637776079899891,7.486466752298635,7.5746684074401855,373732000
2020-05-08,7.646223718087887,7.770451562326168,7.612433824068867,7.764240264892578,339216000
2020-05-11,7.759272663656854,8.062388970419114,7.730700310360557,8.015679359436035,469060000
2020-05-12,8.073320229167217,8.12201733914419,7.744613315147592,7.754302978515625,493060000
2020-05-13,7.8685940883825465,8.028599377200452,7.54783760511146,7.731943607330322,625852000
2020-05-14,7.793310242924899,7.98636043186477,7.640012928874342,7.980894565582275,602312000
2020-05-15,7.841015946631667,8.447993139011578,7.825363300768376,8.43830394744873,987660000
2020-05-18,8.706383329298868,8.861419800060519,8.626877592669787,8.696196556091309,774460000
2020-05-19,8.735950260536658,9.031363868480941,8.708619983245251,8.751106262207031,717320000
2020-05-20,8.935461979417953,8.987140816354259,8.833843488059705,8.914591789245605,587536000
2020-05-21,8.995587009812692,8.99658028664725,8.683526534995123,8.721043586730957,761068000
2020-05-22,8.770733780605472,9.03683055382397,8.659426119365394,8.970492362976074,1038764000
2020-05-26,9.100186813930394,9.125032953045377,8.61843140772294,8.663898468017578,770780000
2020-05-27,8.571721934524938,8.579423621709141,7.947352618383713,8.472588539123535,1175892000
2020-05-28,8.360287817879668,8.706387094062297,8.327491663644077,8.434576988220215,734896000
2020-05-29,8.501656726855527,8.820673942565918,8.4325860729438,8.820673942565918,745256000
2020-06-01,8.778683763704354,8.786137130114783,8.63582157154475,8.751850128173828,389876000
2020-06-02,8.741912690475665,8.78265883465834,8.604516362463158,8.770732879638672,391320000
2020-06-03,8.767753908839891,8.811481787736001,8.64625851321786,8.71532917022705,365440000
2020-06-04,8.678046281246372,8.892064345109882,8.627835393916108,8.716326713562012,424280000
2020-06-05,8.744164653127928,8.945505028883574,8.658159572680956,8.868946075439453,481748000
2020-06-08,8.826439266640982,8.838867531118344,8.636035637772176,8.754603385925293,387736000
2020-06-09,8.749632267006549,9.057608978908226,8.701161369707968,8.994223594665527,468488000
2020-06-10,9.1152757341884,9.445623635871778,9.101106547747797,9.313136100769043,632180000
2020-06-11,9.09762951041862,9.208242694149288,8.73571349742717,8.745904922485352,583652000
2020-06-12,9.11006137253844,9.134669480090635,8.65343931394071,8.881377220153809,570908000
2020-06-15,8.76479584104821,9.129694925278905,8.693704301366452,9.121243476867676,400004000
2020-06-16,9.172199951355399,9.21371094455474,8.78816020790791,9.016594886779785,535716000
2020-06-17,9.061588926015345,9.245778000808796,9.018336998285697,9.183138847351074,408304000
2020-06-18,9.174187646326033,9.229370011265214,9.062331373041776,9.165239334106445,254408000
2020-06-19,9.189600491316718,9.390940867747382,9.174437570476622,9.208242416381836,524160000
2020-06-22,9.24677073049293,9.476696958868198,9.220173275389165,9.472222328186035,398468000
2020-06-23,9.496333923986104,9.587310498937892,9.353655876844556,9.395912170410156,375108000
2020-06-24,9.422014418681986,9.501805860889966,9.09216320186801,9.182642936706543,449372000
2020-06-25,9.302201008306115,9.450596783301863,9.129694001574956,9.43568229675293,376072000
2020-06-26,9.445625718185534,9.445625718185534,9.072772071415052,9.10260009765625,592084000
2020-06-29,9.117266222856149,9.151817312552694,8.849059572517856,9.147342681884766,342248000
2020-06-30,9.26068956384979,9.471724465250414,9.213461781076331,9.443387985229492,367892000
2020-07-01,9.466259489767404,9.520945009112733,9.359126241090184,9.475456237792969,326648000
2020-07-02,9.583829361365101,9.681765828943993,9.523427067505946,9.557232856750488,364056000
2020-07-06,9.685989553860882,9.852033490649278,9.65690683203007,9.782931327819824,315892000
2020-07-07,9.889321207970426,10.012362642023092,9.79436782317376,9.815247535705566,357800000
2020-07-08,9.936548129608003,10.166475276441442,9.908460082794605,10.157526016235352,365480000
2020-07-09,10.320839579456528,10.50950328226475,10.17492904190796,10.4488525390625,494548000
2020-07-10,10.52814178147262,10.59426085914916,10.319343745857365,10.419268608093262,497676000
2020-07-13,10.534357598250097,10.730478013100093,9.967619466000675,9.99471378326416,457076000
2020-07-14,10.017334456489614,10.343208748675954,9.729491205941963,10.317605972290039,542676000
2020-07-15,10.354643532436837,10.373285456655864,9.9981949595581,10.168713569641113,403984000
2020-07-16,9.95767944646456,10.148331539727138,9.838863245920118,10.076744079589844,344964000
2020-07-17,10.166973074910793,10.189841196144675,10.0300118318398,10.143110275268555,266284000
2020-07-20,10.215443985468063,10.470972981230924,10.098616209013986,10.450590133666992,284852000
2020-07-21,10.452826194760581,10.49955806042744,10.227871487131212,10.26938247680664,277036000
2020-07-22,10.308162313037716,10.541816958152879,10.23259708373545,10.37900447845459,367292000
2020-07-23,10.390189182924372,10.486634124309322,9.973836090293624,10.071772575378418,411660000
2020-07-24,9.818479092225905,10.305425850353402,9.721040433377166,10.136150360107422,473292000
2020-07-27,10.173683955005732,10.381984204127468,10.159266334109978,10.36185073852539,292132000
2020-07-28,10.314871041356408,10.32257624250495,10.15081549413575,10.157029151916504,271636000
2020-07-29,10.331277485949975,10.456058901678837,10.287778082878747,10.405599594116211,284508000
2020-07-30,10.31561792819607,10.562198626174778,10.23632432247183,10.553250312805176,308880000
2020-07-31,10.502787682089595,10.704875200108374,10.373283229524652,10.553993225097656,386080000
2020-08-03,10.671071020858617,11.03522477261038,10.653919693105369,10.94723129272461,412720000
2020-08-04,10.986755156389975,11.163487434387207,10.843579291958523,11.163487434387207,310336000
2020-08-05,11.17964702142762,11.306665308984787,11.10234180751494,11.222151756286621,249924000
2020-08-06,11.284788588104904,11.292991603889252,11.114767787246265,11.270620346069336,244316000
2020-08-07,11.247751053622988,11.438900929592537,10.974325440445547,11.135397911071777,342516000
2020-08-10,11.269377922253069,11.342953785393757,10.794361590484725,11.101096153259277,427796000
2020-08-11,11.010367521177148,11.073007607753555,10.733958811085435,10.787899017333984,354512000
2020-08-12,10.927841038864878,11.401364757603481,10.895526798098468,11.374768257141113,464412000
2020-08-13,11.479914503905402,11.654659304257047,11.290753978168782,11.377504348754883,374460000
2020-08-14,11.464006479493863,11.637756604352083,11.375019266250126,11.497812271118164,366436000
2020-08-17,11.783420725406646,12.3387245170589,11.749615873407611,12.266390800476074,621300000
2020-08-18,12.378740485765862,12.424477676202287,12.01707295308066,12.190573692321777,503448000
2020-08-19,12.226120712995726,12.244514205502846,12.028756205783154,12.069025039672852,622624000
2020-08-20,11.906461947059135,12.304172183815249,11.810762299072946,12.071511268615723,921388000
2020-08-21,12.13191156434554,12.73543767305914,12.125448525163229,12.610904693603516,999868000
2020-08-24,12.810008752365281,12.8385946165752,12.435911984887685,12.647444725036621,490564000
2020-08-25,12.558457077831811,12.688209996319047,12.50178316041745,12.677024841308594,289076000
2020-08-26,12.72599264104994,12.79484639215565,12.605188035899838,12.6998929977417,321244000
2020-08-27,12.708344712184557,12.776453166999115,12.494575116940183,12.5559720993042,317604000
2020-08-28,12.602454409975303,13.07274675410688,12.570140159294503,13.072498321533203,537160000
2020-08-31,13.107296770619834,13.497301743517985,12.963127187794592,13.29794979095459,500840000
2020-09-01,13.406857617406526,13.917820106850497,13.36359369973899,13.746007919311523,511316000
2020-09-02,14.6239656123547,14.646841525282102,13.82457680383725,14.268654823303223,874012000
2020-09-03,13.753713485703926,13.809160874427366,12.80886846988595,12.944876670837402,945128000
2020-09-04,12.714382677983597,13.1035102928297,11.64123800223023,12.554008483886719,1463684000
2020-09-08,11.670827490333822,12.481902772745954,11.640742031689909,11.848359107971191,795728000
2020-09-09,12.332714361952345,12.739743935097291,12.165377241772093,12.646005630493164,736200000
2020-09-10,12.91876810424412,12.994355926622518,12.10097942091234,12.24494457244873,698684000
2020-09-11,12.417751873748696,12.583845521051666,11.83120166985141,12.098493576049805,636928000
2020-09-14,13.010021471853284,13.242751020108157,12.562711914830903,12.802403450012207,1201744000
2020-09-15,13.207939772230896,13.226588220643817,12.758144242528516,12.92050838470459,727556000
2020-09-16,12.88694277948844,13.02170750232912,12.445849671255177,12.446595191955566,556384000
2020-09-17,12.066419314288503,12.52143733948817,11.969448508524536,12.395872116088867,792512000
2020-09-18,12.525414964806158,12.563954399639542,11.923698214828766,12.123109817504883,698460000
2020-09-21,11.860292243862816,12.454549912007502,11.83990329972909,12.449328422546387,721044000
2020-09-22,12.506765396916883,12.579369239088551,12.089542285546635,12.569174766540527,646452000
2020-09-23,12.507264838221865,12.657943496885007,12.013708288878673,12.057966232299805,647012000
2020-09-24,12.006745263131892,12.50129674587653,11.948810907879453,12.280998229980469,731240000
2020-09-25,12.379957458878538,12.813591501629551,12.179302394354629,12.80389404296875,588016000
2020-09-28,12.969490173812693,12.980928128577803,12.680815317290046,12.964268684387207,573808000
2020-09-29,12.867298209631182,13.369806586512889,12.863071696016648,13.153984069824219,621460000
2020-09-30,13.086107461833182,13.548584516215799,13.078896967384146,13.457083702087402,689184000
2020-10-01,13.683347244338666,13.688070771976735,13.387709427168113,13.54062557220459,525004000
2020-10-02,13.153238276064698,13.44613964716638,12.980181706832932,12.991371154785156,552496000
2020-10-05,13.164180603468921,13.570215266382487,13.151002149843272,13.568474769592285,479820000
2020-10-06,13.754958174616215,14.065265531960174,13.590853504578481,13.661965370178223,784420000
2020-10-07,13.923783860981324,14.042635582326085,13.788272695610392,13.888227462768555,418084000
2020-10-08,13.998623605962193,14.00807255622339,13.683344327813055,13.763655662536621,378900000
2020-10-09,13.692298713449562,13.749238090470126,13.586625429092514,13.688071250915527,346892000
2020-10-12,13.913591958690121,14.26915221248606,13.837010100395466,14.148808479309082,434744000
2020-10-13,14.218925925974037,14.27064381415561,13.94268301085505,14.170937538146973,344604000
2020-10-14,14.212959397087152,14.264925797389301,13.884253040032485,14.018769264221191,276100000
2020-10-15,13.73581225732956,13.929753875044918,13.693045357210385,13.894198417663574,267224000
2020-10-16,13.96058405122219,14.044874357852594,13.717659097272511,13.736556053161621,242392000
2020-10-19,13.82756066882384,13.90762351790688,13.334003224238439,13.42451000213623,298068000
2020-10-20,13.509794959370556,13.724871990223454,13.43371011402251,13.57145881652832,229212000
2020-10-21,13.551070803924599,13.716667466639537,13.40437110040084,13.451364517211914,219596000
2020-10-22,13.449124433979557,13.537889759866344,13.159951596832498,13.288500785827637,290480000
2020-10-23,13.37701701892779,13.519490174370686,13.21912885025494,13.51650619506836,233484000
2020-10-26,13.35414524503633,13.618453219253427,12.967753030635334,13.069945335388184,336896000
2020-10-27,13.233801206707778,13.369063898523823,13.119922439853289,13.32405948638916,250520000
2020-10-28,13.126385854290977,13.188049707227659,12.540582096891148,12.558484077453613,376520000
2020-10-29,12.768836445909805,13.121164188121782,12.680816637076695,12.953330039978027,320080000
2020-10-30,12.78027345863708,12.866303309085502,12.23325768967022,12.465988159179688,416820000
2020-11-02,12.589068316716522,12.767096951899822,12.32774434236848,12.512486457824707,299652000
2020-11-03,12.639543959659182,13.033892198032655,12.53436767259809,12.948856353759766,272900000
2020-11-04,13.316598246406535,13.752470792021674,13.264631851760678,13.719400405883789,410228000
2020-11-05,14.08565213447711,14.261193784268926,13.915082519116078,14.083165168762207,319028000
2020-11-06,14.03318896935885,14.509589961526343,13.819604883139405,14.482985496520996,383348000
2020-11-09,14.47353602436871,14.611781731679114,13.536896506652354,13.556787490844727,582976000
2020-11-10,13.532666592405809,13.532666592405809,12.559725327444882,12.700706481933594,644068000
2020-11-11,12.982917325795599,13.362098953188866,12.877989573512085,13.34519100189209,404744000
2020-11-12,13.405861285173073,13.691303689939454,13.243745638126441,13.383731842041016,365812000
2020-11-13,13.553304602279749,13.594579503194321,12.988386882116803,13.224846839904785,346312000
2020-11-16,13.101024751247351,13.575436751077367,13.084614759446428,13.441915512084961,413776000
2020-11-17,13.478961861207623,13.522474277402354,13.231561881843696,13.349418640136719,312028000
2020-11-18,13.392184564746637,13.531922248694801,13.113455665930692,13.35588264465332,510924000
2020-11-19,13.141056448609183,13.414315378972356,13.028918190667222,13.367321968078613,565936000
2020-11-20,13.38099976881275,13.421279706819114,12.994109574709524,13.01673698425293,341088000
2020-11-23,13.099782179302716,13.309885276431308,12.94487701698277,13.06870174407959,361356000
2020-11-24,13.07118878802459,13.090582761074899,12.815086285194447,12.887441635131836,346500000
2020-11-25,12.961783178468291,13.197496680970419,12.949351195798258,13.162935256958008,259916000
2020-11-27,13.302427107961007,13.334751028195774,13.099036529844811,13.18929386138916,167276000
2020-11-30,13.193022390006243,13.339722070023917,12.901860540365371,13.328781127929688,286952000
2020-12-01,13.419038982985601,13.455340904435158,13.156470608275669,13.317343711853027,296948000
2020-12-02,13.278059756096301,13.599307099572938,13.162440495333444,13.471007347106934,283360000
2020-12-03,13.517766430386201,13.589894576674254,13.260593943208093,13.327249526977539,199520000
2020-12-04,13.37947526765477,13.490403730262978,13.320032329165677,13.488662719726562,202244000
2020-12-07,13.53144416609202,13.660777082523387,13.430714113847694,13.53691577911377,223244000
2020-12-08,13.51527623845567,13.528955743710782,13.2133337505307,13.281482696533203,271920000
2020-12-09,13.232238946348641,13.345156083678086,12.802207321709657,12.864386558532715,401300000
2020-12-10,12.802953380691694,13.001678158655883,12.783552731095787,12.905673027038574,207764000
2020-12-11,12.900696337580094,12.953176186221913,12.75718677443914,12.946460723876953,209264000
2020-12-14,13.020829182897314,13.320035433419807,13.010383117244352,13.240446090698242,270156000
2020-12-15,13.3707718895099,13.39489745979019,13.11907107095995,13.291929244995117,193016000
2020-12-16,13.3536122578648,13.368287035609647,13.144689988892607,13.17453670501709,223116000
2020-12-17,13.2981479389699,13.310833124873806,13.110864499454864,13.27277946472168,231384000
2020-12-18,13.310337250690258,13.336203838676397,13.003421166081223,13.203886985778809,342064000
2020-12-21,13.007645399918461,13.30138000486994,12.900945634831366,13.263823509216309,302332000
2020-12-22,13.25089297888134,13.26880025003233,12.98700409143935,13.210103034973145,185580000
2020-12-23,13.187966443845962,13.206868984202535,12.938255185424696,12.942482948303223,179144000
2020-12-24,12.970337770352513,13.0650990425598,12.872344005635338,12.927061080932617,97884000
2020-12-28,12.995460029586082,12.995460029586082,12.697746203513814,12.833793640136719,212564000
2020-12-29,12.858665667551723,13.005408696448747,12.776340043671759,12.876821517944336,170372000
2020-12-30,12.923579073766286,13.145932243119045,12.830559761023274,13.07828140258789,225396000
2020-12-31,13.069081697926531,13.083506947592985,12.84871807733126,12.98799991607666,192424000
2021-01-04,13.036991863735198,13.582428145882906,12.895969067346883,13.046194076538086,560640000
2021-01-05,13.032515008791458,13.374500709510423,13.019830774635874,13.335949897766113,322760000
2021-01-06,13.15463928774817,13.177023851121177,12.521406527298588,12.549759864807129,580424000
2021-01-07,12.900947707097602,13.309092875319838,12.820364039094777,13.27551555633545,461480000
2021-01-08,13.293919104792138,13.352118201712143,12.975063652438749,13.208608627319336,292528000
2021-01-11,13.349880341033488,13.889347964433247,13.293919414175052,13.551589965820312,518344000
2021-01-12,13.681920173620775,13.683910713956553,13.276512193527163,13.415544509887695,291476000
2021-01-13,13.420766522441607,13.555073904431215,13.316305857858495,13.462302207946777,210028000
2021-01-14,13.505330358708365,13.529953094168745,13.112855226974897,13.132503509521484,283120000
2021-01-15,13.160110379541644,13.256861253737839,12.78255862740494,12.793501853942871,277780000
2021-01-19,12.949446142963154,13.02679731028673,12.77808038942773,12.95840072631836,226188000
2021-01-20,13.044458284042483,13.361572793196219,12.98974119703935,13.297155380249023,258572000
2021-01-21,13.349633500056223,13.92740343699707,13.18498319061641,13.796329498291016,337780000
2021-01-22,13.66948319202541,13.770711361469516,13.55731179569324,13.64212417602539,246820000
2021-01-25,13.71101709190849,13.75752722329833,13.168565561333795,13.583176612854004,251112000
2021-01-26,13.510800674012138,13.574720917203404,13.318791364133517,13.366296768188477,163980000
2021-01-27,13.162099460401164,13.164835741319445,12.728088683861888,12.851452827453613,371272000
2021-01-28,12.929547927045675,13.271285077100378,12.893981023989753,12.984016418457031,228316000
2021-01-29,13.007893762775277,13.266310987846254,12.845233076128466,12.923081398010254,271552000
2021-02-01,12.986258366188409,13.202641846107586,12.83653046690739,13.169065475463867,217204000
2021-02-02,13.32998116267854,13.502341204888827,13.21731169011885,13.487170219421387,220440000
2021-02-03,13.56601739761025,13.860250172849762,13.447131481428253,13.4610595703125,245408000
2021-02-04,13.46155368214579,13.603322239769158,13.269295813752072,13.594120025634766,201340000
2021-02-05,13.654558996907936,13.666746072596897,13.476228255580894,13.521245956420898,169152000
2021-02-08,13.656799251100956,14.39946808686002,13.656799251100956,14.36464786529541,434624000
2021-02-09,14.267149863534422,14.50840560388812,14.149506854766857,14.190048217773438,287560000
2021-02-10,14.389018911932702,14.828501247250246,14.267893903608194,14.68847370147705,485352000
2021-02-11,14.903366783802442,15.19386796154073,14.848400177999755,15.172477722167969,450828000
2021-02-12,14.972757696636352,15.21276954512142,14.699168535050127,14.8844633102417,374756000
2021-02-16,14.986937029281831,15.293605449198264,14.873273202629141,15.251571655273438,321960000
2021-02-17,15.093138598804355,15.145369878254435,14.704145502301538,14.829499244689941,274756000
2021-02-18,14.653405352105606,14.796914923640662,14.50019545688719,14.75289249420166,233868000
2021-02-19,14.947389223018012,15.099106694714642,14.770551858754157,14.849892616271973,271724000
2021-02-22,14.698922288674808,15.055582861112889,14.251480563869782,14.282073020935059,325884000
2021-02-23,14.003010016724044,14.165671652932998,13.320779544823493,14.069417953491211,391780000
2021-02-24,14.050266151403216,14.432295120889417,13.685397759315164,14.42458438873291,448320000
2021-02-25,13.973411797379338,14.300972267995904,13.148418506907399,13.2391996383667,824436000
2021-02-26,13.68191671453805,13.78339344846942,13.292426514142514,13.644112586975098,500932000
2021-03-01,13.803788241965915,13.853531812773983,13.483689896095202,13.770709037780762,353184000
2021-03-02,13.828659823403687,13.849054792199592,13.32724682102197,13.337444305419922,264116000
2021-03-03,13.35734404205113,13.382463937464099,12.733063976194641,12.739033699035645,377592000
2021-03-04,12.73505231080037,12.908408604705867,12.021732172384384,12.306761741638184,573344000
2021-03-05,12.485589720652124,12.485589720652124,11.61930825304677,12.397543907165527,542840000
2021-03-08,12.38610197088301,12.407242680598653,11.507136309244094,11.5337495803833,543112000
2021-03-09,12.072160122978335,12.556330138602013,12.001500032074086,12.46029281616211,521824000
2021-03-10,12.779009616841924,12.917841248683985,12.397844294613398,12.40854263305664,384376000
2021-03-11,12.88798468790623,12.983774296200266,12.673516798492331,12.931276321411133,299916000
2021-03-12,12.587679111203993,12.827027841808514,12.52970858536921,12.794434547424316,243964000
2021-03-15,12.803140232452149,13.143502391712138,12.706107314755066,13.128076553344727,221988000
2021-03-16,13.292538027663083,13.447791111083193,13.05393623427105,13.227601051330566,272128000
2021-03-17,12.9773072376736,13.388826961883396,12.927297814425758,13.277363777160645,243864000
2021-03-18,13.07359132528923,13.120863512138007,12.656099908286295,12.66157341003418,293896000
2021-03-19,12.688943665971406,12.859622603426773,12.552102306453984,12.784235000610352,299208000
2021-03-22,12.850911525294125,13.330353977872695,12.844939742774393,13.123101234436035,297804000
2021-03-23,13.190775433395043,13.280593244475526,12.958891459690443,13.00815486907959,222048000
2021-03-24,13.088271002303621,13.096233063845542,12.576235180945393,12.582454681396484,245840000
2021-03-25,12.439643393307525,12.653862631787966,12.213232870066019,12.475221633911133,295144000
2021-03-26,12.494377961706281,12.794683107271615,12.31424498723302,12.777764320373535,363968000
2021-03-29,12.758857466926408,12.999947849243705,12.639183556428844,12.886244773864746,273520000
2021-03-30,12.780500784061243,12.913112896753688,12.644156781650523,12.810108184814453,200204000
2021-03-31,12.953169750877729,13.405990711832604,12.92032779315816,13.284326553344727,314776000
2021-04-01,13.507253333989027,13.803576941304831,13.446544640826513,13.745606422424316,308276000
2021-04-05,13.801089845669066,13.946887903270396,13.667233455346796,13.920515060424805,255672000
2021-04-06,13.932707577763324,13.986946213948366,13.707541356464933,13.795119285583496,191744000
2021-04-07,13.814276132527263,14.175289010956332,13.645837117597932,14.07576847076416,251284000
2021-04-08,14.184495575099847,14.402198005906836,14.180762736178757,14.248437881469727,244416000
2021-04-09,14.14593123495432,14.339002443747564,14.10711843994296,14.331040382385254,195172000
2021-04-12,14.221319152451406,15.278979704341099,14.07153957274633,15.1361665725708,869324000
2021-04-13,15.158558477798532,15.624815043568274,15.053314813963015,15.604413032531738,676212000
2021-04-14,15.550176216248406,15.645218885689257,15.15457969534275,15.203843116760254,385500000
2021-04-15,15.587497582844618,16.136605607490903,15.55664589544374,16.059974670410156,598480000
2021-04-16,15.976123314232588,16.08833436820493,15.789272566562536,15.836297035217285,335208000
2021-04-19,15.46209570767448,15.731797798065214,15.160048993973174,15.288182258605957,404420000
2021-04-20,15.24986813446878,15.422785985221951,14.89134381807293,15.098596572875977,334132000
2021-04-21,15.04634851396947,15.28893180639827,15.029928007995823,15.286941528320312,216776000
2021-04-22,15.301373537595584,15.36456985674152,14.712705780400412,14.779136657714844,277788000
2021-04-23,14.86273203688158,15.261563065807191,14.828895411965819,15.192147254943848,227500000
2021-04-26,15.112283003056701,15.40487477930476,15.052569911420672,15.403879165649414,197796000
2021-04-27,15.503896739298003,15.595456172950886,15.280969463843478,15.308089256286621,164572000
2021-04-28,15.290922515939359,15.457869551472516,15.142635880213009,15.203592300415039,209416000
2021-04-29,15.32625115862929,15.362576342418699,14.999324504524623,15.251361846923828,173196000
2021-04-30,15.101830901269981,15.291417919862836,14.925180214363863,14.937620162963867,201912000
2021-05-03,15.0525689765553,15.173735815261006,14.716685585647,14.76569938659668,203912000
2021-05-04,14.567155728925739,14.567404395065287,13.94315842316622,14.282525062561035,405324000
2021-05-05,14.63855847088675,14.742558788944459,14.318598303856616,14.38925838470459,292024000
2021-05-06,14.42583498413653,14.501471248397452,14.149913337833981,14.453452110290527,193380000
2021-05-07,14.737334332362575,14.899055557162523,14.601487668316276,14.741314888000488,229328000
2021-05-10,14.716434736221853,14.73509513395343,14.181758011696585,14.197432518005371,268904000
2021-05-11,13.758793450883047,14.286006409049536,13.684152807210628,14.237738609313965,285584000
2021-05-12,13.942410098916847,14.191959832815755,13.64359884835176,13.692612648010254,303408000
2021-05-13,13.966543750646617,14.013319554436475,13.39454620795062,13.599808692932129,285404000
2021-05-14,13.823480278695746,14.259382396455385,13.682657460128112,14.174789428710938,258616000
2021-05-17,14.089202579320993,14.101393861667164,13.787156796805611,14.097661972045898,216980000
2021-05-18,14.19867448290616,14.335267129390546,13.936933523346982,13.948627471923828,186256000
2021-05-19,13.501529742338581,14.012073471257523,13.478391458639676,13.99838924407959,344000000
2021-05-20,14.23400657092492,14.613431183534683,14.202160225647615,14.542522430419922,321592000
2021-05-21,15.09112955927418,15.149101021619929,14.798289203895255,14.919953346252441,672992000
2021-05-24,15.139648534960056,15.669598713415175,15.10332335245462,15.537236213684082,554816000
2021-05-25,15.690500473600698,15.742748836809902,15.408358363163579,15.572816848754883,435408000
2021-05-26,15.658899315983863,15.718114114485589,15.51160831799245,15.624813079833984,370440000
2021-05-27,15.624564822611564,15.67457423164348,15.385963061533063,15.41382884979248,581476000
2021-05-28,15.426769637119651,16.199550904569822,15.426769637119651,16.16670799255371,644536000
2021-06-01,16.19208753443209,16.309771158745168,15.827093093833488,16.186613082885742,472804000
2021-06-02,16.174420647544324,16.837728952367616,16.157750527142543,16.697900772094727,594168000
2021-06-03,16.620770279953966,17.17634723996849,16.503584018913063,16.88848114013672,580008000
2021-06-04,17.030546995580625,17.576420274353822,17.013630109860085,17.494068145751953,617120000
2021-06-07,17.487106098679014,17.727199894884183,17.11041866627379,17.534626007080078,575756000
2021-06-08,17.443307124117386,17.537105459755146,17.168379331546557,17.373394012451172,323848000
2021-06-09,17.435870000313866,17.494849668151033,17.17705550697032,17.27908706665039,381656000
2021-06-10,17.270876544033722,17.41222915736258,17.09767027526533,17.34553337097168,287772000
2021-06-11,17.399776046347206,17.857430256597556,17.36418966363082,17.74394989013672,416308000
2021-06-14,17.82433434092857,17.957224622706175,17.582193863360512,17.936569213867188,321376000
2021-06-15,17.833287216730746,17.934075092596363,17.6471398856024,17.70736312866211,243032000
2021-06-16,17.709609271497378,17.872860848959444,17.50429881095447,17.729019165039062,307124000
2021-06-17,17.693437053578737,18.74909970508031,17.6752707710507,18.572160720825195,809656000
2021-06-18,18.698329309981435,19.286633450241315,18.499240721357857,18.553741455078125,968856000
2021-06-21,18.3511693418325,18.451959152942997,17.741463607959098,18.34320640563965,672384000
2021-06-22,18.38725647206684,18.877261882587188,18.302145702434846,18.80061149597168,580144000
2021-06-23,18.92105744176349,19.065396569450836,18.821513150301545,18.9703311920166,332356000
2021-06-24,19.140058125456942,19.331430625682103,19.00119278333372,19.117908477783203,320924000
2021-06-25,19.192566694456715,19.257270776737716,18.80832746643894,18.944204330444336,278364000
2021-06-28,19.272942678257742,19.987170822608995,19.230885700756392,19.893848419189453,495436000
2021-06-29,19.79181849083902,20.007081674259897,19.567346857383377,19.93541145324707,367632000
2021-06-30,19.908036750212215,20.070542160413943,19.77315479150044,19.911272048950195,326568000
2021-07-01,20.03320892913207,20.362698599818273,19.927691503951646,20.11981201171875,480136000
2021-07-02,20.3470264154675,20.411730494811923,20.195221786226497,20.39356231689453,342764000
2021-07-06,20.64292096446594,20.746944185216677,20.257438112216875,20.60409927368164,446708000
2021-07-07,20.758390496324644,20.779792073320536,20.239269348710295,20.278837203979492,418428000
2021-07-08,19.76593512559663,20.04117280914113,19.610895227946322,19.811973571777344,503300000
2021-07-09,19.871452007779578,19.988665125073833,19.664151776378613,19.95880126953125,296624000
2021-07-12,20.14768905227268,20.439103283844226,20.09567744553801,20.418947219848633,321984000
2021-07-13,20.30745722182195,20.36793111155692,20.022264856454754,20.157644271850586,290708000
2021-07-14,20.26489928311296,20.3246250945611,19.662659112833513,19.75100326538086,380100000
2021-07-15,19.721396124960993,19.75648507376061,18.772492675300512,18.879751205444336,550564000
2021-07-16,18.94370627742423,19.06962851714903,17.990572779108614,18.078170776367188,688224000
2021-07-19,17.83354040544613,18.95515041008201,17.784016036287866,18.6940975189209,749060000
2021-07-20,18.644572891370625,18.75208011096828,18.08115440605644,18.527111053466797,434687000
2021-07-21,18.79588046130681,19.437939116174313,18.65651959928261,19.32147216796875,371017000
2021-07-22,19.552414359226333,19.7962958674944,19.18808253655946,19.5046329498291,323826000
2021-07-23,19.5663502862294,19.610150227595415,19.16220189145238,19.46879768371582,195672000
2021-07-26,19.222927760778727,19.35332891748849,18.827737126381447,19.206005096435547,203943000
2021-07-27,19.177132989949083,19.532505085696283,18.655522752528007,19.120393753051758,248863000
2021-07-28,19.230890227163382,19.556398512743925,18.908368517411507,19.414051055908203,202191000
2021-07-29,19.429975408460677,19.762453610725807,19.239846550542488,19.572324752807617,190781000
2021-07-30,19.32943286615587,19.54046581793175,19.17514104352935,19.410064697265625,183497000
2021-08-02,19.610150452043428,19.869959730520304,19.27269590837672,19.659921646118164,217444000
2021-08-03,19.649973548645775,20.12977568929753,19.132344604430187,19.724632263183594,301811000
2021-08-04,19.89882869548474,20.225333759526567,19.737566897497963,20.181533813476562,231309000
2021-08-05,20.40650479203226,20.638441941721155,20.249224447514635,20.542879104614258,211435000
2021-08-06,20.430395502608686,20.476185237621273,20.117826497097322,20.273115158081055,178497000
2021-08-09,20.352754509646473,20.414472030060548,20.051136852122948,20.202444076538086,146443000
2021-08-10,20.229316742427432,20.336823982919242,19.744536419810593,19.845077514648438,179238000
2021-08-11,19.951584652682246,19.957557803565333,19.341381532525443,19.609153747558594,185925000
2021-08-12,19.779376396027782,19.937649714347675,19.53051661292987,19.81421661376953,151652000
2021-08-13,19.814217948269306,20.121808676083944,19.760463380904792,20.09592628479004,183063000
2021-08-16,20.043168322323123,20.194475504529578,19.364277685801866,19.859012603759766,210876000
2021-08-17,19.595219037943533,19.679832352567306,19.179126204409833,19.36925506591797,204585000
2021-08-18,19.41106621785206,19.544455857793075,18.91334657124047,18.95316505432129,285913000
2021-08-19,19.405086437006283,20.401522180985236,18.67642477392153,19.707700729370117,766555000
2021-08-20,19.899825465212288,20.76983992496617,19.84209132480141,20.7210636138916,675741000
2021-08-23,20.875356807002596,21.896676532709122,20.854452674261367,21.85785484313965,575807000
2021-08-24,21.653790746731485,21.858850614050873,21.43678457528005,21.693607330322266,297299000
2021-08-25,21.637863490780983,22.367520297278727,21.62293250890913,22.111692428588867,347701000
2021-08-26,22.098749850642953,22.23811072383032,21.6906199517518,21.96735191345215,237940000
2021-08-27,22.0828224516965,22.61836882879445,22.06589978843184,22.532760620117188,304722000
2021-08-30,22.725870959777648,22.937898801193786,22.448144163408006,22.584518432617188,262580000
2021-08-31,22.59547666794216,22.59547666794216,22.022999320495497,22.286836624145508,259850000
2021-09-01,22.386396092304786,22.597466292510102,22.258957158391045,22.342588424682617,201767000
2021-09-02,22.41925336542852,22.493925233851396,22.197231693882596,22.297788619995117,187834000
2021-09-03,22.227100272958122,22.885200930384197,22.102648427978476,22.742828369140625,280532000
2021-09-07,22.732873642997227,22.798584206722087,22.423236609861565,22.562623977661133,198107000
2021-09-08,22.414274113005263,22.510848859948066,21.88062343636692,22.241037368774414,254434000
2021-09-09,22.214154452621685,22.43916319750874,22.033948443162565,22.07974624633789,196856000
2021-09-10,22.249994090682197,22.526774820922014,22.17233703498192,22.379425048828125,248376000
2021-09-13,22.584525817265025,22.863298640935614,21.76214779147206,22.054859161376953,297500000
2021-09-14,22.177318823418137,22.311727046467276,21.989148450540036,22.14446449279785,199755000
2021-09-15,22.211169379062365,22.268915596417685,21.869673111075127,22.24302864074707,166538000
2021-09-16,22.085723205642353,22.179310858145648,21.830845305683194,22.14446449279785,156033000
2021-09-17,22.20221211323288,22.223119935549295,21.734273781162077,21.803966522216797,294503000
2021-09-20,21.053268680937446,21.33901075751113,20.57139190308022,21.020414352416992,349440000
2021-09-21,21.323081688701794,21.33104602969822,20.858130525552628,21.15283203125,204688000
2021-09-22,21.272304527219312,21.863699567380518,21.103049939355934,21.844783782958984,268726000
2021-09-23,22.042908323767797,22.436176576629713,21.794004654713568,22.38340950012207,248555000
2021-09-24,21.973217562960425,22.0518716003552,21.765134441649685,21.984169006347656,217655000
2021-09-27,21.614793860062722,21.70340426569089,21.231483878149266,21.565013885498047,245215000
2021-09-28,21.1209676506168,21.325068556326013,20.560435036406435,20.608224868774414,343069000
2021-09-29,20.84817209585024,20.924834092595493,20.37724487487281,20.427026748657227,218394000
2021-09-30,20.676926507135207,20.973620032961403,20.59727740414024,20.625154495239258,221009000
2021-10-01,20.65900727941029,20.767528549150793,20.11440509795195,20.651042938232422,240978000
2021-10-04,20.414085560020563,20.451919028744175,19.46924770779128,19.645471572875977,345635000
2021-10-05,19.862516117895748,20.557455206159453,19.76693642818016,20.361318588256836,279282000
2021-10-06,20.031766035969262,20.62913326033317,19.991940541553486,20.609222412109375,297202000
2021-10-07,20.999505841929384,21.228498682857182,20.880033132647856,20.982582092285156,256919000
2021-10-08,21.00846523888015,21.113004324739432,20.683894639844777,20.739648818969727,151258000
2021-10-11,20.484775333931104,20.970634324809474,20.421054907907763,20.604248046875,163388000
2021-10-12,20.73666197268602,20.964657828842242,20.437978323976292,20.580350875854492,162134000
2021-10-13,20.82627159125142,20.897956364840443,20.62217061425667,20.847179412841797,180652000
2021-10-14,21.194648710999132,21.659599896985824,21.029376283806112,21.6506404876709,243589000
2021-10-15,21.71435462616983,21.834824285475865,21.56700484536949,21.76612663269043,226994000
2021-10-18,21.653624540532604,22.19324752272249,21.5490835543678,22.124549865722656,189494000
2021-10-19,22.178316480739,22.280865453012563,21.940366100720357,22.192256927490234,161473000
2021-10-20,22.207188763908334,22.334627718556206,21.885605224072492,22.006074905395508,146276000
2021-10-21,22.000095437948342,22.61140310749031,21.986156894632483,22.592485427856445,187590000
2021-10-22,22.72291561933294,23.02856856064082,22.46206541817937,22.626340866088867,249384000
2021-10-25,22.87225673076628,23.252581526641404,22.67014782202449,23.064411163330078,230235000
2021-10-26,23.88380013492317,25.148231194964065,23.819084651019782,24.608606338500977,485898000
2021-10-27,24.36667273808714,24.979970559191603,24.17551339728853,24.343772888183594,245990000
2021-10-28,24.7688996326781,24.840584383344975,24.415456914629402,24.831623077392578,234204000
2021-10-29,24.89136000637363,25.596255323739626,24.89036493868352,25.454877853393555,292503000
2021-11-01,25.536522381847643,25.78044692731383,25.11637208457716,25.713741302490234,265740000
2021-11-02,25.708765384211045,26.56101063434502,25.68686059809661,26.28522491455078,294112000
2021-11-03,26.55304424185898,26.666544637188032,26.11995237716791,26.481359481811523,239910000
2021-11-04,27.109591491333024,31.227453379184272,26.999078204026905,29.670312881469727,1153631000
2021-11-05,30.05462434801115,31.262304451458323,29.28103122028558,29.621532440185547,851260000
2021-11-08,30.016790243473928,30.963620114278918,29.775850888827506,30.66891860961914,503101000
2021-11-09,32.14043594172841,32.16831303240709,29.832600226347303,30.522560119628906,646746000
2021-11-10,29.22726785132228,30.714715789314535,28.65180150099656,29.329814910888672,636206000
2021-11-11,30.334391912355496,30.45585665879576,29.646422105832695,30.256732940673828,332172000
2021-11-12,29.87840015502357,30.545462142052177,29.500065470388805,30.256732940673828,413054000
2021-11-15,30.41802479111372,30.509620414960658,29.118747114504277,29.893335342407227,384909000
2021-11-16,29.628497753453818,30.256729228063044,29.57572877826621,30.07054901123047,264484000
2021-11-17,30.28460468714921,30.37520712128107,28.673700206648128,29.132678985595703,428508000
2021-11-18,32.22506137050019,32.61633569675382,31.183646972782004,31.536094665527344,781711000
2021-11-19,32.101611886418695,32.94290770891931,31.7650946968093,32.84035873413086,533867000
2021-11-22,33.37001411954836,34.49505972389229,31.760106571634346,31.815860748291016,754335000
2021-11-23,31.396703992512016,32.21808673780898,30.744575792955715,31.606779098510742,532163000
2021-11-24,31.323032237725272,32.71091813220103,30.792368699348174,32.53071212768555,435162000
2021-11-26,32.45703660205331,32.5665548230208,31.212520168167917,31.364849090576172,283069000
2021-11-29,32.22406052722856,33.265470940327184,31.895505914146472,33.22962951660156,454964000
2021-11-30,33.023541458568594,33.20673647061269,31.724265919380148,32.5327033996582,622066000
2021-12-01,33.07737601000796,33.1470772684117,31.24621379716434,31.300979614257812,484368000
2021-12-02,31.08091667285877,32.339527421049986,30.892721414598597,31.98902702331543,472890000
2021-12-03,31.863576198119162,31.992027850203964,30.00154762838603,30.562149047851562,544325000
2021-12-06,29.752607234466886,30.112068189261706,27.918461454083303,29.908939361572266,658938000
2021-12-07,30.825030363877005,32.31067051273475,30.520333192425742,32.288761138916016,593053000
2021-12-08,31.862576105811538,32.15233582192908,31.28703933130742,31.6903133392334,475551000
2021-12-09,31.598704034532002,32.06769853366914,30.298272298007166,30.360008239746094,488507000
2021-12-10,31.017194834238797,31.171534691574287,29.733690792322534,30.06925392150879,488825000
2021-12-13,30.12003667037444,30.16484489291169,27.9961292011688,28.040937423706055,598344000
2021-12-14,27.580906118057847,28.55573229210016,27.1338209994663,28.2161865234375,667035000
2021-12-15,28.278921661014024,30.369969093174348,27.7193173668591,30.329143524169922,698297000
2021-12-16,31.019191226073666,31.02715654259987,27.97323253537963,28.26597785949707,707366000
2021-12-17,27.865689688111814,28.79869516682683,27.64164857062036,27.68247413635254,713758000
2021-12-20,27.188587940382853,28.02400974051841,27.02927023764738,27.60082244873047,461847000
2021-12-21,28.25303061151138,28.995850397906604,27.284177433595826,28.95104217529297,524385000
2021-12-22,28.767829354035246,29.42899807324993,28.327712401555452,29.274658203125,395184000
2021-12-23,29.628141300237914,29.9308460734299,29.305523238717626,29.51363182067871,343022000
2021-12-27,29.53354885530447,30.95446509890773,29.51363366651382,30.81307029724121,403686000
2021-12-28,31.178507125619166,31.196430036361836,29.884048305079407,30.19272804260254,420591000
2021-12-29,30.14393618740853,30.41776338511472,29.240801560831677,29.87309455871582,343139000
2021-12-30,29.699833486975336,30.32714857163771,29.414058345471055,29.459861755371094,308864000
2021-12-31,29.547481729051853,29.901964783979967,29.205943733526727,29.285602569580078,266530000
2022-01-03,29.687889053615017,30.580069009930835,29.658016270092954,29.992584228515625,391547000
2022-01-04,30.147918368019972,30.33810404913154,28.22813864702251,29.16512680053711,527154000
2022-01-05,28.825579893631648,29.290589869699456,27.415618321755158,27.48631477355957,498064000
2022-01-06,27.522158750832368,28.316756884231587,26.94961135088401,28.057865142822266,454186000
2022-01-07,28.02102409273095,28.300826210955492,26.941644095796043,27.130834579467773,409939000
2022-01-10,26.467673635110437,27.351888211869046,25.534668178229204,27.28318214416504,594681000
2022-01-11,27.20651282406831,27.94535000609593,26.724577023199927,27.698406219482422,404089000
2022-01-12,27.947338113635016,28.473086907923104,27.49029538667551,27.879629135131836,383413000
2022-01-13,28.258006149078067,28.35857536952985,26.385025255824416,26.461698532104492,540171000
2022-01-14,26.187871987265602,27.081048984239747,26.098255540756934,26.82713508605957,395832000
2022-01-18,26.14804463261415,26.524433344257982,25.660133902473458,25.792566299438477,424270000
2022-01-19,25.96781525631739,26.42983583830402,24.94519334293258,24.960128784179688,488315000
2022-01-20,25.19612032401024,25.46994751510898,23.97534549383341,24.047039031982422,435181000
2022-01-21,23.40678352912288,24.717173064459438,23.163824281021945,23.274351119995117,718958000
2022-01-24,22.234798657209716,23.280321348926336,20.798947012783948,23.272356033325195,913982000
2022-01-25,22.44988020196596,22.84518895116685,21.906208409712576,22.22882652282715,664616000
2022-01-26,23.140916602745857,23.954432781138927,22.20492373788374,22.674911499023438,755959000
2022-01-27,23.46752162349448,23.89270120895478,21.582590638157097,21.850444793701172,573353000
2022-01-28,21.91815335328116,22.760547192328307,21.205206336859245,22.742624282836914,543774000
2022-01-31,23.083163840300895,24.40450780299976,22.95371892485848,24.38160514831543,564680000
2022-02-01,24.996969904301384,25.037795466622228,23.788145059709638,24.532957077026367,518925000
2022-02-02,25.684030811068062,25.70693156804896,24.448320550364187,25.134384155273438,543419000
2022-02-03,24.353723517852895,24.970083895234886,23.678614671732475,23.845897674560547,410178000
2022-02-04,23.869796077051603,24.529969498879858,23.531245506923437,24.215316772460938,354829000
2022-02-07,24.26809450688,25.074640699200273,24.098819192519745,24.622577667236328,376868000
2022-02-08,24.255148284706152,25.122435194530542,23.877764383475125,25.00095558166504,410359000
2022-02-09,25.51276352295215,26.611061657409135,25.244911267514784,26.59114646911621,524282000
2022-02-10,25.884173907605756,26.810207355807123,25.490857492439208,25.71390151977539,513200000
2022-02-11,25.80550800141122,26.040501880764474,23.671644989793617,23.846893310546875,605472000
2022-02-14,23.831959421608797,24.768947532154037,23.653721722186578,24.16353988647461,440424000
2022-02-15,24.84262993037753,26.43182609028829,24.67833439160507,26.38204002380371,699869000
2022-02-16,26.147045693944886,26.468668539900218,25.443059254688013,26.39797019958496,732676000
2022-02-17,25.520724748344236,25.67506458405284,24.061972575195895,24.40251350402832,810595000
2022-02-18,24.562829258106373,24.87947428103264,23.00151540777712,23.54120445251465,761255000
2022-02-22,22.936789580443467,23.96140174606812,22.901938955709063,23.29027557373047,633422000
2022-02-23,23.700523668904758,24.052019342712313,22.205923511795177,22.291555404663086,566511000
2022-02-24,20.925403538862675,23.698529751346676,20.800936466850946,23.646751403808594,735801000
2022-02-25,23.6198702807105,24.113754059814244,23.28131966006848,24.05401039123535,528866000
2022-02-28,23.88971413278726,24.559845228253224,23.605929341272788,24.281038284301758,477319000
2022-03-01,24.187434069516588,24.273067843411287,23.033375148114196,23.376903533935547,412056000
2022-03-02,23.658750292293792,24.309076976729223,23.319146643220492,24.120849609375,389642000
2022-03-03,24.16267940977901,24.226418496205614,23.37292639017765,23.616924285888672,365095000
2022-03-04,23.288271806116654,23.583059575930694,22.389963970849855,22.842105865478516,431415000
2022-03-07,22.723592102393823,22.93870935454276,21.242680010670902,21.264589309692383,450821000
2022-03-08,21.22176739996016,22.281410884459255,20.565464751978574,21.425928115844727,557467000
2022-03-09,22.295350571622645,23.12494059396146,22.15592431561285,22.919784545898438,492742000
2022-03-10,22.438763775975826,22.694711650925896,21.79242045485743,22.565244674682617,428066000
2022-03-11,22.927753683517206,23.050251249791206,21.955749323787682,22.00952911376953,367209000
2022-03-14,21.779472607816942,22.17086340274915,21.072380103418656,21.242679595947266,385354000
2022-03-15,21.429913984102225,22.94369219754842,21.23471717688526,22.878957748413086,491996000
2022-03-16,23.403796625061247,24.49630589121448,23.077140259936503,24.395719528198242,671422000
2022-03-17,24.021262124146144,24.740304734658185,23.808137465094195,24.66461753845215,471941000
2022-03-18,24.69748098703601,26.460235655741535,24.523198138240513,26.344709396362305,730719000
2022-03-21,26.398489377058596,27.040849423539733,25.860699040597943,26.62455940246582,591727000
2022-03-22,26.61758672052766,27.12649641555455,25.96526931574627,26.41541862487793,547007000
2022-03-23,26.019048781115384,26.50305932852309,25.47030568855705,25.529064178466797,502120000
2022-03-24,26.058885884967737,28.20406749144338,25.800945365640167,28.03476333618164,877379000
2022-03-25,27.77184031036565,28.241908164028267,27.15935821789396,27.57863426208496,579016000
2022-03-28,27.642377303838558,28.134354526494057,27.094627668908103,28.10348129272461,425494000
2022-03-29,28.57753047133925,28.827502401169717,27.865457327415218,28.5386905670166,488984000
2022-03-30,28.188131660804462,28.379345100642087,27.390410153130244,27.576644897460938,463487000
2022-03-31,27.668265181187795,28.13235706761943,27.158362081398682,27.17429542541504,523440000
2022-04-01,27.26293373491524,27.38343868051935,26.1594698017538,26.60264778137207,517235000
2022-04-04,26.61858452561167,27.44518668797612,26.504055527761597,27.247997283935547,397120000
2022-04-05,27.142432274200335,27.20716672096827,25.714302505747888,25.824848175048828,436615000
2022-04-06,24.831926142575206,25.19642705051053,23.904737678545857,24.307083129882812,703833000
2022-04-07,24.340942190832628,24.62079195567915,23.38188522206564,24.108896255493164,557992000
2022-04-08,23.819090390264524,23.825066344638063,22.967590974113833,23.024356842041016,524781000
2022-04-11,22.123067055304997,22.228632138318666,21.571334019140274,21.827281951904297,575207000
2022-04-12,22.44473805178245,22.631968138584455,21.1948747421812,21.415966033935547,662258000
2022-04-13,21.639052358381548,22.40789137072251,21.367169228856223,22.112106323242188,516943000
2022-04-14,22.41286958131203,22.683757345759695,21.07636432042871,21.170974731445312,569097000
2022-04-18,21.113213152266766,21.9975764845038,20.992708207900467,21.69382667541504,525701000
2022-04-19,21.631080558064472,22.281407142339205,21.22674253068013,22.10712432861328,512781000
2022-04-20,22.424823034682213,22.577196581632325,21.11321496007185,21.394060134887695,468974000
2022-04-21,21.620124015622107,22.300328408176068,19.918120945537606,20.100372314453125,656209000
2022-04-22,20.219886317241535,20.402137743310213,19.420174011970897,19.43511199951172,624713000
2022-04-25,19.12339100546342,19.863349361314793,19.017825948530263,19.820526123046875,641566000
2022-04-26,19.637283370463635,19.706996516542763,18.593573098917023,18.711090087890625,653143000
2022-04-27,18.521866304544144,19.088537274074934,18.215128478854176,18.339616775512695,499460000
2022-04-28,18.88935141084662,19.95497260986267,18.41430488131408,19.70101547241211,570327000
2022-04-29,19.32257448999954,20.045602297833724,18.441197185099483,18.4710750579834,500435000
2022-05-02,18.46509589745595,19.493865971063627,18.3157103580548,19.453035354614258,572049000
2022-05-03,19.320584361321686,19.743845733779274,19.054677146970047,19.521757125854492,475751000
2022-05-04,19.84144231861461,20.316488927908352,18.67423920836695,20.25075912475586,648855000
2022-05-05,19.78566592846384,19.843427141666254,18.424261790585792,18.76685333251953,626331000
2022-05-06,18.659298078838052,19.43212034048371,17.916351786613728,18.598546981811523,633297000
2022-05-09,17.960177470867976,18.180271567332927,16.758117645822335,16.880615234375,644455000
2022-05-10,17.616587170071877,18.12350429350738,16.955305773137006,17.522972106933594,761474000
2022-05-11,17.27598988657447,17.68032805554246,16.50017940475814,16.56192398071289,670167000
2022-05-12,16.15260230985151,16.71927317338393,15.503272000214082,16.108781814575195,708728000
2022-05-13,16.719276866807252,17.854609562915,16.52507542137206,17.63351821899414,670437000
2022-05-16,17.437320969728997,17.71517810760899,17.03597092632894,17.193323135375977,521446000
2022-05-17,18.00001156413309,18.295796644400493,17.561814118646062,18.102590560913086,585830000
2022-05-18,17.632518279068112,18.04382762467623,16.794961603480765,16.8686580657959,545161000
2022-05-19,16.867665016255632,17.614594729725628,16.665495022322716,17.05389976501465,621310000
2022-05-20,17.26104666528793,17.338726466049714,15.690502001783667,16.62565803527832,739105000
2022-05-23,16.207378932516523,16.845755601223512,16.112768519957527,16.828824996948242,639889000
2022-05-24,16.442415131665932,16.529058883354868,15.715402955185922,16.087871551513672,588550000
2022-05-25,15.954415901019841,17.04094904216001,15.93449732347587,16.905506134033203,781132000
2022-05-26,15.97034965113775,18.017932366337,15.956407026409044,17.77791976928711,996575000
2022-05-27,18.11155027204223,18.80370475029721,18.025901901467446,18.733991622924805,738379000
2022-05-31,18.902297823512807,19.12139838703036,18.27487779966752,18.59556007385254,664100000
2022-06-01,18.647352064034678,18.975003835969552,18.047815235455463,18.245004653930664,544514000
2022-06-02,18.21711762991746,19.53868493920684,18.123502575652576,19.511795043945312,648656000
2022-06-03,19.003881477132655,19.252858009305765,18.446172677395946,18.643362045288086,598779000
2022-06-06,19.06065056239769,19.25783996366541,18.488003681659272,18.709095001220703,422406000
2022-06-07,18.396378418350423,18.92221674094939,18.113540678276078,18.848520278930664,388914000
2022-06-08,18.726000947489727,19.105521994199414,18.463026152906487,18.57558822631836,363252000
2022-06-09,18.40923586335072,18.859480331996103,17.970943930182248,17.977916717529297,395574000
2022-06-10,17.531655320031188,17.628278767149297,16.803493073192044,16.9080867767334,465248000
2022-06-13,15.9378697072585,16.248658440141707,15.54539961251888,15.586240768432617,604153000
2022-06-14,15.669915702421072,16.00361491899296,15.352154151870845,15.774508476257324,469680000
2022-06-15,16.03249841468416,16.80249737716836,15.86415501064633,16.46282196044922,563936000
2022-06-16,15.79841368067241,15.880095995991596,15.341196388689442,15.540419578552246,545749000
2022-06-17,15.587237016415061,15.932889702329279,15.268479912389294,15.818336486816406,630334000
2022-06-21,16.41102650097026,16.94195585735891,16.343289760595702,16.501672744750977,483089000
2022-06-22,16.162992114105894,16.59729988882193,16.117171209417034,16.296472549438477,437135000
2022-06-23,16.45485004508153,16.520593728784007,15.791436941343258,16.1619930267334,463680000
2022-06-24,16.435929188204064,17.07344340934076,16.24666644132576,17.059497833251953,472153000
2022-06-27,17.244772067670773,17.262701818144645,16.561435211155498,16.803491592407227,427968000
2022-06-28,16.83437555051828,17.13520290564429,15.883083968904495,15.919940948486328,461149000
2022-06-29,15.752591579090298,15.758567846845672,15.111092291433094,15.481647491455078,482352000
2022-06-30,15.30135010720161,15.506550493203868,14.80428823063541,15.10013484954834,686070000
2022-07-01,14.841143578722336,15.004506284421517,14.336112418461335,14.46660327911377,577610000
2022-07-05,14.11995661407491,14.912865159719473,14.000422705433717,14.905892372131348,651397000
2022-07-06,14.951711308169411,15.259511371588435,14.731568857330023,15.071245193481445,529066000
2022-07-07,15.395983525090703,15.883084070808904,15.329243303503638,15.796422004699707,492903000
2022-07-08,15.37008313178978,15.974726402731946,15.329241976596508,15.776498794555664,467972000
2022-07-11,15.465710803070031,15.466707322744304,14.97960584604066,15.09316349029541,437321000
2022-07-12,15.208713215824096,15.371080384780623,14.819231694264086,15.023435592651367,458483000
2022-07-13,14.533345395566592,15.315296992454249,14.408830785871842,15.10511589050293,521918000
2022-07-14,15.049334455117044,15.412916908368315,14.670809905852426,15.312309265136719,456235000
2022-07-15,15.598193546303452,15.720715108541247,15.385023849466009,15.700793266296387,385935000
2022-07-18,16.23869470882499,16.83138346936928,15.939860454756344,16.038475036621094,670517000
2022-07-19,16.421982128219415,17.0435595776271,16.109202264221235,16.92601776123047,702366000
2022-07-20,16.881196521270358,17.863368015089698,16.735763519951277,17.737855911254883,760538000
2022-07-21,17.815549700814543,18.073542834559365,17.476869827222348,17.979907989501953,557049000
2022-07-22,17.823519553288822,17.897231611980214,17.07045465118201,17.25174903869629,536671000
2022-07-25,16.9529079098025,17.057501599171562,16.58434582326554,16.957889556884766,480748000
2022-07-26,16.823414211540268,16.85329839532214,16.414010963419933,16.46879768371582,397865000
2022-07-27,16.965858978034504,17.86634969294112,16.847321609237287,17.720916748046875,569776000
2022-07-28,17.90520156953599,18.069559869258693,17.372279182649145,17.914165496826172,474646000
2022-07-29,17.743827026455214,18.173153093615777,17.623296613411778,18.09246826171875,435460000
2022-08-01,18.111395452950937,18.77281848869698,17.920141583548578,18.3693904876709,476469000
2022-08-02,18.05163093309131,18.864462341148062,18.021746740904135,18.45406150817871,489527000
2022-08-03,18.113388905855146,18.89434491533446,18.066570532098716,18.81963539123535,418146000
2022-08-04,18.775801083392373,19.1991498415013,18.68714601454424,19.140378952026367,409652000
2022-08-05,18.736958353398986,19.154331957599457,18.593518416599398,18.915264129638672,386068000
2022-08-08,17.43403710855411,18.168174706690454,17.175046511530418,17.723905563354492,981859000
2022-08-09,17.18500716001782,17.379249624350564,16.65905763199982,17.019651412963867,668263000
2022-08-10,17.629275000459376,18.04764413055042,17.24975398460474,18.02672576904297,597422000
2022-08-11,18.06059496674186,18.63435848013521,17.806584108237903,17.87232780456543,509327000
2022-08-12,18.08948452029827,18.645318367215353,17.883287572264184,18.6363525390625,478094000
2022-08-15,18.628385243473794,19.089586785990303,18.540727596284007,18.958099365234375,457666000
2022-08-16,18.846526188812202,19.06766419608737,18.42915270932747,18.80568504333496,451240000
2022-08-17,18.451075096193428,18.61543340601533,18.074542628314358,18.263803482055664,446799000
2022-08-18,18.229934589865376,18.791743657859055,18.11239277422747,18.700101852416992,415447000
2022-08-19,18.33452409224492,18.448081715081848,17.700994191090388,17.779687881469727,441588000
2022-08-22,17.422086089328175,17.48982283565492,16.9001206145131,16.967857360839844,409593000
2022-08-23,16.92302685754724,17.397178237368543,16.904099637165128,17.114280700683594,369986000
2022-08-24,16.945935367801415,17.33840632607673,16.8293910435938,17.155120849609375,522661000
2022-08-25,16.7785918674599,17.877309377171127,16.767634901441976,17.843441009521484,770691000
2022-08-26,17.78766010205869,17.85439937298572,16.17394986366487,16.196861267089844,769127000
2022-08-29,15.957790614919103,16.27455462835807,15.705772821557588,15.739640235900879,496132000
2022-08-30,15.898025221954772,15.9767179755962,15.123046421676525,15.407936096191406,530181000
2022-08-31,15.324260876966457,15.479655236596056,14.900911041431531,15.03538703918457,573710000
2022-09-01,14.153822371676808,14.324158812735067,13.21846957505842,13.882879257202148,1178865000
2022-09-02,14.045246540395883,14.115969978398423,13.53822233999636,13.594005584716797,743157000
2022-09-06,13.67767991813969,13.725493859595561,13.299155414870102,13.412713050842285,535751000
2022-09-07,13.514346107743526,13.788360189278626,13.298124529340985,13.664804458618164,512657000
2022-09-08,13.410719244419383,13.957750598170398,13.321042892410091,13.939814567565918,624873000
2022-09-09,14.106215606366773,14.422078851833046,14.075327622967663,14.3353910446167,486612000
2022-09-12,14.31745676821465,14.49481775493603,14.147069690827237,14.45296859741211,484159000
2022-09-13,13.75248813020251,13.872057540165086,13.052009933725518,13.083894729614258,714956000
2022-09-14,13.206456253054055,13.242327368226784,12.86667985035143,13.08090877532959,588507000
2022-09-15,12.968313711994472,13.185531175680374,12.74412043844494,12.882621765136719,523625000
2022-09-16,12.696290273876313,13.164604509794684,12.57173868615092,13.150654792785645,670751000
2022-09-19,12.965324131066843,13.414706540772462,12.963331449798705,13.333996772766113,569685000
2022-09-20,13.167595196842449,13.434633475375263,13.010161983326146,13.128734588623047,524818000
2022-09-21,13.165603203916465,13.98066875064519,13.06297204241683,13.213430404663086,807679000
2022-09-22,13.02311260629753,13.101829674403485,12.383416458480022,12.515938758850098,759162000
2022-09-23,12.375447364597502,12.565762199000392,12.213031967666868,12.471102714538574,663309000
2022-09-26,12.446193464778984,12.61359104915648,12.170186671175692,12.184136390686035,547343000
2022-09-27,12.462134764959494,12.690313385658438,12.214028382542947,12.3684720993042,553854000
2022-09-28,12.365485345011257,12.77700402599907,12.309686459522334,12.690316200256348,542414000
2022-09-29,12.403346432766009,12.455159943744142,11.903147353863744,12.176164627075195,532763000
2022-09-30,12.043641657389104,12.587683536419725,12.031684619918396,12.095455169677734,565638000
2022-10-03,12.30271017308679,12.632523169207891,12.061577674019702,12.467118263244629,547478000
2022-10-04,12.832799262641858,13.172576558568696,12.832799262641858,13.119766235351562,584182000
2022-10-05,12.864685926402442,13.273215022829856,12.57572625208159,13.161616325378418,507131000
2022-10-06,13.172576390235374,13.607012205791838,13.05599552454441,13.08289909362793,644157000
2022-10-07,12.460141479897947,12.624549544676155,11.978874322115674,12.03268051147461,672478000
2022-10-10,11.993819734228161,12.08050753530761,11.367076415950967,11.62813663482666,698699000
2022-10-11,11.519530328501197,11.803507875660943,11.242527641790893,11.544441223144531,667482000
2022-10-12,11.537464950855002,11.692904543242312,11.304304136894011,11.458747863769531,492590000
2022-10-13,10.931643641216205,12.034672869060671,10.774210439470531,11.917096138000488,850103000
2022-10-14,12.01375217799269,12.067558383304243,11.163812166904622,11.186729431152344,713432000
2022-10-17,11.476684255806191,11.905142137623429,11.475688390180704,11.845356941223145,580774000
2022-10-18,12.299718771902551,12.447187622313416,11.57632328719115,11.924071311950684,659362000
2022-10-19,11.836386661619711,12.305697731615245,11.791548012253855,12.007769584655762,523131000
2022-10-20,12.069548299667495,12.72319524071747,12.061576624677791,12.15025806427002,652398000
2022-10-21,12.054602792053803,12.453168520670618,11.844360180299446,12.421282768249512,609494000
2022-10-24,12.463133124887893,12.664408199415522,12.020725546952368,12.55380630493164,517457000
2022-10-25,12.64846488467942,13.252291014913888,12.618571815177777,13.213430404663086,505482000
2022-10-26,12.822835502603272,13.33997279819463,12.662412806623726,12.849738121032715,532953000
2022-10-27,13.581106467465899,13.788360510627266,13.07492839668743,13.128734588623047,583113000
2022-10-28,13.056995159747698,13.800319496329138,13.014149183187982,13.78437614440918,521040000
2022-10-31,13.728575742782882,13.788360930226967,13.24930122851385,13.448583602905273,486341000
2022-11-01,13.7614593301717,13.875050727465137,13.470506926844779,13.494421005249023,432817000
2022-11-02,13.800317291584546,14.159025547914593,13.16360959020308,13.17158031463623,672628000
2022-11-03,12.996213708431235,13.73156634689156,12.90952589233768,13.372857093811035,500065000
2022-11-04,13.93582958769378,14.177957930344933,13.647865776966073,14.105219841003418,612576000
2022-11-07,14.176962450071352,14.360302439141222,13.903946098084313,14.249700546264648,410061000
2022-11-08,14.747905225291545,14.837582527688992,14.165003709961418,14.549619674682617,595292000
2022-11-09,14.111196561878556,14.160021522270355,13.709642359692431,13.726581573486328,454414000
2022-11-10,14.746909510215898,15.716418731024099,14.49481681539553,15.693501472473145,700819000
2022-11-11,15.750298418180774,16.33021048888852,15.426464425019901,16.2684326171875,655487000
2022-11-14,16.159822116780518,16.480667518589406,15.864883468839679,16.23654556274414,527852000
2022-11-15,16.662011477829804,16.937020425655504,16.323231044656243,16.606212615966797,545876000
2022-11-16,16.104024034799696,16.30330545087524,15.816060231495598,15.852927207946777,649547000
2022-11-17,15.658627572163233,16.20765162732223,15.47927296101109,15.620763778686523,710894000
2022-11-18,15.90872657967121,15.944598642065296,15.065761621009438,15.35372543334961,492072000
2022-11-21,15.092664200239714,15.42148033094182,15.025904158444272,15.262054443359375,404739000
2022-11-22,15.273016528487188,16.0003984171812,15.067755150531777,15.980469703674316,472866000
2022-11-23,16.040256006522444,16.467718033836586,15.99043611685495,16.459745407104492,427241000
2022-11-25,16.259465648152826,16.427858142364496,16.11398946353445,16.211637496948242,167934000
2022-11-28,15.968509153770949,16.29832303773038,15.668590235782947,15.770223617553711,303741000
2022-11-29,15.770224418844657,15.874848252781751,15.464326492119582,15.58289909362793,298384000
2022-11-30,15.644694063052635,16.873586217572935,15.545027852999587,16.866609573364258,565298000
2022-12-01,16.942351563411925,17.207463965478787,16.579564270117494,17.077898025512695,470977000
2022-12-02,16.603491006042972,16.87657817899184,16.39020337504846,16.819766998291016,371389000
2022-12-05,16.623421575647185,16.93836855658918,16.41711062983356,16.554651260375977,352255000
2022-12-06,16.474918055552177,16.51777403742583,15.766286867339783,15.933727264404297,352694000
2022-12-07,15.719441428825348,16.1320623176005,15.614790838365689,16.066282272338867,372388000
2022-12-08,16.218777273371813,17.121758517727503,15.905822476444317,17.111791610717773,515456000
2022-12-09,17.1028160194911,17.524406752700667,16.91843304409184,16.944345474243164,465338000
2022-12-12,16.9802285062354,17.47955848372448,16.741028482869503,17.4765682220459,457328000
2022-12-13,18.469247954138357,18.727385645434474,17.65198080321333,18.011777877807617,656589000
2022-12-14,17.927063332040404,18.19118159319031,17.361953248979066,17.6151065826416,496888000
2022-12-15,17.08886734621949,17.26228734409324,16.64435432424313,16.8955135345459,478542000
2022-12-16,16.807808182556165,16.984218450652993,16.355320473806252,16.515783309936523,478232000
2022-12-19,16.516777854754576,16.55365331311345,16.091200695343332,16.19983673095703,354039000
2022-12-20,16.010470747950464,16.255651316160492,15.799178230906909,16.031400680541992,403260000
2022-12-21,16.060302979691098,16.571593975514052,16.04834193364069,16.446012496948242,325025000
2022-12-22,16.040369896727526,16.084223899243984,14.832408745526728,15.287885665893555,565045000
2022-12-23,15.145362798947778,15.287885933378956,14.833406075775102,15.155329704284668,349326000
2022-12-27,15.023771479202395,15.049684866029649,14.009163010503425,14.073946952819824,464902000
2022-12-28,13.880592209011148,14.214475953122395,13.837735273982746,13.989229202270508,351066000
2022-12-29,14.354008980352377,14.634071797044276,14.179591938632296,14.554338455200195,354923000
2022-12-30,14.28623425846336,14.580251302126825,14.185570989377842,14.565301895141602,310490000
2023-01-03,14.801511884284999,14.946029157402801,14.049027654749226,14.267297744750977,401277000
2023-01-04,14.518457369356272,14.803503604418882,14.193543517673458,14.699850082397461,431324000
2023-01-05,14.442711169863427,14.515467863086679,14.100853753433299,14.217464447021484,389168000
2023-01-06,14.425769075047109,14.959983243102146,13.987235680701085,14.809486389160156,405044000
2023-01-09,15.233071281819589,16.00249819636459,15.09054718354253,15.57592487335205,504231000
2023-01-10,15.455327619136956,15.908811394296471,15.42044439804722,15.855988502502441,384101000
2023-01-11,15.787216717511937,15.97458997371224,15.511139335336974,15.94767951965332,353285000
2023-01-12,16.046348710283624,16.581557963434708,15.440374057820266,16.455978393554688,551409000
2023-01-13,16.223760351513295,16.865615498543143,16.11113791019783,16.84269142150879,447287000
2023-01-17,16.842691082523842,17.66892924665794,16.842691082523842,17.643014907836914,511102000
2023-01-18,17.60812825910423,17.81344118394388,17.224410962438323,17.319095611572266,439624000
2023-01-19,16.979229999863364,17.139694698743703,16.675247952454153,16.70913314819336,452932000
2023-01-20,16.954318015492934,17.79650364180214,16.76893885833487,17.779560089111328,564967000
2023-01-23,18.003800565680926,19.180866519069262,17.758621977258553,19.129039764404297,655163000
2023-01-24,18.76426355229002,19.430038785893963,18.757286908397305,19.200803756713867,496204000
2023-01-25,18.849974303107246,19.30545212333689,18.51808381196262,19.258607864379883,449537000
2023-01-26,19.63535204186898,20.09880270917431,19.213761238604867,19.73601531982422,489535000
2023-01-27,19.397149193004687,20.55926424729607,19.340339917531214,20.29714012145996,542142000
2023-01-30,19.883518678793106,20.07288414739655,19.08618348633209,19.09814453125,488611000
2023-01-31,19.106126994725305,19.621404585071318,18.88686070349032,19.471904754638672,498017000
2023-02-01,19.625387611698173,21.121385582722432,19.545654255705372,20.87321662902832,660477000
2023-02-02,20.93002440394146,21.87586158032404,20.631024815710933,21.636661529541016,564276000
2023-02-03,20.93002073586232,21.67253897459517,20.719723419819307,21.029687881469727,429366000
2023-02-06,20.736670321605864,21.498124471655988,20.71673650906174,21.018728256225586,452197000
2023-02-07,21.31075078020512,22.184829243176587,21.07952350178786,22.0991153717041,664150000
2023-02-08,22.312397048764478,22.801761973525313,21.93466031131526,22.131004333496094,559651000
2023-02-09,22.5306740800766,22.943294124655456,22.046293449181803,22.262569427490234,523876000
2023-02-10,21.6177244226343,22.00443010232316,20.74165374341449,21.19413948059082,550737000
2023-02-13,21.466228060003054,21.974528792175906,20.892147277807663,21.715394973754883,474919000
2023-02-14,21.50609168201181,22.972190328812037,21.294798266195475,22.894451141357422,675474000
2023-02-15,22.473857186049795,22.778837224069242,22.032334555587305,22.688140869140625,420575000
2023-02-16,22.059248242228534,22.47485853992091,21.85393529520588,21.928686141967773,412026000
2023-02-17,21.5589207949287,21.66755683538447,20.905106608670902,21.316730499267578,465888000
2023-02-21,20.930021777294268,21.422375105842487,20.549294744904135,20.586172103881836,410015000
2023-02-22,20.6380006960692,21.03367717070481,20.3529525061691,20.684843063354492,513184000
2023-02-23,23.3618895618877,23.808396610345156,22.94827158681363,23.585142135620117,1117995000
2023-02-24,23.147606985640458,23.39577778263142,22.870533495406775,23.208402633666992,589716000
2023-02-27,23.59112499865335,23.800424307289973,23.37584516662916,23.422687530517578,452994000
2023-02-28,23.294117844928124,23.745609343959064,23.128670637340598,23.13863754272461,455963000
2023-03-01,23.11471933360439,23.1785071533375,22.432998534976818,22.622365951538086,460026000
2023-03-02,22.413061410979573,23.302087189252028,22.357246368821404,23.23630714416504,389415000
2023-03-03,23.24229205590769,23.82035928556431,23.052924647625705,23.810392379760742,412393000
2023-03-06,23.811386520323765,24.167195304458623,23.40873157565337,23.475509643554688,437429000
2023-03-07,23.525353628386604,24.04869267419401,23.167487988654617,23.214340209960938,515154000
2023-03-08,23.412711812029624,24.12345789128584,23.349911350313405,24.104516983032227,513573000
2023-03-09,24.09853264786072,24.376651390603612,23.309037961330453,23.36187171936035,501257000
2023-03-10,23.334956536006658,23.55226740158579,22.65411633700963,22.89236068725586,474866000
2023-03-13,22.680030644711543,23.224303041146445,22.226469997463255,22.893352508544922,421890000
2023-03-14,23.421682859195702,24.14239559716936,23.385795524923413,23.986888885498047,474910000
2023-03-15,23.685843355775486,24.209182394285897,23.286112651373358,24.1513671875,524486000
2023-03-16,23.950999843481604,25.507061113842557,23.81841921677658,25.4602108001709,583253000
2023-03-17,25.899814194990817,26.31549495979066,25.58680635854396,25.643627166748047,848547000
2023-03-20,25.533978703666488,25.94168541899632,25.050512165831673,25.818077087402344,432747000
2023-03-21,26.097193730071265,26.30852307379936,25.300721156644958,26.116132736206055,547408000
2023-03-22,26.34141790205971,27.50173767157012,26.154012813178745,26.3842830657959,797295000
2023-03-23,27.029233998126443,27.412020167294642,26.60557904977676,27.10499382019043,564889000
2023-03-24,26.945501524795564,27.08107103959281,26.27163910855887,26.694297790527344,454920000
2023-03-27,26.752110538725777,26.914595052367435,26.281603422052058,26.447078704833984,361026000
2023-03-28,26.363351140587802,26.42914237361527,25.768239273478084,26.326467514038086,356104000
2023-03-29,26.74015553257011,26.992353672026212,26.51287603862916,26.898651123046875,393694000
2023-03-30,27.142876388177367,27.412022850595726,27.016277275445294,27.296388626098633,364516000
2023-03-31,27.054157877093186,27.74596305741618,27.01926873122524,27.689144134521484,433933000
2023-04-03,27.421989811329777,27.911436002639256,27.249536675681906,27.87654685974121,398716000
2023-04-04,27.87754496966134,27.911437825351527,27.2206289482267,27.366167068481445,368592000
2023-04-05,26.74413916410164,26.912603331981877,26.311511909986283,26.795974731445312,515015000
2023-04-06,26.49991459021249,26.994346033960124,26.34341159102696,26.95148277282715,397654000
2023-04-10,26.738156744869016,27.533632944199486,26.58464452796212,27.49176597595215,395279000
2023-04-11,27.636309871277366,27.702101097960746,27.04019987081764,27.083065032958984,314378000
2023-04-12,27.28342808388289,27.381117678822534,26.36434353627186,26.411195755004883,446259000
2023-04-13,26.649439996093154,26.801955937603214,26.245722222126854,26.379297256469727,353615000
2023-04-14,26.420168322960834,26.79796926788527,26.13706621130104,26.673364639282227,395660000
2023-04-17,26.480973631209377,26.920578703015185,26.34939118660513,26.91659164428711,321471000
2023-04-18,27.445915621619545,28.02109026862938,27.270471706452536,27.579490661621094,604812000
2023-04-19,27.274456503625604,27.911435269103396,27.145864822992923,27.842653274536133,358660000
2023-04-20,27.58347456890567,27.941340187321615,26.914597451904964,27.018268585205078,427713000
2023-04-21,26.866752496922075,27.097022758549475,26.637480426106034,27.03322410583496,345103000
2023-04-24,26.92755907031357,27.27944127802104,26.586639849155418,26.956466674804688,339282000
2023-04-25,26.992355440703715,27.160821542530662,26.142054615008313,26.158002853393555,378527000
2023-04-26,26.916593006788613,27.243554654828017,26.620531540784825,26.870737075805664,406337000
2023-04-27,27.27645073990056,27.40803318885761,26.540784192741274,27.139883041381836,377161000
2023-04-28,27.13888546768262,27.67019858661315,26.985371350287174,27.66122817993164,292216000
2023-05-01,27.751942445275365,28.96609033128575,27.692132757184343,28.818557739257812,570329000
2023-05-02,28.58928602409841,28.74479273603856,27.994174201759634,28.120771408081055,402730000
2023-05-03,27.75194164873796,28.277275162589756,27.385105610028088,27.714061737060547,383387000
2023-05-04,27.563538380203276,27.77088065437449,27.153839081492926,27.474821090698242,321850000
2023-05-05,27.73798972558922,28.6640503542503,27.643290884306424,28.58928871154785,361494000
2023-05-08,28.431785713240817,29.127577928802488,28.260330759673817,29.058795928955078,344979000
2023-05-09,28.80759252115136,28.881357865661336,28.360013303057926,28.480628967285156,314869000
2023-05-10,28.9132576098521,29.020917714127965,28.37097953587767,28.793638229370117,369350000
2023-05-11,28.804599067442442,28.858429112011763,28.156655460539202,28.48760414123535,322149000
2023-05-12,28.438761858901234,28.688969297483915,27.957289789783168,28.2503604888916,274222000
2023-05-15,28.41783316796742,28.877375539649794,28.06296014304353,28.861425399780273,293926000
2023-05-16,28.749776627024,29.775523171518977,28.740806219257955,29.1205997467041,449405000
2023-05-17,29.49042332813896,30.103477811017896,29.336911110410703,30.082544326782227,432535000
2023-05-18,30.31381549594501,31.72732974738972,30.22410000650582,31.577804565429688,748725000
2023-05-19,31.436248639784157,31.48011008821705,30.818210809592202,31.165109634399414,473908000
2023-05-22,30.803258976791746,31.420302459294863,30.582959233506156,31.077390670776367,372000000
2023-05-23,30.901950109855278,31.189039301220525,30.53411773699589,30.5909366607666,356253000
2023-05-24,30.114442718121378,30.510188241482325,29.711721267992726,30.44140625,721419000
2023-05-25,38.40114883242656,39.3551225285011,36.51912017458201,37.859867095947266,1543911000
2023-05-26,37.770151547520655,39.04610163074743,37.43122683133464,38.822811126708984,714397000
2023-05-30,40.4666011461992,41.8053518099001,39.82264450499864,39.984130859375,923401000
2023-05-31,39.36309641035941,40.1675430373075,37.70236568816468,37.71432876586914,1002580000
2023-06-01,38.367256795979486,39.92332013723305,38.21872982052202,39.64420700073242,635873000
2023-06-02,39.970174994520356,40.37190020075976,38.934459847678006,39.20261001586914,482731000
2023-06-05,38.785927762163986,39.43985101130171,38.584567040791214,39.04710006713867,396094000
2023-06-06,38.70718026277856,39.03613447609746,38.02733445700801,38.531734466552734,388729000
2023-06-07,38.79592485025507,39.37813750275476,37.2416933197928,37.360328674316406,511998000
2023-06-08,37.60857556261879,38.74508691604915,37.390247671514786,38.39216995239258,417772000
2023-06-09,38.917552324899084,39.58948978920315,38.44899302917782,38.651371002197266,427717000
2023-06-12,39.08005218877828,39.4090404400651,38.49983232769968,39.36118698120117,388701000
2023-06-13,40.06304000704874,40.97524120979665,39.61840552630367,40.896480560302734,613208000
2023-06-14,40.69909255346784,42.86843336137479,40.42792162483218,42.86544418334961,740465000
2023-06-15,42.471645001516485,43.15654315104166,42.01803541267758,42.52248764038086,568622000
2023-06-16,43.317050916384595,43.587221609742976,42.53046366608263,42.561370849609375,655709000
2023-06-20,42.86643489919533,43.85540013452972,42.54342497305457,43.673954010009766,451153000
2023-06-21,43.367894115226505,43.481547516431846,41.95124449603973,42.91328811645508,551603000
2023-06-22,42.12370029133351,43.293111138125695,42.10476123210645,42.893341064453125,417737000
2023-06-23,42.33406238779236,42.67800411415032,41.88643500339502,42.07984161376953,358140000
2023-06-26,42.33106943872404,42.63314366936261,39.97729395118432,40.507667541503906,594322000
2023-06-27,40.6741670319384,41.811674756586335,40.32424305595563,41.74787139892578,462175000
2023-06-28,40.53558567810239,41.716961105450416,40.39402188289312,40.991188049316406,582639000
2023-06-29,41.43083429013432,41.472705590731,40.475765515924735,40.697086334228516,380514000
2023-06-30,41.552463254955796,42.41980006839875,41.37401012697036,42.17255783081055,501148000
2023-07-03,42.38690406882019,42.76673879586181,42.07286928017555,42.28322219848633,198209000
2023-07-05,42.00607674642851,43.04488832876735,41.95623049336352,42.187522888183594,323618000
2023-07-06,41.7159719008241,42.04994599038348,41.219494533498526,41.974178314208984,303582000
2023-07-07,42.19250176000006,43.08177451798843,42.050937955304576,42.372947692871094,355881000
2023-07-10,42.52647931127871,42.680007431696076,41.521560371587725,42.05093765258789,353908000
2023-07-11,42.35100568748728,42.627158483980864,41.93827488426671,42.275238037109375,298244000
2023-07-12,42.901329149439654,43.80056964792914,42.64611193757971,43.767669677734375,481277000
2023-07-13,44.38177994624532,46.01376808541058,44.35585853064173,45.8363151550293,478204000
2023-07-14,46.44046575236375,47.94086182574558,44.92212700668265,45.32987594604492,772075000
2023-07-17,46.14735782088338,46.35372133117237,45.123499999402384,46.31882858276367,510488000
2023-07-18,46.5581057196224,47.74944898576326,45.594065463977465,47.34867858886719,569164000
2023-07-19,47.31877361397163,47.6716905603688,46.59898261826371,46.93295669555664,427502000
2023-07-20,46.364689924192476,46.942916966787365,44.92411188572427,45.38071060180664,537865000
2023-07-21,45.64788666590239,45.7256509061837,43.9650522292709,44.17341232299805,963769000
2023-07-24,44.594137397549694,44.97098300663618,43.90525353851573,44.475502014160156,382516000
2023-07-25,44.803489544215395,46.04168599596265,44.78554306973034,45.53923034667969,348081000
2023-07-26,45.88019034589932,45.912093926904774,44.49344751779218,45.312931060791016,364237000
2023-07-27,46.37665353902674,47.2499724441027,45.6100056638695,45.75954818725586,455976000
2023-07-28,46.52520665161332,46.88310935590441,46.23908604851757,46.606956481933594,331194000
2023-07-31,46.610935000793745,46.98578389821118,46.36369278218995,46.58600997924805,251055000
2023-08-01,46.31783562150429,46.75649169459333,45.88616190163857,46.36469268798828,237858000
2023-08-02,45.69076177542876,45.699733110392835,43.254239992985966,44.133541107177734,530142000
2023-08-03,43.665975669938696,44.97994351428875,43.665975669938696,44.378787994384766,324176000
2023-08-04,44.84734857341807,45.50233587133729,44.25716100939372,44.54328155517578,362666000
2023-08-07,44.97296316545108,45.4006513036196,44.42663967720104,45.27802658081055,322154000
2023-08-08,44.71576081749796,45.10357050648728,43.92119857113271,44.527339935302734,353843000
2023-08-09,44.13852436844698,44.17641010034291,42.00507315736143,42.423789978027344,586449000
2023-08-10,42.03100157577808,43.44067657606507,41.70699522784932,42.258304595947266,492705000
2023-08-11,41.623246353337215,41.889431464332574,40.51464942799337,40.72998809814453,533085000
2023-08-14,40.36211972462702,43.665978621737146,40.187655955736346,43.61912155151367,690286000
2023-08-15,44.423651395520004,45.12948515568442,43.5762500445296,43.805545806884766,676512000
2023-08-16,44.38377612065419,44.53830062758481,43.27318256792619,43.35293960571289,527451000
2023-08-17,43.83546018459533,43.927177736442225,42.86942340203336,43.21137619018555,452395000
2023-08-18,42.504541812711565,43.44465716941068,41.53252668330837,43.16651153564453,583768000
2023-08-21,44.35785535241688,46.920987674468684,44.08668826541733,46.82328796386719,692573000
2023-08-22,47.98771355577138,48.03955639191804,45.19428904679984,45.528263092041016,755293000
2023-08-23,45.72566082679112,47.05557870269102,45.06967322504148,46.97183609008789,779046000
2023-08-24,50.062352051208165,50.112198303952155,47.01470644607622,47.01869201660156,1156044000
2023-08-25,46.86814754737519,47.658720291728024,44.8862279220612,45.87718963623047,925341000
2023-08-28,46.33977940222967,46.83625678757084,44.75065853629143,46.69169998168945,685192000
2023-08-29,46.52321191086775,48.93082341552477,46.249051833640735,48.63473129272461,701397000
2023-08-30,48.893934114542816,49.77423173710802,48.27682864513261,49.11326217651367,735206000
2023-08-31,49.22891214982183,49.59179683011506,48.80820246885937,49.20398712158203,528570000
2023-09-01,49.609737178375475,49.64761910935292,47.99469138418687,48.36056900024414,463830000
2023-09-05,48.075449679419506,48.701530322132584,47.7135613998585,48.39945602416992,382653000
2023-09-06,48.29675192445169,48.404428217365016,46.44129363976494,46.920860290527344,468670000
2023-09-07,45.38943829933542,46.20599974475195,45.01754791417301,46.10330581665039,433330000
2023-09-08,45.80519166448395,46.46721201058955,45.13618839061398,45.4362907409668,473069000
2023-09-11,46.01058127939669,46.02553600450633,44.180049901886676,45.04347229003906,473966000
2023-09-12,44.60478224808882,45.536999459957386,44.39839790348207,44.73638916015625,349256000
2023-09-13,44.46719666176669,45.793238253815964,44.370485369123514,45.34956359863281,398355000
2023-09-14,45.8131750613874,45.85006363868303,44.996613561123056,45.445274353027344,370097000
2023-09-15,45.20598666420072,45.4632178335496,43.67755057038964,43.76927947998047,506831000
2023-09-18,42.620715019700796,44.11026598094779,41.8749411626801,43.835086822509766,500271000
2023-09-19,43.70247140180037,43.83507476757458,42.873944730153006,43.390403747558594,373064000
2023-09-20,43.47017933789476,43.77227855404522,42.09728045520226,42.11323165893555,367108000
2023-09-21,41.45918352017172,41.974642407997244,40.85797836127287,40.894866943359375,450736000
2023-09-22,41.448210386933276,41.98959657847822,41.10822617218465,41.48609924316406,479236000
2023-09-25,41.46715750384496,42.409343350786685,41.054388777119094,42.09627914428711,419091000
2023-09-26,41.87593363739022,42.692495155477644,41.53096324756663,41.78620147705078,402282000
2023-09-27,42.20395553022343,42.744341431006085,41.50504268914909,42.3415412902832,444935000
2023-09-28,42.33357225596652,43.31663645116769,41.98960209746007,42.96070098876953,424663000
2023-09-29,43.69650261452956,44.012560070194034,43.178050483736484,43.36948013305664,397830000
2023-10-02,43.898895197233884,45.04048630533509,43.73039968900947,44.648658752441406,433298000
2023-10-03,44.67456511201467,44.995608633318014,43.117216311211926,43.38740921020508,470850000
2023-10-04,43.61174925416727,44.011556163058,43.16308846642664,43.90985870361328,361821000
2023-10-05,43.918830935362585,44.7663021604217,43.75731457253386,44.554931640625,393483000
2023-10-06,44.061407980133865,45.65265626506475,43.89490543600504,45.625736236572266,434436000
2023-10-09,44.70847483791379,45.46920337034592,44.235887222293606,45.13819122314453,409675000
2023-10-10,45.17507531550578,46.12124684777387,44.95373627488307,45.66162109375,368582000
2023-10-11,46.05843799423147,46.71946573957931,45.91287284021887,46.666622161865234,378137000
2023-10-12,46.637703500484115,47.46722662331085,46.192036018518664,46.80520248413086,481325000
2023-10-13,46.82016719199545,46.97570471236393,45.145169391645375,45.32563018798828,474115000
2023-10-16,44.928816083518186,46.08735476029038,44.77826474104746,45.95774459838867,375099000
2023-10-17,43.86898271179327,44.620739164515385,42.35350830716708,43.807167053222656,812333000
2023-10-18,42.46417874850183,43.09031094806606,41.70046078038666,42.07035446166992,627294000
2023-10-19,42.68353205114289,43.16808505814558,41.75729727538286,41.97564697265625,501233000
2023-10-20,41.7652678682802,42.34354268783243,40.955685402910255,41.26376724243164,477266000
2023-10-23,41.10623136446677,43.11922033673946,40.82307664352765,42.84703063964844,478530000
2023-10-24,42.948735805892674,43.56688866084925,42.563887360787554,43.532989501953125,401463000
2023-10-25,43.26876906154992,43.52002136864502,41.431258603349754,41.65459060668945,398379000
2023-10-26,41.72837859858881,42.130178498809435,39.76125385517592,40.20592498779297,541001000
2023-10-27,41.00752725918924,41.08330116511961,39.895845748458264,40.37940216064453,416784000
2023-10-30,40.96465592174652,41.64163109365404,40.3604576251133,41.03843307495117,388028000
2023-10-31,40.329550161466386,40.757273552176585,39.11318181784756,40.658565521240234,517969000
2023-11-01,40.762256048704266,42.25479998188949,40.747301323669774,42.19896697998047,437593000
2023-11-02,43.19898202777144,43.75332619208585,42.76627622905822,43.3764533996582,409172000
2023-11-03,43.888919424366684,45.174078747791896,43.59280293696078,44.87098693847656,424610000
2023-11-06,45.15015696243412,45.798223011195105,44.765304753189504,45.614768981933594,400733000
2023-11-07,45.582867485335434,46.08037839216094,45.02353711440928,45.81816482543945,343165000
2023-11-08,45.96272659241924,46.72744479735544,45.83111967900613,46.43531799316406,346719000
2023-11-09,47.32565087128028,48.08637928139042,46.610786911501705,46.8101921081543,540496000
2023-11-10,47.35855037555058,48.32765599125812,47.142197520220506,48.191062927246094,421245000
2023-11-13,48.176125191900496,48.969756503887815,47.955782557805634,48.4752311706543,384136000
2023-11-14,49.5320711696309,49.68561194374708,48.89397746750015,49.508140563964844,416954000
2023-11-15,49.78631108074614,49.81123435682442,48.05647674137133,48.742427825927734,475497000
2023-11-16,48.53405466377334,49.377536290551284,48.18609481694431,49.33266830444336,339756000
2023-11-17,49.37653577909823,49.568961894077866,48.86107690035848,49.15121078491211,325205000
2023-11-20,49.16516232495467,50.39748190834169,49.0345518906684,50.25889587402344,414120000
2023-11-21,49.976737718443786,50.3665722694878,49.075430256470796,49.79528045654297,565747000
2023-11-22,49.703549221280575,50.18510881847485,47.54798478525453,48.57093048095703,899420000
2023-11-24,48.325669336815935,48.77532658141017,47.60282592861512,47.63373565673828,294645000
2023-11-27,47.65766154840481,48.38548731555285,47.510103445888454,48.09834671020508,395662000
2023-11-28,48.092373154701306,48.179115899772775,47.33164456706531,47.67860794067383,401491000
2023-11-29,48.23495273654885,48.61681177274642,47.71749705929675,47.99666213989258,382005000
2023-11-30,47.88099726514556,47.96674352591701,46.28377015509841,46.630733489990234,526247000
2023-12-01,46.38646445632827,47.05945375436282,46.04946966832762,46.62574768066406,369317000
2023-12-04,45.93979415914972,45.93979415914972,44.87597007312704,45.374481201171875,437543000
2023-12-05,45.33459997495961,46.46532151700449,45.140163841646064,46.43142318725586,371718000
2023-12-06,47.078540477295284,47.25004424942053,45.2807500654452,45.37148666381836,380590000
2023-12-07,45.56792757808214,46.49424361639184,45.47220434901942,46.46133804321289,350823000
2023-12-08,46.46033928594401,47.60302719608969,46.41546736033398,47.36870574951172,359224000
2023-12-11,47.35374217112069,47.39362367193701,45.69754350951452,46.49223709106445,509728000
2023-12-12,45.912927610504205,47.52824471452688,45.912927610504205,47.51927185058594,372387000
2023-12-13,47.49135110162281,48.45356234904266,47.47041188410191,47.94902420043945,447792000
2023-12-14,48.2501437897404,48.52933332337193,47.28494297084845,48.21025848388672,391232000
2023-12-15,48.05471159561218,49.26121358218172,47.980924159413945,48.74869918823242,479948000
2023-12-18,49.25722476890154,50.287236313694024,49.00794732331736,49.93226623535156,412587000
2023-12-19,49.281159865930675,49.55636317420033,48.75368939419547,49.46063995361328,464444000
2023-12-20,49.51148681248871,49.85449435490147,47.95898761649741,47.97195053100586,397894000
2023-12-21,48.669931851728876,48.95311145717248,48.279062673701084,48.84841537475586,300425000
2023-12-22,49.05281623744541,49.24027260571634,48.32691966505345,48.688873291015625,252507000
2023-12-26,48.82647939940057,49.45665286845571,48.81850309781851,49.13658142089844,244200000
2023-12-27,49.36791146455285,49.53642176515991,48.943140137976336,49.2741813659668,233648000
2023-12-28,49.49953204501984,49.73983287122963,49.26919684127221,49.37887954711914,246587000
2023-12-29,49.66903891502132,49.85250906748791,48.61010784761711,49.37887954711914,389293000
2024-01-02,49.10167999879026,49.15253129584884,47.457447488056715,48.02878952026367,411254000
2024-01-03,47.34776550065434,48.04474284454288,47.183241449788504,47.431522369384766,320896000
2024-01-04,47.62894825426151,48.35983153595327,47.3706979086473,47.859283447265625,306535000
2024-01-05,48.321941715696894,49.40380504311915,48.166390532700504,48.95510482788086,415039000
2024-01-08,49.368913779629096,52.12392933182719,49.3360082047019,52.10198974609375,642510000
2024-01-09,52.24956456447165,54.16800408255062,51.54061697774943,52.986427307128906,773100000
2024-01-10,53.4610522035269,54.442205820352854,53.334416522190715,54.192928314208984,533796000
2024-01-11,54.84004936433209,55.186046630349715,53.40520900250216,54.66355895996094,596759000
2024-01-12,54.46214745952533,54.811138243808735,54.172988448593486,54.55188751220703,352994000
2024-01-16,54.858995015384636,56.67074127144449,54.74133601464206,56.219051361083984,449580000
2024-01-17,56.18415552246115,56.3077977062965,54.581801354818275,55.89100646972656,474394000
2024-01-18,57.094513264905174,57.43353079531085,55.94484563035105,56.94195556640625,491650000
2024-01-19,57.8214070619552,59.3280417723161,57.05961512425851,59.319068908691406,543501000
2024-01-22,59.87545679775879,60.15664330232137,58.89928603895681,59.481597900390625,452955000
2024-01-23,59.39783691409728,59.73685443495751,58.41568304614902,59.6999626159668,294654000
2024-01-24,60.12972459836109,62.66736781993211,59.764781198476165,61.18466567993164,560271000
2024-01-25,62.169802358134476,62.53773920716308,60.67413746929077,61.43892288208008,482777000
2024-01-26,60.78382030493906,61.60444363196895,60.39794153183259,60.8546142578125,390309000
2024-01-29,61.055035142050976,62.30840232360706,60.73097744998884,62.28447341918945,348733000
2024-01-30,62.71821799882993,63.309502714007664,62.08006442941247,62.59257888793945,410735000
2024-01-31,61.262427961717485,62.089034402842934,60.52456880100295,61.349178314208984,453795000
2024-02-01,61.92052952927185,63.00837994825412,61.471833071842404,62.844852447509766,369146000
2024-02-02,63.789108872006786,66.40751896695984,63.50592925992764,65.96879577636719,476578000
2024-02-05,68.02782694293316,69.29615400361993,67.01077810938553,69.13162994384766,680078000
2024-02-06,69.42877233327619,69.552414531284,66.10840153882174,68.02584075927734,683111000
2024-02-07,68.12155362100862,70.01706057362387,67.40462981569888,69.89640808105469,495575000
2024-02-08,69.87148269785355,70.5894031052992,69.25427593719057,69.43973541259766,414422000
2024-02-09,70.32916305952648,71.97638935285751,70.00909157292358,71.92454528808594,436637000
2024-02-12,72.39017224345903,74.39536169687851,71.04407549243956,72.03919219970703,613710000
2024-02-13,70.19656002218674,73.23774158600555,69.41881527870093,71.91956329345703,602580000
2024-02-14,72.99044348203591,74.0214517262709,71.73009661007124,73.6864242553711,504917000
2024-02-15,73.65551962549853,73.76120847442633,72.19076331535655,72.44801330566406,420122000
2024-02-16,73.88583908151942,74.18696820662582,72.29146138961607,72.40313720703125,495327000
2024-02-20,71.73906612377016,71.74804279084927,67.53824458047887,69.25128173828125,704833000
2024-02-21,67.8094614044966,68.68891622407938,66.05654635382845,67.27700805664062,673755000
2024-02-22,74.80817959484354,78.34791554573746,74.00550573707999,78.31102752685547,865100000
2024-02-23,80.556523512217,82.15588435298636,77.34582786788651,78.58922576904297,829388000
2024-02-26,79.46966317926245,80.41293598535317,78.27811704521838,78.8634262084961,503973000
2024-02-27,79.151576284054,79.25029679601072,76.9389952975712,78.47354125976562,391705000
2024-02-28,77.39568548362723,78.70488691297152,76.9021132659983,77.43856048583984,393110000
2024-02-29,78.8654237167532,79.75883042270817,78.1235705564048,78.88336944580078,507289000
2024-03-01,79.76880094187264,82.06215701188974,79.20543135087004,82.04121398925781,479135000
2024-03-04,83.88684357717052,87.4415423994426,83.47703595857622,84.99064636230469,615616000
2024-03-05,85.02756212891575,85.85221432148215,83.1798336316164,85.71958923339844,520639000
2024-03-06,87.77172605056263,89.4688825349032,86.78254226902789,88.44779205322266,582520000
2024-03-07,89.90165539673119,92.5032385135836,89.34723648723485,92.405517578125,608119000
2024-03-08,94.86749190765931,97.12306133342042,86.26003174516178,87.27912902832031,1142269000
2024-03-11,86.18324958318006,88.54451266458084,83.9266836856204,85.53011322021484,678364000
2024-03-12,87.79866017993605,91.69853581019218,85.90505740123257,91.65167236328125,668075000
2024-03-13,90.79611026460987,91.24383116033475,88.18355678072699,90.62958526611328,635713000
2024-03-14,89.32230691373881,90.3882676423802,86.35376650266996,87.6939468383789,602318000
2024-03-15,86.68284605628648,89.29140572149215,86.01176295929899,87.58726501464844,642086000
2024-03-18,90.13100142686399,92.14226481208601,86.83739140527486,88.20349884033203,668976000
2024-03-19,86.45349454494367,90.28656718338365,84.76830466715785,89.14382934570312,672171000
2024-03-20,89.54168157483528,90.15294523438696,87.97215934887909,90.11505126953125,479063000
2024-03-21,92.0375720151123,92.38458214165158,90.1479556941056,91.1750259399414,480372000
2024-03-22,90.88186754884678,94.50852789687556,90.5757411997652,94.02091979980469,586719000
2024-03-25,93.67389236206901,96.49085678359809,93.24411810029538,94.73187255859375,552136000
2024-03-26,95.57847549804553,96.10098773672114,92.23899830913079,92.2978286743164,513648000
2024-03-27,92.8472628285773,92.97489725482532,88.8696059634602,89.99340057373047,586067000
2024-03-28,89.74410760252643,91.04041442208826,88.93940289555813,90.0990982055664,435212000
2024-04-01,90.04226569169144,91.96278458075767,88.95037777581965,90.1060791015625,452441000
2024-04-02,88.19651163521841,89.83783523468522,87.37087059473389,89.19766235351562,433064000
2024-04-03,88.23241336254476,90.11703889051455,88.14865256608842,88.71104431152344,370067000
2024-04-04,90.1489453998678,90.3763015666953,85.63581327474101,85.6607437133789,434965000
2024-04-05,86.61902297298796,88.22943673946416,85.68170072109015,87.75778198242188,399678000
2024-04-08,88.44779987998065,88.57743512523471,86.4854007087341,86.88526153564453,283220000
2024-04-09,87.19337337953033,87.38582540473588,82.7859427996773,85.1113052368164,501700000
2024-04-10,83.68737154662665,87.15149277673736,83.47098569296867,86.79151916503906,431929000
2024-04-11,87.17144056555283,90.48100403591603,86.67884945614712,90.35835266113281,431637000
2024-04-12,89.44395551817271,89.91860764142923,87.28112393379013,87.93525695800781,426805000
2024-04-15,88.84466403718538,90.35535577476978,85.68467584656017,85.7564697265625,443077000
2024-04-16,86.18724795044986,87.86745463811035,85.81930143123056,87.16645812988281,370453000
2024-04-17,88.08881052064652,88.52257881551526,83.71129364888468,83.79605865478516,495400000
2024-04-18,84.7283978612392,85.94493013538192,82.167698910902,84.43024444580078,447260000
2024-04-19,82.91358934859076,84.08424741361141,75.3910397359179,75.98334503173828,875198000
2024-04-22,77.88192715774476,79.8453305652036,76.18277728835372,79.29190826416016,596341000
2024-04-23,80.53936282548115,82.53367662471392,80.0358013299481,82.18865966796875,438559000
2024-04-24,83.71130825195023,83.84293671972377,78.95786360773235,79.4504623413086,512208000
2024-04-25,78.64375119701494,83.08608614140688,78.00058847000186,82.39705657958984,424641000
2024-04-26,83.57967974791617,88.07984835062736,83.14990546047017,87.48554229736328,551011000
2024-04-29,87.34594249418755,87.74180926182623,85.0235621625501,87.50748443603516,388971000
2024-04-30,86.99195638809022,88.56646933597486,86.05463417701857,86.15634155273438,363709000
2024-05-01,84.83509991070004,85.75547203094351,81.02396098069623,82.80488586425781,559863000
2024-05-02,84.20888384405981,85.99180203592717,82.96343457532701,85.572998046875,377898000
2024-05-03,87.53938813243457,89.0271426544853,86.79251724081982,88.53654479980469,398341000
2024-05-06,89.13583280876144,91.9577879691123,88.80178624215971,91.87801361083984,376203000
2024-05-07,90.83898366205493,91.52004037192769,88.75791956813879,90.2965316772461,437342000
2024-05-08,89.22857072950318,90.93470430679172,89.1657463302182,90.1549301147461,325721000
2024-05-09,90.27160575755214,90.8130611604946,87.98014293885268,88.49467468261719,378013000
2024-05-10,90.04823199188911,91.14111635473476,88.97329419694542,89.62244415283203,335325000
2024-05-13,90.22073791617511,90.73926364427145,88.2772820639822,90.1419677734375,289680000
2024-05-14,89.34425178727211,91.39041950305226,88.68114159761363,91.09626007080078,296507000
2024-05-15,92.20909256462353,94.59229693630975,91.33857349932174,94.36095428466797,417735000
2024-05-16,94.64014935721045,95.54656142094716,93.83543705567772,94.09071350097656,323952000
2024-05-17,94.10069011001252,94.47062985340762,91.54497378951851,92.21605682373047,359691000
2024-05-20,93.48345064124587,94.92932496808272,93.17433446559033,94.5105209350586,318764000
2024-05-21,93.33287775310836,95.12875963376091,92.9150703346718,95.11479949951172,328946000
2024-05-22,95.18757861855156,95.74698053068366,92.98386328100148,94.68002319335938,548648000
2024-05-23,101.73791493789797,106.0177117858919,101.23135605250833,103.5038833618164,835065000
2024-05-24,104.15202177987621,106.17226230771774,102.70714415978955,106.1662826538086,429494000
2024-05-28,109.93054862844438,114.61219912037285,109.57057499198291,113.5771484375,652728000
2024-05-29,112.72858027740573,115.16363093573716,110.58568822600918,114.49852752685547,557442000
2024-05-30,114.32402359196342,115.4896985615827,109.35120333690087,110.18582153320312,484553000
2024-05-31,112.20005836251356,112.39650442248492,106.63593026291203,109.32127380371094,613263000
2024-06-03,113.29794252397816,114.67301940917969,111.68453916444382,114.67301940917969,438392000
2024-06-04,115.38699866419654,116.26848033786769,113.72074443192332,116.10594177246094,403324000
2024-06-05,118.03444216742467,122.10084264977675,117.13400975669744,122.09187316894531,528402000
2024-06-06,123.69528439320365,125.2299099350453,117.98357427866928,120.65396118164062,664696000
2024-06-07,119.42947108598517,121.34601121410144,117.6864474461413,120.54429626464844,412386000
2024-06-10,120.02774969821236,122.74998311505551,116.6773027177119,121.44371032714844,313434100
2024-06-11,121.43375200225071,122.53072064853247,118.41211998717576,120.57613372802734,222551200
2024-06-12,122.72017341922755,126.52962437250758,122.23152866049337,124.85426330566406,299595000
2024-06-13,129.0327119863157,129.4415834964467,126.80887399420205,129.25210571289062,260704500
2024-06-14,129.60114223243076,132.4731792100278,127.9656714477386,131.51583862304688,309320400
2024-06-17,132.62277611443673,133.36072299109455,129.2221885999668,130.61831665039062,288504400
2024-06-18,130.77788509132313,135.95355648117285,130.32913071079423,135.20562744140625,294335100
2024-06-20,139.4139821850634,140.37132287672648,129.16236891328995,130.41888427734375,517768400
2024-06-21,126.76897377617152,130.2692833981682,123.95676122395307,126.22048950195312,649445800
2024-06-24,122.89967494041525,124.11630717061917,117.71403760101381,117.78384399414062,476060900
2024-06-25,120.86531742755339,126.15068514494095,118.9905115651875,125.74181365966797,414192600
2024-06-26,125.7817056647018,127.76620840809865,122.26145451808375,126.05096435546875,362975900
2024-06-27,123.75731801767638,126.0609445300648,122.58057607711103,123.64762115478516,252571700
2024-06-28,124.236004634683,127.3573591664442,122.41105590597208,123.1988754272461,315516700
2024-07-01,123.12905433583957,124.49526638375627,118.50186772113265,123.9567642211914,284885500
2024-07-02,120.79551981451768,123.0692304193492,120.69579746715523,122.33126831054688,218374000
2024-07-03,121.32408029184768,127.92579650878906,121.024905598081,127.92579650878906,215749000
2024-07-05,127.02825159880693,128.49420118342798,125.3329490025218,125.48253631591797,214176700
2024-07-08,127.13796209423431,130.40891148198673,126.68920771422978,127.84600067138672,237677300
2024-07-09,129.99008765347023,133.45050761293413,128.29476946814947,131.01724243164062,285366600
2024-07-10,133.6599006676726,134.72695337207693,132.0543457649315,134.5374755859375,248978600
2024-07-11,135.37513539330575,135.77402473321786,126.69916290866759,127.0481948852539,374782700
2024-07-12,127.90581292565753,131.5557097271737,126.86869151292463,128.88311767578125,252680500
2024-07-15,130.19946809344353,131.02717795052595,126.828804392605,128.0853271484375,208326200
2024-07-16,128.0853283678797,128.68366239858466,124.2359867587292,126.01107025146484,214769500
2024-07-17,121.01491484370614,121.51353419420211,116.39770239711136,117.66419219970703,390086200
2024-07-18,121.51351868069985,122.062002939552,116.23812571295703,120.755615234375,320979500
2024-07-19,120.01766279092804,121.26421102849133,117.04589605324009,117.6043472290039,217223800
2024-07-22,120.0176813971429,123.72741074457895,119.52903654259545,123.1988754272461,258068900
2024-07-23,122.44095023584373,124.34567955387372,121.76282770486009,122.25147247314453,173911000
2024-07-24,118.8409292880146,119.61877422549412,113.12675602679064,113.93451690673828,327776900
2024-07-25,112.72785895570485,116.30794209044977,106.00647252262672,111.96995544433594,460067000
2024-07-26,115.8691646723326,115.87913158113766,111.27189374853045,112.747802734375,293399100
2024-07-29,113.3760598876514,115.95890423286832,110.99266022089631,111.28185272216797,248152100
2024-07-30,111.21203111604571,111.68073441549713,102.25683389281191,103.44355010986328,486833300
2024-07-31,112.58824297616627,118.01321595584747,110.57381668062193,116.69686126708984,473174200
2024-08-01,117.20544905631927,119.82819139029307,106.51505026446524,108.9084243774414,523462300
2024-08-02,103.47349063712893,108.41979372368354,101.09009072988106,106.97379302978516,482027500
2024-08-05,91.80579073756999,103.12445587816262,90.43957861096249,100.17262268066406,552842400
2024-08-06,103.55324859386288,107.41256456659957,100.27234042123098,103.96212005615234,409012100
2024-08-07,107.51228858966286,108.49956025923653,98.41747763354093,98.63687133789062,411440400
2024-08-08,101.71833034514779,105.20866520993226,97.25069837056012,104.68013000488281,391910000
2024-08-09,105.34829623370402,106.30564447792429,103.14439960768745,104.46075439453125,290844200
2024-08-12,106.02642207987165,110.7633060746513,105.96659019039194,108.71896362304688,325559900
2024-08-13,112.1295177782614,115.90905322658823,111.27189191883488,115.81929779052734,312646700
2024-08-14,118.2026834397928,118.27248983356148,113.75500044516707,117.7539291381836,339246400
2024-08-15,118.43206727440648,122.89969228155606,117.1456284695593,122.52074432373047,318086700
2024-08-16,121.60327554530542,124.6548231821397,120.84537209002657,124.2359848022461,302589900
2024-08-19,123.93680096772643,129.64100646972656,123.07917523933753,129.64100646972656,318333600
2024-08-20,128.0454312895895,129.52135538667704,125.54236785937302,126.89861297607422,300087400
2024-08-21,126.96843015643721,128.99283109530663,126.31025657503493,128.14517211914062,257883600
2024-08-22,129.66096486520394,130.3889447703718,122.7600680862335,123.39830017089844,376189100
2024-08-23,125.51246908853835,129.24214747384983,124.87423690023081,129.0127716064453,323230300
2024-08-26,129.2122143703238,130.89753484404284,124.02656901853358,126.11079406738281,331964700
2024-08-27,124.70469880770285,128.84323320422493,123.53792378071748,127.94572448730469,303134600
2024-08-28,127.76621672239743,127.97564354365645,122.30135293496008,125.26315307617188,448101100
2024-08-29,121.02487540717718,124.08639756190335,116.38771446055243,117.2652816772461,453023300
2024-08-30,119.19992133635782,121.41379211002894,116.89630274618307,119.04036712646484,333751600
2024-09-03,115.68965834345619,115.88910303086084,106.99373606605621,107.70177459716797,477155100
2024-09-04,105.11891601969701,112.9572037853356,103.83247741620994,105.91670227050781,372470300
2024-09-05,104.70007717737126,109.3472126473878,104.47071656289586,106.91394805908203,306850700
2024-09-06,107.74165540315337,107.85135225389573,100.6712300257278,102.5460433959961,413638100
2024-09-09,104.59038905946406,106.25578342210773,103.40368021481835,106.1760025024414,273912000
2024-09-10,107.51228306871653,109.09789628161208,104.660180275284,107.80148315429688,268283700
2024-09-11,109.08794174088705,116.86640671242463,107.12338026732812,116.5871810913086,441422400
2024-09-12,116.52733397843357,120.46676839354188,115.07124183313299,118.82118225097656,366052700
2024-09-13,118.76133738659651,119.6389797203674,117.28529459768677,118.78128051757812,238358300
2024-09-16,116.47746652004345,117.8637462195167,114.05396898625607,116.46749114990234,248772300
2024-09-17,117.85376774830212,118.48208669803358,114.52270945275087,115.28067016601562,231925900
2024-09-18,115.57987289959789,117.38502682895009,112.91701975753097,113.06661987304688,310318900
2024-09-19,117.03596036023049,119.3397837869768,116.93622949013678,117.55457305908203,293506400
2024-09-20,116.74673611998301,118.30256661567998,115.08120699289479,115.6895751953125,382462400
2024-09-23,116.23810026304875,116.67691759238959,114.55262048539709,115.9488754272461,206228500
2024-09-24,116.20818908018337,121.47406618937484,115.07124032940908,120.54655456542969,354966800
2024-09-25,121.69347090011009,124.60566275738313,121.28457201755812,123.17948913574219,284692900
2024-09-26,126.46067739619816,127.32834434574869,121.47405774507013,123.70806121826172,302582900
2024-09-27,123.63824105329503,123.69807805046355,118.9408465511356,121.07511901855469,271009200
2024-09-30,117.99339940741461,121.1748653861715,117.83383152489164,121.11502838134766,226553700
2024-10-01,121.44412897274735,122.11234177416986,115.48013626179672,116.68689727783203,302094500
2024-10-02,116.12840510154699,119.06053238913914,114.831880901423,118.53195190429688,221845900
2024-10-03,120.59641230247804,124.0272091849403,120.01796257527629,122.52124786376953,277118000
2024-10-04,124.60565935860969,124.70539023390367,121.50398120040512,124.58570861816406,243678100
2024-10-07,124.65550686574433,130.2903881845544,124.61561299835192,127.37820434570312,346250200
2024-10-08,129.9114112143918,133.1227955252644,129.07366275536995,132.5343780517578,285722500
2024-10-09,133.75112849037495,134.16003500176663,131.02843810434518,132.29502868652344,246191600
2024-10-10,131.55701568457982,134.6387432670493,130.64944717024784,134.44924926757812,242311300
2024-10-11,133.6513755856735,135.4166432187145,133.30232133780012,134.43927001953125,170209500
2024-10-14,136.104806530019,139.22643549757692,135.93526327737888,137.70053100585938,232347700
2024-10-15,137.5010592255131,138.19919822128062,128.3955011745818,131.2478485107422,377831000
2024-10-16,133.6214472599385,136.25438165655956,131.22787606953918,135.35679626464844,264879700
2024-10-17,138.96712260930138,140.512977854023,136.50373111006368,136.56356811523438,306435900
2024-10-18,138.29892734851708,138.5283076242321,136.91264749604844,137.63072204589844,176090200
2024-10-21,137.76038434543935,143.32545471191406,137.6307273412408,143.32545471191406,264554500
2024-10-22,142.5275764963188,144.0335302578968,141.400595506541,143.20574951171875,226311600
2024-10-23,141.64994578790018,142.04886935503015,137.09218240070786,139.18655395507812,285930000
2024-10-24,140.4431777464081,140.97175826689335,138.08949241788707,140.03427124023438,172354900
2024-10-25,140.55287134358582,143.74432048434818,140.42322956503693,141.16123962402344,205122100
2024-10-28,142.617310298629,142.75693502866474,139.67520798990546,140.14395141601562,173586700
2024-10-29,139.91458673541953,141.87931636585566,138.52830689029554,140.8720245361328,157593600
2024-10-30,139.16657905851807,139.9544735111022,136.4438889013892,138.9671173095703,179418100
2024-10-31,137.2317994926413,137.24176725497634,131.75648481507793,132.4047393798828,270039600
2024-11-01,134.33951978002003,136.94253564166783,134.2098780275083,135.0376434326172,207127800
2024-11-04,136.84284318415706,138.5881603174159,135.2072323079928,135.68594360351562,187528200
2024-11-05,137.08217511986183,139.99435925396384,136.9625011145287,139.5355987548828,160537400
2024-11-06,142.577419626437,146.09797148430005,141.58009580907174,145.22032165527344,242043900
2024-11-07,145.9982707339075,148.5314671885647,145.77885821996583,148.4816131591797,207323300
2024-11-08,148.3718575159869,149.3691812590464,145.8685651814179,147.2349090576172,175665800
2024-11-11,148.2821074463959,148.4516658981078,143.18579701946294,144.8712615966797,182325600
2024-11-12,146.38720431256547,149.2495191040209,145.6192606302401,147.89315795898438,198634700
2024-11-13,148.67108050956173,148.93037924410717,145.5095503668412,145.87857055664062,191903300
2024-11-14,147.24489842760545,148.60125952595652,145.16049515099348,146.36724853515625,194463300
2024-11-15,144.48230195229198,144.85132212671857,139.705127384455,141.60003662109375,250132900
2024-11-18,139.12669362767247,141.17121080701085,136.78297621414575,139.7749481201172,221205300
2024-11-19,140.9418317601378,146.73628163269873,140.61271302151263,146.61659240722656,227834900
2024-11-20,147.0155246522584,147.16511715506326,142.34804073132528,145.4995880126953,309871700
2024-11-21,148.95034787282623,152.48086819347145,140.3234860038813,146.2775115966797,400946600
2024-11-22,145.539474391015,146.7661937868221,140.72241318136372,141.57012939453125,236406200
2024-11-25,141.61003096699034,141.66986796819967,135.45654411602544,135.656005859375,344941900
2024-11-26,137.33151565059862,138.9272401830298,135.30694909062626,136.55360412597656,190287700
2024-11-27,134.64871022731037,136.85280300357402,131.44730865073987,134.9778289794922,226370900
2024-11-29,136.41396798376013,138.97709782710584,135.68592576491588,137.88003540039062,141863200
2024-12-02,138.45849496272686,140.07415499884576,137.45120318506554,138.259033203125,171682800
2024-12-03,137.8899957715255,140.1638930268938,137.58082780000817,139.8846435546875,164414000
2024-12-04,141.6200054773523,145.39985667412174,139.9145747718299,144.75160217285156,231224300
2024-12-05,144.73166589534063,146.15793025557377,143.57468662612678,144.68179321289062,172621200
2024-12-06,144.2229906612707,145.3201135010368,140.94156015213164,142.06861877441406,188505600
2024-12-09,138.6076455444956,139.58508599383495,136.77244688316378,138.44805908203125,189308600
2024-12-10,138.6475487860502,141.4502349567079,133.44115786086326,134.71783447265625,210020900
2024-12-11,137.00184953896905,139.8045203384501,134.85746151474785,138.94676208496094,184905200
2024-12-12,136.7225712357738,138.07902569919474,135.44591000184846,136.9818878173828,159211400
2024-12-13,138.5777215546611,139.23600428177866,132.1944001851312,133.8999481201172,231514900
2024-12-16,133.83011579862796,134.0495433619733,130.07992554881972,131.6558074951172,237951100
2024-12-17,128.75342001528475,131.24690176576593,126.5292385551769,130.05003356933594,259410300
2024-12-18,133.51097335742298,136.34356467427952,127.94552085179448,128.57388305664062,277444500
2024-12-19,131.41643441707996,133.6805197239663,129.21220544602065,130.33924865722656,209719200
2024-12-20,129.4715360054975,134.92727495716574,127.88568536239204,134.34878540039062,306528600
2024-12-23,135.9246564899382,139.42549888718457,134.76767747092137,139.30581665039062,176053500
2024-12-24,139.63497303105362,141.53001300601622,138.28848684636677,139.85440063476562,105157000
2024-12-26,139.33575896662117,140.48276971800976,137.37089410442982,139.56515502929688,116205600
2024-12-27,138.18873344590025,138.65750913681617,134.35874991156737,136.65274047851562,170582600
2024-12-30,134.47844750631418,139.9042657427297,133.67056192681179,137.1315155029297,167734700
2024-12-31,137.67008809224828,137.709992315624,133.48104255892034,133.93983459472656,155659200
2025-01-02,135.64539681236818,138.51789243847597,134.27897378808947,137.94937133789062,198247200
2025-01-03,139.6449446721197,144.52219430432945,139.36567593719187,144.09332275390625,229322500
2025-01-06,148.20259893760334,151.76329869340904,147.43461740592554,149.0404052734375,265377400
2025-01-07,152.6310037262881,152.73074908393107,139.64494650562293,139.7746124267578,351782200
2025-01-08,142.20825109505992,143.57467420574872,137.20133554653654,139.74468994140625,227349900
2025-01-10,137.09162690267476,139.55518814906236,133.87005266470834,135.55564880371094,207602500
2025-01-13,129.6510717959939,133.1419459563911,129.17231238202828,132.8826141357422,204808900
2025-01-14,135.69526562735138,136.02440701006375,129.71091005586072,131.41644287109375,195590500
2025-01-15,133.30152233922777,136.094224818832,130.9476750631476,135.88478088378906,185217300
2025-01-16,138.2785134363621,138.38822723428095,133.14194748607855,133.22174072265625,209235600
2025-01-17,136.33360735729912,138.13888566634566,135.10681862678206,137.3509521484375,201188800
2025-01-21,138.7971402096735,141.46017628658026,136.73253048522815,140.46278381347656,197749000
2025-01-22,144.2828188497205,147.4046473751733,143.29539468537405,146.68653869628906,237651400
2025-01-23,144.67179580639592,146.84610431115016,143.3452618575768,146.8361358642578,155915500
2025-01-24,147.98314630855361,148.58158800111045,141.51007758845265,142.24813842773438,234657600
2025-01-27,124.47460659166907,128.06521102414737,116.39571998533557,118.11123657226562,818830900
2025-01-28,121.49239920882492,128.66365497133788,115.94689837533355,128.6536865234375,579666400
2025-01-29,126.17016667976266,126.55914919357254,119.73698731182846,123.3774642944336,467120600
2025-01-30,122.77903527699785,124.67408285834512,117.79207196266405,124.32499694824219,392925500
2025-01-31,123.45725307095627,127.51664059137909,118.87922475402188,119.75692749023438,388161100
2025-02-03,114.45080376447106,118.26084328911304,112.71534272693829,116.35582733154297,371235700
2025-02-04,116.65504122535879,120.88398385074507,116.39571701060105,118.34063720703125,256550000
2025-02-05,121.44253659311748,124.67408679210826,120.44514389878061,124.50453186035156,262230800
2025-02-06,127.08775801782105,128.43424405982125,124.8835213759819,128.34446716308594,251483600
2025-02-07,128.88305586640928,130.03005111642076,124.6740584360869,129.50143432617188,228186300
2025-02-10,129.7508034170435,134.64800487659767,129.621152724233,133.22174072265625,216989100
2025-02-11,132.23435347081184,134.12939390700265,130.67842297052752,132.4537811279297,178902400
2025-02-12,129.68099034166102,131.89520313508,128.74343886096966,130.79806518554688,160278600
2025-02-13,131.21697039655388,136.14409236479662,130.82798788427175,134.93724060058594,197430000
2025-02-14,136.12414513567924,138.8869270481558,135.1467045962306,138.48797607421875,195479600
2025-02-18,140.90166414837108,143.06600437599374,137.57036112568994,139.03652954101562,219176600
2025-02-19,139.1462426003846,140.99142508356047,136.86222013681927,138.86697387695312,167536000
2025-02-20,139.6648967001902,140.29325896288867,136.43333891646114,139.74468994140625,143903600
2025-02-21,139.67487215272783,141.09118323158302,133.68054728393315,134.07949829101562,228217600
2025-02-24,136.20393197137406,138.22863774598196,129.74083213959625,129.9403076171875,251381100
2025-02-25,129.64108357480436,129.8605111604116,124.11553536570229,126.29981994628906,271428700
2025-02-26,129.65109883362112,133.3813382599071,128.15500959573998,130.93772888183594,322553800
2025-02-27,134.64800202891726,134.65797047615226,119.69708897132982,119.83672332763672,443175800
2025-02-28,117.71228788508736,124.76385425600982,116.09651651556653,124.59429931640625,389091100
2025-03-03,123.18796891235903,123.37746834229016,111.98724605192426,113.76260375976562,411381400
2025-03-04,110.36150296756519,118.9989197292815,109.82291000037466,115.68757629394531,398163300
2025-03-05,117.27343224392774,117.97160407078815,114.21143704412195,116.9941635131836,284337900
2025-03-06,113.23399700198848,115.0492514915792,109.93262945458795,110.2817153930664,321181900
2025-03-07,110.95993136050063,113.18412029909872,107.27955007853643,112.39617919921875,341755500
2025-03-10,109.61344182887889,111.55835424093472,105.18501650973491,106.70105743408203,366487400
2025-03-11,106.71103594468934,111.94734728122161,104.49682307629253,108.47642517089844,354865700
2025-03-12,113.83293253862912,116.46629097878981,112.59604629385464,115.4488525390625,323857500
2025-03-13,116.73560262668995,117.46376961532557,113.50375517662202,115.28925323486328,299033100
2025-03-14,118.31162980343127,121.57340056729696,117.85278787516224,121.36392974853516,277593500
2025-03-17,122.43123309193861,122.58085727393843,117.73308248243704,119.22930908203125,255501500
2025-03-18,117.70316017412442,118.7205909220559,114.25186503478537,115.1396255493164,299686900
2025-03-19,116.97498651717953,120.14698705841565,115.3889900516623,117.22435760498047,273426200
2025-03-20,116.25680439544837,119.89761619602571,116.17700382075364,118.23181915283203,248829700
2025-03-21,116.64582513098318,117.6931791575635,115.1296446207881,117.4039077758789,266498500
2025-03-24,119.5784337604655,121.91255134314885,119.03979124138472,121.1045913696289,228452500
2025-03-25,120.24674348347415,120.98487978418257,118.62083909476823,120.38639068603516,167447200
2025-03-26,118.4313220614094,118.5410383402261,112.42646191953317,113.47382354736328,293463300
2025-03-27,111.06989576493363,114.16209614311421,110.38163664595127,111.14969635009766,236902100
2025-03-28,111.20954068147716,112.58607411134861,108.79563010676111,109.39411926269531,229872500
2025-03-31,104.86552901006266,110.68086470981991,103.38925640513808,108.10735321044922,299212700
2025-04-01,108.24699756669231,109.92277156753886,106.20215922942107,109.8729019165039,222614000
2025-04-02,107.0200962834212,111.69830029652357,106.5213541109438,110.14221954345703,220601200
2025-04-03,103.24961220285616,105.36427425680411,101.344413349133,101.54391479492188,338769400
2025-04-04,98.66118836013088,99.87811296890389,91.87829121020437,94.07275390625,532273800
2025-04-07,87.2399869097494,101.49404025826172,86.40210364552667,97.39437866210938,611041300
2025-04-08,103.54885717389794,105.58372634261488,94.2223791915971,96.05775451660156,476243400
2025-04-09,98.64122793388745,114.81044852614636,97.28464859296416,114.04238891601562,612918300
2025-04-10,109.09487535601897,110.58112503277279,98.90058321638736,107.29940032958984,437812400
2025-04-11,108.22706011361765,111.26939065397997,107.20962934859612,110.65094757080078,313417300
2025-04-14,113.82294410726054,114.00249160148302,108.79562187923341,110.4314956665039,264705000
2025-04-15,110.69084593782598,113.33418114021705,110.22202704858428,111.9177474975586,228966900
2025-04-16,104.28700420641553,106.52136728458446,100.19731179816195,104.2271499633789,397016900
2025-04-17,104.1872406628714,104.20719461222582,99.79831546993584,101.23468780517578,292517500
2025-04-21,98.52152791683338,99.18984822876095,94.80091547691985,96.66621398925781,288501100
2025-04-22,98.5314962128766,99.55890380627321,97.03526978904827,98.64122009277344,241004800
2025-04-23,104.25706634151078,104.53636836662163,101.76335533667917,102.45162200927734,247526000
2025-04-24,103.21967869312851,106.27197821529161,102.85060676252529,106.1622543334961,220815000
2025-04-25,106.58121206849437,111.63845793071249,105.46403435389149,110.73075103759766,251064700
2025-04-28,109.4140660423662,110.09235573735528,105.75329251827114,108.45648193359375,207708500
2025-04-29,107.39915548863418,109.92279008420094,107.16973831278423,108.74575805664062,170444300
2025-04-30,104.20719367744803,108.64599609375,103.81817538074749,108.64599609375,235044600
2025-05-01,112.79553450528941,114.6508560442669,111.02001354244473,111.32923126220703,236121500
2025-05-02,113.89278036249011,115.10971266849934,113.08482035383273,114.21197509765625,190194800
2025-05-05,112.62596928442517,114.38153638068397,112.3765981799359,113.53367614746094,133163200
2025-05-06,111.19957134225872,114.4513652140045,110.541227943435,113.25438690185547,158525600
2025-05-07,112.7656187028628,117.38396890879066,111.99755142427854,116.7655258178711,206758800
2025-05-08,117.95252869863282,118.38144728921775,115.55856464909375,117.07474517822266,198428100
2025-05-09,117.05479580716789,117.9325869721132,114.92017974547274,116.35655975341797,132972200
2025-05-12,121.66318211752383,122.69058990478516,119.97743092665668,122.69058990478516,225023300
2025-05-13,124.66561195964681,130.88991289915035,124.15689275092413,129.6031494140625,330430100
2025-05-14,132.8649261154048,135.099296769805,131.34874548490453,134.99954223632812,281180800
2025-05-15,133.95214894900732,135.95710196840525,132.32626002340953,134.4907989501953,226632600
2025-05-16,135.87731640314823,136.00699423634137,133.12426513669956,135.0593719482422,226542500
2025-05-19,132.05696494191162,135.5282065455698,132.05696494191162,135.22897338867188,193154600
2025-05-20,133.95217650431997,134.24145551049554,132.286379343903,134.04196166992188,161514200
2025-05-21,132.72526966841644,137.0543482410567,130.26148202288624,131.46844482421875,270608700
2025-05-22,131.89735290411087,133.9122755767364,131.21907084385478,132.495849609375,187344000
2025-05-23,129.67296865108418,132.3462194682512,128.8350854296202,130.959716796875,198821300
2025-05-27,133.81252390577552,135.31873506532702,132.9746406768617,135.1591339111328,192953600
2025-05-28,135.68778777349254,136.9047198340945,134.4509017652276,134.47085571289062,304021100
2025-05-29,141.8921589021039,143.12904506361895,137.56308016740775,138.83985900878906,369241900
2025-05-30,138.37101919890563,139.2687489540489,132.58560738686538,134.79005432128906,333170900
2025-06-02,135.14916370580715,137.7725372671851,135.05937854437917,137.03440856933594,197663100
2025-06-03,138.43088175862894,141.64278269656361,137.60296789247522,140.86474609375,225578800
2025-06-04,141.83229805086768,142.03179187100486,139.1889554677409,141.56297302246094,167120800
2025-06-05,141.8123411098902,143.63773920540723,138.4807472006614,139.63783264160156,231397900
2025-06-06,142.1514855332369,142.90958336053123,141.1540012092415,141.3634796142578,153986200
2025-06-09,142.82981388336822,144.63525846759526,141.58295820692342,142.27122497558594,185114500
2025-06-10,142.33106034435926,143.92702635161132,141.17397471532814,143.59786987304688,155881900
2025-06-11,144.25623511410478,144.6353103750697,141.52293261104455,142.4805908203125,167694000
2025-06-12,141.62269259555393,144.64527893066406,141.50299102868564,144.64527893066406,162365000
2025-06-13,142.13144281545507,143.22875794239724,140.50544068193668,141.62269592285156,180820600
2025-06-16,142.99931091676874,145.82237413621124,142.84966874779792,144.33602905273438,183133700
2025-06-17,144.13653073401778,144.8647406282524,143.42826095310537,143.76742553710938,139108000
2025-06-18,143.6576946584193,145.2936820241915,142.7698725249477,145.1240997314453,161494100
2025-06-20,145.09416929186932,145.84233449814036,142.30101614416546,143.4980926513672,242956200
2025-06-23,142.1513937655616,144.42581484809375,141.68254233682853,143.8173065185547,154308900
2025-06-24,145.20390562225958,147.59804349475166,145.1440548392029,147.53817749023438,187566100
2025-06-25,148.90481686002715,154.07213674109045,148.8948315831829,153.93247985839844,269146500
2025-06-26,155.59840525486092,156.33660039378947,153.6232534017049,154.64076232910156,198145700
2025-06-27,155.65825141530053,158.32173282582838,154.88016085316636,157.36407470703125,263234500
2025-06-30,158.01250107649778,158.2718747820143,155.57848281781088,157.603515625,194580300
2025-07-01,155.90764810734902,156.81542555199195,151.1194029227986,152.9249725341797,213143600
2025-07-02,152.6057523429847,157.21446053326332,152.59578228626097,156.8653106689453,171224100
2025-07-03,157.98258221790178,160.5861981093371,157.38405910191088,158.95021057128906,143716100
2025-07-07,157.8129946008361,158.92027983286837,156.9550977974466,157.8529052734375,140139000
2025-07-08,158.94022243433284,159.82804456030718,158.0025195823342,159.60858154296875,138133000
2025-07-09,160.8256093227867,164.01777813022636,160.7657585360006,162.48155212402344,183656400
2025-07-10,163.91801036698482,164.09756270376434,161.21463348761435,163.69854736328125,167704100
2025-07-11,163.31947923241253,167.47927598463818,163.07009082840767,164.51654052734375,193633300
2025-07-14,164.96544774793,165.08516454052796,161.62365204151925,163.66864013671875,136975800
2025-07-15,170.77121644956358,171.97824787505814,168.78607915204378,170.28240966796875,230627400
2025-07-16,170.64153593048928,171.32985042878116,168.4868162544787,170.95077514648438,158831500
2025-07-17,171.59916873482013,173.73393275781746,170.41207755550425,172.57676696777344,160841100
2025-07-18,173.21522225123383,173.8237306114437,170.841039596405,171.9882354736328,146456400
2025-07-21,172.32739806402674,172.9558617527255,170.58167912560677,170.96075439453125,123126100
2025-07-22,170.9208530826869,170.97073381366536,164.17739532245605,166.62139892578125,193114300
2025-07-23,169.1152710575868,170.84103463039327,167.55908978070133,170.36221313476562,154082200
2025-07-24,172.01814916975516,173.4047480967394,170.88093864849802,173.31497192382812,128984600
2025-07-25,173.18529303585547,174.29257821699642,172.53688923976992,173.0755615234375,122316800
2025-07-28,173.59430945229414,176.56701539294556,173.54442872003753,176.317626953125,140023500
2025-07-29,177.52466141853475,178.9411858321479,174.5918511336965,175.0806427001953,154077500
2025-07-30,176.07819353379378,179.4499298230835,175.60934208925488,178.83145141601562,174312200
2025-07-31,182.45256948733228,182.85160010862035,175.49961883405416,177.43487548828125,221685400
2025-08-01,173.6641186818972,176.1081221843386,170.47194991004753,173.29502868652344,204529000
2025-08-04,174.7315057215643,179.75916955634796,174.09307197712414,179.55966186523438,148174600
2025-08-05,179.18057181311008,179.81900550487381,175.4696712230272,177.8238983154297,156407600
2025-08-06,175.89862689332494,179.45988530544022,175.81882077930385,178.98106384277344,137192300
2025-08-07,181.12581999654523,183.43016644757114,178.36259217804582,180.32777404785156,151878400
2025-08-08,181.10587113034643,182.85159004607542,179.95867528141937,182.2530517578125,123396700
2025-08-11,181.6046539661726,183.39026839012567,179.80905426349312,181.6146240234375,138323200
2025-08-12,182.51242163652668,184.02869221788941,179.0209838780724,182.71192932128906,145485700
2025-08-13,182.1732462738988,183.51994981646104,178.9112567337155,181.14576721191406,179871700
2025-08-14,179.3102712094187,182.57227595462552,179.02098734413144,181.57472229003906,129554000
2025-08-15,181.43508525115985,181.45502536718294,177.6044671914236,180.00857543945312,156602200
2025-08-18,180.15820389652,182.49247589603021,180.14821861780752,181.5647430419922,132008000
2025-08-19,181.98370991508045,182.0535459787435,175.06070018553257,175.2103271484375,185229200
2025-08-20,174.74148365399904,175.5694550698242,168.38707131580557,174.97091674804688,215142700
2025-08-21,174.42225404103465,176.46722675550242,173.38478976711397,174.5519256591797,140040900
2025-08-22,172.1877371490149,178.15310374912357,170.78118284108405,177.55458068847656,172789400
2025-08-25,177.91369740024777,181.46498591558236,176.13805314258047,179.3701171875,163012800
2025-08-26,179.61950918930867,181.94381103857447,178.37256711704984,181.32533264160156,168688200
2025-08-27,181.53482178191953,182.0435839210746,178.66187741767394,181.15576171875,235518900
2025-08-28,180.37766708382995,184.01873199506826,175.97845161993425,179.729248046875,281787800
2025-08-29,177.67428483075477,177.714180280125,172.72641192849127,173.75389099121094,243257900
2025-09-02,169.58412249632292,171.9583050821389,166.81092453439402,170.36221313476562,231164900
2025-09-03,170.6415475595936,171.98825125424256,168.4668876205481,170.20262145996094,164424900
2025-09-04,170.15273668191406,171.43957421789176,168.99557077235426,171.2400665283203,141670100
2025-09-05,167.61894341349083,168.61649709218636,163.66863936987482,166.61141967773438,224441400
2025-09-08,167.140134281122,170.54179623040895,166.94062657490792,167.8982696533203,163769100
2025-09-09,168.67635699060992,170.56173293634785,166.33211485189898,170.34226989746094,157548400
2025-09-10,176.2078799889887,178.85139113084074,175.04074401948455,176.8961944580078,226852000
2025-09-11,179.25054698686972,179.84911904071384,176.05819821844705,176.74655151367188,151159300
2025-09-12,177.34510547722002,178.1731234709029,176.02825318201792,177.39498901367188,124911000
2025-09-15,175.2501343169162,178.4225418052247,174.0929031464731,177.32516479492188,147061600
2025-09-16,176.5769489507663,177.0757538913052,173.96321593348455,174.46202087402344,140737800
2025-09-17,172.22738513096226,172.78604428027472,168.0074992073941,169.88299560546875,211843800
2025-09-18,173.56417834624654,176.67673180432445,172.54662713675344,175.81878662109375,191763300
2025-09-19,175.34989886544702,177.65437533147113,174.76129744715922,176.24774169921875,237182100
2025-09-22,174.88102184557565,184.10891359634738,174.2924356467209,183.17115783691406,269637000
2025-09-23,181.53508786527138,181.98400930831284,175.78885990523673,178.0035400390625,192559600
2025-09-24,179.34033838980653,179.35030900890538,174.98077271717747,176.54702758789062,143564100
2025-09-25,174.06297010669513,179.82915407834395,172.7162058826927,177.2653045654297,191586700
2025-09-26,177.74415791919978,179.3403398828169,174.51189629291883,177.7641143798828,148573700
2025-09-29,179.99875523700084,183.56023005067578,179.88903275637574,181.41537475585938,193063500
2025-09-30,181.6448190078555,186.90222763381766,181.04624695721463,186.13406372070312,236981000
2025-10-01,184.79726069745416,187.6903232769056,183.46045188172369,186.79248046875,173844900
2025-10-02,189.14686265639136,190.59339411626704,187.6105347272827,188.4385528564453,136805800
2025-10-03,188.7378093314507,189.90501102540352,184.93691825112066,187.1715545654297,137596900
2025-10-06,185.0566446584491,186.78250559975277,182.8918329061041,185.09654235839844,157678100
2025-10-07,185.78489078203316,188.6081286768816,183.56022492696124,184.5977325439453,140088000
2025-10-08,186.12408236678675,189.14683908131633,186.09414006589398,188.6580047607422,130168900
2025-10-09,191.77054228398893,194.83321191134357,190.60334055524348,192.1097412109375,182997200
2025-10-10,193.04748211324375,195.15243956582322,181.6148814298513,182.72222900390625,268774400
2025-10-13,187.52073401073042,189.65561858658472,185.51554359294212,187.86990356445312,153482800
2025-10-14,184.32839277968645,184.35831986008523,179.2705030798172,179.59971618652344,205641400
2025-10-15,184.35831474003746,184.42813951825556,176.86625456034105,179.4001922607422,214450500
2025-10-16,181.79445210488134,182.84194556906473,179.34034021746592,181.37545776367188,179723300
2025-10-17,179.74936158304564,183.66000615888444,179.32039659193174,182.7821044921875,173135200
2025-10-20,182.69231029505525,184.75735492260156,181.2956472677441,182.20347595214844,128544700
2025-10-21,182.35311411361405,182.35311411361405,179.37027013728058,180.72702026367188,124240200
2025-10-22,180.7070509305708,183.00155667206866,176.33751483638122,179.84910583496094,162249600
2025-10-23,179.98879302554099,182.59255571493648,179.3602938591047,181.72463989257812,111363700
2025-10-24,183.40059008116805,187.0219186862977,183.06140638753934,185.81480407714844,131296700
2025-10-27,189.5359184602369,191.54110896467577,187.9796341631504,191.03233337402344,153452700
2025-10-28,192.58860677151606,202.6644582837766,191.45133202040452,200.54953002929688,297986200
2025-10-29,207.482921843539,211.6828666070652,204.29057291407037,206.545166015625,308829600
2025-10-30,204.65966800141675,205.66726375798942,200.9286166610889,202.4050750732422,178864400
2025-10-31,205.95655376605836,207.4729250244422,201.58703290468912,202.0060272216797,179802200
2025-11-03,207.58267267525224,210.83487551397138,205.06869143040765,206.3855438232422,180267300
2025-11-04,202.51481474882632,203.4824975937368,197.4569251230167,198.21511840820312,188919300
2025-11-05,198.29492759193732,202.43500266122365,194.18476438007542,194.74343872070312,171350300
2025-11-06,195.95054108781363,197.1476699621838,185.9345440647224,187.63047790527344,223029800
2025-11-07,184.45806985353664,187.86990920765928,178.4823961188316,187.70030212402344,264942300
2025-11-10,194.6436788693004,199.46213677715232,193.32682642239038,198.5742645263672,198897100
2025-11-11,194.69355355890158,194.9529266552934,190.84277869998112,192.69833374023438,176483300
2025-11-12,195.25221648764446,195.4218083488666,190.673190567689,193.33680725097656,154935300
2025-11-13,190.59336353184335,190.98243076168436,183.4105757073767,186.4133758544922,207423100
2025-11-14,182.42294356130517,190.55345800755302,180.14839424900484,189.71546936035156,186591900
2025-11-17,185.52550787171305,188.54826454585316,183.8794576828592,186.1540069580078,173628900
2025-11-18,182.9416897271721,184.358293814419,179.22059421855408,180.926513671875,213598900
2025-11-19,184.34831228056447,187.41098174033533,182.39300555425,186.07418823242188,247246400
2025-11-20,195.4816571057099,195.53154064523628,179.42014682895694,180.208251953125,343504800
2025-11-21,180.80681345200097,184.11887021564362,172.51666286870193,178.45245361328125,346926200
2025-11-24,179.0610093294625,183.06141961318156,176.0581937395723,182.1136932373047,256618300
2025-11-25,174.49194072660026,177.73417270583553,169.14475137656873,177.39498901367188,320600300
2025-11-26,181.1958831941039,182.4728225932506,177.81398638784032,179.8291473388672,183852000
2025-11-28,178.5821404669205,178.86147001761242,176.07814512953246,176.5769500732422,121332800
2025-12-01,174.34231895632354,179.8690869073362,173.26489832447646,179.489990234375,188131000
2025-12-02,181.32557695606172,185.2162648499111,179.56978894419797,181.02630615234375,182632200
2025-12-03,180.6472109015755,182.01393165685582,178.68191808959097,179.1607666015625,165138000
2025-12-04,181.19598816136636,184.08922700452197,179.53987513877786,182.95188903808594,167364900
2025-12-05,183.46070200471706,184.22890867632069,180.48766317737477,181.98416137695312,143971100
2025-12-08,182.21361127014939,187.5610985176648,181.97416608957425,185.1168212890625,204378100
2025-12-09,185.12681175320978,185.28644189022677,182.89205072764324,184.53819274902344,144719700
2025-12-10,184.53817644999398,185.04698034073257,181.61500881382975,183.3509521484375,162785400
2025-12-11,179.85912243695617,180.89670300875093,176.20766331092784,180.50759887695312,182136600
2025-12-12,180.6871989054384,182.39321360477518,174.21234434473615,174.61141967773438,204274900
2025-12-15,177.52459033283526,178.0034654802094,174.6213802569945,175.87843322753906,164775600
2025-12-16,175.84850127733236,178.0733061224419,174.4916756985292,177.3050994873047,148588100
2025-12-17,175.68889685369163,175.71882560019336,169.91240520818417,170.5409393310547,222775500
2025-12-18,174.1225483861358,175.7387615308714,171.41888356310693,173.73345947265625,176096000
2025-12-19,176.2575523358494,181.0263919449467,175.92832091222974,180.56747436523438,324925900
2025-12-22,183.49062822521734,183.73007341419415,181.9243013805983,183.26116943359375,129064400
2025-12-23,182.54285710968043,188.88801027625055,182.47301321780614,188.76829528808594,174873600
2025-12-24,187.50124372172942,188.4689804086018,186.154389299292,188.169677734375,65528500
2025-12-26,189.47662851874142,192.240166195598,187.5611125998212,190.085205078125,139740300
2025-12-29,187.2717899684254,188.31932652162573,185.47598909796272,187.7805938720703,120006100
2025-12-30,187.80056616478433,188.5488153175326,186.49361152385626,187.10218811035156,97687300
2025-12-31,189.12744593978846,190.11512498868174,186.05463453876877,186.06460571289062,120100500
2026-01-02,189.39681300359115,192.47959571470966,187.8204997023152,188.4091339111328,148240500
2026-01-05,191.31233377676458,193.1779786425506,185.7154296257417,187.6808319091797,183529700
2026-01-06,190.07524399309986,191.72138605392453,186.38388451934557,186.8029022216797,176862600
2026-01-07,188.12978540958392,190.9232365533545,186.12446806753155,188.66851806640625,153543200
2026-01-08,188.66850725549676,189.10748247384038,183.2811201033086,184.60800170898438,172457000
2026-01-09,184.64792389684447,185.9049768874807,183.2412119543349,184.42843627929688,131327500
2026-01-12,182.79226917353867,186.6831584288149,182.59273912358015,184.5082550048828,137968500
2026-01-13,184.5681140987238,187.6708543554723,182.97184323887342,185.376220703125,160128900
2026-01-14,183.88970125566945,184.02937380837906,180.37791464347094,182.7124481201172,159586100
2026-01-15,186.06460797964908,189.25713440169068,185.895006678512,186.6133270263672,206188600
2026-01-16,188.63859508159712,189.99542077422674,185.64559857342888,185.7952423095703,187967200
2026-01-20,181.47532662721457,181.95421697054311,177.19534884297914,177.65428161621094,223345300
2026-01-21,178.6320081827799,184.94723253133864,177.9835164834521,182.8920440673828,200381000
2026-01-22,184.31869154642928,185.7353746560278,183.5005985718231,184.40847778320312,139636600
2026-01-23,187.06227125943187,189.15737478680413,186.38386606278428,187.23187255859375,142748100
2026-01-26,186.7230595290241,188.67847518398236,185.5557928402329,186.03466796875,124799600
2026-01-27,186.80288446054914,189.55643562401056,185.2664711415707,188.07989501953125,143711600
2026-01-28,190.82345963399504,191.9009400606663,189.39679023846315,191.0728759765625,148552700
2026-01-29,190.89331059974717,193.0283141326731,185.62563804704834,192.06057739257812,171764400
2026-01-30,190.76362243793778,194.0359639826301,189.0276790286862,190.68380737304688,179489500
2026-02-02,186.7629659025267,189.8557348322644,184.44839001538193,185.1766815185547,165794100
2026-02-03,185.8052108647954,185.8351396091497,175.81857039871747,179.91897583007812,204019600
2026-02-04,179.04105715530034,179.16077214377114,171.50867959294058,173.78335571289062,207014100
2026-02-05,174.52161198787914,176.40721432559468,170.63072277473634,171.47874450683594,206312900
2026-02-06,176.27751351666032,186.56344202919422,174.19239634754115,184.97715759277344,231346200
2026-02-09,183.82983865020864,193.20790343822367,183.52056478242866,189.59634399414062,196387400
2026-02-10,190.93321971968697,192.0306425866914,187.6808205923615,188.09983825683594,136764800
2026-02-11,192.0007297023972,192.80883635229745,188.32932783046314,189.60633850097656,144192700
2026-02-12,192.57938064366328,193.15802849168205,186.07459697001164,186.50360107421875,189932500
2026-02-13,187.04230481693136,187.0622623874058,181.16605622339495,182.38320922851562,161888000
2026-02-17,181.32570855160378,186.71309627900055,178.7617008539599,184.53819274902344,162276900
2026-02-18,188.3093443160685,189.92555739322245,186.3239846890322,187.5411376953125,164749100
2026-02-19,186.62328370338446,187.99008040371612,185.22655825948098,187.46131896972656,126554500
2026-02-20,186.13444888465776,189.88566546751952,185.5059147845697,189.37686157226562,178422300
2026-02-23,190.9531547742145,193.49720463285962,189.13741163084848,191.10281372070312,171584800
2026-02-24,191.04296985904048,193.31764595479845,186.96250644177093,192.39979553222656,175123600
2026-02-25,193.9960453222018,197.16862939564908,193.33758246616242,195.10345458984375,250637100
2026-02-26,193.81648130196652,193.83642365132246,183.8897126034445,184.4583740234375,360807900
2026-02-27,180.82685580423004,182.16372380185732,175.96823012244815,176.77633666992188,311636500
2026-03-02,174.60140889187144,183.03169334881736,174.23227758067924,182.05397033691406,209095300
2026-03-03,178.07331350693755,180.4776756968921,176.50697142699124,179.62966918945312,178099400
2026-03-04,180.01876499488523,184.26881453838726,179.63964723402094,182.61268615722656,177731200
2026-03-05,180.74703993972415,183.63029235671348,177.46472744924466,182.91197204589844,198779700
2026-03-06,179.42014994688597,182.3333312190456,176.40721126414203,177.40487670898438,189021900
2026-03-09,176.4171820751478,182.48298979408452,175.1501427003192,182.2235870361328,177213600
2026-03-10,181.97417604353973,186.00475307627937,181.5850871183009,184.33865356445312,179118500
2026-03-11,185.4860219488843,187.1921136401388,184.02934488988058,185.60574340820312,145280400
2026-03-12,183.63026415055788,184.5182338343672,181.3355064165816,182.7223358154297,155762700
2026-03-13,184.49829181300376,185.66562182453413,179.52965286608148,179.8389434814453,160988400
2026-03-16,182.55272468439094,188.44925014875608,180.99628481489137,182.80215454101562,217307400
2026-03-17,184.63797319169822,184.9771941770484,181.2656763194747,181.51510620117188,182497800
2026-03-18,182.06384475172882,182.96180140975886,179.91875397930713,179.98858642578125,156683100
2026-03-19,177.6040222894031,179.56953069628346,175.3890840362079,178.15277099609375,170968500
2026-03-20,177.59406866914642,177.85347025510498,171.32839150930033,172.30615234375,241323500
2026-03-23,176.85574153065542,177.96321071223454,174.36144294367455,175.23944091796875,182836300
2026-03-24,174.4312942297872,175.81812366395545,173.58322660302642,174.80044555664062,147667800
2026-03-25,176.69612335614488,180.8067226806179,176.44669348987364,178.2725067138672,162602100
2026-03-26,175.66847416549638,176.10745794358192,170.74970926821888,170.8494873046875,186152200
2026-03-27,169.61230999497113,170.58009909933227,166.629123297364,167.13796997070312,196212700
2026-03-30,168.3950875250076,169.0635577295173,163.89537828689438,164.79331970214844,185627000
2026-03-31,166.58921042239905,174.22175778800025,166.57923870897636,174.00225830078125,226181300
2026-04-01,175.5986119754623,176.9654826629128,174.35146274268203,175.34918212890625,168132000
2026-04-02,171.78733317216196,177.0852364118599,170.97918282725632,176.98545837402344,143143200
2026-04-06,176.75597747742694,177.3845303646084,175.35916114415525,177.23487854003906,107564300
2026-04-07,175.32922705160684,177.8235255680002,173.26395579650787,177.69383239746094,132534900
2026-04-08,184.079243714486,184.83750503722598,179.8888249511496,181.66476440429688,147732700
2026-04-09,181.42531387192042,183.66021107746678,180.2080948395415,183.4906005859375,116428500
2026-04-10,183.88967366981893,189.56669990817062,183.87970195572368,188.1998291015625,160459500
2026-04-13,185.605746824658,189.2274732756209,185.3164148846483,188.87826538085938,133648200
2026-04-14,190.40477641072036,196.0618438720703,190.33494396561244,196.0618438720703,161307000
2026-04-15,196.09178511161633,199.94298301571828,195.2936216855987,198.41647338867188,185338400
2026-04-16,196.97974400923295,199.39423847906178,195.36344336942167,197.8976593017578,134012900
2026-04-17,199.44410763257105,201.2400056483541,198.8155547450397,201.2200469970703,160324400
2026-04-20,199.52392392325544,201.70893187328167,197.38880498867078,201.59918212890625,119381400
2026-04-21,201.66904795828867,202.28762917830338,198.54618104306965,199.42417907714844,107945300
2026-04-22,200.53164182940822,202.03819274902344,198.54617460274403,202.03819274902344,107501000
2026-04-23,201.99828375930824,203.3651545152774,196.77022843278436,199.18470764160156,113561800
2026-04-24,199.50398270942756,210.46890943516505,199.35431566144254,207.79502868652344,214134400
2026-04-27,209.17187844164343,216.33551207209098,206.90706623150768,216.1160125732422,187172400
2026-04-28,209.01225288404052,214.2402930542568,207.72518626919629,212.68385314941406,180275400
2026-04-29,212.2149257168926,212.23488436877426,207.10660696252424,208.77279663085938,123711800
2026-04-30,209.45122654333912,209.82039307402036,198.24684193288383,199.1148681640625,225239200
2026-05-01,200.82098460367052,202.5370634031337,196.6704677294345,197.9974365234375,128647000
2026-05-04,199.04502180842945,201.2699318245734,194.29588290907526,198.02734375,125368100
2026-05-05,198.84548202478717,199.7833407086998,195.58293528206713,196.05186462402344,113406600
2026-05-06,199.43413852494058,207.7950323152332,198.15705885791613,207.3560333251953,188362800
2026-05-07,207.86487247229027,213.7115092245668,206.02907228582575,211.01766967773438,168307900
2026-05-08,212.5441790763045,217.30330524675068,212.40449895841255,214.709228515625,136421400
2026-05-11,213.55186573785767,221.79303819063418,213.40221390900197,218.93955993652344,160685800
2026-05-12,218.05159434962442,223.23973257586303,214.42986778297353,220.27650451660156,159176600
2026-05-13,224.41703053540263,227.32039781394542,221.0647077692387,225.3149871826172,150405400
2026-05-14,229.32582552778115,236.00055597235212,228.77707677625682,235.202392578125,180782900
2026-05-15,229.23601388526635,230.97205119780003,223.72861351776262,224.80615234375,180977600
2026-05-18,229.34577348371204,229.4754818886306,217.8719993892805,221.81300354003906,146280900
2026-05-19,219.11914008419038,223.96805720569674,217.41304835521052,220.1068878173828,140948200
2026-05-20,222.6710257508039,225.61431038954527,219.9971448577806,222.9603729248047,184201600
2026-05-21,221.78305837384474,226.8814055684356,217.43300079554024,219.0093994140625,203381800
2026-05-22,220.39621757095847,220.50596731800164,214.3101381389001,214.83892822265625,169275700
2026-05-26,216.04617181279934,217.68243116855118,211.5165320236786,214.37001037597656,187202600
2026-05-27,213.63168066177133,213.66161102691768,208.30386252985457,212.1151580810547,167601200
2026-05-28,210.79817024571656,215.0285063161196,210.73830951283205,213.7613983154297,143996000
2026-05-29,214.09065053210412,217.36316924965476,210.64852132770383,210.6584930419922,289410600
2026-06-01,215.23801892090273,224.35717434911126,215.20808855445495,223.8483428955078,212850700
2026-06-02,226.66188583823322,231.75026086454594,220.84519513709748,222.3118438720703,193362900
2026-06-03,221.2143597561905,222.31185725112735,214.02079575535723,214.26025390625,160907000
2026-06-04,213.67091279390368,221.35231998810906,210.73419644348996,218.4156036376953,169022200
2026-06-05,214.2902104723603,214.62982678346356,204.10161444712602,204.87075805664062,219655500
2026-06-08,209.94507132882276,210.23475572682116,205.76975069388217,208.40679931640625,138372800
2026-06-09,210.3845825512031,211.16370951624515,199.11719156565087,207.95730590820312,180962500
2026-06-10,204.20149632565034,206.98838641050182,199.696542748819,200.19598388671875,161746600
2026-06-11,201.26479475008583,205.43013200106668,199.31696212361035,204.64100646972656,158643200
2026-06-12,204.6310298517525,206.83856645475237,203.21261880599855,204.96066284179688,112001800
2026-06-15,208.68648640498938,212.47225882321928,208.10713284720606,212.21253967285156,149936700
2026-06-16,210.94395209283806,211.25361840198772,207.05830064217733,207.1781768798828,125694100
2026-06-17,208.29691745433288,208.9761653200819,202.8530121596522,204.42124938964844,128363500
2026-06-18,207.09826842291386,211.1537281092123,206.26919428756833,210.4545135498047,241272000
2026-06-22,211.2036686200953,213.7508214450341,207.48782537372824,208.41677856445312,122041400
2026-06-23,201.94403040148535,203.54224815949766,199.77645766483005,199.81640625,153496200
2026-06-24,199.89631590195674,201.44458647582786,196.36027935647695,198.77757263183594,151810700
2026-06-25,199.85637045714446,200.5755669254449,191.9152592982058,195.52122497558594,149550000
2026-06-26,192.90414096411192,195.33143282930595,191.0062707295152,192.31480407714844,179304100
2026-06-29,193.63333194293918,195.96071419295149,189.58785574691487,194.7520751953125,148835700
2026-06-30,197.0195429632178,200.4057532237791,194.89191886651452,199.86634826660156,166476700
2026-07-01,195.98069896251877,199.62662840490702,193.23377271109229,197.35916137695312,146147600
2026-07-02,196.9196593659626,199.8363939026278,192.1350197738411,194.61224365234375,142068700
2026-07-06,194.20269428466304,197.32920075051607,193.77318221313826,195.33143615722656,108999000
2026-07-07,192.15498377986222,198.18824142626735,190.92636281467173,196.7098846435547,124154600
2026-07-08,194.9618356993413,204.93069180759116,194.84197470333905,203.891845703125,147419100
2026-07-09,204.23147485952867,204.36131918975943,198.73762239526957,202.5533447265625,132037400
2026-07-10,201.7742207048944,210.7641612313501,201.69430829342895,210.72421264648438,148421000
2026-07-13,208.3069001369788,210.33464515051216,202.77309911383117,203.30250549316406,121411000
2026-07-14,207.96729575339148,212.31243993744155,203.57221964678251,211.5632781982422,124379600
2026-07-15,211.7230919717581,213.57101502024952,205.80969553973085,212.26248168945312,124797200
2026-07-16,209.93509060438328,210.84407715298516,205.61992700554663,207.16818237304688,122986100
2026-07-17,202.41350482950477,206.41901728963356,197.74872640584337,202.58331298828125,144281900
2026-07-20,205.63989694335598,207.50781723343968,202.05391309694542,203.05279541015625,88701500
2026-07-21,207.30802440628602,208.4167843613107,203.78197113093626,207.0583038330078,108685600
2026-07-22,205.57996827489498,214.15038042761168,204.72092886821054,211.82298278808594,137645600
2026-07-23,209.22588688656515,210.63429930291466,205.72979894313582,208.5266571044922,110505300
2026-07-24,207.21812923496972,211.6731509810223,204.5810805834776,206.6088104248047,114836800
2026-07-27,207.96729627325774,208.51668459839084,195.22156333884286,196.2903594970703,154353700
2026-07-28,194.78204700134697,198.47790843456414,192.52457850774027,196.789794921875,134111500
2026-07-29,195.63110696844683,196.84974460884015,189.79762268066406,189.79762268066406,147680800
2026-07-30,193.23377181769484,197.02952748682713,191.3059363552755,194.82199096679688,129010200
2026-07-31,198.2182038580375,201.77422236802423,194.73209918257555,200.52561950683594,139961200
2026-08-03,197.46904862701152,208.50670133078404,196.62999113475112,206.40904235839844,128406900
2026-08-04,211.06382570110384,212.82185300096492,208.8163406042335,211.70310974121094,134922000
2026-08-05,216.6176127852948,221.9716224388697,216.15812022814887,218.9749755859375,158187400
2026-08-06,221.28239358061882,223.38005249670454,216.75745800384053,218.7452392578125,113940600
2026-08-07,221.29237770419127,224.50877992471257,220.41337164588714,223.70968627929688,105669400
2026-08-10,223.15029107269072,223.88946943306019,216.5277120448001,217.3068389892578,115846600
2026-08-11,221.92167541427946,221.9516406634887,215.95834695389817,217.25689697265625,101273100
2026-08-12,220.7929293559802,224.84840415873398,219.95387191061064,223.8395233154297,108783600
2026-08-13,224.80845001468583,226.97602279610956,223.45996804263754,225.04818725585938,98867200
2026-08-14,226.51654155338588,227.23573802273873,224.24907448357243,224.90834045410156,75680900
2026-08-17,225.72741618855906,227.66525027466162,224.60867289832842,224.7584991455078,93678700
2026-08-18,220.20359791537197,221.39227027986857,218.44557057093272,219.49440002441406,103128200
2026-08-19,221.4222404106533,222.62089613745684,216.51772459764655,217.31683349609375,96797300
2026-08-20,218.1159423024499,219.6142657707553,215.41896310784705,216.60763549804688,92457000
2026-08-21,218.17587248780362,218.49552214328025,214.26025565862156,214.48001098632812,98869300
2026-08-24,215.28910206110334,215.34903256074918,207.01835779182306,208.24697875976562,135187300
2026-08-25,210.79412790131315,214.48998931653267,209.87515802586688,212.81187438964844,122309000
2026-08-26,212.40232405945306,213.3612577394914,208.99613188036045,209.4256591796875,179900000
2026-08-27,222.61090164325523,230.21239627098788,220.6530857022795,227.7251739501953,298909800
2026-08-28,227.10587153371227,229.00374173344596,216.56766062888835,217.3068389892578,195116400
2026-08-31,218.62536478578363,221.05265670783686,215.96834944345454,220.53323364257812,124702700
2026-09-01,216.50774446342592,220.1636574397174,214.8595947199138,217.1969757080078,109756200
2026-09-02,218.5454508199983,227.6952163087265,218.23579974693772,224.1591796875,157104700
2026-09-03,225.76737972053164,230.14247379152744,224.49879494304554,228.1946563720703,134681600
2026-09-04,230.83170360414334,234.49759976142684,229.37334400327853,230.10252380371094,135352400
2026-09-08,232.84944771666764,233.44878317831424,224.59868561283858,225.47769165039062,122965600
2026-09-09,225.0281992525124,225.92718720955042,223.21024142511232,223.4199981689453,82955500
2026-09-10,220.52999877929688,220.99000549316406,217.1999969482422,218.36000061035156,105768000
2026-09-11,221.24000549316406,222.0,218.14999389648438,218.2899932861328,89060100
2026-09-14,211.24000549316406,212.77000427246094,208.92999267578125,210.9600067138672,132267200
2026-09-15,213.3800048828125,213.94000244140625,211.16000366210938,212.1699981689453,88059700
2026-09-16,214.13999938964844,216.75999450683594,212.5,213.89999389648438,96563600
2026-09-17,218.3800048828125,219.91000366210938,217.14999389648438,219.33999633789062,94191300
2026-09-18,219.35000610351562,222.72999572753906,218.02999877929688,222.27000427246094,189683500
