date,open,high,low,close,volume
2010-01-04,83.65429762331743,84.41363820059135,83.0140667320107,84.36897277832031,118944600
2010-01-05,84.31687129727766,84.6295406499893,84.0116423960111,84.59231567382812,111579900
2010-01-06,84.5104074049198,84.86030165982645,84.44340927767354,84.65185546875,116074400
2010-01-07,84.4955411571718,85.11343942921066,84.25731607008544,85.00921630859375,131091100
2010-01-08,84.78586244133251,85.32931634013295,84.61464120837329,85.2920913696289,126402800
2010-01-11,85.67178217335754,85.70900147181273,85.04643775412771,85.41122436523438,106375700
2010-01-12,84.84539524023656,85.02406255084671,84.28705492481487,84.61461639404297,163333500
2010-01-13,84.83054188390845,85.56755552763238,84.3987628252508,85.32933044433594,161822000
2010-01-14,85.23253516974111,85.71643139603663,85.1804236179698,85.56009674072266,115718800
2010-01-15,85.41121216832657,85.49309688512832,84.27219274735535,84.5997543334961,212283100
2010-01-19,84.5848431084848,85.70896426116832,84.56250472342884,85.65685272216797,139172700
2010-01-20,85.07620238992251,85.20275820705233,84.10841559572991,84.7858657836914,216490200
2010-01-21,84.80822208892637,85.06877992601505,83.05130970207858,83.15553283691406,344859600
2010-01-22,82.78331952641288,83.18532554764921,81.21252042999778,81.3018569946289,345942400
2010-01-25,82.04628874557257,82.19518297897729,81.4507288511564,81.7187271118164,186937500
2010-01-26,81.3985762966972,82.23981273121295,81.17524356307943,81.3762435913086,211168800
2010-01-27,81.27201685446617,81.94947251266017,80.64667841280853,81.76335906982422,271863600
2010-01-28,82.0313960600309,82.07606148686267,80.33404168361783,80.82537841796875,316104000
2010-01-29,81.17526490983118,81.74105154063228,79.82035885588112,79.94691467285156,310677600
2010-02-01,80.51269724692806,81.19759352985874,80.02880103495615,81.19014739990234,187865000
2010-02-02,81.33908160752569,82.32920154886969,81.05618532736814,82.17286682128906,216327900
2010-02-03,81.80057835055248,82.24725515714398,81.52513409018347,81.76335906982422,172730700
2010-02-04,81.13063013360436,81.1678494398549,79.22482330988332,79.23971557617188,356715700
2010-02-05,79.32902295047751,79.56724802289175,77.85500708983125,79.40347290039062,493585800
2010-02-08,79.46300007244932,79.90223078477294,78.77065778467937,78.83021545410156,224166900
2010-02-09,79.75336970931633,80.51271611025227,79.11313869665832,79.82037353515625,337820500
2010-02-10,79.69381082692502,80.1032571594422,78.9940221804356,79.66403198242188,240511500
2010-02-11,79.55979485650585,80.5871392521528,79.09823136758646,80.497802734375,223591600
2010-02-12,79.64911495630206,80.47545917520775,79.29178029283219,80.43079376220703,304622100
2010-02-16,81.04127070618419,81.77827864690123,80.26703778998561,81.6963882446289,159317500
2010-02-17,82.09091365376318,82.1951424055639,81.69635406953927,82.0834732055664,168845100
2010-02-18,81.94951501625067,82.73863460564245,81.91973616838418,82.56741333007812,193708600
2010-02-19,82.35151855059814,83.05874770774618,82.15795888495585,82.73863220214844,222684900
2010-02-22,83.0438767522978,83.06620947181817,82.5078687648679,82.7535400390625,132346900
2010-02-23,82.53016832746376,82.78327995331932,81.53259704502966,81.74848937988281,207497000
2010-02-24,81.99413742231596,82.63436811615296,81.78569127636558,82.5003662109375,176350700
2010-02-25,81.32414827092279,82.4482753307691,81.10081549276497,82.38871765136719,259634700
2010-02-26,82.46316675656499,82.72373019932674,81.97183007195886,82.44083404541016,173589300
2010-03-01,82.78329142004473,83.37885695590907,82.76095870640324,83.29696655273438,147709700
2010-03-02,83.65430198109858,83.92974633909631,83.37885194336731,83.52774047851562,160992400
2010-03-03,83.74363815320729,84.10097861190346,83.39374382566187,83.6021957397461,150785000
2010-03-04,83.71385282108648,83.97441627356638,83.40118349379074,83.85530090332031,135770400
2010-03-05,84.39876123737336,85.120876925221,84.19775545478166,85.05387878417969,176118800
2010-03-08,85.0613156529216,85.25486960356506,84.91986757536938,85.06875610351562,114631200
2010-03-09,84.81564536262374,85.60476479362625,84.77097993965631,85.210205078125,154556700
2010-03-10,85.24742612123397,85.82065318191736,85.17298185980837,85.58987426757812,186088800
2010-03-11,85.38889445749128,85.96957350439632,85.12833662347063,85.94723510742188,160791100
2010-03-12,86.31946236477846,86.33435462945525,85.71645627926898,85.95468139648438,162074800
2010-03-15,85.80576089478122,86.03653979377188,85.31441857853085,85.97698211669922,146816800
2010-03-16,86.21523397343445,86.74379574253184,85.97700887074642,86.66191101074219,168673000
2010-03-17,86.92244837041126,87.45845614523282,86.6693310635308,87.1755599975586,177468100
2010-03-18,87.1830319770629,87.30214169582032,86.7810260267538,87.13092041015625,196509100
2010-03-19,86.68986511230469,87.67659094043348,86.35347780761712,86.68986511230469,226641100
2010-03-22,86.19650354116308,87.31031211359502,86.14417738497067,87.15332794189453,184477800
2010-03-23,87.280392235378,87.84103194914023,86.996331130407,87.76628112792969,182941600
2010-03-24,87.43736827046962,87.78122660109598,86.3983164857381,87.3401870727539,196072600
2010-03-25,87.93077809742091,88.33443959350464,87.0935593231363,87.19821166992188,223396300
2010-03-26,87.36263254044086,87.77376496838335,86.8019927452369,87.1458511352539,205808500
2010-03-29,87.58688365844667,87.85599121215992,87.22807738891088,87.69901275634766,134513500
2010-03-30,87.80364604009047,88.08023032791587,87.39251370767724,87.75879669189453,145772500
2010-03-31,87.42241482961819,87.84850077296142,87.168260903434,87.45979309082031,161078700
2010-04-01,88.05785369873047,88.3942353999752,87.53458630408623,88.05785369873047,161215200
2010-04-05,88.39419218133547,88.83522600524911,88.14750934603364,88.77542877197266,105847600
2010-04-06,88.52129214688676,89.14173494122309,88.42411662732893,88.98475646972656,110384200
2010-04-07,88.8053432957162,89.22395250580195,88.06529468101392,88.47643280029297,184576300
2010-04-08,88.16997000574634,88.93244349820499,87.90833918112787,88.7829360961914,158704000
2010-04-09,88.96977663449799,89.40333935346939,88.80532711986353,89.365966796875,133006500
2010-04-12,89.47813227122354,89.73976880609872,89.37347993852323,89.5080337524414,110279000
2010-04-13,89.41832364492831,89.73228060311858,88.95485929965432,89.57530212402344,125043600
2010-04-14,89.90420402290822,90.59192657470703,89.7621791387379,90.59192657470703,161609000
2010-04-15,90.44241354521851,90.87597637179445,90.41251207064882,90.66667175292969,144615300
2010-04-16,90.34526371574259,90.66669752984791,88.76799612828684,89.22398376464844,366786700
2010-04-19,88.96229060122283,89.65000712075216,88.55862941720673,89.560302734375,217947800
2010-04-20,90.12099284660533,90.43495552339886,89.60520801932644,90.36019897460938,157708000
2010-04-21,90.41248487347171,90.62179513249652,89.6948668090366,90.19570922851562,192910100
2010-04-22,89.56034547574119,90.57697286070325,89.04456069150382,90.46484375,115360300
2010-04-23,90.40504322202861,91.09276004482248,90.17330821414556,91.05538177490234,177335500
2010-04-26,91.08526187418921,91.2870953593942,90.62180337343482,90.71150207519531,143457300
2010-04-27,90.18824011182555,90.70402475330587,88.3941919464943,88.56612396240234,355853300
2010-04-28,88.99225249893811,89.46318801521387,88.40918214619838,89.23892974853516,300674100
2010-04-29,89.7771135418125,90.53211002485887,89.75468886363375,90.34523010253906,193775000
2010-04-30,90.36017833990302,90.45735954988739,88.79038812690943,88.81281280517578,270000900
2010-05-03,89.23891698432286,90.21069506343368,89.10436318418634,89.9640121459961,182747900
2010-05-04,88.96232690356776,88.97727478916994,87.40000766291654,87.84851837158203,360353400
2010-05-05,87.13089961715995,88.05782820683578,86.68986570528638,87.32525634765625,328973200
2010-05-06,86.90663842824509,87.4598013871528,78.48956534744481,84.42487335205078,647356600
2010-05-07,84.20061191682308,85.04530705813774,81.7861266698309,83.16903686523438,637558800
2010-05-10,86.57024984846275,87.19816932739016,85.89748671813523,86.8318862915039,396159600
2010-05-11,86.01709610919931,87.72891699529887,85.89749591662417,86.58521270751953,317849800
2010-05-12,86.92905334155412,87.92325575969754,86.77954600247888,87.79617309570312,235607100
2010-05-13,87.55698312438071,87.96812125338558,86.63006026449676,86.7048110961914,234452500
2010-05-14,86.05446912695089,86.21144757813475,84.37254981739468,85.13501739501953,345601400
2010-05-17,85.36672759880892,85.60593361903449,83.55025492227304,85.17984771728516,325739800
2010-05-18,85.87507864638769,86.12923836199326,83.74464820628815,84.02123260498047,360556800
2010-05-19,83.55029488409086,84.29781476772212,82.49629481379533,83.5428237915039,394742700
2010-05-20,81.76370875834627,82.14494543031537,80.33594899175317,80.38827514648438,530418300
2010-05-21,79.16982845782374,81.76371749450152,78.75869026734775,81.5618896484375,500909400
2010-05-24,81.12080875784936,81.77115273690804,80.44056901933313,80.51531982421875,269823000
2010-05-25,78.57180209935056,80.63495822514673,78.02611016747174,80.59757995605469,396505200
2010-05-26,81.09094141399031,81.83098433698659,79.87248062521473,80.11168670654297,349719300
2010-05-27,81.62169736353293,82.82520482424333,81.31521147582916,82.79530334472656,300870500
2010-05-28,82.70559617919903,82.76539913626074,81.36753495634393,81.7562484741211,297933500
2010-06-01,80.99375662322284,82.18978697703446,80.26119052662935,80.38079071044922,277909400
2010-06-02,80.79194212819283,82.48133278615875,80.36585606622819,82.47386169433594,240243700
2010-06-03,82.7130318206313,83.01951184261615,81.91318620304799,82.75788116455078,226618300
2010-06-04,81.18812830410424,81.72634348831433,79.58095954656683,79.85006713867188,398475600
2010-06-07,80.13412370682366,80.44060957543415,78.79606822633139,78.85586547851562,264609100
2010-06-08,78.91567102226064,79.85754763832152,78.22795412303316,79.70056915283203,357774300
2010-06-09,80.1640043293774,80.94142543675936,78.93807258011569,79.27445983886719,268023300
2010-06-10,80.62747291791044,81.68894949182335,79.26698733220053,81.5917739868164,317890600
2010-06-11,80.8741505350311,82.04027933197166,80.8218243890946,81.98795318603516,214128200
2010-06-14,82.61588412608788,83.06440055957171,81.77866561691458,81.86089324951172,207196100
2010-06-15,82.43645629913122,83.79694167243153,82.2944257575,83.7221908569336,238268700
2010-06-16,83.28866037370014,84.0361802241978,83.12420509409084,83.69232177734375,216374000
2010-06-17,83.93152609987038,83.96890437284253,83.01207989724263,83.82687377929688,263185800
2010-06-18,83.99284633631387,84.21816574076335,83.64735199861973,83.91773986816406,174006600
2010-06-21,84.96173049562648,85.02181222863253,83.21172180734995,83.6773910522461,213140700
2010-06-22,83.67738543787574,84.04541109771444,82.1752333386503,82.29540252685547,239355400
2010-06-23,82.3480002358592,82.6409195172304,81.47675475877635,82.0400619506836,254639900
2010-06-24,81.63445755925764,81.73960774764538,80.47028739177921,80.68058776855469,268523600
2010-06-25,80.92092639921093,81.43165830692962,80.19238176449771,81.01856994628906,238726500
2010-06-28,81.1387445057352,81.3565572471708,80.47028728178877,80.7632064819336,169218600
2010-06-29,79.62909170240601,80.74819930294385,77.7739384066666,78.26964569091797,373649500
2010-06-30,78.0518666629709,78.77289939832583,77.27074643377169,77.52611541748047,284101700
2010-07-01,77.47351467074175,77.72887783973754,75.9563374693609,77.18059539794922,382924800
2010-07-02,77.44346128625611,77.67629305607164,76.32435944165913,76.75997924804688,233385200
2010-07-06,77.84152491612035,78.38981297895562,76.51962940331998,77.26319885253906,256935300
2010-07-07,77.45847648154796,79.7943236215665,77.37585765175264,79.69668579101562,253769400
2010-07-08,80.36514611329494,80.57544651338594,79.54647588004694,80.48532104492188,210842100
2010-07-09,80.46278705183576,81.09369400670555,80.31257411176294,81.086181640625,144999900
2010-07-12,80.8158080217647,81.29649639110808,80.47782598184611,81.1387710571289,131283600
2010-07-13,81.97996377621224,82.6859714680241,81.81472610464255,82.3630142211914,213025900
2010-07-14,82.10013040219678,82.67846223451986,81.76214843388259,82.35549926757812,184426800
2010-07-15,82.32546139509286,82.66344338746704,81.243909851085,82.37803649902344,232337900
2010-07-16,81.93491218451996,82.02504340491753,79.95207117783363,80.10980224609375,282693400
2010-07-19,80.40269013723017,80.83830987331672,79.77929566611223,80.58294677734375,186709000
2010-07-20,79.5164288936039,81.53681970917322,79.47887279644311,81.47673797607422,258162400
2010-07-21,81.8973533383128,81.91988470851791,80.08725686174267,80.41773223876953,264527000
2010-07-22,81.37159167654772,82.57331816478947,81.36408504043223,82.21279907226562,274781300
2010-07-23,82.04754436330275,83.04647686394979,81.81471262640584,82.92630767822266,222020800
2010-07-26,83.06900677002724,83.87265788322394,82.83617503721722,83.7900390625,184445700
2010-07-27,84.24819520006744,84.33832638473021,83.45205645810636,83.78253173828125,204855600
2010-07-28,83.60976292569553,83.86513169300096,82.96383723988374,83.24173736572266,163056200
2010-07-29,83.76001744004404,83.98534259789646,82.1752518894407,82.83619689941406,220149100
2010-07-30,81.99498434876885,83.26430491354563,81.8522837726166,82.8211669921875,220070600
2010-08-02,84.11304370050357,84.82656971245723,83.77506161554423,84.69137573242188,188263200
2010-08-03,84.48107094655259,84.69887804691395,84.00788917545447,84.2857894897461,146657300
2010-08-04,84.51859237126395,84.95421788326313,84.24069788243294,84.84906768798828,158171700
2010-08-05,84.30829711032875,84.80401011557616,84.18061554119153,84.75894165039062,140473800
2010-08-06,83.92524389585543,84.54863844961403,83.30936170775524,84.41344451904297,239728300
2010-08-09,84.81152249082055,85.00680390582359,84.36087792026144,84.86409759521484,120800400
2010-08-10,84.1430768949061,84.85660281740546,83.64736951709509,84.40595245361328,242916300
2010-08-11,83.10656472515143,83.13660845429283,81.95741930420627,82.09261322021484,273406900
2010-08-12,80.85334225626822,81.88231283248088,80.8157861596558,81.58939361572266,239542600
2010-08-13,81.3340563121241,81.83727607702673,81.25143745755709,81.34907531738281,158698500
2010-08-16,80.79327894665161,81.57439900160516,80.50035964232622,81.3115234375,147895300
2010-08-17,82.01001416017766,82.91130333058794,81.77717663578719,82.31044006347656,172270300
2010-08-18,82.272886165757,82.90378741196223,81.79971023110308,82.46065521240234,182922100
2010-08-19,82.03256071667785,82.23534881197266,80.68813334856982,81.02611541748047,265847600
2010-08-20,80.78573784652082,81.07115041197355,80.17736808164396,80.7632064819336,209714200
2010-08-23,81.14628053811695,81.54435004260824,80.41773564261075,80.45529174804688,163490300
2010-08-24,79.57654385861298,79.90701931481867,78.84049218102906,79.26109313964844,280677800
2010-08-25,78.82545348751259,79.86944906085633,78.32974612122878,79.56902313232422,272234800
2010-08-26,79.944568294784,80.04971852505705,78.7728852956221,79.0357666015625,224439500
2010-08-27,79.5314799953791,80.34264388731029,78.34477790128624,80.26002502441406,272649000
2010-08-30,80.04971825089468,80.29757482008561,79.08834144582929,79.0958480834961,167238600
2010-08-31,78.80292876727329,79.5990735898025,78.47996570960996,79.0958480834961,273933100
2010-09-01,80.16233468993045,81.57435534302313,80.10975960524759,81.4616928100586,256828100
2010-09-02,81.65698413426385,82.23531013647454,81.48423413189927,82.22029113769531,156112200
2010-09-03,83.0239668128162,83.36194882283334,82.5808288591921,83.2868423461914,212197300
2010-09-07,82.8962954366341,83.00144566293149,82.2804130839248,82.34800720214844,141973700
2010-09-08,82.51321356735195,83.25677723666382,82.47565747354356,82.92630767822266,149924400
2010-09-09,83.8576447443686,83.88017610973056,83.08403730557792,83.30935668945312,147017900
2010-09-10,83.45960017284504,83.82762595384702,83.2718310986236,83.72998809814453,127819000
2010-09-13,84.55615046142621,84.83404495680782,84.21816277128492,84.66130065917969,178503500
2010-09-14,84.49607917530209,85.0894301078084,84.18062852164266,84.6087417602539,209823600
2010-09-15,84.36086696332781,85.02932423105904,84.10550384093874,84.93168640136719,168608400
2010-09-16,84.66882028035627,84.961739532093,84.38340766463376,84.90916442871094,199962900
2010-09-17,85.35617790677493,85.43923904965337,84.70679393205295,84.94087219238281,195836900
2010-09-20,85.23535875447678,86.42841355762613,84.9635233370267,86.23963928222656,214555200
2010-09-21,86.30757161669705,86.71531884304086,85.71104441832718,86.0659408569336,268389100
2010-09-22,85.93006807914627,86.41332985109973,85.40149655542952,85.64312744140625,191322400
2010-09-23,84.94087270877013,85.83188753339151,84.70679444701722,84.94842529296875,202354300
2010-09-24,85.89231772727234,86.76068077296587,85.81680914958925,86.70027160644531,209671800
2010-09-27,86.73046824686207,86.82862881276694,86.2019024905517,86.28495788574219,128761800
2010-09-28,86.39822367833033,86.86638603489041,85.46190472614485,86.58699798583984,209207500
2010-09-29,86.36802762678204,86.76823403740828,86.09619213624941,86.43598937988281,179665800
2010-09-30,86.87392344492285,87.43269368448208,85.77147661202262,86.17922973632812,287106700
2010-10-01,86.8286065526608,86.9267728543336,86.02820553803554,86.54167175292969,174638700
2010-10-04,86.36045044624237,86.72289379893157,85.46188312610612,85.89228820800781,166153200
2010-10-05,86.68518654498047,87.83293209419053,86.58702019290051,87.62150573730469,229634100
2010-10-06,87.60637716325333,87.84046121951322,87.25903313243904,87.61392974853516,148626600
2010-10-07,87.96880361692158,87.9914556059749,86.97962835537153,87.50819396972656,164860000
2010-10-08,87.62902744333972,88.24065429749322,87.29678285049876,87.9990234375,177760100
2010-10-11,88.13496412831648,88.32373846691863,87.78006744999476,88.08210754394531,103098300
2010-10-12,87.79512877638442,88.61063494800028,87.3269723067381,88.3539047241211,182210000
2010-10-13,88.84472504997746,89.51676098918274,88.63329302874567,89.04104614257812,194347200
2010-10-14,88.95800082893251,89.10902372810835,88.13494763192874,88.69371795654297,217764300
2010-10-15,89.31290439454489,89.3657609731381,88.16515907612016,88.87494659423828,243705000
2010-10-18,88.90515113995765,89.60739183294226,88.5804590827511,89.31290435791016,141204800
2010-10-19,88.48983820465757,88.98819933558983,87.60637014734296,88.14249420166016,280604700
2010-10-20,88.30106294486966,89.43370867474871,88.24820637457934,89.00330352783203,200051800
2010-10-21,89.4034949150774,89.92450797987568,88.50492755149558,89.19961547851562,221585500
2010-10-22,89.33555622109326,89.50167854233749,89.1014779107591,89.36576080322266,108212400
2010-10-25,89.96229532748075,90.43045774545628,89.56209466481016,89.63005065917969,151145700
2010-10-26,89.17698684745415,89.73575721677791,89.00331770067413,89.64514923095703,158982900
2010-10-27,89.01837084058816,89.48653298074565,88.5426618794917,89.38836669921875,190024000
2010-10-28,89.90186453964299,89.93962170139235,88.97309827432254,89.40350341796875,168576000
2010-10-29,89.31289634296859,89.64514095613684,89.15432662148405,89.47146606445312,144305500
2010-11-01,89.90943934794987,90.42290576561584,88.98821967852544,89.5016860961914,174074800
2010-11-02,90.17367625882493,90.42285963459626,89.93204546560402,90.21143341064453,158345900
2010-11-03,90.37000940097614,90.62673961632646,89.44123755400186,90.57388305664062,226702800
2010-11-04,91.57814827802876,92.36344972105373,90.5889732131191,92.31814575195312,215039400
2010-11-05,92.37859433259727,92.81655211800691,92.25778176889433,92.66553497314453,180654100
2010-11-08,92.37857083754476,92.64285941523843,92.0765366246377,92.49183654785156,156107100
2010-11-09,92.74103659806329,92.83919715877686,91.45737368009173,91.8273696899414,186621600
2010-11-10,91.80470921023928,92.24266692235852,91.11002124262977,92.19735717773438,221387400
2010-11-11,91.40451678724015,91.98593908639688,91.12512875412445,91.85002136230469,158017600
2010-11-12,91.23081937982374,91.6310198683827,90.34735727176725,90.76265716552734,239068800
2010-11-15,91.04962891714321,91.40452555079546,90.59657171370976,90.63432312011719,163940800
2010-11-16,90.07553241670445,90.22654953009511,88.79186390914951,89.22227478027344,299566200
2010-11-17,89.26001791235525,89.63756642180313,88.99573510792835,89.26757049560547,172308900
2010-11-18,90.12837910576926,90.90612810027535,90.12082652264729,90.58143615722656,197723700
2010-11-19,90.53617046296843,90.86840936869119,90.04535604929671,90.83065795898438,156852900
2010-11-22,90.37760117670335,90.79290125120787,89.68290725551877,90.7551498413086,181361000
2010-11-23,89.68289216575779,89.87166646629785,89.09391726982234,89.4412612915039,222309000
2010-11-24,90.00756016494582,90.78531491472845,89.99246075974466,90.76265716552734,140046100
2010-11-26,89.97740190985779,90.46821057271055,89.70556640625,89.70556640625,76007800
2010-11-29,89.47901196270585,90.21900970193416,88.90513651764722,89.97737884521484,223642300
2010-11-30,89.08637063839117,89.98493239347022,88.95799973543603,89.47146606445312,233930700
2010-12-01,90.7626958645901,91.54799777134097,90.7551490392382,91.37432861328125,221037200
2010-12-02,91.51776053997655,92.61265472363479,91.4649039766919,92.54469299316406,191213600
2010-12-03,92.2275766050745,92.89961268905559,92.20492460958174,92.79389953613281,151288900
2010-12-06,92.59757341688878,92.90716605371244,92.4994128486186,92.69573974609375,103050500
2010-12-07,93.58673919940651,93.63959576754036,92.69572436448335,92.74858093261719,206581000
2010-12-08,92.86186082091061,93.1638951072225,92.43145562588795,93.08838653564453,138019200
2010-12-09,93.60938298395565,93.6471343802077,92.99020362827531,93.45081329345703,123705100
2010-12-10,93.73777077901764,94.08511481761002,93.4281839067453,93.9945068359375,117571700
2010-12-13,94.42492586036306,94.5381858540408,94.02471942593787,94.05492401123047,133812700
2010-12-14,94.19837913152801,94.56082833554274,93.85103509818684,94.13796997070312,147249600
2010-12-15,93.96430901239444,94.33430507301276,93.54900319674674,93.70757293701172,160823100
2010-12-16,93.7679666056015,94.31919007336367,93.44327459274088,94.25122833251953,185035200
2010-12-17,94.1852302441059,94.47367421797068,93.98787079291755,94.35222625732422,141075300
2010-12-20,94.61026607382766,94.80762544007435,94.10928404102441,94.57990264892578,119085500
2010-12-21,94.87596739796533,95.24032281537227,94.78488288703826,95.17959594726562,94965500
2010-12-22,95.24791464645284,95.50599514776901,95.19478008493287,95.47563171386719,78878100
2010-12-23,95.36935268856166,95.47562180056761,95.10367990854681,95.3389892578125,70053700
2010-12-27,94.98221908720276,95.46802236041911,94.91390571654662,95.37693786621094,58126000
2010-12-28,95.56669197890179,95.60464191592672,95.26306352654706,95.51355743408203,55309100
2010-12-29,95.6274037989209,95.79439391980252,95.5666769597475,95.58185577392578,58033100
2010-12-30,95.49078055599311,95.74126865719384,95.28582890173807,95.4300537109375,76616900
2010-12-31,95.28583913678247,95.54392536037562,95.13402779906744,95.45283508300781,91218900
2011-01-03,96.18154997990378,96.85712034843078,95.41488932448937,96.43963623046875,138725200
2011-01-04,96.65217790084233,96.68254133089141,95.78684041375624,96.38650512695312,137409700
2011-01-05,96.08287110859906,96.94820854606938,95.99178082367469,96.88748168945312,133975300
2011-01-06,96.92543857868847,97.0317076834185,96.40927187375753,96.69771575927734,122519000
2011-01-07,96.82674183791364,96.98614547171422,95.75645864204378,96.5079345703125,156034600
2011-01-10,96.08287661769454,96.52313766655787,95.79442692784441,96.38650512695312,122401700
2011-01-11,96.7356806846032,96.96339773441979,96.36373299147431,96.72808837890625,110287000
2011-01-12,97.32014637595921,97.70726701754047,96.75083939168724,97.60099792480469,107929200
2011-01-13,97.63896980660473,97.68451205638807,97.19870875459189,97.44160461425781,129048400
2011-01-14,97.30494823147362,98.17028546121863,97.2366348776029,98.14751434326172,117677900
2011-01-18,98.05639173818217,98.40556808974277,97.94253617922637,98.31448364257812,114401300
2011-01-19,98.23103935127175,98.32971036210057,97.09243681006765,97.35051727294922,151958400
2011-01-20,97.13037578659808,97.4643618896039,96.50034772837117,97.22146606445312,175745700
2011-01-21,97.82873690234487,98.04886163711913,97.3353355039419,97.44160461425781,151462900
2011-01-24,97.38088761611313,98.1095984338408,97.35811648891529,97.99574279785156,113715500
2011-01-25,97.73762262492242,98.13234135366883,97.24423290083602,98.04884338378906,167552200
2011-01-26,98.29178661738504,98.71686313449477,98.09442138982239,98.42841339111328,141281500
2011-01-27,98.451166479232,98.83829876545417,98.27658399508209,98.67130279541016,123302700
2011-01-28,98.7851634814687,98.9445729455756,96.78881562644195,96.9482192993164,295637300
2011-01-31,97.21387463636573,97.75280659825845,96.97096724103339,97.67689514160156,149249200
2011-02-01,98.26898646653319,99.41517542112487,98.2082596130997,99.24059295654297,167194300
2011-02-02,98.98247920403105,99.31647103336189,98.92935045797957,99.0508041381836,118323600
2011-02-03,98.8761935670951,99.42272345400563,98.35244637605948,99.27091217041016,145886700
2011-02-04,99.30890775409654,99.58975932061787,98.85346213801473,99.55180358886719,134634800
2011-02-07,99.771934857433,100.50063390749915,99.76433676198772,100.17424011230469,112439100
2011-02-08,100.26532334529861,100.68281320338244,99.99205830932216,100.62968444824219,99072800
2011-02-09,100.35642003773725,100.67522731795302,99.90097444745044,100.40196228027344,146436700
2011-02-10,99.89337326418153,100.55375884889698,99.66565050248147,100.43990325927734,162708500
2011-02-11,100.04518857608517,101.1686062409186,100.02241745725121,101.03956604003906,137710300
2011-02-14,100.97883282406701,101.36595340227898,100.86497723708129,101.28245544433594,101690700
2011-02-15,100.97125928893021,101.12307061857499,100.43991384394246,100.96366119384766,119575400
2011-02-16,101.30525169357921,101.72272995667079,101.10030002713249,101.60128784179688,130183500
2011-02-17,101.3052332677464,102.04151866557962,101.2141372200823,101.90489196777344,109810500
2011-02-18,101.99601606515941,102.23892351003592,101.76070671697559,102.11746978759766,130002400
2011-02-22,101.04717864476127,102.14023896088867,99.79472045563612,100.06798553466797,233116400
2011-02-23,100.00722623360993,100.2501335950487,98.83826640845226,99.45310974121094,227584000
2011-02-24,99.34684437119664,99.7719206871066,98.45113792056272,99.3847885131836,260431400
2011-02-25,99.80228949573115,100.50822898565671,99.74156264630491,100.44750213623047,141686900
2011-02-28,100.81945631534785,101.19899046214715,100.48546441297039,101.06993865966797,141585500
2011-03-01,101.38873957240641,101.47982404511257,99.35443088310184,99.3847885131836,258565500
2011-03-02,99.24816697714925,100.06037550931626,98.94454433066267,99.59734344482422,200277400
2011-03-03,100.50064227930199,101.426706568686,100.49305576568732,101.31285095214844,176480100
2011-03-04,101.2369210832295,101.43428622596883,99.8933787224621,100.55376434326172,277202300
2011-03-07,100.84980155220696,101.0775243287826,99.24058067400571,99.76432800292969,216790400
2011-03-08,99.92377237294976,100.95610594971919,99.49110937033306,100.63729858398438,174615000
2011-03-09,100.43990561387858,100.80425509166359,99.89337560597052,100.49303436279297,153806000
2011-03-10,99.43796487401929,99.57459163258353,98.53467158418302,98.63335418701172,301291800
2011-03-11,98.31454117956152,99.67326850225712,98.29177005444393,99.3165054321289,225621800
2011-03-14,98.6712775252832,99.04321352311064,97.96533809044313,98.7168197631836,234974100
2011-03-15,96.0904800535953,98.17033194398371,96.0221666673788,97.58584594726562,359585400
2011-03-16,97.27457999038154,97.59339880988288,95.09605807937488,95.77922058105469,468670300
2011-03-17,97.16072111951893,97.45675722838153,96.47755864090125,97.04685974121094,254303700
2011-03-18,98.22322260149937,98.25372375273751,97.20928034566627,97.39987182617188,230435400
2011-03-21,98.61202532410096,99.11517793384843,98.49766346928331,98.90934753417969,153992600
2011-03-22,98.8940769535978,99.02367772328208,98.47477350298567,98.56625366210938,129538600
2011-03-23,98.29179995309141,99.10753680126551,97.826768063259,98.84833526611328,148603100
2011-03-24,99.41248018426823,99.93851436558765,98.85595649412001,99.79366302490234,159129800
2011-03-25,100.05289272531238,100.53317527356143,99.7860600396792,100.0986328125,155642800
2011-03-28,100.31207646083668,100.57127799730328,99.8241628963443,99.85465240478516,109762400
2011-03-29,99.77083483105156,100.55607088148003,99.44302303434813,100.52558135986328,129798800
2011-03-30,101.05160077861132,101.51664443559173,100.90674939864984,101.21932220458984,135835000
2011-03-31,101.08970049925412,101.36415262749594,100.97533866003295,101.08206939697266,132537100
2011-04-01,101.70723288490512,101.9816850617334,101.2650592870829,101.5090103149414,153850100
2011-04-04,101.72246578370704,101.90543776831628,101.30317388891046,101.59286499023438,100768900
2011-04-05,101.39463425231536,102.02739915523672,101.34889417329546,101.57760620117188,120791500
2011-04-06,102.06554093208324,102.15702110909453,101.48613545693345,101.89781951904297,120411600
2011-04-07,101.71487097824296,102.14179407974359,101.13547700231811,101.63864135742188,170731500
2011-04-08,102.088419866505,102.14941053408357,100.86862978049449,101.28793334960938,147945400
2011-04-11,101.39465123370286,101.73771351658442,100.73901618146701,100.98297882080078,121385400
2011-04-12,100.41884772040407,100.61705868721354,99.86232381271398,100.22825622558594,161187400
2011-04-13,100.69330529966956,100.76953492198666,99.83945907991138,100.22064208984375,162059000
2011-04-14,99.64122457706941,100.44933060042924,99.3134128113891,100.29685974121094,161220400
2011-04-15,100.47982801995911,100.91437053423073,100.18250578405313,100.66278839111328,170006700
2011-04-18,99.55733964617365,100.65514817799611,98.7339832473068,99.53446960449219,210759300
2011-04-19,99.68695104750623,100.13675572498038,99.4430000326535,100.10625457763672,124258800
2011-04-20,101.30317245121327,101.69197482611335,101.23455068747167,101.47089385986328,156133800
2011-04-21,101.99692305964916,102.03504367911867,101.47090038897724,101.98930358886719,135935400
2011-04-25,101.91305787394364,102.05028977145074,101.54712553522354,101.882568359375,65757100
2011-04-26,102.19514170465972,102.96512700415407,102.08841095391021,102.75928497314453,146600000
2011-04-27,102.95749747713539,103.58263134681322,102.53819398558294,103.43016052246094,143031000
2011-04-28,103.2471873556994,103.90282236230796,103.23194841638573,103.7656021118164,124791100
2011-04-29,103.80374447128041,104.1163172843622,103.66651255926234,104.00957489013672,115094100
2011-05-02,104.49748764048701,104.58133671250428,103.64363001907468,103.84947204589844,126278700
2011-05-03,103.65128945027912,103.82663037812748,102.94990247332105,103.47593688964844,138375000
2011-05-04,103.43014109657413,103.47588117201126,102.33233275497903,102.78975677490234,182678500
2011-05-05,102.21800829270967,102.88126281902854,101.4099024025329,101.85969543457031,226900000
2011-05-06,102.87361824550007,103.39965238260861,101.91303012285799,102.30946350097656,222787200
2011-05-09,102.30186443134018,103.00323954307864,102.14176250138387,102.70591735839844,114104500
2011-05-10,103.04896507684377,103.76559065995245,102.91936431031215,103.5826187133789,114806900
2011-05-11,103.43018425304152,103.44543482880924,102.01981426322082,102.49247741699219,193564200
2011-05-12,102.21801894399266,103.19384634318465,101.69198462370724,102.98038482666016,171550700
2011-05-13,103.03376491058738,103.17861631838902,101.82160570758812,102.18753814697266,157444900
2011-05-16,101.82157663462071,102.62206306884845,101.3717835945578,101.53950500488281,141675400
2011-05-17,101.15829870674135,101.66146282137528,100.72374470789119,101.52423095703125,192686200
2011-05-18,101.57761164466427,102.53818825388963,101.35651907385062,102.43145751953125,135217900
2011-05-19,102.76695265776807,102.94229360367606,102.11131734613001,102.67546081542969,119489500
2011-05-20,102.4085997435166,102.67542079497893,101.66910398376338,101.85969543457031,182594900
2011-05-23,100.61704888244896,101.18120383993721,100.3197266448169,100.67803955078125,168700000
2011-05-24,100.96773306370554,101.18881403746556,100.40357815792079,100.59416961669922,147199600
2011-05-25,100.19008513047196,101.34888409241357,100.15959562508372,100.92958068847656,151050100
2011-05-26,100.65516512343639,101.5776329467404,100.46457365548582,101.39466094970703,164850000
2011-05-27,101.6767470113341,102.05793000126371,101.3641858005059,101.78347778320312,120921900
2011-05-31,102.74401714063997,102.85836732972378,102.03501106999204,102.8431167602539,164731200
2011-06-01,102.54581003762229,102.85838277843273,100.4493042825118,100.53316497802734,233094300
2011-06-02,100.60178987670676,100.81525135690838,99.83942412376432,100.42643737792969,200466800
2011-06-03,99.22189237638577,100.19010008402418,99.1685328257984,99.427734375,234690200
2011-06-06,99.17615775179267,99.3819997617324,98.24607060498727,98.37567138671875,179951200
2011-06-07,98.87880213862853,99.16088528139088,98.23079844909181,98.31465911865234,161660500
2011-06-08,98.16222436776032,98.49004773801502,97.72005077112601,97.90302276611328,198696400
2011-06-09,98.16985626751121,99.05419183517174,97.93352470922349,98.65013885498047,160964400
2011-06-10,98.23084090232672,98.29181993129343,97.0186762197812,97.27787780761719,238629400
2011-06-13,97.49896208158991,97.76579476575486,96.85857759892878,97.35411071777344,207599800
2011-06-14,98.24606796077772,98.93220409785066,98.20795898047744,98.58914184570312,160570400
2011-06-15,97.76580171092031,98.57390765827276,96.57650701859437,96.83570861816406,300958000
2011-06-16,96.86616138765781,97.55991680471263,96.30201252982893,97.04913330078125,308032800
2011-06-17,98.01297380181583,98.02063689189619,97.00932527461656,97.3387680053711,233284900
2011-06-20,97.00930622222998,98.04360106139268,96.97865971315251,97.83673858642578,159479000
2011-06-21,98.34245532334926,99.36908768051546,97.87510601292959,99.17755126953125,193157300
2011-06-22,98.87107217702457,99.45333850761412,98.51864012794947,98.5799331665039,176703000
2011-06-23,97.42301986427195,98.5569114104393,96.67985813517956,98.29642486572266,334286500
2011-06-24,98.27347706288724,98.35008459121367,97.00933594098659,97.15489959716797,226129300
2011-06-27,97.21615985986524,98.39601827430243,97.02462356794412,98.02061462402344,168904700
2011-06-28,98.4113859179751,99.31544367581267,98.27348534110038,99.30011749267578,165556300
2011-06-29,99.75209867527991,100.31138137537826,99.31540200794073,100.15049743652344,244295500
2011-06-30,100.47230562828953,101.26909168732587,100.14286872314928,101.10820770263672,223322700
2011-07-01,101.20014065904192,102.74010035808651,100.96263746119644,102.60218811035156,202385700
2011-07-05,102.49491513629118,102.72476105953173,102.19611894321328,102.51789855957031,165936000
2011-07-06,102.27275640113781,102.77074624833111,101.98161740037483,102.6405029296875,143331600
2011-07-07,103.55220235405406,103.96591567545383,103.33768260363202,103.70542907714844,170464200
2011-07-08,102.53322817935062,103.7054295677195,102.19612237267857,102.96992492675781,194100500
2011-07-11,101.70580016952668,102.03523707466694,100.87070450303312,101.10820770263672,195918600
2011-07-12,100.89372045786183,101.72881639359288,100.64089099567218,100.6715316772461,214675700
2011-07-13,101.20014230556497,102.06589034188165,100.7634455099426,101.00860595703125,204062600
2011-07-14,101.26144117803848,101.72879036302315,100.11988026640009,100.31141662597656,226111800
2011-07-15,100.87069333397322,101.03157730084824,100.18882448235865,100.8936767578125,220012800
2011-07-18,100.42636591489043,100.5795926956767,99.31545714112242,100.06627655029297,196872100
2011-07-19,100.62551872863686,101.81304625614528,100.60253530536794,101.69046020507812,166554900
2011-07-20,101.95098756543958,102.01226891800302,101.45298597485393,101.62919616699219,137145400
2011-07-21,102.20379488580859,103.29173167548997,101.64451199961286,103.03890228271484,245246300
2011-07-22,103.06188226766122,103.21510900925334,102.47960428297971,103.10784912109375,126019400
2011-07-25,102.12719274047983,103.03890771356913,102.01993284308415,102.53324890136719,136653800
2011-07-26,102.46430710347566,102.63286005483931,101.9203386349015,102.15018463134766,131278200
2011-07-27,101.58323110287085,101.61388347014697,99.92835398354478,100.05860900878906,249020100
2011-07-28,100.05858739927517,100.95497605603845,99.60655275797379,99.76744842529297,207939900
2011-07-29,98.76381448549549,100.02029257776299,98.04363587947898,99.0855941772461,307038400
2011-08-01,100.24247292395373,100.3344183320945,97.70653322712879,98.66421508789062,325790900
2011-08-02,97.92101899895339,98.44966107285133,96.14356231689453,96.14356231689453,346653800
2011-08-03,96.27382088809276,96.77181065528038,94.64192766349875,96.66455078125,370830800
2011-08-04,95.32382778803583,95.47706040494661,91.98343272732751,92.13666534423828,520721800
2011-08-05,93.28586565732095,93.5233688611458,89.53175202358118,91.99874114990234,655619200
2011-08-08,89.57005377775579,92.02937959775785,85.82359771797177,86.00747680664062,702263900
2011-08-09,87.39420115505507,90.12933986188115,84.48284644317972,90.00675964355469,717828700
2011-08-10,88.30594817790632,89.08741415946861,85.7700021326024,86.0304946899414,662607400
2011-08-11,86.7736045432324,91.10998321350927,86.0534262050566,89.89181518554688,487979700
2011-08-12,90.71160532154887,91.33218114840403,89.85352047528481,90.49708557128906,313731600
2011-08-15,91.31685709256206,92.50437876030978,91.17128762000785,92.41244506835938,258810600
2011-08-16,91.531433560644,92.46613230958268,90.6427016861685,91.62336730957031,294095200
2011-08-17,92.12897414510552,92.85680985639478,90.9567727481834,91.68460845947266,238201100
2011-08-18,89.25592787154154,91.71525359472959,86.8732155096704,87.7313003540039,512956300
2011-08-19,86.54382669435759,88.78097097135132,86.19140033663078,86.29866027832031,428281300
2011-08-22,88.23695967261645,88.28293236895098,86.12240268843485,86.36756896972656,275090600
2011-08-23,86.68936443108704,89.3095806363298,86.25266173021325,89.2099838256836,331136600
2011-08-24,89.0184091316547,90.58900322229499,88.81154666252493,90.46642303466797,246869700
2011-08-25,90.96446242152163,91.47777852982068,88.77328571226349,89.08740234375,312365400
2011-08-26,88.63534613161764,90.79587550984455,87.22563582751016,90.38215637207031,314495900
2011-08-29,91.60032162691914,93.03301530814967,90.45110378444602,92.97938537597656,190977200
2011-08-30,92.57335639209764,93.79918794657135,91.37050826595375,93.22457885742188,241315700
2011-08-31,93.82215601764624,94.6266109488689,92.93343047808332,93.6382827758789,301828400
2011-09-01,93.69193380474735,94.5423557765333,92.53505246421602,92.65763854980469,254585900
2011-09-02,90.72694008645415,92.60399989023547,89.96845775018697,90.29023742675781,255517200
2011-09-06,87.63938572837509,89.7616120960537,87.63172263649741,89.63136291503906,285130500
2011-09-07,90.98743584066766,92.19794121677292,90.68097648972956,92.15963745117188,209803200
2011-09-08,91.60802153098705,92.65764301987821,90.9951027639273,91.20196533203125,250568200
2011-09-09,90.15998669150187,91.2172651898008,88.32123664840462,88.81156921386719,380195100
2011-09-12,87.70064465094136,89.45511791381637,87.37886505999245,89.38616180419922,305793500
2011-09-13,89.67731916733342,90.54306134342004,89.04141709836851,90.2059555053711,272514700
2011-09-14,90.66565345227069,92.55037648008718,89.4245015134966,91.45478820800781,319389500
2011-09-15,92.4354276464178,93.06366653164278,91.4777460625246,93.03302001953125,326777200
2011-09-16,93.40654212123667,93.93021659290307,92.65953528476744,93.58366394042969,284528300
2011-09-19,92.0511407866963,93.12929471354624,91.4273542890434,92.65182495117188,241517000
2011-09-20,93.04458609332453,93.94561237733741,92.42079956984892,92.54401397705078,218932200
2011-09-21,92.59022287342925,92.87515948996388,89.67150857865052,89.81782531738281,316251300
2011-09-22,87.21484705450347,87.95415101322087,85.71313680640023,86.91450500488281,513911300
2011-09-23,86.3369304135291,87.91565639572123,86.26761754029626,87.43818664550781,307242500
2011-09-26,88.26219571940011,89.64069157755222,87.00692012532366,89.51747131347656,260673700
2011-09-27,91.28102201412129,92.07423337171676,89.97953587857205,90.51861572265625,311753900
2011-09-28,90.70344420004618,91.25022092791171,88.53943962032312,88.67035675048828,286696800
2011-09-29,90.14126381087766,90.58792258044222,87.73852153545924,89.37115478515625,298108900
2011-09-30,88.1389785117323,88.90908756251359,87.0762301368218,87.1378402709961,288392300
2011-10-03,86.62956598549944,87.75392450118068,84.5656734822784,84.65808868408203,365136800
2011-10-04,83.44132704386065,86.69889140448062,82.73282802054915,86.5140609741211,459177500
2011-10-05,86.72966747399488,88.34689500831003,85.9287535033275,88.11585998535156,284108000
2011-10-06,88.06967645883442,89.84092972519989,87.4150849040354,89.71000671386719,257800800
2011-10-07,90.23371878251675,90.29532894585451,88.60878744616153,89.10935974121094,312657900
2011-10-10,90.62642944747091,92.12813968195739,90.61872671216275,92.08963775634766,230666300
2011-10-11,91.54288928400503,92.44391570250848,91.45047405820954,92.18207550048828,209088000
2011-10-12,92.87515933599467,94.06112809401145,92.66723245736907,92.99067687988281,281544900
2011-10-13,92.4438873595161,93.08307925549255,91.73538847204283,92.80583953857422,212538800
2011-10-14,93.88398881754242,94.41536001981567,93.36031447475433,94.39225769042969,211397600
2011-10-17,93.94558212219923,94.37684709718317,92.3591596842833,92.59019470214844,202311600
2011-10-18,92.52092543396618,95.1084930010358,91.79702085405167,94.39999389648438,318857900
2011-10-19,94.24596169443,94.78504165921592,92.9598807417211,93.2833251953125,226601300
2011-10-20,93.51432439334577,94.03029594861414,92.27444858858978,93.69145202636719,262075600
2011-10-21,94.79271353098996,95.5859307325418,94.50777696266687,95.47041320800781,278999400
2011-10-24,95.6244398648586,96.87972138369905,95.53972739884608,96.64098358154297,203215600
2011-10-25,96.17894586255211,96.22515053841147,94.55401483953399,94.76194763183594,268596800
2011-10-26,95.76308079332715,96.08652525717352,94.1150475246237,95.72457885742188,289053800
2011-10-27,98.2890129058955,99.66750876794976,97.50350428431918,99.05912780761719,393220200
2011-10-28,98.57394069480881,99.22853797010706,98.41992126265906,99.0360107421875,225906500
2011-10-31,97.92710408070997,99.05145710887038,96.51009987479593,96.64871978759766,228146700
2011-11-01,93.97643333169074,95.11619763714728,93.58367595863557,93.95333099365234,416565800
2011-11-02,95.36261780514516,95.80157978724003,94.56170358114518,95.48583221435547,244717600
2011-11-03,96.47155551965956,97.41879221094716,95.18547485078095,97.22626495361328,291174800
2011-11-04,96.44076587546351,96.80271221968879,95.50123182659618,96.63329315185547,249401600
2011-11-07,96.56398880469948,97.3340979782758,95.6475570079943,97.2339859008789,196617200
2011-11-08,97.74224050195723,98.5893651684761,96.8104092442523,98.4815444946289,224426300
2011-11-09,96.17891928429574,96.87972134366132,94.61559884474583,94.84663391113281,337982000
2011-11-10,96.10188894645391,96.2174064548765,94.73879292290364,95.73993682861328,231866500
2011-11-11,96.90280799538839,97.79613129824028,96.87200293315696,97.54199981689453,189924400
2011-11-14,97.1800409514544,98.15037390496852,96.20199938858508,96.61785888671875,159258300
2011-11-15,96.3945804018907,97.61135451523029,96.04803356444977,97.09538269042969,184709400
2011-11-16,96.1172986331382,97.29556441676644,95.41650252591641,95.55512237548828,235782500
2011-11-17,95.37800538489901,95.61674318751167,93.36032341901887,94.03801727294922,331219600
2011-11-18,94.33838146383671,94.53090877294659,93.5451698903788,93.93792724609375,215580400
2011-11-21,92.56712179534789,92.68263934832669,91.3734560824784,92.1512680053711,229611600
2011-11-22,91.95099063437935,92.49006443680273,91.27329113937422,91.78926849365234,216494900
2011-11-23,90.92679787376068,91.78932233907568,89.76393127441406,89.76393127441406,224329100
2011-11-25,89.6253256484574,90.64186977370665,89.4867057279476,89.59452056884766,99557000
2011-11-28,92.05882592869726,92.55169519383766,91.50434653654804,92.18974304199219,210686000
2011-11-29,92.45159149169922,93.18319272072527,92.11274163802031,92.45159149169922,199241500
2011-11-30,95.1007569324146,96.43304806194803,92.41307821933262,96.25592041015625,324439500
2011-12-01,96.1481014731988,96.75648825027825,95.82465712350039,96.24051666259766,176954800
2011-12-02,97.12616957200594,97.41880893823344,96.09422024026344,96.15583038330078,221109700
2011-12-05,97.68063465430768,97.94247480148746,96.60248662317359,97.20317077636719,225263900
2011-12-06,97.1954780920134,97.88857752332545,96.84893131409073,97.2339859008789,178842100
2011-12-07,96.910529480084,98.00408890305474,96.2405383015612,97.59593200683594,237802500
2011-12-08,96.95671780613941,97.17234737167814,95.22397267174819,95.45500183105469,240862800
2011-12-09,95.88631184123395,97.31871562799091,95.80159934708945,97.07228088378906,209111400
2011-12-12,96.22512196300083,96.24052743402403,94.8466319551745,95.65524291992188,215826100
2011-12-13,96.15584352462244,96.70262039900535,94.29987737137269,94.76194763183594,245159800
2011-12-14,94.38457151642608,94.74652374155609,93.54515539896822,93.75308227539062,238618800
2011-12-15,94.74651042780454,94.87742754920984,93.94559635346806,94.0919189453125,199109200
2011-12-16,94.72741585339305,95.28540595780711,94.00667198337194,94.23141479492188,220481400
2011-12-19,94.59568891125546,94.79718884315012,93.02245331517564,93.22395324707031,183903000
2011-12-20,94.68865348554584,96.20763919251966,93.28591792156412,96.04489135742188,225418100
2011-12-21,96.044906914211,96.37815422464425,95.13041470739854,96.23090362548828,194230900
2011-12-22,96.58742450099507,97.18417272510469,96.27743187378682,97.08341979980469,119465400
2011-12-23,97.3933894740835,97.98238593412579,97.19189550866342,97.95138549804688,92187200
2011-12-27,97.78088730861553,98.28463405407628,97.69563758648854,98.02888488769531,86075700
2011-12-28,98.04438991601447,98.05988717818116,96.66490298675582,96.74240112304688,119107100
2011-12-29,97.06014394294628,97.84288870817574,96.76564866393174,97.74214172363281,123507200
2011-12-30,97.66465162329628,97.90490356340737,97.26165771484375,97.26165771484375,95599000
2012-01-03,99.0131607107882,99.49365875839311,98.75741146386638,98.81166076660156,193697900
2012-01-04,98.5791324292858,99.0518787531262,98.19938741779607,98.96662902832031,127186500
2012-01-05,98.43190441557724,99.37739131068413,97.9824068655024,99.23014068603516,173895000
2012-01-06,99.35411784551601,99.36962101939129,98.64887716512969,98.97437286376953,148050000
2012-01-09,99.19914983684586,99.33864296508304,98.74190659367709,99.21465301513672,99530200
2012-01-10,100.27637649586521,100.47787048440621,99.93537757259693,100.07488250732422,115282000
2012-01-11,99.76487972174726,100.26087493847521,99.60213775830617,100.1291275024414,111540700
2012-01-12,100.41585613548456,100.51659719164876,99.61760240684845,100.36934661865234,118983700
2012-01-13,99.69511665275826,100.01286667698083,98.98212438590112,99.85011291503906,179836200
2012-01-17,100.8110936978051,100.99709628020646,99.89659578281722,100.23759460449219,132209200
2012-01-18,100.2143907079098,101.40012961708892,100.0361455440716,101.34588623046875,163395200
2012-01-19,101.69462021744758,101.96587259848471,101.3691244554785,101.88062286376953,126328900
2012-01-20,101.71009934734955,102.26033782958984,101.46209587755494,102.26033782958984,138230200
2012-01-23,101.9193373911908,102.49283653710705,101.50859199798595,101.99684143066406,129295800
2012-01-24,101.3691244554785,101.91161739209363,101.21412816293976,101.88062286376953,103083300
2012-01-25,101.72560732491917,102.97334690084132,101.33036503395932,102.73310089111328,198613200
2012-01-26,103.19037946778225,103.38412784216821,101.80314631038212,102.20614624023438,184880500
2012-01-27,101.71009427730075,102.33783676892419,101.64033591398814,102.15959167480469,135259100
2012-01-30,101.14438774911913,101.8651377843895,100.7956430725837,101.81088256835938,147311800
2012-01-31,102.3146258559768,102.43861580520624,101.27612577477697,101.77213287353516,157212000
2012-02-01,102.52385565627091,103.1826046734796,102.39986571900323,102.66336059570312,166234500
2012-02-02,102.86484760745823,103.08960226532386,102.46185964414428,102.82609558105469,113090400
2012-02-03,103.84907940865214,104.3295713650535,103.6708342998995,104.26757049560547,160598500
2012-02-06,103.83359766670506,104.24434316430359,103.71735340340703,104.19784545898438,107694500
2012-02-07,103.98085738964977,104.63960647391747,103.57011185608151,104.46134948730469,135528100
2012-02-08,104.51560544635194,104.79460353015486,104.08935673145021,104.77135467529297,139361400
2012-02-09,104.94182819554317,105.0813212901998,104.28307926955624,104.903076171875,148602900
2012-02-10,103.97310886136854,104.21335490360632,103.72510531747159,104.12810516357422,167907500
2012-02-13,104.87208164821486,105.02707791743022,104.42258418967019,104.903076171875,115841900
2012-02-14,104.62410404419417,104.83335556341143,104.04285902172643,104.77135467529297,165329500
2012-02-15,105.11233712870639,105.26733341191458,104.07383719774884,104.28308868408203,195195100
2012-02-16,104.29085652276652,105.53083873680544,104.10485386920388,105.4378433227539,186567800
2012-02-17,105.80209239041783,105.88734212946845,105.3680980190545,105.71684265136719,129869400
2012-02-21,105.9648148938247,106.21281838929089,105.43782520414533,105.76332092285156,134042300
2012-02-22,105.60059318786479,105.82534788922919,105.2363453550001,105.42234802246094,124455300
2012-02-23,105.36809264701598,105.96482896448697,105.01159053130917,105.88733673095703,137704300
2012-02-24,106.11984252929688,106.32909406225822,105.88735396540764,106.11984252929688,105539100
2012-02-27,105.41458101781107,106.58481652198341,105.24408156350013,106.2980728149414,145728900
2012-02-28,106.32904189072241,106.73204157949581,106.11979046043263,106.60803985595703,129355900
2012-02-29,106.76303193217935,107.09628507300566,105.81753952163223,106.18954467773438,185934700
2012-03-01,106.4143266253556,106.94132821113831,106.1198253913753,106.73982238769531,145023500
2012-03-02,106.67007874022329,106.80958368529468,106.17408349472616,106.4143295288086,120638300
2012-03-05,106.25159909790025,106.32909134206051,105.61609883829816,105.9803466796875,140765000
2012-03-06,104.89537497578407,104.95736404938938,104.12812715346696,104.43037414550781,202129900
2012-03-07,104.67057923736277,105.32932818463472,104.56982633766154,105.15882873535156,143692200
2012-03-08,105.80207491676283,106.42207184151236,105.58507776691916,106.20506286621094,116968900
2012-03-09,106.406562745615,106.8948003928674,106.27481532807343,106.61581420898438,122836800
2012-03-12,106.60031682390863,106.76305877334515,106.24381474938002,106.62356567382812,104003500
2012-03-13,107.19706686346387,108.5998026864637,107.01880991020221,108.54554748535156,184090500
2012-03-14,108.57654899681118,108.84778951390875,108.09604518501256,108.4292984008789,145163600
2012-03-15,108.59206711934172,109.10356558117688,108.31306903338258,109.05706787109375,165118500
2012-03-16,109.25477032568244,109.34817328173486,108.97454958024193,109.20806884765625,152893500
2012-03-19,109.13804618065915,109.97091714462762,109.06020244468309,109.63621520996094,125291100
2012-03-20,109.01347562303202,109.44937193772296,108.69433300788909,109.31704711914062,121729700
2012-03-21,109.3793222793705,109.48050486225361,108.91228371567408,109.13802337646484,122388400
2012-03-22,108.33626603952729,108.62427828725431,107.99378456964364,108.35183715820312,135216700
2012-03-23,108.44523693431363,108.82664020928358,107.84587365999843,108.70209503173828,120521000
2012-03-26,109.48045554870644,110.22771453857422,109.44154558366142,110.22771453857422,120164000
2012-03-27,110.32892634077393,110.39897854162948,109.81518644660538,109.88523864746094,119868500
2012-03-28,109.83078233758056,110.00202900760068,108.69432824356363,109.34039306640625,148562100
2012-03-29,108.69430986690345,109.35594569623686,108.26619326423368,109.15355682373047,164963700
2012-03-30,109.69065720263359,109.79185164785461,109.01346207484931,109.60503387451172,135486800
2012-04-02,109.47271129709057,110.69478865263959,109.25476316240251,110.40677642822266,151741100
2012-04-03,110.25112179560143,110.43793960817182,109.30926498849236,109.95532989501953,155806700
2012-04-04,109.14576785270607,109.23917078445609,108.4607813471253,108.86554718017578,146896000
2012-04-05,108.49196542573168,109.13023883436564,108.39855058066746,108.81109619140625,137439400
2012-04-09,107.44116193413213,108.85004581816519,107.29326594590097,107.58905792236328,127555900
2012-04-10,107.37885089280987,107.68242238418915,105.67417564226324,105.78314971923828,235360300
2012-04-11,106.86511682537316,107.05971425062515,106.44479161283397,106.63938903808594,154133000
2012-04-12,106.740581729456,108.11832292574294,106.66273800973268,108.03269958496094,154321500
2012-04-13,107.78361937441954,108.05606051190406,106.64716522157572,106.74835968017578,169246700
2012-04-16,107.29322919248513,107.44890475092714,106.31246248474503,106.67830657958984,147825300
2012-04-17,107.29323063141246,108.47638627055008,107.1842565513132,108.25843811035156,147877600
2012-04-18,107.77583206225243,108.25842982615045,107.71355946734899,107.89258575439453,123884200
2012-04-19,107.90818192991884,108.31293607485517,106.69389574053824,107.19984436035156,198666700
2012-04-20,107.67462941941722,108.06382419999318,107.3165649952832,107.37883758544922,143199600
2012-04-23,106.2813165907852,106.56932883514375,105.8142899315241,106.47591400146484,171844900
2012-04-24,106.56934038839246,107.15313268372066,106.48371704331961,106.88069152832031,137484200
2012-04-25,107.92370292209083,108.39074138814087,107.83029997979345,108.34403991699219,150252200
2012-04-26,108.11052488567739,109.223628126202,108.04825229596506,109.09908294677734,136291600
2012-04-27,109.42600260193633,109.58945775352595,108.8188597128971,109.27810668945312,130725000
2012-04-30,109.06018511986387,109.13802884347403,108.57758728987797,108.87336730957031,115092200
2012-05-01,108.81109550845265,110.26669238515963,108.68656217795669,109.55057525634766,138832200
2012-05-02,108.9122850658701,109.33262215386465,108.55423245624355,109.22364807128906,121081000
2012-05-03,109.23918884674244,109.32481217409753,108.1883700589651,108.3907470703125,143759700
2012-05-04,107.82254470925758,108.42968772586103,106.5771164367312,106.63938903808594,193927300
2012-05-07,106.25793482169146,107.07524608332713,106.21902485274492,106.71719360351562,127765900
2012-05-08,106.07891690389658,106.46033202319066,105.02030674079869,106.2890853881836,213377700
2012-05-09,105.1604765862871,106.33584101861639,104.68565828869691,105.65864562988281,220752500
2012-05-10,106.39031516984497,106.52265189159672,105.63528796960831,105.8765869140625,150600000
2012-05-11,105.21494829757295,106.53820858786143,105.16824680973588,105.55744171142578,153032400
2012-05-14,104.54549944944208,105.55740824850618,104.23414837770638,104.38982391357422,163910000
2012-05-15,104.31979274885191,104.9347153966293,103.62702637879585,103.79048156738281,207629300
2012-05-16,104.257529676749,104.73234792056967,103.37016579716612,103.39351654052734,207265500
2012-05-17,103.41685630868639,103.54140151158578,101.8055839240468,101.86007690429688,247992900
2012-05-18,102.25704062523073,102.43607878955603,100.84037769237284,100.98827362060547,319615900
2012-05-21,101.31519205744922,102.76299717240559,101.15172501726657,102.72407531738281,177861100
2012-05-22,102.98873765956968,103.70485474684294,102.23369871246203,102.90311431884766,197531200
2012-05-23,102.16361239504609,103.10546882865317,101.18284599187447,102.95757293701172,204958400
2012-05-24,103.23780158544801,103.40125672663684,102.29594507904395,103.15995788574219,167357600
2012-05-25,103.1210592312345,103.40907148310475,102.57618884257731,102.82527923583984,135465600
2012-05-29,103.65036118558452,104.24971262130944,102.1013616177327,104.07068634033203,152883500
2012-05-30,103.18330660500907,104.06289050992625,102.35043604537167,102.56059265136719,162370400
2012-05-31,102.52169478549672,103.09769546187398,101.45529300538014,102.33487701416016,196186000
2012-06-01,100.73140993802683,102.35824149604709,99.7584228515625,99.7584228515625,253240900
2012-06-04,99.93742817012131,100.20986924805169,98.96444128791464,99.71170043945312,202545800
2012-06-05,99.5170862285656,100.61461222343702,99.46259920667327,100.46672821044922,164149400
2012-06-06,101.1672961347322,102.77077679249712,101.13615389980095,102.72407531738281,184202800
2012-06-07,103.89165821409978,103.93835968854417,102.57617792326467,102.78634643554688,184772700
2012-06-08,102.5216995138294,103.62701132132985,102.19476542959157,103.6036605834961,143915400
2012-06-11,104.43650508487971,104.49877766257792,102.18696017863124,102.28815460205078,169756100
2012-06-12,102.58396268255294,103.53359896810579,102.09358529903716,103.46354675292969,181931800
2012-06-13,103.15998589897627,103.80605077467521,102.45164842205868,102.80193328857422,172223900
2012-06-14,103.01206340462996,104.30419282298456,102.73184271001426,103.89164733886719,230615500
2012-06-15,104.35951057272639,105.04803421277911,104.14043324105246,104.95414733886719,169444500
2012-06-18,104.516027614653,105.41580896061868,104.28129841258534,105.15760803222656,131360900
2012-06-19,105.68964546432981,106.60507846694706,105.13412016932892,106.17474365234375,137382600
2012-06-20,106.18261325649182,106.48775769914607,105.05592241012978,106.00264739990234,206451800
2012-06-21,106.12779614366927,106.237334825118,103.53797936605811,103.6240463256836,205272200
2012-06-22,104.16394870768352,104.61775535355214,103.76490544832404,104.42214965820312,130029200
2012-06-25,103.3189298705249,103.35805339705638,102.38002492788976,102.74776458740234,146375700
2012-06-26,103.04509794877669,103.57715175171855,102.44262894714188,103.26417541503906,141634000
2012-06-27,103.60841914343521,104.39866182311957,103.25633129362828,104.19523620605469,108088000
2012-06-28,103.50667689721422,104.05438224920236,102.71643439670314,103.89788818359375,169242100
2012-06-29,105.78352161876104,106.62071944027474,105.50968090185872,106.48770904541016,212250900
2012-07-02,106.78504573038533,106.91805615545266,106.0339266313201,106.80851745605469,129524500
2012-07-03,106.78505122165153,107.59094568126912,106.6755125166207,107.51271057128906,80450000
2012-07-05,107.11367776534254,107.8178654566635,106.6363993743496,107.0276107788086,126177500
2012-07-06,105.99482335898065,106.22955259934155,105.50972501737321,106.0104751586914,151192100
2012-07-09,105.92438485622564,106.07304707369683,105.3923312325826,105.87744140625,103780500
2012-07-10,106.41727350515077,106.58940739986875,104.5942277575062,104.95414733886719,167884800
2012-07-11,105.00900269061792,105.31414720226557,104.3595901270953,104.96987915039062,141733400
2012-07-12,104.3595663385462,105.02461861549982,103.74927745436499,104.46127319335938,143583200
2012-07-13,104.73511905436152,106.32343642221177,104.71946725510679,106.21389770507812,129642600
2012-07-16,105.9713709942343,106.2765154808186,105.54885589660847,105.96353912353516,97525200
2012-07-17,106.38603294261249,106.91025480503058,105.27499395883947,106.69117736816406,138860300
2012-07-18,106.44078349649003,107.69266464661008,106.37820018392513,107.48140716552734,113349700
2012-07-19,107.70050440749577,108.11518757783108,107.35624836970517,107.76309967041016,129847300
2012-07-20,107.15275824603651,107.31707222298067,106.65984019284366,106.7771987915039,142904500
2012-07-23,105.21239618520092,106.70682661718412,104.71946599462044,105.69749450683594,145210900
2012-07-24,105.77572380204636,105.82266725253827,104.08568795140188,104.78986358642578,173301200
2012-07-25,105.00896017530019,105.2828009683639,104.25782909906515,104.8133544921875,129122300
2012-07-26,106.3234183305493,106.76940499223592,105.83048821791097,106.54249572753906,156526500
2012-07-27,107.10586180581686,108.81154980067946,106.51904467737411,108.50639343261719,236768900
2012-07-30,108.38121485205643,109.02279537096481,108.18560914257552,108.50639343261719,106782000
2012-07-31,108.35771760882282,108.65503009882953,107.74742889404297,107.74742889404297,120575900
2012-08-01,108.52204666282752,108.54551839316863,107.50489457235324,107.65355682373047,138293800
2012-08-02,106.8398173693627,107.63789183109955,106.08086642866812,106.91023254394531,199556600
2012-08-03,108.4125112642488,109.2575293989028,106.94155244405567,109.03063201904297,157825000
2012-08-06,109.3201217554963,109.67220965087022,109.19493123395107,109.24187469482422,86326200
2012-08-07,109.68004588086593,110.25904317493806,109.56268721124248,109.78959655761719,109545100
2012-08-08,109.42185719831559,110.04778602364456,109.3905535937529,109.922607421875,89754700
2012-08-09,109.76606799670174,110.2355263608675,109.65652930357268,110.01644897460938,90291700
2012-08-10,109.57048575188026,110.23554992011377,109.39053184731371,110.19642639160156,99792700
2012-08-13,110.00865215226369,110.19642598631219,109.57048534889302,110.14166259765625,79426900
2012-08-14,110.54852192038392,110.61894905210926,109.82869431348188,110.15731048583984,102379400
2012-08-15,110.03994442842006,110.47027936523425,109.9695292402572,110.2824935913086,71085900
2012-08-16,110.43897767315579,111.22923237226213,110.16513684596516,111.09622192382812,112014200
2012-08-17,111.28398131226878,111.33875663388945,110.99448872319778,111.24485778808594,90813700
2012-08-20,111.08838676315834,111.27617253476137,110.78324234606876,111.25270080566406,78255700
2012-08-21,111.5265869950495,111.95692210160642,110.67374865403724,110.91629791259766,105581100
2012-08-22,110.63457535925383,111.14315732514805,110.37638635025296,110.96320343017578,133243500
2012-08-23,110.68933294430029,110.69715287280268,109.88343857213619,110.05557250976562,111466400
2012-08-24,109.78169932838071,110.97098487410581,109.71128416852841,110.7206039428711,99481200
2012-08-27,111.01796284378344,111.16662507558979,110.58762794613969,110.74411010742188,68785900
2012-08-28,110.46241807307763,110.97881985970412,110.29811601112836,110.63455200195312,75689600
2012-08-29,110.72843580873462,111.01792831400735,110.41545964469121,110.7206039428711,65421300
2012-08-30,110.24339176626663,110.2746953708293,109.68787814296311,109.922607421875,96589900
2012-08-31,110.54850707285368,110.9632021214931,109.82085963296669,110.4468002319336,151970400
2012-09-04,110.35291270390324,110.68154080466617,109.64091698911726,110.3450927734375,120226200
2012-09-05,110.39200526858848,110.6893296864378,110.03209754691783,110.25117492675781,100660300
2012-09-06,110.91623722794083,112.49673441873979,110.90841729894713,112.4889144897461,158272500
2012-09-07,112.67669723353727,112.9740217024018,112.57499039326032,112.92707824707031,107272100
2012-09-10,112.81753799101331,113.01314367809424,112.24637272760759,112.28548431396484,86458500
2012-09-11,112.35592342755686,112.95838041211863,112.32461982854134,112.59847259521484,88760000
2012-09-12,112.97402954101562,113.0992200564684,112.59063806450077,112.97402954101562,87640900
2012-09-13,112.95838617535178,115.04745381028793,112.66107360248493,114.69536590576172,225470200
2012-09-14,114.92226864994244,115.88464538427945,114.82836979230171,115.20394134521484,169777000
2012-09-17,114.9692339774184,115.16483972137377,114.52324715056314,114.81275177001953,119427800
2012-09-18,114.61708895855239,114.86745797796713,114.42930323987541,114.71879577636719,98326600
2012-09-19,114.85180249428572,115.14912688793544,114.55449003945682,114.78138732910156,128318300
2012-09-20,114.25719193330652,114.85182891859506,113.94422761238066,114.78924560546875,154009800
2012-09-21,115.34695698399509,115.37055401017847,114.69407792028949,114.74127197265625,108737500
2012-09-24,114.17489184988109,114.82777075639663,114.08836544052232,114.56819152832031,95682000
2012-09-25,114.81206692662971,115.03231382378851,113.31752069298845,113.34899139404297,133165200
2012-09-26,113.32536574098388,113.35682443153551,112.44436637235329,112.71180725097656,146502200
2012-09-27,113.18380068481517,114.03332957844114,112.88488903634796,113.77375030517578,111830300
2012-09-28,113.34107690683932,113.7107794944992,112.84552756794206,113.24668884277344,150696100
2012-10-01,113.6793213166562,114.5996409530761,113.27814803747602,113.54560089111328,135911200
2012-10-02,113.99400562541011,114.1749201616382,113.13661499441984,113.66363525390625,113422200
2012-10-03,113.9704138061799,114.39517230250378,113.37260244032035,114.12773132324219,121283100
2012-10-04,114.56032464601549,115.1109417702802,114.40300718230458,114.94576263427734,124311600
2012-10-05,115.55929039153249,115.755940189897,114.60750008632576,114.95360565185547,124842100
2012-10-08,114.52888981246791,114.9379129028116,114.30076924039584,114.56034851074219,78415400
2012-10-09,114.4737830740653,114.56817113927583,113.38827231393807,113.42760467529297,148872900
2012-10-10,113.4119219441885,113.52205740809677,112.55453128062894,112.70398712158203,124247500
2012-10-11,113.49053845863565,113.6557295817183,112.74327157408992,112.7668685913086,123601500
2012-10-12,112.84556901217132,113.23099508369478,112.15335761465948,112.39720153808594,124181900
2012-10-15,112.66464519362314,113.45124470876898,112.30281613808745,113.33325958251953,107689100
2012-10-16,113.868142784549,114.56035420655525,113.78949003367497,114.481689453125,108815500
2012-10-17,114.56036825449213,115.09526223778536,114.38731537777001,115.00086212158203,128834100
2012-10-18,114.70194244384766,115.25255968178007,114.31650437601718,114.70194244384766,148108500
2012-10-19,114.4895468071628,114.4974084803625,112.52304827733366,112.79048919677734,185645200
2012-10-22,112.601659408167,113.01069431193918,111.91732201348184,112.80618286132812,125578600
2012-10-23,111.58704974618185,111.74436730797916,110.77685290049313,111.2409439086914,192056300
2012-10-24,111.64204294863177,111.77577540392981,110.75319382126716,110.9262466430664,120179400
2012-10-25,111.71289752040754,111.91740913021083,110.57233030726253,111.24879455566406,134457400
2012-10-26,111.14651204577106,111.57127049577487,110.43070361825612,111.18584442138672,146023500
2012-10-31,111.57914417243153,111.72072632158083,110.65881219273751,111.18584442138672,103438500
2012-11-01,111.4218578662437,112.49163408392101,111.31960805306962,112.35005187988281,100995600
2012-11-02,113.01858464397534,113.05005533823504,111.23301282771361,111.35099792480469,137702200
2012-11-05,111.185824769155,111.83083000553394,110.85544247442367,111.5791244506836,98378500
2012-11-06,111.91738419622632,112.89277196945189,111.79939906350242,112.45227813720703,107068100
2012-11-07,111.42969925670592,111.44542260644695,109.38453555000866,109.90369415283203,264304500
2012-11-08,109.88797270259067,110.44646375553609,108.49568791071829,108.58221435546875,181517300
2012-11-09,108.25184991204124,109.68346716745806,108.19679417282634,108.67662048339844,201055300
2012-11-12,109.01481287781881,109.18786571382127,108.51926339522527,108.76310729980469,97677500
2012-11-13,108.18888632543381,109.53397670650888,108.04730418140247,108.38553619384766,123018300
2012-11-14,108.71590482063225,108.8889456406565,106.6786033189262,106.92244720458984,191505000
2012-11-15,106.96177058880973,107.36294391770245,106.3324887416186,106.74152374267578,178128400
2012-11-16,106.89889003047985,107.48097810545026,105.95497282983035,107.26859283447266,239483900
2012-11-19,108.47203419558625,109.455283280037,107.30000896855441,109.43955993652344,151495800
2012-11-20,109.26654660380191,109.66770805423583,108.61366753560479,109.4867935180664,119807400
2012-11-21,109.58119123047881,109.78571481348125,109.36094429690516,109.69131469726562,81710800
2012-11-23,110.22619206863294,111.2251647944465,110.15538899150242,111.18584442138672,65409200
2012-11-26,110.63520501624801,111.19369589261038,110.27337599991868,110.9498519897461,100124400
2012-11-27,110.83976655858574,111.21733105370224,110.31274620012593,110.38353729248047,128646200
2012-11-28,109.9351331090304,111.3352791481485,109.33732185720574,111.2723617553711,177086500
2012-11-29,111.6892389002222,112.09826189428274,111.20153917260723,111.79148864746094,151085900
2012-11-30,111.80725520805039,112.02750211327916,111.42969079945196,111.81511688232422,136568300
2012-12-03,112.32640996585022,112.42079806416292,111.17796942530416,111.26449584960938,124656300
2012-12-04,111.25661063860542,111.59484258770811,110.8082432613634,111.1071548461914,127512200
2012-12-05,111.20155598377224,111.82297624599241,110.41495656505121,111.30381774902344,147300500
2012-12-06,111.20157789370785,111.72859816778266,111.03639870466193,111.68140411376953,103220600
2012-12-07,112.11401088938457,112.23986967328766,111.43753492909825,112.01962280273438,108726400
2012-12-10,111.86232194378213,112.33427444970647,111.81511589088927,112.06683349609375,98840700
2012-12-11,112.53094516167708,113.35687720315191,112.47588942694317,112.8298568725586,152570400
2012-12-12,113.27031045273341,113.7029425112234,112.72755496140543,112.88487243652344,145880100
2012-12-13,112.81408095479804,113.13658957925419,111.90949647430818,112.19267272949219,135715000
2012-12-14,111.94883255260892,112.15334407602437,111.60272689563327,111.7757797241211,137701700
2012-12-17,112.06681960519803,113.15233063861808,112.03534890717032,113.08940124511719,143238200
2012-12-18,113.27035421972657,114.45025374284872,113.10516300536366,114.34799194335938,177762800
2012-12-19,114.47384675476805,114.51317913800317,113.45913848162776,113.49845886230469,150895400
2012-12-20,113.5692530236235,114.16706439309583,113.25460598504024,114.15132904052734,168487000
2012-12-21,112.62398851035076,114.14496941000745,112.44179088420317,113.1151351928711,245883800
2012-12-24,112.86958417259521,112.93295990024092,112.63985773660313,112.76660919189453,53874600
2012-12-26,112.99635162066612,113.05180992308685,111.97444657599505,112.29131317138672,106947700
2012-12-27,112.3229446766563,112.5526831299284,110.84157527092115,112.1407470703125,167920600
2012-12-28,111.411970767247,112.029868958193,110.80199000881144,110.92874145507812,148806700
2012-12-31,110.63562705203847,112.93293934454617,110.54055743403215,112.81411743164062,243935200
2013-01-02,114.95297666147194,115.77683665351982,114.65194508376223,115.7055435180664,192059000
2013-01-03,115.65013459155936,115.95115417857325,115.13521135390911,115.44416046142578,144761800
2013-01-04,115.63429006921368,116.14128379701965,115.39663411512376,115.95115661621094,116817700
2013-01-07,115.53921980764864,115.74518183176248,115.20649425592858,115.63427734375,110002500
2013-01-08,115.4283032455127,115.5867364850033,114.850004394234,115.30155181884766,121265100
2013-01-09,115.55500843089115,115.91149822398206,115.37281086371159,115.59461975097656,90745600
2013-01-10,116.23635876269613,116.52154353280486,115.6343073981047,116.51362609863281,130735400
2013-01-11,116.48188454257969,116.56902463357282,116.14125369722157,116.50566101074219,113917300
2013-01-14,116.3631150446385,116.50571347942909,115.99870756700592,116.4264907836914,89567200
2013-01-15,115.88775085517578,116.61656548221703,115.81645771373071,116.50566101074219,93172600
2013-01-16,116.26800581402375,116.672012372311,116.14125439224235,116.48981475830078,104849500
2013-01-17,117.00474518972032,117.57511459463086,116.56904465990216,117.24240112304688,133833500
2013-01-18,117.21863762205521,117.63057377041412,116.79085452130631,117.50382232666016,169906000
2013-01-22,117.5038280800702,118.13757324218751,117.22656079424277,118.1375732421875,111797300
2013-01-23,118.13754456582487,118.4306466459879,117.92365305689692,118.3276596069336,104596100
2013-01-24,118.1533932683683,118.93765416785477,118.04248878550293,118.35936737060547,146426400
2013-01-25,118.73171624643558,119.02481842041016,118.32769747940628,119.02481842041016,147211600
2013-01-28,119.05648553326394,119.0881794381311,118.43858735286732,118.88221740722656,113357700
2013-01-29,118.64454069363603,119.50009465997407,118.56531803302512,119.34957885742188,105694400
2013-01-30,119.33375280627808,119.5714087420498,118.7713008278745,118.88221740722656,137447700
2013-01-31,118.73962716737603,119.12779895872428,118.50990073588183,118.589111328125,108975800
2013-02-01,119.34164192659715,119.95162252990953,119.13567994455408,119.80903625488281,131173000
2013-02-04,119.08022851470395,119.83279535992072,118.37517833805792,118.46231842041016,159073600
2013-02-05,119.10401640649772,119.99916969718797,119.05647555318215,119.65853881835938,113912400
2013-02-06,119.23872608988407,119.82493051694556,119.15158596049842,119.74571990966797,138762800
2013-02-07,119.78527141846588,119.89617588340113,118.71582600912727,119.58722686767578,162490000
2013-02-08,119.79322821691962,120.32398633694002,119.79322821691962,120.25269317626953,103133700
2013-02-11,120.2051708535337,120.33191022785492,119.92790354135629,120.22893524169922,73775000
2013-02-12,120.23684425585124,120.64878043468319,120.1021753697816,120.42697143554688,65392700
2013-02-13,120.67254377899631,120.89435277621696,120.18931444483334,120.52994537353516,82322600
2013-02-14,120.16554645309392,120.78344465362404,120.03087757222796,120.6408462524414,80834300
2013-02-15,120.75172837167183,120.8784797964167,120.05461971093743,120.49823760986328,215226500
2013-02-19,120.70422341342146,121.42510868518251,120.53787271235879,121.4013442993164,95105400
2013-02-20,121.3141600713425,121.35377139594209,119.82486129768822,119.88823699951172,160574800
2013-02-21,119.5872526956907,119.95164797874438,118.77922736940229,119.15946960449219,183257000
2013-02-22,119.73771269861248,120.32392883300781,119.21488434920941,120.32392883300781,106356600
2013-02-25,120.91015648871861,121.09235408105857,118.0345458984375,118.0345458984375,245824800
2013-02-26,118.60493442773158,118.9851766220022,117.82067356984707,118.84259033203125,186596200
2013-02-27,118.73964725804922,120.67256493355202,118.63666017425551,120.33985137939453,150781900
2013-02-28,120.33190692280898,121.1003210195482,119.9437472016435,120.10218048095703,126866000
2013-03-01,119.69021238671625,120.68043522813329,119.15153696307235,120.49823760986328,170634800
2013-03-04,120.22100836625307,121.13993835449219,120.03089325674497,121.13993835449219,99010200
2013-03-05,121.72613267898393,122.549992874975,121.71028572684483,122.2251968383789,121431900
2013-03-06,122.66090117183793,122.72427689467864,122.12222565921674,122.39156341552734,94469900
2013-03-07,122.5500428323929,122.77185190202935,122.40745646806423,122.61341857910156,86101400
2013-03-08,123.15206979324637,123.3025735483154,122.51832460213606,123.13622283935547,123477800
2013-03-11,123.04120519983604,123.61156276037843,122.89068930826299,123.60364532470703,83746800
2013-03-12,123.51647454922845,123.65907296976538,122.95403456384372,123.32634735107422,105755800
2013-03-13,123.38967536653799,123.6748600096402,122.96982187637089,123.50057983398438,92550900
2013-03-14,123.825451372643,124.21362328943528,123.50858472590204,124.15816497802734,126329900
2013-03-15,124.01010383356382,124.16127694438009,123.5804181543583,123.99418640136719,138601100
2013-03-18,122.80858720329725,123.84300175515996,122.6971894602624,123.30988311767578,126704300
2013-03-19,123.57243528581681,123.73952578796295,122.21178048971072,123.02339935302734,167567300
2013-03-20,123.74749130645698,124.0896370976496,123.54060116160522,123.88275909423828,113759300
2013-03-21,123.14279977259812,123.84302120532958,122.61764583949483,122.82452392578125,128605000
2013-03-22,123.21435832866585,123.8111343383789,123.11886591093324,123.8111343383789,111163600
2013-03-25,124.13737159885673,124.34426173430448,122.8165164964374,123.29393005371094,151322300
2013-03-26,123.80325941393076,124.31250815952063,123.66799154385431,124.28068542480469,86856600
2013-03-27,123.5406763220949,124.32047294928549,123.33379819282169,124.28068542480469,99950600
2013-03-28,124.20110436458376,124.80584556794798,123.93056863752462,124.66261291503906,102932800
2013-04-01,124.59890108896079,124.85353140935518,123.8668571299898,124.16922760009766,99194100
2013-04-02,124.6148568168971,125.09228274364168,124.42388401791014,124.7819595336914,101504300
2013-04-03,124.85353913226518,124.94901943759812,123.19052572668886,123.51675415039062,154167400
2013-04-04,123.67590075622658,124.26472434397859,123.40536511108792,124.01805877685547,131885000
2013-04-05,122.49824018035494,123.61222953506106,122.35501974212416,123.46104431152344,159666000
2013-04-08,123.54866893987774,124.30458350948328,123.1349004466866,124.296630859375,86571200
2013-04-09,124.5272937878087,125.17977489305562,124.1135255781751,124.7262191772461,101922200
2013-04-10,125.06043759600658,126.41312808869534,125.02861486951335,126.25399017333984,135711100
2013-04-11,126.27785692438346,127.0815234091246,126.15054173887772,126.66775512695312,110142500
2013-04-12,126.26195229364929,126.54840541936102,125.65722331334476,126.3574447631836,116359900
2013-04-15,125.72083094299948,125.82427601827692,123.41330156074858,123.42920684814453,217259000
2013-04-16,124.36023997519284,125.31509193277373,124.05788152064277,125.25143432617188,147507800
2013-04-17,124.36023274937125,124.38411497422543,122.7608764538121,123.42131042480469,226834800
2013-04-18,123.62815415199906,123.65998901532171,122.1799835483336,122.64944458007812,167583200
2013-04-19,122.93592913004781,123.77141845533734,122.63355855825162,123.71571350097656,149687600
2013-04-22,123.95443201619926,124.55916104539733,123.13486008998552,124.26475524902344,106553500
2013-04-23,124.88536546104116,125.66514964048486,124.26471917556351,125.5457992553711,166141300
2013-04-24,125.58562446650772,125.95960530739504,125.35486413075343,125.62541198730469,96781200
2013-04-25,125.9914033068301,126.73141219575894,125.80044267080534,126.13463592529297,131060600
2013-04-26,125.98347548699574,126.19831838630463,125.50604951996412,125.911865234375,95918800
2013-04-29,126.25400639704017,127.03379078149607,126.05508094192261,126.75530242919922,88572800
2013-04-30,126.73141161016729,127.08947494250349,126.20624558063724,127.0576400756836,116010700
2013-05-01,126.77916912704278,126.84282672795406,125.80045931360435,125.94367980957031,138874200
2013-05-02,126.26198113675292,127.22478585022301,126.14263069937778,127.11338806152344,96407600
2013-05-03,128.2193510465188,128.80817458172885,127.13719642108353,128.40235900878906,144202300
2013-05-06,128.49788951292692,128.911645711787,128.44218455839996,128.7286376953125,66882100
2013-05-07,129.00709230947143,129.42084836119776,128.64106426523784,129.38107299804688,90359200
2013-05-08,129.2378655783805,130.00969718030981,129.16625534103304,129.96990966796875,97419200
2013-05-09,129.91423556814402,130.25638151236043,129.2776717033703,129.60391235351562,106738600
2013-05-10,129.69145668433498,130.13704780444044,129.30951103157537,130.02565002441406,103203000
2013-05-13,129.85856883806744,130.3439475619146,129.55621032292206,130.1291046142578,81843200
2013-05-14,130.23250783493023,131.56929312819963,130.23250783493023,131.4738006591797,119000900
2013-05-15,131.25891086853878,132.4444982073418,131.21912336946806,132.18191528320312,120718500
2013-05-16,131.91142048818668,132.37292890888602,131.36238439905395,131.56130981445312,109913600
2013-05-17,132.046693094252,132.9140050228457,131.8716377510476,132.83444213867188,129801000
2013-05-20,132.70712665406833,133.34369043324043,132.57185882397894,132.82647705078125,85071200
2013-05-21,132.94580006158367,133.5187060783581,132.48429176243533,133.0174102783203,95804200
2013-05-22,133.1527500630478,134.5293230611955,131.42607843552236,132.0308074951172,244031800
2013-05-23,130.6224147323014,132.0148929284644,130.44735935918234,131.64886474609375,211064400
2013-05-24,130.86904337821477,131.5931347495714,130.4791452225359,131.5374298095703,151573900
2013-05-28,132.9140834341836,133.5029074033733,131.93537317721075,132.3252716064453,143679800
2013-05-29,131.62503459170708,131.92740526271947,130.76567490155344,131.4658966064453,160363400
2013-05-30,131.5692690108454,132.55593125877525,131.4658239139715,131.95120239257812,107793800
2013-05-31,131.58514893835243,132.33311026693085,129.8027854061904,130.05740356445312,176850100
2013-06-03,130.35980655948987,130.86110249879934,129.42883705894656,130.77357482910156,168390700
2013-06-04,130.8451798256335,131.37034582278827,129.48452467690396,130.14495849609375,157631500
2013-06-05,129.7709702726143,130.03355325605483,128.21140194492511,128.3227996826172,211737800
2013-06-06,128.26712013608775,129.49250763473344,127.5112058991401,129.4845428466797,200225500
2013-06-07,130.37570824461142,131.25097269442298,129.81075478272152,131.13162231445312,188337800
2013-06-10,131.53742574779318,131.6090359757751,130.78946432280196,131.13162231445312,105667100
2013-06-11,129.938114381955,130.92477690427998,129.49252328910543,129.7789764404297,159505400
2013-06-12,130.6701264867654,130.80539431086407,128.5853920402135,128.70474243164062,177361500
2013-06-13,128.63311379723208,130.89290325560157,128.34666075733722,130.6621551513672,163587800
2013-06-14,130.51900294895307,131.02825176225855,129.6278205610309,129.8426513671875,141197500
2013-06-17,130.72582179101647,131.4658306563594,129.8744273191721,130.84518432617188,136295600
2013-06-18,130.91680372567353,132.0785335853687,130.9088510793508,131.87960815429688,114695600
2013-06-19,131.76816901930482,131.99891710465045,130.00171077479354,130.05740356445312,206149500
2013-06-20,128.79228577371484,130.07336607720146,126.5006608478642,126.83485412597656,321255900
2013-06-21,127.69795553246615,127.79394106990857,125.9621478981454,127.24201202392578,271956800
2013-06-24,125.91413695421112,126.73003831607727,124.57027859555353,125.63416290283203,222329000
2013-06-25,126.77005491549346,128.0659207021085,125.9221501178164,126.84205627441406,162262200
2013-06-26,127.88193597756126,128.3858844766547,127.38599441063712,128.09791564941406,134848000
2013-06-27,128.8658246552141,129.4417622563527,128.74583053499214,128.84982299804688,129483700
2013-06-28,128.48984049162496,129.10576380943337,127.87390496813073,128.3218536376953,160402900
2013-07-01,128.9937954273974,129.9696889735049,128.84981713650657,129.07379150390625,131954800
2013-07-02,128.88181029322982,129.82571274715667,128.38586878691353,128.9538116455078,154863700
2013-07-03,128.3699248846404,129.4018186061066,128.1619520768045,129.00985717773438,75216400
2013-07-05,129.96173347983733,130.4496804001882,129.02583768946423,130.4016876220703,122416900
2013-07-08,131.0735949480446,131.4975473773242,130.44966449719195,131.1455841064453,108092500
2013-07-09,131.96948341104073,132.24945750406926,131.4015527044134,132.0894775390625,119298000
2013-07-10,131.961545766483,132.58547644388102,131.6895784877596,132.1375274658203,121410100
2013-07-11,133.67325299967604,134.07320887458312,132.12941697557864,133.93722534179688,135592200
2013-07-12,133.89728532827615,134.3292324898289,133.68931257726035,133.99327087402344,104212700
2013-07-15,134.36120969764048,134.6971712481565,134.12922839958026,134.50518798828125,69450600
2013-07-16,134.59320889534354,134.6732049896067,133.64132372547763,134.00128173828125,88702100
2013-07-17,134.51320173035776,134.7691672174646,134.16923323137547,134.34521484375,92873900
2013-07-18,134.6331974376417,135.40111838900734,134.54520662244033,135.08114624023438,103620100
2013-07-19,134.8011984612154,135.36912925052997,134.6332115398026,135.32113647460938,103831700
2013-07-22,135.5131243590793,135.7770968412453,135.19315216598818,135.58511352539062,79428600
2013-07-23,135.8250640053991,135.8490603896444,135.22512998788912,135.297119140625,80829700
2013-07-24,135.81704208920166,135.87304178338826,134.52918338547192,134.80116271972656,112914000
2013-07-25,134.56120441831348,135.24912926131455,134.337230023447,135.12913513183594,111088600
2013-07-26,134.5611958828293,135.31311510605207,134.00125993118095,135.2731170654297,107814600
2013-07-29,134.92913635999352,135.2331067944067,134.47319291406095,134.85714721679688,79695000
2013-07-30,135.2651101062856,135.40908839267885,134.53718733213148,134.85714721679688,85209600
2013-07-31,135.13720825334102,135.86513149603442,134.7772500999779,134.95323181152344,142388700
2013-08-01,135.97704565268245,136.6329671475509,135.90504429615874,136.5129852294922,110438400
2013-08-02,136.20904018157393,136.76098151902193,136.02506380432155,136.74497985839844,91116700
2013-08-05,136.44097215039224,136.75293728832264,136.2649905643098,136.54495239257812,54072700
2013-08-06,136.281062676638,136.57703854495202,135.4651608706534,135.7691192626953,87495000
2013-08-07,135.33713901324398,135.5291101181719,134.8251957239516,135.32913208007812,84854700
2013-08-08,135.96908210737809,136.12906211773387,135.12917179589476,135.82510375976562,102181300
2013-08-09,135.6490545707846,136.06501215523122,134.96112988352868,135.43307495117188,91757700
2013-08-12,134.7531791544037,135.43309702223087,134.68918473054558,135.2731170654297,68593300
2013-08-13,135.51313096042085,135.90508013322545,134.71321874726308,135.67311096191406,80806000
2013-08-14,135.60909804335253,135.82507772907147,134.9451695322093,134.9771728515625,79829200
2013-08-15,133.91327916222932,133.92926861512618,132.85738939795291,133.08937072753906,152931800
2013-08-16,132.83339041272652,133.28934613083587,132.38544162659812,132.6494140625,130868200
2013-08-19,132.49741791957433,132.95337360016188,131.7934914817639,131.80149841308594,96437600
2013-08-20,132.01748826053245,132.9453892304458,131.873509940558,132.44944763183594,89294400
2013-08-21,132.08149378477555,132.8094167898345,131.33758132439235,131.633544921875,159530500
2013-08-22,131.9054732491215,133.0253572819576,131.89747852381598,132.8333740234375,101471400
2013-08-23,133.22536930870334,133.449343731365,132.6014388161901,133.28135681152344,90888900
2013-08-26,133.41737153426976,133.82533463233023,132.69745532287067,132.7854461669922,89702100
2013-08-27,131.47358212947472,132.7854377734668,130.55368789464646,130.64967346191406,158619400
2013-08-28,130.59365147060086,131.57755219005617,130.42567675653135,131.1136016845703,108113000
2013-08-29,130.82560693949227,132.01746797959473,130.70561281892404,131.32154846191406,119200500
2013-08-30,131.59351868005794,131.60952033764514,130.521639529797,130.9055938720703,134928900
2013-09-03,132.16946653742514,132.4494406412966,130.94560205947627,131.49754333496094,142375100
2013-09-04,131.52951382773156,132.80937780809293,131.2895500113904,132.5854034423828,97389400
2013-09-05,132.66538140317678,133.10532314352108,132.56938368406105,132.7533721923828,63090500
2013-09-06,133.19337303207712,133.5693327340761,131.5695522790565,132.81741333007812,159756500
2013-09-09,133.14540678258643,134.16929360310522,133.14540678258643,134.0893096923828,87559300
2013-09-10,134.89716988324585,135.10514262568117,134.5931993933339,135.08114624023438,105847200
2013-09-11,134.89718286171262,135.50511169433594,134.66521371151273,135.50511169433594,94545900
2013-09-12,135.4570915261986,135.63307313794493,134.96115000528889,135.14512634277344,83209000
2013-09-13,135.28911672524845,135.55308914263256,134.97715154210144,135.4490966796875,72727800
2013-09-16,136.91294708099602,136.97694150859138,136.0170373003503,136.23301696777344,106299200
2013-09-17,136.35299560780362,136.87293349013166,136.35299560780362,136.8409423828125,82523300
2013-09-18,136.79300716885842,138.80079498765355,136.44905071560945,138.42483520507812,203460600
2013-09-19,138.8007050887369,138.86469950024775,138.05678073489818,138.19276428222656,146616900
2013-09-20,138.52079062256598,138.52079062256598,137.11412097123537,137.22665405273438,132867100
2013-09-23,137.0416970501193,137.17029744658203,136.15750033280898,136.591552734375,104616500
2013-09-24,136.567486717479,137.07389158243657,136.01286741917156,136.27008056640625,106333100
2013-09-25,136.35852757418286,136.63182043071544,135.75566919143944,135.87623596191406,117306500
2013-09-26,136.10126028939632,136.78449215921438,135.88422792360456,136.39866638183594,77146900
2013-09-27,135.71544060190948,135.9565863448278,135.41803446924666,135.77171325683594,99141800
2013-09-30,134.62229039022063,135.47432826212312,134.35703123412523,135.04830932617188,143937000
2013-10-01,135.1527997252179,136.24598332688464,135.01615330815758,136.11737060546875,127160000
2013-10-02,135.32160186135062,136.11736699046114,134.9036166604419,135.98875427246094,113350000
2013-10-03,135.6753211497874,135.79590021920313,134.10789136889173,134.73486328125,176698000
2013-10-04,134.83930165900594,135.89229215662613,134.66246224938604,135.75564575195312,96878000
2013-10-07,134.5740585892823,135.4019830761295,134.4374121683175,134.58209228515625,96295000
2013-10-08,134.5579333021008,134.7347726728361,132.91816454140456,133.01461791992188,178015000
2013-10-09,133.27187425857335,133.59339377181377,132.25103079300098,133.11111450195312,168973000
2013-10-10,134.46957438093511,136.05308347478018,134.42134766988374,135.98074340820312,195955000
2013-10-11,135.77171980213274,136.90509626285944,135.6591867520368,136.8568572998047,105040000
2013-10-14,136.01283780333318,137.51596015115712,135.90833846914478,137.40342712402344,112106000
2013-10-15,137.05779263256602,137.57223111979434,136.2218346902629,136.40670776367188,155485000
2013-10-16,137.2266632163565,138.38415342631808,137.16235684189346,138.3118133544922,161676000
2013-10-17,137.74908973549438,139.3165310271159,137.72497638625552,139.23614501953125,129389000
2013-10-18,139.75060157175108,140.2730738927724,139.46926277416463,140.17662048339844,138316000
2013-10-21,140.22482435007737,140.46597009942187,139.87114555306312,140.18463134765625,104104000
2013-10-22,140.59455454785586,141.41443275961288,140.20871652036803,140.9964599609375,126663000
2013-10-23,140.51419584852863,140.57850219893226,139.83096387270683,140.3212890625,105484000
2013-10-24,140.60264822766283,140.96436080072215,140.27308270468623,140.7875213623047,70350000
2013-10-25,141.0769240747951,141.47079604744022,140.80363116243942,141.43060302734375,93625000
2013-10-28,141.38234679313672,141.84855874551255,141.22962070776714,141.6556396484375,84979000
2013-10-29,141.97717172753073,142.46749703475837,141.77621893383392,142.41122436523438,87401000
2013-10-30,142.57997480773915,142.68446187960936,141.19741914212648,141.7038116455078,140002000
2013-10-31,141.5913133903343,142.1861379905255,141.09295445772054,141.30194091796875,133795000
2013-11-01,141.48684605830624,141.96109170657292,140.84379466708467,141.6395721435547,142805000
2013-11-04,142.02543686638987,142.19423039026552,141.45472538118008,142.13796997070312,85677000
2013-11-05,141.58329054626745,142.07361582132182,141.1251245845981,141.6877899169922,85825000
2013-11-06,142.29869129137157,142.6764835247364,141.90481940025916,142.41122436523438,87348000
2013-11-07,142.67645696014694,142.7889900130575,140.4740103358315,140.61065673828125,157000000
2013-11-08,140.5624235343531,142.52372430732996,140.54635614552575,142.5076446533203,136713000
2013-11-11,142.3710272739075,142.70059278977124,142.20223380054253,142.53179931640625,62614000
2013-11-12,142.22636723985636,142.5639664994487,141.76818893136115,142.24244689941406,83990000
2013-11-13,141.54311552573412,143.42403084671753,141.54311552573412,143.38385009765625,103844000
2013-11-14,143.51242173977315,144.21977939981767,143.27932192826762,144.09921264648438,103435000
2013-11-15,144.3323548547486,144.78248721966116,144.147481690271,144.72622680664062,102818000
2013-11-18,144.9673076306025,145.08787436527663,143.89823761082604,144.21975708007812,104796000
2013-11-19,144.14742626754605,144.58147880534244,143.65710107317813,143.90628051757812,93891000
2013-11-20,144.1956968805923,144.62974955058328,143.06232009619066,143.45619201660156,124909000
2013-11-21,143.8580327611554,144.7261499748463,143.76961307461707,144.61361694335938,92841000
2013-11-22,144.66991722949612,145.35316156530737,144.50112376829924,145.3370819091797,81296000
2013-11-25,145.59422710273955,145.62637413209328,144.98332315842455,145.19232177734375,79486000
2013-11-26,145.26474903552486,145.6666546022975,145.01556954655533,145.2325897216797,86994000
2013-11-27,145.38533564133652,145.6827541416648,145.20849618660716,145.58628845214844,58800000
2013-11-29,145.7470019931766,146.09263480170657,145.32901688026345,145.48977661132812,55870900
2013-12-02,145.56214701746723,145.83543984380918,144.8869486470281,145.1120147705078,99726000
2013-12-03,144.63772663462166,144.99943906489386,144.0187888444882,144.48500061035156,116563000
2013-12-04,143.96258618249604,145.07183726239046,143.35972780194152,144.46897888183594,123033000
2013-12-05,144.21173074011907,144.4769898351104,143.69729220397343,143.8339385986328,106934000
2013-12-06,145.22457214985215,145.57825105031,144.80658687974872,145.4416046142578,127728000
2013-12-09,145.86759773615634,146.02835749919382,145.61841826367072,145.8113250732422,70124000
2013-12-10,145.47367615160888,145.7791281825699,145.20038342136982,145.28880310058594,80976000
2013-12-11,145.34514339312238,145.36925674729733,143.48029556902597,143.65713500976562,130591000
2013-12-12,143.59280053403495,143.76963994015676,142.88544290954766,143.182861328125,115565000
2013-12-13,143.4802796579379,143.60889237606534,142.8935009961093,143.1667938232422,107808000
2013-12-16,143.8419733370669,144.53325127489123,143.80178033477364,144.0590057373047,96195000
2013-12-17,144.18769754408137,144.21181090565014,143.27938670769385,143.6009063720703,89886000
2013-12-18,143.81788109025376,146.07658832746344,142.53179068444513,146.05247497558594,234906000
2013-12-19,145.63450573773204,146.05249099141773,145.25672576182978,145.88369750976562,136531200
2013-12-20,146.02908496741588,147.0797145182379,145.93210795193806,146.73219299316406,197087000
2013-12-23,147.4515645961613,147.60511985914326,147.14446640197247,147.51622009277344,85598000
2013-12-24,147.52428971686447,147.90413303230497,147.51621240462458,147.8394775390625,45368800
2013-12-26,148.1708099763022,148.67188689043527,148.15465535425818,148.591064453125,63365000
2013-12-27,148.78506688164885,148.8497100490015,148.42946780233154,148.58302307128906,61814000
2013-12-30,148.59911469983726,148.7203483337224,148.36474940515842,148.5587158203125,56857000
2013-12-31,148.760776272867,149.2618408203125,148.6476199358085,149.2618408203125,86119900
2014-01-02,148.68808472308427,148.7608298705132,147.4758218017669,147.8314208984375,119636900
2014-01-03,148.08192074056475,148.3809539144236,147.59702307759707,147.80714416503906,81390600
2014-01-06,148.2920258181423,148.34859165204625,147.15249618052948,147.3787841796875,108028200
2014-01-07,147.96874781140204,148.53446780689566,147.85560381230331,148.283935546875,86144200
2014-01-08,148.25973651457048,148.56684703371607,147.80716038010843,148.31631469726562,96582300
2014-01-09,148.79309701375345,148.809263966353,147.73438975625828,148.4132537841797,90683400
2014-01-10,148.66379706328632,148.8820077783354,147.90411054789305,148.81735229492188,102026400
2014-01-13,148.43750918765033,148.84967402158514,146.5544598510554,146.8373260498047,149892000
2014-01-14,147.32221455961982,148.51832243228938,147.04743802067077,148.4375,105016100
2014-01-15,148.78500337675126,149.46386733017906,148.46981566039048,149.23757934570312,98525800
2014-01-16,148.93043513500567,149.2375454721317,148.566758980485,149.0435791015625,72290600
2014-01-17,148.7850197033395,149.06787354908758,148.15464420144508,148.4132537841797,107848700
2014-01-21,149.26995548042734,149.3265336631133,147.93647134647676,148.84970092773438,88621200
2014-01-22,149.10021049683758,149.1648659767835,148.63146751605856,148.9466552734375,61270900
2014-01-23,148.1950460812761,148.21929034477975,146.94238469434842,147.72630310058594,132496900
2014-01-24,146.76457666688702,146.81306519107264,144.5259285900722,144.5744171142578,208677100
2014-01-27,144.71185243572552,145.0836184616622,143.14399054108955,143.86326599121094,180843100
2014-01-28,143.96827011261226,144.90575591664492,143.95210316239934,144.71987915039062,110463200
2014-01-29,143.51571077214376,144.29964146931482,142.94999076690982,143.329833984375,216597300
2014-01-30,144.5259171055092,145.3179250450711,144.06525149880972,144.84918212890625,118938100
2014-01-31,143.05506227430598,144.89770041610345,142.9823294788654,144.00062561035156,194677900
2014-02-03,143.83097183171546,144.15423704755798,140.4851262874577,140.75990295410156,254837100
2014-02-04,141.39015922078372,142.1094341999426,140.71129544238443,141.74575805664062,165012400
2014-02-05,141.25280545209776,141.88318087602724,140.3880647374335,141.5679931640625,164230500
2014-02-06,141.89936323116532,143.4348907470703,141.60841974763085,143.4348907470703,132877600
2014-02-07,144.1056492981827,145.36640003657504,143.6369064256424,145.2128448486328,170787200
2014-02-10,145.22903621973353,145.52806933719015,144.83303838610053,145.4795684814453,92218800
2014-02-11,145.60085899465017,147.44349761601137,145.50386957704762,147.0717315673828,117814100
2014-02-12,147.28989001553788,147.75863298346573,146.8534809525824,147.14442443847656,94717700
2014-02-13,146.1503602856103,148.05765372988068,146.14228297525568,147.9040985107422,100542200
2014-02-14,147.7666538722743,148.9950828249748,147.6292656580291,148.72030639648438,96498400
2014-02-18,148.84967723809916,149.10022186640924,148.42134544109558,148.89817810058594,80460900
2014-02-19,148.51025789217135,149.47198827282276,147.79098251759766,147.91221618652344,126524300
2014-02-20,148.11423220691856,149.12445093307412,147.57275644951176,148.78501892089844,104998100
2014-02-21,149.06787142231357,149.42347038380044,148.54256262215344,148.61529541015625,118116400
2014-02-24,148.9304820546733,150.44176529803906,148.86582657744756,149.43963623046875,114063900
2014-02-25,149.56082556445847,149.9891572191949,148.89003900490906,149.38302612304688,117085000
2014-02-26,149.60124956523762,149.99725968802662,148.97087415787217,149.39112854003906,98677200
2014-02-27,149.17296825405145,150.21550875470854,149.00324604931598,150.17510986328125,93880800
2014-02-28,150.15082887899678,151.24994737999018,149.55278726712885,150.55491638183594,150842000
2014-03-03,149.229501345065,149.87604377904566,148.50214881419376,149.49620056152344,167748500
2014-03-04,150.95900796698737,151.92073822283572,150.92668639186584,151.59747314453125,167545900
2014-03-05,151.72675545436,151.9934546428915,151.49237783484597,151.73483276367188,88376900
2014-03-06,152.10660827758403,152.42987331533766,151.75908664681666,152.0823516845703,82516500
2014-03-07,152.71275078826312,152.71275078826312,151.47623171439068,152.1470184326172,114513500
2014-03-10,151.91265266576266,152.1227737220774,151.19337742357305,152.0662078857422,74939200
2014-03-11,152.2925029141767,152.51071362271978,150.9670963731481,151.31460571289062,99009100
2014-03-12,150.57926098594928,151.41168074177867,150.2398164332107,151.3551025390625,104824400
2014-03-13,151.8075853210179,151.92881896711074,149.23759480323437,149.6578369140625,155014300
2014-03-14,149.3911345491197,150.15889823443237,149.05977988193342,149.23757934570312,153919600
2014-03-17,149.98922621071054,150.94287931982785,149.92457071756917,150.5872802734375,98359500
2014-03-18,150.8943608441994,151.86416838535328,150.7327159775305,151.66212463378906,101804600
2014-03-19,151.67830314601898,151.8884365730781,149.8922430066597,150.85397338867188,176267300
2014-03-20,150.5225704513123,151.84797675288797,150.25587126278083,151.73483276367188,117241000
2014-03-21,152.37206992232737,153.43544977665977,151.00833715731488,151.14633178710938,163128000
2014-03-24,151.66582962251672,151.85253914803323,149.86376189879425,150.52127075195312,121411000
2014-03-25,151.2843592786469,151.74705818452145,150.39145047080902,151.23565673828125,103852000
2014-03-26,151.82821820001527,152.07174327720705,150.10732912393993,150.14791870117188,119843000
2014-03-27,149.96927817116082,150.44820279858754,149.2792927758411,149.83128356933594,142383000
2014-03-28,150.2615718981304,151.3249520055691,150.1722797768691,150.57003784179688,101642000
2014-03-31,151.5279046864199,152.03930620123853,150.5944061743626,151.80389404296875,99745000
2014-04-01,152.2990081957869,152.89970164851792,151.795732191676,152.81040954589844,89193000
2014-04-02,153.0052594830901,153.52477388612687,152.72114481850107,153.32183837890625,78774000
2014-04-03,153.55721640928778,153.59780598223392,152.64806942904775,153.11888122558594,77435000
2014-04-04,153.95498735125653,153.98745158062394,151.0651878757686,151.30870056152344,169381000
2014-04-07,150.9434101360195,151.1950481537443,149.3280516146771,149.63650512695312,140803000
2014-04-08,149.57157579584833,150.4969611762853,149.0277101446108,150.25344848632812,112660000
2014-04-09,150.65934757624578,151.9175379962912,150.22099988018937,151.86883544921875,100254000
2014-04-10,151.8607078459667,151.93376165953228,148.49197082587514,148.67868041992188,172959000
2014-04-11,147.85069588658544,148.88972471543795,147.17694850149817,147.33929443359375,167251000
2014-04-14,148.49193568921538,148.84910409706742,147.2824482190414,148.50006103515625,132382000
2014-04-15,148.80853320629592,149.6283880781259,147.33926994163235,149.52285766601562,157093000
2014-04-16,150.55377069049783,151.09763627537166,149.88813638930404,151.0895233154297,105197000
2014-04-17,150.88659894666026,151.72269217156253,150.6268355750172,151.3005828857422,105255000
2014-04-21,151.34120920951813,151.876962003974,151.1545119821904,151.8282470703125,68329000
2014-04-22,151.98246624837697,152.93220299612096,151.90129947205597,152.51821899414062,85790000
2014-04-23,152.46139423390335,152.542561005297,152.03928490957495,152.16104125976562,73869000
2014-04-24,152.9078482028542,152.9240865122249,151.73893765218344,152.46951293945312,88170000
2014-04-25,151.9743019308565,152.06359402497654,150.8784455381289,151.21937561035156,100380000
2014-04-28,151.8363283800786,152.3558427126329,150.13979074257153,151.69833374023438,135121000
2014-04-29,152.18536723550957,152.639940715602,151.86067543150025,152.404541015625,84098000
2014-04-30,152.1528889210588,153.01333326958962,151.94182812041728,152.85910034179688,101508000
2014-05-01,152.78605884919645,153.28933485518132,152.38830086582885,152.87535095214844,93019000
2014-05-02,152.85906333582315,153.5328103705368,152.42884126571113,152.6561279296875,98122000
2014-05-05,151.90939652971167,153.05395571595886,151.48728722395103,152.94842529296875,75883000
2014-05-06,152.6074831297984,152.71301354448244,151.58469275508773,151.61715698242188,85454000
2014-05-07,152.1285358996069,152.58310933235606,150.99208993153687,152.5100555419922,106500000
2014-05-08,152.3720809380087,153.4598121358715,151.86067956588272,152.34771728515625,93618000
2014-05-09,152.37210721003888,152.63997118941518,151.65777023516645,152.57504272460938,83679000
2014-05-12,153.25685412721708,154.13353675647372,152.6074582107829,154.0604705810547,86940000
2014-05-13,154.26341477587198,154.5718806405592,154.0442533957814,154.198486328125,66454000
2014-05-14,154.06050947892402,154.13357567279115,153.24876747497834,153.4679412841797,72367000
2014-05-15,153.15945097199446,153.19192758325312,151.37362132490603,152.12042236328125,154956000
2014-05-16,152.20967806890602,152.71296633348615,151.56840759116363,152.6480255126953,97458000
2014-05-19,152.35587450695843,153.32996253550004,152.2178798383168,153.2082061767578,63839000
2014-05-20,153.1351421543186,153.15138046444906,151.8526005366466,152.2422332763672,111644000
2014-05-21,152.68050089247475,153.59777302218873,152.65614963117224,153.52471923828125,89093000
2014-05-22,153.5652847458715,154.21468056571013,153.30553384965307,153.89810180664062,61549000
2014-05-23,154.0361385488842,154.6205937080226,153.89814391217075,154.51507568359375,61092800
2014-05-27,155.0914826166064,155.51359208281323,155.00219046772042,155.4648895263672,72010000
2014-05-28,155.4648549496853,155.70838006395817,155.09144812297333,155.35121154785156,66723000
2014-05-29,155.70835223589646,156.17915168349413,155.31059420746433,156.15480041503906,64377000
2014-05-30,156.0087026968043,156.5038658304549,155.87882099934177,156.4064483642578,76316000
2014-06-02,156.62561154863312,156.65808816389443,155.83010788152484,156.58502197265625,64656000
2014-06-03,156.2034770512455,156.5849967087131,156.05736946474178,156.5038299560547,65047000
2014-06-04,156.23599455770412,156.9097419507373,156.07364862369388,156.82044982910156,55529000
2014-06-05,156.99900978440903,158.00556185127792,156.42266756370276,157.8432159423828,92103000
2014-06-06,158.18410255694505,158.6386759312963,158.1110487759662,158.5980987548828,78696000
2014-06-09,158.57375513694336,159.14197188226737,158.427635181748,158.7604522705078,65119000
2014-06-10,158.56564208323897,158.80916710331027,158.224712009618,158.77670288085938,57129000
2014-06-11,158.20850839621696,158.3870926243482,157.86757824783905,158.22474670410156,68772000
2014-06-12,158.03807937509217,158.1273715060288,156.7555253062762,157.1045684814453,106350000
2014-06-13,157.4129790778597,157.7376832516662,156.90970309120675,157.5834503173828,82017000
2014-06-16,157.3886260870458,158.04613500077133,157.2019289305281,157.71331787109375,87424000
2014-06-17,157.49417861597564,158.26533100107187,157.32370735437365,158.1516876220703,84834000
2014-06-18,158.1516390049592,159.40171578969247,157.8025836284859,159.3124237060547,105267000
2014-06-19,159.45046877398346,159.58847580835146,158.9390797569351,159.49105834960938,85929000
2014-06-20,159.88826897277923,159.9453691612935,159.61910903882145,159.8148651123047,100587000
2014-06-23,159.85569595638603,159.9046318776875,159.47234797878485,159.76597595214844,70611000
2014-06-24,159.48044250455453,160.2716061360866,158.62402685288524,158.803466796875,96237000
2014-06-25,158.46900779960518,159.68430297834317,158.43638802199894,159.52117919921875,82782000
2014-06-26,159.54568406486212,159.5620001802143,158.338552885339,159.4070281982422,84312000
2014-06-27,159.03187038984927,159.76594641029976,158.95846652146997,159.71701049804688,71445100
2014-06-30,159.6190751213072,160.00242290528473,159.48041926580126,159.63539123535156,70201200
2014-07-01,160.02691223994677,161.19327186179873,159.96982450148485,160.70388793945312,90470000
2014-07-02,160.7202576713394,161.07097339109606,160.64685379216533,160.8670654296875,52475000
2014-07-03,161.32377590831155,161.73159172656415,161.20143614105623,161.65818786621094,52938800
2014-07-07,161.34820835928952,161.4786999237332,160.85882454459673,161.09535217285156,61696000
2014-07-08,160.80173971699162,160.85883989389154,159.66801246880118,160.0595245361328,108143000
2014-07-09,160.45915645974793,160.9240723160299,160.11659277669403,160.77725219726562,72992000
2014-07-10,159.22767051361316,160.56530641579843,159.0971664144839,160.14117431640625,99040000
2014-07-11,160.04324752982066,160.4755313199431,159.68436760317903,160.36134338378906,64243000
2014-07-14,161.17692929982013,161.38083715974878,161.03827344853443,161.1687774658203,58658000
2014-07-15,161.26672951444783,161.5766735983662,160.1574697065631,160.8670654296875,111307000
2014-07-16,161.5847420792617,161.7070818147734,161.0219544048122,161.46240234375,79986400
2014-07-17,160.9649089498326,161.57663267913946,159.39888525072203,159.6272735595703,145398000
2014-07-18,160.1493004931283,161.42168404298195,160.0595805020205,161.25856018066406,124330000
2014-07-21,160.75281818800568,161.08723010832705,160.21449838147123,160.95672607421875,67592000
2014-07-22,161.50321586398678,161.95181575317483,161.3890279326981,161.65818786621094,67678000
2014-07-23,161.9029018969093,162.18837798678743,161.57665417609383,162.01708984375,65612000
2014-07-24,162.1720429474456,162.35963474275164,161.86209893694323,162.0252227783203,56888000
2014-07-25,161.5684422727416,161.70709813549834,160.94856680767333,161.26666259765625,76837000
2014-07-28,161.29930746239643,161.56846739508748,160.36948789744145,161.33193969726562,69259000
2014-07-29,161.63372825977837,161.8621041341494,160.6141886614963,160.63865661621094,80466000
2014-07-30,161.20957284799667,161.4216450187384,159.9942897888073,160.66310119628906,104222000
2014-07-31,159.54573680612287,159.68439271857847,157.3924693531556,157.49034118652344,183479000
2014-08-01,157.058014882951,158.03677028877806,156.25054758478004,157.0090789794922,189261000
2014-08-04,157.31085930807006,158.47721894253746,156.64204788221727,158.14280700683594,91340000
2014-08-05,157.49848403427856,157.90629987854592,156.03849634229232,156.60943603515625,152690000
2014-08-06,155.8753135941476,157.3271364555048,155.85084564838124,156.6583251953125,94818000
2014-08-07,157.3679328985191,157.52290486426713,155.41857424391912,155.81007385253906,135733000
2014-08-08,156.16077190721052,157.7186182089819,155.74479198509945,157.6125946044922,117014000
2014-08-11,158.20805284277233,158.77084060389336,157.99599312004474,158.06939697265625,74544000
2014-08-12,157.91444941529406,158.35488504464584,157.36797768540038,157.8491973876953,73632000
2014-08-13,158.46910933639992,159.09714935626036,158.19996177344285,158.91770935058594,69047000
2014-08-14,159.1787343763508,159.66810607910156,159.03191415363645,159.66810607910156,57371000
2014-08-15,160.2471148337563,160.3939225235102,158.48534788341897,159.63539123535156,139951000
2014-08-18,160.51627084308788,161.04642630404587,160.42655088632824,160.9730224609375,75424000
2014-08-19,161.3645410326249,161.93548062203143,161.03829339454967,161.81314086914062,59135000
2014-08-20,161.59297544022593,162.44123951956723,161.5603556428147,162.2454833984375,72763000
2014-08-21,162.38412436789233,162.9305961544889,162.2536202991535,162.71853637695312,67791000
2014-08-22,162.5880227621875,162.87349884009836,162.098651201479,162.46568298339844,76107000
2014-08-25,163.2405538276216,163.6075856617168,162.43307383616894,163.28948974609375,63855000
2014-08-26,163.39549255371094,163.79515654900752,163.3547084814478,163.39549255371094,47298000
2014-08-27,163.47702315705044,163.5912235200768,163.07737166865655,163.33021545410156,47874000
2014-08-28,162.7918939441943,163.34652985579768,162.62877012744605,163.24049377441406,58330000
2014-08-29,163.49335688930495,163.72173274886646,162.97951742806706,163.70542907714844,65907000
2014-09-02,163.91749875048535,163.94196670509572,163.01214709324708,163.62387084960938,72426000
2014-09-03,164.25187836765798,164.27634631744831,163.30574282393454,163.53411865234375,57462000
2014-09-04,163.81146217153196,164.41503408977792,162.84902277153205,163.29762268066406,85236000
2014-09-05,163.26496633682467,164.09691400495723,162.6450908374503,164.0316619873047,102177000
2014-09-08,163.87671915772555,164.1132593194945,163.1263394895399,163.60755920410156,64146000
2014-09-09,163.46072118959793,163.574909108264,162.23727387008293,162.57168579101562,88591000
2014-09-10,162.66142492327884,163.28946482076373,162.12311745670107,163.18344116210938,67251000
2014-09-11,162.5309178754833,163.39548540923244,162.4085656640437,163.3710174560547,66774400
2014-09-12,163.20786580991356,163.22416947888667,161.95178634824822,162.4167022705078,117409300
2014-09-15,162.4412079911221,162.5717120465455,161.80501627787254,162.2943878173828,76401000
2014-09-16,161.99261024857515,163.81146543027336,161.90289026496393,163.51783752441406,116201000
2014-09-17,163.75438374609155,164.49659915193266,162.9224359077653,163.73806762695312,151266000
2014-09-18,164.23558278897806,164.63524676144363,164.02352304909573,164.61077880859375,94990000
2014-09-19,165.1343524012045,165.44573260739705,164.12642731502277,164.46240234375,121649000
2014-09-22,164.17564955605255,164.20023188161738,162.84814145692087,163.1923065185547,125553000
2014-09-23,162.6022826887144,163.28242277512675,162.20895303160856,162.25811767578125,111393000
2014-09-24,162.282776482405,163.63486735302166,161.85667436293514,163.52833557128906,107276000
2014-09-25,163.1021449633603,163.11034740658323,160.83229385356177,160.8896484375,150300000
2014-09-26,161.1846839122393,162.56954671628225,160.95524051906705,162.1680145263672,103547000
2014-09-29,160.7749640313389,162.15982685476516,160.65205239175026,161.87301635742188,95112000
2014-09-30,161.9958795943167,162.4957409135873,161.11087861083482,161.4468536376953,131302000
2014-10-01,161.1846892638739,161.24205636593524,158.8984451975258,159.25900268554688,177798000
2014-10-02,159.1196400049911,159.8407547718948,157.6200683932079,159.28353881835938,157285000
2014-10-03,160.34882781042037,161.3813354581614,159.8571688148669,161.03717041015625,121569000
2014-10-06,161.70911274412595,161.92217623497567,160.26689547739576,160.84869384765625,104778000
2014-10-07,160.0210799166851,160.38163740480442,158.33302668024245,158.3657989501953,147913000
2014-10-08,158.45592716555933,161.364956690362,157.6282929924508,161.13551330566406,186461000
2014-10-09,160.88151481459948,161.10276829575267,157.80859842419522,157.93971252441406,210705000
2014-10-10,157.89872992574305,158.68538948034293,156.0959549007462,156.1369171142578,221909000
2014-10-13,156.07131297815982,156.63671884675747,153.48186688356776,153.57200622558594,230939000
2014-10-14,154.39966264360115,155.54689193652553,153.26882573444396,153.80966186523438,215847000
2014-10-15,151.72831191809112,153.8015050286187,149.0733078439919,152.7689971923828,380715000
2014-10-16,150.00747196497082,153.71136371207797,149.86816793403966,152.6378936767578,270391000
2014-10-17,154.39968385615117,155.48954620748617,153.74412595637554,154.44065856933594,214625000
2014-10-20,154.1620841918618,156.06318876227846,154.11291952679417,155.94027709960938,130011000
2014-10-21,157.07104231401354,159.13604498949212,156.9071559913906,159.02952575683594,154949000
2014-10-22,159.30815724730238,159.7178793661399,157.8331551187419,157.89871215820312,151822000
2014-10-23,159.4802272266529,160.774950571412,159.18522681260995,159.7342529296875,154944000
2014-10-24,159.99648648948875,161.01260183972647,159.37371337376499,160.9634246826172,117927000
2014-10-27,160.38986564566275,160.97986667552044,159.8162570065596,160.7422332763672,82954000
2014-10-28,161.28297872700034,162.59408166252837,161.20921926204636,162.5858917236328,106736000
2014-10-29,162.70066062507817,163.16773735220514,161.26663316742224,162.34010314941406,142557000
2014-10-30,161.90581131217454,163.8478903621699,161.75830483166465,163.3808135986328,113330000
2014-10-31,165.3474595577077,165.38024432975376,164.51982536758553,165.24913024902344,146903000
2014-11-03,165.46214500736863,165.89644936389092,164.96228362484166,165.3392333984375,93600000
2014-11-04,164.8967723610357,165.1999752534178,163.93802403412806,164.7656707763672,93343000
2014-11-05,165.97025233524928,166.01122705329448,165.0770609990146,165.80636596679688,91709000
2014-11-06,165.8472892474016,166.56020160611078,165.2327061785214,166.47006225585938,107089000
2014-11-07,166.48647418671993,166.8388416895212,166.0275874420052,166.6257781982422,89540000
2014-11-10,166.65857897927663,167.19940269251993,166.45371791258117,167.15023803710938,66319000
2014-11-11,167.21575762526558,167.42061864607547,166.8797825502435,167.3140869140625,54499400
2014-11-12,166.63398861886643,167.3632934809965,166.60120384768834,167.13385009765625,90120300
2014-11-13,167.2977595890239,167.84678579681537,166.5192899661473,167.3223419189453,85357900
2014-11-14,167.24859006337317,167.5681728467818,166.93719722179063,167.36331176757812,80417500
2014-11-17,167.04374654595566,167.6419374590761,166.87984766237918,167.4698486328125,80441000
2014-11-18,167.52722949239865,168.74000380727992,167.52722949239865,168.4368133544922,76068100
2014-11-19,168.2400983005495,168.43676942345024,167.4124641028305,168.16635131835938,82373000
2014-11-20,167.37967708147525,168.56788124041037,167.3141200413892,168.4613494873047,72840300
2014-11-21,170.14934259817977,170.31322888870704,168.7890626297309,169.3626708984375,142327300
2014-11-24,169.76426571286387,169.94454445022305,169.55121470676988,169.8380126953125,65880800
2014-11-25,170.06742760255833,170.2722886330876,169.4610469545756,169.71507263183594,79108300
2014-11-26,169.8625426235494,170.2476823069426,169.64949168317744,170.14935302734375,62167800
2014-11-28,170.02647943528194,170.3378597248582,169.55120030477224,169.78883361816406,57890100
2014-12-01,169.1332847515455,169.24800644405835,168.2974606362631,168.6088409423828,103968400
2014-12-02,168.64982751785539,169.90357628269606,168.62524518942539,169.69871520996094,74507200
2014-12-03,169.87080941830797,170.5673295855354,169.70692305565024,170.35427856445312,68952000
2014-12-04,170.0675059358369,170.6657094231976,169.37917555710675,170.1658477783203,91316600
2014-12-05,170.3378499741039,170.8295214613071,170.07563435032745,170.4443817138672,91025500
2014-12-08,170.0510714013622,170.54273044085798,168.7481455629405,169.3053741455078,108588200
2014-12-09,167.46985081675425,169.29722086188218,167.09291338856306,169.19068908691406,125180100
2014-12-10,168.73177375944923,168.78912835679273,166.2898208159152,166.47830200195312,159856400
2014-12-11,167.06831617393877,168.96123060025533,166.92901213647482,167.3223419189453,159012800
2014-12-12,166.05220697168238,167.0191578321723,164.58540704806362,164.61817932128906,202330200
2014-12-15,165.51127103196882,165.96196766576165,162.8890531222485,163.48724365234375,189965800
2014-12-16,162.72528055409586,165.8555518544774,162.13527954917149,162.17625427246094,259543800
2014-12-17,162.6105360899907,165.8063639999519,162.48761193731326,165.3556671142578,253910100
2014-12-18,167.7729656303165,174.51698611135612,167.10101556227104,169.4446258544922,257633900
2014-12-19,170.09148283703885,170.8330605981145,169.41583651008966,170.1656494140625,245084600
2014-12-22,170.35515287325197,170.9484100341797,170.11620800944846,170.9484100341797,148318900
2014-12-23,171.52521809223796,171.57465410325452,170.89075994780052,171.1791534423828,122167900
2014-12-24,171.4015941372798,171.66525700142478,171.1544015583873,171.1956024169922,42963400
2014-12-26,171.64051518473343,172.08546427954812,171.59107919036182,171.7476348876953,57326700
2014-12-29,171.5663948317118,172.18437002799178,171.5004759687134,171.97837829589844,79643900
2014-12-30,171.55816232914077,171.68998748442894,170.98137541221183,171.0555419921875,73540800
2014-12-31,171.37683697622663,171.54162780025382,169.23451854567088,169.3581085205078,130333800
2015-01-02,170.05021906948207,170.4622023407443,168.2374826177428,169.26744079589844,121465900
2015-01-05,168.22925639309636,168.3940471957873,165.9056771578695,166.21054077148438,169632600
2015-01-06,166.51550733869482,167.03461063221943,163.85409714017257,164.64511108398438,209151400
2015-01-07,165.9634319564337,167.0345915730801,165.51849530756698,166.69676208496094,125346700
2015-01-08,168.09748816790014,169.869024603716,168.0810178817393,169.65478515625,147217800
2015-01-09,170.06675072748448,170.08323358464872,167.68548706306586,168.29522705078125,158567300
2015-01-12,168.42710347021386,168.58365921741313,166.37542104114945,166.97691345214844,144396100
2015-01-13,168.1881504357171,169.30874612804578,165.2136288785406,166.50726318359375,214553300
2015-01-14,164.50499337901047,165.69975549175481,163.61512015411023,165.5019989013672,192991100
2015-01-15,166.13643959644816,166.44953844924805,163.87053076429905,163.9858856201172,176613900
2015-01-16,163.77985321263162,166.29295398929736,163.59857954528306,166.1363983154297,211879600
2015-01-20,166.77092947697275,167.03460497355746,164.9334864363293,166.49078369140625,130991100
2015-01-21,166.0293380046406,167.80910960815234,165.56791853100518,167.33120727539062,122942700
2015-01-22,168.08102454992158,169.95142049511813,166.71323638005796,169.81959533691406,174356000
2015-01-23,169.56410441912143,169.81954466137304,168.75662056035247,168.88845825195312,117516800
2015-01-26,168.6742387167544,169.37460290975088,167.96562680971778,169.28396606445312,92009700
2015-01-27,167.24061060548942,168.18816778282573,166.22713454854198,167.0511016845703,134044600
2015-01-28,168.22930726446546,168.32817926143179,164.71921307206398,164.90872192382812,168514300
2015-01-29,165.10647263163597,166.68848739063924,163.7057190030601,166.4330596923828,173585400
2015-01-30,165.26303082958518,166.58137019560846,164.0765165992491,164.34017944335938,197729700
2015-02-02,164.83461286717392,166.46606412560314,163.03012299413967,166.37542724609375,163107000
2015-02-03,167.26532139923785,168.7896655642383,166.89453871856588,168.7814178466797,124212900
2015-02-04,168.0233475165962,169.2263448570406,167.6855180323854,168.13870239257812,134306700
2015-02-05,168.79786576480814,169.9843801555203,168.72371175857302,169.8360595703125,97953200
2015-02-06,170.19864206365708,170.75894622915044,168.84733652336624,169.36643981933594,125672000
2015-02-09,168.72370752551697,169.44055471328016,168.2046043494196,168.6083526611328,87219000
2015-02-10,169.63830363592191,170.66001451068226,168.64953333130174,170.4045867919922,96164200
2015-02-11,170.23980087623477,170.9319300513803,169.5971077032086,170.5034637451172,91087800
2015-02-12,171.29444271671267,172.20081114732452,170.53639483508027,172.14312744140625,97545900
2015-02-13,172.26675145476713,172.90119686249804,172.0113111759659,172.8517608642578,93670400
2015-02-17,172.53868091400219,173.29674160106663,172.29150087771853,173.1237030029297,76968200
2015-02-18,172.7529322401473,173.21435176988413,172.4892567530181,173.14019775390625,80652900
2015-02-19,172.54688600169723,173.37908792130824,172.4068131581628,173.01654052734375,91462500
2015-02-20,172.60461947074984,174.12896358965654,171.98664416406976,174.0548095703125,140896400
2015-02-23,173.80760046355132,174.0300750732422,173.42857011269794,174.0300750732422,74411100
2015-02-24,173.9558749322599,174.722170629938,173.65924636747098,174.5244140625,72472300
2015-02-25,174.40080137014448,174.87870358304232,174.03825399672306,174.37608337402344,73061700
2015-02-26,174.2854598287468,174.44201553128175,173.56860016833596,174.17010498046875,72697900
2015-02-27,174.07127699042695,174.33495248517968,173.52746828479377,173.576904296875,108076000
2015-03-02,173.67575445825463,174.73043115902072,173.62631845239653,174.67276000976562,87491400
2015-03-03,174.24432613540907,174.72222856897434,173.0990123529348,173.9559326171875,110325800
2015-03-04,173.36263756706063,173.43680414626542,172.25852489497942,173.22256469726562,114497200
2015-03-05,173.54391927618923,173.6922398686798,172.90947376137532,173.41209411621094,76873000
2015-03-06,172.5551595887865,172.98362592918326,170.64356277570667,170.97314453125,188128000
2015-03-09,171.17089197093955,172.03604717614132,171.01433624497355,171.68174743652344,89818900
2015-03-10,170.32221566618426,170.40460481846046,168.85554291190695,168.89674377441406,157121300
2015-03-11,169.15221025308819,169.32524888614572,168.41887999439845,168.50128173828125,110145700
2015-03-12,169.1274308715226,170.70944571261202,169.0779948722286,170.64353942871094,93993500
2015-03-13,170.3716838093376,171.32747610700847,168.56719381669203,169.59715270996094,162410900
2015-03-16,170.32223797593045,171.9536892484566,169.62186093978443,171.86305236816406,136099200
2015-03-17,171.129667776224,171.731160023628,170.54464581255363,171.35214233398438,94510400
2015-03-18,170.88250948225874,174.07950535057307,170.24805139470664,173.41209411621094,228808500
2015-03-19,173.0000782410441,173.42029679107185,172.23378256424542,172.6210479736328,117917300
2015-03-20,173.56545687267092,174.64966991678014,173.38337394309482,174.14480590820312,177715100
2015-03-23,174.15302924625576,174.72410621804497,173.805419921875,173.805419921875,71784500
2015-03-24,173.68131553829699,174.13651020417512,172.7626290448638,172.82884216308594,77805300
2015-03-25,173.0357652492935,173.2675048644807,170.25487723818503,170.29624938964844,159521700
2015-03-26,169.63408764432745,170.8010572410851,168.93885639849546,169.89065551757812,153067200
2015-03-27,169.77479920123068,170.45346143952418,169.5844317850146,170.2796630859375,118939000
2015-03-30,171.30594307303178,172.6550083422736,171.28939926730735,172.3570556640625,96180400
2015-03-31,171.53762405897524,172.23285515660834,170.7927489322637,170.85067749023438,126768700
2015-04-01,170.81767443886756,170.84250278195904,169.26169758453625,170.24659729003906,137303600
2015-04-02,170.18033393458242,171.3059314616564,169.99825105308088,170.8590087890625,86900900
2015-04-06,169.97343313110727,172.52258099944964,169.84101954187773,172.0094451904297,114368200
2015-04-07,172.03424998076227,172.77912525505417,171.52111424197705,171.55421447753906,81236300
2015-04-08,171.77764852772683,172.5721803144544,171.38865453442193,172.13352966308594,89351900
2015-04-09,171.96804608084307,173.1267438203654,171.47973864981995,172.89500427246094,85548900
2015-04-10,173.14328240451758,173.87988574060594,172.94465574328012,173.8385009765625,72722900
2015-04-13,173.69780801958015,174.3268261423891,173.00258942697187,173.05224609375,74436600
2015-04-14,172.85362386603953,173.5653989088068,172.23289025765612,173.38331604003906,75099900
2015-04-15,173.84680420211387,174.66616452554595,173.764034665126,174.1613006591797,99529300
2015-04-16,173.8302828008532,174.61654304525962,173.63164344936558,174.11167907714844,68934900
2015-04-17,172.92821435164268,173.16822593659026,171.33085232469745,172.1088409423828,191113200
2015-04-20,173.0274431208199,174.01234258579933,172.94468620701252,173.68128967285156,92189500
2015-04-21,174.35996932831137,174.51722389775097,173.17644304903084,173.47439575195312,72559800
2015-04-22,173.81367964007876,174.5089108689643,172.8949934083068,174.3268280029297,78264600
2015-04-23,173.92960385636235,175.41109558208242,173.81373405341733,174.76553344726562,102585900
2015-04-24,175.1793202979641,175.43588819302647,174.72411308308304,175.17103576660156,61327400
2015-04-27,175.7338886399546,175.85803035555836,174.25239681315117,174.44276428222656,79358100
2015-04-28,174.41785884342903,175.046864305894,173.2508767171308,174.99720764160156,86863500
2015-04-29,174.1116520804401,174.87308386645512,173.47437460567704,174.27719116210938,125684900
2015-04-30,173.7061535467671,174.09514774493385,171.83566758225587,172.53089904785156,161304900
2015-05-01,173.308808999056,174.4426909164271,173.20949566834142,174.40130615234375,103399700
2015-05-04,174.82345157006768,175.47729819879763,174.7158663066121,174.89794921875,70927200
2015-05-05,174.6578918458168,175.01378569865037,172.75430616329453,172.89500427246094,113326200
2015-05-06,173.44126660647066,173.7474911842089,171.12385831549628,172.18324279785156,135060200
2015-05-07,172.08388775103415,173.29225459249946,171.75283491633866,172.87014770507812,88244900
2015-05-08,174.53377577862886,175.3448643153034,174.4510062298649,175.14622497558594,155877300
2015-05-11,175.10483211158484,175.36967190434544,174.2358024678275,174.31028747558594,75708100
2015-05-12,173.48262434692913,174.3268255659375,172.6632514612277,173.78884887695312,119727600
2015-05-13,174.19441336639656,174.8151470066639,173.59023615928334,173.8219757080078,94667900
2015-05-14,174.8317049590112,175.7255629242263,174.5585806394573,175.634521484375,95934000
2015-05-15,175.82489013671875,175.96558825870497,175.34485456407552,175.82489013671875,76510100
2015-05-18,175.65939477626873,176.6194534626661,175.59318165498934,176.3711700439453,74549700
2015-05-19,176.48696707822847,176.76009135506578,176.0317599501663,176.3131561279297,72114600
2015-05-20,176.41255726879433,176.93397775038605,175.87459297711527,176.18910217285156,76857500
2015-05-21,176.04836026972717,176.90910544830965,175.88282117908557,176.7021942138672,64764600
2015-05-22,176.3214166864895,176.7352390255882,176.2138314659456,176.28004455566406,57433500
2015-05-26,175.79172856635137,176.2138354442293,173.9709127589805,174.38473510742188,124308600
2015-05-27,174.84001729759882,176.2718397019903,174.43446667558356,176.04010009765625,93214000
2015-05-28,175.73389378996742,175.94907697960747,175.15454471873457,175.84149169921875,74974600
2015-05-29,175.77520068947507,175.81657282498261,174.48407686598608,174.74891662597656,124919600
2015-06-01,175.4110677211803,175.74212064019534,174.3185703564839,175.10484313964844,93338800
2015-06-02,174.64964926664845,175.61799238915683,174.02891552435898,174.93104553222656,91531000
2015-06-03,175.46072910256186,176.01524970265868,174.90620850246503,175.39451599121094,87820900
2015-06-04,174.6910897553633,175.34492394906746,173.59859195865536,173.91310119628906,151882800
2015-06-05,173.76402126999574,174.28544152933597,172.9612048127622,173.61505126953125,121704700
2015-06-08,173.50749553760943,173.656478203108,172.4729392980871,172.54742431640625,89063300
2015-06-09,172.52255249023438,173.0605291764976,171.8935470015442,172.52255249023438,105034700
2015-06-10,173.28405503252117,174.97245815240086,173.2261264410295,174.59173583984375,134551300
2015-06-11,175.03032567825258,175.53518953133928,174.7985861354119,175.15447998046875,73876400
2015-06-12,174.33512578619542,175.03034448943524,173.54058110473616,173.81370544433594,135382400
2015-06-15,172.67982304425556,173.3502133600791,171.9763198618792,173.06881713867188,124384200
2015-06-16,172.9198470045364,174.0951139038621,172.74604864356712,174.01234436035156,85308200
2015-06-17,174.2937469482422,174.8979368543779,173.27574719606432,174.2937469482422,126708600
2015-06-18,174.88962332225375,176.5697412814498,174.32683091156198,176.10626220703125,165867900
2015-06-19,175.86513288000162,175.93998021481357,174.95028982021987,175.3245391845703,130478700
2015-06-22,176.2393084729913,176.8048383530128,176.0147538722602,176.22267150878906,70696000
2015-06-23,176.43067583370134,176.68017965818558,175.95662998844378,176.34750366210938,68476800
2015-06-24,176.08135086351967,176.45560020261894,175.04176231586064,175.06671142578125,92307300
2015-06-25,175.5657154739561,175.69046102105045,174.45959175865744,174.53443908691406,97107400
2015-06-26,174.89204853122945,175.1332401719745,173.9522691481202,174.5011749267578,104174800
2015-06-29,173.02912582620755,174.50949894918622,170.76698006047354,170.84182739257812,202621300
2015-06-30,172.3720785092808,172.42198941511714,170.7253739447675,171.19943237304688,182925100
2015-07-01,172.76295124025881,173.01245498872441,171.789898042502,172.57167053222656,135979900
2015-07-02,173.04569773601827,173.21202930825547,171.99778471938143,172.4136199951172,104373700
2015-07-06,171.13284341453343,172.69637533497286,170.9332379247756,171.9229278564453,117975400
2015-07-07,172.122581439206,173.12889592515094,169.7523147609061,173.004150390625,173820200
2015-07-08,171.6734346016049,171.9561995449021,169.86871101839307,170.10157775878906,164020100
2015-07-09,172.18913801615184,172.44696665569074,170.30125420507525,170.40936279296875,144113100
2015-07-10,172.39704947359968,172.97090440572762,170.45094267878432,172.55506896972656,129456900
2015-07-13,173.81084688390231,174.56765750105313,173.76926081497862,174.4595489501953,106069400
2015-07-14,174.41798808624523,175.52411168997082,174.359765043281,175.2163848876953,81709600
2015-07-15,175.25798430141555,175.71540577991894,174.68412941841035,175.15818786621094,97914100
2015-07-16,176.20609564533783,176.563720703125,175.96491668705937,176.563720703125,106683300
2015-07-17,176.55540518528056,176.77164773544249,176.14789457666555,176.7134246826172,89030000
2015-07-20,176.9378951519699,177.29550736810856,176.48879867514484,176.80482482910156,70446800
2015-07-21,176.67176154876014,176.92959006845186,175.80682979620676,176.10623168945312,77965000
2015-07-22,175.42430027659478,176.12291333158248,175.3910390312564,175.7902374267578,88667900
2015-07-23,175.9233129582215,176.02310938745734,174.4429400365433,174.80055236816406,90509100
2015-07-24,174.90034817163766,174.95855852083054,172.65483985277334,172.9875030517578,117755000
2015-07-27,172.10594413765847,172.61326379422815,171.54040143823062,171.98118591308594,132361100
2015-07-28,172.8128328075997,174.234995153678,171.9894870143371,174.09361267089844,123544800
2015-07-29,174.21836698588396,175.51577119011958,174.07698449596467,175.29122924804688,105791300
2015-07-30,174.78393420524174,175.4991715837956,174.16849325941527,175.3328399658203,91304400
2015-07-31,175.83184707402353,175.85679618394414,174.78394638648757,175.06671142578125,103266900
2015-08-03,175.0334421513048,175.09165250835423,173.52810734346542,174.47621154785156,113965700
2015-08-04,174.40135142619573,174.8587728706928,173.65285283722847,174.13522338867188,81820800
2015-08-05,175.02510217498823,175.74033950870202,174.42629823558653,174.70907592773438,85786800
2015-08-06,174.89207166726732,175.0001929474416,172.69646095255442,173.2786407470703,116030800
2015-08-07,173.1205792856466,173.27027392318615,172.04771695546134,172.9459228515625,117858000
2015-08-10,174.0520461189769,175.20806790454458,174.0520461189769,175.12490844726562,80270700
2015-08-11,173.79418141671312,174.21001665718182,172.7878545510537,173.544677734375,126081400
2015-08-12,172.24730271906228,173.93559306345136,170.79187913318984,173.75262451171875,172123700
2015-08-13,173.59466361118865,174.2766398413433,172.99585954724972,173.5364532470703,89383300
2015-08-14,173.34512893495634,174.2433348709196,173.2037464297985,174.16848754882812,72786500
2015-08-17,173.57797789864932,175.14151000976562,173.12055652693192,175.14151000976562,79072600
2015-08-18,174.86708309773934,175.2163832814577,174.4013495194482,174.63421630859375,71692700
2015-08-19,173.89400883936875,174.65914429551103,172.44691006613112,173.25363159179688,172946000
2015-08-20,171.7483639297899,173.22873721085713,169.5777022349207,169.63592529296875,194327900
2015-08-21,167.77294521481267,169.61094324774174,164.27161828918466,164.52943420410156,346588500
2015-08-24,155.92990933433373,164.23828965252497,151.69669677085173,157.6015625,507244300
2015-08-25,162.5333543963451,162.5499913590795,155.45584324182553,155.74693298339844,369833100
2015-08-26,159.74730430872077,162.00112472480538,156.6618005297859,161.7266845703125,339257000
2015-08-27,163.85577631670665,165.85178106006242,162.35045427496829,165.72703552246094,274143900
2015-08-28,165.08666457019112,166.20110046922707,164.60429395188672,165.73536682128906,160414400
2015-08-31,164.76231477274618,165.61062260420843,163.84747174957215,164.39637756347656,163298800
2015-09-01,160.61226520831102,161.9845296798491,158.62457244980104,159.48951721191406,256000400
2015-09-02,161.85978806163322,162.558401269007,160.03011460200588,162.51681518554688,160269300
2015-09-03,163.22370363788403,164.71240144906955,162.14254176999756,162.6332244873047,152087800
2015-09-04,160.38770552450615,161.22768839418165,159.35642924972285,160.1714630126953,207081000
2015-09-08,162.95759584228583,164.34648470255686,162.31720570517717,164.19677734375,116025700
2015-09-09,165.76862468873168,165.8933702286587,161.63521992863076,162.0011444091797,149347700
2015-09-10,161.80988889317257,164.02213654131373,161.55207294363186,162.88275146484375,158611100
2015-09-11,162.4918671136917,163.68947525938052,161.784941761217,163.62294006347656,119691200
2015-09-14,163.79758077982905,163.84747900324936,162.53343746192112,163.01580810546875,79452000
2015-09-15,163.51474911626377,165.49412910761953,162.97416832901592,165.0533447265625,113806200
2015-09-16,165.35282639557673,166.6751801766029,165.01183825623033,166.48388671875,99581600
2015-09-17,166.35079551829418,168.73768663258204,165.73535456315815,166.10960388183594,276046600
2015-09-18,163.61246252375318,166.095354048049,162.98546675101164,163.3950958251953,223657500
2015-09-21,164.22271746071192,165.25934219794968,163.19444807397244,164.23944091796875,105726200
2015-09-22,162.08263297513628,162.5675113614586,160.97911400841684,162.1077117919922,153890900
2015-09-23,162.27490916401717,162.7430640899207,161.27171821475747,161.8485565185547,92790600
2015-09-24,160.63637069687923,161.7231663188543,159.30714223342335,161.26336669921875,159378800
2015-09-25,162.7179822818553,163.01894083672755,160.35211612255,161.2215576171875,155054800
2015-09-28,160.3270263658649,160.4357097343446,156.86600959913372,157.17532348632812,178515900
2015-09-29,157.39269504230808,158.62160803211773,156.2724526680415,157.2672882080078,159045600
2015-09-30,159.1482532493491,160.36881071220583,158.37078456372893,160.2016143798828,163452000
2015-10-01,160.5778113747788,160.92057215200472,158.68846855841454,160.61961364746094,131079000
2015-10-02,158.64664371316678,163.04396918964787,158.10323975814075,163.01889038085938,211003300
2015-10-05,164.23947085628345,166.1455371306783,164.13078749869322,165.91981506347656,126320800
2015-10-06,165.78610019265616,166.34621508818907,164.69094922107192,165.35137939453125,110274500
2015-10-07,166.2793230608517,167.05680468250551,165.09221224373042,166.7056884765625,124307300
2015-10-08,166.32109359413064,168.49468427079015,166.02013508130491,168.21044921875,153055200
2015-10-09,168.35254750831385,168.78725538896435,167.68374947220184,168.3107452392578,107069200
2015-10-12,168.38598469378493,168.67021971845202,167.95963215678432,168.46958923339844,56395600
2015-10-13,167.74227535609532,169.00463509494753,167.24068635759687,167.4078826904297,88038700
2015-10-14,167.34939663882656,167.9262349666992,166.31277147570756,166.60536193847656,99106200
2015-10-15,167.26578677357645,169.17185327783363,166.89794714007698,169.1634979248047,134142200
2015-10-16,169.56473186410787,169.94928211326217,168.80397396060275,169.9325714111328,114580100
2015-10-19,169.2889240561414,170.0162353515625,168.97961010406883,170.0162353515625,76523900
2015-10-20,169.58150464532827,170.40913111058862,169.33070372156925,169.79885864257812,78448500
2015-10-21,170.21681363382163,170.3672864969279,168.57825906118143,168.74546813964844,102038000
2015-10-22,169.69017062421008,171.80523582065535,168.74550545453735,171.5962371826172,174911700
2015-10-23,173.25986464451492,173.84505825852705,172.465672400051,173.4772186279297,144442300
2015-10-26,173.3016584394646,173.3601714198698,172.68301793135217,173.0508575439453,69033000
2015-10-27,172.38207097188328,173.0508691527118,172.0393101502223,172.7164764404297,77905800
2015-10-28,173.05091929915164,174.70618539025807,172.39048903632343,174.6811065673828,135906700
2015-10-29,174.17943001429148,174.94854329476564,174.06239131413804,174.58070373535156,90525500
2015-10-30,174.77301653548977,175.09069854277453,173.66951037566886,173.82833862304688,131076900
2015-11-02,174.15435544360557,176.07713231346827,174.02894863279155,175.88485717773438,86270800
2015-11-03,175.53380867919853,176.94664176722318,175.30808653780127,176.39488220214844,95246100
2015-11-04,176.68742605670448,176.8128201174033,175.3247510678855,175.8597869873047,96224500
2015-11-05,175.918373169184,176.37817284352224,174.79814323990018,175.68429565429688,78408700
2015-11-06,175.34146652871556,175.82634480173434,174.27139473869553,175.59225463867188,110471500
2015-11-09,174.98200500452802,175.1324906462806,173.00905749400297,173.9537353515625,131008700
2015-11-10,173.47721420953502,174.3884579098564,173.2097026026275,174.35501098632812,75874600
2015-11-11,174.62257383565452,174.67273147573775,173.60265929974028,173.66954040527344,67846000
2015-11-12,172.63288655711386,173.10104149660526,171.22842173863964,171.24513244628906,121315200
2015-11-13,170.83551826650861,171.10302993132922,169.23876536334453,169.32235717773438,153577100
2015-11-16,169.13842962780612,171.95572728172053,169.02137814053694,171.89720153808594,117645200
2015-11-17,172.20655615124883,173.08434039808697,171.27860150618343,171.77183532714844,121123700
2015-11-18,172.24831912597872,174.63926415551094,172.2065296016327,174.4971466064453,121342500
2015-11-19,174.3801138593773,174.76467699542673,174.05407646944508,174.3466796875,88220500
2015-11-20,175.09907914753092,175.6591940394965,174.60584535917909,174.98204040527344,94011500
2015-11-23,175.04052831813067,175.54211735241194,174.32157255502375,174.7813720703125,64931200
2015-11-24,173.7782215369867,175.4167768308586,173.3936711022757,175.0155029296875,98874400
2015-11-25,175.14089040410857,175.34153372522854,174.73124840708874,174.99041748046875,51980100
2015-11-27,175.08229565326417,175.39162224595424,174.60578549326016,175.19097900390625,37317800
2015-11-30,175.34982082311038,175.466859525805,174.35498547207507,174.4636688232422,112822700
2015-12-01,175.09069429523274,176.24437081474125,174.81481457290403,176.1273193359375,97858400
2015-12-02,176.0771509151852,176.3948328952947,174.0791246452473,174.32992553710938,108441300
2015-12-03,174.58074318982835,174.84825481223766,171.1698838993245,171.8888397216797,166224200
2015-12-04,171.8887718996344,175.53370720516574,171.8887718996344,175.24110412597656,192913900
2015-12-07,174.9151710712511,175.33316842976328,173.218102816193,174.17950439453125,102027100
2015-12-08,172.6245590588346,174.1293393910856,172.0309971786002,173.0091094970703,103372400
2015-12-09,172.37367095351095,174.45528864716988,170.69331420560488,171.66307067871094,162401500
2015-12-10,171.72997570891886,173.41031993494747,171.49589828707198,172.10617065429688,116128900
2015-12-11,169.99948174751887,170.65991177061034,168.46124221736738,168.77056884765625,211173300
2015-12-14,168.92942675677097,169.74869785330552,167.1571096164172,169.623291015625,182385200
2015-12-15,171.12806621577792,172.30682148520253,169.5981947981496,171.40394592285156,154069600
2015-12-16,172.5242329543316,174.2129459257735,171.2117278264479,173.9119873046875,197017000
2015-12-17,174.22122481428542,174.28810589586863,171.24508684327307,171.26181030273438,173092500
2015-12-18,170.52345188854935,170.65799730563018,168.05099859513368,168.21078491210938,251393500
2015-12-21,169.37968017326628,169.77493688840588,168.26959420763754,169.59832763671875,99094300
2015-12-22,170.481434581934,171.43173476122777,169.4975012497569,171.13739013671875,111026200
2015-12-23,172.1381459683685,173.29868863836353,172.04563875797493,173.2566375732422,110987200
2015-12-24,173.0043338492044,173.51732601630175,172.75204030548423,172.97068786621094,48539600
2015-12-28,172.28106438865365,172.6174471575201,171.50737375451675,172.57540893554688,65899900
2015-12-29,173.66869730253606,174.745137796761,173.63506415117155,174.4171600341797,92640700
2015-12-30,174.1733206445161,174.25742278870376,173.03800585891068,173.18096923828125,63317700
2015-12-31,172.5081777608578,173.14731033221142,171.44854736328125,171.44854736328125,114877900
2016-01-04,168.60606005038835,169.0601781507124,167.008209539375,169.05177307128906,222353500
2016-01-05,169.37134067094848,169.79182564067,168.23603895201018,169.33770751953125,110845800
2016-01-06,166.79793965461604,168.24440867303812,166.17563024281182,167.2016143798828,152112600
2016-01-07,164.26665653892186,166.0411035890853,162.8033642538553,163.19021606445312,213436100
2016-01-08,164.14890067657436,164.70394383566386,161.11299912311821,161.39892578125,209817200
2016-01-11,162.31561420091603,162.6520098984036,159.63293069448645,161.55874633789062,187941300
2016-01-12,162.99681719550966,163.61072172372562,160.74301084484253,162.8622589111328,172330500
2016-01-13,163.52658520860956,163.87138592776626,158.42190487802935,158.8003387451172,221168900
2016-01-14,159.4058037645922,162.52579405915853,157.81637159909005,161.4073028564453,240795600
2016-01-15,157.06790210975257,158.74142346854745,156.01669006742281,157.9425048828125,324846400
2016-01-19,159.75069830399548,159.87683869596128,156.58864226873115,158.15284729003906,195244400
2016-01-20,155.6046404300897,157.68183685415622,152.2323561654872,156.12603759765625,286547800
2016-01-21,156.5969942115082,158.833964157154,155.27666544829353,157.0006561279297,195772900
2016-01-22,159.5992505927897,160.4233974191434,158.84238289155195,160.22157287597656,168319600
2016-01-25,159.71698596011285,159.91040542483697,157.60615634093995,157.79957580566406,130371700
2016-01-26,158.45551327781075,160.2299599022607,158.1191305223105,159.9524383544922,141036800
2016-01-27,159.43107369909765,161.09619049260044,157.31182597779636,158.211669921875,185681700
2016-01-28,159.75065722654782,159.952481801797,157.39593880190375,159.03582763671875,143798800
2016-01-29,159.80110316157138,163.0472474720097,159.68336788946976,162.91268920898438,210529300
2016-02-01,161.91193859132608,163.6359295035617,161.33166729007863,162.85382080078125,136061600
2016-02-02,161.43255607374383,161.44096115151413,159.3973980215029,159.91880798339844,182564900
2016-02-03,160.97005542223505,161.28121018625023,157.34547712119056,160.87754821777344,205054900
2016-02-04,160.38138953068196,162.0969626330107,159.75066204961968,161.12985229492188,139531800
2016-02-05,160.61684311453553,161.18869647745353,157.42956006121233,158.06028747558594,180788300
2016-02-08,156.22699232255783,156.5213241078544,153.7293105266084,155.93264770507812,191526700
2016-02-09,154.20025413357774,157.21092816449908,154.0656958587226,155.94105529785156,184513100
2016-02-10,156.76520850756006,158.3882743210522,155.68035010646386,155.80650329589844,148214100
2016-02-11,153.34244670274717,154.82256192212859,152.29123433997384,153.77975463867188,219058900
2016-02-12,155.54582267609098,156.9670512503249,154.70485264457105,156.9502410888672,127632400
2016-02-16,158.74986830934805,159.6244712307841,157.79116327738643,159.5992431640625,120250700
2016-02-17,160.75981426882714,162.57631239023576,160.63366108051162,162.20628356933594,136009500
2016-02-18,162.47537771176306,162.53425176261555,161.23074588649382,161.54190063476562,102343000
2016-02-19,160.76824088605645,161.6176160062314,160.16274143113696,161.46624755859375,114793000
2016-02-22,163.03882201667372,163.94707100179681,162.97154288827403,163.80410766601562,103640300
2016-02-23,163.14814417523996,163.41726067559446,161.61757295188102,161.73532104492188,111455300
2016-02-24,160.31408647453802,162.7528939045773,159.2124180251303,162.47537231445312,150812200
2016-02-25,162.92106882584167,164.4516399561358,162.164201170932,164.44322204589844,110728300
2016-02-26,165.30943331309925,165.40192766860665,163.9050025094279,164.06478881835938,129833700
2016-02-29,164.08164316183976,165.02352537488105,162.58471771660658,162.77813720703125,125918100
2016-03-01,163.99752628868575,166.6886400819756,163.52658522451452,166.6045379638672,141799700
2016-03-02,166.2933794558025,167.4034529630207,165.8812996179015,167.35299682617188,102415000
2016-03-03,167.17639213163855,168.02577989932098,166.6045387886515,168.0089569091797,95172200
2016-03-04,168.20238195697334,169.3292913545124,167.3782350632835,168.5555877685547,129293600
2016-03-07,167.63886679921896,169.0937533579939,167.56318261953987,168.69007873535156,100219000
2016-03-08,167.62209211288447,168.12666624967974,166.6886152028066,166.848388671875,123974900
2016-03-09,167.65576917113228,168.01738008894603,166.8736604475755,167.67259216308594,94801200
2016-03-10,168.16031697624254,169.09379391269633,165.99061347983155,167.80709838867188,156838700
2016-03-11,169.253560077013,170.55706570058754,167.79028098675542,170.5150146484375,137964500
2016-03-14,170.01050576225705,170.75055066894302,169.6825279611094,170.2964324951172,73612000
2016-03-15,169.33769158835602,170.32162478507462,169.07699298480432,170.0188751220703,93169100
2016-03-16,169.5394828941651,171.4064365032298,169.49743184614184,171.0027618408203,129303200
2016-03-17,170.91868387347796,172.5922053386793,170.52342709385636,172.08763122558594,134278500
2016-03-18,172.5863958012671,173.10203378785332,172.2736362170376,172.763916015625,138372400
2016-03-21,172.50193266274576,173.23734616662023,172.27369599319582,173.0091094970703,72926700
2016-03-22,172.2397825749512,173.48238513416123,172.07918504889994,172.91603088378906,97471900
2016-03-23,172.53564310270957,172.72161170779452,171.60580007728484,171.77487182617188,81052500
2016-03-24,170.75209710695995,171.73265679981606,170.5323218234029,171.69883728027344,84360900
2016-03-28,172.1130067420519,172.32433355093423,171.35223538942148,171.8002471923828,62408200
2016-03-29,171.3944486735614,173.49926782061758,171.09013762697933,173.38937377929688,92922900
2016-03-30,174.38692308250992,174.86874160408692,173.78674913986507,174.15023803710938,86365300
2016-03-31,174.0572389294983,174.47989260303018,173.56695912039737,173.72756958007812,94584100
2016-04-01,172.7385622989475,175.09696413244765,172.4257898082557,174.91099548339844,114423500
2016-04-04,174.8348995022013,175.03777788495927,174.04030862602207,174.34461975097656,63497000
2016-04-05,173.0090306052794,174.3530660161623,172.34969199245515,172.60328674316406,99662200
2016-04-06,172.60329540527508,174.54750472712718,172.42577520136052,174.4883270263672,91839800
2016-04-07,173.4063235448381,173.76135103137932,171.67344115467193,172.40040588378906,113859000
2016-04-08,173.5754268590138,174.00654190892814,172.33282388873346,172.86537170410156,95040600
2016-04-11,173.4993037177311,174.19246181661242,172.366595159347,172.45957946777344,83757500
2016-04-12,172.6287145607736,174.34468791174444,172.18915100879795,174.06573486328125,115350600
2016-04-13,174.97860629741962,175.90844946124486,174.84335403752408,175.82391357421875,96336400
2016-04-14,175.88309621601945,176.33110805344006,175.4858007528931,175.83236694335938,65212900
2016-04-15,175.83235650917135,175.96760876484055,175.3167185705019,175.637939453125,75761600
2016-04-18,175.63796167189994,176.90592270787863,174.97862296506034,176.8721160888672,82531000
2016-04-19,177.29472281960233,177.68355687791993,176.6184745331453,177.42996215820312,88316100
2016-04-20,177.47225623087934,178.2922053029783,176.99888623015522,177.59906005859375,81100300
2016-04-21,177.61595805683808,177.72585212855617,176.37335534777992,176.64385986328125,85695000
2016-04-22,176.28883236045968,176.91435148041737,175.74783622782223,176.64385986328125,99251700
2016-04-25,176.04366065654057,176.38179125218005,175.43503848275293,176.3395233154297,66166500
2016-04-26,176.7029952272325,177.10875193288862,176.12819257509761,176.6015625,75864200
2016-04-27,176.22121334134943,177.35392202438942,175.866185824204,176.965087890625,77329400
2016-04-28,176.21276214228232,177.31165129306655,174.9448012159631,175.35899353027344,97216200
2016-04-29,174.74190072853477,175.08847976684544,173.31332953511696,174.4122314453125,142424100
2016-05-02,174.91099343793363,175.97607604409657,174.47989133746998,175.79856872558594,62188000
2016-05-03,174.5728811144659,174.80956614545158,173.52469533555305,174.26856994628906,106422100
2016-05-04,173.27956615175552,174.00653102154735,172.79773474926188,173.2964630126953,92243800
2016-05-05,173.76134717440914,174.1163746530698,172.8399654156209,173.2626190185547,67619200
2016-05-06,172.493408466962,173.93888964948354,172.34125934162606,173.89662170410156,89315000
2016-05-09,173.769806865732,174.47140048943743,173.59228667889047,174.04029846191406,74374900
2016-05-10,174.7419673404335,176.22125546465944,174.67434119266463,176.204345703125,77472200
2016-05-11,175.74787107035834,176.28040598098474,174.5559844970703,174.5559844970703,81727000
2016-05-12,175.22379085124507,175.3928626746213,173.60080195411265,174.60671997070312,89586300
2016-05-13,174.31081939665557,174.86026396777297,172.76390553077735,173.08511352539062,96474600
2016-05-16,173.25419568506157,175.26601835554294,173.1950179808643,174.7926483154297,77486800
2016-05-17,174.52215440321876,174.8095557954899,172.63710979883587,173.1612091064453,114924900
2016-05-18,172.81458817011605,174.3868599155451,172.12989147262263,173.21188354492188,120062100
2016-05-19,172.49342810835748,172.8991720538204,171.41143565487803,172.6117706298828,115430500
2016-05-20,173.22036288247395,174.2178321605185,173.1696465104042,173.7021942138672,104990400
2016-05-23,173.71906644353825,173.99801934873904,173.27951601567344,173.46548461914062,58682600
2016-05-24,174.27703025025926,176.02682281108332,174.25167205938075,175.71405029296875,93537800
2016-05-25,176.39030675585562,177.32015012450003,175.71405820578408,176.90594482421875,76621400
2016-05-26,177.04117041438258,177.2694070065147,176.64387493482036,176.95663452148438,55280700
2016-05-27,177.11721817510207,177.7258403964382,177.06650180638476,177.71739196777344,64211200
2016-05-31,177.987910031557,178.0978041123605,176.8213817841543,177.37928771972656,109879400
2016-06-01,176.77067138759838,177.9202899156816,176.57625430591008,177.74278259277344,69936200
2016-06-02,177.3454608924536,178.30064929932263,176.8720909034982,178.28375244140625,63044700
2016-06-03,177.72590828544705,178.09784566260157,176.5509313340012,177.7512664794922,101757100
2016-06-06,178.10622799488203,179.01071290804657,177.9456175599564,178.6556854248047,64887000
2016-06-07,178.80784042031084,179.4925372247059,178.78248223484178,178.93463134765625,60974800
2016-06-08,179.06991718535417,179.6447329266397,178.94312623423025,179.51792907714844,66170900
2016-06-09,178.79091956376394,179.39109334545566,178.52042796943206,179.2727508544922,73786900
2016-06-10,177.90341512362969,178.24153295097503,177.0327365663972,177.57374572753906,113829200
2016-06-13,176.973578623331,177.8273345544715,176.11982269219052,176.204345703125,117751200
2016-06-14,175.8238899219597,176.4494218660545,174.9109566380228,175.85769653320312,125059300
2016-06-15,175.85774333052848,176.9735552739446,175.42664120604522,175.61260986328125,109124500
2016-06-16,175.61258658998682,176.3057447475261,173.78671977820883,176.1366729736328,149533100
2016-06-17,176.03299949147097,176.05848954865775,174.8264225780127,175.48069763183594,117055700
2016-06-20,177.43502243949953,178.1062822399764,176.52583382287239,176.61080932617188,82789600
2016-06-21,176.99323990576207,177.52005192164813,176.55139045977415,177.11219787597656,72461700
2016-06-22,177.29061447535392,178.01286757292578,176.67882697199653,176.8232879638672,95560500
2016-06-23,178.2762123937077,179.1768956408914,177.81737840633824,179.12591552734375,102731400
2016-06-24,173.02506353276226,179.15992155939594,172.2518305235005,172.6936798095703,333444400
2016-06-27,171.29167016429918,171.3001754944396,168.79354060616626,169.60076904296875,230775800
2016-06-28,171.19820785334176,172.685188546693,170.89231416352035,172.65969848632812,159382400
2016-06-29,174.053189203228,175.8290656655224,173.95122897471458,175.5996551513672,137328600
2016-06-30,176.06700220207614,178.04679920829113,175.51468735402474,177.99581909179688,165021900
2016-07-01,177.995803241031,178.85401167706488,177.83435757621513,178.3696746826172,106055300
2016-07-05,177.54550400441005,177.6559695836352,176.49188019805416,177.086669921875,109803700
2016-07-06,176.59379968060696,178.26771585187373,175.939524652718,178.1487579345703,96021500
2016-07-07,178.32718023560778,178.98994759700005,177.2735567202867,178.0382843017578,85593800
2016-07-08,179.32984437239284,180.93578273538094,179.1004209018401,180.68936157226562,133971000
2016-07-11,181.14822974247437,181.89597271757017,180.94429630414587,181.32666015625,73633900
2016-07-12,182.28686393145924,182.94113916028226,181.35218503314061,182.64373779296875,101275600
2016-07-13,183.0601050194701,183.0685973860235,182.1339314127864,182.61825561523438,87324100
2016-07-14,183.87582486880748,184.10524843496805,183.24705260180986,183.63790893554688,91230900
2016-07-15,184.19864912093422,184.39407721649118,182.9495844443756,183.3914337158203,107155400
2016-07-18,183.5103906239175,184.0457077581789,183.25547708543868,183.88426208496094,58725900
2016-07-19,183.4679488977955,183.73135486630622,183.2215406268984,183.69737243652344,54345700
2016-07-20,183.69736933902962,184.70001306876955,183.69736933902962,184.46209716796875,58159500
2016-07-21,184.35160181558447,184.57251996784868,183.3234552954601,183.7653045654297,67777300
2016-07-22,183.88426812084657,184.6405034317106,183.6208622097674,184.5895233154297,62787500
2016-07-25,184.3856276782116,184.43660780494187,183.51043426149064,184.08822631835938,55873100
2016-07-26,183.98625149568835,184.53006108015597,183.33197633508968,184.17318725585938,70080500
2016-07-27,184.5470523114183,184.61503012777584,183.21301197560646,183.97775268554688,84083900
2016-07-28,183.782349083125,184.4791121188098,183.32351493593765,184.19021606445312,65035700
2016-07-29,183.926785012325,184.8444531816505,183.64638136291416,184.48757934570312,79519400
2016-08-01,184.54705105677277,184.93790729136802,183.88428355859588,184.33462524414062,73311400
2016-08-02,184.08819970987324,184.24115303340008,182.32082839994354,183.15353393554688,92295500
2016-08-03,183.09406829957314,183.7483434882138,182.7966799159683,183.68885803222656,53993600
2016-08-04,183.7992865836543,184.1986481020015,182.04890016644285,183.88426208496094,46585500
2016-08-05,183.88424897585895,185.43070185895252,183.88424897585895,185.38821411132812,71892200
2016-08-08,185.57517459706514,185.67714779806195,185.01438033607144,185.2777862548828,39906500
2016-08-09,185.34573932914398,185.8810434598024,185.06533575335138,185.38821411132812,51251700
2016-08-10,185.49872776314322,185.5751979494322,184.58104663134466,184.92942810058594,57941100
2016-08-11,185.45619869857288,186.0340035634325,185.19279280528247,185.78758239746094,72504300
2016-08-12,185.48169871991223,185.83858545983358,185.22679814202752,185.62615966796875,61313500
2016-08-15,185.99157619578298,186.50989578697508,185.98308382936654,186.16151428222656,49813500
2016-08-16,185.74513401953985,185.81309886935878,185.20132446289062,185.20132446289062,53213600
2016-08-17,185.23531181678888,185.68565351011722,184.40260624720256,185.54969787597656,75134300
2016-08-18,185.52419988498724,186.00003161869705,185.41374728173182,185.96604919433594,52989300
2016-08-19,185.498709461304,185.87258095575433,185.014385363815,185.6941375732422,75443000
2016-08-22,185.45621493443744,185.91506192103134,185.09084878348472,185.68563842773438,61368800
2016-08-23,186.2974251342365,186.59482643807337,186.00002383039967,186.05950927734375,53399200
2016-08-24,185.9150799012492,186.00854778048802,184.6915051059202,185.1078643798828,71728900
2016-08-25,184.72547889137803,185.3967517105413,184.57253853183752,184.9803924560547,69224800
2016-08-26,185.16733625551717,186.18697759310794,183.7483333411749,184.63201904296875,122506300
2016-08-29,184.7595188943932,185.8046504999427,184.72552349599167,185.54124450683594,70502200
2016-08-30,185.45623923732404,185.73664288466728,184.6830190811947,185.23532104492188,58114500
2016-08-31,184.90393948528794,185.02289743114943,183.93527822171734,184.70851135253906,85269500
2016-09-01,184.69998228597467,185.00587595965777,183.5613830982706,184.71697998046875,97844200
2016-09-02,185.56669557160487,185.9745495085839,184.98039824413593,185.54969787597656,79293900
2016-09-06,185.83010051851176,186.18697433214592,185.11635289124345,186.11050415039062,56702100
2016-09-07,185.94907310831908,186.27196452176307,185.49023901619051,186.09352111816406,76554900
2016-09-08,185.76212327308824,186.0340345407559,185.3627617021031,185.6686553955078,74102900
2016-09-09,184.36009234743784,184.41107246165055,181.19919561183895,181.2246856689453,221589100
2016-09-12,180.4684733287879,184.22416015000306,180.40049551271633,183.82479858398438,168110900
2016-09-13,182.5502432107953,182.81364914395792,180.561940716494,181.18222045898438,182828800
2016-09-14,181.23324629652842,182.43133129356465,180.56198626415437,181.11428833007812,134185500
2016-09-15,180.95279811282384,183.3064666278665,180.77435473707862,182.92410278320312,134427900
2016-09-16,182.31095052162055,182.4902953051473,181.53382454216947,182.21701049804688,155236400
2016-09-19,182.8660067719222,183.50650320843982,181.9266067859897,182.25112915039062,80250500
2016-09-20,183.1051494339888,183.2588623449213,182.22553525004807,182.2596893310547,69665300
2016-09-21,182.95996619560697,184.48861211944993,182.27676731793207,184.3092803955078,110284400
2016-09-22,185.31695972517036,185.76957614193233,185.0693068490098,185.47067260742188,76678700
2016-09-23,185.077880755407,185.21452314433975,184.36052775991317,184.4544677734375,73630900
2016-09-26,183.62606092623957,183.80539263007168,182.76351739041235,182.95994567871094,89827300
2016-09-27,182.7977180207559,184.18972166205904,182.43049322257983,184.09579467773438,78494800
2016-09-28,184.31784825725526,185.16330848389094,183.36137747790448,185.00958251953125,87411000
2016-09-29,184.80458160763706,185.20596044958225,182.78915213586723,183.33570861816406,128070600
2016-09-30,184.16411814763177,185.41949253274157,183.9164651946017,184.71922302246094,117202900
2016-10-03,184.30925255495555,184.4971195127768,183.64312430241583,184.27508544921875,83512100
2016-10-04,184.3861322416042,184.60816633315358,182.74646279471364,183.33570861816406,119948100
2016-10-05,183.95916890270405,184.57404668886872,183.8908477008039,184.1470489501953,72816000
2016-10-06,183.92494428554687,184.4971195127768,183.38693616405374,184.27508544921875,62927400
2016-10-07,184.5483733258457,184.71916976465073,182.91723931875157,183.64312744140625,89788300
2016-10-10,184.59967041015625,185.0608222465507,184.45449273886658,184.59967041015625,51855000
2016-10-11,184.17260714642728,184.2409283258376,181.54230037832636,182.2681884765625,130367400
2016-10-12,182.40483593130497,183.02826182424138,181.9095171399416,182.50732421875,73866100
2016-10-13,181.18371845676737,182.40492596945492,180.37242520340172,181.90960693359375,101357000
2016-10-14,182.88310847634645,183.3442732865908,181.92663780463312,182.0034942626953,93346200
2016-10-17,181.9778809646954,182.234082196945,181.19220674181636,181.37155151367188,58275700
2016-10-18,182.95994064292233,183.01971353224343,182.13156423696174,182.50732421875,76869700
2016-10-19,182.77207602266222,183.30154893374586,182.41339956377323,182.99411010742188,66519200
2016-10-20,182.6439938203751,183.2076339173306,181.99496200114302,182.6525421142578,73639800
2016-10-21,182.65250807391106,182.82330451756917,181.69602453374557,182.73789978027344,89089100
2016-10-24,183.60901570123647,183.88230049108293,183.16493443320397,183.51507568359375,60146600
2016-10-25,183.33574051636367,183.59194176253314,182.73794629592604,182.90020751953125,66542300
2016-10-26,182.08038818350684,183.11371545193575,181.841257452556,182.5330047607422,75705500
2016-10-27,183.25030957336313,183.28446365110642,181.96931664758029,182.04617309570312,77220200
2016-10-28,182.0206117730508,182.69526252678202,180.79940438625314,181.50820922851562,140623200
2016-10-31,181.84120244941698,182.06324955436304,181.3544319326764,181.51669311523438,61272500
2016-11-01,181.8412382436597,181.8924889147664,178.99744496669493,180.20156860351562,122781800
2016-11-02,179.89411499958456,180.2784233312652,178.68144316808676,179.1169891357422,103330800
2016-11-03,179.3305051213913,179.54400397899198,178.02389315535012,178.2971649169922,88939300
2016-11-04,178.4081620972983,179.24507384660942,177.95554562862452,178.10072326660156,109122100
2016-11-07,178.10081740693485,182.0633571910219,178.10081740693485,182.02919006347656,109794900
2016-11-08,181.6362813584885,183.4125933311949,181.37154487286696,182.8489532470703,106772100
2016-11-09,181.3630365347768,185.40244499664522,181.33741770993944,184.78756713867188,258429000
2016-11-10,185.57321017854778,186.43574087465458,183.7968981143729,185.24868774414062,172113300
2016-11-11,184.53131524308765,185.06078818574503,183.882283473671,184.82167053222656,100552700
2016-11-14,185.34267912487482,185.54764277671057,184.22394688268503,184.9669189453125,94580000
2016-11-15,185.35118185568197,186.41014099121094,185.14623127076104,186.41014099121094,91652600
2016-11-16,185.7952457984158,186.2905647172134,185.67568695808095,186.0599822998047,65617700
2016-11-17,186.21369124955535,187.07622187385005,186.10266768262042,187.01644897460938,69797200
2016-11-18,187.08477556849542,187.25557203960201,186.4186471785894,186.59799194335938,86265800
2016-11-21,187.17010748031797,188.03263785390175,187.02492987472058,188.00701904296875,72402600
2016-11-22,188.31451216564693,188.55362982400158,187.64839682723974,188.37429809570312,67429000
2016-11-23,187.86192883033078,188.52804428632663,187.66551351149542,188.476806640625,56620200
2016-11-25,188.8184017170154,189.2112323319122,188.74153222198203,189.1770782470703,37872300
2016-11-28,188.86964889000694,189.1429206753413,188.1864498802652,188.28892517089844,76572500
2016-11-29,188.32305501132936,189.10872915618629,188.0241514315651,188.65611267089844,69886700
2016-11-30,189.2709853519725,189.43324654635933,188.14370528419104,188.2034912109375,113291800
2016-12-01,188.502404564412,188.502404564412,187.15309024313768,187.51177978515625,79040500
2016-12-02,187.59716236922688,188.09248125019275,187.2470211382266,187.60569763183594,74840300
2016-12-05,188.43409807761347,189.07459468974804,188.23768276522122,188.73300170898438,67837800
2016-12-06,188.92085065488982,189.36493188152127,188.44261534817971,189.3307647705078,59877400
2016-12-07,189.17705058798379,191.8671306855542,189.05749176211253,191.80735778808594,110738100
2016-12-08,191.78174798179285,192.74675389633438,191.51699846905584,192.2770538330078,99714400
2016-12-09,192.4991198920252,193.45559063795153,192.46495277627835,193.43850708007812,88005800
2016-12-12,193.34454001164195,193.82278834864064,192.79798351457825,193.21644592285156,102016100
2016-12-13,193.87404841836303,195.00131562296514,193.85696486090256,194.50599670410156,110477500
2016-12-14,194.2070940773172,194.90736351854272,192.46493619058313,192.90048217773438,142501800
2016-12-15,193.13962554420834,194.54871290783137,192.9090431103826,193.69471740722656,124972600
2016-12-16,194.149161984776,194.20930031343497,192.9980661377458,193.31590270996094,156420200
2016-12-19,193.49627408622837,194.15773005848882,193.35024073531872,193.73680114746094,90341100
2016-12-20,194.26937364194734,194.63017730203725,194.03744528469852,194.484130859375,89838800
2016-12-21,194.35532343975555,194.5271266289824,193.9429931640625,193.9429931640625,67909000
2016-12-22,193.79695863074062,193.91722217324946,193.21281206159543,193.60797119140625,56219100
2016-12-23,193.65084782660008,193.89997350830055,193.46187355778628,193.89138793945312,36697800
2016-12-27,194.15775554824944,194.76765885225183,194.1405712965506,194.3725128173828,42672500
2016-12-28,194.63018703901284,194.64735817969307,192.65441791828655,192.76608276367188,64095000
2016-12-29,192.8347941105853,193.1869990877424,192.28501616652497,192.72312927246094,48696100
2016-12-30,193.0495852394987,193.13549338336978,191.3315272240164,192.0187530517578,108998300
2017-01-03,193.3158546351365,193.99449479504997,192.31939108978972,193.4876708984375,91366500
2017-01-04,193.81413552546695,194.78484257378554,193.80554995351264,194.63880920410156,78744400
2017-01-05,194.37246601957602,194.63876287194785,193.69382587217012,194.484130859375,78379000
2017-01-06,194.59583090323432,195.6438472919025,194.05463845938746,195.1799774169922,71559900
2017-01-09,194.92231184720217,195.05975966007526,194.50138283568273,194.53575134277344,46939700
2017-01-10,194.5529224885739,195.3861818309677,194.1491777305998,194.53575134277344,63771900
2017-01-11,194.449854430983,195.08554077148438,193.78839826254537,195.08554077148438,74650000
2017-01-12,194.57007063243853,194.7848278847922,193.2471717253465,194.59584045410156,72113200
2017-01-13,194.76766116322605,195.34320907840325,194.7333057671642,195.0425567626953,62717900
2017-01-17,194.40682528050235,194.81056990593012,193.96872526700736,194.35528564453125,61240800
2017-01-18,194.6044339487009,194.8277898891978,194.054655884601,194.7848358154297,54793300
2017-01-19,194.86206176387296,194.99950949792228,193.6336570486176,194.06317138671875,66608800
2017-01-20,194.74186135988379,195.26586954642843,194.1147738932784,194.77622985839844,129168600
2017-01-23,194.7762615660135,194.8363867865895,193.5134877487364,194.26942443847656,75061600
2017-01-24,194.48406306639953,195.92723788047843,194.37239826552454,195.51490783691406,95555300
2017-01-25,196.45989611624702,197.20726013183594,196.2966785368915,197.20726013183594,84437700
2017-01-26,197.06128489339548,197.3275949446261,196.72626404388996,197.00115966796875,59970700
2017-01-27,197.0784397168194,197.22447307989955,196.51147740763082,196.69187927246094,59711100
2017-01-30,196.00456316668274,196.03033297725733,194.49267747944742,195.4719696044922,79737300
2017-01-31,194.98241115912435,195.5150180862859,194.41546194492608,195.4548797607422,75880800
2017-02-01,195.4548408148971,196.36540933417217,194.94801691948786,195.5321502685547,79117700
2017-02-02,195.53211804867354,195.9444612823822,194.8449055413025,195.66098022460938,69657600
2017-02-03,196.56297328192488,197.1900606261048,196.25372239437576,197.00965881347656,80563200
2017-02-06,196.6059615783239,197.00112068280168,196.32248043749593,196.65750122070312,57790100
2017-02-07,197.04405146992943,197.28457851110494,196.47708925526968,196.66607666015625,57931200
2017-02-08,196.666071066777,197.05263143569059,196.12487868565375,196.9237823486328,51566200
2017-02-09,196.92379169339242,198.3927237865184,196.92379169339242,198.09207153320312,65955200
2017-02-10,198.43567926922321,199.09713520362143,198.10924408720365,198.873779296875,66015900
2017-02-13,199.36339903137048,200.21384223466117,199.33762921682276,199.9561309814453,55182100
2017-02-14,199.7757734250125,200.7636645965486,199.4321670831036,200.75506591796875,71109000
2017-02-15,200.54031168469666,201.99207275035496,200.48877204341161,201.80308532714844,86785800
2017-02-16,201.82885961964467,202.00926147588143,200.88393559041765,201.63128662109375,84722400
2017-02-17,200.96978909393363,201.94908142089844,200.9526048474284,201.94908142089844,77204100
2017-02-21,202.31850477436353,203.32356708684515,202.30990609578996,203.15176391601562,88946100
2017-02-22,202.74804692871916,203.1947326122965,202.58482930644365,202.9713897705078,62115200
2017-02-23,203.48678526635115,203.50395640806377,202.3528607417118,203.1088104248047,74615900
2017-02-24,202.2669449416613,203.4094418121065,202.22399087630657,203.3665008544922,82381600
2017-02-27,203.28062725924806,203.85617513110842,203.0315146102534,203.6843719482422,56515400
2017-02-28,203.30638569277366,203.54691275686145,202.7480221028003,203.13458251953125,96961900
2017-03-01,204.7838710482061,206.44180341536486,204.76668680237975,205.97792053222656,149158200
2017-03-02,205.78895814761938,205.7975568254465,204.6292770143903,204.68081665039062,70246000
2017-03-03,204.5949198902585,204.9728947189234,204.21694506159358,204.80967712402344,81974300
2017-03-06,204.0193814731179,204.55197524290716,203.59845255676524,204.1997833251953,55391500
2017-03-07,203.8991405157803,204.25134558022862,203.38371783084403,203.5898895263672,65103700
2017-03-08,203.88194037727087,204.13965169965755,203.07445101740572,203.21189880371094,78168800
2017-03-09,203.33215670968812,203.79603969868805,202.50749623017578,203.4696044921875,90683900
2017-03-10,204.4231595498751,204.46611362717488,203.2376951766697,204.18263244628906,81991700
2017-03-13,204.12244220245708,204.32861385641445,203.7960201350338,204.28565979003906,57256800
2017-03-14,203.74447908258304,203.79603182983627,202.8940488151561,203.5039520263672,59880800
2017-03-15,204.07094947329878,205.68592836449596,203.83900794775064,205.26499938964844,96081800
2017-03-16,205.402413749063,205.47972320907772,204.53479922416713,204.86122131347656,78344000
2017-03-17,205.12261162580296,205.3124211944738,204.5014190673828,204.5014190673828,89002100
2017-03-20,204.50138346810314,204.78609777154676,203.88882710155985,204.27706909179688,52537000
2017-03-21,204.88106201136898,205.00184873594333,201.52490248773285,201.65431213378906,131809300
2017-03-22,201.68880878252267,202.41352905319255,201.06761621773012,202.12881469726562,97569200
2017-03-23,202.12885377022735,203.04338378830042,201.5421791038283,201.9131622314453,100410300
2017-03-24,202.2151368404153,202.78455250092455,200.99001047270323,201.76649475097656,112504900
2017-03-27,200.10137116515082,201.81828075159214,199.82529280928264,201.5594482421875,87454500
2017-03-28,201.25746505154598,203.4488852969795,201.14530123845407,203.02613830566406,93483900
2017-03-29,202.74146195695303,203.4489234925593,202.51713428865384,203.21597290039062,61950400
2017-03-30,203.1555147869635,204.0614217364768,202.98296421676207,203.86297607421875,56737900
2017-03-31,203.526490804474,204.05277858245472,203.33668123439807,203.38845825195312,73733100
2017-04-03,203.44026066489053,203.63869319312118,201.80963316908782,203.03475952148438,85546500
2017-04-04,202.75004524566697,203.25045119242827,202.3704260333124,203.16416931152344,56466200
2017-04-05,203.8371165982791,204.81204651620817,202.3531578345219,202.5602264404297,108800600
2017-04-06,202.69827087803006,203.64730569496527,202.25825173889314,203.12965393066406,69135800
2017-04-07,202.87943596787073,203.61279239281885,202.43943001176115,202.92257690429688,74412300
2017-04-10,203.06063974628262,203.83712400832349,202.51709286399407,203.0433807373047,67615300
2017-04-11,202.66371210387564,202.90528551158658,201.31779935669644,202.8017578125,88045300
2017-04-12,202.52573199408363,202.71554160139317,201.68884777042805,201.9131622314453,81864400
2017-04-13,201.5766448668478,202.31000122239746,200.60171508789062,200.60171508789062,92880400
2017-04-17,201.11942965066586,202.3790740966797,200.9209971105619,202.3790740966797,68405400
2017-04-18,201.6456910607653,202.31002463439688,201.09352129125438,201.7751007080078,83225800
2017-04-19,202.33591803559278,202.70690115523192,201.17980140736037,201.4041290283203,68699900
2017-04-20,202.01668692176702,203.48339989525888,201.6974676618917,203.0433807373047,92572200
2017-04-21,202.9657606726642,203.01752454139316,201.99946668367534,202.39633178710938,110389800
2017-04-24,204.63083056216,204.82927621788227,202.37038788801016,204.62220764160156,119209900
2017-04-25,205.26062031630624,206.15789098063524,205.17433846801464,205.8127899169922,76698300
2017-04-26,205.77837649513734,206.6584017688753,205.64034389838443,205.6834716796875,84702500
2017-04-27,206.00264092985702,206.1579324903357,205.32104841949567,205.85597229003906,57410300
2017-04-28,206.11484059103506,206.14072252393868,205.2779563211051,205.40737915039062,63532800
2017-05-01,205.92501831054688,206.3477784632554,205.51089424478687,205.92501831054688,66882500
2017-05-02,206.06304180758352,206.18382852892205,205.59715392949636,206.00265502929688,57375700
2017-05-03,206.00266620730903,206.09757100527935,205.07950015752797,205.75245666503906,73137700
2017-05-04,206.05441849762545,206.13206428303263,205.1485115069127,205.9940185546875,61462700
2017-05-05,206.36500201310355,206.822266940735,205.92498292687233,206.8050079345703,62001300
2017-05-08,206.84819938842602,206.99486806473746,206.3477934055453,206.7705535888672,48385700
2017-05-09,207.0293304725549,207.22776296193527,206.23557418550524,206.5806884765625,51363200
2017-05-10,206.5375361945032,206.95166015625,206.3304676312481,206.95166015625,54293800
2017-05-11,206.50303348019494,206.6928430406129,205.45045797779125,206.52891540527344,62358300
2017-05-12,206.27878848519245,206.5721258633501,205.9164282242738,206.1838836669922,53912700
2017-05-15,206.60658023464333,207.4434643287316,206.58932122807815,207.3226776123047,61918900
2017-05-16,207.61600511931388,207.64188704556003,206.74461621791102,207.1328582763672,51241800
2017-05-17,207.13289858586077,207.13289858586077,203.39711958174536,203.45751953125,172174100
2017-05-18,203.37978525704816,205.1225759183871,203.12095287530286,204.27706909179688,107047700
2017-05-19,204.7602820844805,206.27012277416677,204.70851822433954,205.6057891845703,115011400
2017-05-22,206.1148105771657,206.81366215810078,206.04580087598345,206.6497344970703,61010600
2017-05-23,207.0207585145912,207.2709680987088,206.64113925921842,207.10704040527344,48341700
2017-05-24,207.33993731240122,207.6936613772002,207.0034459246956,207.5901336669922,46927700
2017-05-25,208.0991590488035,208.85839735058266,207.8921036317834,208.58230590820312,64071700
2017-05-26,208.39244176682175,208.70303797578924,208.31479600577015,208.53912353515625,46629900
2017-05-30,208.21997122970018,208.6082133488608,208.0646796479424,208.35801696777344,35201900
2017-05-31,208.65134506164196,208.68586307701707,207.6160284014036,208.30624389648438,91796000
2017-06-01,208.76346345900726,209.979966523465,208.47874913553227,209.96270751953125,68962000
2017-06-02,210.0145160210793,210.81689531507217,209.7211787156477,210.66159057617188,88666100
2017-06-05,210.48907338711942,210.77378781630009,210.30788669045262,210.50633239746094,44698800
2017-06-06,209.94547887695174,210.49764859982017,209.75566930051903,209.8333282470703,50375400
2017-06-07,210.16982427585478,210.44590257830131,209.50549070204522,210.22158813476562,54144300
2017-06-08,210.31649609686164,210.7996430069901,209.79883117042922,210.3251190185547,65950700
2017-06-09,210.59262570014664,211.38636912652336,208.74630632112988,210.00595092773438,132256400
2017-06-12,209.7642750509624,210.01447136656984,209.1172006334546,209.96270751953125,86108100
2017-06-13,210.4976579486158,211.04120477479216,210.15255679328286,210.98944091796875,60067000
2017-06-14,211.25688030421608,211.26550322477917,209.90233138425174,210.7219696044922,78602300
2017-06-15,209.37607273992884,210.43728453124618,209.0999944310873,210.31649780273438,66464900
2017-06-16,210.475122266926,210.52713855089232,209.48677318467617,210.36241149902344,84553100
2017-06-19,211.1860862137597,212.17443554257193,211.09071859304242,212.11375427246094,65123800
2017-06-20,211.75829478868482,211.7669597619697,210.6659128512818,210.68324279785156,56906400
2017-06-21,211.07335999027543,211.18605754202875,210.1630352304678,210.63119506835938,55977600
2017-06-22,210.63990397819194,211.1340720330679,210.36246608642756,210.53585815429688,44148100
2017-06-23,210.5965114980298,211.11668759998207,210.21504108588627,210.78724670410156,66986800
2017-06-26,211.45480339089076,211.8709601407042,210.71788395073696,210.9259490966797,56700500
2017-06-27,210.70920162196373,211.00398262121368,209.20934139883573,209.2266845703125,82247700
2017-06-28,210.24105677624263,211.29876541916607,210.00697024603113,211.099365234375,70042600
2017-06-29,211.2467402358337,211.29875652280958,208.03894132566631,209.24403381347656,106949700
2017-06-30,210.0503599268905,210.42316544894348,209.4434810608396,209.63421630859375,86820700
2017-07-03,210.57054049202802,211.00402726792302,209.9896697998047,209.9896697998047,39153800
2017-07-05,210.35378293149202,210.68322386327887,209.54749070358864,210.47515869140625,54427600
2017-07-06,209.71221737814497,209.83359313782432,208.36840582021688,208.55047607421875,65400800
2017-07-07,209.12265284091893,210.05030746972056,208.5591122118483,209.90292358398438,57972300
2017-07-10,209.9029638349086,210.50117769282184,209.59951780499233,210.1283721923828,36663300
2017-07-11,210.12832363116158,210.284385711013,208.810533682673,209.97227478027344,50354600
2017-07-12,210.93468806090848,211.71495904089392,210.93468806090848,211.55023193359375,59610400
2017-07-13,211.5589012768821,212.0183962259148,211.33347967466187,211.9056854248047,39471600
2017-07-14,211.90569355737549,213.2495053328414,211.81032592869164,212.89404296875,60262700
2017-07-17,212.81602568914647,213.1974962167382,212.69464990572803,212.8680419921875,33531900
2017-07-18,212.46052349975758,213.0327291839186,212.12240436438347,212.980712890625,42742500
2017-07-19,213.29286930759878,214.14249981327305,213.28419110422436,214.1338348388672,51034300
2017-07-20,214.38515956405382,214.50653529859287,213.6829132978663,214.22911071777344,47135200
2017-07-21,213.65692071154007,214.06439925622144,213.43149916744,214.03839111328125,82340800
2017-07-24,213.9603983003764,214.12512539283267,213.51824654875693,213.98641967773438,46622300
2017-07-25,214.73193905567726,214.83598484662647,214.2811224677602,214.50653076171875,54915600
2017-07-26,214.79266611748264,214.8273392337501,214.2551468270668,214.51522827148438,47575400
2017-07-27,214.9747346806394,215.0094077966364,212.99802311573262,214.31582641601562,70766600
2017-07-28,213.8390010387317,214.19446333630827,213.38818435928198,214.06442260742188,50088400
2017-07-31,214.46324565748534,214.55861327840122,213.73499104083677,213.9430694580078,65838700
2017-08-01,214.54125185026356,214.57592496688747,213.89968674652113,214.4198760986328,55050400
2017-08-02,214.54990340675474,214.66261417942312,213.59622739716988,214.52389526367188,47211200
2017-08-03,214.4111903222331,214.4371984660233,213.83031972931158,214.10775756835938,40856000
2017-08-04,214.5932771568274,214.8273504690451,214.11643910218257,214.49790954589844,60191800
2017-08-07,214.56724185780152,214.8966827392578,214.4631960587952,214.8966827392578,31995000
2017-08-08,214.58460225771398,215.79837307266672,213.99506663851034,214.36785888671875,61719400
2017-08-09,213.68296885236728,214.41122344893725,213.32750652702967,214.3592071533203,62632600
2017-08-10,213.52689215926216,213.6569461183922,211.28143402531697,211.3334503173828,120479500
2017-08-11,211.55886418157053,212.2351024117232,211.32477764683614,211.6455535888672,74869900
2017-08-14,212.92001492033617,213.96038045612352,212.88534180169498,213.74363708496094,73291900
2017-08-15,214.1250994302894,214.1424426034363,213.41418807884588,213.71762084960938,55242700
2017-08-16,214.2378227507355,214.63663638266544,213.66561706408348,214.09043884277344,56715500
2017-08-17,213.48352220429825,213.79563313907357,210.75254821777344,210.75254821777344,128490400
2017-08-18,210.58788587164997,211.70628924364524,209.98100698671368,210.4231719970703,136748000
2017-08-21,210.36242127252945,210.8479242507227,209.66017494843106,210.58782958984375,65469700
2017-08-22,211.16872667254094,212.94601163751298,211.15138349966844,212.7899627685547,63140100
2017-08-23,211.82765361632846,212.45187564407556,211.68026969713355,212.0270538330078,50203800
2017-08-24,212.40853654151258,212.56458544294475,211.3248195183416,211.53289794921875,50741700
2017-08-25,212.3218216713976,212.93737872588625,211.8796699138129,212.0270538330078,64445900
2017-08-28,212.55589700150568,212.5819051488729,211.61956400938766,212.0357208251953,40565600
2017-08-29,210.7265525878525,212.53852381976515,210.61384181253018,212.2784423828125,51135700
2017-08-30,212.26106603208956,213.55286095921176,212.07899582571795,213.28408813476562,62030800
2017-08-31,213.89965706878095,214.80998169419007,213.31878653592977,214.56723022460938,103803900
2017-09-01,214.94007174878718,215.29553406405793,214.72332837054392,214.87071228027344,62007000
2017-09-05,214.3678496208747,214.59327118350407,212.36514307607808,213.32748413085938,91398800
2017-09-06,214.003739320956,214.38520978428556,213.4748849475156,214.05575561523438,57916900
2017-09-07,214.35923938331425,214.37658256078296,213.62230647402896,214.02978515625,58034700
2017-09-08,213.743603452773,214.2377846111686,213.53553831573353,213.77828979492188,63832800
2017-09-11,215.04410104355472,216.13649611970826,215.02677109841616,216.0584716796875,71364800
2017-09-12,216.4225853869284,216.82138576355234,216.24051514266796,216.78671264648438,56896000
2017-09-13,216.50065735642428,216.92547920032825,216.38794655051822,216.8907928466797,59228000
2017-09-14,216.56996414280775,217.0207940277763,216.3965721036551,216.82138061523438,95446300
2017-09-15,216.67764322455182,217.20040087831916,216.57309435272185,217.11328125,95432400
2017-09-18,217.47918658122356,217.92353252183636,217.19166392743324,217.5750274658203,46235200
2017-09-19,217.81898389418555,217.87997959109146,217.47047883780115,217.7928466796875,47108100
2017-09-20,217.88005916171986,217.9846080578937,216.87808349311183,217.871337890625,59574100
2017-09-21,217.7144819664055,217.80160160197312,217.113299314129,217.2875518798828,48211400
2017-09-22,216.99133380535173,217.49667558165336,216.96519658369985,217.3311309814453,51214000
2017-09-25,217.0784310696796,217.42694948014497,216.14617257274787,216.88674926757812,57064400
2017-09-26,217.3137173019524,217.55767358459096,216.78223826592833,217.01748657226562,54082000
2017-09-27,217.71447926071124,218.24595822115745,216.83448187847011,217.8625946044922,81001400
2017-09-28,217.58376221603876,218.20237405540473,217.49664258862123,218.12396240234375,44778800
2017-09-29,218.1152052409047,218.969065193562,217.9322447472032,218.89064025878906,85578000
2017-10-02,219.11718667853842,219.84034729003906,218.9429208582323,219.84034729003906,59023000
2017-10-03,219.84036885580198,220.33698926746806,219.76194391112475,220.31085205078125,66810200
2017-10-04,220.16270386338314,220.81616077225246,220.0494337449024,220.57220458984375,55953600
2017-10-05,220.903327417392,221.89658159856938,220.60709674633964,221.87916564941406,63522800
2017-10-06,221.4347983118458,221.91400278857896,221.1734261378252,221.62648010253906,80646000
2017-10-09,221.85303373291265,221.91401614564896,220.99917359766056,221.26055908203125,35803100
2017-10-10,221.82688336786683,222.2189549238786,221.28668318694972,221.84429931640625,43057400
2017-10-11,221.7484203318604,222.19277954101562,221.58288908146568,222.19277954101562,47674300
2017-10-12,221.87918461635664,222.22768975390164,221.62650709121053,221.86175537109375,47065100
2017-10-13,222.29736525116894,222.41063538908594,221.86172723717084,222.13182067871094,54800400
2017-10-16,222.35831866348116,222.61969078647508,222.01852160897442,222.42800903320312,38221700
2017-10-17,222.3757278805045,222.62840531790656,222.15790892152341,222.5848388671875,31561000
2017-10-18,222.9595118893441,223.00307834608037,222.61100682468611,222.8026885986328,40888300
2017-10-19,222.02726047930824,222.89853646284217,221.60905172970456,222.86367797851562,61903800
2017-10-20,223.65662459798477,224.0399882761307,222.8463307701544,224.01382446289062,89176400
2017-10-23,224.33615704313655,224.3622942599157,223.06407492192818,223.14248657226562,63915300
2017-10-24,223.56941964107733,223.76979609744606,223.1773348181456,223.53456115722656,66935900
2017-10-25,223.20344401885254,223.3167141352263,221.30406902048543,222.42800903320312,103715300
2017-10-26,223.0379726265612,223.30805279459497,222.59361330899486,222.71559143066406,69798000
2017-10-27,223.45615581425676,224.6933794281526,222.72428716813948,224.53652954101562,85562500
2017-10-30,223.45610182696615,224.4406477191051,223.40382740696114,223.70005798339844,54285700
2017-10-31,224.07475171796614,224.3012919829008,223.75238385739476,224.04861450195312,60304800
2017-11-01,224.82406638614185,225.16385019959108,223.97892760294408,224.3448486328125,54202700
2017-11-02,224.2751835197542,224.57141420229036,223.21222561689552,224.4320068359375,56449500
2017-11-03,224.58875613743385,225.2247970513255,224.17925544286234,225.18124389648438,59589700
2017-11-06,225.0506131089256,225.66051703390133,224.9809227179865,225.5298309326172,49652600
2017-11-07,225.63431218770776,225.96540127122017,224.86758517099048,225.37294006347656,57502200
2017-11-08,225.19874475358787,225.85220185796175,224.919930007638,225.75634765625,50469600
2017-11-09,224.55399905935963,225.12904447666784,223.3603284661559,224.93736267089844,95085500
2017-11-10,224.5540443432949,225.04195693105817,224.24037105730886,224.86769104003906,59984700
2017-11-13,224.18802922848425,225.3032614637964,224.1531707429087,225.07672119140625,50228600
2017-11-14,224.2751861185557,224.6585497331592,223.4997376197142,224.5540008544922,61315200
2017-11-15,223.5868312249895,224.10960211561886,222.7242765384519,223.4300079345703,80811500
2017-11-16,224.3709977699362,225.69535437682566,224.32744460333475,225.32940673828125,67777000
2017-11-17,224.9809401022599,225.30330804008258,224.58885517887376,224.66726684570312,75756800
2017-11-20,224.9112021225821,225.24226467162944,224.66721931396768,225.0505828857422,48075500
2017-11-21,225.8173093322673,226.7060278773804,225.01575029501927,226.52304077148438,69176800
2017-11-22,226.53180590369905,226.66249201233418,226.1571635291987,226.3227081298828,45033400
2017-11-24,226.8105660547947,226.9499734001881,226.67115870940125,226.84539794921875,27856500
2017-11-27,226.8890163124573,227.18524700086792,226.53178991457588,226.73219299316406,52274900
2017-11-28,227.19395365237457,229.0584705922239,227.0980994594827,229.03233337402344,98971700
2017-11-29,229.16306836229634,229.6945606980925,228.44864204929883,228.89297485351562,77512100
2017-11-30,229.80774044950894,231.8029431210986,229.72932880902655,230.89683532714844,127894400
2017-12-01,230.6790470744156,231.1582382487055,227.19394300180855,230.4176483154297,164390900
2017-12-04,232.029493622884,232.45641032524014,230.08653870314865,230.1388397216797,94040600
2017-12-05,229.31118774414062,231.01888167006166,229.18050163054153,229.31118774414062,77994500
2017-12-06,229.40699551025148,229.78166445579606,228.8929457817571,229.35472106933594,75898600
2017-12-07,230.07786560058594,230.39151220579578,229.09331944106495,230.07786560058594,77218600
2017-12-08,231.0275523480179,231.34119895197028,230.04300619244404,231.33250427246094,76563900
2017-12-11,232.0294647216797,232.09046041134206,231.30631748029006,232.0294647216797,83077500
2017-12-12,232.81366820273482,232.90952239559513,232.06438355507768,232.43902587890625,85195800
2017-12-13,232.6829962995612,233.1186343554788,232.32576990300038,232.41290283203125,102905400
2017-12-14,232.70906813284395,232.82233824983382,231.41087559953095,231.46315002441406,100666700
2017-12-15,232.46238447340687,233.85479103966375,232.40984284638893,233.39065551757812,144610300
2017-12-18,234.7830577012194,235.2209224016226,234.6779744491451,234.87063598632812,83653600
2017-12-19,235.11586193549044,235.15963771971707,233.8985851223314,233.96865844726562,82382900
2017-12-20,234.93193480685355,234.98447643693277,233.54829400619622,233.84603881835938,76751500
2017-12-21,234.4678024189318,235.0370479610358,234.08247930972732,234.3276824951172,67032300
2017-12-22,234.34524617275827,234.38028283977948,233.73222476304568,234.2664337158203,78720900
2017-12-26,233.86357582548726,234.20512319293601,233.7234826095118,233.98619079589844,45244400
2017-12-27,234.15257825763103,234.4590889541957,233.82856259060253,234.10003662109375,57751000
2017-12-28,234.59922725362227,234.62549807394694,234.2139040720954,234.58169555664062,45116100
2017-12-29,235.15963882046495,235.17714378920894,233.5045239818633,233.69715881347656,96007400
2018-01-02,234.5554051831879,235.40486393640256,234.17008203378253,235.3698272705078,86655700
2018-01-03,235.5361757988972,237.007421526102,235.5361757988972,236.85853576660156,90070400
2018-01-04,237.49786222367834,238.33855510004886,236.9198775195659,237.8568878173828,80636400
2018-01-05,238.6451298159419,239.5646353907048,238.15472327938147,239.44204711914062,83524000
2018-01-08,239.34568904187134,240.0375230077794,239.056709991639,239.87989807128906,57319200
2018-01-09,240.30019081716375,241.04456630336588,240.0199509382166,240.4228057861328,57254000
2018-01-10,239.6696542810785,240.317712314285,239.00411800325506,240.0549774169922,69574300
2018-01-11,240.60669703743412,241.8064422607422,240.44030628272688,241.8064422607422,62361500
2018-01-12,242.0692786421506,243.54923763445964,241.7715069482649,243.38287353515625,90816100
2018-01-16,244.6350523488423,245.28308365640876,241.85897794792402,242.55081176757812,106555100
2018-01-17,243.479030283521,245.24799395072085,242.55075930987627,244.8626708984375,113258800
2018-01-18,244.74888617541,245.16921922426718,243.9607082585169,244.45114135742188,100728000
2018-01-19,245.02911505714175,245.56332397460938,244.45115707779536,245.56332397460938,140920100
2018-01-22,245.35321400233343,247.56004333496094,245.30064563058318,247.56004333496094,91322400
2018-01-23,247.60375143882754,248.37439767846362,247.27973579833136,248.08541870117188,97084700
2018-01-24,248.72476080415896,249.3202773616272,246.81567631077,247.98915100097656,134816100
2018-01-25,248.84727266033102,248.94359006748257,247.3059803447801,248.09413146972656,84587300
2018-01-26,248.92609958806912,251.01033998377386,248.6721305610344,250.96653747558594,107743100
2018-01-29,250.39735056563376,250.83521535243415,249.14506368941963,249.3026885986328,90118300
2018-01-30,247.48118459117052,249.35523199482623,246.27267349504925,246.74557495117188,131796400
2018-01-31,247.59508049350308,248.0942261371767,245.79981848066515,246.8682098388672,108364800
2018-02-01,246.14131723392478,247.88401053028454,245.7997698727501,246.58792114257812,90102500
2018-02-02,245.27431660496606,245.40569741543945,241.1846746392417,241.21971130371094,173174800
2018-02-05,239.468264594396,241.5700102435903,230.58835381573178,231.1313018798828,294681800
2018-02-06,227.6371032391523,236.18423076768082,226.55120733107026,235.68505859375,355026800
2018-02-07,235.133368376804,238.51367138461782,234.32768548587262,234.40652465820312,167376100
2018-02-08,234.70430506757302,234.8444250144231,225.57919062692255,225.61422729492188,246449500
2018-02-09,228.39022881983215,230.85102642500632,221.48948987210917,229.0032501220703,283565300
2018-02-12,231.04371344712894,233.8285537034904,229.14339530591576,232.36607360839844,143736000
2018-02-13,231.16633135432912,233.48700932655623,230.58834664188186,232.94406127929688,81223600
2018-02-14,231.46407028619402,236.44697345743825,231.45530443883456,236.08792114257812,120735700
2018-02-15,237.82183018275933,239.10915341894105,235.36977192448305,239.1003875732422,111200300
2018-02-16,238.47869455702082,241.10588339525876,238.4348920412954,239.17050170898438,160420100
2018-02-20,238.22473335946697,239.66094279990673,236.88486807668974,237.6730194091797,86369700
2018-02-21,238.1108735420492,240.58043743479553,236.39445100442575,236.4907684326172,98883700
2018-02-22,237.41024722618403,239.1179035321851,236.13168977692354,236.79722595214844,110511300
2018-02-23,238.01452487737137,240.57164001464844,237.54162347110773,240.57164001464844,92766400
2018-02-26,241.63998550578174,243.46151746237553,241.05326182587535,243.36517333984375,86491400
2018-02-27,243.54917115335203,244.25853678908504,240.2651848172608,240.3264923095703,99099200
2018-02-28,241.4211883674292,241.86781912398538,237.57674838649572,237.89199829101562,121907800
2018-03-01,237.6817338186659,239.22302620651877,232.94403427544523,234.4327850341797,176855100
2018-03-02,232.76891959437472,236.2017914238493,231.91072168086615,235.6413116455078,139083200
2018-03-05,234.4590761754729,238.97784374741312,234.3539661829814,238.3648223876953,97307400
2018-03-06,239.33689242334253,239.41573160660244,237.480349920733,238.96910095214844,79213200
2018-03-07,236.8147762535979,239.2317714301234,236.622114700202,238.88148498535156,87063500
2018-03-08,239.55580829717485,240.16006382616135,238.5662563523812,240.0374755859375,66901200
2018-03-09,241.43867367277355,244.2147216796875,241.1233971036844,244.2147216796875,113625300
2018-03-12,244.50368898314173,245.12544944991558,243.52284948642702,243.90817260742188,71924800
2018-03-13,245.06410425032487,245.56327640639196,241.72757748105877,242.3318328857422,91968900
2018-03-14,243.28636124898577,243.47025692390136,240.53658506997976,241.08827209472656,105895100
2018-03-15,241.59623821156944,242.23550358816982,240.32641985438764,240.82559204101562,83433000
2018-03-16,241.35053707930095,242.13307082578123,241.03402466421792,241.08677673339844,100343700
2018-03-19,240.33943026198475,241.2626183443314,236.18062974907556,237.82479858398438,109208400
2018-03-20,238.22044709160454,238.86229968619318,237.55221846338517,238.229248046875,59757300
2018-03-21,238.18519969029995,240.26898622765975,237.56094919079345,237.77195739746094,78709600
2018-03-22,235.55637094248118,236.40043088874282,231.55582678099475,231.8284149169922,148785900
2018-03-23,232.26802203099732,232.59333538854,226.69363651223378,226.88706970214844,183534800
2018-03-26,230.47435853685462,233.3758293932869,228.08283324450488,233.09446716308594,141956100
2018-03-27,234.02652213816415,234.55404286800356,227.58169995606218,229.12916564941406,129941400
2018-03-28,229.26104300814097,230.92281378321843,227.35308695144278,228.45213317871094,146452300
2018-03-29,229.586320324593,233.22637373681107,228.46089823798928,231.3711700439453,111601600
2018-04-02,230.84364808375824,231.35362053546535,223.91527011290827,226.37713623046875,186286300
2018-04-03,227.60805024012828,229.75339040602205,225.82320042029326,229.27859497070312,119956900
2018-04-04,225.7441028073949,232.43508358856684,225.61222262204552,231.73170471191406,123715300
2018-04-05,233.4813309123388,234.4397226752616,232.39988677736926,233.56048583984375,82652600
2018-04-06,231.6085949630932,233.0944806318079,226.84311918035417,228.35540771484375,179521200
2018-04-09,229.80614832654538,232.85710149682288,228.5488459770193,229.4808349609375,105442900
2018-04-10,232.35586034865273,233.91212639517772,231.22166438681458,233.1295928955078,103529000
2018-04-11,231.65254552602107,233.56050139208276,231.58221838066342,231.90753173828125,91140200
2018-04-12,233.22635607287972,234.7562194786914,233.05049798459416,233.8154296875,68890500
2018-04-13,235.11667631518807,235.230981373088,232.12727706502608,233.1295928955078,85079200
2018-04-16,234.75623511036522,235.81133004597996,233.93855129296216,235.04637145996094,63405300
2018-04-17,236.8049078422157,238.1589404406564,236.2949621486706,237.56106567382812,64682000
2018-04-18,238.00068360476854,238.53700533572052,237.27970277073413,237.73692321777344,57303900
2018-04-19,237.08623160267544,237.28846575513265,235.38931077612648,236.41802978515625,77655900
2018-04-20,236.34763116423247,236.5674403540978,233.53406280108553,234.41329956054688,99953100
2018-04-23,234.9849258933624,235.53884958299324,233.3055797413121,234.3782501220703,65558000
2018-04-24,235.3981317325626,235.61794098262143,229.7270423481719,231.2217559814453,112885500
2018-04-25,231.16020694260604,232.23287717469967,229.34898083742598,231.7932586669922,103840900
2018-04-26,232.81309076419723,234.976005509574,232.3734724189969,234.14952087402344,67731900
2018-04-27,234.75626643027448,235.0552037744062,233.43741100089093,234.36940002441406,57053600
2018-04-30,234.984887819717,235.53881141959786,232.49663209837655,232.56698608398438,82182300
2018-05-01,232.0042879986225,233.08575928521876,230.45682212489513,232.98025512695312,74203400
2018-05-02,232.78676854028026,233.59565145638658,231.02829475304668,231.4151611328125,86368900
2018-05-03,230.58869996761013,231.55583918408507,227.76632993031865,230.90521240234375,136311500
2018-05-04,229.93802620459337,234.57162187598172,229.61271284222937,233.89459228515625,91222100
2018-05-07,234.65956756772937,235.6530828038007,233.97373697292065,234.68594360351562,55304900
2018-05-08,234.316652270325,235.04640714853366,233.1296769955772,234.68594360351562,67499200
2018-05-09,235.35411294187196,237.27964378482142,234.83536642161414,236.95433044433594,59666100
2018-05-10,237.6928260431345,239.49527722414666,237.58732194125523,239.16993713378906,72063900
2018-05-11,239.29311991959236,240.16355587155402,238.78314748731788,239.89979553222656,59871500
2018-05-14,240.3305962473945,240.9812229270874,239.46893447879592,240.0140838623047,54790600
2018-05-15,238.79194725689806,238.80952233537226,237.42033983484427,238.3611297607422,87036100
2018-05-16,238.3962491676075,239.8206083132249,238.3698463080022,239.36338806152344,53942600
2018-05-17,239.0997476202667,240.23397103259921,238.38756769052455,239.1613006591797,56536400
2018-05-18,238.81827962528072,239.17876990944694,238.21160412658338,238.56329345703125,64368000
2018-05-21,240.0404974530814,240.8933584003689,239.6536310337644,240.3570098876953,58025900
2018-05-22,240.87568036338124,241.130666521025,239.3633921563981,239.68870544433594,52966400
2018-05-23,238.42268614855146,240.37459317397244,238.2644031113261,240.3481903076172,64694200
2018-05-24,239.95253445059927,240.22509573036155,238.0797556474602,239.85580444335938,76043800
2018-05-25,239.28427124023438,239.9085218069266,238.78309986328713,239.28427124023438,56374800
2018-05-29,237.66652597850245,238.42268367060086,235.42448260046902,236.5323028564453,115908600
2018-05-30,237.8335288748852,240.12832379715456,237.76320174459116,239.68870544433594,69678400
2018-05-31,239.2842975163006,239.58323481813724,237.62255386312358,238.22042846679688,93519900
2018-06-01,239.51289492596226,240.85812612869415,239.4425409574061,240.55918884277344,71258400
2018-06-04,241.3768808866275,241.95718040231645,241.13949660700942,241.7021942138672,45385200
2018-06-05,241.83415009808652,242.25619355952372,241.06921812538312,241.8781280517578,51135000
2018-06-06,242.48483163153747,244.0058947944271,241.8693548669601,243.900390625,62732200
2018-06-07,244.3839043069838,244.67404067452273,242.96831896135797,243.87393188476562,72969400
2018-06-08,243.41670509865648,244.64763121000732,243.24964796581133,244.59487915039062,72139700
2018-06-11,244.81475342108018,245.63243739467774,244.70044831746642,244.92025756835938,58892500
2018-06-12,245.33351960490913,245.59727999414864,244.59496368285235,245.23681640625,72329000
2018-06-13,245.47417225734918,245.72915849213456,244.2520199873287,244.45425415039062,79070600
2018-06-14,245.31587212434545,245.59720751244333,244.4805864179566,245.06968688964844,77097600
2018-06-15,244.28891692622713,245.09261831491185,243.18493594495592,244.7570037841797,120041600
2018-06-18,243.308571612015,244.37724462454685,242.83167122654868,244.2535858154297,52917600
2018-06-19,241.99274235498666,243.5383164393707,241.57764423707374,243.31752014160156,97531500
2018-06-20,243.99750391616027,244.3949479369149,243.39694460038282,243.73255920410156,53785500
2018-06-21,243.7237148345327,243.74139578349843,241.7100541970671,242.2046356201172,71061400
2018-06-22,243.45888946930933,243.5737078832056,242.42555069692236,242.64634704589844,54898500
2018-06-25,241.4981286426786,241.65709548726045,237.6651086581895,239.34315490722656,137854200
2018-06-26,239.90836656004487,240.72088159957022,239.15765398139763,239.87303161621094,68547400
2018-06-27,240.45596646380378,241.8778814341139,237.73574146013553,237.88589477539062,105110700
2018-06-28,237.83290077950338,240.0055283746205,237.1263365942884,239.24600219726562,76650500
2018-06-29,240.33231104908108,241.69242357031283,239.4756204740588,239.59043884277344,97592500
2018-07-02,238.02716769142265,240.2616243790332,237.7886905220563,240.10263061523438,63554800
2018-07-03,240.99466664352408,241.09183100084982,238.83087974464235,239.25479125976562,42187100
2018-07-05,240.3764958576425,241.26849446350255,239.3078225014754,241.2066650390625,56925900
2018-07-06,241.2331351716857,243.6177182167267,240.85334518278881,243.24679565429688,66493700
2018-07-09,244.24481332940113,245.49010747674166,244.2006648582338,245.43711853027344,50550400
2018-07-10,245.8875299733104,246.41744634420857,245.5960638406166,246.32028198242188,51966800
2018-07-11,244.77473167559435,245.56077930884817,244.21832078062482,244.5186004638672,77054700
2018-07-12,245.77268329342385,246.788340498217,245.17212405352254,246.7353515625,60124700
2018-07-13,246.55876489862447,247.2299671615263,246.10833193000164,246.9296875,48216000
2018-07-16,246.97394086777305,247.1152267920624,246.26737648294943,246.70896911621094,48201000
2018-07-17,245.94056940012754,248.09554331884976,245.88758044742715,247.70693969726562,52315500
2018-07-18,247.78641951710858,248.3339899888181,247.3448269492562,248.22801208496094,44593500
2018-07-19,247.56553318314255,247.94529618471861,246.81482070032507,247.291748046875,61412100
2018-07-20,247.08865394668402,247.7157346929596,246.8502037033117,247.00917053222656,82337700
2018-07-23,246.80602564624027,247.6715295794587,246.46157060555356,247.46841430664062,47047600
2018-07-24,248.87269311489285,249.55273581935538,247.84819534471634,248.7136993408203,68026900
2018-07-25,248.46640268548683,251.15129239985026,248.42225422037487,250.83335876464844,78882900
2018-07-26,250.11802154849315,250.9216962404491,250.0208571758155,250.2416534423828,57919500
2018-07-27,250.5683723876494,250.66553673891525,247.62737862424348,248.5458984375,76768700
2018-07-30,248.6254319263729,248.7843987666531,246.72656250768478,247.24766540527344,63742500
2018-07-31,248.0071689244722,249.075815189939,247.62740585654043,248.46641540527344,68570500
2018-08-01,248.66952496798916,249.17294680266315,247.40657709727742,248.05128479003906,53853300
2018-08-02,246.7530785758447,249.57041402631015,246.5499363158962,249.4026336669922,63426400
2018-08-03,249.52622289304165,250.52422611916688,249.34957513610027,250.4712371826172,53935400
2018-08-06,250.5065095550821,251.69878728231652,250.11790614900409,251.3896942138672,39400900
2018-08-07,252.05211409955874,252.59968434377706,251.91961482211352,252.2198944091797,43196600
2018-08-08,252.0521959432252,252.511442469155,251.65475188715615,252.11399841308594,42114600
2018-08-09,252.17580404927884,252.56440759328345,251.6370741534844,251.76954650878906,35717000
2018-08-10,250.3388185946928,250.87754854951353,249.37612315111235,250.0826873779297,77076000
2018-08-13,250.35650479793023,250.965904730158,248.8550792063919,249.14654541015625,65732900
2018-08-14,249.8707324513381,250.97471379143497,249.48212886341045,250.73623657226562,43842000
2018-08-15,249.39386920700025,249.53518208925374,247.43319676383211,248.86395263671875,102925400
2018-08-16,250.29465806200673,251.7430945986613,250.2593231103961,250.8775634765625,69967900
2018-08-17,250.67435404087598,252.202273594827,250.26809654053721,251.76068115234375,65618500
2018-08-20,252.21109934390057,252.56436788672985,251.76066645401252,252.29942321777344,39807500
2018-08-21,252.81172141353707,253.747895413475,252.33479393818433,252.89120483398438,67272000
2018-08-22,252.48486618458625,253.26207309407184,252.21989458217422,252.74099731445312,44993300
2018-08-23,252.5644691844677,253.42115989457508,252.08754163639944,252.40550231933594,49204900
2018-08-24,252.97956120901512,254.0658886666027,252.92657225524715,253.92457580566406,57487400
2018-08-27,255.11685536711917,256.035375491021,254.95788850509936,255.9293975830078,57072400
2018-08-28,256.38862725312487,256.4946321068167,255.59376604279515,256.05303955078125,46943500
2018-08-29,256.26494502760124,257.66036537146607,256.02649479713034,257.4307556152344,61485500
2018-08-30,256.9538622126653,257.32478484249407,255.79689194613198,256.38861083984375,61229500
2018-08-31,255.9823323995439,256.8390229116999,255.49659143965482,256.3974304199219,66140800
2018-09-04,255.9822897550722,256.30906383212346,254.95779211049984,255.95579528808594,57594400
2018-09-05,255.60259767562948,255.80573994733908,254.26016605468752,255.26698303222656,72452400
2018-09-06,255.37297135050923,255.67325105615745,253.47412873830004,254.49862670898438,65909900
2018-09-07,253.4564578962428,254.97553727559858,253.2179806806409,254.0040283203125,73524800
2018-09-10,255.01084209101677,255.27581377697265,254.25131588714777,254.44561767578125,50210900
2018-09-11,253.80086264021804,255.7261994222889,253.45643451442245,255.28460693359375,50530500
2018-09-12,255.2934618602343,255.9470101556468,254.56043014667713,255.34645080566406,59810800
2018-09-13,256.40631388139195,257.0422082542672,256.1236881706315,256.8567199707031,51034200
2018-09-14,257.0598152146336,257.24527651158894,256.1236413026373,256.9008483886719,55079900
2018-09-17,256.84781844031767,256.88312642756125,255.26691004965062,255.5406951904297,68244000
2018-09-18,255.7526865667134,257.5190564708911,255.72619209625736,256.9273376464844,61930400
2018-09-19,256.9804060862509,257.6163005265803,256.8567472174241,257.2012023925781,49080600
2018-09-20,258.4553226749146,259.60345262190367,257.2188418671755,259.2854919433594,100360600
2018-09-21,260.0244601740495,260.1397982950898,258.8888670259763,259.0485534667969,105479700
2018-09-24,258.4718627895413,258.61381530247604,257.61129429371255,258.1879577636719,53409600
2018-09-25,258.6403350659061,258.74679264298425,257.70880419180844,257.9483337402344,44370000
2018-09-26,258.09031072818783,259.2702517524884,256.7595367389168,257.176513671875,79739700
2018-09-27,257.64679250455623,258.9775668714285,257.3717679680432,257.89520263671875,59249500
2018-09-28,257.2741911414216,258.4186647996057,257.2387233149633,257.9218444824219,70091400
2018-10-01,259.15503895977173,259.8825355901914,258.1525448125983,258.81793212890625,62078900
2018-10-02,258.6670227050781,259.37675813634576,258.29442107979753,258.6670227050781,47258200
2018-10-03,259.713968516545,260.1309456508911,258.45418369340865,258.8090515136719,64694600
2018-10-04,258.32997537119405,258.3832041926231,255.2071005237411,256.7862854003906,111545900
2018-10-05,257.0080728548497,257.52262713688714,253.92954643343037,255.3490447998047,105951700
2018-10-08,254.66589648913015,255.70391262272844,253.29077352229592,255.3490447998047,87742200
2018-10-09,254.96744968434115,256.2715822643995,254.41737366646527,254.97630310058594,74339000
2018-10-10,254.4706692273449,254.5416590239331,246.5303982072024,246.9029998779297,214731000
2018-10-11,245.82064414383953,247.4353236388137,239.85877353327564,241.464599609375,274840500
2018-10-12,245.54566110620283,245.82956620105847,241.64206081331795,244.8181915283203,183186500
2018-10-15,244.46326345220731,245.78518452559038,243.35428470841273,243.44300842285156,102263700
2018-10-16,245.39479853263305,249.1387114990498,244.92459267291434,248.76608276367188,118255800
2018-10-17,248.80166637883013,249.43155888917224,246.24657435278212,248.810546875,110626000
2018-10-18,247.87889487020155,248.47331932132207,243.9486811524354,245.21734619140625,134557500
2018-10-19,245.8650914144799,247.79026385042394,244.39236401238762,245.08436584472656,139901600
2018-10-22,245.7496773022289,246.06905016858272,243.45187670926651,243.98419189453125,82415800
2018-10-23,240.38222841148024,243.85997037429763,238.30619650626488,242.7421112060547,146352700
2018-10-24,242.4936915369687,242.87520076291182,234.8373258087181,235.3873748779297,177806700
2018-10-25,237.2150494501252,241.14526454646239,236.19479418032128,239.6104278564453,138061500
2018-10-26,235.91973258608328,240.42661064396773,232.6992537277967,235.39627075195312,201574600
2018-10-29,238.47474176561738,239.76116774155568,230.53447141916476,234.09205627441406,160749100
2018-10-30,233.92357565427733,237.8715241329853,233.43560871330504,237.56100463867188,157116000
2018-10-31,240.11612258861433,242.40507035804447,239.64591658554255,240.098388671875,128296300
2018-11-01,240.95884376315757,242.84854737964707,239.87647970968172,242.6533660888672,99495000
2018-11-02,243.75357845494347,244.17943612779212,239.17571000187786,241.21624755859375,122634100
2018-11-05,241.7041775138362,243.09706154551438,240.73715113745226,242.54701232910156,65622500
2018-11-06,242.48480787409594,244.24141247929697,242.42269858056432,244.08172607421875,60085900
2018-11-07,246.2465046558192,249.38713997180966,245.82064708045033,249.3072967529297,102752100
2018-11-08,248.50882875761963,249.49361601251272,247.71924992952057,248.85484313964844,65584900
2018-11-09,247.5507241335671,247.73702502233843,245.02224663008394,246.42401123046875,98812600
2018-11-12,245.91820778236334,246.1577373966291,241.3048462933614,241.81942749023438,99673600
2018-11-13,242.28072521716754,244.2680058416554,240.6483122649571,241.36692810058594,98176600
2018-11-14,243.23011049870425,243.62932663010966,238.1643028170083,239.7168731689453,125335900
2018-11-15,238.45707181369804,242.68007202082123,236.88676747833273,242.21871948242188,135101400
2018-11-16,241.12749548140937,243.75354980191392,240.61291413620395,242.8486328125,126668000
2018-11-19,242.2453700864228,242.53815571410303,237.82721492946231,238.7410125732422,103061700
2018-11-20,235.42282142769082,236.87781425641884,233.46215496550255,234.32272338867188,136021300
2018-11-21,235.86640032839483,237.0108736927533,235.11231662694203,235.1211700439453,75563700
2018-11-23,233.48880927282028,234.94380235022106,233.3912321412432,233.55091857910156,42807900
2018-11-26,235.79544039513638,237.54319157110197,235.40507780230456,237.32139587402344,79981400
2018-11-27,236.29224824681614,238.11984252929688,235.68897048019832,238.11984252929688,75502400
2018-11-28,239.1845527032355,243.6027069091797,238.05781291603475,243.6027069091797,127629600
2018-11-29,242.83078634391387,244.4631993779599,241.6951934908962,243.07034301757812,82346400
2018-11-30,242.91963386332358,245.11097748673077,242.6002609018633,244.5520477294922,98204200
2018-12-03,248.65967132888062,248.76612896599661,246.20218395652398,247.79022216796875,103176300
2018-12-04,246.96516855676538,247.39102621465597,239.45072621082807,239.76124572753906,177986000
2018-12-06,235.91973372608498,239.51281432725884,232.83232689770992,239.39747619628906,204185400
2018-12-07,239.06033286080262,240.62178366519305,233.00088464890422,233.8348388671875,161018900
2018-12-10,233.65741861541554,235.24548401261418,229.44329871185786,234.27845764160156,151445900
2018-12-11,237.46338922000294,237.64969005669067,232.86778808387422,234.33163452148438,121504400
2018-12-12,237.29485858637878,238.65224761061933,235.43176871054226,235.51161193847656,97976700
2018-12-13,236.45204844224932,237.31261719912018,234.3228142517004,235.43179321289062,96662700
2018-12-14,233.293641283114,234.2429336202688,230.53451506399446,231.08456420898438,116961100
2018-12-17,230.13531584334234,231.24429483938263,224.9275548098864,226.5511016845703,165492300
2018-12-18,228.18349538620993,228.84888268565493,224.70572585491885,226.3026580810547,134515100
2018-12-19,226.38244716708684,230.1352268479982,221.21904999767247,222.91355895996094,214992800
2018-12-20,221.6715124901372,223.23294946825146,217.0492837799574,219.2849884033203,252053400
2018-12-21,220.18186223190455,222.8321839675242,214.14947386453696,214.79197692871094,255345600
2018-12-24,213.31065410867478,214.91691180258488,209.05408824030314,209.11654663085938,147311600
2018-12-26,210.57110150476595,219.68212890625,208.5989713794765,219.68212890625,218485400
2018-12-27,216.46072697864727,221.56503617697558,213.23929261778002,221.3687286376953,186267300
2018-12-28,222.7161880021992,224.34028325034785,219.92308458520284,221.08316040039062,153100200
2018-12-31,222.69835596174136,223.2605496346968,220.83331848390992,223.0196075439453,144299400
2019-01-02,219.5036463731044,224.1707189074987,219.47687654809107,223.25157165527344,126925200
2019-01-03,221.5114719055297,221.81488595919683,217.4422949789893,217.92417907714844,144140700
2019-01-04,220.94034498117475,225.866196858448,220.56555382761132,225.22369384765625,142628800
2019-01-07,225.49141469210105,228.40051582840488,224.59905087670086,226.99951171875,103139100
2019-01-08,229.1768824554094,229.6141320120839,226.66040995079652,229.1322479248047,102512600
2019-01-09,229.83722205027829,231.04191864728134,228.61468798077402,230.20309448242188,95006600
2019-01-10,228.6771933158935,231.26504331046658,227.99898800303666,231.0151824951172,96823900
2019-01-11,229.94429610309322,231.1311552005087,229.36426508304245,231.10438537597656,73858100
2019-01-14,229.21249775198987,230.49750349514574,228.81095047773832,229.6943817138672,70908200
2019-01-15,230.06924024283958,232.63925233057913,230.0603078903963,232.32691955566406,85208300
2019-01-16,232.75525327364485,233.77256114426123,232.55002701513308,232.88912963867188,77636700
2019-01-17,232.0235184925681,235.5126641905326,231.9788839632567,234.65597534179688,96118400
2019-01-18,236.4585701004151,238.24329770473705,234.69167996833485,237.7792510986328,127900300
2019-01-22,236.31576390264777,236.52992247827257,232.96046764303685,234.56671142578125,115531200
2019-01-23,235.59297988875502,236.28902257625495,232.60355565717606,235.05755615234375,86030300
2019-01-24,234.8790489415957,235.76250754955237,233.87067357291346,235.1824493408203,59204100
2019-01-25,237.02074100226002,237.99344153026766,235.28064789407634,237.17245483398438,96883400
2019-01-28,235.0397485264834,235.43236360140682,233.611960792339,235.3699188232422,85613700
2019-01-29,235.5126704132107,236.07483674202095,234.22766433893665,235.05755615234375,66136300
2019-01-30,236.56565691157263,239.61752596151732,235.80714220909275,238.77870178222656,92473700
2019-01-31,238.7162425916595,241.3576317452046,238.50205676698522,240.87574768066406,104012100
2019-02-01,241.0720544623004,242.0090527116639,240.20646056117508,240.9917449951172,85782500
2019-02-04,241.036377352639,242.74972786238473,240.36710449040405,242.687255859375,60744800
2019-02-05,243.11561117191027,244.00797502814757,242.6158895910401,243.70457458496094,79552800
2019-02-06,243.42798109690716,243.91877039958163,242.65162878081327,243.3833465576172,58347800
2019-02-07,241.77705153770148,242.32138038708896,239.41229290069123,241.06317138671875,95482000
2019-02-08,239.8227232038639,241.45573664828157,239.00173668991644,241.3575897216797,75788900
2019-02-11,242.00910242961137,242.26786835499118,240.96502467617663,241.49151611328125,68021400
2019-02-12,243.09777434034584,244.97171665716425,243.0263699812995,244.59693908691406,72270200
2019-02-13,245.42675441448483,246.22987619024522,245.00734244240908,245.39105224609375,65277200
2019-02-14,244.31133231572446,245.9711429561813,243.49927808205726,244.8467559814453,83234400
2019-02-15,246.61365742159327,247.55065579201292,246.4084311676484,247.51495361328125,97088700
2019-02-19,246.72065795167128,248.59459942178563,246.71172560263045,247.9431915283203,59120800
2019-02-20,247.9076303748776,248.89816853482677,247.40790873423575,248.44305419921875,76610800
2019-02-21,247.8094616284365,248.1664017356935,246.60476493775758,247.55960083007812,64214700
2019-02-22,248.17529101841103,249.29074580289446,247.54172032600366,249.09445190429688,78114600
2019-02-25,250.5132053034375,251.03076413065634,249.3531164594125,249.4334259033203,69030700
2019-02-26,249.0855146154646,250.12956502269301,248.8802611353853,249.25506591796875,56844100
2019-02-27,248.5411212221916,249.4959568913264,247.6130826068024,249.14794921875,56921600
2019-02-28,248.93385130668665,249.37112818057676,248.36275251349056,248.68399047851562,69268300
2019-03-01,250.25442499082058,250.6470671139488,248.80880046147263,250.23658752441406,78880500
2019-03-04,251.2896732145433,251.53060165753556,247.04201244545143,249.3264617919922,106494600
2019-03-05,249.45135123100573,249.6476723303093,248.44297591334555,248.9873046875,59114600
2019-03-06,249.10335674714386,249.1122890999003,247.15801014103693,247.479248046875,75039800
2019-03-07,247.03298596975804,247.17576740361352,244.5700811258798,245.40890502929688,94885100
2019-03-08,243.5617990820547,245.08773368851894,243.09777966921686,244.91818237304688,85795800
2019-03-11,245.63209223186442,248.63042182022505,245.6053224045678,248.4698028564453,65098900
2019-03-12,249.02307410669908,249.92437038317783,248.83568530809956,249.4067840576172,79667500
2019-03-13,250.29016700067777,251.98565249349073,250.12952084635302,251.05758666992188,80639200
2019-03-14,251.08439194209166,251.50380400720235,250.45975363695277,250.89700317382812,67518400
2019-03-15,251.44647499765688,252.94327154458463,251.25823345246562,252.13661193847656,81309000
2019-03-18,252.35162707510253,253.34652788420078,252.12755351976938,253.0507354736328,62199800
2019-03-19,254.1083957302534,254.87022397304105,252.22617230389451,253.11349487304688,90268100
2019-03-20,252.89848426886337,254.0995157346277,251.24930550903446,252.3517303466797,84609200
2019-03-21,251.53609370694923,255.60525091513992,251.4912625717152,255.20193481445312,79550400
2019-03-22,253.84848123456993,254.36831991076338,250.2274444826354,250.29019165039062,122659300
2019-03-25,249.9495619188549,251.13267684048535,248.84713754651028,250.10194396972656,85575200
2019-03-26,251.8498164343296,252.91640921998217,250.56812169282816,251.96633911132812,68125900
2019-03-27,251.9572942642795,252.53990748012842,249.10708476578716,250.64871215820312,72224700
2019-03-28,251.27607159903317,252.04687144233174,250.128816175773,251.59872436523438,56238500
2019-03-29,253.10457848881558,253.50789454083147,251.98421053421598,253.18524169921875,82186800
2019-04-01,255.1749851271893,256.4835670796357,254.90608043927517,256.1877746582031,77617900
2019-04-02,256.3760406254756,256.54633873826305,255.5245500615383,256.31329345703125,40070400
2019-04-03,257.52333435925203,257.9177061153034,256.1161454730113,256.7166748046875,68243200
2019-04-04,257.03934532302384,257.6488190413837,256.3492083789462,257.3978576660156,48997500
2019-04-05,258.06109087920464,258.6974522325927,257.77427011188774,258.6436767578125,58621700
2019-04-08,258.2223751008699,258.94837124448276,257.56807046100243,258.8408203125,53566300
2019-04-09,257.8818272500247,258.20448010644867,256.9676168040888,257.51434326171875,66142300
2019-04-10,257.9266401002401,258.4823656270723,257.51435231828697,258.3927307128906,52601500
2019-04-11,258.8767125839089,258.88568428123676,257.756344527357,258.3210144042969,55093100
2019-04-12,259.92534573388645,260.3466051469437,258.3658024123571,260.0687561035156,69727800
2019-04-15,260.1404576397442,260.23906423948523,259.1007529344028,259.8984680175781,49596700
2019-04-16,260.7768362558313,260.8306117253508,259.4771985860694,260.0687561035156,52153200
2019-04-17,261.1801610882623,261.20704882392914,259.02008848058534,259.4324035644531,58268300
2019-04-18,260.0151087891068,260.2122947254437,258.7244421790371,259.9433898925781,68708500
2019-04-22,259.18148687000274,260.3197710128511,259.091851951437,260.1673889160156,40160100
2019-04-23,260.5348552038877,262.73975916905067,260.30183725475945,262.5067138671875,52246600
2019-04-24,262.4260254214715,262.7576499482489,261.7806924075933,261.9241027832031,50392900
2019-04-25,261.825595092061,262.41715285764775,260.5797597219598,261.7628479003906,57770900
2019-04-26,261.8075462172482,263.05338095527367,261.0367189673241,262.981689453125,50916400
2019-04-29,263.07132913895236,263.91384790637727,262.98169424508666,263.39398193359375,57197700
2019-04-30,263.0534379566247,263.81529367659437,261.64627651929874,263.5284729003906,81111700
2019-05-01,264.1559192830297,264.3620768674727,261.53872727662645,261.5476989746094,71671900
2019-05-02,261.4311183473855,262.3453560513314,259.4951193512274,260.98297119140625,65030200
2019-05-03,262.4529060957811,263.8152635983207,261.09052124050993,263.53741455078125,56543700
2019-05-06,259.2531943561762,262.892147981565,258.93948579824854,262.4529724121094,107198100
2019-05-07,260.0597817341801,260.65133924554493,256.1698678134456,258.07000732421875,144729900
2019-05-08,257.7114562988281,259.414409716213,257.11989887648303,257.7114562988281,91568300
2019-05-09,255.6500378691589,257.53223405255756,253.92016904937915,256.9317321777344,103471100
2019-05-10,255.99956198160442,258.9752654873306,253.0238584758782,258.2223815917969,112429300
2019-05-13,253.13144432411787,254.09045842220178,250.89965295179644,251.7332000732422,127290500
2019-05-14,252.74601791221053,255.53350737563352,252.62055093511603,254.00979614257812,77003200
2019-05-15,252.38759827967093,256.13410321943144,252.18144067047933,255.49774169921875,73956400
2019-05-16,256.1968608727668,259.2173694833232,256.1251693355818,257.8639831542969,76749600
2019-05-17,255.56947903005445,258.6706509743465,255.55153563063962,256.1968688964844,100353000
2019-05-20,254.6013716078713,256.30432540724155,253.75885272822012,254.50279235839844,62877600
2019-05-21,256.1878013017382,257.1737305545002,255.93683997855635,256.79730224609375,46847100
2019-05-22,255.8473100078011,256.95870658280177,255.53360142051318,256.0086364746094,49482500
2019-05-23,253.79476478142155,253.8395685672471,251.4733652092416,252.88055419921875,98733800
2019-05-24,254.31445988049083,254.72677482916123,252.8355801982722,253.4540252685547,55268100
2019-05-28,253.73204752892224,254.6821176634975,251.07902304101822,251.09693908691406,70029400
2019-05-29,249.98544567865576,250.3887617006994,248.01358728400507,249.41180419921875,104972900
2019-05-30,250.16477014535002,250.9983449029981,248.9995981182362,250.09307861328125,62523800
2019-05-31,247.5565666663596,248.38114233820747,246.69610420085868,246.72299194335938,86862800
2019-06-03,246.75879961480473,247.8701958753177,244.76902502898528,246.09555053710938,96428000
2019-06-04,248.3811324117829,251.57193870713078,247.93298515285497,251.4375,77231900
2019-06-05,253.05074771727152,253.6423052143005,251.24921484508306,253.61541748046875,71169700
2019-06-06,253.91126241776183,255.93686927504896,253.2659293196054,255.2646484375,69430400
2019-06-07,256.277403586193,258.8945947828686,256.1071054936321,257.81903076171875,74272200
2019-06-10,259.36070955978926,260.6603473979614,258.9125623539002,259.002197265625,60799100
2019-06-11,260.8128281386375,261.1803123073397,258.29424181293876,258.9395751953125,58641300
2019-06-12,258.706403900747,259.26210199894365,257.9714359986725,258.4823303222656,47096300
2019-06-13,259.3875932507878,259.90745931903905,258.68848471461854,259.5489196777344,48945200
2019-06-14,259.2620544433594,259.86255620601156,258.5001989457211,259.2620544433594,52324700
2019-06-17,259.4953091358988,260.12272655423084,259.19057212928806,259.3608703613281,39205700
2019-06-18,261.1712078946069,263.12512289413803,260.81266829422253,262.0764465332031,85434800
2019-06-19,262.210941361261,263.19687076799914,261.2429553500235,262.6680603027344,78674400
2019-06-20,265.33899659915994,265.5809862354007,262.73077666429657,265.1776428222656,116570000
2019-06-21,264.9092951972342,266.1611896327849,264.57605770329127,264.7922058105469,83309500
2019-06-24,264.9994000671468,265.31460693540845,264.31489432532715,264.468017578125,47582700
2019-06-25,264.52200860882357,264.5490271209979,261.76601042395885,261.87408447265625,82028700
2019-06-26,262.76575082413854,263.27011476224845,261.5048409788637,261.6129150390625,51584900
2019-06-27,262.3694009589699,263.0448911665439,261.99114183475797,262.54052734375,40355200
2019-06-28,263.51322339656014,264.3868585052382,262.9998717236081,263.8915100097656,59350900
2019-07-01,267.20598003847806,267.42215565476,265.0894379746776,266.2873229980469,78705600
2019-07-02,266.24229214980755,267.0348719972859,265.40469060063094,266.9808349609375,61504500
2019-07-03,267.6562712698563,269.1333565933882,267.51216337347967,269.1153259277344,40898900
2019-07-05,267.8904251985188,268.971220578247,266.60249706914334,268.80908203125,51677300
2019-07-08,267.5031576476492,268.6289747449363,266.7916335461484,267.33203125,45841800
2019-07-09,266.1791797032662,267.96245628769606,266.1251426846936,267.6652526855469,41101300
2019-07-10,268.7280962470277,269.8899474589201,268.1967137512382,268.9442443847656,58448500
2019-07-11,269.5837223653779,269.8178736807302,268.5749944309455,269.57470703125,50826100
2019-07-12,270.060982268774,270.85356181926977,269.75476334894904,270.781494140625,40326000
2019-07-15,271.21386536805954,271.21386536805954,270.36724865283577,270.8716125488281,33900000
2019-07-16,270.78148900906183,270.988649224032,269.6917058906657,269.9979248046875,36650100
2019-07-17,269.9710288505612,270.133139969381,268.16070556640625,268.16070556640625,36036300
2019-07-18,267.66527620399694,269.5206206333886,267.22396468495583,269.142333984375,51392600
2019-07-19,270.23208798382825,270.25910648981244,267.4760904303873,267.647216796875,58678600
2019-07-22,268.04355124978355,268.84514628615204,267.5301994978204,268.30474853515625,43638100
2019-07-23,269.42166826449073,270.2232360839844,268.59305443689146,270.2232360839844,44564500
2019-07-24,269.466601543074,271.4930725097656,269.37653066962224,271.4930725097656,47213200
2019-07-25,271.04278384762506,271.09682088216147,269.39457183693844,270.1961669921875,55394100
2019-07-26,270.8806220571784,272.20458412713305,270.7545173430064,272.0064392089844,45084100
2019-07-29,271.88933399800305,272.0064233726971,270.961661818355,271.51104736328125,38126500
2019-07-30,270.1150162620722,271.2498485590155,269.7367296678358,270.84454345703125,45849000
2019-07-31,271.0877952542594,271.2769523537297,265.8730292190799,267.8814697265625,104245200
2019-08-01,268.034580410699,270.97970848614085,264.7561873361929,265.54876708984375,142646600
2019-08-02,264.6570385621389,264.90020511418425,262.0000997218517,263.5492248535156,116749700
2019-08-05,259.46927002649414,259.57734405148346,253.7321114852776,255.6234893798828,178745400
2019-08-06,257.5059389600673,259.4243360091834,256.0378688244235,259.2081604003906,120711700
2019-08-07,256.1460169540399,260.1269201140084,254.02048650099553,259.3613586425781,140572300
2019-08-08,260.847336151514,264.449951171875,260.2979505540792,264.449951171875,87713900
2019-08-09,263.51317920236056,264.1076137886944,260.87427114142235,262.6485595703125,93730000
2019-08-12,261.1535457059839,262.63961885110217,258.5056215627096,259.4513244628906,65527600
2019-08-13,259.1540643328322,264.9272573466739,258.8118115588366,263.4862060546875,94299800
2019-08-14,259.4513407699851,260.054763410015,255.56952518050605,255.6956024169922,135622100
2019-08-15,256.57816238818685,257.26266781404627,254.33554406555913,256.3710021972656,99556600
2019-08-16,258.019294138563,260.5861353169893,256.42511942287445,260.1538391113281,83018300
2019-08-19,263.1619782082209,263.96354562152703,262.48648800661573,263.2880554199219,53571800
2019-08-20,262.78378289866305,263.3151654102482,261.1446136624657,261.27069091796875,51596400
2019-08-21,263.4231366687185,263.76536189910667,262.7386312364168,263.3961181640625,49524700
2019-08-22,264.09868577575924,264.7291268538394,261.54982049544003,263.3150939941406,51666400
2019-08-23,262.0181829782447,263.67538246569245,255.30830200906564,256.55120849609375,149161500
2019-08-26,258.73078802640924,259.3882751464844,257.2086810185283,259.3882751464844,72423800
2019-08-27,260.7752713086617,261.14454261165514,257.61396813150543,258.3705139160156,66668900
2019-08-28,257.71302205360644,260.35193037965183,256.911427194521,260.1898193359375,59696700
2019-08-29,262.7386652204971,264.0356085832633,261.7389254473887,263.5132141113281,57899400
2019-08-30,264.9902649102906,265.00826808480707,262.468446189857,263.3961181640625,62901200
2019-09-03,261.703013846112,262.6126556070422,260.5321472688688,261.8561096191406,69101400
2019-09-04,264.0175424629607,264.846128172553,263.26998477273673,264.828125,46887300
2019-09-05,267.3050851284011,269.142399338986,264.7922529907369,268.2327575683594,83258100
2019-09-06,268.5479208659887,269.07930324088835,267.8724306034567,268.4398193359375,49584300
2019-09-09,269.42153725651303,269.51158062995825,267.63823319286826,268.5749206542969,51260300
2019-09-10,267.81838089006624,268.57495421337273,266.5664864936177,268.51190185546875,57947100
2019-09-11,268.8181325505572,270.5023507072399,268.16966073499134,270.4212951660156,68821100
2019-09-12,271.3219373460333,272.41172066807127,270.56539150782567,271.35797119140625,72908700
2019-09-13,271.7993097824489,272.15057796681884,270.8085850793493,271.1778564453125,62104800
2019-09-16,270.0519941888065,271.2228604559255,269.7007535487089,270.3402099609375,58191200
2019-09-17,270.142068731276,271.1147626182504,269.9709423321039,271.02471923828125,41475500
2019-09-18,270.6374155757433,271.29490265718533,268.6109447952342,271.18682861328125,73375800
2019-09-19,271.57418955678503,272.5649144175921,270.83564670729453,271.16888427734375,76560500
2019-09-20,271.7696025331954,272.0501199494442,269.1004209167277,269.8876037597656,89565000
2019-09-23,269.22709988546444,270.5390897940951,268.97375334735597,269.82427978515625,43476800
2019-09-24,270.9100462786687,271.29910921668215,266.74790122291455,267.7070007324219,94869400
2019-09-25,267.788503619275,269.733846452607,266.3136537035332,269.2904968261719,71854000
2019-09-26,269.2994676970623,269.507556991821,267.3269822031937,268.72943115234375,56179700
2019-09-27,269.48039634070557,269.588997076313,265.73448553679964,267.2817077636719,84746600
2019-09-30,267.7975533359256,269.22714598589437,267.7523237227943,268.5213928222656,51662400
2019-10-01,269.39902066453936,270.05048714568625,265.1102157710653,265.3273620605469,88242400
2019-10-02,263.7530936048267,263.762150574466,259.35571394325297,260.6405334472656,122539500
2019-10-03,260.41421121100484,262.8029306373284,257.70882934443205,262.7757873535156,85278800
2019-10-04,263.42731410785495,266.58510316963753,263.37299991509065,266.3317565917969,65091200
2019-10-07,265.5354464421896,267.1550692865488,264.9020663585836,265.18255615234375,59610500
2019-10-08,263.3367631205743,264.06965938553134,261.02947357933596,261.065673828125,95708100
2019-10-09,263.0743680413565,264.47681708385716,262.45004489012706,263.54486083984375,62359400
2019-10-10,263.4634494419576,266.2050317974711,263.3005897248464,265.3273620605469,55296300
2019-10-11,268.06888493024525,270.30377370590077,267.95128245800737,268.07794189453125,98720400
2019-10-14,267.7612744976326,268.43085481933645,267.4355551081807,267.7793884277344,40394800
2019-10-15,268.8199151174833,271.1724341538124,268.7022850237621,270.43048095703125,46754500
2019-10-16,269.9690115035742,270.68382140216397,269.561862279844,269.99615478515625,48928200
2019-10-17,271.1543085338405,271.66100152133464,270.10472231326054,270.7923889160156,45736600
2019-10-18,270.2585831298609,270.9009925949094,268.7565903144165,269.60711669921875,64304000
2019-10-21,270.91909208308124,271.633874396673,270.48477194824056,271.434814453125,39048600
2019-10-22,271.96866155187655,272.25820831993343,270.4576394040979,270.5481262207031,48594700
2019-10-23,270.2947977198641,271.3896137194795,270.08668078906885,271.3353271484375,34352200
2019-10-24,272.26729329320835,272.41206669212943,270.9553033492189,271.7786865234375,35453100
2019-10-25,271.2086350532512,273.43449487557064,271.1543484832142,272.8916015625,45205400
2019-10-28,274.1039986555741,274.92738163756786,274.0768553754071,274.4297180175781,42147000
2019-10-29,274.1582941517787,275.27122390029245,274.03160709840614,274.3482971191406,44284900
2019-10-30,274.5474127172058,275.56079889886877,273.24447973715274,275.1898498535156,49643900
2019-10-31,275.1806537393201,275.1806537393201,273.00910907486184,274.456787109375,69053800
2019-11-01,275.8955169845089,277.0446192410411,275.7326297032093,276.9993896484375,71141500
2019-11-04,278.5467164658584,278.6824329073958,277.74141955822927,278.1123962402344,60606900
2019-11-05,278.31141105889066,278.6100147945176,277.5151712474853,277.8047180175781,42933200
2019-11-06,277.80475948454966,278.13953590688425,276.92708969043014,277.86810302734375,46487100
2019-11-07,279.19819677459884,280.1753828145905,278.37481350503737,278.8453063964844,54272300
2019-11-08,278.5015500198037,279.5873371314188,277.80485365102385,279.5330505371094,49032100
2019-11-11,278.1576150386581,279.171001145757,278.0218710031677,278.99908447265625,35797300
2019-11-12,279.36104647935787,280.48300589473985,278.8181530932133,279.5872497558594,46484600
2019-11-13,278.6009741782715,280.07582378648766,278.37477092824327,279.6777038574219,53917700
2019-11-14,279.397291126742,280.16638791158476,278.7639108068223,280.0849304199219,51219900
2019-11-15,281.4148183406778,282.1567713351296,280.72717950849204,282.1115417480469,62023600
2019-11-18,281.8763831472396,282.5549928740358,281.4239766627088,282.3197326660156,49228000
2019-11-19,282.91692151590615,282.92597848194833,281.59590227071726,282.2383117675781,67804700
2019-11-20,281.65003132207755,282.1657810694099,279.64134648592335,281.1885681152344,79406200
2019-11-21,281.2972742396407,281.40584736131234,279.9400549933533,280.73626708984375,54664700
2019-11-22,281.4782563218255,281.6139727413129,280.3562971037963,281.3606262207031,44850200
2019-11-25,282.28352322604525,283.54119873046875,282.28352322604525,283.54119873046875,48647200
2019-11-26,283.57741508601435,284.3645978931575,283.2607250475997,284.1836242675781,37569000
2019-11-27,284.66322888151734,285.450439453125,284.44608257911733,285.450439453125,44444600
2019-11-29,284.88945136634675,285.13376858572957,284.165611901055,284.3918151855469,36592700
2019-12-02,284.6450416588715,284.70838517885187,281.5505974957822,281.9758605957031,75767800
2019-12-03,279.2706040176745,280.16638791158476,277.8952978186057,280.0849304199219,73941700
2019-12-04,281.1253797697638,282.4101986278276,280.7815464488824,281.8130187988281,49080000
2019-12-05,282.5097632706629,282.52784958947194,281.01679978155096,282.3197326660156,40709000
2019-12-06,284.2198278152459,285.2965573907383,284.21077085005226,284.8984375,48927000
2019-12-09,284.5094091482941,285.1789619492192,283.9303155595032,284.0027160644531,34838500
2019-12-10,283.94837758133656,284.6088732952171,283.03450775915456,283.68597412109375,52649800
2019-12-11,284.1384121824113,284.7446490140432,283.6045758505534,284.4913024902344,53429100
2019-12-12,284.5002926440261,287.72142412265157,284.26506008392175,286.94329833984375,96389600
2019-12-13,286.7081184759016,288.3367986002163,285.93902182936716,287.11529541015625,81503900
2019-12-16,288.8343915151686,289.67586093311127,287.051908896003,289.0877380371094,82749700
2019-12-17,289.4678131479023,289.7663893151713,289.0696931830743,289.151123046875,61097700
2019-12-18,289.54022721792916,289.7664305204432,289.11496390469455,289.16925048828125,48133000
2019-12-19,289.35919234435806,290.42689269211144,289.10584580362206,290.3544921875,85310500
2019-12-20,291.3819230502159,292.754916750099,290.4090343656645,291.62744140625,147142100
2019-12-23,292.409389830018,292.4639432977859,291.92748236576335,292.0729675292969,52990000
2019-12-24,292.3001840120956,292.3456359703736,291.78189849517423,292.08197021484375,20270000
2019-12-26,292.46397718322146,293.6460338682152,292.454903436514,293.6369323730469,30911200
2019-12-27,294.3642718901657,294.4188253533874,293.0367580376793,293.5641174316406,42528800
2019-12-30,293.6459596835143,293.78234333428065,291.46371027743766,291.94561767578125,49729100
2019-12-31,291.44557119091616,292.9003950592716,291.10004740048026,292.6548767089844,57077300
2020-01-02,294.18244866671154,295.40995713786896,293.26408574966416,295.3917541503906,59151200
2020-01-03,292.01842192277303,294.2734003955614,291.9638684535366,293.1549987792969,77709700
2020-01-06,291.4092412616516,294.35526771417256,291.291032813915,294.2734375,55653900
2020-01-07,293.70952757182096,294.1823611302578,293.000304982614,293.44586181640625,40496400
2020-01-08,293.63692440584015,296.2192238536559,293.39143377910256,295.0099182128906,68296000
2020-01-09,296.5647551368362,297.08304088810894,295.9828144164329,297.0102844238281,48473300
2020-01-10,297.5922581006665,297.7468170445733,295.69190455067536,296.1556091308594,53029300
2020-01-13,296.77384567647033,298.20136500493834,296.34649170275594,298.1922912597656,47086800
2020-01-14,297.75584613787055,298.80149124864306,297.18300698847196,297.7376708984375,62832800
2020-01-15,297.64680703898097,299.1652584571871,297.56497682019716,298.41058349609375,72056600
2020-01-16,299.78355255111995,300.8928527832031,299.55623715723783,300.8928527832031,54050300
2020-01-17,301.6021218272131,302.03854969119607,300.8292438201229,301.8294372558594,95846000
2020-01-21,300.8745212896598,302.038374499318,300.80179260400274,301.23822021484375,77742400
2020-01-22,302.09298788425326,302.73858343412036,301.1200993097716,301.274658203125,48914900
2020-01-23,300.62914750870215,302.02941805033095,299.51984731959936,301.6202392578125,51963000
2020-01-24,302.27492953861935,302.3567597530786,297.6558650559744,298.93792724609375,87578400
2020-01-27,293.71870316935264,295.6190561282533,293.3822808977061,294.14605712890625,84062500
2020-01-28,295.5645514816852,298.10139892647504,294.23703741404154,297.228515625,63834000
2020-01-29,298.5833415914443,298.81065700129847,296.7829935559523,296.9830322265625,53888900
2020-01-30,294.92799254211405,298.15588692212685,294.1824193381583,297.9467468261719,75491800
2020-01-31,297.3285417837924,297.4831284643793,291.6274815683934,292.5367431640625,113845600
2020-02-03,294.00971748755245,296.5647401340601,293.89150905042175,294.7098388671875,69083000
2020-02-04,298.3014390790439,300.06540868055777,297.9831919914277,299.20159912109375,62573200
2020-02-05,302.12033830849697,302.86593947140614,300.665541964284,302.65679931640625,65951100
2020-02-06,303.611485421549,303.866077510334,302.6021908116986,303.6751403808594,50359700
2020-02-07,302.6204088136821,303.6842291934215,301.5111087114118,302.0566711425781,64139400
2020-02-10,301.17464943831084,304.3752394273112,301.138271214443,304.31158447265625,42070000
2020-02-11,305.65731897728693,306.4392704707863,304.31160210077036,304.8389892578125,54864500
2020-02-12,306.2665812903475,307.0121824833329,305.9028821896233,306.8030700683594,43992700
2020-02-13,305.3845525961196,307.43949245570366,305.11178524682026,306.4756774902344,54501900
2020-02-14,306.884783584121,307.08482217571895,305.6936535268408,306.96661376953125,64582200
2020-02-18,305.97565102151555,307.0303978801557,304.7935942108236,306.1756896972656,57226200
2020-02-19,307.13944365167055,308.31237098409207,306.8575748122398,307.6395263671875,48814700
2020-02-20,307.0939373986902,307.9122948602321,303.4023383220383,306.3756408691406,74163400
2020-02-21,305.0298800362003,305.33902553887464,302.4021016407909,303.220458984375,113788200
2020-02-24,293.8187317949431,303.29321971101865,292.09111299686066,293.1640625,161088400
2020-02-25,294.54617947757,295.15536915780245,283.40772583983846,284.2806091308594,218913200
2020-02-26,285.67179975370436,289.2451911436134,282.5075871787762,283.2349853515625,194773800
2020-02-27,277.7429854148297,283.28948562315003,270.5143737792969,270.5143737792969,284353500
2020-02-28,262.50379323523845,270.85990822902744,259.63052370677684,269.3778076171875,384975800
2020-03-02,271.150929237286,281.107356151786,267.7411977937539,281.043701171875,238703600
2020-03-03,281.41644425276655,285.3626359732163,270.5689608318298,272.9966735839844,300139100
2020-03-04,278.3430838776504,284.6897381780031,275.8062369064446,284.47149658203125,176613400
2020-03-05,277.30652348973354,280.4798365727048,272.78749368251545,275.0151672363281,186366800
2020-03-06,266.550048117172,271.669195665043,263.895019628656,270.4689636230469,228667200
2020-03-09,250.31962924213335,258.4029756621394,248.63751800598203,249.34674072265625,309417300
2020-03-10,258.8121691635351,262.34007996344667,248.68298420253547,262.2491760253906,276444100
2020-03-11,255.22969239890026,256.3571676833108,246.30073857018888,249.46495056152344,255316300
2020-03-12,232.7708879697631,242.46361655644327,225.20582745111727,225.59681701660156,392220700
2020-03-13,239.21767446747936,246.84639399647898,225.96973776362475,244.88238525390625,329566100
2020-03-16,219.29568561096787,233.5892777421095,215.8223138369543,218.0863800048828,297240000
2020-03-17,222.80540507714687,232.92550266983105,215.55860455740523,229.8612823486328,262070500
2020-03-18,214.81303238868713,225.8332774835406,207.3298140234867,218.22276306152344,327597100
2020-03-19,217.5408131695705,224.93311358035257,211.14870595523684,218.6864776611328,289322000
2020-03-20,221.81991016314782,223.59425218036205,208.98795912832034,209.26234436035156,347158800
2020-03-23,208.7044789871797,210.06723647976997,199.62241092920152,203.91192626953125,326025200
2020-03-24,214.4024524745698,223.25586710368103,213.83539985668068,222.38697814941406,235494500
2020-03-25,223.96009476171582,234.45980644396235,219.27730546743715,225.7161407470703,299430300
2020-03-26,228.21298620159055,240.35896505711227,227.7831193361751,238.89561462402344,257632800
2020-03-27,231.642782637783,238.53892113190597,229.612351668667,231.77996826171875,224341200
2020-03-30,233.8653195877224,240.02062901450944,231.88062142056566,239.30723571777344,171369500
2020-03-31,238.31031171628476,240.8437663965274,234.34091545507368,235.74026489257812,194881100
2020-04-01,226.8045329870279,235.6579474427776,223.07292993104878,225.13079833984375,189554600
2020-04-02,224.25277750810542,231.1031837108158,223.70400702849605,230.32577514648438,177660400
2020-04-03,229.34711754420925,231.68852595625552,224.28019491212171,226.99658203125,135561200
2020-04-06,235.82257866876083,244.20039326267332,226.97831890956317,242.2431182861328,188061200
2020-04-07,250.79472792333289,251.54471340957025,242.27059999105026,242.49009704589844,201427200
2020-04-08,245.07837292335702,252.43182969046424,242.5997928456364,250.6300506591797,153774500
2020-04-09,253.8769501910394,257.1878555596742,251.9471401473928,254.44403076171875,189999200
2020-04-13,253.47449486500906,253.81289538631447,248.23378055613196,252.12086486816406,114839100
2020-04-14,256.98662431123626,260.5718728557948,251.98371629741587,259.5566711425781,134143400
2020-04-15,253.86781765923317,259.6938677231057,251.9379797452276,254.04159545898438,121775000
2020-04-16,255.31291590822602,256.1177757239409,252.21240810863327,255.26719665527344,131798300
2020-04-17,261.0109147166747,262.76694697908226,258.2853720013515,262.163330078125,146684800
2020-04-20,258.477384853948,262.3004679707895,257.3249976139845,257.54449462890625,100109300
2020-04-21,253.09956197216107,254.2976965983367,248.79173683274226,249.7246551513672,126385700
2020-04-22,254.5812403911935,257.0049469419496,253.26420213122947,255.26719665527344,92951600
2020-04-23,256.53833387284084,259.69374195957226,254.94692522646244,255.2487335205078,104709700
2020-04-24,256.7579880798874,259.47437574126815,254.7184016023535,258.80670166015625,85063200
2020-04-27,260.7730213151962,263.65403085355933,260.31571732778553,262.5382080078125,77896600
2020-04-28,266.1692816947441,266.5168372940742,261.02918781823894,261.3310241699219,105270000
2020-04-29,266.6356455702999,269.69958768197114,265.61128916664575,268.17218017578125,118745600
2020-04-30,266.8003959721668,268.27292994080307,263.9468223645414,265.6754455566406,122901700
2020-05-01,260.9468619298038,265.8400213562658,257.4804890548701,258.6420593261719,125180000
2020-05-04,256.7671117660128,259.6572771920801,255.2946058776954,259.35546875,80873200
2020-05-05,262.16329381700166,264.5504076936841,259.4834707215646,261.751708984375,79569900
2020-05-06,263.4436975938998,263.82781732551877,259.54745856060816,259.9773254394531,73632600
2020-05-07,263.1784701811811,265.0351234329796,262.6114176478668,263.11444091796875,75250400
2020-05-08,266.23323020316093,267.9344155386255,265.1082523537147,267.46795654296875,76452400
2020-05-11,265.54730090616414,268.8947697566106,265.12658901363613,267.5228576660156,79514200
2020-05-12,268.7026779791938,269.1142348105391,262.05346030605693,262.190673828125,95870800
2020-05-13,261.63273226447177,262.6662436518927,255.13901062631533,257.5535888671875,144721100
2020-05-14,255.1300233129989,260.7639864719799,249.67893717466515,260.6359558105469,121977900
2020-05-15,258.25792384810507,261.87976465743145,257.3158784788834,261.83404541015625,111146300
2020-05-18,268.0258902625386,271.4099513684289,267.7057997595582,269.80938720703125,119703800
2020-05-19,269.21494963691697,270.9161076201453,267.01989537303587,267.0381774902344,95189300
2020-05-20,270.5594137391396,272.4343494490496,270.33076168126627,271.5746154785156,85861700
2020-05-21,271.4465815641365,272.2514412639975,268.6112904984,269.6996765136719,78293900
2020-05-22,269.4161787745879,270.38566135817075,268.18145196368334,270.2118835449219,63958200
2020-05-26,276.14756222315674,276.3853692137615,270.23004787208464,273.5409240722656,88951400
2020-05-27,276.3213916753903,277.647584570494,271.5196992030563,277.6109924316406,104817400
2020-05-28,278.6354121938182,280.6384065978622,276.4312028479003,277.098876953125,90405200
2020-05-29,276.63243212883435,278.91895299063503,273.89776210984286,278.3336181640625,119090800
2020-06-01,277.6933091449905,280.06214079412035,277.18113083769884,279.45849609375,55758300
2020-06-02,280.37311161244173,281.8182080910608,279.04694656843077,281.7724609375,74267200
2020-06-03,283.74802731711804,286.47356968873544,283.47365603310084,285.5223693847656,92567600
2020-06-04,284.5437173559386,286.2723400914508,282.68706399832803,284.7723693847656,75794400
2020-06-05,290.14117395158814,293.83617104202,290.0771446777787,292.07098388671875,150524700
2020-06-08,292.87580669268345,295.79340876256344,292.3361912634575,295.6013488769531,73641200
2020-06-09,292.9490397309873,295.6745826285939,292.08930565964937,293.397216796875,77479200
2020-06-10,293.9732815976865,294.860452371413,291.0465251719696,291.7599182128906,95000800
2020-06-11,284.8639368415416,285.4950188979271,274.391686952934,274.9404296875,209243600
2020-06-12,281.91884136581535,282.68710895546064,273.1020322461087,278.23297119140625,194678900
2020-06-15,272.57144431996073,281.9553305814457,271.4007472900218,280.8303527832031,135782700
2020-06-16,288.5405786077651,288.68691925578287,281.3974914516678,286.2357482910156,137627500
2020-06-17,287.2509309624957,287.5436122107938,284.3150192913641,285.0467224121094,83398900
2020-06-18,283.53764795491,285.6320802741514,283.08034393403454,285.156494140625,80828700
2020-06-19,288.60695612206905,288.7998612118977,281.5885862007756,283.52691650390625,135549600
2020-06-22,282.92975500160884,285.740769602764,281.7906591077808,285.34576416015625,74649400
2020-06-23,287.9822576249924,288.91008594994315,286.25522305494576,286.659423828125,68471200
2020-06-24,284.62921561406836,285.24471199491313,277.5190059080618,279.3470764160156,132813500
2020-06-25,278.77755738775835,282.60826932957065,276.7657488767601,282.34185791015625,89468000
2020-06-26,281.24866508004715,281.4599607492552,275.05708801773886,275.63580322265625,127961000
2020-06-29,276.8852525420823,279.8248621351585,274.60703197901705,279.68707275390625,79773300
2020-06-30,279.25523166814565,284.95996268018115,279.09907976025323,283.2696533203125,113394800
2020-07-01,284.3812521535075,286.51248764873316,283.9219356089049,285.2539367675781,72396500
2020-07-02,288.6712318949843,290.012456292064,286.1633816866912,286.8247985839844,69344200
2020-07-06,290.6279302554761,291.83133729460695,289.8838397361495,291.2525939941406,61713800
2020-07-07,289.71850628424903,291.68436650450917,287.87204481586895,288.2486877441406,82910000
2020-07-08,289.0111086325023,290.5636006128082,287.25654430949635,290.453369140625,54638600
2020-07-09,291.05963368656217,291.29848720257166,285.4008518720043,288.7998046875,83354200
2020-07-10,288.73557224712687,292.01509919724424,287.3117021320966,291.7486877441406,57550400
2020-07-13,294.0818954674622,296.4519555364339,288.5700991787929,289.2223205566406,102997500
2020-07-14,287.8076278547291,293.74201557346794,286.6134164997587,292.9703674316406,93657000
2020-07-15,296.1765111680916,296.7552545262097,293.29198967983916,295.6620788574219,87196500
2020-07-16,293.7696908622151,295.1384452286561,293.12663646975597,294.6883239746094,54622500
2020-07-17,295.6896177123011,296.3234767747621,293.723729481606,295.5426330566406,62774900
2020-07-20,295.27619796890855,298.6751512770174,294.53210748290684,297.9310607910156,56308800
2020-07-21,299.88780591530656,300.3287318894932,297.582027715605,298.5649719238281,57292200
2020-07-22,298.2066144886055,300.5767031253431,298.09638302353903,300.26434326171875,57792900
2020-07-23,299.9061432651097,300.6043133781374,295.32217315904694,296.6817321777344,75738000
2020-07-24,294.8352766153247,295.7906347636458,293.27358928008266,294.7709655761719,73766600
2020-07-27,295.46000035664264,297.09516632990903,294.669961227378,296.9206237792969,48293000
2020-07-28,296.19478131867083,297.30634724530006,294.7433537595441,295.0373229980469,57495000
2020-07-29,295.91014631517817,299.22642701873673,295.8733931344966,298.6660461425781,48454200
2020-07-30,295.7080206878136,298.0137989847176,293.63192872476003,297.60040283203125,61861700
2020-07-31,299.382539332281,300.0531516272195,295.18437908952166,299.95208740234375,84986800
2020-08-03,301.60553393405814,302.79974538526255,301.0635439348531,302.03729248046875,53077900
2020-08-04,301.1830061675054,303.2040100097656,301.1830061675054,303.2040100097656,41917900
2020-08-05,304.49927818527294,305.344432870868,304.2328667686408,305.0871887207031,42697700
2020-08-06,304.50847479244663,307.2459831711578,304.1869476378153,307.1265563964844,43679400
2020-08-07,306.16200149282446,307.63181988230866,305.2617310710826,307.3470458984375,57308300
2020-08-10,307.7971742288162,308.4493958165676,305.8680393000417,308.26568603515625,44282100
2020-08-11,309.44158091644624,310.07544003010565,304.99539985279966,305.7210998535156,69601100
2020-08-12,308.1462848519516,310.7551994541002,308.1187269807283,309.9835510253906,53774400
2020-08-13,309.2210563466594,310.7276279995597,308.5045236917194,309.42315673828125,41816100
2020-08-14,309.0373065810643,309.9651348090941,308.31157871851264,309.43231201171875,47260400
2020-08-17,310.4428715922836,310.8103192248424,309.4415648789166,310.4153137207031,35481000
2020-08-18,310.8103002489864,311.5084703323429,309.22105499298743,311.0859069824219,38733900
2020-08-19,311.46254034452477,311.97697263612196,309.2302686469379,309.7906494140625,68054200
2020-08-20,308.07270663056715,311.2328059543693,307.9441126063458,310.755126953125,42207800
2020-08-21,310.4244179395397,312.07794581811294,310.084500243841,311.85748291015625,55106600
2020-08-24,314.28268549668286,315.0910869399419,311.8299513355394,315.0176086425781,48588700
2020-08-25,315.57797452610504,316.2026382005386,314.4204880441908,316.1199645996094,38463400
2020-08-26,316.70798019703517,319.5557205923027,316.16598999166297,319.2893371582031,50790200
2020-08-27,320.1528020072036,321.42968732403983,318.33389853954054,319.9874267578125,58034100
2020-08-28,321.0070943234452,322.18294335620885,319.8220499903276,322.0543212890625,48588900
2020-08-31,321.8430814950249,322.7157660361152,320.6580370594044,320.8876953125,66099200
2020-09-01,321.7143360773967,324.01091772788527,320.82326127562936,323.9098815917969,54908700
2020-09-02,325.8115446408763,329.55955455684506,324.67242077563617,328.5950012207031,69540000
2020-09-03,326.91390709312424,327.38241887389745,314.71446250184243,317.2866516113281,148011100
2020-09-04,317.96646795020814,319.52812734335566,307.6226506452831,314.6961364746094,139156300
2020-09-08,309.3129330288969,314.76044843805005,305.79458070733585,306.09771728515625,114465300
2020-09-09,310.08460719165936,314.59509930226375,309.2210897917374,312.1423645019531,91462300
2020-09-10,314.0071032105712,314.65932471702587,305.76696501281884,306.72235107421875,90569500
2020-09-11,308.4952817454925,309.5517038864134,304.06746480466137,306.87847900390625,84680200
2020-09-14,310.0294570524929,312.6843200062255,307.02553709097856,310.9205322265625,65605700
2020-09-15,313.3641091586168,314.19087331685137,310.92973712374885,312.4914245605469,52920900
2020-09-16,313.72243784395954,315.1463081116927,310.97570547101816,311.2513122558594,82096000
2020-09-17,306.419220280496,310.2223743451593,305.89559274386187,308.5137023925781,91523300
2020-09-18,309.3151891223313,309.42586185068205,302.4900987895025,304.9618835449219,105877900
2020-09-21,300.3964860710057,301.71538308915785,296.73491293099994,301.56781005859375,99450800
2020-09-22,303.043459504694,305.19242981762375,300.54397867680115,304.6390380859375,63612100
2020-09-23,305.1923890488942,305.46909895110974,297.07607189061287,297.5741271972656,93112200
2020-09-24,296.26450432799584,301.4109832200537,294.9548113676943,298.36737060546875,76681300
2020-09-25,297.5188397783968,303.97501178267646,296.6518940041928,303.1910705566406,71069400
2020-09-28,307.33219516977516,308.9370058544443,306.34531653525386,308.2268371582031,64584600
2020-09-29,308.02395029629054,308.7617872255907,305.85651561479375,306.5482482910156,51304000
2020-09-30,307.21229184325324,312.00831599678094,307.0186145881831,308.8724670410156,104081100
2020-10-01,311.4549953869998,312.4234100301672,308.9832103165565,310.8554992675781,88698700
2020-10-02,305.9303234212104,310.82778863279594,305.45993618333404,307.904052734375,89431100
2020-10-05,309.9515464147121,313.5485503664023,309.90544216593185,313.3641052246094,45713100
2020-10-06,313.5024469624945,315.58687691174333,308.402072950753,308.9093322753906,90128900
2020-10-07,311.8515557905092,315.08887396765715,311.8238876072292,314.2864685058594,56999600
2020-10-08,316.2140356726997,317.136345808454,315.30092949856623,317.07177734375,45242500
2020-10-09,318.71347138415,320.36441432080346,318.09553938804925,319.90325927734375,59528600
2020-10-12,322.43044687423406,326.5162746526731,321.9416235525097,325.0498046875,80388500
2020-10-13,324.91142804821567,325.08666923359056,321.96925633166603,322.928466796875,73255500
2020-10-14,323.50030508369025,324.588624372676,320.1707787470456,320.8993835449219,57727900
2020-10-15,317.00721375031816,320.9823682447695,316.4722862478962,320.5027770996094,60357700
2020-10-16,321.8492934694867,323.50023626979225,320.13381035989636,320.3090515136719,89501900
2020-10-19,321.5634563511587,322.1906205529244,314.54468900491094,315.4393310546875,68425600
2020-10-20,316.7766838154975,319.9309973867883,316.02041077038155,316.7029113769531,60051900
2020-10-21,316.65684888536595,318.8150802060779,315.79910688287015,316.1034851074219,63575000
2020-10-22,316.3154741888246,318.4183401585938,314.1849400410323,317.8372802734375,55399300
2020-10-23,319.05481431257,319.11015068212924,316.47235657754385,318.9164733886719,49143900
2020-10-26,315.5500092529845,316.3339785921289,309.54576053915537,313.02288818359375,91473000
2020-10-27,313.36415234517256,313.69617053832854,311.73164512212657,311.94378662109375,65994100
2020-10-28,306.2992612343689,311.9714640421637,300.79306752806804,301.2818908691406,127094300
2020-10-29,301.5124944740212,307.49827992799277,299.8338828006587,304.343994140625,90597700
2020-10-30,302.77601447703177,304.07647533605143,297.5372988957393,301.17120361328125,120287300
2020-11-02,304.5468444824219,306.5390097792582,301.81678597834804,304.5468444824219,86068300
2020-11-03,307.76574732319943,311.97148032731906,304.6298977179073,309.9239501953125,93294200
2020-11-04,314.37859050364546,320.9085614274871,313.20726687156383,316.85040283203125,126959700
2020-11-05,322.1075666195716,324.8283926420073,321.75708428212755,323.0298767089844,82039700
2020-11-06,322.74397426177785,324.201240016789,320.64110830931844,322.95611572265625,74973000
2020-11-09,335.693318037009,336.07146867931255,326.55321857844086,327.0143737792969,172304200
2020-11-10,326.02741100790297,327.5861174374779,323.2789447318522,326.5346984863281,85552000
2020-11-11,328.71137691264624,329.7812602109788,327.4754845197472,328.9604187011719,58649000
2020-11-12,327.95503562356157,329.0064827205813,323.9706771078529,325.7691650390625,67546200
2020-11-13,327.669173455097,331.01716438135384,327.1526819336186,330.2793273925781,62892200
2020-11-16,332.93559901843656,334.59574638349557,331.65357412637275,334.4020690917969,74541100
2020-11-17,332.00398913327604,333.802505202386,330.5006190703116,332.6034851074219,66111000
2020-11-18,332.8709782269809,333.4151378683076,328.5637772011029,328.6006774902344,70591300
2020-11-19,327.9735621111223,330.35311040072077,326.6362008611728,329.98419189453125,59940900
2020-11-20,329.7258822189603,329.9287915800389,327.650684358841,327.7244567871094,70417300
2020-11-23,329.5230167831691,330.94338250005325,327.3002456235461,329.68902587890625,63230600
2020-11-24,332.22542358406326,335.54574667619727,331.3769137723778,335.0015869140625,62415900
2020-11-25,334.918533340122,334.9462015223956,333.3967270217236,334.48504638671875,45330900
2020-11-27,335.5733419142613,335.88692400664513,334.4112220479706,335.41656494140625,28514100
2020-11-30,334.64174820647105,334.90922600615437,331.2661181405952,333.93157958984375,83872700
2020-12-01,337.1689006943155,339.114961441133,336.5786087362268,337.58392333984375,74231400
2020-12-02,336.4772978153811,338.4510274992343,335.9054698522711,338.29425048828125,45927000
2020-12-03,338.1927027053722,339.5854001362347,337.1043834074392,338.2019348144531,62882000
2020-12-04,338.7830112476437,341.116455078125,338.690774592366,341.116455078125,50749900
2020-12-07,340.3509893751465,340.9043812700097,339.15199705851046,340.4155578613281,48944300
2020-12-08,339.1519495672629,341.9742168745156,339.10584531026393,341.41162109375,42458900
2020-12-09,342.0664269707274,342.2232039496902,337.5194442340086,338.3495178222656,74098300
2020-12-10,336.9845044596191,339.2810480632366,336.1175305396437,338.2388610839844,57735400
2020-12-11,336.5509346336922,338.2479817633102,335.03836077439604,337.8421630859375,57698600
2020-12-14,340.00048656717314,341.070341758888,336.15444018565523,336.3296813964844,69216200
2020-12-15,338.8568165510045,340.8766784667969,337.4918152485287,340.8766784667969,63865300
2020-12-16,341.08880685472656,342.32469929707383,340.21260079833104,341.41162109375,58420500
2020-12-17,343.04411893080777,343.52371018713376,342.2232491966983,343.32080078125,64119500
2020-12-18,343.6079012926033,343.77461802271546,339.949235092986,341.9499206542969,136542300
2020-12-21,338.05041026334163,350.54540085962697,335.32725759827747,340.72723388671875,96386700
2020-12-22,341.0514401770329,341.1625846556748,339.03224010396457,340.1529846191406,47949000
2020-12-23,341.11633348883834,342.35749412526934,340.13451942917413,340.4587097167969,46201400
2020-12-24,340.9310482842166,341.8109892466204,340.3475397301883,341.783203125,26457900
2020-12-28,344.32108544977285,345.1083965593925,343.70051933120067,344.7193908691406,39000400
2020-12-29,346.23834930715714,346.414337461852,343.47813932999696,344.0616760253906,53680500
2020-12-30,344.8768330723695,345.580785813549,344.1636371354638,344.5526428222656,49455300
2020-12-31,344.3581702862446,347.02575115427703,343.8487486102848,346.30328369140625,78520700
2021-01-04,347.6278008405059,347.75748825794324,337.91153359546706,341.5887145996094,110210800
2021-01-05,340.94957212585825,345.02502991311206,340.90324308131426,343.9413146972656,66426200
2021-01-06,342.4408544416183,349.17465054566816,341.8943751612788,345.99761962890625,107997700
2021-01-07,348.35951944577056,351.879226704414,348.18353125617296,351.13824462890625,68766800
2021-01-08,352.51835210952186,353.351964049799,349.28577737519294,353.1389465332031,71677200
2021-01-11,349.9804442235394,352.5090660622088,349.8600282756686,350.75848388671875,51034700
2021-01-12,350.9437227941285,351.8421500854146,348.600304213812,350.8325500488281,52547700
2021-01-13,350.7584417957653,352.7683702844573,349.9804022259505,351.7773132324219,45303600
2021-01-14,352.51834010082484,353.01851855461456,350.2120072157381,350.5454406738281,49989100
2021-01-15,348.93383121899916,349.7303856428167,346.13659100513945,347.98907470703125,107160000
2021-01-19,350.43415040064116,351.2585187735022,348.9614300401133,350.7212829589844,51233300
2021-01-20,352.999972027398,356.40856307524916,352.61096633026204,355.574951171875,61836100
2021-01-21,356.13066931635393,356.5567608588735,354.9821386306928,355.89910888671875,47840100
2021-01-22,354.0558980073029,355.79723696621016,353.67613550952814,354.6394348144531,52860500
2021-01-25,355.3711907354322,356.3900340645269,350.5454507834374,356.0380859375,70402000
2021-01-26,356.9828067931668,357.390355390859,355.2507393863011,355.4822998046875,42665300
2021-01-27,352.1756209612476,352.268250784751,344.57118450473314,346.7941589355469,123351100
2021-01-28,348.60029684934375,353.7594696685846,348.16499040605424,349.7766418457031,94198100
2021-01-29,347.9242248487391,348.8875242713741,341.1070702475137,342.7743225097656,126765100
2021-02-01,346.1550437581806,349.508034136275,343.061399921302,348.47991943359375,75817600
2021-02-02,351.64758695318596,354.95427595924195,348.5632151329589,353.4074401855469,64450700
2021-02-03,354.2319346206023,355.3990083944463,352.41650851313454,353.6854553222656,52427100
2021-02-04,354.7135813441343,357.7516535703952,353.7966109311243,357.7053527832031,47142600
2021-02-05,359.56706738711136,359.8171424896875,357.6590115971153,359.1131896972656,48669800
2021-02-08,360.55807565817906,361.7529352971616,359.7059491724851,361.7066345214844,38365200
2021-02-09,360.8729815940819,362.0585979957618,360.465461289318,361.4657897949219,35551100
2021-02-10,363.19795194487796,363.3461540337932,358.91871909408604,361.30841064453125,59154400
2021-02-11,362.3827831768322,362.7996032364326,359.4743990216484,361.8918762207031,42913300
2021-02-12,361.09531279474186,363.920338519712,361.0211976334396,363.6795349121094,50593300
2021-02-16,364.90221935362916,365.09675048774824,362.6514585158837,363.3646545410156,50972400
2021-02-17,361.62333111241526,363.69810367108147,360.6137026893847,363.4480285644531,52290600
2021-02-18,360.8545567926999,362.6421967685174,359.1410037271101,361.9012145996094,59712800
2021-02-19,363.1515954538638,363.4387281237623,360.8174482448131,361.2620544433594,83241000
2021-02-22,358.5111540436584,360.88233082469856,358.21474987936415,358.4833679199219,67414200
2021-02-23,356.2881475310484,360.2617324705037,352.157117326697,358.9186706542969,107284100
2021-02-24,357.8348706261392,363.2997181561722,356.853056885485,362.8736267089844,72433900
2021-02-25,361.6140854057681,362.9756620610373,352.6943718341732,354.1300354003906,146670500
2021-02-26,356.0010524866953,357.14031184524765,350.3324570181541,352.3053283691406,152701600
2021-03-01,357.1494592415147,362.0863423024477,352.4997370530268,360.84515380859375,105348800
2021-03-02,361.0675824477177,361.29914289591414,357.52933201527884,358.0295104980469,79595300
2021-03-03,357.33484267513,358.29811382408514,353.18526911043256,353.28717041015625,119940200
2021-03-04,353.10182402567017,355.676774544047,344.4507308701646,348.91522216796875,183433000
2021-03-05,352.397907830953,356.38076408471085,345.15471924913305,355.3341064453125,152039600
2021-03-08,356.28815545159534,359.0853953645612,353.2871412226747,353.56500244140625,123149200
2021-03-09,357.39039119381505,361.15093050380403,356.89021272533046,358.613037109375,113633600
2021-03-10,360.947055073006,362.53092013509024,359.5391781585587,360.84515380859375,109899400
2021-03-11,363.29977289296414,366.4675035095816,362.84589526271924,364.5038757324219,86245000
2021-03-12,363.15160002369436,365.13374261718343,362.3457742453451,364.99481201171875,64653600
2021-03-15,365.2448189777113,367.43076374037474,363.11447471351755,367.1714172363281,73427200
2021-03-16,367.78278723665204,368.48671168557286,365.9395470892931,366.7083435058594,73722500
2021-03-17,365.43015115301284,368.75535559488856,364.2908636411773,367.95880126953125,97959300
2021-03-18,365.38388907793455,367.45866174204525,361.92899685898453,362.60516357421875,115349100
2021-03-19,362.30590860111545,363.8763863440196,359.7689764719853,361.9342041015625,113624500
2021-03-22,362.44527604125085,366.19955652443446,362.38952178707973,364.82421875,73778600
2021-03-23,364.19231584732245,365.6326813357805,361.172170876682,361.9527587890625,90686600
2021-03-24,363.3466815716018,364.9729135223698,360.0663405424219,360.11279296875,97588600
2021-03-25,358.6817356717282,362.928502774503,356.7488269231494,362.1386413574219,116128600
2021-03-26,363.28159933715943,368.3740383743186,362.68687787049055,367.9744567871094,114409100
2021-03-29,366.506230599657,368.6900335718035,365.02868604213734,367.78863525390625,108107600
2021-03-30,366.5247931234567,367.48194559201005,365.2237849563697,366.8128662109375,76262200
2021-03-31,367.3797699892554,369.8516462036749,367.3518928588357,368.29974365234375,112734200
2021-04-01,370.2233780414043,372.332851715989,370.0189362834983,372.2770690917969,99682900
2021-04-05,374.9254075734241,378.15929585241673,374.85107802689595,377.62030029296875,91684800
2021-04-06,377.062782829176,378.43809222549146,376.72822894950895,377.3973083496094,62021000
2021-04-07,377.23005259846207,378.17790328320166,376.7747167341118,377.8340759277344,55836300
2021-04-08,379.0793553590518,379.6833787740755,378.15007984078824,379.62762451171875,57863100
2021-04-09,379.5068721158555,382.55489491912203,379.3860617515805,382.3876037597656,61104600
2021-04-12,381.79281150001924,382.796416474297,381.1887881496238,382.5269470214844,56704900
2021-04-13,382.42469025489237,384.2832409869861,382.04368395170513,383.6606140136719,56551000
2021-04-14,383.6327485367833,384.68283426978144,381.81137670460754,382.3503723144531,61659900
2021-04-15,384.4784328546867,386.7272920226282,384.43198042379737,386.4577941894531,60229800
2021-04-16,387.74014885492164,388.3534740033724,386.32766049921406,387.74945068359375,82037300
2021-04-19,386.82020814297175,387.2662422093501,384.52489664561284,385.8444519042969,78498500
2021-04-20,384.63640040393466,385.73293861586444,381.55119913988244,383.01947021484375,81851800
2021-04-21,382.4061222414996,386.8480574414504,382.26670824654997,386.64361572265625,66793000
2021-04-22,386.47636655189376,387.303406925715,382.05300649472724,383.11236572265625,97582800
2021-04-23,383.6699137247093,388.66941970392514,383.5955841738986,387.2662048339844,73209200
2021-04-26,387.9167155807785,388.6415492403517,387.33126755588586,388.0746765136719,52182400
2021-04-27,388.3720341226582,388.5672023617423,386.8573107884589,387.99102783203125,51303100
2021-04-28,388.26058398462,389.37572589844,387.41493989916654,387.87957763671875,51238900
2021-04-29,390.5930305834243,390.96473505982385,386.9874376079578,390.3514099121094,78544300
2021-04-30,388.0933284049745,388.93897250611576,386.89455507926465,387.7866516113281,85527000
2021-05-03,389.76597643845156,390.1469827577325,388.1304710094045,388.62298583984375,68128300
2021-05-04,386.64367972036484,387.13619462090406,382.5548730269321,386.2254943847656,101591200
2021-05-05,387.86100653728766,388.0933254085799,385.78871199603554,386.3462829589844,60162200
2021-05-06,386.4206161525747,389.5615718594526,384.42267951252586,389.4314880371094,74321400
2021-05-07,390.1935416865544,392.9163123631469,389.5151602955038,392.26580810546875,67733800
2021-05-10,392.61884104470386,392.8418580569698,388.2605373215281,388.38134765625,81852400
2021-05-11,383.8836181645365,385.9001296111552,381.0586134145165,384.91510009765625,116888000
2021-05-12,382.1460004528248,383.40980160762746,375.4273279147275,376.73760986328125,134811000
2021-05-13,378.2801563667472,383.1867295062854,378.23367557967265,381.26312255859375,106394000
2021-05-14,383.98593025886146,387.9632283561021,383.95805312758887,387.1175842285156,82201600
2021-05-17,386.0117863590001,386.94106191389204,384.1253297576997,386.132568359375,65129200
2021-05-18,386.3926838620524,386.6343045309309,382.6477052906037,382.8056945800781,59810200
2021-05-19,378.1407743642917,381.9786581081242,376.66320145918377,381.8020935058594,106467100
2021-05-20,382.6756265415183,387.16404293504047,382.5548445523857,385.9095153808594,78022200
2021-05-21,387.3869697719797,388.62292173833475,385.1381395432608,385.5934753417969,76578700
2021-05-24,387.82376329020775,390.59301398629543,387.5821426291598,389.52435302734375,51376700
2021-05-25,390.6023385429732,390.95546775246584,388.084010006822,388.66015625,57451400
2021-05-26,389.2456215946333,389.93327638516723,388.2141394088324,389.4314880371094,43088600
2021-05-27,390.4536005107807,390.9646905627569,389.35703414524056,389.6358337402344,56707700
2021-05-28,391.19710514384474,391.4573011473298,390.10056686910303,390.3328857421875,58520200
2021-06-01,392.68387589063093,392.8232615157594,389.55222262273975,389.9889831542969,54216600
2021-06-02,390.63956543786463,391.4387571720347,389.6359603038898,390.6023864746094,49097100
2021-06-03,388.2977618897576,390.2863966542775,386.83879259158886,389.1526794433594,58138800
2021-06-04,390.99262682035794,393.0091669281305,389.21770739294345,392.7117919921875,55938800
2021-06-07,392.70248451426147,392.8790491074856,391.40150463726826,392.3307800292969,51555000
2021-06-08,393.1857454198201,393.27867864219405,390.59308717878474,392.4144592285156,47134300
2021-06-09,393.25073913778317,393.32509704758354,391.6059319636749,391.8289489746094,48436300
2021-06-10,393.0462757947363,394.5981780350405,391.7359942091365,393.6502990722656,51020100
2021-06-11,394.19863560369777,394.4123507955599,392.91623101558656,394.30084228515625,45570800
2021-06-14,394.41234034324725,395.28586146390614,393.17641657338044,395.18365478515625,42358500
2021-06-15,395.33232234621505,395.3694729406718,393.5852801928474,394.45880126953125,51508500
2021-06-16,394.5982928483874,394.8213099119385,390.2214128207567,392.2565002441406,80386100
2021-06-17,391.84757149634856,393.1020706024834,389.66376862836967,392.1263427734375,90949700
2021-06-18,388.859442796764,389.54934711655255,386.63122369398263,386.8363342285156,118676300
2021-06-21,388.58912956449535,392.5608031135424,387.7780195471861,392.37432861328125,72822000
2021-06-22,392.3650319575485,395.3018204521082,391.64713072526837,394.4720458984375,57700300
2021-06-23,394.5466142661028,395.3483919707271,393.9126465296074,393.9965515136719,49445400
2021-06-24,396.13161425617756,396.7469175537267,395.87987081880055,396.327392578125,45110300
2021-06-25,397.0732323076562,398.1826902147583,396.74691613756454,397.73516845703125,58129500
2021-06-28,398.25718199513733,398.7046751779176,397.0638194210431,398.536865234375,53159600
2021-06-29,398.91924432286936,399.5532121672935,398.2200075512794,398.7514343261719,35970500
2021-06-30,398.29453168040874,399.75827397212026,398.26656335103905,399.0870056152344,64827900
2021-07-01,399.8421598624358,401.45507598441856,399.7768909463528,401.29656982421875,53441000
2021-07-02,402.4527776449218,404.7182982314906,401.3805917033417,404.364013671875,57697700
2021-07-06,404.41979315569,404.6342359510612,400.9049741658819,403.6273193359375,68710400
2021-07-07,404.3079918986779,405.33354476274883,402.303519022366,405.0538330078125,63549500
2021-07-08,399.7582794572034,402.5086218416847,398.5835527035313,401.7534484863281,97595200
2021-07-09,403.25446917430344,406.34043156356205,401.5576479376436,406.0420837402344,76238600
2021-07-12,405.95817542684443,407.7482339001441,405.52931821683023,407.4964904785156,52889600
2021-07-13,406.7133297443053,408.20504032687353,405.84628310421715,406.1073303222656,52911300
2021-07-14,407.79477670185605,408.2795989505662,405.47332031002753,406.7132873535156,64130400
2021-07-15,405.3801248896569,406.0513932284904,403.4315887906017,405.3241882324219,55126400
2021-07-16,406.49891518452205,406.54551958157515,401.75343241278944,402.1449890136719,75874700
2021-07-19,397.34360297120685,402.2102917266134,393.40922985130334,396.2061767578125,147987000
2021-07-20,396.8680492656384,403.1518749888616,396.075575412109,401.8839111328125,99608200
2021-07-21,403.0773770798175,405.27765698558056,401.8374096846167,405.1377868652344,64724400
2021-07-22,405.31490711357736,406.2285867170565,404.33598703643406,405.9861755371094,47878500
2021-07-23,407.90668669595885,410.4985227710104,407.2261145579136,410.16290283203125,63766600
2021-07-26,409.5755481567641,411.17913206497195,409.52894375936796,411.1697998046875,43719200
2021-07-27,410.1350074036814,410.162975736901,406.48031730156396,409.2959289550781,67397100
2021-07-28,409.9205563033624,410.498587479619,407.71097266740617,409.1280822753906,52472400
2021-07-29,410.05111111743514,411.897078053185,410.04177885549115,410.8249206542969,47435300
2021-07-30,408.2702864028163,410.2747590491166,408.13974857508884,408.8296813964844,68951200
2021-08-02,410.5359142126354,411.08597709125746,407.61776136087985,407.9720458984375,58783300
2021-08-03,408.7644786802241,411.4122517302362,406.5828634584257,411.2910461425781,58053900
2021-08-04,410.0137549202648,411.2630544145641,409.03483491751217,409.2679138183594,46732200
2021-08-05,410.42399765718676,411.94367672299376,410.1070137495975,411.8597717285156,38969700
2021-08-06,412.1767254379363,412.9598671143708,411.8970136914866,412.5403137207031,46930000
2021-08-09,412.51236355148603,412.8293474498061,411.44020627292963,412.2047119140625,41222600
2021-08-10,412.6521688276481,413.4260066614601,411.97159669055037,412.7174377441406,43339300
2021-08-11,413.78031206478073,413.8362487240308,412.6615219757521,413.7430114746094,44034300
2021-08-12,413.59383009177725,415.1228412890176,412.69881510793675,414.98297119140625,38909400
2021-08-13,415.43047911757316,415.75679524781077,414.94568527825686,415.7381591796875,39470300
2021-08-16,414.44228007699377,416.8476419659867,412.8946326638833,416.7171325683594,73740000
2021-08-17,414.17191970261024,414.84318814832017,411.0113842575715,413.9854736328125,92673900
2021-08-18,412.97849742393936,414.53547694662274,409.2119630019986,409.454345703125,89351900
2021-08-19,406.7412780804755,411.2816785225219,406.6014364441112,410.0882873535156,92812200
2021-08-20,410.4333164331078,413.67775658772473,409.94849410047595,413.3514404296875,72008700
2021-08-23,415.02955857787043,417.8917739029661,413.42597482930967,416.9874267578125,54973000
2021-08-24,417.64947509765625,418.18090188764904,417.1367128313938,417.64947509765625,38744700
2021-08-25,417.8359438685796,419.03861064787276,417.4629948233235,418.5258483886719,40529700
2021-08-26,418.2461560731721,418.4792350112977,415.96199955075224,416.05523681640625,57829600
2021-08-27,416.85693316240236,420.14800598686645,416.80099650435585,419.77508544921875,77235100
2021-08-30,420.44642785523683,422.4042965877631,420.20401665966153,421.62115478515625,48357400
2021-08-31,421.5278867191652,421.8635067020357,420.3997927296068,420.9964599609375,59300200
2021-09-01,421.92875329964636,422.44151550812524,420.9871054219515,421.2201843261719,48721400
2021-09-02,422.6372272837911,423.31779932186396,421.32265914520093,422.5160217285156,42501000
2021-09-03,421.3880192926544,422.92633435744506,420.98710195716393,422.4135437011719,47170500
2021-09-07,422.0686233593047,422.16186061767115,420.23196033235047,420.9032287597656,51671500
2021-09-08,420.3718058247561,421.09901087419547,418.47917779201987,420.39044189453125,56181900
2021-09-09,420.194679042839,421.9381047734719,418.3486837946311,418.5910949707031,57970400
2021-09-10,420.51168409438407,420.931209090967,415.169504855089,415.29071044921875,89948200
2021-09-13,418.27414272204135,418.53518998833437,414.0507251516293,416.3535461425781,83738600
2021-09-14,417.7892579298286,417.9943684978522,413.2209172260456,414.10662841796875,78197100
2021-09-15,414.52610264676866,418.0595862695876,413.4259772128812,417.5654602050781,78792200
2021-09-16,417.04349768116214,418.01308559794103,413.9668385644041,416.9036560058594,77786700
2021-09-17,416.13478169530885,416.55565067502687,412.4870792787578,412.8424987792969,118425000
2021-09-20,406.7443909772057,408.3156924628671,401.1138511721646,405.958740234375,166445500
2021-09-21,408.2875973593277,409.5783193704684,405.0514587158713,405.5752258300781,92526100
2021-09-22,407.83862947573203,411.5611435713708,405.68744521806696,409.5315246582031,102350100
2021-09-23,411.3928705495989,416.1068038316686,411.15904489037365,414.5074157714844,76396000
2021-09-24,412.87986556448413,415.90090238586725,412.6647357516255,415.1900634765625,62094800
2021-09-27,414.1613047794656,415.3210707653603,413.31017606482214,414.0023193359375,61371100
2021-09-28,411.24311932770905,411.57048088015347,404.9298280542011,405.65936279296875,130436300
2021-09-29,407.03421662986824,408.76453162074705,405.7809149533123,406.34210205078125,82329200
2021-09-30,407.81058970767697,408.5120665894425,401.03900867618046,401.375732421875,140506000
2021-10-01,403.0966548978282,407.819920791209,399.5892707562588,406.1457214355469,129240100
2021-10-04,404.9860171201443,405.8838996048128,398.77559428852743,400.9081115722656,128570000
2021-10-05,402.40463969595737,407.31497905621285,401.60965520550303,405.0796203613281,90682500
2021-10-06,401.49724350728303,406.96876815418193,399.8791886529931,406.76300048828125,113032200
2021-10-07,410.0272332659466,413.1043576140897,409.84952352630745,410.2797546386719,72437500
2021-10-08,411.04673863158837,411.4302160683865,408.90488798924395,409.5315246582031,74557400
2021-10-11,408.8768487322521,411.77629222213716,406.5011723645591,406.566650390625,65233300
2021-10-12,407.48324414407466,407.8854173602366,404.7802062753356,405.56585693359375,71181200
2021-10-13,406.5853090624002,407.83861088635894,403.62041636017756,407.02490234375,72974000
2021-10-14,410.67253036010317,414.02092865194055,410.2048791998145,413.87127685546875,70236800
2021-10-15,415.975750769938,417.388066556168,415.3584477483374,417.0232849121094,66260200
2021-10-18,415.24622902810097,418.59459923333367,414.5915058971594,418.2579040527344,62213200
2021-10-19,419.8759589330048,421.5501296498801,419.26798954865865,421.48468017578125,46996800
2021-10-20,421.9429812918315,423.4394708582434,421.8307495694043,423.1401672363281,49571600
2021-10-21,422.54160853266404,424.46832943743675,422.1113773662151,424.2438659667969,41305400
2021-10-22,423.813530857875,425.25390437527966,421.8680861122343,423.8041687011719,58845100
2021-10-25,424.8891720800844,426.40435739743305,423.1214653908989,426.0769958496094,45214500
2021-10-26,427.6203353375782,428.826855070524,426.0864254618151,426.4605407714844,56075100
2021-10-27,426.918846485335,427.58290328215884,424.4963878416024,424.57122802734375,72438000
2021-10-28,425.9928363723962,428.742627797446,425.98350275745725,428.6678161621094,51437900
2021-10-29,426.37627119478094,429.8275390968546,426.08632975417635,429.53759765625,70162400
2021-11-01,430.5196789876019,430.893822778383,428.55556680181957,430.2765197753906,48433600
2021-11-02,430.4448731294371,432.32484009362486,430.31391709227427,432.01617431640625,48908400
2021-11-03,431.4550309735482,435.05595130001086,431.0154376576969,434.6537780761719,52509800
2021-11-04,435.2523818386185,436.78629172441015,434.90632446133264,436.7021179199219,52847100
2021-11-05,438.9187009079529,440.2000606050428,436.71140098602126,438.21722412109375,66390600
2021-11-08,439.3116013484249,439.8073105381087,437.908647580282,438.5914001464844,50405200
2021-11-09,438.9562129182513,439.190038562837,435.7387697652981,437.1417236328125,51149100
2021-11-10,435.45806257315104,437.14162395618587,432.1471127518589,433.6248779296875,69429700
2021-11-11,435.1119743121017,435.1868144801551,433.7464409483171,433.76513671875,34848500
2021-11-12,435.02789318029676,437.59061289028136,434.08322852376944,437.0387878417969,53466700
2021-11-15,438.32015203819657,438.4791374698599,436.06606971793025,437.18841552734375,46980500
2021-11-16,436.92653290815355,440.0504396595338,436.8517212713006,438.9187316894531,48857500
2021-11-17,438.65688553568276,438.8345952994172,437.23523596897536,437.8525390625,47858300
2021-11-18,438.88128203134477,439.601483135465,436.1689108233059,439.339599609375,50625600
2021-11-19,439.2273148387784,440.4712829256674,438.1891429500095,438.5539245605469,57315600
2021-11-22,440.42457739014736,442.9031231346711,437.11359877761777,437.3193664550781,72762000
2021-11-23,436.9919864914119,438.7503595623578,434.4012091306797,437.89923095703125,73206500
2021-11-24,435.90706300520714,439.18998377950254,435.09335443045563,439.0683898925781,61858800
2021-11-26,432.4277521953583,433.88682180438246,428.1534129420354,429.2757873535156,112669600
2021-11-29,434.0458252551393,436.37471927780655,431.8572208947111,434.5415344238281,86268800
2021-11-30,432.10971456592034,434.0083773215289,425.8431769850362,426.08636474609375,148559600
2021-12-01,431.77298036427726,434.6069452761653,421.1572932336897,421.35369873046875,131939200
2021-12-02,421.56886098846877,429.36927957856614,421.176021421513,427.80731201171875,127637800
2021-12-03,429.4628587252186,430.51972656716913,419.8760081618024,424.0848693847656,137331600
2021-12-06,426.61951391631123,430.9780267874127,424.2157797535011,429.107421875,98977500
2021-12-07,434.36381305031244,438.5446161321875,428.976461819127,437.9834289550781,95484700
2021-12-08,438.37629263787375,439.59217446913857,436.62725298872556,439.1432189941406,72238800
2021-12-09,437.8618472439546,439.24610518022257,435.9819086816433,436.1783142089844,61272600
2021-12-10,438.8720447732283,440.4339841150365,436.3280205855886,440.2843322753906,77159800
2021-12-13,439.7698232123747,440.115880522037,436.10342536649597,436.384033203125,87724700
2021-12-14,433.12910099096547,435.6076461616505,430.4728461152919,433.3816223144531,97264100
2021-12-15,433.4378558520737,440.39647953000116,430.9312236978613,440.1533203125,116899300
2021-12-16,441.99589716215934,442.276476487203,434.7285786686983,436.2718505859375,116568600
2021-12-17,433.20542255890297,436.19952155606984,429.9297585264146,431.62860107421875,135511600
2021-12-20,426.5696462517917,427.4331314987916,423.43476458066107,427.0389404296875,107134800
2021-12-21,430.4460118667737,434.76352423036354,428.2872700067012,434.62274169921875,69806300
2021-12-22,434.3693066437573,439.08100980710736,434.1721824687357,438.9683837890625,58890200
2021-12-23,439.96331276152887,443.19205915092374,439.860081786321,441.69970703125,56439700
2021-12-27,443.07001273264143,447.9976015537163,443.0230947726751,447.95068359375,56808600
2021-12-28,448.38240050434825,449.40545830656606,446.8243405006627,447.5845947265625,47274600
2021-12-29,447.6878713629644,449.1708283192884,446.6929700259556,448.15716552734375,54503000
2021-12-30,448.57947325578937,449.58376955280687,446.45828329869533,446.9181823730469,55329000
2021-12-31,446.4301930229222,447.5752433544864,445.5197611440757,445.79193115234375,65237400
2022-01-03,447.04960339482227,448.5044324704969,444.750079206989,448.3730163574219,72668200
2022-01-04,449.7902944480765,450.503630734945,446.3738192251194,448.22283935546875,71178700
2022-01-05,447.85686371156027,448.62651310720656,439.522193776869,439.6160583496094,104538900
2022-01-06,439.15605445865026,441.90611105914354,436.84710682230235,439.2029724121094,86858900
2022-01-07,439.21243352735695,440.385668974707,436.1150747602866,437.4666442871094,85111600
2022-01-10,434.2848710913376,437.13815924974546,428.55947603097115,436.92230224609375,119362000
2022-01-11,436.6594768734693,440.9957505518421,433.674744093411,440.9018859863281,74303100
2022-01-12,442.6289048560433,444.1400470908077,440.1416512981123,442.0939025878906,67605400
2022-01-13,443.1920935855011,443.83972192368026,434.97944444252323,436.00250244140625,91173100
2022-01-14,432.8676006358353,436.52808978679013,431.6568135400959,436.1808166503906,95890900
2022-01-18,431.5065888243464,431.71307940228024,427.3486494050049,428.4561767578125,109709100
2022-01-19,429.9954920501737,431.3845844979552,423.735095055278,424.0072937011719,109357600
2022-01-20,425.8844802762519,430.5680271579056,417.2025377031272,419.3143615722656,122379700
2022-01-21,418.1974651021742,420.5439362137734,411.0548207873205,411.0829772949219,202271200
2022-01-24,405.4983919140663,413.3356116835618,394.92050974188936,412.8287658691406,251783900
2022-01-25,406.4651304888225,412.7161332894427,400.9180690579554,407.7885437011719,167997300
2022-01-26,413.6546772543713,416.7707975901355,402.5230040310263,406.76544189453125,186391100
2022-01-27,411.34574456850135,414.4712312098772,403.0767833933203,404.7568359375,149878300
2022-01-28,406.1084105135008,414.8560610276969,401.54688476779603,414.80914306640625,164457400
2022-01-31,414.1427300497246,422.62757707476004,412.800555532894,422.2803039550781,152251400
2022-02-01,423.0029616992407,425.7718085992646,419.49265067683643,425.1335754394531,123155400
2022-02-02,427.52703339584536,429.98613051980317,425.2274802659756,429.263427734375,117361000
2022-02-03,423.2564492415284,425.15238749253155,418.33822656188164,419.173583984375,118024400
2022-02-04,418.9389039958587,424.97402004258834,416.5736430884237,421.14459228515625,118454400
2022-02-07,421.90485354850045,423.2939459588078,418.46961678958075,419.79302978515625,84472900
2022-02-08,419.2955605639941,424.16683612077446,417.87828306849536,423.24700927734375,81012000
2022-02-09,427.2642707198518,429.76091964071566,427.067175149203,429.4418029785156,92589900
2022-02-10,423.62250082711057,429.6013045752705,419.73675960069767,421.7265625,140103700
2022-02-11,421.8109911505724,423.87586832148435,411.98397004230856,413.4106140136719,153214600
2022-02-14,412.9038039524639,414.48062552290673,408.6050532231465,412.0590515136719,123006300
2022-02-15,416.4798044209463,418.8731931731084,415.96356366027453,418.7042541503906,88482700
2022-02-16,416.66754036033973,420.5439150243388,414.79975861551924,419.173583984375,84863600
2022-02-17,416.00115999955716,419.1454369302685,409.6187702110395,410.2194519042969,102259100
2022-02-18,410.4728026773066,411.7211411385126,405.30120069692,407.5632019042969,132642900
2022-02-22,405.36692386987266,408.7552139612039,399.70720879424357,403.18939208984375,124391800
2022-02-23,406.08965770586263,406.6528164705641,395.47422526850164,396.0373840332031,132578000
2022-02-24,385.7785700815535,402.4291467489523,385.42193057202616,401.99737548828125,213942900
2022-02-25,403.22703207916936,410.95162651865934,401.5845020398336,410.8671569824219,121804500
2022-02-28,405.4984049648508,411.28950884797746,404.25009481231,409.81591796875,145615000
2022-03-01,408.32347338837735,410.32267110583143,400.88044619372215,403.57421875,137785900
2022-03-02,405.81744799908034,412.716078231037,405.0665887622246,410.99847412109375,117726500
2022-03-03,413.42002135958006,414.02070302306777,407.1596243152398,408.95233154296875,105501700
2022-03-04,405.2354800359034,406.7559884295787,401.6031480635813,405.62969970703125,113978200
2022-03-07,405.04789997332017,405.7518414252331,393.6065026167526,393.6722106933594,137896600
2022-03-08,393.85041590198745,400.97429762630316,389.62676857301784,390.6873779296875,164772700
2022-03-09,399.03152381738494,403.1331509298736,396.85399164926844,401.162109375,116990800
2022-03-10,396.57234376713836,400.2422276939095,394.620092580412,399.3505859375,93972700
2022-03-11,401.82842103783685,402.4384977081336,393.7659509253849,394.2727966308594,95636300
2022-03-14,395.04244919429476,398.4776572170098,390.2556430646185,391.3913269042969,95729200
2022-03-15,393.99127138077023,400.6270987320428,392.7241998621839,399.9982604980469,106219100
2022-03-16,403.4898261206009,408.9242329406932,398.7123854244223,408.867919921875,144954800
2022-03-17,406.96253340051334,413.9831848144531,406.587103776138,413.9831848144531,102676900
2022-03-18,412.3788587296018,418.8375640496455,411.6444865688326,418.5174560546875,106345500
2022-03-21,418.34795760108,420.34394183547073,414.9020489062175,418.3950500488281,88349800
2022-03-22,419.77904208379323,424.22294298577435,419.77904208379323,423.2908630371094,74650400
2022-03-23,420.76769294259685,422.2552571041615,417.7548676697066,417.839599609375,79426100
2022-03-24,419.8543815321978,424.1476383476217,418.7434134818091,424.1382141113281,64736900
2022-03-25,424.7690638457169,426.48260848847235,422.1987468815837,426.2095642089844,77101300
2022-03-28,425.61638352750333,429.2411804199219,423.73337514000565,429.2411804199219,68529800
2022-03-29,433.110769196489,435.04087012373685,430.43690060861235,434.55126953125,86581500
2022-03-30,433.41203287887015,434.221741418466,429.7684162817575,431.86798095703125,79666900
2022-03-31,431.10541007140074,431.9245142006821,424.7690759011227,425.22100830078125,121699900
2022-04-01,426.7932886594718,426.9345085502842,422.86723203273846,426.4261169433594,89048800
2022-04-04,426.6238275552801,430.1827124889648,425.8047234508301,430.0791320800781,59601000
2022-04-05,428.59148024604485,431.0487920562619,423.50736405781134,424.6465759277344,74214500
2022-04-06,420.7488934406168,422.6695416303583,417.5289359161613,420.4005126953125,106898000
2022-04-07,419.5248225851807,424.32649940320846,417.5853263725242,422.518798828125,78097200
2022-04-08,421.76563401623116,424.2700386147041,419.85438165587385,421.3890380859375,79272700
2022-04-11,418.13146105748064,418.96941367640034,413.68758834274337,414.18658447265625,89770500
2022-04-12,417.1616704401845,419.6754993093874,411.1078052988178,412.6518859863281,84363600
2022-04-13,412.4070334061759,418.1313656035258,412.22814533134397,417.378173828125,74070400
2022-04-14,417.6041663493815,418.7151631152427,412.0775414258065,412.1811218261719,97869500
2022-04-18,411.2584680800119,414.02649286644555,410.1286514899628,412.3506164550781,66002500
2022-04-19,412.24702736869455,419.7225732355812,412.0775635034835,419.0070495605469,77821000
2022-04-20,420.77703385456124,421.3890057859334,417.5382573839223,418.6962890625,65224400
2022-04-21,422.3022765002863,423.68628874029804,411.5314668018448,412.435302734375,85417300
2022-04-22,411.3525843005969,412.4541280731046,400.55353048054263,401.1184387207031,132471800
2022-04-25,398.88709289400344,403.6134335850115,394.33961156529534,403.4439697265625,119647700
2022-04-26,400.92073603730137,401.1184726141431,391.7316742351174,391.7599182128906,103996300
2022-04-27,392.83320621839357,398.1809719519438,390.7336702250882,392.8614501953125,122030000
2022-04-28,397.5877589877987,404.5078196004394,393.1721026317529,402.78485107421875,105449100
2022-04-29,398.81184328260866,400.95847215419366,387.1560142737863,387.8998107910156,145491100
2022-05-02,387.96568189359846,391.59047917730305,381.32805937170104,390.2347106933594,158312500
2022-05-03,390.7336728773015,394.4243533044233,389.18016793893156,392.0235290527344,100028200
2022-05-04,392.6825612700032,404.52670026180385,389.5096966956075,403.9617919921875,144247900
2022-05-05,399.7156598672005,400.13934831721525,385.4895429456549,389.6039123535156,172929100
2022-05-06,387.0523685069678,390.5359166827726,381.99649573119626,387.2783203125,151770800
2022-05-09,381.4033090134223,382.63667706111244,373.30636816919446,374.8786926269531,155586100
2022-05-10,380.829020441603,382.32600865511546,371.72469101869683,375.7449035644531,132497200
2022-05-11,374.7845967667288,380.4053781846459,369.03199096468177,369.7757873535156,142361000
2022-05-12,366.59347147586817,372.64733635025226,362.6203227573482,369.3897399902344,125090800
2022-05-13,373.50412408755506,379.59565742635624,372.46846371843355,378.2210693359375,104174400
2022-05-16,376.58291071803427,380.3395037850034,374.34212582460293,376.68646240234375,78622400
2022-05-17,382.74969701428194,384.67037360597254,379.03074397272616,384.43499755859375,83029700
2022-05-18,379.89692735498426,380.17936710911766,367.70443702868755,368.93780517578125,117674500
2022-05-19,365.8873321136663,371.08445332431154,364.4656516763447,366.6781921386719,98510700
2022-05-20,370.2465279725012,373.80541271191623,358.2800175928373,366.8382873535156,131432200
2022-05-23,369.85112637485844,374.46452049127714,367.5444580490805,373.701904296875,76414900
2022-05-24,369.59687394240024,372.03536628996494,364.3244448543885,370.8490905761719,91448800
2022-05-25,369.36150985252755,376.08386362206704,368.966094179277,374.1255187988281,91472900
2022-05-26,375.34947110301795,383.22985621992024,375.1423390412836,381.6010437011719,82168300
2022-05-27,384.04902332628,391.082061612425,383.8513154679152,390.9690856933594,84768700
2022-05-31,389.3589964806375,392.0987767709977,386.0449124993988,388.7752685546875,95937000
2022-06-01,390.8843473141323,391.8917350641577,383.1263324544133,385.6307373046875,86585800
2022-06-02,385.4707269388475,393.02158154719785,383.2299419693613,392.9745178222656,79609600
2022-06-03,388.276391835389,389.8204727754395,385.5554591792327,386.52520751953125,71874300
2022-06-06,390.517176236762,392.2401165686381,386.53460246104265,387.70208740234375,57508900
2022-06-07,384.22788209472355,391.8728918468309,383.76652548386954,391.42095947265625,59272400
2022-06-08,389.7168432014017,391.4963000067229,386.3745146420819,387.1653747558594,64350000
2022-06-09,385.3953050112038,387.6549092229484,377.9574279785156,377.9574279785156,86289800
2022-06-10,371.78114799019477,372.6284959437039,366.95122730303984,366.998291015625,132893900
2022-06-13,357.63035727236417,359.4756973620504,351.4634878478497,353.0640563964844,170004900
2022-06-14,354.8059683468426,355.83220478016125,348.9121411190856,352.0002746582031,104011800
2022-06-15,355.28597872744456,361.44342367912293,350.3525063636279,357.01837158203125,125666800
2022-06-16,348.8367050199727,349.24154490080923,342.78281161668144,345.2024841308594,134473300
2022-06-17,345.61575893672597,349.2751150795737,342.45755440518343,345.9466857910156,111113900
2022-06-21,351.64851628810544,356.03595201089433,351.5728544262298,354.6554260253906,76811900
2022-06-22,350.4476289196659,358.10676218449237,350.03157524112396,354.012451171875,90059400
2022-06-23,356.1399101885615,358.21068433345846,352.59401859110676,357.48260498046875,79292100
2022-06-24,360.6408676942553,368.85788413601364,360.6125017111181,368.8484191894531,98050300
2022-06-27,369.76567268561445,370.0587975017824,366.3521738911523,367.4395751953125,66009600
2022-06-28,368.99029067465796,371.76080759717377,359.81823772369825,359.93170166015625,86548900
2022-06-29,360.48015261997824,361.4635259830783,357.82309960843037,359.6385803222656,65676000
2022-06-30,355.7616996920369,359.9411371004125,352.2820045953657,356.71673583984375,112508300
2022-07-01,356.0642664574983,360.9245159721641,353.45448087489706,360.4895324707031,74839700
2022-07-05,355.421319245886,361.1893095314971,352.60350658660883,361.1703796386719,81438000
2022-07-06,361.31223262960197,364.8675899225477,358.93886830851153,362.39019775390625,70426200
2022-07-07,364.15833249773976,368.6119642387714,362.4090202150527,367.81768798828125,64525900
2022-07-08,366.1914052999561,369.37800498002616,364.66904928186506,367.5152282714844,72397800
2022-07-11,364.84868487322194,365.81315719235283,362.6265865895648,363.3168640136719,58366900
2022-07-12,362.76841613095786,365.14180928001315,358.36205049936086,360.1018981933594,62219200
2022-07-13,354.68376178018957,361.1325642695577,354.2677081449695,358.2107238769531,84224600
2022-07-14,353.27487695591316,358.4187870987838,350.84478066367626,357.3408508300781,89704800
2022-07-15,361.7282870982627,364.2813411355363,359.82770841913714,364.1678771972656,79060400
2022-07-18,367.2409348746152,367.9122823241178,359.9411243028026,361.1609191894531,63203600
2022-07-19,365.0661316858812,371.48656848607965,364.413714078224,370.9192199707031,78506000
2022-07-20,371.1083094752707,374.6920322047229,369.74668471412105,373.2831115722656,71843800
2022-07-21,372.70632110715457,377.1315870823754,370.3140272958178,377.0843200683594,64903900
2022-07-22,377.2073701915935,378.3987705792751,371.3731817307929,373.5858154296875,72197300
2022-07-25,374.20980770925064,374.89062013717165,371.8080487473427,374.03961181640625,53631500
2022-07-26,372.40379790822186,372.6118247488071,368.7255405509069,369.6143798828125,52946400
2022-07-27,372.895505992854,380.95179241182774,372.6023811811029,379.2119445800781,82342100
2022-07-28,380.0156585921788,384.6583882201372,376.4792023544064,383.9681396484375,73966600
2022-07-29,385.39597518556786,390.54935081366597,384.63006466670873,389.5659484863281,87003700
2022-08-01,386.880471670519,390.90861443486426,386.17129323209457,388.41229248046875,69997500
2022-08-02,386.85206507545166,390.520885762128,384.67726296854556,385.8497619628906,63435400
2022-08-03,387.9678546966585,393.0550324074595,387.6841948771705,391.8919982910156,67820600
2022-08-04,391.8163247050197,392.49713710795265,389.9913792556796,391.6272277832031,45656600
2022-08-05,387.36270800499386,391.6083135328843,387.3059760405287,390.96533203125,56814900
2022-08-08,392.64844425670384,394.8894434033857,389.4145780273554,390.5114440917969,53886100
2022-08-09,389.78342737869485,390.2845790454968,387.8922846576991,388.9607849121094,44931800
2022-08-10,395.9862990766892,397.27229089166696,394.0384247471789,397.13043212890625,68665700
2022-08-11,399.9671456794408,401.82048597583395,396.392887760029,397.13043212890625,59489700
2022-08-12,399.0593716519972,403.9574230425104,398.11380054850633,403.8534240722656,61694500
2022-08-15,401.6502565276743,406.0377206189218,401.59352456585145,405.51763916015625,54048300
2022-08-16,404.44920466821014,408.2314897011034,403.6454633274114,406.3119812011719,59289000
2022-08-17,402.7282954712,406.12289314083716,401.4328673441197,403.4280090332031,63563400
2022-08-18,403.6264978547886,405.2812474108149,402.34053490810277,404.6004638671875,49023200
2022-08-19,401.8488402510194,402.11359902042835,398.2934834704918,399.1634216308594,68016900
2022-08-22,394.3504946497515,394.52071941279587,389.95359392592934,390.8518981933594,77695600
2022-08-23,390.42636368047374,392.8092217006566,389.3578635500323,389.90631103515625,49105200
2022-08-24,389.67933184867115,392.51604543751745,388.9985482896292,391.1544494628906,49177800
2022-08-25,392.639057923634,396.7239332870282,391.5516565876531,396.6766662597656,50942300
2022-08-26,396.5631405668187,397.102094248587,383.1927492346699,383.2494812011719,103087000
2022-08-29,380.3088043159643,383.75066898657906,379.36323297639854,380.71539306640625,65370800
2022-08-30,381.8689239380466,382.10531673126604,374.44618445964664,376.535888671875,85652400
2022-08-31,378.16230081283413,379.4009968343616,373.53847243354284,373.67083740234375,76029700
2022-09-01,371.50548804103204,375.18374505731157,368.8106043103933,374.8433532714844,78740100
2022-09-02,378.49317687221026,379.7035066559768,369.0847334285172,370.8907775878906,99632100
2022-09-06,371.7324237676469,372.6685300550319,367.2787913361997,369.4914245605469,76637400
2022-09-07,369.17937898507915,376.89524390582346,368.96191606413413,376.12933349609375,70964200
2022-09-08,373.8694381880067,379.04168533112323,372.6685442072661,378.58782958984375,80821700
2022-09-09,380.8193790648535,385.3297726688279,380.55462025307344,384.46929931640625,76706900
2022-09-12,386.5306673178505,389.32011442970696,386.2280775508701,388.6014709472656,69256300
2022-09-13,379.9588585471244,381.1597524265052,370.58827344881297,371.70404052734375,122947100
2022-09-14,372.9994466237355,374.6352950749649,369.8317775514849,373.12237548828125,85023700
2022-09-15,371.57167994308946,374.40839376655435,367.6191989412992,368.8862609863281,87633800
2022-09-16,364.7238414484203,366.72717860017747,362.79641901083147,366.0720520019531,103084800
2022-09-19,362.9388349935968,368.910888671875,362.8628623346067,368.910888671875,73278500
2022-09-20,365.5973340819425,366.6037545982577,361.9324497442443,364.6763610839844,77274900
2022-09-21,366.5942260628629,369.6324950611645,358.3054986149796,358.31500244140625,106746600
2022-09-22,357.5459378785754,359.1790024904426,354.5646626886457,355.30523681640625,89472600
2022-09-23,351.849185813524,351.8871721443201,344.9276764863623,349.3521423339844,122346900
2022-09-26,347.8899804357397,351.49789961299837,344.6808163277676,345.8961181640625,92581200
2022-09-27,349.41861164213634,351.6783204261148,342.6300104380139,345.0131530761719,108294100
2022-09-28,345.96264208515834,353.48231433980953,344.2726122472369,351.8017883300781,110802200
2022-09-29,348.2697422736175,348.55456731120603,341.51912810704937,344.45294189453125,112952300
2022-09-30,343.51294405259347,347.4152207218765,338.9935561579165,339.12646484375,153711200
2022-10-03,342.8294068400838,349.9218411560904,341.05392954790506,348.07989501953125,89756500
2022-10-04,353.57721811383504,358.8941746443229,348.04190536505,358.8656921386719,103602800
2022-10-05,354.517213813191,360.2803868520497,352.2005400048697,358.0301818847656,88065700
2022-10-06,356.6344579970455,359.57777574073987,353.8430566051313,354.3367919921875,82333500
2022-10-07,350.32056946949496,354.42222386124985,342.69644356252195,344.45294189453125,107789500
2022-10-10,345.5637937626023,345.80115762255645,339.5917399082143,341.82293701171875,76042800
2022-10-11,340.1329919980164,344.68089279774125,337.7308702974475,339.65826416015625,92482800
2022-10-12,340.066449523059,341.63304512033494,338.29094360606194,338.5378112792969,76991800
2022-10-13,331.55934562012055,348.934398580659,330.5149387795829,347.47222900390625,147254500
2022-10-14,349.921841160499,351.545431058521,338.9176545048849,339.5538024902344,123737000
2022-10-17,345.611359342469,349.38069942012754,339.2215124070173,348.2793273925781,93168200
2022-10-18,356.16931319123086,356.47314596226914,348.94394041324443,352.3714904785156,97162900
2022-10-19,350.3396136218043,353.05507171298586,347.0734840300101,349.8743896484375,79746900
2022-10-20,349.42812063236454,353.8336082385052,346.18096994205536,346.9405517578125,88283100
2022-10-21,346.6651844936338,355.8559066992739,345.1650575657833,355.3717041015625,131038400
2022-10-24,356.8908256086108,360.85003863790973,354.2513116223034,359.7201843261719,85436900
2022-10-25,359.64424976923016,365.77772406360737,359.53031974752065,365.46441650390625,78846300
2022-10-26,362.3312221104294,367.9899690715865,362.0748795431326,362.71099853515625,104087300
2022-10-27,363.7078613534191,365.54030319202553,360.1568787050726,360.7740478515625,81971800
2022-10-28,360.6696356798568,369.8318749398546,360.4892368270884,369.3571472167969,100302000
2022-10-31,366.9075331139263,368.7684575139983,365.7871827386335,366.68914794921875,96631300
2022-11-01,370.42058959281826,370.65795347224923,363.9168135013934,365.0846252441406,85407600
2022-11-02,364.49600742245565,368.98694294470477,355.8179981060472,355.92242431640625,126990400
2022-11-03,352.69424875731005,355.2862727989772,350.1497148774445,352.25750732421875,87100100
2022-11-04,357.94474652084614,359.72022378402096,351.29855759340336,357.3276062011719,103505200
2022-11-07,358.61883592099326,361.3342937720169,356.5490298438672,360.7456359863281,68286900
2022-11-08,361.8469263692216,365.654251719313,358.62828769445593,362.69195556640625,84641100
2022-11-09,360.7266178571878,361.87547986372505,354.7260521981255,355.21978759765625,78495500
2022-11-10,368.4361720364201,375.07288526749676,366.1480099232559,374.7405700683594,141455800
2022-11-11,375.59507007118657,379.16503175995996,373.71513788878525,378.36749267578125,93839900
2022-11-14,376.6110037402308,379.953076506213,374.873484033921,375.1488342285156,71903500
2022-11-15,380.8740658346402,381.9754376853018,374.55068876407796,378.3485107421875,93194500
2022-11-16,376.7249517855088,377.67440728463805,374.8355446142679,375.4621887207031,68508500
2022-11-17,370.7244135980539,374.98748880867356,370.420609836842,374.3133544921875,74496300
2022-11-18,377.6364392872866,377.7029081294727,373.1740156097614,376.01287841796875,92922500
2022-11-21,374.69308951984544,375.8134399275281,372.8131574140973,374.6455993652344,51243200
2022-11-22,376.58251647845884,379.84864551592176,375.1773119937102,379.6872253417969,60429000
2022-11-23,379.3549333957438,382.56409762142516,379.1270733477937,382.07989501953125,68261600
2022-11-25,381.51965705763075,382.5450851329431,381.24433584905154,381.994384765625,30545400
2022-11-28,378.9181872794732,380.5512518780544,375.13934400569946,375.89892578125,67881600
2022-11-29,376.031857943791,377.218677377997,373.4208551885378,375.2533264160156,52310000
2022-11-30,375.50014044810706,387.0740051269531,373.5917546265289,387.0740051269531,144566700
2022-12-01,388.1089126426204,389.27675333365096,384.29211197998836,386.7891845703125,76398200
2022-12-02,381.918429921581,387.24486074159796,381.81400373691196,386.3428955078125,85342700
2022-12-05,383.5325856510467,384.46303355724604,378.044733664679,379.3929443359375,77289800
2022-12-06,379.23152341918535,379.7726910257881,371.8447608883039,373.9240417480469,77972200
2022-12-07,373.07902147703123,375.642562745206,372.1580485447694,373.28790283203125,65927900
2022-12-08,375.16784142056355,377.2756047091014,373.39233538526526,376.21221923828125,60737900
2022-12-09,374.9779857119684,377.5225196894714,373.27845212602426,373.4018859863281,81447700
2022-12-12,374.18991841017703,378.7853088378906,373.5253169004451,378.7853088378906,75405800
2022-12-13,389.48562607620295,389.74196862339903,378.89920332598314,381.6526184082031,123782500
2022-12-14,381.3107822890158,385.00417782900206,376.2786800874481,379.2124938964844,108111300
2022-12-15,374.37028116191146,375.27227545068706,368.28429708214924,369.93634033203125,117705900
2022-12-16,367.39060804195844,368.72594377762675,363.4418274301868,365.5688171386719,119858000
2022-12-19,365.759577222778,366.0934184203677,360.8092731762787,362.4689025878906,79878100
2022-12-20,361.7154394063112,364.5768857232749,360.39916944320595,362.9649353027344,74427200
2022-12-21,365.5497098013311,369.51758489971746,365.01557556771496,368.39208984375,78167400
2022-12-22,365.35900443658744,368.37306481720873,357.4614135029072,363.1366271972656,100120900
2022-12-23,362.1160465590039,365.36856088727086,360.5708701156697,365.2254943847656,59857300
2022-12-27,365.11100414194533,365.45436371312377,362.1160098220325,363.7851867675781,51638200
2022-12-28,363.7184005781533,365.6832870108895,359.0351927479394,359.26409912109375,70911500
2022-12-29,362.0969531215619,366.59896307537,361.57233717485457,365.7309875488281,66970900
2022-12-30,363.0603000709137,364.91067512789425,360.9523471240934,364.7676086425781,84022200
2023-01-03,366.61805852310664,368.5829161214832,360.380097012264,363.2320251464844,74850700
2023-01-04,365.48302557821637,368.05833913682085,362.4498991972039,366.0362548828125,85934100
2023-01-05,364.0903838205467,364.20483700123856,361.26709863365966,361.85845947265625,76970500
2023-01-06,364.9393357955822,371.2726847102666,361.88714364948856,370.1567077636719,104189600
2023-01-09,372.3408937056104,375.5171151232303,369.76560972422254,369.9468078613281,73978100
2023-01-10,369.3649760616946,372.607942270048,368.4302265858901,372.5411682128906,65358100
2023-01-11,374.1151108805471,377.3294648606597,373.3043617824191,377.2531433105469,68881100
2023-01-12,378.3499708858858,380.08589280712,374.2962553998828,378.6265563964844,90157700
2023-01-13,375.4408047607676,380.66772351572655,375.1737376190185,380.0954284667969,63903900
2023-01-17,380.07633872093464,381.7455155288635,378.7219081606364,379.39910888671875,62677300
2023-01-18,380.5818900873673,381.6406112039505,373.20888660482075,373.4091796875,99632300
2023-01-19,371.3775455516614,373.01810918357603,369.37455652309,370.6908264160156,86958900
2023-01-20,372.08338384027553,377.749049499946,370.44282022993093,377.596435546875,91806400
2023-01-23,378.3976836413568,384.0538025302996,377.4438681481197,382.1271057128906,84178800
2023-01-24,380.4579061003212,382.6230566629975,379.2751842732551,381.7169494628906,59524900
2023-01-25,377.66320358749766,382.19382654932406,375.383570904274,381.8599853515625,84800300
2023-01-26,384.5115864864833,386.21892411230044,381.55475308151983,386.0567626953125,72287400
2023-01-27,385.01709018056243,389.3092590605459,384.80724964877123,386.94378662109375,68346200
2023-01-30,384.196790848311,386.4191967958499,381.79318677341877,382.0888671875,74202000
2023-01-31,382.6039606559222,387.75455778693544,382.2605719895161,387.7068786621094,86811800
2023-02-01,386.495567469355,394.56486749175457,383.7676691333913,391.827392578125,101459200
2023-02-02,395.69978979973183,398.9904641316318,393.8112541902346,397.5311279296875,101654500
2023-02-03,392.58087711398565,397.71240862486854,392.1039694138387,393.3057861328125,94736800
2023-02-06,390.86409001480433,392.29481336773335,389.25213937518635,390.9022216796875,60295300
2023-02-07,389.98652766410515,397.25459690875016,388.746579192855,396.0146484375,90990700
2023-02-08,394.04976837031427,395.38510413414,390.99754738888123,391.6842956542969,76227500
2023-02-09,395.27066286428095,395.4232768287697,387.06784419886776,388.2887268066406,78694900
2023-02-10,387.115514984604,389.57637508525863,386.304795158678,389.1948547363281,70769700
2023-02-13,389.84338297011766,393.8970979159843,389.38554115612743,393.7635498046875,64913500
2023-02-14,392.24703262517374,395.8810669412816,389.6431352333331,393.5823974609375,88389300
2023-02-15,391.39817989035606,394.9368270971994,390.5588176281302,394.86053466796875,61555700
2023-02-16,389.9101917236614,393.83990637535055,389.2902175572194,389.4237365722656,76431500
2023-02-17,387.30627658309317,388.6893205477336,385.3890983264304,388.45086669921875,89257800
2023-02-21,384.4447899703579,385.4939926151098,380.40062243945897,380.65814208984375,82655900
2023-02-22,381.06829584759197,382.60395368803114,378.68375748701857,380.1335754394531,83742300
2023-02-23,383.01409817857655,383.62455398812614,377.94934088551855,382.1556701660156,96242400
2023-02-24,377.1577095966057,378.90317902341906,375.45991929796907,378.0733642578125,108194400
2023-02-27,381.4021114776833,382.7565419832926,378.4262124604374,379.3609619140625,80444700
2023-02-28,378.8840643154278,380.8393740486185,377.85392748484423,377.9588623046875,96438600
2023-03-01,377.14810224642,378.36898463689715,375.21185839805094,376.509033203125,99706800
2023-03-02,374.54423904245056,380.27667913690243,374.2103978176706,379.43731689453125,85127800
2023-03-03,381.2495406253721,385.770645358477,380.6009531474197,385.52264404296875,90120000
2023-03-06,386.3429340367841,388.6321143894144,385.35098693265746,385.78973388671875,72795900
2023-03-07,385.74202541995913,385.9804792628776,379.2656108960152,379.87603759765625,108310600
2023-03-08,379.99054222005736,381.24955646245974,378.2736569852848,380.4960632324219,74746600
2023-03-09,381.2781550603871,382.93781363415775,372.4935234600931,373.4759521484375,111945300
2023-03-10,372.93231453200684,375.00210698292204,366.57038142194835,368.0869445800781,189253000
2023-03-13,364.17625337042944,372.3600057541109,363.0698240200609,367.5622863769531,157790000
2023-03-14,372.46485827708165,375.27862493164645,369.1741839934809,373.6380615234375,149752400
2023-03-15,368.06785035886526,371.5015626213284,365.98851059869224,371.30126953125,172996900
2023-03-16,368.95487198316505,378.1591845711939,368.4493509964938,377.8157958984375,143254200
2023-03-17,376.4907554684151,377.62054625365727,372.01942420856767,373.3981628417969,140553400
2023-03-20,374.17369470613346,377.4003451216976,373.4747707102602,376.9886169433594,93055800
2023-03-21,380.3396653906553,382.41735696574256,378.75028553737957,381.9386291503906,91524200
2023-03-22,381.7663604355686,385.3663743630111,375.3897013215942,375.427978515625,111746600
2023-03-23,378.2811083450335,382.3024333278602,373.7427784049594,376.44281005859375,119351300
2023-03-24,375.169400500622,378.9992229180059,372.8332064884797,378.9130554199219,107682400
2023-03-27,381.18223941875726,381.94822147173227,378.7311552876925,379.62158203125,74010400
2023-03-28,378.9321907858517,379.6215599838787,376.9406960022324,378.7694396972656,62871700
2023-03-29,382.9151805733512,384.5141441543579,381.7183611687493,384.2747802734375,77497900
2023-03-30,386.89829489648224,387.14724274445774,384.6674358301581,386.52490234375,69840000
2023-03-31,387.4440026260915,392.26958723104974,387.3386673117375,391.9727783203125,112062600
2023-04-03,391.45576785501316,393.8685456943349,391.0632075126421,393.4664306640625,67391100
2023-04-04,394.10789340859714,394.3951476376342,389.9142329500153,391.2834167480469,66601500
2023-04-05,390.55568949256184,391.3120875440854,388.61205593172843,390.2588806152344,65200200
2023-04-06,389.4642249836437,392.05895083799805,388.4206018294357,391.7812805175781,63743300
2023-04-10,389.31104357827485,392.26002346239954,388.69828713147245,392.18341064453125,63681000
2023-04-11,392.80576103470116,393.6866038625685,391.5227739807362,392.2887268066406,59297900
2023-04-12,394.3472458215589,394.63450004221784,390.1057243914606,390.68975830078125,86420400
2023-04-13,391.7716880699347,396.2334348165877,390.6323135315357,395.8791809082031,85814800
2023-04-14,395.2472552060106,397.4302528676945,392.6142522306835,394.9121398925781,78161500
2023-04-17,394.82595033401935,396.34830119021314,393.6004083681965,396.32916259765625,66436400
2023-04-18,397.89938650253947,398.0334443121423,395.2185225027445,396.5876770019531,63560000
2023-04-19,394.68236324131743,397.42067233366515,394.62491824072464,396.52069091796875,55227300
2023-04-20,393.7153643600863,396.09944900781187,392.81535363221457,394.35687255859375,75840400
2023-04-21,394.65359358487166,395.1227374400652,392.71954395114506,394.6631774902344,73457400
2023-04-24,394.4621959673284,395.49626456860597,393.13134763213804,395.0749816894531,64332100
2023-04-25,393.11213941820307,393.667480074213,388.74614386404556,388.8035888671875,97766700
2023-04-26,389.4164101170101,390.4887558993044,386.60148782887217,387.15679931640625,80447000
2023-04-27,389.68441963730396,395.1323442051522,389.4354718372607,394.8642578125,92968400
2023-04-28,393.9834220992783,398.2441114946902,393.9259770969372,398.2345275878906,89433100
2023-05-01,397.79415208370165,399.852676156497,397.60264924097265,397.83245849609375,62122300
2023-05-02,397.1238469456253,397.1717372569502,390.4695480864417,393.3610534667969,103998500
2023-05-03,393.85893960371277,396.2621626197753,390.42167734881843,390.6610412597656,91531800
2023-05-04,389.617390281609,389.9429216709352,386.56310465857086,387.89398193359375,94901900
2023-05-05,391.51324503248986,396.1186049794172,391.2547424917862,395.0749816894531,87891800
2023-05-08,395.4004926700738,395.6589951973901,393.7823901542241,395.1802673339844,50046800
2023-05-09,393.63876845358556,394.557917748492,393.2174856060807,393.447265625,49220100
2023-05-10,396.2717004907046,396.90362464850057,391.47483892243093,395.2855224609375,96142900
2023-05-11,394.4237953978646,394.8833553264757,392.52802303467666,394.59613037109375,70157100
2023-05-12,395.83129212496243,396.04193351781123,391.6663545777214,394.0791320800781,70481500
2023-05-15,394.6824140250921,395.84092731174917,392.7770864154088,395.4388122558594,54289400
2023-05-16,394.33769327560117,395.25687179173696,392.7866197060623,392.79620361328125,57705500
2023-05-17,394.80685403141115,398.16750358670436,393.16961300605146,397.5643310546875,87287000
2023-05-18,397.2483654807399,401.8154478860798,397.02816936927354,401.3941650390625,97177200
2023-05-19,402.2941323052739,402.8207211975793,399.594100500681,400.81005859375,103793300
2023-05-22,400.82922685915275,402.50477416103354,399.5941009523831,400.97283935546875,60745400
2023-05-23,399.33556115944674,400.90580233866484,396.080218025508,396.4727783203125,86383500
2023-05-24,394.8739269391117,395.2569034085214,392.44198106855094,393.6004943847656,89213700
2023-05-25,397.09510914438385,398.4547088944683,394.8642505486263,397.0089416503906,90961600
2023-05-26,397.6600433469777,402.8686044347789,397.5834597512282,402.1505126953125,93830000
2023-05-30,404.0750403987033,404.60162936229705,400.92500286690074,402.3037414550781,72216000
2023-05-31,400.4845443720238,401.38455501215435,398.51218808898716,400.0728454589844,110811800
2023-06-01,400.3026119453019,404.9271388982078,399.05793134165066,403.8739318847656,88865000
2023-06-02,406.43990546910896,410.4995078956091,405.9133165725639,409.71441650390625,91426200
2023-06-05,410.05914256559197,411.3421297490295,408.2303985985282,408.9293518066406,65460200
2023-06-06,408.51760703277364,410.34632157550055,407.8665149969257,409.8197326660156,64022200
2023-06-07,410.21228457452565,411.3420751836078,407.9813966367141,408.4026794433594,85373300
2023-06-08,408.4697625854569,411.32299120581996,407.7038096821584,410.87298583984375,61952800
2023-06-09,411.6676134571485,413.6112472123868,410.62399032938276,411.61016845703125,85742800
2023-06-12,412.58679062643665,415.4208510939883,411.86869890795646,415.34423828125,76104300
2023-06-13,416.79956309947863,418.72402891389044,416.1389164228339,418.0825500488281,95899700
2023-06-14,418.41766273627127,420.3804349424088,415.1431518715733,418.5804138183594,100612100
2023-06-15,417.7666014534157,425.0145475724995,417.6708792659641,423.7698669433594,110303100
2023-06-16,425.7475863594146,426.3145800008913,421.85549893581907,422.3263854980469,114165800
2023-06-20,420.39477647392715,421.278891227802,418.0691141682308,420.1352844238281,76160400
2023-06-21,419.15507151836675,419.9526987151209,417.39640282400495,417.9826354980469,76982300
2023-06-22,417.0312661321085,419.59715234538584,416.69490598831976,419.491455078125,70637200
2023-06-23,416.0509251327944,418.097885419732,415.60886781711713,416.32000732421875,92074500
2023-06-26,415.7531586783148,417.6655638722917,414.37891805478125,414.6191711425781,72823600
2023-06-27,415.493629733563,419.77973592551575,415.0419528273242,419.1647033691406,72813700
2023-06-28,418.08837741440095,420.3852108229733,417.4733448104481,419.37615966796875,75636000
2023-06-29,418.96288231167824,421.1924377171977,418.559273599848,421.029052734375,67882300
2023-06-30,424.22923858544607,426.97771946925525,423.91208812792,425.99749755859375,104964000
2023-07-03,425.6515034890419,426.76625174608176,425.37280176090064,426.4875793457031,32793400
2023-07-05,424.68089648543395,426.58371116207974,424.67127697873804,425.85333251953125,58418400
2023-07-06,422.2880126868195,422.94149397333916,420.0200085430969,422.5186462402344,80658300
2023-07-07,421.5287406529986,425.38240854551253,421.2115902375523,421.45184326171875,86134200
2023-07-10,421.0963375627214,422.69162140529556,420.52934385873226,422.5186462402344,62443500
2023-07-11,423.27785797330125,425.6995982894802,422.3072262142427,425.20947265625,64463800
2023-07-12,428.98627543991233,430.03377528061355,427.5639667416878,428.63067626953125,91924500
2023-07-13,430.43733958982216,432.82066029903234,430.0049017154937,432.0326232910156,72425200
2023-07-14,432.9168067475371,433.76247288793445,431.00437243683245,431.7635803222656,69815800
2023-07-17,431.6194032211896,434.3102255823968,431.5713350157398,433.2627258300781,52680200
2023-07-18,432.93600974084484,437.12600898753516,432.5035425061128,436.4821472167969,80668200
2023-07-19,437.2701031178253,438.634723807971,436.40516880891107,437.45269775390625,65891700
2023-07-20,436.4629715395292,437.3567059446653,433.8393973884411,434.550537109375,70591600
2023-07-21,436.2611378394522,436.4629715395292,434.5409469292057,434.550537109375,71275600
2023-07-24,435.6940732292396,437.298976422026,434.6657831913127,436.4917297363281,54023400
2023-07-25,436.2226826187103,438.93271480747865,436.1746144107411,437.68341064453125,55191200
2023-07-26,436.7511800509619,439.17292003925695,435.7036803578111,437.7506408691406,71052900
2023-07-27,441.12379698695344,441.5274350037331,433.94503488324995,434.848388671875,92194400
2023-07-28,438.10622153007387,439.93213874075076,434.84837627989594,439.1056823730469,80011800
2023-07-31,439.5766441259426,440.2974033582614,438.26965213423165,439.94183349609375,62040400
2023-08-01,438.4811191599575,439.4229218741863,437.73153065770066,438.6829528808594,55291500
2023-08-02,435.5787978326574,435.83826057949295,431.83085596175755,432.5804443359375,93933400
2023-08-03,430.5718697752152,433.2146530519303,429.9279787635821,431.3406677246094,64276100
2023-08-04,433.14742331097347,435.2424228845315,428.87090725675444,429.3898620605469,100128900
2023-08-07,431.21576252551705,433.29155233174345,430.5238325901082,433.1377868652344,58357500
2023-08-08,430.61032036745866,433.12819688898776,427.90987851511386,431.25421142578125,71361300
2023-08-09,431.5233041246725,431.6866891018031,427.61197745800644,428.3711853027344,78789600
2023-08-10,430.71607007168745,434.08923235537964,427.3621468022029,428.52496337890625,93005500
2023-08-11,426.6606527804213,429.2842270451731,426.06482981785047,428.275146484375,68690900
2023-08-14,427.3621949539916,430.63922119140625,427.05466396967535,430.63922119140625,47867400
2023-08-15,428.8708770611947,429.22647618823385,425.0556576931614,425.6226806640625,75707500
2023-08-16,425.20951372347935,426.86245612908266,422.3937545928399,422.4994812011719,80107200
2023-08-17,423.96009239515706,424.21955509855684,418.76101352715807,419.27996826171875,95711300
2023-08-18,416.47389934127483,420.51016276710396,416.1279489876274,419.48187255859375,98852000
2023-08-21,420.4908396707108,422.95102834171905,418.34780142156416,422.2110595703125,68719000
2023-08-22,423.97934005301454,423.97934005301454,420.51010021357035,421.0674743652344,64994200
2023-08-23,422.12460773274086,426.37229454971487,421.98046176867535,425.7572326660156,68441000
2023-08-24,427.3525117447883,427.86184703074184,419.8277698977074,419.85662841796875,88517300
2023-08-25,421.5768448293855,424.09469222022517,418.0403268045078,422.8165588378906,102325100
2023-08-28,424.9980575834004,426.11283533772524,422.81657028498825,425.497802734375,61595400
2023-08-29,425.3920554264297,431.92695615148733,425.2094607575032,431.64825439453125,83081900
2023-08-30,431.9845986592022,434.0603885077203,431.2830492029172,433.4261169433594,69053900
2023-08-31,434.0411436980902,435.17513102782067,432.6092449398333,432.7918395996094,66084600
2023-09-01,435.5019052625726,435.9824113556043,432.1479527903315,433.5990905761719,58944100
2023-09-05,433.15705635053166,433.474177484678,431.65787960630774,431.7251281738281,55166200
2023-09-06,430.91787558724553,431.0236021823755,426.5068329962555,428.8228759765625,70758500
2023-09-07,425.83410543618885,428.17897757007677,425.4881551186145,427.50628662109375,70355400
2023-09-08,427.5542931353447,429.67812174261354,427.1987233377208,428.1501159667969,61659700
2023-09-11,430.76410870034374,431.27344400453364,429.06312762659996,430.9659423828125,60180100
2023-09-12,429.5244606027526,431.0428471374366,428.02528375613423,428.60186767578125,67565400
2023-09-13,428.8228607530232,430.25475953176647,427.72729277869223,429.1015625,60199300
2023-09-14,431.5617375492493,433.4933520471616,430.26436526823954,432.8014221191406,83430800
2023-09-15,431.22275924982887,431.5506524245771,427.15298130374185,427.5869445800781,111848900
2023-09-18,427.2783073434339,429.12997218957395,426.80575976702727,427.8376770019531,55752200
2023-09-19,426.92147805226983,427.5097785871883,424.27902594225344,426.9504089355469,66514600
2023-09-20,428.20413300123477,428.61881878957314,422.8227534657827,423.0252990722656,82562600
2023-09-21,420.18995642926694,420.45033436985153,415.87907838119946,416.03338623046875,104095800
2023-09-22,417.055696495469,418.64695406116914,414.68324615845955,415.09796142578125,100829700
2023-09-25,413.89240765921994,416.8820302302398,413.4584149989299,416.8434753417969,70874500
2023-09-26,413.8152657492611,414.5192898301892,409.8901424025337,410.71954345703125,96168400
2023-09-27,411.88643967289465,412.4458093049011,407.2573219237748,410.8834533691406,104705800
2023-09-28,410.333802865898,414.93399013925836,409.745502299644,413.26556396484375,92258300
2023-09-29,416.3034507511099,416.47703605865223,410.74848546003295,412.2626037597656,115111300
2023-10-02,411.4331930512835,413.34271968319354,409.35008111589474,412.0986328125,83798600
2023-10-03,409.928751834983,412.15651831824437,405.22246490596143,406.582275390625,103760600
2023-10-04,407.0451710291783,410.28554771633696,405.5889145488821,409.54296875,87453000
2023-10-05,409.25361095296023,410.2276663727646,406.1771957071079,409.3886413574219,70142700
2023-10-06,406.9487369471333,415.7826633161712,405.62751083875975,414.249267578125,113273300
2023-10-09,412.3590123769111,417.47036086082164,411.80932558041656,416.9013671875,80374400
2023-10-10,417.5282094394434,421.6558488736504,417.1328010827686,419.0712585449219,78607300
2023-10-11,420.13211651194507,421.0386273478204,417.75966631617496,420.78790283203125,62451700
2023-10-12,421.39548619007036,421.7715876841516,415.8791053042313,418.22259521484375,81154200
2023-10-13,419.717326971412,420.9132052959393,414.5770779862603,416.139404296875,95143100
2023-10-16,418.3769095461698,421.578731455087,418.135809030701,420.51788330078125,75433200
2023-10-17,417.40284337508905,422.54312271495667,417.0556727686725,420.4985656738281,75324700
2023-10-18,418.733716385894,419.68846496991176,413.8152601862858,414.8953857421875,93559800
2023-10-19,415.60905485320427,417.41248188933355,410.57487522165394,411.24993896484375,121323000
2023-10-20,410.8159967559263,411.3560595506144,406.09040315558224,406.1965026855469,123919900
2023-10-23,404.67268410500066,409.34041539624207,402.92711894728416,405.492431640625,92035100
2023-10-24,407.6044970323164,409.6972623098232,405.76248569133276,408.54962158203125,78564200
2023-10-25,406.8715964855641,406.90052736992106,402.1749337627123,402.6860656738281,94223200
2023-10-26,401.6252356371067,402.4738846980561,396.9478799231693,397.8640441894531,115156800
2023-10-27,399.4456683619361,399.8410767152927,394.64293578713176,396.06060791015625,107367700
2023-10-30,398.8381024524088,401.84703208667196,397.5458072598068,400.79583740234375,86562700
2023-10-31,401.3648163745919,403.6311669556289,399.4649432617073,403.31292724609375,79665200
2023-11-01,404.27734347074426,408.4242604346672,403.746904694568,407.6141662597656,98068100
2023-11-02,411.3946192920617,415.5801501470598,411.3753418460295,415.42584228515625,94938900
2023-11-03,417.72113093175125,420.75899159658866,417.59575395239466,419.2159423828125,100167800
2023-11-06,419.96812824031423,420.62391451827705,418.24184046839486,420.1802978515625,67831700
2023-11-07,420.1803410344543,422.0126990847071,419.04235365317487,421.3761901855469,64256100
2023-11-08,421.9740316925039,422.49481694951754,419.3894417122594,421.6847229003906,61746000
2023-11-09,422.822781049031,422.86136537152765,417.9718399454001,418.39617919921875,83174400
2023-11-10,420.4600141525394,425.23378661631307,418.38652621092507,424.9251708984375,89462200
2023-11-13,423.59438477447975,425.61960582977395,422.8132213545876,424.52020263671875,52236100
2023-11-14,430.431891252709,434.0387451768695,430.2100682059501,432.756103515625,97176900
2023-11-15,434.0870491532855,435.3118587523366,432.82368465768604,433.67236328125,77327600
2023-11-16,433.22867282179436,434.52096798557363,432.1678247228073,434.2027282714844,66665800
2023-11-17,434.2123285978125,435.35034527714225,433.2961643954989,434.7427673339844,83133200
2023-11-20,434.4920338445369,438.92828895080976,434.482380406505,438.0892639160156,69936200
2023-11-21,437.0476983171483,437.9638920043512,435.87112668099957,437.1344909667969,49244600
2023-11-22,438.7836191839142,440.1337760565273,437.7324245676935,438.8221740722656,59394900
2023-11-24,438.87043049439643,439.2851162959046,438.54253734218906,439.09222412109375,29737400
2023-11-27,438.4653234451397,439.2754175195494,437.91560729175825,438.3013916015625,50506000
2023-11-28,437.91563451759527,440.02767719087626,437.3562943235412,438.7353820800781,62115000
2023-11-29,440.87640839051414,442.0047717825631,438.0314398912728,438.42681884765625,63146000
2023-11-30,439.2658427946925,440.5002762034089,437.2020083442997,440.153076171875,79752700
2023-12-01,439.5455132066452,443.28739788218263,438.95724208115644,442.7569885253906,89183400
2023-12-04,439.3815141945957,442.77619830797585,438.1663583752288,440.4327087402344,72430900
2023-12-05,439.05371300809566,441.3007569694989,438.6775820590756,440.34600830078125,69793500
2023-12-06,442.4773501564048,442.5062810437914,438.13754046110813,438.571533203125,69124700
2023-12-07,440.6449205313009,442.56407108973934,440.04699600140833,441.9179382324219,66995400
2023-12-08,441.1753589138319,444.3482499376319,440.93425839840177,443.8178405761719,83194400
2023-12-11,443.32598493677364,445.7177126387657,443.11381530650647,445.5440979003906,65002200
2023-12-12,445.19696605648693,447.6754866279034,444.20363302627965,447.57904052734375,68327600
2023-12-13,447.9551241192789,454.0019441507163,447.5983000495941,453.7511901855469,93278000
2023-12-14,455.6799755722313,456.8662007070536,452.54566886194607,455.2074279785156,119026000
2023-12-15,454.61284974570634,455.7845286924067,452.6181291338484,454.4579162597656,141553700
2023-12-18,456.0556626634462,457.9922869448393,455.00020597615196,457.0142822265625,70375300
2023-12-19,457.5565666412138,459.8708470034899,457.479114666783,459.7933654785156,55761800
2023-12-20,458.94123674603316,460.81976475641625,452.9958152728692,453.421875,102921000
2023-12-21,456.39454843299563,457.99228710614074,453.98346065798535,457.7211608886719,86667500
2023-12-22,458.84435899601766,460.3162123050925,456.7528308577729,458.6410217285156,67160400
2023-12-26,459.0476557962719,461.4780987100022,458.9701742915386,460.57757568359375,55387000
2023-12-27,460.37426892004174,461.5556107658659,459.8417091295261,461.4103698730469,68000300
2023-12-28,461.7686374082001,462.4173899084977,461.16828868832926,461.58465576171875,77158100
2023-12-29,461.39104484329897,461.91394167612276,458.3021267345069,460.2484436035156,122283100
2024-01-02,457.19826599724024,458.66042679258095,455.58117171261154,457.6727294921875,123623700
2024-01-03,455.5230138961187,456.258940483322,453.33464883768056,453.93499755859375,103585900
2024-01-04,453.4604763931157,456.03618973770114,452.2500864502016,452.4728088378906,84232200
2024-01-05,452.6761936894624,455.53272607542186,451.6497852739501,453.09259033203125,86118900
2024-01-08,453.58647486967277,459.7062150403818,453.4605895561088,459.56097412109375,74879100
2024-01-09,456.91742225203353,459.88045489034096,456.4139106022468,458.8637390136719,65931400
2024-01-10,459.1348885576282,462.32064377730035,458.85406976244286,461.4588317871094,67310600
2024-01-11,462.4562213568548,462.9694256422812,457.2951303185307,461.2555236816406,77940700
2024-01-12,462.6982272154343,463.4341538308624,460.1709469448806,461.5749816894531,58026400
2024-01-16,460.2000527294099,461.5072505223364,458.0697541289019,459.8804931640625,85014900
2024-01-17,456.868988843808,457.80825269443005,454.98076856609674,457.3240966796875,68843900
2024-01-18,458.9895962811143,461.94293616195193,457.4499836944988,461.3909912109375,91856200
2024-01-19,462.51423095179746,467.4235799907283,461.439418792673,467.14276123046875,110834500
2024-01-22,468.67274557207963,469.8443949304159,467.4817110595385,468.1304931640625,75844900
2024-01-23,468.67271646916043,469.73783606484966,467.58821172047016,469.4957580566406,49945300
2024-01-24,472.35230131096756,473.2818726098636,469.5151540811933,470.0090026855469,81765000
2024-01-25,472.1296163726771,472.8364948673133,470.0090399898508,472.56536865234375,72525000
2024-01-26,472.13928542085506,473.6208017271318,471.122569553023,471.9649963378906,76641600
2024-01-29,472.2749243280571,475.8479987432674,471.73267185506717,475.7027282714844,61322800
2024-01-30,475.0151572718124,476.04156568160744,474.5794050287412,475.334716796875,58618400
2024-01-31,473.136623371545,473.58203863496095,467.55913657540736,467.5785217285156,126011100
2024-02-01,469.27313995314404,473.7273819238251,468.4694242895628,473.6983337402344,91891600
2024-02-02,474.1340406811921,480.33123256171854,473.7951255169084,478.68511962890625,99228200
2024-02-05,478.05572128716557,478.71416645842936,474.6956769375314,476.942138671875,75757100
2024-02-06,477.88139839933996,478.6560658444282,476.45797836644056,478.32684326171875,55918600
2024-02-07,480.5636719721608,482.7326818528335,479.66311916407506,482.3163146972656,70556500
2024-02-08,482.31629753326854,482.9069537723974,481.50291885696174,482.5293273925781,52343600
2024-02-09,483.0328221928446,485.7537769299286,482.693907035265,485.31805419921875,63979400
2024-02-12,485.2889315927697,487.5450855205492,484.3883789863298,485.1049499511719,56502300
2024-02-13,478.8593667536311,481.33824328857344,475.17010013129357,478.4236145019531,113099200
2024-02-14,481.0478287962483,483.2555794425452,478.7335484410746,482.77142333984375,68387800
2024-02-15,483.4685762738627,486.28636814510776,482.9940832312684,486.1023864746094,61683000
2024-02-16,485.802216073848,486.9351247377766,482.9456834193714,483.6816101074219,75532900
2024-02-20,481.9483091532552,482.6164468795506,478.78193916164605,481.01873779296875,71736700
2024-02-21,479.7212407380355,481.6094317883095,477.9201646887193,481.4544982910156,59293400
2024-02-22,488.0389961871901,492.3770155291545,487.0803471035888,491.41839599609375,76402500
2024-02-23,493.1323109036816,493.9650747069926,491.03109011668937,491.75732421875,61321800
2024-02-26,492.1930670722987,492.6288193715667,489.8303829996231,489.9562683105469,50386700
2024-02-27,490.64373169951057,491.089146972122,488.755511365846,490.8664245605469,48854500
2024-02-28,489.3171596556616,490.798676044666,488.9588888927158,490.21771240234375,56506600
2024-02-29,491.9703479594554,493.5874126583201,489.3365378000111,491.9800109863281,83924800
2024-03-01,492.85157338938507,497.0249672193404,492.44486924730603,496.5989074707031,76844800
2024-03-04,495.80488009764395,497.90610083671146,495.7758023657051,496.0662841796875,49799300
2024-03-05,494.07152244829007,494.5169672600257,488.9104323126882,491.1084899902344,72855600
2024-03-06,494.37174481528393,495.84359816125266,492.3092648064121,493.59710693359375,68382400
2024-03-07,496.8797004283906,499.54255878511856,493.65520448812254,498.49676513671875,58652100
2024-03-08,499.1262380204942,501.79873010183235,494.93342956107733,495.5047302246094,86532500
2024-03-11,494.3039754152461,495.6596064560232,492.38670680365675,495.07861328125,62557200
2024-03-12,497.17989237365043,500.9853520856395,494.67193786467755,500.4043884277344,73114400
2024-03-13,500.72385457506516,500.89814366049285,498.18688160759467,499.6199645996094,55104100
2024-03-14,500.5882744583001,500.7432374898184,495.60150263891603,498.63232421875,110171800
2024-03-15,495.57751113868864,497.0247990949515,493.5474544938414,495.2084045410156,107646300
2024-03-18,499.25883960128044,500.69637526560086,497.74358168127196,498.1515197753906,88893300
2024-03-19,497.46196123413176,501.20152252357065,496.46147237398134,500.91986083984375,60755300
2024-03-20,500.9781262063219,505.68900816762243,500.30791251207177,505.5530090332031,69594600
2024-03-21,508.37956788041765,509.0788903449226,506.9419728955261,507.22369384765625,60256100
2024-03-22,507.13623802282444,507.621898374332,506.02891819305677,506.2620849609375,79070800
2024-03-25,504.8924815953154,506.00952410002293,504.70792829326916,504.8633728027344,48512100
2024-03-26,506.28145712240774,506.62145492992863,503.5326622935472,503.9308776855469,65463700
2024-03-27,506.7478031087625,508.20478432945873,504.59144007407906,508.1658935546875,82999800
2024-03-28,508.2047247122474,509.5645381212143,507.78706392547616,508.0687255859375,96294900
2024-04-01,508.8069321681379,509.341146689148,506.0289099464076,507.1847839355469,62477500
2024-04-02,503.37719402358005,504.0959618045382,501.6676602284869,503.96002197265625,74230300
2024-04-03,502.87210705946654,506.00951312621123,502.8235528830779,504.5136413574219,59155800
2024-04-04,508.50584318362684,508.8457817223291,498.0544227328248,498.35552978515625,96858100
2024-04-05,499.7056529768442,505.5141316093866,499.26854681862443,503.561767578125,74546500
2024-04-08,504.26116489557916,505.26159438808656,503.03729132856745,503.84344482421875,48401800
2024-04-09,505.5723596612767,505.8151898052063,499.59871440672913,504.42620849609375,68049200
2024-04-10,498.7537372482173,501.35686962666665,497.40364652298035,499.3753967285156,82652800
2024-04-11,500.89069371082206,504.5817008252079,497.393962609765,503.1441650390625,70099000
2024-04-12,499.61822644383983,501.0266533234711,494.47993161292834,496.1991882324219,92561100
2024-04-15,500.3564559239092,500.5215638494566,489.13768362770764,489.9827575683594,92101400
2024-04-16,490.45867707344763,491.97393499543114,487.80696088879887,489.089111328125,73484000
2024-04-17,491.5368440989878,491.7019816659058,484.8055985468662,486.194580078125,75910300
2024-04-18,487.58356199441425,489.6718955124249,484.26163225086344,485.194091796875,74548100
2024-04-19,485.11641894359934,486.10715539894034,479.6964327690104,480.95916748046875,102212600
2024-04-22,483.55258680560587,487.972113920127,481.2214229780645,485.3883972167969,67961000
2024-04-23,487.3892787074855,491.5756683731246,485.20380722643876,491.1482849121094,64633600
2024-04-24,492.032173924217,492.8189412598712,488.70055129127593,490.9151611328125,55928100
2024-04-25,484.8638724968989,489.8078914311426,483.222338099903,489.0502624511719,69122400
2024-04-26,491.8282151706386,495.25697586630093,491.19686267902955,493.6834411621094,64306100
2024-04-29,495.4609926845512,496.1020679300017,492.70244534017297,495.4318542480469,46415400
2024-04-30,493.9748031317947,494.9461237340898,487.5835266113281,487.5835266113281,77483600
2024-05-01,487.0008254451311,493.6155176945551,485.5341215576048,486.0003662109375,80242800
2024-05-02,489.6912841378985,491.38140217174987,485.2232033620505,490.5460510253906,62550200
2024-05-03,496.5002799659129,497.8504002906167,493.97484028154764,496.6265563964844,72756700
2024-05-06,499.01596519128117,501.7939279175934,498.57885905826015,501.7550964355469,47264700
2024-05-07,502.7167454724822,503.6977888774315,501.63859371019026,502.3088073730469,52561300
2024-05-08,500.4826885782833,502.89154482386346,500.36613484283316,502.3573303222656,42047200
2024-05-09,502.54186786336425,505.2907218217569,501.8910996467172,505.2518310546875,43643700
2024-05-10,506.8448320283961,507.6510447771952,504.6885286164305,505.9026794433594,52233200
2024-05-13,507.57334496613424,507.6801760152973,504.8342134653113,505.97064208984375,36716400
2024-05-14,506.16482836791363,508.8068510438629,505.63061393207886,508.2920227050781,57535900
2024-05-15,510.7495145476232,514.8776269913382,510.1181324599974,514.5862426757812,59504900
2024-05-16,514.683461995483,516.2764423102767,513.3818660590745,513.527587890625,50244800
2024-05-17,513.6440266439718,514.3336855890079,512.1967684847502,514.2656860351562,59187600
2024-05-20,514.3822167259287,516.3151350820737,513.9936648026625,514.858154296875,37764200
2024-05-21,514.1007280315008,516.2764772503131,513.8967293104672,516.1210327148438,33437000
2024-05-22,515.4313778215733,516.1404229953789,512.468802117107,514.6348876953125,48390000
2024-05-23,517.6750684388743,517.7818994806975,509.6713365846429,510.8758239746094,57211200
2024-05-24,512.7116164560648,515.0622552748287,511.7694638177849,514.2560424804688,41291100
2024-05-28,515.0622463447778,515.2953538271266,511.992839734623,514.6154174804688,36269600
2024-05-29,510.6038417042634,512.1870991360792,510.3027346685339,511.01177978515625,45190300
2024-05-30,509.47711227930006,510.13760318894674,506.3785971197376,507.6218566894531,46377600
2024-05-31,508.5738001358681,512.3716377541396,503.49375287353905,512.245361328125,90785800
2024-06-03,513.8480057418088,514.1296673530113,507.6120852543447,512.6629638671875,46835700
2024-06-04,511.36150323340104,513.974358217118,509.90452222280885,513.2361450195312,34632700
2024-06-05,515.5479441376007,519.355504956824,513.5664118243003,519.3360595703125,47610400
2024-06-06,519.637123680227,520.0645071551455,517.4030979505338,519.3262939453125,30808500
2024-06-07,518.3548874978856,521.4922931206179,517.26701324802,518.6948852539062,43224500
2024-06-10,517.8886296104159,520.618037699278,517.2961383651655,520.2974853515625,35686100
2024-06-11,518.7531294189747,521.6088139660627,516.7910431026629,521.550537109375,36383400
2024-06-12,526.0964430443454,528.5150221365492,524.8045698950608,525.8341674804688,63251300
2024-06-13,527.572819593174,527.7476501909825,524.1149205499801,526.8928833007812,44760900
2024-06-14,525.367907030757,527.2425487322553,524.3674183253244,527.2134399414062,40089900
2024-06-17,526.533556163689,532.7985867082562,526.0770045940598,531.4095458984375,55839500
2024-06-18,531.4678314025467,532.8859810291509,531.0501705974204,532.7597045898438,41376400
2024-06-20,533.6824026084769,534.3428935144076,529.5445672911499,531.3123779296875,70328200
2024-06-21,530.4930440077343,531.7111121107315,529.1482920639469,530.6002197265625,64338600
2024-06-24,530.4247748607555,532.9778406049528,528.7584364421938,528.8753662109375,45528700
2024-06-25,530.0933585291979,531.2724695843536,528.5829663352164,530.9119262695312,37936200
2024-06-26,529.8010101320955,532.2858564645144,529.1578965249615,531.5745239257812,38550600
2024-06-27,531.4380824208646,532.9874907686532,530.6974877125363,532.4125366210938,35041500
2024-06-28,533.182464345906,536.2228169116169,529.0800492248655,530.3175659179688,76144500
2024-07-01,531.6915058832783,531.9351194589271,528.6609672764391,531.408935546875,40297800
2024-07-02,529.8108184673043,534.9851684570312,529.7621076471618,534.9851684570312,40434800
2024-07-03,534.6733013066347,537.7331019058091,534.6343445482383,537.37255859375,32789900
2024-07-05,537.6746345682784,540.8708135451888,537.0412155224441,540.4713134765625,41488400
2024-07-08,541.2508572097279,542.0401627530802,540.0327894282602,541.094970703125,36110500
2024-07-09,542.0499781069125,542.946459442177,541.3288914148972,541.6212158203125,27289700
2024-07-10,542.8392819787523,547.3217481165079,542.5469575742852,546.980712890625,38701200
2024-07-11,547.0975351406863,547.964813600151,541.6308616855196,542.2642211914062,53054200
2024-07-12,543.3849335691044,549.270615886068,542.9172145567801,545.6846313476562,53084400
2024-07-15,547.6724687513359,550.4106824051963,545.33375511079,547.1852416992188,40584300
2024-07-16,548.4909606522365,550.7224390735171,547.7406119818861,550.4301147460938,36475300
2024-07-17,544.5249949514538,546.191333044454,542.3909378748594,542.7125244140625,57119000
2024-07-18,544.2424632762184,545.2266716040288,536.3688561297039,538.5418701171875,56270400
2024-07-19,538.3080696139889,539.9256971843263,533.9132708630742,534.9656982421875,65509100
2024-07-22,538.8733274893352,541.0853581914517,536.9439266510726,540.481201171875,43346700
2024-07-23,540.3737749293225,542.5175859227753,539.1460126783072,539.6332397460938,34439600
2024-07-24,534.8388986294111,535.1409770414671,526.4878192997799,527.40380859375,74515300
2024-07-25,527.5208430163394,533.474804346627,523.7205067049787,524.6559448242188,61158300
2024-07-26,528.4271261891337,533.2116708123141,527.6572691986129,530.5319213867188,53763800
2024-07-29,532.0716331475277,533.075290294702,528.8558859099915,530.8438110351562,39515800
2024-07-30,532.3052976854228,533.3577247498921,524.7630325879668,528.1541137695312,46853600
2024-07-31,534.9558678357408,539.3604200179711,533.5916675899294,536.7391357421875,65663400
2024-08-01,538.4542703754322,540.6955035812163,525.6499253938641,529.1384887695312,76428700
2024-08-02,522.063852889589,523.2721666167066,515.0964813658185,519.2866821289062,82789100
2024-08-05,498.5697588887383,510.204744362721,497.23473166092106,504.1631164550781,146267400
2024-08-06,505.9561368728723,516.2171692769037,504.6406473484446,508.81134033203125,84826300
2024-08-07,514.9697939251986,518.0101458143887,504.8159975896984,505.410400390625,70698300
2024-08-08,510.52624530905064,517.7177216624609,508.5091775662785,517.0941162109375,63276600
2024-08-09,516.2755714297688,520.8555180126824,515.0575036936727,519.3743286132812,45619600
2024-08-12,520.5632672781688,522.044397411093,517.3865366569688,519.6472778320312,42542100
2024-08-13,522.8239227343687,528.4270341942479,522.5803091926349,528.193115234375,52333100
2024-08-14,528.9825253913183,531.0386692920978,526.3222840215557,529.8595581054688,42446900
2024-08-15,535.4625975238755,539.22397656437,534.8584406614526,538.94140625,60846800
2024-08-16,537.3335929699142,540.8416642629177,537.1777064456791,540.1497802734375,44430700
2024-08-19,540.5589290320204,545.3142700195312,539.7111586836203,545.3142700195312,39121800
2024-08-20,544.8661897055061,546.5130199847447,543.0926755989435,544.4276733398438,33732300
2024-08-21,545.4703215908407,547.7505114259203,540.55903368272,546.298583984375,41514600
2024-08-22,548.1890532625708,548.7932102196837,540.8026724138992,542.010986328125,56121500
2024-08-23,545.2363405475206,548.7053948244553,543.0535133659789,547.7698974609375,50639400
2024-08-26,548.7931935686311,549.5045262116546,544.7686923459864,546.4642333984375,35788600
2024-08-27,545.1975327145173,547.7018878891921,544.0574376152856,547.2146606445312,32693900
2024-08-28,546.8735985635415,547.3023608968704,540.8611718363641,544.0379028320312,41066000
2024-08-29,545.9964997373786,549.2804060501943,542.9464529460971,544.0865478515625,38715200
2024-08-30,546.4446989296116,549.7870696872616,542.9074254374239,549.2803344726562,62700100
2024-09-03,546.1523719656589,546.4837125964749,535.4723909219692,537.9767456054688,60600100
2024-09-04,536.1447696240151,540.2666922950722,535.4236829556569,536.8756103515625,47224900
2024-09-05,536.817154296066,539.6527901961324,533.1239343608661,535.56982421875,44264300
2024-09-06,535.8913798019039,537.5089477091443,525.659610039857,526.5560913085938,68493800
2024-09-09,530.7364876707761,533.7183150530045,528.8167820276888,532.4514770507812,40445800
2024-09-10,534.3516827554222,535.1215396263949,529.4989199451313,534.7706909179688,36394600
2024-09-11,534.683107736862,541.1729474655668,526.1663863296421,540.2569580078125,75248600
2024-09-12,540.8319486336209,545.1098177442108,538.6199181027828,544.8077392578125,51819600
2024-09-13,545.4118431545087,548.6470386001909,545.1584755178029,547.653076171875,39310500
2024-09-16,547.389917673041,548.7249152296453,545.5969551700833,548.4618530273438,36656100
2024-09-17,550.6641466211254,552.1063795479049,546.4642506202782,548.68603515625,49321000
2024-09-18,549.3388444863224,554.1624050516696,546.5032087102647,547.0586547851562,59044900
2024-09-19,556.4231830771506,558.2454079377469,553.5680389935643,556.3939208984375,75315500
2024-09-20,555.0314034219361,556.4682163688195,552.4215869805491,555.43212890625,77503100
2024-09-23,556.4975550473902,557.4652143001452,555.2854753286341,556.820068359375,44116900
2024-09-24,557.6117584874984,558.471913246618,554.7967173955426,558.4132690429688,46805700
2024-09-25,558.2569249779147,558.9900073797687,556.0771860686909,557.1817016601562,38428600
2024-09-26,561.4239069445024,561.7464799490699,557.044979898959,559.3908081054688,48336000
2024-09-27,560.4562017753216,561.2674367221593,557.5531642883332,558.5794677734375,42100900
2024-09-30,557.5530628987858,561.423758958094,555.2658795088603,560.8177490234375,63557400
2024-10-01,560.4660310099997,561.1111173600859,553.2329264823798,555.7938232421875,72668800
2024-10-02,554.9042355240985,557.0448382675937,552.519272009238,556.0282592773438,38097800
2024-10-03,554.5621954422553,556.9471593905891,552.7343813129046,555.0118408203125,40846500
2024-10-04,559.4396258955153,560.4268531332793,555.2854920412735,560.055419921875,42939100
2024-10-07,558.413299806086,559.0584457401652,553.8486566717974,554.9922485351562,49964700
2024-10-08,557.553120131347,560.8373745453375,556.683241044493,560.2410888671875,37398700
2024-10-09,560.231378146855,564.6787929089692,559.6351520491386,564.1216430664062,37912200
2024-10-10,562.7825341526946,564.5517040960426,561.5313781232933,563.1343994140625,44138100
2024-10-11,563.0560670625003,567.2395520271365,562.9192107150462,566.5064697265625,42268000
2024-10-14,568.1095385598273,572.0682314590191,567.6306009114653,571.1396484375,36217200
2024-10-15,571.4035256005812,571.7065305951428,565.4899467305453,566.7020263671875,54203600
2024-10-16,566.7021056174783,569.6832957534668,565.900594951752,569.1652221679688,30725400
2024-10-17,572.6936844531912,572.8989689898087,569.0282726746998,569.2139892578125,34393700
2024-10-18,570.8952748825009,572.1855071059618,569.4388940141822,571.403564453125,37416800
2024-10-21,570.6802188403536,571.6576620923939,567.5035282712228,570.4652099609375,36439000
2024-10-22,567.9434160693424,571.3156073773309,567.2885457643838,570.1622314453125,34183800
2024-10-23,568.1485895916966,568.5884509212708,561.462852493989,564.9523315429688,49314600
2024-10-24,566.8974316514852,566.9756438040564,563.5643769207462,566.1741333007812,34979900
2024-10-25,568.39295320261,571.27642231265,565.0403304898274,565.9786376953125,47268200
2024-10-28,569.4389192842264,569.5659916825215,567.4253885260767,567.7283935546875,30174700
2024-10-29,566.7704218431865,569.7613956814984,565.382469188388,568.6471557617188,42899700
2024-10-30,568.1779762445088,570.1622147162088,566.2230897069062,566.9268798828125,41435800
2024-10-31,562.5772452055423,562.6456733933426,555.617853906816,555.8133544921875,60182500
2024-11-01,558.4328313722141,562.5673968338307,557.748609230934,558.1591186523438,45667500
2024-11-04,558.2960627771841,559.586295105694,555.0802957635589,556.9569702148438,38217000
2024-11-05,557.8659451341218,563.7306045728799,557.6509362573997,563.6915283203125,39478300
2024-11-06,575.9095457320777,578.57794657906,572.1854895240832,577.7080078125,68182000
2024-11-07,579.7019657221982,583.1914447197324,579.6237535704865,582.1748657226562,47233200
2024-11-08,582.7222012392871,586.113959615029,582.7222012392871,584.6966552734375,46444900
2024-11-11,586.2802096893201,586.6320749270757,583.5335966542183,585.25390625,37586800
2024-11-12,585.1757310882224,585.7719571662951,580.9629529710414,583.4359130859375,43006100
2024-11-13,583.8952929846365,585.7133231848053,581.5396809070076,583.7193603515625,47388600
2024-11-14,583.846484643943,584.3254223529462,579.2818407813407,579.9660034179688,38904100
2024-11-15,576.4177743775998,576.886987680586,570.689971552463,572.537353515625,75988800
2024-11-18,572.9966610430482,576.1929190461736,572.1365660073782,574.8831787109375,37001700
2024-11-19,571.5208668268807,577.7080396739373,570.856212572816,576.9847412109375,49412000
2024-11-20,577.0628873767942,577.4636128156191,571.4425893061045,577.18017578125,50032600
2024-11-21,580.0147564203452,581.6959299076706,574.1989580735773,580.2786254882812,46750300
2024-11-22,580.2689037579424,582.7027874385594,579.7704578390868,582.0772094726562,38226400
2024-11-25,585.9967993093868,587.3065398623395,581.7742372889147,584.0516967773438,42441400
2024-11-26,585.2930125321725,587.7659726175935,584.5794980426031,587.101318359375,45621300
2024-11-27,586.9156250460375,587.2967825924234,583.8073625128942,585.3223876953125,34000200
2024-11-29,586.1336096679657,589.7403777490892,585.8599565725738,588.9584350585938,30177400
2024-12-02,589.3688312028335,590.6884151690585,588.8801096579482,590.0139770507812,31746000
2024-12-03,589.7794288278096,590.5320194756874,588.7531254655074,590.2876586914062,26906600
2024-12-04,591.9688246092684,594.1973636861876,591.3041705105946,593.9530029296875,42787600
2024-12-05,593.9530901421784,594.7546007001943,592.6237817496434,592.9756469726562,28762200
2024-12-06,593.738143242676,595.3313805479372,593.3276337729875,594.0997924804688,31241500
2024-12-09,593.982457801793,594.1486064406603,590.4539021843977,591.0403442382812,34742700
2024-12-10,591.7147337183083,592.135027098725,588.5478275712469,589.2026977539062,37234500
2024-12-11,592.1155929499696,594.7057817338718,591.841880207483,593.7576904296875,28677700
2024-12-12,592.8974892997352,593.4643633790662,590.6982421875,590.6982421875,31543800
2024-12-13,592.7215354493896,593.4350498406591,589.2124883774769,590.5809326171875,35904700
2024-12-16,592.3306244931046,594.0705021581772,591.5584657830842,593.102783203125,43695200
2024-12-17,590.5613981975558,591.5192734247074,589.2907339933267,590.6591186523438,55773500
2024-12-18,590.3561165933274,592.7312963771194,572.674202761188,573.055419921875,108248700
2024-12-19,578.020816522432,579.6238377441589,572.6350947579137,572.8794555664062,85919500
2024-12-20,570.561034960996,584.27166262691,569.7175591199479,579.7603149414062,125716700
2024-12-23,579.5053432293004,583.8303494697157,576.337534899556,583.2321166992188,57635800
2024-12-24,584.5756905048978,589.7539893082886,583.997031715741,589.7147216796875,33160100
2024-12-26,587.9493923534018,590.8719573339298,586.5567683514358,589.7539672851562,41219100
2024-12-27,586.0271828680434,586.2626090728168,579.3778441686201,583.5459594726562,64969300
2024-12-30,576.5631809695095,580.3389793589591,573.1501891693375,576.8867797851562,56578800
2024-12-31,578.5441892688881,579.2601650774656,573.1599745686183,574.7880249023438,57052700
2025-01-02,578.0342139844852,579.740679758371,569.3154835989945,573.375732421875,50204000
2025-01-03,576.2100381173573,581.1823013188991,575.1311959956543,580.5448608398438,37888500
2025-01-06,584.7816606701658,588.145567536734,582.1630605707853,583.88916015625,47679400
2025-01-07,585.909501046868,586.2331597023842,575.4745472605013,577.2888793945312,60393100
2025-01-08,577.357566647636,579.2013495963691,573.9250009242365,578.13232421875,47304700
2025-01-10,574.5918290616524,574.6604875516765,567.4030397334539,569.3056640625,73105000
2025-01-13,564.6766400021115,570.5414039943755,564.2646890570356,570.1883544921875,47910100
2025-01-14,573.101074063849,573.7287574980859,567.2068596443902,570.972900390625,48420600
2025-01-15,578.956079102548,582.4965105633459,577.847846118657,581.35888671875,56900200
2025-01-16,582.7220679112103,582.8985926554029,579.5445027973688,580.2408447265625,43319700
2025-01-17,585.4583566167607,587.8120797540519,584.1343312340456,586.06640625,58070600
2025-01-21,589.0967593301249,591.440725108679,587.1352937130949,591.430908203125,42532900
2025-01-22,594.2457369774064,596.1091536661693,593.6965288784859,594.7557373046875,48196000
2025-01-23,594.1280457618639,598.001953125,593.8534716457165,598.001953125,41152100
2025-01-24,598.060861901113,599.0122041549142,595.1088456305246,596.2562866210938,34604700
2025-01-27,583.3496990163546,588.1356800712656,583.1829911938827,587.8218383789062,70361100
2025-01-28,589.0477377122166,593.7062185767892,585.7426729191386,592.8726196289062,44433300
2025-01-29,592.0880171861997,592.4901511824414,587.6747192887742,590.21484375,37177400
2025-01-30,592.3234809305729,594.9125703683252,589.1458559611356,593.3826293945312,39281300
2025-01-31,595.7952259985301,598.2078504382997,589.4694869358445,590.2246704101562,66566900
2025-02-03,581.2509726905776,588.7241528776601,579.1129820721995,586.2527465820312,65857200
2025-02-04,586.3115788306599,590.695426254437,585.7721876960313,590.1854858398438,33457800
2025-02-05,589.0674493379312,592.7255640609287,587.0471418694162,592.5784301757812,30653100
2025-02-06,594.3142808571387,594.7654395103566,591.0190328991121,594.637939453125,35771500
2025-02-07,595.1970270806008,596.4131263461926,588.4887874469584,589.1949462890625,50788500
2025-02-10,592.3921407355843,593.8337894109928,591.1269569453736,593.1962890625,26048700
2025-02-11,590.9405676549386,594.1867909987916,590.8228845015021,593.6473999023438,30056700
2025-02-12,587.6551628450902,592.9020598913557,586.9784547529548,591.7349853515625,45076100
2025-02-13,592.8333911581238,598.1882142232939,591.5780842005947,597.9822387695312,40921300
2025-02-14,598.1883082448632,599.2180659571623,597.335075295313,597.9529418945312,26910400
2025-02-18,599.1100803238464,599.7083129882812,596.658248231066,599.7083129882812,26749000
2025-02-19,598.3255406648384,601.4148133650798,597.8155404050764,601.12060546875,31011100
2025-02-20,599.7573748000233,599.8946917719264,595.3245028060013,598.6197509765625,36554000
2025-02-21,598.4039202154535,598.5412371785455,587.919883815814,588.380859375,76519800
2025-02-24,590.420875386549,591.4114252530362,584.997393388531,585.7035522460938,50737200
2025-02-25,585.6446767168586,586.3704094872951,578.200887648266,582.7907104492188,58266500
2025-02-26,584.4481941378576,588.0278934374002,580.4566037497201,583.0849609375,43321600
2025-02-27,585.3504695068715,586.4979702201956,573.3855747451564,573.77783203125,74196700
2025-02-28,574.2779596736045,583.2614467800305,571.2180777869312,582.7318725585938,88744100
2025-03-03,584.6933298193593,585.8310134980443,568.727029424783,572.5224609375,74249200
2025-03-04,568.5407916793482,574.1113483546197,561.224501400552,565.7456665039062,109648200
2025-03-05,565.5789679172403,573.611174316589,562.0385358294819,571.8262329101562,71230500
2025-03-06,564.3921264239905,568.991765926103,559.1354126670572,561.675537109375,80094900
2025-03-07,559.9005520347207,566.2655002910393,554.7320694307674,564.8237915039062,81158800
2025-03-10,556.6541826711317,558.56656383442,544.885388513382,549.7792358398438,99326600
2025-03-11,548.6220982014372,553.1530801539794,541.3842834233875,545.2091064453125,88102100
2025-03-12,551.3386407379146,552.2605321303586,543.022044250635,548.1022338867188,69588200
2025-03-13,547.7294422539348,548.3374917904981,539.0891888323793,540.795654296875,74079400
2025-03-14,545.3954461726303,552.966736502375,540.8644642362766,551.9663696289062,62660300
2025-03-17,551.9466761244148,558.7333912461695,551.5151512314662,556.2227172851562,49008700
2025-03-18,553.9178933850532,554.1336857355857,548.2884964881091,550.2107543945312,66041400
2025-03-19,551.9859849662871,559.9495323368723,550.8090933649922,556.203125,66556000
2025-03-20,552.4763086964069,559.5768056668136,551.7603329396793,554.5946655273438,62958200
2025-03-21,550.1543857754978,555.6728342872004,548.9247817378139,554.7776489257812,83763000
2025-03-24,561.4863807824129,565.7654388953832,560.8961948547495,564.712890625,58766800
2025-03-25,565.9129505962637,567.0048245728844,564.3292350043083,566.0703735351562,38355700
2025-03-26,565.8047856022024,566.9261989456277,557.9353193986783,559.3125,51848300
2025-03-27,557.9254317069114,561.5847644413973,555.7219909391279,557.8270874023438,42164200
2025-03-28,556.3023922676962,557.0303082338021,546.0130443195492,546.5933837890625,71662700
2025-03-31,540.8585640195936,551.5610423029548,537.9468400615768,550.2625732421875,95328200
2025-04-01,548.3542481941281,553.7546597137996,544.6457430717568,551.8167724609375,54609600
2025-04-02,545.993387136237,558.1615443859063,545.7573127576624,555.3088989257812,76014500
2025-04-03,536.2155597389653,539.02887941269,527.9428100585938,527.9428100585938,125986000
2025-04-04,515.1253804215398,517.2894955361414,496.81904991432106,497.03546142578125,217965100
2025-04-07,481.20796639726615,514.6335008889374,473.9385334512268,496.1501159667969,256611400
2025-04-08,513.344881818952,516.413968489066,481.1784603514281,488.3790283203125,165816600
2025-04-09,485.3886419991045,539.6682739257812,485.00499114058437,539.6682739257812,241867300
2025-04-10,523.4867529065492,524.795068576413,501.0096123168745,516.0206298828125,162331200
2025-04-11,514.47613358467,527.6771446389012,511.58410272380377,525.227783203125,97866300
2025-04-14,535.172792794898,535.3990807406135,525.149059337469,530.3232421875,68034000
2025-04-15,530.8642755383438,534.3661851955569,528.0509561027874,528.837890625,56892900
2025-04-16,523.0046160988867,529.1133096787019,511.80045133694625,517.0828247070312,83484800
2025-04-17,519.0305887702018,522.5029590498531,515.3614098145464,517.8206176757812,79868100
2025-04-21,512.6562995153043,513.1875268574667,500.16354114488826,505.4951171875,69368100
2025-04-22,511.6529392279992,520.6634499571472,510.71842828029105,518.6469116210938,75948100
2025-04-23,531.6118557355538,536.5302712837308,525.1687433752924,526.68359375,90590700
2025-04-24,527.9624225863133,538.4976913582739,526.7131857388315,537.769775390625,64150400
2025-04-25,537.7304480905381,542.0586181694788,534.8187241892716,541.6553344726562,61119600
2025-04-28,542.393043710064,544.5177728075638,536.1269871108482,541.86181640625,47613800
2025-04-29,539.9535693584907,546.3868965128709,539.5994577828174,545.2753295898438,47775100
2025-04-30,538.6354556420874,547.4394329210733,532.6841838633078,545.49169921875,93101500
2025-05-01,551.2265048528457,554.8661444027258,548.7574506167018,549.3574829101562,63186100
2025-05-02,555.5153624660799,559.105829955879,553.203731094349,557.5122680664062,60717300
2025-05-05,553.3905821110088,557.4040257766436,552.5347826583787,554.3152465820312,38659200
2025-05-06,548.8263903141681,554.1579367361115,547.8722463773032,549.6821899414062,48264700
2025-05-07,551.0102132045591,554.6203140304898,546.9672292946763,551.993896484375,55588000
2025-05-08,556.0170826268422,561.0043636579312,552.5348657113146,555.8400268554688,65130800
2025-05-09,557.2367499454477,558.2401258599933,553.5774778511606,555.1317138671875,37603400
2025-05-12,571.9822603015932,573.487324465949,567.6245507869492,573.4774780273438,78993600
2025-05-13,573.8906230635715,579.4681503640297,573.3299764411289,577.2647094726562,67947200
2025-05-14,578.2188228927168,579.3697154326957,575.9858428026291,578.00244140625,66283500
2025-05-15,576.0055507079343,581.3272505737436,575.553034807254,580.8256225585938,71268100
2025-05-16,581.6027001482121,584.7996705930015,579.664873035907,584.5045776367188,76052100
2025-05-19,578.5040593733968,585.8226647003453,578.5040593733968,585.1439208984375,68168500
2025-05-20,583.4127091135157,584.3570065824167,579.9796042324612,583.1765747070312,60614500
2025-05-21,578.8385171464103,582.910979810613,572.3265394745135,573.3495483398438,95197700
2025-05-22,573.1528910764564,577.0482985987975,571.9232869387653,573.575927734375,70860400
2025-05-23,566.5817726606184,572.3166619439528,566.207968279521,569.6607055664062,76029000
2025-05-27,576.5072061511252,581.6616963869777,568.9918522772189,581.5043334960938,72588500
2025-05-28,581.9075989404909,583.0978771602481,577.412159762467,578.1400756835938,68445500
2025-05-29,583.3831371525944,583.5208672055215,576.5072014152614,580.4222412109375,69973300
2025-05-30,579.320555390729,581.4846704969287,573.7233954302501,579.7730712890625,90601200
2025-06-02,578.1695751189003,583.1174697772985,575.5136188023458,583.038818359375,61630500
2025-06-03,582.6749573775863,587.3376063335356,582.1929021565289,586.36376953125,63606200
2025-06-04,587.2195213026215,588.1933580255613,585.77347583579,586.206298828125,57314200
2025-06-05,587.8785767379185,589.2262178754949,581.405924678812,583.373291015625,92278700
2025-06-06,588.8917438854173,591.0263796061765,587.1211261759919,589.3639526367188,66588700
2025-06-09,589.9344673159251,591.4395314497265,588.7245561772476,589.8951416015625,53016400
2025-06-10,590.426305457828,593.6232758793388,589.3147986704665,593.2396850585938,66247000
2025-06-11,594.3315085062023,595.1873080200999,589.4918043518763,591.5476684570312,73658200
2025-06-12,590.2197770479303,593.8987426757812,589.7377818775473,593.8987426757812,64129000
2025-06-13,588.7343748466453,592.0296894370186,585.7636324727854,587.2588500976562,89506000
2025-06-16,590.6034249017806,594.5873299052357,590.4263090889528,592.84619140625,79984100
2025-06-17,590.4164759991057,591.9313264126861,587.0227571759267,587.7802124023438,82209400
2025-06-18,588.675394655937,591.4100028153547,586.7375074721152,587.6917114257812,76605000
2025-06-20,590.3564623402502,591.421997724495,584.9104595060545,586.3114624023438,94051400
2025-06-23,587.0611954614843,592.4874469643536,583.9534693671619,592.1027221679688,87426000
2025-06-24,596.2267600772981,599.6995206392156,595.3190526903905,598.6439208984375,67735300
2025-06-25,599.7586334214261,600.4492593088346,597.4204170810242,598.979248046875,62114800
2025-06-26,600.8241399898848,604.0996298621668,600.2124582889446,603.66552734375,78548400
2025-06-27,604.6621068443518,608.1250520914118,602.639606635459,606.6648559570312,86258400
2025-06-30,609.1016386885779,610.9169326524568,606.7929889413094,609.5653076171875,92502500
2025-07-01,608.0953617899536,610.5322734636828,607.2666588703396,609.3681030273438,70030100
2025-07-02,608.9636353224103,612.1700572103479,608.3420779544849,612.130615234375,66510400
2025-07-03,614.1037538406599,617.8824153010514,614.0840027457131,616.9550170898438,51065800
2025-07-07,615.0014790783108,615.6625385416997,609.5851029977032,612.357421875,74814500
2025-07-08,613.0184402574613,613.7682592313246,611.2130216520668,612.0220336914062,59024600
2025-07-09,614.4193967168262,616.3432013077288,612.5842913923066,615.6920776367188,66113300
2025-07-10,615.8302548644143,618.4644365752275,614.6562088976586,617.4285278320312,57529000
2025-07-11,614.389851486408,616.4814202079069,613.196114561925,615.258056640625,63670200
2025-07-14,614.804168244691,616.7773507170579,613.4624186155016,616.4320678710938,51898500
2025-07-15,619.1057784945341,619.4411858079188,613.7189684346675,613.7979125976562,74317300
2025-07-16,615.3764310442137,616.3531467698953,609.7627242916457,615.8499755859375,88987500
2025-07-17,616.0276278697462,619.9739930445255,615.8105464724214,619.6187744140625,68885700
2025-07-18,620.8618249379944,621.0295285799061,618.0599396747441,619.1649169921875,65621600
2025-07-21,620.3389892578125,623.0718060276608,619.9147622533486,620.3389892578125,63375000
2025-07-22,620.6645066309135,621.2860639110608,617.7935527028395,620.427734375,60046300
2025-07-23,623.0817490356008,625.7061157226562,621.2861455699198,625.7061157226562,70511000
2025-07-24,626.0907872079496,627.6200518287297,625.488980993582,625.9132080078125,71307100
2025-07-25,626.5743140212653,629.0309167973285,626.3276661888614,628.5573120117188,56865400
2025-07-28,628.9321516432593,629.4846403177779,627.0181622678288,628.3994140625,54917100
2025-07-29,629.7904764849706,630.1061928990167,625.8342963044605,626.741943359375,60556300
2025-07-30,627.3930824208583,629.129492632239,623.0718079865017,625.9526977539062,80418900
2025-07-31,630.8856625012866,631.2703873241156,622.3121821287813,623.6046142578125,103385200
2025-08-01,617.9020271938194,617.9415293786636,610.9860135753424,613.3834228515625,140103600
2025-08-04,617.2805351933534,622.7561046288977,617.191775701563,622.706787109375,73218000
2025-08-05,623.3184684441039,624.1274805006751,618.6321599743907,619.5496826171875,68051400
2025-08-06,620.6151401423151,624.9462896680084,619.7074931606843,624.295166015625,64357500
2025-08-07,627.7088284528788,628.4388963678413,620.674427785601,623.7723388671875,74205800
2025-08-08,625.5580097272857,629.0998986072367,625.2422933193634,628.6361694335938,64051600
2025-08-11,628.9124554108,630.382466681372,626.1499518449814,627.39306640625,58742300
2025-08-12,629.7313011159781,634.2301547632397,628.2514142554742,634.0723266601562,64730800
2025-08-13,636.2625497647373,637.5254154950222,634.0624705008762,636.2428588867188,60092800
2025-08-14,634.1709312549185,636.9630011917295,633.7270133914775,636.302001953125,59327500
2025-08-15,637.3280514224831,637.4267466743545,633.9046087993034,634.812255859375,68592500
2025-08-18,634.2400307460651,635.3647592128409,633.5691559281859,634.6741333007812,43804900
2025-08-19,634.4965103700933,635.4732259966958,629.9187128752989,631.2308959960938,69750700
2025-08-20,630.8265133126017,631.0829764734092,624.4629872631401,629.5537719726562,88890300
2025-08-21,627.7482676486437,629.4155489420286,625.3113561107211,627.0280151367188,54805800
2025-08-22,629.2084140029245,637.8312114652382,628.70524285572,636.6571655273438,84083200
2025-08-25,635.4041800322128,636.6374190424261,633.7368384817344,633.855224609375,51274300
2025-08-26,633.5889446007113,636.8545593934813,632.9673872646679,636.5092163085938,51581600
2025-08-27,635.9271580330511,638.6896016147832,635.7791452521487,637.9595336914062,48341100
2025-08-28,638.5613448732837,640.7712997557803,636.6868575289449,640.2188110351562,61519500
2025-08-29,638.7881685836082,639.1532627231435,634.5162720889837,636.400634765625,74522200
2025-09-02,628.9519373540064,631.9018356294255,626.4065150056712,631.684814453125,81983500
2025-09-03,634.05255551225,635.5719445130327,631.8722274787872,635.1082153320312,70820900
2025-09-04,635.7790859642552,640.4457033002755,634.8813144651941,640.4160766601562,65219200
2025-09-05,642.7443549194211,643.4646073746923,634.7036735299132,638.5612182617188,85178900
2025-09-08,639.922799046398,641.1264716601992,638.5514227841185,640.1300048828125,63133100
2025-09-09,640.268114410177,642.1327863823664,638.54157966928,641.6099243164062,66133900
2025-09-10,644.8557277247635,645.7732503039375,641.9058297062181,643.4646606445312,78034500
2025-09-11,645.4082598463015,649.502637640468,644.8262047273438,648.81201171875,69934400
2025-09-12,648.7823644090812,650.2721267910674,648.0917987261137,648.5949096679688,72780100
2025-09-15,650.7950437367242,652.1762353081463,650.499078415473,652.0479736328125,63772400
2025-09-16,652.6005288851532,652.9064300011956,650.3708830930857,651.1502685546875,61169000
2025-09-17,651.1600740883537,652.8471065185831,645.5266166017295,650.3411865234375,101952200
2025-09-18,653.0148488941834,655.9746224265324,651.4165760040546,653.3798828125,90459200
2025-09-19,655.2606553211801,657.4569312262267,653.3215535907623,656.6160278320312,97945600
2025-09-22,655.1320445581616,660.1676828141602,655.1023357778903,659.7225341796875,69452200
2025-09-23,659.6037721086419,660.2172101260659,654.914373896894,656.1312866210938,81708900
2025-09-24,657.4173382288552,657.5162467217733,652.6289715744526,654.043701171875,68082200
2025-09-25,650.91749472694,652.3717757310584,647.4251431178142,651.0263061523438,89622100
2025-09-26,652.4707616041429,655.3002210405111,650.8581544995363,654.756103515625,69179200
2025-09-29,657.2689872647139,658.1792111877495,654.7956708332731,656.5962524414062,73499000
2025-09-30,655.8542079251938,659.5345338964465,654.5482897020846,659.0695190429688,86288000
2025-10-01,656.0916347397471,662.2254710850941,655.9828233173913,661.3153076171875,72545400
2025-10-02,663.2939389771905,663.4126533220159,659.6631277666079,662.0770263671875,56896000
2025-10-03,662.838842966907,665.5001336306916,661.0283585893458,662.0671997070312,70494400
2025-10-06,664.451431246289,665.3319462864663,662.314512664693,664.4415283203125,54623300
2025-10-07,665.3616291701808,665.8068381763353,660.5436138980969,661.9781494140625,72020100
2025-10-08,663.0960778489103,666.0245059882836,662.2749199573431,665.925537109375,60702200
2025-10-09,666.3410972158545,666.7466945063586,662.0671995495462,663.996337890625,66501900
2025-10-10,664.9560020556908,666.7565834688588,645.8719162752307,646.0499877929688,159422600
2025-10-13,653.5985682812151,658.030731623523,652.7279561413051,655.9630126953125,79560500
2025-10-14,650.1556923521978,658.7232938317348,646.1983862715207,655.1616821289062,88779600
2025-10-15,659.70272543157,663.076302337462,651.8969246006144,658.0703125,81702600
2025-10-16,659.702653099313,661.572494532197,650.0962717870328,653.588623046875,110563300
2025-10-17,652.4608239631079,658.6540174880462,651.1153544209424,657.2986450195312,96500900
2025-10-20,660.197387427611,665.0352086527322,660.1479331778372,664.1348876953125,60493400
2025-10-21,664.2733620876278,665.8068060270512,662.8289237149189,664.1249389648438,56249000
2025-10-22,664.8274246920023,664.8274246920023,656.2202718491607,660.6722412109375,80564000
2025-10-23,660.988802941274,665.5298380529869,660.6722112216523,664.5899658203125,65604500
2025-10-24,669.2398161192735,671.2283116328227,668.4384640813665,670.0213623046875,74356500
2025-10-27,675.4428672302427,678.2228723013301,674.8393925526769,677.9260864257812,63339800
2025-10-28,679.7167206093349,681.5568533012904,677.520444889974,679.7266235351562,61738100
2025-10-29,681.3689223981395,682.338503435176,675.5813864900747,680.0531616210938,85657100
2025-10-30,676.600418646911,678.6186229721906,672.5738525390625,672.5738525390625,76335800
2025-10-31,677.7281416384325,677.7677533403644,671.9900605416568,674.7799682617188,87164100
2025-11-03,678.3514739521635,678.4800912258883,672.6826525168186,676.04638671875,57315000
2025-11-04,668.8935461650569,672.7024895383894,667.3799079726423,668.0328369140625,78427000
2025-11-05,667.7755543304748,673.5927987432043,666.9742023136038,670.3478393554688,74402400
2025-11-06,669.2496813312496,670.150002278421,661.5824008089137,663.1554565429688,85035300
2025-11-07,660.781013040124,663.9172214121945,654.1525740278607,663.808349609375,100592400
2025-11-10,670.011442763763,674.8987178962867,667.8250699305912,674.1666259765625,75842900
2025-11-11,672.6925273614432,676.2738842563608,671.485517700804,675.7099609375,58953400
2025-11-12,677.4809224347684,677.6491514285055,673.6819422079296,676.0859985351562,62312500
2025-11-13,673.2367288900627,673.5928719621189,663.3632690735044,664.8670043945312,103457800
2025-11-14,658.2780414721369,668.4482860302248,656.1905771441307,664.7581176757812,96846700
2025-11-17,662.5519561070769,666.5191649555097,655.1022987242936,658.56494140625,90456100
2025-11-18,655.0330052616243,658.0207904035176,648.8596179987588,653.0346069335938,114467500
2025-11-19,653.7272041810384,660.2171837101976,651.7188423695233,655.5574340820312,94703000
2025-11-20,665.7276649913678,668.3494043558474,644.9320631333248,645.5652465820312,165293500
2025-11-21,648.0583498819193,657.4569521849606,643.9031662606766,651.9959106445312,123956200
2025-11-24,655.6167144034767,662.9080451404715,654.5284795169995,661.5922241210938,80437900
2025-11-25,661.4933747936815,668.9924864834618,657.3876457131933,667.815185546875,81077100
2025-11-26,670.3973686817876,674.4239350690651,669.4970476879164,672.4254760742188,71879600
2025-11-28,673.5928002628821,676.3728052050843,673.2366572287348,676.0958251953125,49212000
2025-12-01,671.5646559458772,675.7000330812516,671.4953958513415,673.0090942382812,61201200
2025-12-02,674.6415287588202,676.5212733146432,672.0792068673397,674.2557373046875,62953800
2025-12-03,673.3059439079583,677.5995871066391,672.4353317565424,676.5905151367188,57238500
2025-12-04,677.9854045442221,678.05466464181,674.0677104452674,677.0851440429688,61970300
2025-12-05,678.1535936302283,681.0424704296607,677.2731389541586,678.3712768554688,79241000
2025-12-08,679.2617413091358,679.3111955598065,674.2953027143022,676.3333129882812,55231500
2025-12-09,675.8583835190601,678.0744650894321,675.3043631264671,675.74951171875,58310100
2025-12-10,675.2747265375898,681.616283144729,674.0380683519487,680.2312622070312,85671300
2025-12-11,677.82719343181,681.8933109790751,674.8888622374254,681.8141479492188,86173700
2025-12-12,680.8248329648462,681.5272765513724,671.9208940415416,674.4832763671875,113160300
2025-12-15,678.4207075198718,678.4405133715769,671.999988545765,673.4641723632812,90811000
2025-12-16,671.9802275249427,673.8105178026394,667.7755898483048,671.6240844726562,122030600
2025-12-17,672.6331978735437,673.1773153631458,664.035948310003,664.2338256835938,110625200
2025-12-18,670.3675775068244,673.4740770479272,667.6964444022054,669.2496337890625,108650100
2025-12-19,671.3463691548195,675.8114935895343,671.2272434527378,675.3153686523438,103599500
2025-12-22,678.6394050189502,680.0483829319917,675.3153920494597,679.5225219726562,69556700
2025-12-23,678.6194459960617,682.8663040830753,678.569845619967,682.628173828125,64840000
2025-12-24,682.6183200290311,685.4760045408373,682.4694583215327,685.0294799804688,39445600
2025-12-26,685.2874813951044,686.2995351048382,683.9281038851597,684.9600219726562,41613300
2025-12-29,682.2114479341877,683.8586166189733,680.7528697076866,682.51904296875,62559500
2025-12-30,682.1222002850684,683.2235831301442,681.2589477241032,681.6856079101562,47160700
2025-12-31,681.8145855439083,682.0328514439952,676.4266760541103,676.635009765625,74144800
2026-01-02,680.3956585252009,681.5466416904673,674.5512924418268,677.8753051757812,89377200
2026-01-05,681.2191671325683,684.086783636805,681.060433809282,682.3900146484375,71927200
2026-01-06,682.5984300063299,686.9544213697425,682.4496288665487,686.4483642578125,69273800
2026-01-07,686.8254142672773,688.5817158514149,683.9776620917838,684.2356567382812,75588300
2026-01-08,683.4815439165204,685.2675815209567,682.1618346683338,684.1661987304688,64019200
2026-01-09,685.2775150455628,689.9212370510019,683.8387406584166,688.6908569335938,80125500
2026-01-12,685.3271398200249,690.6952455853734,685.2775394384523,689.7723999023438,63976000
2026-01-13,690.0998291255927,690.6952153647912,685.9919002674054,688.3931884765625,78309700
2026-01-14,685.6446980414748,686.3590889175136,680.7231166120667,685.0096435546875,94676700
2026-01-15,689.1870202593807,690.0602050162862,685.8927433241695,686.8750610351562,77862000
2026-01-16,688.2839991969948,688.869453251486,684.7515921796883,686.2994995117188,79289200
2026-01-20,676.2082832182709,679.4628915199756,671.3264313278333,672.32861328125,111623300
2026-01-21,674.3826370735425,683.402154325963,672.8743979165272,680.0880737304688,127844500
2026-01-22,684.5035723961656,685.7736813437502,681.5962874434288,683.6403198242188,77112200
2026-01-23,682.8167194920136,685.6049389887335,681.8343413244536,683.8883056640625,63059600
2026-01-26,685.138576123168,688.7503800429489,684.5729864520383,687.3612060546875,60473800
2026-01-27,688.799947686109,691.1317710154308,688.1946898528689,690.0997924804688,55506100
2026-01-28,691.6477064811113,692.4316225777728,688.5618241580821,690.0303344726562,61172200
2026-01-29,690.9928952881424,691.657685737667,679.5224893166136,688.6610717773438,97486200
2026-01-30,686.4285189892349,688.8298072906449,681.7947290319643,686.6071166992188,101835100
2026-02-02,684.2357342361453,691.528747109235,684.0769403301045,690.0205078125,79286500
2026-02-03,690.8142565672537,691.5584439188771,678.7286612443456,684.18603515625,107904600
2026-02-04,684.9996810996682,686.0911923060062,676.4762885369656,680.8719482421875,105204600
2026-02-05,675.6626239798336,678.3913111024622,670.5525129616972,672.3683471679688,113610800
2026-02-06,676.1785962582386,686.9444827733389,675.5732778299765,685.267578125,89127600
2026-02-09,684.0769172088077,690.4769412520913,683.0053309088385,688.5718383789062,73885200
2026-02-10,689.5640042757049,691.1416475283962,686.2994637039938,686.7559204101562,65185700
2026-02-11,690.9928885783248,691.7370759669038,683.8387453470867,686.5972290039062,76353900
2026-02-12,688.8595645054852,689.9609473653614,675.097063165144,675.9901123046875,118829000
2026-02-13,676.4067760275798,680.96122930703,672.2691112734435,676.46630859375,96267500
2026-02-17,674.8688419019007,679.6316291710169,670.5426469985775,677.5578002929688,81354700
2026-02-18,678.7187643851827,683.8090109802145,677.53798463666,680.9711303710938,73570300
2026-02-19,678.5401160314528,680.86194660128,676.2678252760687,679.1751098632812,58649400
2026-02-20,677.0319706522042,684.71197532004,676.4465165538227,684.0868530273438,100034000
2026-02-23,682.4992209190492,684.6523861034582,675.0970153480879,677.1013793945312,90558100
2026-02-24,676.6151751251432,683.0151380016027,674.7298762460771,682.0228881835938,73798700
2026-02-25,684.8310015582731,688.3038760705598,684.7516046120257,687.7780151367188,56369500
2026-02-26,687.9069589925494,687.926762805978,679.0461151309984,683.957763671875,71671000
2026-02-27,677.795973699009,681.5367144347911,676.35719931042,680.6734619140625,83308900
2026-03-02,673.4400139353526,683.2831159083878,672.765291276125,681.0604858398438,87477200
2026-03-03,669.8281968363514,677.3196712649806,664.4700232973693,675.057373046875,105003100
2026-03-04,676.3472549970834,681.7649608594664,674.3528231531807,679.8201293945312,79182200
2026-03-05,676.7938369684096,680.2171112774074,670.3739485451397,676.02978515625,106606500
2026-03-06,668.1909311447467,670.8700177972564,664.5692556037578,667.1689453125,100687000
2026-03-09,661.2254329083217,674.6505427155427,657.2564332632285,673.0133666992188,102667700
2026-03-10,672.4675558251363,678.0638596518006,669.5305349566006,671.9317626953125,81505300
2026-03-11,672.3286912573745,674.8093159596237,668.1215614523004,671.08837890625,68441700
2026-03-12,665.9583993556241,666.4446526664856,660.7094193200438,660.89794921875,108882200
2026-03-13,664.0831110227487,667.1293254881115,656.2343803863124,657.1571655273438,97200200
2026-03-16,663.1999840519829,666.8613885560293,661.9497395049242,663.844970703125,82023100
2026-03-17,667.1788836379297,669.2129836950214,664.5097291491037,665.5912475585938,87128000
2026-03-18,663.1800557566115,664.5295009374192,656.0656417127632,656.3037719726562,82062600
2026-03-19,651.8783782687178,657.8418097710767,650.0923405870744,654.6864624023438,111272500
2026-03-20,653.2010079047443,653.380093364961,641.4703940766159,645.301025390625,163617500
2026-03-23,654.7531040433624,659.2801583045331,650.6439158314106,652.07666015625,134802700
2026-03-24,648.0371459178807,653.7183875512989,646.604401549905,649.8877563476562,96457500
2026-03-25,655.3500504609481,657.5588924447279,650.9423865337293,653.5093994140625,90653800
2026-03-26,648.773401781548,651.5493174066021,641.5699034672713,641.8385620117188,96494400
2026-03-27,639.2615657472361,639.4207325687934,629.9188801961861,630.8939819335938,103649400
2026-03-30,636.8836547011163,637.1423539459004,626.108284608157,628.78466796875,99275900
2026-03-31,635.719508676349,648.255975728372,634.7643255692599,647.0620727539062,152534100
2026-04-01,650.6041659517412,655.2008748639518,649.7086779392242,651.9373779296875,97841500
2026-04-02,643.161809607987,654.8824636102106,641.858414876014,652.5244140625,68358700
2026-04-06,652.5542919409455,656.3948220300638,652.2160396308291,655.6088256835938,39105800
2026-04-07,653.3402849463747,656.285326673986,647.7784337275787,655.8972778320312,69980400
2026-04-08,672.980811715349,673.6673363432215,668.0756676404139,672.6027221679688,93606100
2026-04-09,671.438579338256,677.7266707213284,670.3739652533407,676.4829711914062,57134400
2026-04-10,677.885949822129,678.5923930707559,675.0304203424645,676.0353393554688,42253500
2026-04-13,673.9956432299357,682.8408497944083,673.1698703787699,682.641845703125,54185800
2026-04-14,684.2238203737314,691.0791070995066,684.193942434314,690.959716796875,63480500
2026-04-15,691.7557051691649,696.7504224001667,690.7010502942645,696.412109375,58240400
2026-04-16,697.5264615426626,699.2378238459212,695.0092450197437,698.1234130859375,49972400
2026-04-17,702.5808909886877,708.7993894133457,702.2028014262665,706.5607299804688,70661900
2026-04-20,705.20752199003,706.3317705126415,702.5808139687996,705.1477661132812,43546800
2026-04-21,706.7000123508461,707.6949720613851,699.098505587723,700.53125,58941400
2026-04-22,705.5756906371417,707.8640857857167,704.6503246823615,707.6253051757812,42518500
2026-04-23,705.9239069650033,708.7694771316526,698.7403270820959,704.8792114257812,56174000
2026-04-24,707.1676287635845,710.8688498134599,705.4364085481575,710.341552734375,45182000
2026-04-27,709.5753882284523,712.023010938504,708.7097781525541,711.5653076171875,33135900
2026-04-28,708.2321938525355,709.2868486650957,705.6751402340362,708.1028442382812,43117400
2026-04-29,707.4163145996059,708.6102783309316,704.7995658491443,707.993408203125,41859200
2026-04-30,711.0280636665188,716.1620290590424,706.8691393587039,715.0377197265625,67240900
2026-05-01,717.6146516977453,721.216400793299,716.8385540170647,717.0177001953125,43049800
2026-05-04,716.4406056700121,718.4802608161392,711.3861936216806,714.3909912109375,51950600
2026-05-05,718.1320898558575,721.3855668152729,717.8534719876392,720.1220092773438,36933200
2026-05-06,724.489821452625,730.8874657022126,724.1515691652952,730.1312866210938,53288900
2026-05-07,731.3451201928577,732.4196936796947,726.0718458933673,727.8926391601562,51724600
2026-05-08,731.2257166531052,734.359863963193,730.8675457398152,733.9021606445312,47227100
2026-05-11,732.7380586745534,737.0561496205491,732.7380586745534,735.5736694335938,44024000
2026-05-12,733.1758744234386,735.1160580011854,728.1413807257971,734.4593505859375,54185300
2026-05-13,734.7478704606156,740.1604537310201,731.7629913201908,738.5685424804688,44200200
2026-05-14,739.9018102364839,745.7521781705404,739.8122371427646,744.3989868164062,45307600
2026-05-15,738.0511867146383,739.712813256131,734.2405345152865,735.4443969726562,60410800
2026-05-18,736.1010471042457,737.682999009625,729.6935042484962,734.927001953125,47843900
2026-05-19,731.0765556379026,733.9320852676053,727.8429364442825,730.0317993164062,54255900
2026-05-20,732.0018002736176,738.1307251173267,730.1909663879147,737.5138549804688,45768000
2026-05-21,734.9170485709385,741.1156280791548,733.3151780259534,738.9764404296875,43332200
2026-05-22,742.4787264390759,745.1651298094138,740.7275876279662,741.8817749023438,41762000
2026-05-26,746.2297301040182,748.3390397979183,744.5979816306177,746.8068237304688,41123600
2026-05-27,747.0953563113346,747.5928361692701,744.4487294597059,746.677490234375,42106300
2026-05-28,746.4685193943138,751.3438462445121,745.4536410614309,750.7965698242188,41562600
2026-05-29,752.0900813404212,754.2590862562773,750.8861582097875,752.6671142578125,55075700
2026-06-01,751.5527711685265,756.4480167905853,750.8861651495049,754.7167358398438,43634900
2026-06-02,753.2144012702464,756.5674107365072,752.9357833937803,755.7415771484375,31581900
2026-06-03,754.3287420712209,754.9754294579049,749.7718095132926,750.4384155273438,51402500
2026-06-04,748.3091480570178,754.4878695071194,747.6823186029123,753.2740478515625,49923000
2026-06-05,748.5181345185488,749.0255736853693,731.82274221843,733.83251953125,93989400
2026-06-08,739.6132273185567,741.5832888174093,734.4693026781229,735.4940795898438,49319100
2026-06-09,739.881873688386,743.1354112835509,718.9479438267383,733.3350219726562,87683500
2026-06-10,729.69352181897,734.6583610930755,721.6741489247238,721.7736206054688,60341300
2026-06-11,725.0868662900759,736.2702039965386,720.7587550057447,734.04150390625,86330500
2026-06-12,736.9766163198905,740.6877965432628,731.3252525489901,738.0113525390625,57079500
2026-06-15,748.0604304424444,752.8661028247,747.9709180763429,751.0254516601562,60176400
2026-06-16,750.7468576807364,751.6323864215939,746.100412710964,746.5481567382812,67093100
2026-06-17,747.5032315039188,748.3589429763433,735.4940609532621,737.225341796875,85945200
2026-06-18,745.907751654771,746.3765582049119,742.0173878962117,744.8902587890625,80875700
2026-06-22,745.8479411927095,748.321778689857,741.2892538871644,742.546142578125,46628100
2026-06-23,731.9922892059834,737.7978798883457,730.4860198600484,731.7628784179688,66846800
2026-06-24,733.3489180103626,738.1171068570358,729.0296875445486,731.4237060546875,57439500
2026-06-25,737.0796452204372,737.5385276888334,727.7927091295785,732.4810791015625,53934400
2026-06-26,727.144386135875,734.7056273477464,714.8050317832251,727.1842651367188,71034000
2026-06-29,734.7055914816465,739.7231001504891,730.27658724538,739.1644897460938,58035200
2026-06-30,739.4537599262709,746.1671307285668,739.0547872797607,744.9202270507812,55626000
2026-07-01,743.1545925484338,747.5835968507926,740.541087308444,743.9127197265625,47100900
2026-07-02,745.5486859530862,749.4489739445169,738.1969465958291,742.9351806640625,57447800
2026-07-06,746.885320136641,750.5462122974698,745.5585975722108,749.4190673828125,50673300
2026-07-07,748.3616416292718,749.0998597580657,743.364102770238,745.85791015625,43721500
2026-07-08,741.3191472958572,744.3017921335774,737.6782249675691,743.5536499023438,43767400
2026-07-09,745.4987759890873,750.1073272936331,743.7431866839036,749.8480224609375,41441700
2026-07-10,750.187115173852,753.5487626123848,746.2468873823584,753.0799560546875,42191300
2026-07-13,750.6060836597362,752.0425191788765,746.1471851864706,747.3142700195312,44013600
2026-07-14,749.0499474324819,751.4739818301254,746.8055207475287,749.9677124023438,35143100
2026-07-15,752.3717122204262,753.7084197839658,748.3417413555546,752.9403076171875,43844800
2026-07-16,750.8953984161742,752.7009125511715,746.0274814662645,748.8604125976562,46409800
2026-07-17,740.241827732839,745.438883195828,738.9649691671198,741.4487915039062,62651000
2026-07-20,745.2094908804986,746.8753371556621,739.6732506975046,740.2518310546875,50422300
2026-07-21,744.4413918284653,747.1845799829406,742.3366329839115,746.426513671875,34324300
2026-07-22,744.7705725456777,748.1621748950539,744.5211918106933,745.55859375,32836200
2026-07-23,737.5385562389782,740.7206569606348,733.3888874570794,736.3515014648438,55437300
2026-07-24,736.6806667930385,741.8777222786117,735.4636571620507,737.099609375,44782000
2026-07-27,743.0648074406847,743.6833276942111,734.0472217265344,737.25927734375,41461200
2026-07-28,737.3589950224286,740.9500533043114,734.156924420905,739.0248413085938,47322200
2026-07-29,738.1370526174048,740.8403618199718,727.2939826612791,727.6531372070312,70697200
2026-07-30,734.2267392747757,740.6109103701467,732.7703947650456,739.852783203125,66811300
2026-07-31,742.835410914187,747.0449895804718,735.8527500027326,745.1796264648438,62445900
2026-08-03,747.5836183167282,756.7009928898597,746.9451890027125,755.793212890625,59927500
2026-08-04,758.7458651152236,771.494176400126,758.6361522059436,769.4193725585938,69154800
2026-08-05,773.928165423025,774.9256883846499,767.6039039413469,767.8831787109375,44689100
2026-08-06,768.3021872511085,769.9081846177485,765.5589990885744,766.65625,38416900
2026-08-07,769.1101628301597,772.0029428489042,767.703621378493,771.3446044921875,43586300
2026-08-10,770.6861849056471,773.1301282404592,769.7086319253093,771.1151733398438,39249500
2026-08-11,772.6115040483734,772.6912620504304,767.2946895097219,768.6513061523438,36740600
2026-08-12,772.7910096110111,772.9805414027246,769.369513273419,770.5764770507812,33179100
2026-08-13,772.9506321027081,777.4394855444215,772.1925048911166,775.9531860351562,35634500
2026-08-14,776.6114939657781,776.8708596736758,773.509212209858,774.4169921875,31367900
2026-08-17,774.2573577843602,774.8559080861019,770.5964655970525,770.7560424804688,34356600
2026-08-18,766.7959149360092,767.5939211307613,765.0202948350139,765.5490112304688,43920900
2026-08-19,768.4517358705159,770.5564946026684,766.1973243479778,767.1549682617188,40306000
2026-08-20,764.0627220124634,766.2472997692572,760.1523881029335,760.7109985351562,45520300
2026-08-21,764.1524418077088,765.9479709365374,762.2770937955632,763.8232421875,39188700
2026-08-24,762.8856098637509,763.3244615010249,760.1922857963137,761.5787963867188,32430900
2026-08-25,764.262137078792,764.8806573052586,761.159855395616,764.0127563476562,27422300
2026-08-26,762.8356805789958,765.449185749943,762.0376744224566,764.182373046875,28751600
2026-08-27,766.5964060257239,770.4468300957561,765.2596984507333,769.18994140625,34557100
2026-08-28,769.8483393622295,773.3795487683207,766.4068729286823,767.4442749023438,36744300
2026-08-31,765.4292990280279,766.097622354185,762.8257178677422,765.1499633789062,38810800
2026-09-01,760.1224772031874,762.7758614763637,757.5987149009983,759.89306640625,41126300
2026-09-02,760.5614001563074,764.5315220914426,759.8431519587122,763.2646484375,29566200
2026-09-03,765.99791709853,772.112737807933,765.5490195828438,771.2548217773438,43531600
2026-09-04,770.0977256925568,770.9555808433835,767.0951717806925,768.2822265625,34054200
2026-09-08,767.1649647963771,767.7934091111229,763.2447069992287,764.0626831054688,44746100
2026-09-09,762.1873669257697,762.5763546117217,759.055130192088,760.5115356445312,32812400
2026-09-10,756.1523365872063,758.2271404471661,754.7657651010062,755.9528198242188,42740400
2026-09-11,762.8257171109622,764.4816392943262,761.7084962835214,762.3967895507812,45512700
2026-09-14,757.119891309806,761.6287143614769,756.0525344863368,758.9952392578125,43992400
2026-09-15,758.2371341657202,758.4665449596201,754.2769973083872,755.513916015625,46195000
2026-09-16,757.6187023523285,759.7833101686804,747.7432005092232,752.1821899414062,59217700
2026-09-17,761.2596848801362,761.6786274833105,758.0775841455181,760.7109985351562,49652800
2026-09-18,761.3099975585938,762.0,757.969970703125,761.6900024414062,65308100
