date,open,high,low,close,volume
2010-01-04,83.6542900585502,84.41363056715778,83.01405922513885,84.36896514892578,118944600
2010-01-05,84.31685608817332,84.62952538448558,84.01162724196406,84.59230041503906,111579900
2010-01-06,84.51042263821236,84.86031695618865,84.44342449888946,84.65187072753906,116074400
2010-01-07,84.49551840729193,85.11341651296566,84.25729338434614,85.00919342041016,131091100
2010-01-08,84.78583968899576,85.32929344196,84.61461850198386,85.29206848144531,126402800
2010-01-11,85.6717668680196,85.70898615982551,85.04642256050808,85.41120910644531,106375700
2010-01-12,84.8454105406426,85.02407788347232,84.28707012453386,84.61463165283203,163333500
2010-01-13,84.83054188390845,85.56755552763238,84.3987628252508,85.32933044433594,161822000
2010-01-14,85.23254276992698,85.71643903937152,85.18043121350887,85.56010437011719,115718800
2010-01-15,85.41118906060575,85.49307375525386,84.27216994779245,84.5997314453125,212283100
2010-01-19,84.5848732441304,85.70899479731258,84.5625348511158,85.6568832397461,139172700
2010-01-20,85.07622535648329,85.2027812077772,84.10843830103391,84.785888671875,216490200
2010-01-21,84.8082143079001,85.068772121083,83.05130208224637,83.15552520751953,344859600
2010-01-22,82.7833039895819,83.18530993536946,81.21250518797547,81.30184173583984,345942400
2010-01-25,82.046304065525,82.19519832673176,81.45074405990395,81.71874237060547,186937500
2010-01-26,81.39861445413882,82.23985128300338,81.17528161582874,81.37628173828125,211168800
2010-01-27,81.2720471886544,81.94950309970378,80.64670851359374,81.76338958740234,271863600
2010-01-28,82.0313883167961,82.07605373941173,80.33403410060232,80.82537078857422,316104000
2010-01-29,81.17526490983118,81.74105154063228,79.82035885588112,79.94691467285156,310677600
2010-02-01,80.51268968119315,81.1975858997645,80.02879351469271,81.19013977050781,187865000
2010-02-02,81.33905139960092,82.32917097323156,81.05615522450616,82.17283630371094,216327900
2010-02-03,81.80060888202243,82.2472858553328,81.52516451884586,81.76338958740234,172730700
2010-02-04,81.13059107632219,81.16781036465493,79.22478517007998,79.23967742919922,356715700
2010-02-05,79.32902295047751,79.56724802289175,77.85500708983125,79.40347290039062,493585800
2010-02-08,79.46302314436058,79.90225398421389,78.77068065557053,78.83023834228516,224166900
2010-02-09,79.7533773323065,80.51272380582232,79.11314625845391,79.82038116455078,337820500
2010-02-10,79.69380319467858,80.10324948798323,78.99401461520766,79.66402435302734,240511500
2010-02-11,79.55982501847515,80.58716980359935,79.09826135457212,80.49783325195312,223591600
2010-02-12,79.6491451772905,80.47548970973313,79.29181037823838,80.43082427978516,304622100
2010-02-16,81.04123286510941,81.77824046169101,80.26700031042793,81.69635009765625,159317500
2010-02-17,82.09095943427975,82.19518824420685,81.6963996300176,82.0835189819336,168845100
2010-02-18,81.94949229935222,82.7386116699953,81.91971345974058,82.56739044189453,193708600
2010-02-19,82.35151095689967,83.05874004883354,82.15795130910567,82.7386245727539,222684900
2010-02-22,83.04386143997404,83.0661941553765,82.50785355137775,82.75352478027344,132346900
2010-02-23,82.53018373215734,82.78329540525753,81.53261226352127,81.74850463867188,207497000
2010-02-24,81.9941677526358,82.63439868329951,81.78572152957945,82.50039672851562,176350700
2010-02-25,81.32417839417413,82.44830587040798,81.10084553329168,82.38874816894531,259634700
2010-02-26,82.46315149364241,82.72371488817706,81.9718148999767,82.4408187866211,173589300
2010-03-01,82.783306584736,83.37887222969925,82.76097386700349,83.29698181152344,147709700
2010-03-02,83.65429434014398,83.92973867298271,83.37884432757221,83.5277328491211,160992400
2010-03-03,83.74360758399797,84.10094791225302,83.39371338417561,83.60216522216797,150785000
2010-03-04,83.7138452045613,83.97440863333439,83.40117590571312,83.85529327392578,135770400
2010-03-05,84.3987309548533,85.12084638360375,84.19772524438305,85.05384826660156,176118800
2010-03-08,85.06132328164884,85.25487724965119,84.91987519141084,85.06876373291016,114631200
2010-03-09,84.81567573889242,85.60479545251381,84.7710102999283,85.21023559570312,154556700
2010-03-10,85.24743372010302,85.8206608318833,85.17298945204155,85.58988189697266,186088800
2010-03-11,85.38886413816508,85.96954297888644,85.12830639666159,85.94720458984375,160791100
2010-03-12,86.31943171768754,86.33432397707695,85.71642584627094,85.95465087890625,162074800
2010-03-15,85.80579135158426,86.03657033249003,85.31444886093166,85.97701263427734,146816800
2010-03-16,86.21518843301006,86.74374992291168,85.97696345615675,86.661865234375,168673000
2010-03-17,86.92243315592565,87.45844083692698,86.66931589334962,87.17554473876953,177468100
2010-03-18,87.18300907519026,87.30211876265909,86.78100323048301,87.13089752197266,196509100
2010-03-19,86.68985748291016,87.67658322419926,86.35347020782733,86.68985748291016,226641100
2010-03-22,86.19651863243149,87.31032739986884,86.14419246707783,87.1533432006836,184477800
2010-03-23,87.28040740969183,87.84104722092525,86.99634625533481,87.76629638671875,182941600
2010-03-24,87.43737590835318,87.78123426901647,86.39832403285777,87.34019470214844,196072600
2010-03-25,87.93075501694995,88.33441640707876,87.09353646242232,87.19818878173828,223396300
2010-03-26,87.36264783718723,87.77378033711689,86.80200794381813,87.14586639404297,205808500
2010-03-29,87.58688365844667,87.85599121215992,87.22807738891088,87.69901275634766,134513500
2010-03-30,87.80366130667758,88.08024564259321,87.39252890277999,87.7588119506836,145772500
2010-03-31,87.42241482961819,87.84850077296142,87.168260903434,87.45979309082031,161078700
2010-04-01,88.05780029296875,88.39418179020305,87.53453321567831,88.05780029296875,161215200
2010-04-05,88.39420737459729,88.83524127431616,88.14752449689543,88.77544403076172,105847600
2010-04-06,88.52129973654469,89.14174258407667,88.4241242086552,88.9847640991211,110384200
2010-04-07,88.80536626898645,89.22397558736323,88.06531746283919,88.47645568847656,184576300
2010-04-08,88.16996242902589,88.93243585596282,87.90833162689019,88.78292846679688,158704000
2010-04-09,88.96982220792275,89.4033851489801,88.80537260905152,89.36601257324219,133006500
2010-04-12,89.47809413699446,89.73973056036408,89.3734418488954,89.50799560546875,110279000
2010-04-13,89.41832364492831,89.73228060311858,88.95485929965432,89.57530212402344,125043600
2010-04-14,89.90418130847874,90.59190368652344,89.76215646019122,90.59190368652344,161609000
2010-04-15,90.44242876626595,90.87599166580853,90.41252728666396,90.66668701171875,144615300
2010-04-16,90.34524053992264,90.66667427157213,88.76797335707548,89.22396087646484,366786700
2010-04-19,88.96231333657744,89.65003003186077,88.55865204940099,89.5603256225586,217947800
2010-04-20,90.12099284660533,90.43495552339886,89.60520801932644,90.36019897460938,157708000
2010-04-21,90.41251546439554,90.62182579424015,89.69489715715547,90.19573974609375,192910100
2010-04-22,89.56033792262792,90.57696522185225,89.04455318188951,90.46483612060547,115360300
2010-04-23,90.40504322202861,91.09276004482248,90.17330821414556,91.05538177490234,177335500
2010-04-26,91.08528485667928,91.28711839281058,90.62182623898576,90.7115249633789,143457300
2010-04-27,90.18826341921334,90.70404819398813,88.39421479024543,88.56614685058594,355853300
2010-04-28,88.99219163249731,89.4631268266757,88.40912167854978,89.2388687133789,300674100
2010-04-29,89.7770832161376,90.53207944415486,89.75465854553364,90.34519958496094,193775000
2010-04-30,90.36017833990302,90.45735954988739,88.79038812690943,88.81281280517578,270000900
2010-05-03,89.23887914480854,90.21065681186134,89.10432540172616,89.96397399902344,182747900
2010-05-04,88.96231145131647,88.97725933432228,87.39999248203124,87.84850311279297,360353400
2010-05-05,87.13089961715995,88.05782820683578,86.68986570528638,87.32525634765625,328973200
2010-05-06,86.90664628191435,87.45980929081084,78.48957244047126,84.42488098144531,647356600
2010-05-07,84.20063508889693,85.04533046267235,81.78614917743654,83.16905975341797,637558800
2010-05-10,86.570265061275,87.19818465054539,85.89750181272417,86.83190155029297,396159600
2010-05-11,86.01709610919931,87.72891699529887,85.89749591662417,86.58521270751953,317849800
2010-05-12,86.9290684496396,87.9232710405733,86.77956108458031,87.79618835449219,235607100
2010-05-13,87.55702164627816,87.9681599561689,86.63009837858176,86.70484924316406,234452500
2010-05-14,86.05449226232513,86.21147075571197,84.37257250059216,85.13504028320312,345601400
2010-05-17,85.36676582947393,85.60597195682561,83.55029233944829,85.17988586425781,325739800
2010-05-18,85.87507084865807,86.12923054118512,83.74464060200836,84.02122497558594,360556800
2010-05-19,83.55028725401405,84.29780706937943,82.49628727997313,83.54281616210938,394742700
2010-05-20,81.76370099841373,82.14493763420087,80.33594136732475,80.38826751708984,530418300
2010-05-21,79.16981364654707,81.76370219795403,78.75867553298778,81.56187438964844,500909400
2010-05-24,81.12080875784936,81.77115273690804,80.44056901933313,80.51531982421875,269823000
2010-05-25,78.57179466171686,80.63495059221397,78.02610278149342,80.59757232666016,396505200
2010-05-26,81.09092596868364,81.83096875072471,79.87246541198701,80.1116714477539,349719300
2010-05-27,81.6216522360361,82.82515903134403,81.31516651778409,82.79525756835938,300870500
2010-05-28,82.70558846121253,82.76539141269349,81.36752736322369,81.75624084472656,297933500
2010-06-01,80.99376431079743,82.18979477813104,80.26119814467195,80.38079833984375,277909400
2010-06-02,80.79192718058182,82.48131752598744,80.36584119744892,82.47384643554688,240243700
2010-06-03,82.71308519745061,83.01956541721479,81.91323906370661,82.7579345703125,226618300
2010-06-04,81.18815157582902,81.72636691431283,79.58098235761356,79.85009002685547,398475600
2010-06-07,80.13412370682366,80.44060957543415,78.79606822633139,78.85586547851562,264609100
2010-06-08,78.91565591374147,79.85753234947872,78.22793914617839,79.70055389404297,357774300
2010-06-09,80.1640043293774,80.94142543675936,78.93807258011569,79.27445983886719,268023300
2010-06-10,80.62748799636188,81.68896476878558,79.26700215622238,81.59178924560547,317890600
2010-06-11,80.87417311227976,82.04030223476289,80.82184695173562,81.98797607421875,214128200
2010-06-14,82.61586102680997,83.06437733488926,81.7786427517217,81.86087036132812,207196100
2010-06-15,82.43647883581745,83.79696458105069,82.29444825535757,83.72221374511719,238268700
2010-06-16,83.2886679662969,84.03618788493849,83.12421267169584,83.69232940673828,216374000
2010-06-17,83.93151082203173,83.9688890882,83.01206478676839,83.82685852050781,263185800
2010-06-18,83.99284633631387,84.21816574076335,83.64735199861973,83.91773986816406,174006600
2010-06-21,84.96176148160987,85.02184323652803,83.2117521550961,83.67742156982422,213140700
2010-06-22,83.67740871041954,84.04543447261436,82.17525619341217,82.29542541503906,239355400
2010-06-23,82.34797726176456,82.64089646141483,81.47673202774864,82.0400390625,254639900
2010-06-24,81.63445755925764,81.73960774764538,80.47028739177921,80.68058776855469,268523600
2010-06-25,80.92096450020888,81.43169664840177,80.19241952246601,81.01860809326172,238726500
2010-06-28,81.13878283008614,81.35659567440146,80.47032529040659,80.76324462890625,169218600
2010-06-29,79.62910722622118,80.74821504493077,77.77395356881675,78.26966094970703,373649500
2010-06-30,78.05185130070281,78.77288389414315,77.27073122524467,77.5261001586914,284101700
2010-07-01,77.47351467074175,77.72887783973754,75.9563374693609,77.18059539794922,382924800
2010-07-02,77.44347668091166,77.67630849701082,76.3243746138532,76.75999450683594,233385200
2010-07-06,77.84154028912363,78.38982846024086,76.51964451526075,77.26321411132812,256935300
2010-07-07,77.45847648154796,79.7943236215665,77.37585765175264,79.69668579101562,253769400
2010-07-08,80.36516134930068,80.57546178926142,79.54649096084528,80.48533630371094,210842100
2010-07-09,80.46279462257512,81.09370163680691,80.31258166836878,81.08618927001953,144999900
2010-07-12,80.81580042273805,81.29648874688279,80.47781841459955,81.13876342773438,131283600
2010-07-13,81.97994858838811,82.68595614940314,81.81471094743078,82.36299896240234,213025900
2010-07-14,82.10011519072235,82.67844691589235,81.7621332850293,82.35548400878906,184426800
2010-07-15,82.32546901961818,82.66345104329437,81.24391737544303,82.37804412841797,232337900
2010-07-16,81.93491998773197,82.02505121671334,79.95207879220638,80.10980987548828,282693400
2010-07-19,80.40270536188672,80.83832518046007,79.77931077272589,80.58296203613281,186709000
2010-07-20,79.51644378527047,81.53683497921425,79.47888768107626,81.47675323486328,258162400
2010-07-21,81.89734556854359,81.9198769366111,80.08724926370101,80.417724609375,264527000
2010-07-22,81.3715765738877,82.57330283908765,81.36406993916545,82.21278381347656,274781300
2010-07-23,82.04755946039568,83.04649214485049,81.81472768065674,82.92632293701172,222020800
2010-07-26,83.0690143337691,83.87266552014121,82.83618257975888,83.79004669189453,184445700
2010-07-27,84.2482182154636,84.3383494247489,83.45207925600884,83.78255462646484,204855600
2010-07-28,83.609816567573,83.86518549871647,82.96389046735187,83.24179077148438,163056200
2010-07-29,83.76002515452447,83.98535033312983,82.17525945796076,82.8362045288086,220149100
2010-07-30,81.99502211520634,83.26434326462518,81.852321473327,82.82120513916016,220070600
2010-08-02,84.1130285459122,84.82655442931036,83.77504652184687,84.69136047363281,188263200
2010-08-03,84.48101741705524,84.69882437940812,84.00783594577791,84.28573608398438,146657300
2010-08-04,84.51859237126395,84.95421788326313,84.24069788243294,84.84906768798828,158171700
2010-08-05,84.30828952149803,84.80400248212489,84.18060796385379,84.7589340209961,140473800
2010-08-06,83.92526665166645,84.54866137445462,83.30938429657361,84.41346740722656,239728300
2010-08-09,84.81150724148463,85.00678862137555,84.36086275195261,84.86408233642578,120800400
2010-08-10,84.14306168363933,84.85658747714847,83.64735439544158,84.40593719482422,242916300
2010-08-11,83.10658017240657,83.13662390713228,81.95743453786646,82.0926284790039,273406900
2010-08-12,80.85334225626822,81.88231283248088,80.8157861596558,81.58939361572266,239542600
2010-08-13,81.3340563121241,81.83727607702673,81.25143745755709,81.34907531738281,158698500
2010-08-16,80.79329410818775,81.57441430972503,80.5003747488936,81.31153869628906,147895300
2010-08-17,82.01002176172558,82.91131101567679,81.77718421575328,82.3104476928711,172270300
2010-08-18,82.27287094171334,82.90377207117453,81.79969509461743,82.46063995361328,182922100
2010-08-19,82.03257616500008,82.23536429848383,80.6881485437103,81.02613067626953,265847600
2010-08-20,80.78577600413573,81.0711887043977,80.17740595190693,80.76324462890625,209714200
2010-08-23,81.14627284319751,81.54434230994077,80.4177280167776,80.45528411865234,163490300
2010-08-24,79.57653619885427,79.90701162324955,78.84048459212009,79.2610855102539,280677800
2010-08-25,78.82544592941447,79.86944140265577,78.32973861066107,79.56901550292969,272234800
2010-08-26,79.94456057766202,80.04971079778481,78.77287769160374,79.03575897216797,224439500
2010-08-27,79.53144975481845,80.34261333831768,78.3447481119499,80.25999450683594,272649000
2010-08-30,80.04970280808959,80.29755932946522,79.08832618848837,79.09583282470703,167238600
2010-08-31,78.80291356499279,79.5990582339336,78.47995056963394,79.09583282470703,273933100
2010-09-01,80.16236472073666,81.57438590280744,80.10978961635787,81.46172332763672,256828100
2010-09-02,81.65699171138795,82.23531776726273,81.48424169299352,82.22029876708984,156112200
2010-09-03,83.0239668128162,83.36194882283334,82.5808288591921,83.2868423461914,212197300
2010-09-07,82.89628007624921,83.00143028306263,82.28039783766069,82.34799194335938,141973700
2010-09-08,82.51322875012997,83.25679255626068,82.47567264941111,82.92632293701172,149924400
2010-09-09,83.85766778318734,83.8801991547395,83.08406013185788,83.30937957763672,147017900
2010-09-10,83.45955454430275,83.82758012409984,83.2717855727373,83.72994232177734,127819000
2010-09-13,84.55615808134496,84.83405260176949,84.21817036074535,84.66130828857422,178503500
2010-09-14,84.49610965224386,85.08946079876628,84.18065888480436,84.60877227783203,209823600
2010-09-15,84.36087454144574,85.02933186922434,84.10551139611746,84.93169403076172,168608400
2010-09-16,84.66884310375251,84.96176243444879,84.38343041109394,84.90918731689453,199962900
2010-09-17,85.35618557347225,85.43924672381122,84.70680154042255,84.94087982177734,195836900
2010-09-20,85.23534367337983,86.42839826543633,84.96350830402689,86.2396240234375,214555200
2010-09-21,86.30762517239584,86.71537265175554,85.71109760386805,86.06599426269531,268389100
2010-09-22,85.93005276923381,86.41331445508591,85.40148133969113,85.64311218261719,191322400
2010-09-23,84.9408574513377,85.8318721159113,84.70677923163089,84.94841003417969,202354300
2010-09-24,85.89232528556906,86.76068840767624,85.81681670124141,86.70027923583984,209671800
2010-09-27,86.73049892200993,86.82865952263259,86.2019329787545,86.28498840332031,128761800
2010-09-28,86.39822367833033,86.86638603489041,85.46190472614485,86.58699798583984,209207500
2010-09-29,86.3679666396157,86.76817276764369,86.09613134103463,86.43592834472656,179665800
2010-09-30,86.8739311358182,87.432701424845,85.77148420531903,86.17923736572266,287106700
2010-10-01,86.8286065526608,86.9267728543336,86.02820553803554,86.54167175292969,174638700
2010-10-04,86.360496472117,86.7229400179707,85.46192867308855,85.892333984375,166153200
2010-10-05,86.68514880564453,87.83289385517112,86.58698249630235,87.62146759033203,229634100
2010-10-06,87.60637716325333,87.84046121951322,87.25903313243904,87.61392974853516,148626600
2010-10-07,87.96879594736883,87.99144793444725,86.97962077205995,87.50818634033203,164860000
2010-10-08,87.62903504065612,88.24066194783681,87.29679041901,87.99903106689453,177760100
2010-10-11,88.13491069050687,88.32368491465175,87.78001422736537,88.0820541381836,103098300
2010-10-12,87.79515910096043,88.61066555425343,87.32700246961214,88.35393524169922,182210000
2010-10-13,88.84471743740451,89.51675331902706,88.63328543428906,89.0410385131836,194347200
2010-10-14,88.95797787254843,89.1090007327515,88.13492488794067,88.69369506835938,217764300
2010-10-15,89.3128737265823,89.3657302870258,88.16512880226648,88.87491607666016,243705000
2010-10-18,88.90510557257998,89.60734590563868,88.58041368179086,89.31285858154297,141204800
2010-10-19,88.48982288573805,88.9881839303965,87.60635498136502,88.1424789428711,280604700
2010-10-20,88.30104023727499,89.43368567588168,88.24818368057733,89.00328063964844,200051800
2010-10-21,89.40350256191009,89.92451567127151,88.50493512147227,89.19962310791016,221585500
2010-10-22,89.33554859427737,89.5016709013393,89.1014703039271,89.36575317382812,108212400
2010-10-25,89.96227235445421,90.43043465287847,89.56207179398001,89.6300277709961,151145700
2010-10-26,89.17697925790333,89.73574957967203,89.00331012590371,89.6451416015625,158982900
2010-10-27,89.01840123184809,89.48656353183817,88.54269210834251,89.38839721679688,190024000
2010-10-28,89.90186453964299,89.93962170139235,88.97309827432254,89.40350341796875,168576000
2010-10-29,89.31288872709558,89.64513331193274,89.15431901913257,89.4714584350586,144305500
2010-11-01,89.90941635549191,90.42288264184958,88.98819692165014,89.50166320800781,174074800
2010-11-02,90.1737448946368,90.4229284600744,89.9321139174983,90.21150207519531,158345900
2010-11-03,90.37003984986194,90.62677015171383,89.44126768995123,90.57391357421875,226702800
2010-11-04,91.57820882394358,92.36351078616221,90.58903310505139,92.31820678710938,215039400
2010-11-05,92.3785715152874,92.81652919252242,92.2577589814249,92.66551208496094,180654100
2010-11-08,92.37857083754476,92.64285941523843,92.0765366246377,92.49183654785156,156107100
2010-11-09,92.74104430336902,92.83920487223817,91.45738127874549,91.82737731933594,186621600
2010-11-10,91.80472440404458,92.24268218864643,91.11003632146324,92.19737243652344,221387400
2010-11-11,91.40451678724015,91.98593908639688,91.12512875412445,91.85002136230469,158017600
2010-11-12,91.23084238606673,91.63104297554672,90.3473800552221,90.76268005371094,239068800
2010-11-15,91.04962891714321,91.40452555079546,90.59657171370976,90.63432312011719,163940800
2010-11-16,90.07554011906103,90.22655724536514,88.79187150173962,89.22228240966797,299566200
2010-11-17,89.26004079860236,89.63758940485359,88.99575792641342,89.26759338378906,172308900
2010-11-18,90.12837910576926,90.90612810027535,90.12082652264729,90.58143615722656,197723700
2010-11-19,90.53617806762725,90.86841700125667,90.04536361272918,90.8306655883789,156852900
2010-11-22,90.37757078608078,90.79287072093534,89.6828770984959,90.75511932373047,181361000
2010-11-23,89.68286921574041,89.87164346797277,89.09389447052472,89.44123840332031,222309000
2010-11-24,90.0075828627119,90.7853378086258,89.99248345370304,90.76268005371094,140046100
2010-11-26,89.97740956237175,90.46821826696743,89.70557403564453,89.70557403564453,76007800
2010-11-29,89.47898920129539,90.21898675228522,88.90511390221752,89.97735595703125,223642300
2010-11-30,89.08636304183442,89.98492472029147,88.9579921498257,89.4714584350586,233930700
2010-12-01,90.76267312961325,91.54797483965532,90.75512630615174,91.37430572509766,221037200
2010-12-02,91.51780580838121,92.61270053361862,91.46494921895156,92.54473876953125,191213600
2010-12-03,92.2275766050745,92.89961268905559,92.20492460958174,92.79389953613281,151288900
2010-12-06,92.5975657955739,92.90715840691631,92.49940523538291,92.69573211669922,103050500
2010-12-07,93.58675459608749,93.63961117291717,92.69573961457657,92.74859619140625,206581000
2010-12-08,92.86186082091061,93.1638951072225,92.43145562588795,93.08838653564453,138019200
2010-12-09,93.60940591097649,93.64715731647469,92.99022640364534,93.45083618164062,123705100
2010-12-10,93.73774034479504,94.08508427061382,93.42815357303753,93.99447631835938,117571700
2010-12-13,94.42491054154758,94.53817051685084,94.02470417204898,94.0549087524414,133812700
2010-12-14,94.19837913152801,94.56082833554274,93.85103509818684,94.13796997070312,147249600
2010-12-15,93.96430136209722,94.33429739259154,93.54899558026248,93.70756530761719,160823100
2010-12-16,93.76798178615297,94.31920534315539,93.44328972072638,94.2512435913086,185035200
2010-12-17,94.18516931697707,94.47361310425141,93.98780999345783,94.35216522216797,141075300
2010-12-20,94.6102737056715,94.8076330878384,94.10929163245596,94.57991027832031,119085500
2010-12-21,94.8759445827964,95.24029991258546,94.78486009377276,95.17957305908203,94965500
2010-12-22,95.24790703525503,95.50598751594815,95.19477247798099,95.47562408447266,78878100
2010-12-23,95.36932216126434,95.47559123925403,95.10364946629014,95.33895874023438,70053700
2010-12-27,94.98222668502292,95.46802999709968,94.91391330890227,95.37694549560547,58126000
2010-12-28,95.56671487981816,95.60466482593715,95.26308635470409,95.51358032226562,55309100
2010-12-29,95.62741143195109,95.79440156616195,95.56668458793045,95.58186340332031,58033100
2010-12-30,95.49079582449211,95.74128396574463,95.28584413746631,95.43006896972656,76616900
2010-12-31,95.28584675282929,95.54393299705086,95.1340354029802,95.45284271240234,91218900
2011-01-03,96.18154997990378,96.85712034843078,95.41488932448937,96.43963623046875,138725200
2011-01-04,96.65216259999505,96.68252602523734,95.78682524989911,96.38648986816406,137409700
2011-01-05,96.08287110859906,96.94820854606938,95.99178082367469,96.88748168945312,133975300
2011-01-06,96.92541563660328,97.0316847161796,96.40924905384811,96.69769287109375,122519000
2011-01-07,96.82677245630447,96.9861761405114,95.75648892199145,96.50796508789062,156034600
2011-01-10,96.0828614069724,96.52312238613874,95.79441176278628,96.38648986816406,122401700
2011-01-11,96.73566542461644,96.96338243851083,96.36371779016206,96.72807312011719,110287000
2011-01-12,97.32013876851865,97.70725937983897,96.75083182874894,97.60099029541016,107929200
2011-01-13,97.63896216175708,97.6845044079746,97.1987011442154,97.44159698486328,129048400
2011-01-14,97.30497092316922,98.17030835471249,97.23665755336769,98.14753723144531,117677900
2011-01-18,98.05642978501265,98.40560627205707,97.94257418187979,98.31452178955078,114401300
2011-01-19,98.23101625606766,98.32968724369786,97.09241398256164,97.35049438476562,151958400
2011-01-20,97.13036054210552,97.46434659269264,96.50033258276075,97.22145080566406,175745700
2011-01-21,97.82872924263901,98.04885396017814,97.33532788286794,97.44159698486328,151462900
2011-01-24,97.38084970848622,98.10956024254737,97.35807859015253,97.9957046508789,113715500
2011-01-25,97.7376302301002,98.13234898956054,97.24424046762206,98.0488510131836,167552200
2011-01-26,98.29174852336354,98.71682487573037,98.09438337229186,98.42837524414062,141281500
2011-01-27,98.45115125448541,98.83828348084042,98.27656879733338,98.6712875366211,123302700
2011-01-28,98.78514015960704,98.94454958607949,96.78879277589142,96.94819641113281,295637300
2011-01-31,97.21388982282313,97.75282186890617,96.97098238954453,97.67691040039062,149249200
2011-02-01,98.26898646653319,99.41517542112487,98.2082596130997,99.24059295654297,167194300
2011-02-02,98.98249445229465,99.31648633307698,98.92936569805867,99.05081939697266,118323600
2011-02-03,98.87622396332998,99.42275401825314,98.3524766112855,99.27094268798828,145886700
2011-02-04,99.30893819721501,99.58978984983132,98.85349244151648,99.55183410644531,134634800
2011-02-07,99.771934857433,100.50063390749915,99.76433676198772,100.17424011230469,112439100
2011-02-08,100.26533094706856,100.68282083680502,99.99206589037409,100.62969207763672,99072800
2011-02-09,100.35643528960495,100.67524261827208,99.90098963010088,100.4019775390625,146436700
2011-02-10,99.89338843994197,100.55377412498292,99.66566564364636,100.4399185180664,162708500
2011-02-11,100.04521879332559,101.1686367974715,100.02244766761392,101.03959655761719,137710300
2011-02-14,100.97887085668339,101.36599158070025,100.86501522681516,101.2824935913086,101690700
2011-02-15,100.97124402899283,101.12305533569415,100.43989866430813,100.9636459350586,119575400
2011-02-16,101.30526690790866,101.72274523369839,101.10031521068169,101.60130310058594,130183500
2011-02-17,101.30525602124462,102.04154158445003,101.21415995312006,101.90491485595703,109810500
2011-02-18,101.99597796355697,102.23888531769303,101.76066870327524,102.117431640625,130002400
2011-02-22,101.047170940711,102.14023117350116,99.7947128470759,100.06797790527344,233116400
2011-02-23,100.00724157741541,100.25014897612272,98.83828157290776,99.453125,227584000
2011-02-24,99.34685199767836,99.77192834621981,98.45114547828443,99.38479614257812,260431400
2011-02-25,99.80229707611917,100.50823661966369,99.74157022208048,100.447509765625,141686900
2011-02-28,100.81945631534785,101.19899046214715,100.48546441297039,101.06993865966797,141585500
2011-03-01,101.3887473556367,101.47983183533506,99.35443851016595,99.38479614257812,258565500
2011-03-02,99.24812896391538,100.0603371849968,98.94450643371988,99.59730529785156,200277400
2011-03-03,100.50063471107107,101.42669893071755,100.49304819802772,101.3128433227539,176480100
2011-03-04,101.23690572077307,101.4342708335627,99.89336356388495,100.55374908447266,277202300
2011-03-07,100.8498169770174,101.07753978842287,99.24059585268849,99.76434326171875,216790400
2011-03-08,99.92374207174362,100.9560753354649,99.49107920032905,100.63726806640625,174615000
2011-03-09,100.43995136604468,100.80430100979737,99.89342110918247,100.49308013916016,153806000
2011-03-10,99.4379341074912,99.57456082378255,98.53464109713771,98.6333236694336,301291800
2011-03-11,98.31453362713687,99.6732608454564,98.29176250376854,99.31649780273438,225621800
2011-03-14,98.6712775252832,99.04321352311064,97.96533809044313,98.7168197631836,234974100
2011-03-15,96.09046502862574,98.17031659380282,96.0221516530909,97.58583068847656,359585400
2011-03-16,97.27461873292633,97.5934376794069,95.09609595425741,95.77925872802734,468670300
2011-03-17,97.16075167290217,97.45678787485697,96.47758897945566,97.04689025878906,254303700
2011-03-18,98.22322260149937,98.25372375273751,97.20928034566627,97.39987182617188,230435400
2011-03-21,98.61201011117993,99.11516264330582,98.49764827400493,98.90933227539062,153992600
2011-03-22,98.89408460836708,99.02368538808294,98.4747811252993,98.5662612915039,129538600
2011-03-23,98.29183029884965,99.10756739886727,97.82679826544732,98.8483657836914,148603100
2011-03-24,99.41248778452068,99.9385220060563,98.85596405182527,99.79367065429688,159129800
2011-03-25,100.05287747349581,100.53315994853179,99.78604482853797,100.09861755371094,155642800
2011-03-28,100.31209945386873,100.57130104974821,99.82418577753924,99.85467529296875,109762400
2011-03-29,99.77078939837354,100.5560250912288,99.44297775094589,100.5255355834961,129798800
2011-03-30,101.05158554510622,101.51662913198142,100.90673418698104,101.21930694580078,135835000
2011-03-31,101.08968523931311,101.36413732612516,100.97532341735537,101.0820541381836,132537100
2011-04-01,101.70720995202643,101.98166206697141,101.26503645390521,101.50898742675781,153850100
2011-04-04,101.72248106196155,101.90545307405235,101.30318910418924,101.59288024902344,100768900
2011-04-05,101.39464186796704,102.02740681841476,101.34890178551166,101.5776138305664,120791500
2011-04-06,102.0655332901309,102.15701346029277,101.48612785836293,101.89781188964844,120411600
2011-04-07,101.71483280265983,102.14175574392786,101.13543904419289,101.63860321044922,170731500
2011-04-08,102.08838910774405,102.14937975694642,100.86859938925055,101.28790283203125,147945400
2011-04-11,101.39464357320595,101.73770583016871,100.73900857050418,100.98297119140625,121385400
2011-04-12,100.4188171447945,100.61702805125253,99.86229340655524,100.22822570800781,161187400
2011-04-13,100.69327463816364,100.76950423726852,99.83942867840497,100.22061157226562,162059000
2011-04-14,99.64122457706941,100.44933060042924,99.3134128113891,100.29685974121094,161220400
2011-04-15,100.4797823267931,100.91432464345665,100.18246022609429,100.6627426147461,170006700
2011-04-18,99.55738543305887,100.6551944697686,98.73402865552657,99.53451538085938,210759300
2011-04-19,99.68698903469706,100.13679388357595,99.44303792688318,100.10629272460938,124258800
2011-04-20,101.30315721764548,101.691959534079,101.23453546422294,101.47087860107422,156133800
2011-04-21,101.99690016975562,102.03502078067021,101.4708776171324,101.9892807006836,135935400
2011-04-25,101.91308076897677,102.05031269731339,101.54714834804902,101.8825912475586,65757100
2011-04-26,102.1951568796788,102.96514229350875,102.08842611308079,102.7593002319336,146600000
2011-04-27,102.95749747713539,103.58263134681322,102.53819398558294,103.43016052246094,143031000
2011-04-28,103.24717217314351,103.90280708334058,103.23193323607074,103.76558685302734,124791100
2011-04-29,103.80373685698412,104.1163096471378,103.6665049550324,104.00956726074219,115094100
2011-05-02,104.49745693248069,104.58130597985777,103.64359956198602,103.84944152832031,126278700
2011-05-03,103.6512665233087,103.82660741237284,102.94987970149273,103.47591400146484,138375000
2011-05-04,103.43018715812994,103.47592725393693,102.33237832763712,102.78980255126953,182678500
2011-05-05,102.21800829270967,102.88126281902854,101.4099024025329,101.85969543457031,226900000
2011-05-06,102.87364125989367,103.39967551468405,101.91305292235342,102.30948638916016,222787200
2011-05-09,102.30187963009999,103.00325484604018,102.14177767635769,102.7059326171875,114104500
2011-05-10,103.04897266693195,103.7655983028238,102.91937189085456,103.58262634277344,114806900
2011-05-11,103.4301611554532,103.44541172781524,102.01979148059034,102.4924545288086,193564200
2011-05-12,102.21796593359487,103.19379282672149,101.69193188611155,102.98033142089844,171550700
2011-05-13,103.03373414028967,103.17858550483248,101.8215752992931,102.18750762939453,157444900
2011-05-16,101.82156133344351,102.62204764737862,101.37176836097298,101.53948974609375,141675400
2011-05-17,101.15831391053189,101.66147810078988,100.72375984636956,101.52424621582031,192686200
2011-05-18,101.57763434205705,102.53821116592206,101.35654172184053,102.43148040771484,135217900
2011-05-19,102.76688393203182,102.94222476067998,102.11124905885201,102.6753921508789,119489500
2011-05-20,102.4085997435166,102.67542079497893,101.66910398376338,101.85969543457031,182594900
2011-05-23,100.61703363290367,101.18118850488845,100.31971144033383,100.67802429199219,168700000
2011-05-24,100.96774072143236,101.18882171195989,100.40358577286023,100.59417724609375,147199600
2011-05-25,100.19016086542324,101.34896070331564,100.15967133698761,100.92965698242188,151050100
2011-05-26,100.65514240218187,101.57761001725387,100.46455097725419,101.39463806152344,164850000
2011-05-27,101.6767393899398,102.05792235129704,101.36417820254027,101.7834701538086,120921900
2011-05-31,102.74402476268281,102.85837496024968,102.03501863943741,102.84312438964844,164731200
2011-06-01,102.54582560188793,102.85839839014024,100.44931952857262,100.5331802368164,233094300
2011-06-02,100.60178223399072,100.81524369797567,99.83941653896518,100.42642974853516,200466800
2011-06-03,99.22193805798362,100.1901462113833,99.1685784828296,99.42778015136719,234690200
2011-06-06,99.17618082621823,99.38202288404936,98.24609346301781,98.37569427490234,179951200
2011-06-07,98.87883283132071,99.16091606164369,98.23082894063897,98.31468963623047,161660500
2011-06-08,98.1622167181667,98.49004006287477,97.72004315599014,97.90301513671875,198696400
2011-06-09,98.16985626751121,99.05419183517174,97.93352470922349,98.65013885498047,160964400
2011-06-10,98.23082549405802,98.2918045134597,97.01866100164992,97.27786254882812,238629400
2011-06-13,97.49896972233607,97.76580242741203,96.85858518948963,97.35411834716797,207599800
2011-06-14,98.24605275508671,98.93218878596534,98.20794378068462,98.58912658691406,160570400
2011-06-15,97.76575549487768,98.5738610602207,96.57646136475748,96.83566284179688,300958000
2011-06-16,96.86618423268911,97.55993981336003,96.30203524181067,97.04915618896484,308032800
2011-06-17,98.01298916629314,98.02065225757477,97.0093404817623,97.33878326416016,233284900
2011-06-20,97.00930622222998,98.04360106139268,96.97865971315251,97.83673858642578,159479000
2011-06-21,98.34244775819583,99.36908003638668,97.87509848372778,99.17754364013672,193157300
2011-06-22,98.87106452509792,99.45333081062415,98.51863250329859,98.57992553710938,176703000
2011-06-23,97.42304254908441,98.55693435927681,96.67988064694785,98.29644775390625,334286500
2011-06-24,98.27348478012158,98.35009231446386,97.00934355895028,97.1549072265625,226129300
2011-06-27,97.21619012698572,98.39604890875812,97.02465377543201,98.02064514160156,168904700
2011-06-28,98.4113859179751,99.31544367581267,98.27348534110038,99.30011749267578,165556300
2011-06-29,99.75213667050389,100.31141958363105,99.31543983682847,100.1505355834961,244295500
2011-06-30,100.47229046546789,101.26907640425692,100.14285361004477,101.10819244384766,223322700
2011-07-01,101.20016323446104,102.74012327703515,100.96265998363407,102.60221099853516,202385700
2011-07-05,102.49493801934348,102.7247839938995,102.19614175955623,102.5179214477539,165936000
2011-07-06,102.27271839084041,102.77070805295273,101.98157949828102,102.64046478271484,143331600
2011-07-07,103.55221759029797,103.96593097256981,103.33769780831238,103.7054443359375,170464200
2011-07-08,102.5332053882361,103.70540651604774,102.19609965649603,102.96990203857422,194100500
2011-07-11,101.70578482055168,102.03522167597482,100.87068928008695,101.10819244384766,195918600
2011-07-12,100.89370516539559,101.7288009745511,100.64087574152732,100.67151641845703,214675700
2011-07-13,101.20013466170327,102.06588263262819,100.76343789906555,101.00859832763672,204062600
2011-07-14,101.2614257747372,101.72877488863145,100.11986503674642,100.3114013671875,226111800
2011-07-15,100.87070858928635,101.03159258049287,100.18883963454846,100.89369201660156,220012800
2011-07-18,100.42634294434349,100.57956969008217,99.31543442467392,100.06625366210938,196872100
2011-07-19,100.62551872863686,101.81304625614528,100.60253530536794,101.69046020507812,166554900
2011-07-20,101.95094929768108,102.01223062724229,101.45294789402256,101.62915802001953,137145400
2011-07-21,102.20379488580859,103.29173167548997,101.64451199961286,103.03890228271484,245246300
2011-07-22,103.06187464166797,103.21510137192219,102.47959670007172,103.10784149169922,126019400
2011-07-25,102.1271699429389,103.03888471250887,102.01991006948653,102.5332260131836,136653800
2011-07-26,102.46427649205279,102.6328293930609,101.92030818599032,102.15015411376953,131278200
2011-07-27,101.58326208545418,101.61391446207918,99.92838446139551,100.05863952636719,249020100
2011-07-28,100.05860270259205,100.95499149645221,99.6065679921549,99.76746368408203,207939900
2011-07-29,98.76381448549549,100.02029257776299,98.04363587947898,99.0855941772461,307038400
2011-08-01,100.24245742108121,100.33440281500228,97.7065181164488,98.66419982910156,325790900
2011-08-02,97.92106562161239,98.44970794721011,96.14360809326172,96.14360809326172,346653800
2011-08-03,96.273798092426,96.77178774169987,94.64190525423085,96.6645278930664,370830800
2011-08-04,95.32381200141955,95.4770445929534,91.98341749391535,92.13665008544922,520721800
2011-08-05,93.28585018505115,93.52335334948403,89.53173717396368,91.99872589111328,655619200
2011-08-08,89.57003788692154,92.02936327060883,85.82358249180511,86.00746154785156,702263900
2011-08-09,87.39419374711323,90.12933222209615,84.48283928201795,90.00675201416016,717828700
2011-08-10,88.30594034671901,89.08740625897899,85.76999452630899,86.03048706054688,662607400
2011-08-11,86.77363400220206,91.11001414464604,86.05345541953126,89.891845703125,487979700
2011-08-12,90.7116206165083,91.33219654799926,89.85353562556182,90.49710083007812,313731600
2011-08-15,91.31687217045183,92.50439403427858,91.17130267386173,92.41246032714844,258810600
2011-08-16,91.53141831716542,92.46611691044106,90.64268659069769,91.62335205078125,294095200
2011-08-17,92.12899714422075,92.85683303720721,90.95679545466979,91.68463134765625,238201100
2011-08-18,89.25591234757951,91.71523764302587,86.87320040012493,87.73128509521484,512956300
2011-08-19,86.54379609008188,88.7809395759599,86.19136985698272,86.29862976074219,428281300
2011-08-22,88.23697526167575,88.28294796613241,86.12241790390972,86.36758422851562,275090600
2011-08-23,86.68934218960683,89.30955772259311,86.2526396007758,89.2099609375,331136600
2011-08-24,89.01843916076565,90.58903378122382,88.81157662185375,90.4664535522461,246869700
2011-08-25,90.96445463137674,91.47777069571569,88.77327810976973,89.08739471435547,312365400
2011-08-26,88.63536109550104,90.79589083847983,87.22565055339888,90.38217163085938,314495900
2011-08-29,91.60032162691914,93.03301530814967,90.45110378444602,92.97938537597656,190977200
2011-08-30,92.57334123989921,93.79917259373157,91.37049331063479,93.22456359863281,241315700
2011-08-31,93.82218659515034,94.62664178855226,92.9334607659436,93.63831329345703,301828400
2011-09-01,93.69191837563135,94.54234020737044,92.53503722561435,92.65762329101562,254585900
2011-09-02,90.72695541904471,92.6040155400437,89.96847295459621,90.29025268554688,255517200
2011-09-06,87.63937826853706,89.7616044555724,87.63171517731166,89.63135528564453,285130500
2011-09-07,90.98743584066766,92.19794121677292,90.68097648972956,92.15963745117188,209803200
2011-09-08,91.60801386762434,92.65763526871064,90.9950951518376,91.20195770263672,250568200
2011-09-09,90.15999443673276,91.21727302585764,88.32124423567693,88.81157684326172,380195100
2011-09-12,87.70064465094136,89.45511791381637,87.37886505999245,89.38616180419922,305793500
2011-09-13,89.67731158264964,90.54305368551394,89.04140956746772,90.20594787597656,272514700
2011-09-14,90.66566101583356,92.55038420087851,89.42450897351937,91.45479583740234,319389500
2011-09-15,92.4354428071929,93.06368179545831,91.47776106622575,93.03303527832031,326777200
2011-09-16,93.40651927637255,93.9301936199615,92.6595126226022,93.5836410522461,284528300
2011-09-19,92.05112562683367,93.12927937612291,91.42733923191189,92.65180969238281,241517000
2011-09-20,93.04457075200042,93.9455968874508,92.42078433137563,92.54399871826172,218932200
2011-09-21,92.59018354897792,92.8751200444957,89.67147049382076,89.81778717041016,316251300
2011-09-22,87.21487002177955,87.95417417518625,85.7131593782139,86.9145278930664,513911300
2011-09-23,86.33692288022438,87.9156487246652,86.2676100130394,87.43817901611328,307242500
2011-09-26,88.2621881969902,89.64068393765587,87.00691270989837,89.51746368408203,260673700
2011-09-27,91.28105278873818,92.07426441375809,89.97956621440402,90.51864624023438,311753900
2011-09-28,90.70345200437208,91.25022877928349,88.53944723845326,88.67036437988281,286696800
2011-09-29,90.14127150601449,90.58793031370922,87.7385290254799,89.37116241455078,298108900
2011-09-30,88.13896307763298,88.90907199355975,87.07621488882134,87.13782501220703,288392300
2011-10-03,86.62955817843519,87.75391659278914,84.56566586121234,84.6580810546875,365136800
2011-10-04,83.441356477541,86.69892198725712,82.73285720430857,86.51409149169922,459177500
2011-10-05,86.72972003960517,88.34694855409877,85.92880558351528,88.11591339111328,284108000
2011-10-06,88.06968394872692,89.84093736572876,87.4150923382581,89.71001434326172,257800800
2011-10-07,90.233641525914,90.29525163650217,88.60871158079784,89.10928344726562,312657900
2011-10-10,90.62645948015654,92.12817021229465,90.61875674229577,92.08966827392578,230666300
2011-10-11,91.54285897803437,92.44388509824617,91.45044378283364,92.18204498291016,209088000
2011-10-12,92.87515171607772,94.06112037679203,92.66722485451143,92.99066925048828,281544900
2011-10-13,92.44391775807256,93.0831098642361,91.73541863762182,92.80587005615234,212538800
2011-10-14,93.88398881754242,94.41536001981567,93.36031447475433,94.39225769042969,211397600
2011-10-17,93.94561308651085,94.37687820363904,92.35919012571266,92.59022521972656,202311600
2011-10-18,92.52090300138076,95.10846994106981,91.79699859698384,94.39997100830078,318857900
2011-10-19,94.24593857005198,94.78501840256817,92.95985793289847,93.2833023071289,226601300
2011-10-20,93.5143320083166,94.03030360560108,92.2744561025962,93.69145965576172,262075600
2011-10-21,94.79271353098996,95.5859307325418,94.50777696266687,95.47041320800781,278999400
2011-10-24,95.62445496314407,96.87973668018279,95.53974248375617,96.64099884033203,203215600
2011-10-25,96.17890714515859,96.22511180241798,94.55397677626588,94.76190948486328,268596800
2011-10-26,95.76308079332715,96.08652525717352,94.1150475246237,95.72457885742188,289053800
2011-10-27,98.28902047597688,99.66751644420096,97.50351179390178,99.05913543701172,393220200
2011-10-28,98.57397107000176,99.22856854701172,98.41995159039149,99.03604125976562,225906500
2011-10-31,97.92708862009106,99.05144147073992,96.51008463789202,96.6487045288086,228146700
2011-11-01,93.9764028066086,95.11616674185106,93.58364556112744,93.95330047607422,416565800
2011-11-02,95.36258732694675,95.80154916874797,94.56167335892152,95.48580169677734,244717600
2011-11-03,96.47155551965956,97.41879221094716,95.18547485078095,97.22626495361328,291174800
2011-11-04,96.44074303288119,96.80268929137725,95.5012092065482,96.63327026367188,249401600
2011-11-07,96.56399638152317,97.33410561552556,95.64756451291082,97.23399353027344,196617200
2011-11-08,97.74224807407765,98.58937280622354,96.81041674418348,98.48155212402344,224426300
2011-11-09,96.17891154773314,96.8797135507267,94.61559123393559,94.84662628173828,337982000
2011-11-10,96.10190426292999,96.21742178976346,94.73880802213293,95.73995208740234,231866500
2011-11-11,96.90281557478757,97.7961389475121,96.87201051014668,97.54200744628906,189924400
2011-11-14,97.1800409514544,98.15037390496852,96.20199938858508,96.61785888671875,159258300
2011-11-15,96.39457282756261,97.6113468452926,96.04802601735203,97.09537506103516,184709400
2011-11-16,96.1172986331382,97.29556441676644,95.41650252591641,95.55512237548828,235782500
2011-11-17,95.37802859922618,95.61676645994592,93.3603461422566,94.03804016113281,331219600
2011-11-18,94.33836613999995,94.53089341783668,93.5451546953872,93.93791198730469,215580400
2011-11-21,92.56708347622825,92.68260098138737,91.37341825748905,92.15122985839844,229611600
2011-11-22,91.95104413423589,92.49011825030863,91.27334424492477,91.78932189941406,216494900
2011-11-23,90.92681333022307,91.78933794215686,89.76394653320312,89.76394653320312,224329100
2011-11-25,89.62531801643968,90.64186205512542,89.486698107734,89.59451293945312,99557000
2011-11-28,92.05885640293788,92.55172583123283,91.50437682723931,92.18977355957031,210686000
2011-11-29,92.45161437988281,93.18321579003093,92.11276444231505,92.45161437988281,199241500
2011-11-30,95.10073431891118,96.43302513164619,92.41305624491804,96.25589752197266,324439500
2011-12-01,96.14811671733558,96.75650359087383,95.82467231635555,96.24053192138672,176954800
2011-12-02,97.12616186562074,97.41880120862905,96.09421261575729,96.15582275390625,221109700
2011-12-05,97.6806269874374,97.94246711406558,96.60247904092626,97.20316314697266,225263900
2011-12-06,97.19548571838644,97.88858520408203,96.84893891327224,97.23399353027344,178842100
2011-12-07,96.910529480084,98.00408890305474,96.2405383015612,97.59593200683594,237802500
2011-12-08,96.95674880382579,97.17237843830267,95.22400311546481,95.45503234863281,240862800
2011-12-09,95.88629676886733,97.31870033046478,95.80158428803878,97.072265625,209111400
2011-12-12,96.22511428815315,96.24051975794762,94.84662439027421,95.65523529052734,215826100
2011-12-13,96.1558048165289,96.70258147080361,94.2998394104091,94.76190948486328,245159800
2011-12-14,94.38457919720965,94.74653145179444,93.54516301144217,93.75308990478516,238618800
2011-12-15,94.746525792748,94.87744293538401,93.94561158852814,94.09193420410156,199109200
2011-12-16,94.72741585339305,95.28540595780711,94.00667198337194,94.23141479492188,220481400
2011-12-19,94.59568116959888,94.7971810850029,93.02244570227175,93.22394561767578,183903000
2011-12-20,94.68868357218906,96.20766976180974,93.28594756249814,96.044921875,225418100
2011-12-21,96.044906914211,96.37815422464425,95.13041470739854,96.23090362548828,194230900
2011-12-22,96.58742450099507,97.18417272510469,96.27743187378682,97.08341979980469,119465400
2011-12-23,97.3933894740835,97.98238593412579,97.19189550866342,97.95138549804688,92187200
2011-12-27,97.78094057926913,98.28468759916916,97.69569081069841,98.02893829345703,86075700
2011-12-28,98.04441311223422,98.0599103780674,96.66492585660421,96.74242401123047,119107100
2011-12-29,97.06016667142711,97.84291161995115,96.76567132345089,97.7421646118164,123507200
2011-12-30,97.66464396229013,97.90489588355538,97.26165008544922,97.26165008544922,95599000
2012-01-03,99.01314542088292,99.4936433942879,98.75739621345465,98.8116455078125,193697900
2012-01-04,98.57912482976361,99.05187111715973,98.19937984754864,98.96662139892578,127186500
2012-01-05,98.43190441557724,99.37739131068413,97.9824068655024,99.23014068603516,173895000
2012-01-06,99.35411784551601,99.36962101939129,98.64887716512969,98.97437286376953,148050000
2012-01-09,99.19914983684586,99.33864296508304,98.74190659367709,99.21465301513672,99530200
2012-01-10,100.27637649586521,100.47787048440621,99.93537757259693,100.07488250732422,115282000
2012-01-11,99.76488732338775,100.26088257790832,99.60214534754644,100.12913513183594,111540700
2012-01-12,100.41590956599364,100.51665067576138,99.61765541261282,100.36940002441406,118983700
2012-01-13,99.69513188786127,100.01288196064142,98.98213951204683,99.85012817382812,179836200
2012-01-17,100.81113973607707,100.99714240342183,99.89664140345752,100.23764038085938,132209200
2012-01-18,100.21437561948039,101.40011435013288,100.03613048247905,101.34587097167969,163395200
2012-01-19,101.69461260198197,101.96586496270619,101.36911686438785,101.880615234375,126328900
2012-01-20,101.71014487740503,102.26038360595702,101.4621412965928,102.26038360595703,138230200
2012-01-23,101.91935263838519,102.49285187009728,101.5086071837326,101.99685668945312,129295800
2012-01-24,101.36911686438785,101.91160976037806,101.21412058345611,101.880615234375,103083300
2012-01-25,101.72559221577157,102.97333160636889,101.33034998351646,102.73308563232422,198613200
2012-01-26,103.1903409534587,103.38408925553088,101.80310831382337,102.20610809326172,184880500
2012-01-27,101.71012466060297,102.33786733974851,101.64036627645183,102.15962219238281,135259100
2012-01-30,101.14436501077076,101.86511488400875,100.7956204126369,101.81085968017578,147311800
2012-01-31,102.31461818591403,102.4386081258485,101.27611818256584,101.77212524414062,157212000
2012-02-01,102.52384803724365,103.18259700549763,102.39985810919025,102.6633529663086,166234500
2012-02-02,102.86483234291859,103.08958696743196,102.4618444394057,102.82608032226562,113090400
2012-02-03,103.84912500129009,104.3296171686408,103.67087981428288,104.26761627197266,160598500
2012-02-06,103.8335520503598,104.24429736750893,103.7173078381304,104.19779968261719,107694500
2012-02-07,103.98084979534825,104.63959883150382,103.57010429177902,104.46134185791016,135528100
2012-02-08,104.51556739249689,104.79456537471735,104.08931883279118,104.77131652832031,139361400
2012-02-09,104.94186635660762,105.08135950198954,104.28311719107313,104.90311431884766,148602900
2012-02-10,103.97310124333048,104.21334726796559,103.72509771760457,104.12809753417969,167907500
2012-02-13,104.87211978391666,105.0271161094949,104.42262216191668,104.90311431884766,115841900
2012-02-14,104.62406595083507,104.8333173938644,104.0428211399971,104.77131652832031,165329500
2012-02-15,105.1123294386437,105.2673257105123,104.07382958366325,104.2830810546875,195195100
2012-02-16,104.29087161556556,105.53085400905265,104.10486893508492,105.43785858154297,186567800
2012-02-17,105.80207711932412,105.88732684607011,105.36808281060199,105.71682739257812,129869400
2012-02-21,105.96482253775429,106.2128260511106,105.43783281005975,105.7633285522461,134042300
2012-02-22,105.60059318786479,105.82534788922919,105.2363453550001,105.42234802246094,124455300
2012-02-23,105.3681078309799,105.96484423444296,105.01160566389969,105.8873519897461,137704300
2012-02-24,106.11980438232422,106.32905584006576,105.88731590200781,106.11980438232422,105539100
2012-02-27,105.41458101781107,106.58481652198341,105.24408156350013,106.2980728149414,145728900
2012-02-28,106.32906471900661,106.73206449430192,106.11981324379165,106.60806274414062,129355900
2012-02-29,106.76307795576638,107.09633124025203,105.81758513763481,106.18959045410156,185934700
2012-03-01,106.41431901922638,106.94132056734084,106.11981780629601,106.73981475830078,145023500
2012-03-02,106.67004050157071,106.80954539663294,106.17404543387592,106.41429138183594,120638300
2012-03-05,106.25158380005693,106.32907603306005,105.6160836319526,105.98033142089844,140765000
2012-03-06,104.89533665895303,104.95732570991458,104.12808911690094,104.43033599853516,202129900
2012-03-07,104.6705944253057,105.32934346816363,104.56984151098499,105.15884399414062,143692200
2012-03-08,105.80209011765345,106.42208713147974,105.58509293663317,106.205078125,116968900
2012-03-09,106.40657797445613,106.89481569158478,106.27483053805895,106.61582946777344,122836800
2012-03-12,106.60030156844667,106.76304349459336,106.24379954493672,106.62355041503906,104003500
2012-03-13,107.1970819326903,108.5998179528797,107.01882495437016,108.54556274414062,184090500
2012-03-14,108.5765795558332,108.84782014927178,108.0960756087961,108.42932891845703,145163600
2012-03-15,108.59205952247763,109.10355794852948,108.31306145603658,109.05706024169922,165118500
2012-03-16,109.25475506036815,109.34815800337009,108.97453435408067,109.20805358886719,152893500
2012-03-19,109.13797023338105,109.97084061776903,109.0601265515751,109.63613891601562,125291100
2012-03-20,109.0134527984085,109.44934902183394,108.69431025008583,109.31702423095703,121729700
2012-03-21,109.37931463310775,109.48049720891761,108.9122761020601,109.13801574707031,122388400
2012-03-22,108.33626603952729,108.62427828725431,107.99378456964364,108.35183715820312,135216700
2012-03-23,108.44527499114672,108.82667839996306,107.84591150649617,108.70213317871094,120521000
2012-03-26,109.48048585939888,110.22774505615234,109.4415758835813,110.22774505615234,120164000
2012-03-27,110.32894166117397,110.39899387175704,109.81520169566691,109.88525390625,119868500
2012-03-28,109.83072102868297,110.0019676031111,108.69426756904873,109.34033203125,148562100
2012-03-29,108.69433265878851,109.35596862685897,108.26621596634784,109.15357971191406,164963700
2012-03-30,109.69064193192439,109.79183636305751,109.0134468984166,109.60501861572266,135486800
2012-04-02,109.47269616739416,110.69477335404575,109.25474806282766,110.4067611694336,151741100
2012-04-03,110.2510758960908,110.4378936308856,109.30921948109352,109.95528411865234,155806700
2012-04-04,109.1458060978693,109.23920906234812,108.4608193522662,108.86558532714844,146896000
2012-04-05,108.49192739063982,109.13020057550801,108.39851257832495,108.8110580444336,137439400
2012-04-09,107.4411009828771,108.84998406765186,107.29320507854719,107.58899688720703,127555900
2012-04-10,107.37881991488494,107.68239131868633,105.67414515612326,105.78311920166016,235360300
2012-04-11,106.8651091798292,107.05970659115893,106.44478399736168,106.6393814086914,154133000
2012-04-12,106.740581729456,108.11832292574294,106.66273800973268,108.03269958496094,154321500
2012-04-13,107.78359626426332,108.05603734333306,106.64714235508949,106.74833679199219,169246700
2012-04-16,107.29321384574028,107.44888938191517,106.31244727828468,106.67829132080078,147825300
2012-04-17,107.29320794729468,108.4763633362875,107.1842338902349,108.25841522216797,147877600
2012-04-18,107.77583206225243,108.25842982615045,107.71355946734899,107.89258575439453,123884200
2012-04-19,107.90815121069166,108.31290524040287,106.69386536699322,107.19981384277344,198666700
2012-04-20,107.674644720239,108.06383955612047,107.31658024522318,107.37885284423828,143199600
2012-04-23,106.2813242062361,106.56933647123181,105.81429751351081,106.47592163085938,171844900
2012-04-24,106.56928713820558,107.15307914182652,106.48366383591669,106.8806381225586,137484200
2012-04-25,107.92370292209083,108.39074138814087,107.83029997979345,108.34403991699219,150252200
2012-04-26,108.1105173254136,109.22362048809792,108.04824474005603,109.09907531738281,136291600
2012-04-27,109.42600260193633,109.58945775352595,108.8188597128971,109.27810668945312,130725000
2012-04-30,109.06019276234984,109.13803649141495,108.57759489854547,108.87337493896484,115092200
2012-05-01,108.8110727747671,110.26666934735911,108.68653947028963,109.55055236816406,138832200
2012-05-02,108.91231549645201,109.33265270189062,108.55426278678395,109.22367858886719,121081000
2012-05-03,109.23919653585699,109.32481986923892,108.18837767411475,108.39075469970703,143759700
2012-05-04,107.82253699521551,108.42967996838159,106.57710881179189,106.6393814086914,193927300
2012-05-07,106.2579652079368,107.07527670329638,106.21905522786331,106.71722412109375,127765900
2012-05-08,106.07892451820528,106.46033966487721,105.02031427912071,106.28909301757812,213377700
2012-05-09,105.16043861917329,106.33580262714928,104.68562049301137,105.65860748291016,220752500
2012-05-10,106.39028450419121,106.52262118779859,105.63525752158154,105.87655639648438,150600000
2012-05-11,105.21491027437257,106.53817008645343,105.16820880341278,105.55740356445312,153032400
2012-05-14,104.54550709021423,105.55741596323432,104.23415599572326,104.38983154296875,163910000
2012-05-15,104.31982342206372,104.9347462506472,103.62705684831315,103.79051208496094,207629300
2012-05-16,104.25747582469936,104.73229382326257,103.37011240346575,103.39346313476562,207265500
2012-05-17,103.41680208669722,103.54134722429691,101.80553054685602,101.86002349853516,247992900
2012-05-18,102.2570638009702,102.43610200587307,100.840400547037,100.98829650878906,319615900
2012-05-21,101.31522968122778,102.76303533383204,101.15176258034103,102.72411346435547,177861100
2012-05-22,102.9887300238269,103.70484705800615,102.233691132699,102.90310668945312,197531200
2012-05-23,102.16363510672673,103.10549174971504,101.18286848552393,102.95759582519531,204958400
2012-05-24,103.23783212605446,103.40128731559786,102.29597534102311,103.15998840332031,167357600
2012-05-25,103.12107453391592,103.40908682852584,102.57620406440253,102.8252944946289,135465600
2012-05-29,103.6503459884233,104.24969733627164,102.10134664768499,104.07067108154297,152883500
2012-05-30,103.18332195644444,104.0629059922246,102.35045127289399,102.56060791015625,162370400
2012-05-31,102.52171007214152,103.0977108344042,101.45530813301758,102.33489227294922,196186000
2012-06-01,100.73141764183414,102.35824932427235,99.75843048095703,99.75843048095703,253240900
2012-06-04,99.93742817012131,100.20986924805169,98.96444128791464,99.71170043945312,202545800
2012-06-05,99.51710890040314,100.61463514531133,99.46262186609765,100.46675109863281,164149400
2012-06-06,101.16733370358905,102.77081495681254,101.136191457093,102.72411346435547,184202800
2012-06-07,103.89165050266264,103.9383519736406,102.57617030947006,102.78633880615234,184772700
2012-06-08,102.5216995138294,103.62701132132985,102.19476542959157,103.6036605834961,143915400
2012-06-11,104.43653624341627,104.49880883969342,102.1869906660181,102.2881851196289,169756100
2012-06-12,102.58394755348482,103.53358369898545,102.09357024228983,103.46353149414062,181931800
2012-06-13,103.15998589897627,103.80605077467521,102.45164842205868,102.80193328857422,172223900
2012-06-14,103.01204071022593,104.30416984391381,102.73182007734518,103.8916244506836,230615500
2012-06-15,104.35952574506402,105.04804948521794,104.14044838153947,104.95416259765625,169444500
2012-06-18,104.51603519749959,105.4158166087462,104.28130597840186,105.1576156616211,131360900
2012-06-19,105.68968343701407,106.60511676853248,105.13415794242138,106.1747817993164,137382600
2012-06-20,106.18262089883913,106.48776536345574,105.05592997138508,106.00265502929688,206451800
2012-06-21,106.12781958487399,106.2373582905173,103.53800223523147,103.62406921386719,205272200
2012-06-22,104.1639791498019,104.61778592829641,103.76493577382125,104.42218017578125,130029200
2012-06-25,103.31893754233053,103.35806107176708,102.38003252997831,102.74777221679688,146375700
2012-06-26,103.04505988273377,103.57711348912883,102.44259110365793,103.2641372680664,141634000
2012-06-27,103.60843431628831,104.39867711169913,103.25634641492015,104.19525146484375,108088000
2012-06-28,103.50668449788145,104.0543898900885,102.71644193934155,103.89789581298828,169242100
2012-06-29,105.78356709241591,106.62076527381973,105.50972625779639,106.48775482177734,212250900
2012-07-02,106.78504573038533,106.91805615545266,106.0339266313201,106.80851745605469,129524500
2012-07-03,106.78506637716723,107.59096095116173,106.67552765659006,107.51272583007812,80450000
2012-07-05,107.11369303640208,107.81788082811816,106.63641457736416,107.02762603759766,126177500
2012-07-06,105.99476996110397,106.2294990832134,105.50967186387848,106.01042175292969,151192100
2012-07-09,105.92438485622564,106.07304707369683,105.3923312325826,105.87744140625,103780500
2012-07-10,106.41728897665686,106.58942289640056,104.59424296396826,104.95416259765625,167884800
2012-07-11,105.00894926495124,105.31409362134983,104.3595370318317,104.9698257446289,141733400
2012-07-12,104.35958920444511,105.02464162711627,103.74930018654541,104.46129608154297,143583200
2012-07-13,104.73508143849571,106.32339823589803,104.71942964486236,106.21385955810547,129642600
2012-07-16,105.97130232460844,106.27644661345862,105.54878750077312,105.96347045898438,97525200
2012-07-17,106.38605576533423,106.91027774021228,105.27501654321289,106.69120025634766,138860300
2012-07-18,106.44079105201756,107.69267229100039,106.37820773501029,107.48141479492188,113349700
2012-07-19,107.7004739076441,108.11515696054471,107.35621796734382,107.76306915283203,129847300
2012-07-20,107.15279652718066,107.31711056282724,106.65987829788905,106.77723693847656,142904500
2012-07-23,105.21237340206258,106.70680351043548,104.71944331822328,105.69747161865234,145210900
2012-07-24,105.77573150321804,105.82267495712775,104.08569552952778,104.78987121582031,173301200
2012-07-25,105.00898310619837,105.28282395906093,104.25785186593816,104.8133773803711,129122300
2012-07-26,106.32343355796256,106.76942028352245,105.83050337472783,106.54251098632812,156526500
2012-07-27,107.1058843985743,108.8115727532323,106.5190671463492,108.50641632080078,236768900
2012-07-30,108.38123771383503,109.0228183680775,108.18563196309333,108.50641632080078,106782000
2012-07-31,108.35776364447044,108.65507626079,107.74747467041016,107.74747467041016,120575900
2012-08-01,108.52206204471612,108.54553377838411,107.50490981007096,107.65357208251953,138293800
2012-08-02,106.83984024247127,107.63791487506617,106.08088913929448,106.9102554321289,199556600
2012-08-03,108.41248091968214,109.2574988178163,106.94152251120909,109.03060150146484,157825000
2012-08-06,109.3201217554963,109.67220965087022,109.19493123395107,109.24187469482422,86326200
2012-08-07,109.6800611244294,110.25905849897178,109.5627024384952,109.78961181640625,109545100
2012-08-08,109.4218192251207,110.04774783323057,109.39051563142145,109.92256927490234,89754700
2012-08-09,109.76615172904462,110.23561045132513,109.65661295235667,110.01653289794922,90291700
2012-08-10,109.57044782159103,110.23551175959763,109.39049397931959,110.1963882446289,99792700
2012-08-13,110.00862167153952,110.19639545356044,109.57045498957422,110.14163208007812,79426900
2012-08-14,110.5485295768734,110.61895671347645,109.82870192011676,110.15731811523438,102379400
2012-08-15,110.03995204103494,110.4702870076199,109.96953684800073,110.28250122070312,71085900
2012-08-16,110.438992841674,111.22924764931986,110.16515197687201,111.09623718261719,112014200
2012-08-17,111.2839736801911,111.33874899805515,110.99448111097406,111.2448501586914,90813700
2012-08-20,111.08836390877931,111.27614964174892,110.78321955446755,111.25267791748047,78255700
2012-08-21,111.52651028131591,111.95684509186616,110.6736725269298,110.91622161865234,105581100
2012-08-22,110.63458296605317,111.14316496691549,110.37639393930024,110.96321105957031,133243500
2012-08-23,110.68935596428663,110.69717589441531,109.88346142452122,110.05559539794922,111466400
2012-08-24,109.78174471656682,110.97103075399059,109.71132952760206,110.72064971923828,99481200
2012-08-27,111.01796284378344,111.16662507558979,110.58762794613969,110.74411010742188,68785900
2012-08-28,110.46247901327058,110.97888108478695,110.29817686067872,110.63461303710938,75689600
2012-08-29,110.72848158833982,111.01797421330043,110.41550529489943,110.72064971923828,65421300
2012-08-30,110.24335350797062,110.27465710166987,109.68784007744969,109.92256927490234,96589900
2012-08-31,110.5484994364335,110.96319445642679,109.8208520468106,110.44679260253906,151970400
2012-09-04,110.35292033383844,110.68154845732312,109.64092456982421,110.34510040283203,120226200
2012-09-05,110.39199762944847,110.6893220267229,110.03208993268348,110.25116729736328,100660300
2012-09-06,110.91628988705095,112.49678782821414,110.90846995434462,112.48896789550781,158272500
2012-09-07,112.67672007097336,112.97404460009994,112.57501321008236,112.9271011352539,107272100
2012-09-10,112.81753032546764,113.01313599925788,112.24636510087056,112.28547668457031,86458500
2012-09-11,112.35586252387688,112.95831918187068,112.32455894182979,112.5984115600586,88760000
2012-09-12,112.9739990234375,113.09918950507266,112.59060765048785,112.9739990234375,87640900
2012-09-13,112.95836363379344,115.04743085184298,112.66105112025718,114.69534301757812,225470200
2012-09-14,114.92230670364606,115.88468375665063,114.82840781491304,115.2039794921875,169777000
2012-09-17,114.96919577845394,115.16480145741855,114.52320909977949,114.81271362304688,119427800
2012-09-18,114.6171194490744,114.86748853509249,114.42933368044253,114.71882629394531,98326600
2012-09-19,114.8518482987354,115.14917281096211,114.55453572533429,114.78143310546875,128318300
2012-09-20,114.25719952733844,114.85183655214917,113.9442351856116,114.78925323486328,154009800
2012-09-21,115.34695698399509,115.37055401017847,114.69407792028949,114.74127197265625,108737500
2012-09-24,114.1749298658995,114.82780898979956,114.08840342773063,114.56822967529297,95682000
2012-09-25,114.81207465450223,115.0323215664856,113.31752832026473,113.3489990234375,133165200
2012-09-26,113.32543477931732,113.35689348903374,112.44443487397787,112.71187591552734,146502200
2012-09-27,113.18378550514733,114.03331428483855,112.88487389676871,113.77373504638672,111830300
2012-09-28,113.34111508560645,113.71081779780008,112.84556557978415,113.2467269897461,150696100
2012-10-01,113.67937478531283,114.59969485460174,113.27820131744225,113.545654296875,135911200
2012-10-02,113.99400562541011,114.1749201616382,113.13661499441984,113.66363525390625,113422200
2012-10-03,113.97039094954616,114.39514936068521,113.37257970357697,114.1277084350586,121283100
2012-10-04,114.56033985363851,115.11095705099642,114.40302236904408,114.9457778930664,124311600
2012-10-05,115.5593517482799,115.75600165105654,114.60756093771562,114.95366668701172,124842100
2012-10-08,114.52891269436633,114.93793586642934,114.3007920767177,114.56037139892578,78415400
2012-10-09,114.47385237193079,114.56824049428009,113.38834095467861,113.42767333984375,148872900
2012-10-10,113.41187588028326,113.5220112994584,112.5544855649654,112.70394134521484,124247500
2012-10-11,113.49057685041261,113.6557680293764,112.74330971308015,112.76690673828125,123601500
2012-10-12,112.84559199165895,113.23101814166927,112.15338045318752,112.39722442626953,124181900
2012-10-15,112.6646831155461,113.45128289545437,112.30285393822196,113.33329772949219,107689100
2012-10-16,113.86812001903104,114.56033130264431,113.78946728388196,114.4816665649414,108815500
2012-10-17,114.56037585466339,115.09526987344259,114.38732296646057,115.00086975097656,128834100
2012-10-18,114.70189666748047,115.25251368566718,114.31645875347435,114.70189666748047,148108500
2012-10-19,114.48957004013026,114.4974317149253,112.5230711112464,112.79051208496094,185645200
2012-10-22,112.60172033266335,113.01075545774884,111.91738256770913,112.80624389648438,125578600
2012-10-23,111.58703443991786,111.7443519801361,110.77683770536288,111.24092864990234,192056300
2012-10-24,111.64202759137922,111.77576002828128,110.75317858628289,110.92623138427734,120179400
2012-10-25,111.71285155307247,111.91736307872385,110.5722848092451,111.24874877929688,134457400
2012-10-26,111.14652729916229,111.57128580745857,110.43071877341208,111.18585968017578,146023500
2012-10-31,111.57915948519579,111.72074165377536,110.65882737919837,111.18585968017578,103438500
2012-11-01,111.42186543260705,112.49164172293003,111.31961561248944,112.35005950927734,100995600
2012-11-02,113.01861561858313,113.05008632146789,111.23304331295596,111.35102844238281,137702200
2012-11-05,111.18585517916324,111.83086059195509,110.85547279407032,111.57915496826172,98378500
2012-11-06,111.91739178933065,112.892779628732,111.79940664860197,112.45228576660156,107068100
2012-11-07,111.42965284473709,111.44537618792914,109.38448998987803,109.90364837646484,264304500
2012-11-08,109.88796498144866,110.44645599515239,108.49568028740345,108.58220672607422,181517300
2012-11-09,108.25180431459435,109.68342096699061,108.19674859856983,108.67657470703125,201055300
2012-11-12,109.01480523076792,109.18785805463126,108.51925578293563,108.76309967041016,97677500
2012-11-13,108.18887870988172,109.53396899627417,108.04729657581652,108.38552856445312,123018300
2012-11-14,108.71592033536373,108.88896118008246,106.67861854291657,106.9224624633789,191505000
2012-11-15,106.96180116935679,107.36297461294562,106.33251914225295,106.7415542602539,178128400
2012-11-16,106.89886722118074,107.48095517194947,105.95495022193735,107.26856994628906,239483900
2012-11-19,108.47204931947644,109.45529854101831,107.30002392903309,109.4395751953125,151495800
2012-11-20,109.26653137570788,109.66769277023334,108.61365239850021,109.48677825927734,119807400
2012-11-21,109.58119885221387,109.78572244944161,109.36095190332134,109.69132232666016,81710800
2012-11-23,110.2262071957224,111.22518005863176,110.15540410887508,111.18585968017578,65409200
2012-11-26,110.63522023176408,111.19371118493497,110.27339116567288,110.94986724853516,100124400
2012-11-27,110.83972825394676,111.21729261858236,110.31270807761766,110.38349914550781,128646200
2012-11-28,109.9351406467378,111.33528678185698,109.33732935392418,111.27236938476562,177086500
2012-11-29,111.68927701230383,112.09830014593663,111.20157711826951,111.7915267944336,151085900
2012-11-30,111.80720943490172,112.02745624996285,111.42964518087565,111.81507110595703,136568300
2012-12-03,112.326363752591,112.42075181207062,111.17792368453561,111.26445007324219,124656300
2012-12-04,111.25662591791983,111.59485791347328,110.80825847910172,111.10717010498047,127512200
2012-12-05,111.20159409569688,111.8230145708954,110.41499440738595,111.3038558959961,147300500
2012-12-06,111.20157029709213,111.72859053516412,111.03639111933025,111.681396484375,103220600
2012-12-07,112.11402616103074,112.23988496207772,111.43755010859803,112.01963806152344,108726400
2012-12-10,111.86233717472534,112.33428974490974,111.815131115405,112.06684875488281,98840700
2012-12-11,112.53093755249455,113.35686953812102,112.47588182148343,112.82984924316406,152570400
2012-12-12,113.27031810817803,113.70295019590773,112.72756258016757,112.88488006591797,145880100
2012-12-13,112.81408095479804,113.13658957925419,111.90949647430818,112.19267272949219,135715000
2012-12-14,111.94886311743478,112.15337469668698,111.60275736596365,111.77581024169922,137701700
2012-12-17,112.06686496764428,113.15237644045786,112.03539425687784,113.08944702148438,143238200
2012-12-18,113.27030131727115,114.45020028932605,113.10511018006012,114.34793853759766,177762800
2012-12-19,114.47376980516457,114.51310216196038,113.4590622141137,113.49838256835938,150895400
2012-12-20,113.5692454331325,114.16705676264961,113.2545984155789,114.15132141113281,168487000
2012-12-21,112.62396572154782,114.14494631344296,112.44176813226686,113.1151123046875,245883800
2012-12-24,112.86958417259521,112.93295990024092,112.63985773660313,112.76660919189453,53874600
2012-12-26,112.99632091147863,113.05177919882739,111.97441614453221,112.2912826538086,106947700
2012-12-27,112.3229905273974,112.55272907444979,110.84162051696046,112.14079284667969,167920600
2012-12-28,111.411970767247,112.029868958193,110.80199000881144,110.92874145507812,148806700
2012-12-31,110.6355896417007,112.93290115739507,110.54052005584123,112.81407928466797,243935200
2013-01-02,114.95299182101547,115.77685192171074,114.6519602036069,115.70555877685547,192059000
2013-01-03,115.65011930554576,115.95113885277249,115.13519613595528,115.44414520263672,144761800
2013-01-04,115.63429767775892,116.14129143892424,115.39664170803164,115.95116424560547,116817700
2013-01-07,115.53921218452587,115.74517419505062,115.20648665475859,115.63426971435547,110002500
2013-01-08,115.4283032455127,115.5867364850033,114.850004394234,115.30155181884766,121265100
2013-01-09,115.55506181835207,115.91155177614452,115.3728641669956,115.59467315673828,90745600
2013-01-10,116.23632070650177,116.52150538324001,115.63426953902407,116.51358795166016,130735400
2013-01-11,116.48189979825473,116.56903990066064,116.14126890828408,116.50567626953125,113917300
2013-01-14,116.36306166794775,116.50566003732729,115.99865435747178,116.42643737792969,89567200
2013-01-15,115.88776603303693,116.61658075553129,115.81647288225457,116.50567626953125,93172600
2013-01-16,116.26801342889111,116.67202001363839,116.14126199880823,116.48982238769531,104849500
2013-01-17,117.00473757579095,117.57510694358545,116.56903707432542,117.24239349365234,133833500
2013-01-18,117.21863762205521,117.63057377041412,116.79085452130631,117.50382232666016,169906000
2013-01-22,117.50385084547086,118.13759613037108,117.22658350592518,118.1375961303711,111797300
2013-01-23,118.13751409727882,118.43061610184866,117.92362264351507,118.32762908935547,104596100
2013-01-24,118.1533932683683,118.93765416785477,118.04248878550293,118.35936737060547,146426400
2013-01-25,118.73170102522172,119.02480316162108,118.32768230998698,119.0248031616211,147211600
2013-01-28,119.05650081442067,119.08819472335583,118.43860255471549,118.88223266601562,113357700
2013-01-29,118.64452552498577,119.50007938194163,118.56530287450344,119.34956359863281,105694400
2013-01-30,119.33376812302268,119.57142408929803,118.77131607242715,118.88223266601562,137447700
2013-01-31,118.73963480645395,119.12780662277511,118.50990836018038,118.58911895751953,108975800
2013-02-01,119.34168752438336,119.95166836075575,119.13572546364679,119.80908203125,131173000
2013-02-04,119.08026686065465,119.83283394821133,118.37521645696992,118.46235656738281,159073600
2013-02-05,119.10394806015267,119.99910083717043,119.05640723411783,119.6584701538086,113912400
2013-02-06,119.23868050733037,119.82488471029775,119.15154041125663,119.74567413330078,138762800
2013-02-07,119.78527906049521,119.89618353250593,118.71583358292841,119.58723449707031,162490000
2013-02-08,119.79325101765137,120.32400923869312,119.79325101765137,120.25271606445312,103133700
2013-02-11,120.20516322564718,120.33190259192588,119.92789593106438,120.22892761230469,73775000
2013-02-12,120.23685949055009,120.64879572157672,120.10219058741714,120.42698669433594,65392700
2013-02-13,120.67254377899631,120.89435277621696,120.18931444483334,120.52994537353516,82322600
2013-02-14,120.16553125442131,120.78342937679898,120.03086239058842,120.64083099365234,80834300
2013-02-15,120.75175130800503,120.87850275682584,120.05464251485749,120.49826049804688,215226500
2013-02-19,120.70421582783707,121.42510105429452,120.53786513722862,121.40133666992188,95105400
2013-02-20,121.31419867202646,121.35381000922989,119.8248994244955,119.88827514648438,160574800
2013-02-21,119.5872144117702,119.95160957816866,118.77918934415803,119.15943145751953,183257000
2013-02-22,119.737727883061,120.32394409179688,119.21489946735583,120.32394409179688,106356600
2013-02-25,120.91017993451439,121.09237756218445,118.0345687866211,118.0345687866211,245824800
2013-02-26,118.60493442773158,118.9851766220022,117.82067356984707,118.84259033203125,186596200
2013-02-27,118.73963220216197,120.67254963257571,118.63664513142677,120.33983612060547,150781900
2013-02-28,120.33192985477214,121.10034409795001,119.94377005963405,120.10220336914062,126866000
2013-03-01,119.69023512141851,120.68045815092462,119.15155959545525,120.49826049804688,170634800
2013-03-04,120.22094022257026,121.1398696899414,120.03082522082323,121.1398696899414,99010200
2013-03-05,121.72614027722646,122.55000052464356,121.71029332409819,122.22520446777344,121431900
2013-03-06,122.66087058710211,122.72424629414047,122.12219520879631,122.39153289794922,94469900
2013-03-07,122.54998945423526,122.77179842726007,122.4074031520118,122.61336517333984,86101400
2013-03-08,123.15201638061163,123.30252007040524,122.51827146436476,123.13616943359375,123477800
2013-03-11,123.04118241580174,123.61153987072875,122.89066655210033,123.60362243652344,83746800
2013-03-12,123.51645926691553,123.6590576698092,122.95401935111978,123.32633209228516,105755800
2013-03-13,123.38973634688419,123.67492113092736,122.96988264922153,123.50064086914062,92550900
2013-03-14,123.8253981099957,124.21356985981855,123.5085315995527,124.15811157226562,126329900
2013-03-15,124.01010383356382,124.16127694438009,123.5804181543583,123.99418640136719,138601100
2013-03-18,122.80857960491876,123.84299409278046,122.69718186877627,123.30987548828125,126704300
2013-03-19,123.57240463204309,123.73949509274023,122.21175017346538,123.02336883544922,167567300
2013-03-20,123.74755227496885,124.0896982347315,123.54066202818547,123.88282012939453,113759300
2013-03-21,123.14278447426888,123.84300582001012,122.61763060640672,122.82450866699219,128605000
2013-03-22,123.21441147700905,123.81118774414062,123.11891901808592,123.81118774414062,111163600
2013-03-25,124.1374176883755,124.34430790063709,122.81656209555128,123.29397583007812,151322300
2013-03-26,123.80322141350025,124.31247000278024,123.6679535849432,124.28064727783203,86856600
2013-03-27,123.54063840226218,124.32043479010036,123.3337603364886,124.28064727783203,99950600
2013-03-28,124.20105875768347,124.80579973898547,123.9305231299656,124.66256713867188,102932800
2013-04-01,124.59893936793671,124.85356976655802,123.86689518406892,124.16926574707031,99194100
2013-04-02,124.61478824429898,125.0922139083274,124.42381555039982,124.78189086914062,101504300
2013-04-03,124.85354684423037,124.94902715546094,123.19053333593288,123.51676177978516,154167400
2013-04-04,123.67585510615352,124.26467847656455,123.40531956087239,124.01801300048828,131885000
2013-04-05,122.4983007395319,123.6122906449584,122.35508023049753,123.46110534667969,159666000
2013-04-08,123.54866893987774,124.30458350948328,123.1349004466866,124.296630859375,86571200
2013-04-09,124.52730902226156,125.17979020733189,124.11354076200828,124.72623443603516,101922200
2013-04-10,125.06043003873715,126.41312044968429,125.02860731416695,126.25398254394531,135711100
2013-04-11,126.27784171256272,127.08150810049172,126.15052654239376,126.66773986816406,110142500
2013-04-12,126.26192942276305,126.54838249658714,125.65720055199816,126.357421875,116359900
2013-04-15,125.7208775692646,125.82432268290685,123.41334733121695,123.42925262451172,217259000
2013-04-16,124.36021724986423,125.31506903295748,124.0578588505665,125.25141143798828,147507800
2013-04-17,124.36024043680608,124.38412266313655,122.76088404238133,123.42131805419922,226834800
2013-04-18,123.62818491309925,123.66001978434305,122.18001394910065,122.64947509765625,167583200
2013-04-19,122.93588364221063,123.77137265835862,122.63351318229536,123.71566772460938,149687600
2013-04-22,123.95443201619926,124.55916104539733,123.13486008998552,124.26475524902344,106553500
2013-04-23,124.88539581808153,125.66518018707458,124.26474938173764,125.54582977294922,166141300
2013-04-24,125.58562446650772,125.95960530739504,125.35486413075343,125.62541198730469,96781200
2013-04-25,125.99138044463724,126.7313891992853,125.8004198432639,126.13461303710938,131060600
2013-04-26,125.98343731832762,126.19828015254649,125.50601149593969,125.91182708740234,95918800
2013-04-29,126.25397600015395,127.03376019686914,126.05505059292965,126.7552719116211,88572800
2013-04-30,126.73141921997286,127.0894825738096,126.20625315890832,127.05764770507812,116010700
2013-05-01,126.77916144703612,126.84281904409116,125.8004516928858,125.94367218017578,138874200
2013-05-02,126.26197355846017,127.22477821414236,126.14262312824849,127.1133804321289,96407600
2013-05-03,128.21939675764233,128.8082205027722,127.13724174641112,128.40240478515625,144202300
2013-05-06,128.49788951292692,128.911645711787,128.44218455839996,128.7286376953125,66882100
2013-05-07,129.00713795352038,129.42089415163787,128.64110977978225,129.38111877441406,90359200
2013-05-08,129.23783523268997,130.00966665338942,129.16622501215693,129.96987915039062,97419200
2013-05-09,129.91425086346865,130.25639684796732,129.27768692374974,129.6039276123047,106738600
2013-05-10,129.6914110256227,130.13700198885493,129.30946550732952,130.02560424804688,103203000
2013-05-13,129.85849270273567,130.3438711420081,129.55613436486138,130.1290283203125,81843200
2013-05-14,130.2324776054799,131.56926258845587,130.2324776054799,131.47377014160156,119000900
2013-05-15,131.25894117301772,132.4445287855439,131.21915366476102,132.18194580078125,120718500
2013-05-16,131.9114357875824,132.37294426180858,131.36239963477118,131.5613250732422,109913600
2013-05-17,132.046693094252,132.9140050228457,131.8716377510476,132.83444213867188,129801000
2013-05-20,132.70711140898996,133.34367511503513,132.57184359443983,132.8264617919922,85071200
2013-05-21,132.9458610638815,133.51876734353436,132.48435255296968,133.01747131347656,95804200
2013-05-22,133.1527038976922,134.52927641856863,131.42603286882064,132.03076171875,244031800
2013-05-23,130.62238445266507,132.01486232603713,130.4473291201257,131.64883422851562,211064400
2013-05-24,130.86904337821477,131.5931347495714,130.4791452225359,131.5374298095703,151573900
2013-05-28,132.91400680075077,133.50283043044595,131.9352971080667,132.3251953125,143679800
2013-05-29,131.62498875992813,131.9273593256552,130.76562936900316,131.46585083007812,160363400
2013-05-30,131.5692842254678,132.5559465874949,131.46583911663154,131.9512176513672,107793800
2013-05-31,131.5851798144114,132.33314131849667,129.80281586402313,130.05743408203125,176850100
2013-06-03,130.35980655948987,130.86110249879934,129.42883705894656,130.77357482910156,168390700
2013-06-04,130.84514914386105,131.37031501787013,129.48449431419039,130.14492797851562,157631500
2013-06-05,129.7709702726143,130.03355325605483,128.21140194492511,128.3227996826172,211737800
2013-06-06,128.2671503667375,129.49253815418874,127.51123595163209,129.4845733642578,200225500
2013-06-07,130.3758144404151,131.2510796031617,129.81086051834984,131.13172912597656,188337800
2013-06-10,131.53753288985843,131.6091431761695,130.78957085562516,131.13172912597656,105667100
2013-06-11,129.93809910445526,130.9247615107732,129.49250806399615,129.77896118164062,159505400
2013-06-12,130.6701884539582,130.8054563422044,128.58545301877066,128.70480346679688,177361500
2013-06-13,128.63315886274202,130.8929491128094,128.34670572249078,130.66220092773438,163587800
2013-06-14,130.51894159586413,131.0281901697869,129.62775962686018,129.84259033203125,141197500
2013-06-17,130.72580654614714,131.46581532519238,129.87441217358995,130.8451690673828,136295600
2013-06-18,130.91681887306382,132.0785488671739,130.90886622582093,131.87962341308594,114695600
2013-06-19,131.7681999383089,131.99894807779887,130.0017412793035,130.05743408203125,206149500
2013-06-20,128.79230126799152,130.07338172559773,126.50067606644835,126.83486938476562,321255900
2013-06-21,127.69795553246615,127.79394106990857,125.9621478981454,127.24201202392578,271956800
2013-06-24,125.91415989340071,126.73006140390876,124.57030128991738,125.63418579101562,222329000
2013-06-25,126.77004729042972,128.06591299910002,125.9221425437531,126.84204864501953,162262200
2013-06-26,127.88195121062323,128.3858997697461,127.38600958462345,128.09793090820312,134848000
2013-06-27,128.86587043726618,129.44180824301762,128.745876274414,128.84986877441406,129483700
2013-06-28,128.48984049162496,129.10576380943337,127.87390496813073,128.3218536376953,160402900
2013-07-01,128.9938106767295,129.9697043382048,128.84983236881794,129.0738067626953,131954800
2013-07-02,128.88179504296048,129.82569738519769,128.38585359532777,128.95379638671875,154863700
2013-07-03,128.36986415223907,129.4017573855116,128.16189144279608,129.00979614257812,75216400
2013-07-05,129.96171827252894,130.44966513578333,129.02582259166851,130.40167236328125,122416900
2013-07-08,131.07356444721833,131.4975167778442,130.44963414155433,131.1455535888672,108092500
2013-07-09,131.96948341104073,132.24945750406926,131.4015527044134,132.0894775390625,119298000
2013-07-10,131.9614848126138,132.5854152018143,131.6895176595138,132.13746643066406,121410100
2013-07-11,133.67325299967604,134.07320887458312,132.12941697557864,133.93722534179688,135592200
2013-07-12,133.89727008041766,134.32921719278147,133.68929735308524,133.99325561523438,104212700
2013-07-15,134.3612401825517,134.6972018092933,134.12925883185775,134.50521850585938,69450600
2013-07-16,134.5931475905752,134.6731436484016,133.64126285427574,134.001220703125,88702100
2013-07-17,134.51320173035776,134.7691672174646,134.16923323137547,134.34521484375,92873900
2013-07-18,134.63322785401908,135.40114897887366,134.5452370189388,135.0811767578125,103620100
2013-07-19,134.8011984612154,135.36912925052997,134.6332115398026,135.32113647460938,103831700
2013-07-22,135.51310910839192,135.77708156085038,135.19313695131058,135.58509826660156,79428600
2013-07-23,135.82509464206032,135.84909103171822,135.22516048922938,135.29714965820312,80829700
2013-07-24,135.81707283676428,135.87307254362864,134.52921384147677,134.8011932373047,112914000
2013-07-25,134.56120441831348,135.24912926131455,134.337230023447,135.12913513183594,111088600
2013-07-26,134.5611958828293,135.31311510605207,134.00125993118095,135.2731170654297,107814600
2013-07-29,134.92913635999352,135.2331067944067,134.47319291406095,134.85714721679688,79695000
2013-07-30,135.2651101062856,135.40908839267885,134.53718733213148,134.85714721679688,85209600
2013-07-31,135.1371165757964,135.86503932466417,134.7771586666301,134.95314025878906,142388700
2013-08-01,135.97706085156668,136.632982419751,135.90505948699496,136.51300048828125,110438400
2013-08-02,136.2090249825881,136.7609662584473,136.02504862586483,136.74496459960938,91116700
2013-08-05,136.4410178919003,136.75298313441627,136.26503624682044,136.5449981689453,54072700
2013-08-06,136.28109330928848,136.57706924413066,135.4651913199091,135.76914978027344,87495000
2013-08-07,135.33716953262774,135.52914068084633,134.82522612788887,135.32916259765625,84854700
2013-08-08,135.9690362824867,136.12901623892535,135.12912625407358,135.82505798339844,102181300
2013-08-09,135.64914626952117,136.06510413515502,134.9612211172283,135.43316650390625,91757700
2013-08-12,134.7531791544037,135.43309702223087,134.68918473054558,135.2731170654297,68593300
2013-08-13,135.5131462012174,135.90509541810346,134.71323389809567,135.67312622070312,80806000
2013-08-14,135.60908271312613,135.82506237442914,134.9451542770381,134.97715759277344,79829200
2013-08-15,133.91330986873078,133.92929932529407,132.85741986233742,133.0894012451172,152931800
2013-08-16,132.83337513277448,133.2893307984348,132.38542639817405,132.64939880371094,130868200
2013-08-19,132.49743325893067,132.95338899230467,131.793506739626,131.801513671875,96437600
2013-08-20,132.01745784248175,132.94535859859815,131.87347955568123,132.4494171142578,89294400
2013-08-21,132.08150909549028,132.8094321849291,131.3375965488737,131.63356018066406,159530500
2013-08-22,131.9055187057202,133.0254031244851,131.89752397765957,132.8334197998047,101471400
2013-08-23,133.22536930870334,133.449343731365,132.6014388161901,133.28135681152344,90888900
2013-08-26,133.41731020864745,133.82527311918668,132.69739432815962,132.78538513183594,89702100
2013-08-27,131.47356677446004,132.78542226523834,130.5536726470677,130.649658203125,158619400
2013-08-28,130.59362107404468,131.57752156449044,130.4256463990724,131.1135711669922,108113000
2013-08-29,130.82559173832868,132.0174526399439,130.70559763170306,131.321533203125,119200500
2013-08-30,131.59359537493722,131.60959704185044,130.52171559996737,130.90567016601562,134928900
2013-09-03,132.16945120066705,132.44942527205072,130.94558686473368,131.49752807617188,142375100
2013-09-04,131.52954410227244,132.80940837722392,131.28958023069805,132.58543395996094,97389400
2013-09-05,132.66547289522873,133.10541493897674,132.5694751099086,132.7534637451172,63090500
2013-09-06,133.19337303207712,133.5693327340761,131.5695522790565,132.81741333007812,159756500
2013-09-09,133.14536132845558,134.16924779943255,133.14536132845558,134.08926391601562,87559300
2013-09-10,134.89720035925995,135.10517314868056,134.59322980067492,135.0811767578125,105847200
2013-09-11,134.8971372907161,135.50506591796875,134.66516821888007,135.50506591796875,94545900
2013-09-12,135.4570762321866,135.63305782406343,134.96113476727197,135.14511108398438,83209000
2013-09-13,135.28916244754882,135.55313495414504,134.97719715897006,135.4491424560547,72727800
2013-09-16,136.9129624159407,136.97695685070377,136.01705253494853,136.2330322265625,106299200
2013-09-17,136.35301081218296,136.87294875248799,136.35301081218296,136.84095764160156,82523300
2013-09-18,136.79299208994834,138.80077968742182,136.44903567461424,138.42481994628906,203460600
2013-09-19,138.80072041465277,138.8647148332297,138.0567959786724,138.19277954101562,146616900
2013-09-20,138.5207598171872,138.5207598171872,137.11409047868327,137.22662353515625,132867100
2013-09-23,137.04180421364546,137.17040471067082,136.1576068049132,136.59165954589844,104616500
2013-09-24,136.56751730166098,137.07392228002755,136.012897879147,136.27011108398438,106333100
2013-09-25,136.35855820008288,136.63185111799658,135.75569968193847,135.8762664794922,117306500
2013-09-26,136.10130596595192,136.78453806506747,135.88427352732253,136.39871215820312,77146900
2013-09-27,135.71547110683912,135.95661690396008,135.41806490732793,135.77174377441406,99141800
2013-09-30,134.62224475825806,135.47428234135134,134.35698569207565,135.0482635498047,143937000
2013-10-01,135.15278457455747,136.24596805367807,135.01613817281523,136.1173553466797,127160000
2013-10-02,135.32161704528102,136.11738226368135,134.90363179747175,135.98876953125,113350000
2013-10-03,135.67530578449103,135.79588484025112,134.10787618110754,134.73484802246094,176698000
2013-10-04,134.83939259376376,135.89238380151397,134.66255306488452,135.7557373046875,96878000
2013-10-07,134.5740585892823,135.4019830761295,134.4374121683175,134.58209228515625,96295000
2013-10-08,134.5580259170849,134.73486540953715,132.91825602775097,133.01470947265625,178015000
2013-10-09,133.27181314970426,133.59333251551902,132.2509701522171,133.11105346679688,168973000
2013-10-10,134.46954420250222,136.0530529409671,134.42131750227415,135.980712890625,195955000
2013-10-11,135.77171980213274,136.90509626285944,135.6591867520368,136.8568572998047,105040000
2013-10-14,136.0129435338722,137.51606705015888,135.9084441184505,137.40353393554688,112106000
2013-10-15,137.05780796418705,137.5722465089617,136.2218499283716,136.40672302246094,155485000
2013-10-16,137.22661779913605,138.38410762600887,137.16231144595614,138.311767578125,161676000
2013-10-17,137.74908973549438,139.3165310271159,137.72497638625552,139.23614501953125,129389000
2013-10-18,139.75067763382702,140.2731502392144,139.4693386831163,140.17669677734375,138316000
2013-10-21,140.2247938237494,140.46593952059752,139.87111510372947,140.18460083007812,104104000
2013-10-22,140.594630624328,141.41450927972554,140.2087923880611,140.9965362548828,126663000
2013-10-23,140.51424168782694,140.5785480592089,139.8310094891175,140.3213348388672,105484000
2013-10-24,140.60261775015843,140.9643302448117,140.27305229861955,140.78749084472656,70350000
2013-10-25,141.0769088541641,141.47078078431477,140.80361597129365,141.4305877685547,93625000
2013-10-28,141.3823315637861,141.84854346594273,141.22960549486777,141.65562438964844,84979000
2013-10-29,141.97711087840244,142.46743597548453,141.77615817083077,142.41116333007812,87401000
2013-10-30,142.5800055140093,142.68449260838202,141.19744955064704,141.70384216308594,140002000
2013-10-31,141.59137455048452,142.1861994076093,141.0930154026054,141.302001953125,133795000
2013-11-01,141.48681557363437,141.96106111972037,140.84376432096428,141.63954162597656,142805000
2013-11-04,142.0253758795562,142.1941693309506,141.4546646394144,142.13790893554688,85677000
2013-11-05,141.5832448036618,142.07356992030233,141.12507899001633,141.687744140625,85825000
2013-11-06,142.29863030444517,142.67642237589433,141.90475858213992,142.41116333007812,87348000
2013-11-07,142.67648792607812,142.78902100341242,140.47404082375243,140.61068725585938,157000000
2013-11-08,140.56245363536803,142.52375482835149,140.5463862430999,142.50767517089844,136713000
2013-11-11,142.37104251548504,142.7006080666305,142.20224902404985,142.5318145751953,62614000
2013-11-12,142.22630621159976,142.56390532633083,141.7681280997054,142.2423858642578,83990000
2013-11-13,141.54305527413558,143.42396979445726,141.54305527413558,143.3837890625,103844000
2013-11-14,143.5123913464666,144.2197488567057,143.27929158432732,144.09918212890625,103435000
2013-11-15,144.33232442022396,144.78245669021976,144.1474512947295,144.7261962890625,102818000
2013-11-18,144.96733830636583,145.08790506655245,143.89826806036913,144.21978759765625,104796000
2013-11-19,144.14742626754605,144.58147880534244,143.65710107317813,143.90628051757812,93891000
2013-11-20,144.1956968805923,144.62974955058328,143.06232009619066,143.45619201660156,124909000
2013-11-21,143.85809347741224,144.7262110574979,143.76967375355576,144.61367797851562,92841000
2013-11-22,144.66997798447267,145.35322260721637,144.50118445238996,145.33714294433594,81296000
2013-11-25,145.59430360787331,145.62645065411928,144.98339934254773,145.19239807128906,79486000
2013-11-26,145.26474903552486,145.6666546022975,145.01556954655533,145.2325897216797,86994000
2013-11-27,145.3852899281545,145.6827083349661,145.20845052902834,145.58624267578125,58800000
2013-11-29,145.74703256470968,146.09266544573873,145.329047364121,145.48980712890625,55870900
2013-12-02,145.5621776297098,145.8354705135262,144.88697911727402,145.11204528808594,99726000
2013-12-03,144.63777245937618,144.99948500424767,144.01883447314813,144.48504638671875,116563000
2013-12-04,143.96255577188813,145.07180661746474,143.3596975186812,144.4689483642578,123033000
2013-12-05,144.2117766367218,144.4770358161341,143.69733793685174,143.833984375,106934000
2013-12-06,145.22455691383274,145.5782357771849,144.8065716875816,145.44158935546875,127728000
2013-12-09,145.86764353018992,146.0284033436967,145.61846397947625,145.81137084960938,70124000
2013-12-10,145.47367615160888,145.7791281825699,145.20038342136982,145.28880310058594,80976000
2013-12-11,145.34514339312238,145.36925674729733,143.48029556902597,143.65713500976562,130591000
2013-12-12,143.59281583651065,143.769655261478,142.8854581366413,143.18287658691406,115565000
2013-12-13,143.48026436573736,143.60887707015718,142.89348576644792,143.16677856445312,107808000
2013-12-16,143.8420190444696,144.53329720195526,143.80182602940457,144.05905151367188,96195000
2013-12-17,144.1876515806599,144.21176493454192,143.27934103381907,143.60086059570312,89886000
2013-12-18,143.8178510395927,146.07655780484686,142.5317609025119,146.0524444580078,234906000
2013-12-19,145.63449050500734,146.0524757149736,145.2567105686192,145.88368225097656,136531200
2013-12-20,146.02914571010524,147.07977569795023,145.93216865428857,146.7322540283203,197087000
2013-12-23,147.45153409195885,147.60508932317387,147.1444359613013,147.5161895751953,85598000
2013-12-24,147.52425926434861,147.9041025013804,147.51618195377606,147.83944702148438,45368800
2013-12-26,148.17077954503577,148.67185635625785,148.1546249263096,148.59103393554688,63365000
2013-12-27,148.78500576349674,148.84964890429518,148.42940683025296,148.5829620361328,61814000
2013-12-30,148.59911469983726,148.7203483337224,148.36474940515842,148.5587158203125,56857000
2013-12-31,148.76080668799915,149.26187133789062,148.64765032780508,149.26187133789062,86119900
2014-01-02,148.68805402866076,148.76079916107253,147.47579135759685,147.83139038085938,119636900
2014-01-03,148.0819513148757,148.3809845504756,147.59705355179173,147.8071746826172,81390600
2014-01-06,148.29204117148336,148.34860701124387,147.15251141588993,147.37879943847656,108028200
2014-01-07,147.9687630377575,148.53448309146515,147.855619027016,148.28395080566406,86144200
2014-01-08,148.2596907556656,148.56680118002456,147.8071147608867,148.31626892089844,96582300
2014-01-09,148.79305112022797,148.809218067841,147.73434418927891,148.4132080078125,90683400
2014-01-10,148.66378182024184,148.88199251291698,147.904095382742,148.8173370361328,102026400
2014-01-13,148.43750918765033,148.84967402158514,146.5544598510554,146.8373260498047,149892000
2014-01-14,147.32218427133557,148.51829189809482,147.04740778887842,148.43746948242188,105016100
2014-01-15,148.78506422681306,149.46392845788253,148.46987638154687,149.23764038085938,98525800
2014-01-16,148.9304961238281,149.23760658671952,148.5668198203776,149.04364013671875,72290600
2014-01-17,148.78497381230537,149.06782757081044,148.15459850484305,148.4132080078125,107848700
2014-01-21,149.2698942729476,149.32647243243395,147.93641068578626,148.84963989257812,88621200
2014-01-22,149.1001952223176,149.16485069563993,148.6314522895588,148.94664001464844,61270900
2014-01-23,148.1950460812761,148.21929034477975,146.94238469434842,147.72630310058594,132496900
2014-01-24,146.7646076467763,146.81309618119715,144.5259590974151,144.57444763183594,208677100
2014-01-27,144.71183708693155,145.08360307343705,143.14397535859013,143.86325073242188,180843100
2014-01-28,143.9682549330704,144.90574063825764,143.95208798456207,144.71986389160156,110463200
2014-01-29,143.51575660787586,144.299687555417,142.9500364219635,143.3298797607422,216597300
2014-01-30,144.52590188077372,145.31790973690346,144.06523632260195,144.8491668701172,118938100
2014-01-31,143.05507743289996,144.89771576994954,142.9823446297524,144.00064086914062,194677900
2014-02-03,143.83087828150352,144.1541432870886,140.48503491344292,140.7598114013672,254837100
2014-02-04,141.39026576434816,142.10954128551165,140.71140147439579,141.74586486816406,165012400
2014-02-05,141.25286635136501,141.88324204707249,140.38812526387932,141.56805419921875,164230500
2014-02-06,141.89937832660297,143.43490600585938,141.60843481211757,143.43490600585938,132877600
2014-02-07,144.1056947255216,145.3664458613484,143.63695170521652,145.212890625,170787200
2014-02-10,145.22906668475696,145.52809986494242,144.83306876805457,145.47959899902344,92218800
2014-02-11,145.60079856990993,147.44343642657122,145.50380919255824,147.07167053222656,117814100
2014-02-12,147.28992056328536,147.75866362842999,146.85351140981922,147.1444549560547,94717700
2014-02-13,146.1503602856103,148.05765372988068,146.14228297525568,147.9040985107422,100542200
2014-02-14,147.7667448379369,148.99517454686247,147.62935653911504,148.72039794921875,96498400
2014-02-18,148.84969249191798,149.10023714590335,148.4213606510198,148.898193359375,80460900
2014-02-19,148.51027321265508,149.47200369251962,147.7909977638801,147.9122314453125,126524300
2014-02-20,148.11421701692268,149.12443563947429,147.57274131504744,148.78500366210938,104998100
2014-02-21,149.06790203282642,149.42350106733417,148.54259312479616,148.61532592773438,118116400
2014-02-24,148.93046684787228,150.44174993692593,148.86581137724832,149.4396209716797,114063900
2014-02-25,149.56085611835937,149.98918786060005,148.89006942177446,149.383056640625,117085000
2014-02-26,149.60124956523762,149.99725968802662,148.97087415787217,149.39112854003906,98677200
2014-02-27,149.1729379401218,150.2154782289208,149.00321576987614,150.17507934570312,93880800
2014-02-28,150.15082887899678,151.24994737999018,149.55278726712885,150.55491638183594,150842000
2014-03-03,149.22953180820016,149.87607437416352,148.50217912885,149.49623107910156,167748500
2014-03-04,150.95900796698737,151.92073822283572,150.92668639186584,151.59747314453125,167545900
2014-03-05,151.72680122829038,151.99350049728145,151.49242353806775,151.73487854003906,88376900
2014-03-06,152.1066388000296,152.42990390265118,151.75911709952686,152.08238220214844,82516500
2014-03-07,152.71275078826312,152.71275078826312,151.47623171439068,152.1470184326172,114513500
2014-03-10,151.91268315252438,152.1228042510075,151.1934077659862,152.0662384033203,74939200
2014-03-11,152.2925029141767,152.51071362271978,150.9670963731481,151.31460571289062,99009100
2014-03-12,150.57915472193838,151.4115738903279,150.23971040874633,151.35499572753906,104824400
2014-03-13,151.8075853210179,151.92881896711074,149.23759480323437,149.6578369140625,155014300
2014-03-14,149.39119564707693,150.15895964638943,149.05984084437327,149.23764038085938,153919600
2014-03-17,149.98916541795407,150.9428181405423,149.92450995101848,150.58721923828125,98359500
2014-03-18,150.89433048111138,151.86413782711975,150.73268564696875,151.66209411621094,101804600
2014-03-19,151.6783184881885,151.8884519365025,149.89225816817032,150.85398864746094,176267300
2014-03-20,150.5226158619562,151.84802256338918,150.25591659296512,151.73487854003906,117241000
2014-03-21,152.37211606992312,153.43549624631208,151.00838289188883,151.14637756347656,163128000
2014-03-24,151.66590649659875,151.85261611675173,149.86383785947143,150.52134704589844,121411000
2014-03-25,151.2843134875383,151.74701225336207,150.3914049499682,151.23561096191406,103852000
2014-03-26,151.82817191136652,152.07169691431358,150.10728335994747,150.1478729248047,119843000
2014-03-27,149.96936980821528,150.44829472828354,149.27938399128766,149.8313751220703,142383000
2014-03-28,150.26155667060135,151.32493667027694,150.17226455838892,150.5700225830078,101642000
2014-03-31,151.5278589932771,152.03926035388295,150.5943607627157,151.80384826660156,99745000
2014-04-01,152.2990538189571,152.89974745163374,151.79577766408326,152.81045532226562,89193000
2014-04-02,153.00519857395923,153.524712770185,152.72108402247204,153.32177734375,78774000
2014-04-03,153.55721640928778,153.59780598223392,152.64806942904775,153.11888122558594,77435000
2014-04-04,153.95500287691146,153.98746710955277,151.0652031100005,151.3087158203125,169381000
2014-04-07,150.94339474396224,151.1950327360269,149.32803638734177,149.63648986816406,140803000
2014-04-08,149.57157579584833,150.4969611762853,149.0277101446108,150.25344848632812,112660000
2014-04-09,150.65931730171053,151.91750746892643,150.22096969373877,151.86880493164062,100254000
2014-04-10,151.86067667525003,151.9337304738207,148.49194034662077,148.67864990234375,172959000
2014-04-11,147.85064995133263,148.88967845737264,147.17690277556972,147.33924865722656,167251000
2014-04-14,148.4919662051237,148.84913468637583,147.28247848639344,148.50009155273438,132382000
2014-04-15,148.80854839218824,149.62840334768433,147.33928497758654,149.5228729248047,157093000
2014-04-16,150.55375548581534,151.09762101576325,149.8881212518451,151.08950805664062,105197000
2014-04-17,150.88659894666026,151.72269217156253,150.6268355750172,151.3005828857422,105255000
2014-04-21,151.34114837015176,151.87690094923428,151.15445121787656,151.82818603515625,68329000
2014-04-22,151.98245104318767,152.93218769591462,151.90128427498706,152.51820373535156,85790000
2014-04-23,152.4613330782689,152.54249981710473,152.03922392325785,152.16098022460938,73869000
2014-04-24,152.90787880816748,152.92411712078834,151.73896802353306,152.46954345703125,88170000
2014-04-25,151.9743326007863,152.06362471292636,150.87847598690394,151.2194061279297,100380000
2014-04-28,151.83637419808696,152.35588868740948,150.13983604863404,151.69837951660156,135121000
2014-04-29,152.18536723550957,152.639940715602,151.86067543150025,152.404541015625,84098000
2014-04-30,152.15287373276558,153.0133179954046,151.9418129531927,152.8590850830078,101508000
2014-05-01,152.78608934894973,153.28936545540054,152.38833128618012,152.87538146972656,93019000
2014-05-02,152.85907861489667,153.5328257169549,152.42885650178167,152.65614318847656,98122000
2014-05-05,151.90935106431834,153.0539099080072,151.487241884892,152.94837951660156,75883000
2014-05-06,152.60749848825412,152.7130289135588,151.58470801060957,151.61717224121094,85454000
2014-05-07,152.12852067898928,152.5830940662579,150.99207482462182,152.51004028320312,106500000
2014-05-08,152.3720809380087,153.4598121358715,151.86067956588272,152.34771728515625,93618000
2014-05-09,152.37206149455747,152.63992539356784,151.6577247340042,152.5749969482422,83679000
2014-05-12,153.25689966480374,154.13358255455125,152.60750355541293,154.06051635742188,86940000
2014-05-13,154.2633842454438,154.57185004908223,154.04422290872768,154.19845581054688,66454000
2014-05-14,154.0604635258058,154.13352969787874,153.24872176398625,153.4678955078125,72367000
2014-05-15,153.15948169801686,153.19195831579083,151.37365169266494,152.12045288085938,154956000
2014-05-16,152.2097845737071,152.71307319045025,151.56851364725222,152.64813232421875,97458000
2014-05-19,152.35584415915645,153.32993199366922,152.21784951800203,153.2081756591797,63839000
2014-05-20,153.13512680603594,153.15136511453886,151.85258531690928,152.24221801757812,111644000
2014-05-21,152.6805312422395,153.59780355428848,152.6561799760965,153.52474975585938,89093000
2014-05-22,153.5653304232436,154.2147264362424,153.30557944976331,153.8981475830078,61549000
2014-05-23,154.0361385488842,154.6205937080226,153.89814391217075,154.51507568359375,61092800
2014-05-27,155.09134561735192,155.51345471069052,155.0020535473417,155.46475219726562,72010000
2014-05-28,155.46480913983154,155.7083341823464,155.09140242314902,155.35116577148438,66723000
2014-05-29,155.70836745106047,156.17916694466268,155.31060938376112,156.15481567382812,64377000
2014-05-30,156.0087026968043,156.5038658304549,155.87882099934177,156.4064483642578,76316000
2014-06-02,156.62567259961074,156.65814922753108,155.8301686224237,156.5850830078125,64656000
2014-06-03,156.20349228075082,156.58501197541577,156.05738468000192,156.50384521484375,65047000
2014-06-04,156.23597935578314,156.90972668326003,156.07363343756936,156.8204345703125,55529000
2014-06-05,156.9990401387674,158.00559240024415,156.4226978066305,157.84324645996094,92103000
2014-06-06,158.18417865173663,158.63875224476135,158.1111248356151,158.59817504882812,78696000
2014-06-09,158.57381610032425,159.14203306409811,158.42769608895335,158.76051330566406,65119000
2014-06-10,158.56565732174462,158.8091823652192,158.22472721535954,158.77671813964844,57129000
2014-06-11,158.20847788177082,158.38706207545764,157.86754779914978,158.22471618652344,68772000
2014-06-12,158.03809472454853,158.12738686415764,156.75554053116446,157.10458374023438,106350000
2014-06-13,157.4130248047067,157.73772907283646,156.9097486718573,157.58349609375,82017000
2014-06-16,157.3886260870458,158.04613500077133,157.2019289305281,157.71331787109375,87424000
2014-06-17,157.4942090066782,158.26536154057905,157.32373771218138,158.15171813964844,84834000
2014-06-18,158.15176018584106,159.40183792842342,157.8027045419103,159.3125457763672,105267000
2014-06-19,159.45043826417188,159.58844527213316,158.93904934497448,159.49102783203125,85929000
2014-06-20,159.88826897277923,159.9453691612935,159.61910903882145,159.8148651123047,100587000
2014-06-23,159.8556348869542,159.90457078956075,159.47228705580287,159.7659149169922,70611000
2014-06-24,159.48047315222843,160.2716369358,158.62405733598,158.80349731445312,96237000
2014-06-25,158.46908359033011,159.68437935030542,158.43646379712285,159.52125549316406,82782000
2014-06-26,159.5456993369236,159.56201545383763,158.33856804185126,159.40704345703125,84312000
2014-06-27,159.03187038984927,159.76594641029976,158.95846652146997,159.71701049804688,71445100
2014-06-30,159.61913615022513,160.00248408077223,159.48048024170538,159.6354522705078,70201200
2014-07-01,160.02692743445715,161.19328716705465,159.9698396905748,160.7039031982422,90470000
2014-07-02,160.7201662021563,161.0708817223135,160.6467623647579,160.86697387695312,52475000
2014-07-03,161.3237454538632,161.73156119512896,161.20140570970298,161.6581573486328,52938800
2014-07-07,161.34820835928952,161.4786999237332,160.85882454459673,161.09535217285156,61696000
2014-07-08,160.80178570562933,160.85888589885965,159.66805813319752,160.0595703125,108143000
2014-07-09,160.45920214554715,160.9241181341996,160.1166383649588,160.7772979736328,72992000
2014-07-10,159.22759465487638,160.56522991978946,159.09709061792145,160.14109802246094,99040000
2014-07-11,160.0432323012992,160.47551605028872,159.68435240880592,160.361328125,64243000
2014-07-14,161.17694455938098,161.38085243861477,161.03828869496792,161.16879272460938,58658000
2014-07-15,161.26663773425645,161.5765816417793,160.15737855767412,160.86697387695312,111307000
2014-07-16,161.58484897171599,161.70718878815856,161.022060924968,161.46250915527344,79986400
2014-07-17,160.96492433648638,161.576648124268,159.39890048767944,159.62728881835938,145398000
2014-07-18,160.14927018547343,161.42165349453325,160.05955021134483,161.25852966308594,124330000
2014-07-21,160.7528791458396,161.08729119297072,160.21455913517306,160.956787109375,67592000
2014-07-22,161.50318537566403,161.9517851801661,161.38899746593157,161.6581573486328,67678000
2014-07-23,161.90285615280482,162.18833216202444,161.57660852416748,162.0170440673828,65612000
2014-07-24,162.17208876529335,162.35968061359898,161.8621446672237,162.0252685546875,56888000
2014-07-25,161.5684422727416,161.70709813549834,160.94856680767333,161.26666259765625,76837000
2014-07-28,161.29924643958563,161.568406270448,160.3694272264003,161.33187866210938,69259000
2014-07-29,161.63372825977837,161.8621041341494,160.6141886614963,160.63865661621094,80466000
2014-07-30,161.20958815868624,161.42166034956927,159.9943049840768,160.66311645507812,104222000
2014-07-31,159.54564405854003,159.6842998903918,157.39237785731638,157.49024963378906,183479000
2014-08-01,157.058014882951,158.03677028877806,156.25054758478004,157.0090789794922,189261000
2014-08-04,157.31082895103688,158.47718836042625,156.64201765424787,158.1427764892578,91340000
2014-08-05,157.49848403427856,157.90629987854592,156.03849634229232,156.60943603515625,152690000
2014-08-06,155.87538950675955,157.32721307516695,155.8509215490771,156.6584014892578,94818000
2014-08-07,157.36794830987236,157.52292029079712,155.41858946436784,155.81008911132812,135733000
2014-08-08,156.1608323801514,157.71867928519558,155.74485229695298,157.61265563964844,117014000
2014-08-11,158.20808338711998,158.7708712568953,157.9960236234512,158.06942749023438,74544000
2014-08-12,157.91443415019725,158.3548697369735,157.3679624731293,157.84918212890625,73632000
2014-08-13,158.46907890496817,159.09711880422367,158.19993139369655,158.9176788330078,69047000
2014-08-14,159.17864310421922,159.6680145263672,159.0318229656907,159.6680145263672,57371000
2014-08-15,160.24717610279959,160.39398384868406,158.48540847886647,159.6354522705078,139951000
2014-08-18,160.51630127407412,161.04645683554003,160.42658130030523,160.97305297851562,75424000
2014-08-19,161.36457146559817,161.93551116268256,161.0383237659934,161.81317138671875,59135000
2014-08-20,161.59292984795903,162.44119368796888,161.56031005975126,162.2454376220703,72763000
2014-08-21,162.3840939130326,162.93056559713935,162.2535898687696,162.718505859375,67791000
2014-08-22,162.58797695134984,162.87345294882488,162.09860552852675,162.46563720703125,76107000
2014-08-25,163.2404623023245,163.6074939306332,162.43298276360764,163.28939819335938,63855000
2014-08-26,163.39549255371094,163.79515654900752,163.3547084814478,163.39549255371094,47298000
2014-08-27,163.47706897456325,163.5912693695964,163.0774173741595,163.33026123046875,47874000
2014-08-28,162.79190916105082,163.3465451244984,162.6287853290547,163.24050903320312,58330000
2014-08-29,163.4933873673491,163.7217632694839,162.97954781032246,163.70545959472656,65907000
2014-09-02,163.9174681781425,163.94193612818935,163.01211668976188,163.62384033203125,72426000
2014-09-03,164.25190901917932,164.2763769735357,163.3057732988948,163.53414916992188,57462000
2014-09-04,163.81143155792589,164.41500336337438,162.8489923377897,163.29759216308594,85236000
2014-09-05,163.26501189922985,164.0969597995343,162.64513622686664,164.03170776367188,102177000
2014-09-08,163.87668858994124,164.11322870758858,163.12630906172328,163.60752868652344,64146000
2014-09-09,163.46075187406367,163.57493981416485,162.23730432488603,162.57171630859375,88591000
2014-09-10,162.661394503325,163.28943428335768,162.12308713741825,163.18341064453125,67251000
2014-09-11,162.53087233451106,163.39543962600933,162.4085201573544,163.3709716796875,66774400
2014-09-12,163.20785047679595,163.2241541442374,161.9517711331373,162.41668701171875,117409300
2014-09-15,162.44116217334317,162.57166619195692,161.80497063953632,162.29434204101562,76401000
2014-09-16,161.99261024857515,163.81146543027336,161.90289026496393,163.51783752441406,116201000
2014-09-17,163.75439900640112,164.49661448140947,162.92245109054548,163.7380828857422,151266000
2014-09-18,164.23558278897806,164.63524676144363,164.02352304909573,164.61077880859375,94990000
2014-09-19,165.1344136857343,165.44579400748606,164.1264882254922,164.46246337890625,121649000
2014-09-22,164.17568025751956,164.20026258768138,162.84817191013886,163.1923370361328,125553000
2014-09-23,162.60223681525116,163.28237670978194,162.20890726911173,162.25807189941406,111393000
2014-09-24,162.28273105470626,163.6348215468331,161.85662905451485,163.52828979492188,107276000
2014-09-25,163.10216043198275,163.11036287598358,160.83230910691128,160.88966369628906,150300000
2014-09-26,161.18462324717908,162.56948553000137,160.9551799403624,162.16795349121094,103547000
2014-09-29,160.7749640313389,162.15982685476516,160.65205239175026,161.87301635742188,95112000
2014-09-30,161.99586428363767,162.495725555665,161.11086338379968,161.44683837890625,131302000
2014-10-01,161.18464293399998,161.2420100195721,158.8983995247949,159.2589569091797,177798000
2014-10-02,159.11971622043185,159.84083133273654,157.62014389038086,159.2836151123047,157285000
2014-10-03,160.34885819755314,161.38136604096098,159.8571991088271,161.03720092773438,121569000
2014-10-06,161.70914342495,161.922206956224,160.26692588459017,160.84872436523438,104778000
2014-10-07,160.02111075324098,160.38166831084084,158.33305719150528,158.36582946777344,147913000
2014-10-08,158.45591216051469,161.3649414098457,157.6282780657793,161.135498046875,186461000
2014-10-09,160.88148372859766,161.10273716699956,157.80856793195136,157.93968200683594,210705000
2014-10-10,157.89868363284594,158.68534295681224,156.09590913638834,156.13687133789062,221909000
2014-10-13,156.07135949951424,156.63676553664666,153.48191263306643,153.57205200195312,230939000
2014-10-14,154.39967796092162,155.54690736765764,153.268840939579,153.80967712402344,215847000
2014-10-15,151.72831191809112,153.8015050286187,149.0733078439919,152.7689971923828,380715000
2014-10-16,150.00748696080387,153.71137907817888,149.86818291594687,152.63790893554688,270391000
2014-10-17,154.39963809192892,155.48950012022763,153.74408038646132,154.44061279296875,214625000
2014-10-20,154.16202385269176,156.06312767901449,154.11285920686723,155.94021606445312,130011000
2014-10-21,157.07108752663473,159.1360907965207,156.90720115683743,159.02957153320312,154949000
2014-10-22,159.30817264229537,159.71789480072704,157.83317037119576,157.8987274169922,151822000
2014-10-23,159.48024246117586,160.77496592961484,159.1852420189527,159.73426818847656,154944000
2014-10-24,159.9965319908685,161.01264763007913,159.37375869803438,160.96347045898438,117927000
2014-10-27,160.38978951896357,160.9797902687859,159.81618115211535,160.74215698242188,82954000
2014-10-28,161.28297872700034,162.59408166252837,161.20921926204636,162.5858917236328,106736000
2014-10-29,162.7006300397205,163.16770667904382,161.26660285164087,162.34007263183594,142557000
2014-10-30,161.90581131217454,163.8478903621699,161.75830483166465,163.3808135986328,113330000
2014-10-31,165.34742902197053,165.380213787962,164.51979498469262,165.2490997314453,146903000
2014-11-03,165.46220608789784,165.89651060474407,164.9623445208465,165.33929443359375,93600000
2014-11-04,164.89674181917516,165.19994465539864,163.93799366984507,164.76564025878906,93343000
2014-11-05,165.9702065136358,166.01118122036854,165.0770154239963,165.8063201904297,91709000
2014-11-06,165.84736525592737,166.56027794136736,165.2327819053811,166.4701385498047,107089000
2014-11-07,166.48647418671993,166.8388416895212,166.0275874420052,166.6257781982422,89540000
2014-11-10,166.65856376537008,167.19938742924273,166.45370271737593,167.1502227783203,66319000
2014-11-11,167.21577287508714,167.42063391458004,166.87979776942467,167.31410217285156,54499400
2014-11-12,166.63400383201974,167.36330876073302,166.60121905784848,167.1338653564453,90120300
2014-11-13,167.2976985628347,167.84672457035467,166.51922922392507,167.32228088378906,85357900
2014-11-14,167.2485595667138,167.56814229184863,166.93716678191166,167.36328125,80417500
2014-11-17,167.0436856660943,167.64187636120127,166.8797868422515,167.46978759765625,80441000
2014-11-18,167.527153610452,168.73992737600364,167.527153610452,168.43673706054688,76068100
2014-11-19,168.2400983005495,168.43676942345024,167.4124641028305,168.16635131835938,82373000
2014-11-20,167.37964675984725,168.5678507035335,167.31408973163718,168.46131896972656,72840300
2014-11-21,170.14941924650242,170.31330561085662,168.789138665279,169.3627471923828,142327300
2014-11-24,169.76428096502727,169.94455971858326,169.5512299397921,169.83802795410156,65880800
2014-11-25,170.06745818349572,170.2723192508624,169.46107742647573,169.71510314941406,79108300
2014-11-26,169.86264925502715,170.2477891801924,169.6495981809121,170.1494598388672,62167800
2014-11-28,170.02650999557414,170.3378903411174,169.5512307796385,169.7888641357422,57890100
2014-12-01,169.13325413904496,169.24797581079363,168.2974301750437,168.6088104248047,103968400
2014-12-02,168.64981235337908,169.9035610054865,168.62523002715943,169.69869995117188,74507200
2014-12-03,169.87080941830797,170.5673295855354,169.70692305565024,170.35427856445312,68952000
2014-12-04,170.06744493595394,170.66564820875078,169.3791148041144,170.16578674316406,91316600
2014-12-05,170.3378652233559,170.8295367545753,170.07564957610492,170.44439697265625,91025500
2014-12-08,170.05104074937088,170.5426997002443,168.74811514580375,169.3053436279297,108588200
2014-12-09,167.46979040238645,169.29715978829483,167.09285311017462,169.1906280517578,125180100
2014-12-10,168.73171189811325,168.7890664744291,166.28975984986093,166.47824096679688,159856400
2014-12-11,167.068255231445,168.96116896727202,166.9289512447958,167.32228088378906,159012800
2014-12-12,166.0521607965465,167.01911138815058,164.5853612808096,164.61813354492188,202330200
2014-12-15,165.51139461355305,165.96209158386563,162.88917474591264,163.48736572265625,189965800
2014-12-16,162.72526524365017,165.85553624951172,162.13526429423763,162.17623901367188,259543800
2014-12-17,162.6105510954629,165.80637930033063,162.48762693144218,165.35568237304688,253910100
2014-12-18,167.77302606332887,174.5170489736125,167.1010757532422,169.44468688964844,257633900
2014-12-19,170.09146758490033,170.83304527947857,169.41582131853647,170.16563415527344,245084600
2014-12-22,170.35515287325197,170.9484100341797,170.11620800944846,170.9484100341797,148318900
2014-12-23,171.52518751296392,171.57462351516708,170.89072948163678,171.1791229248047,122167900
2014-12-24,171.40156358298128,171.66522640012536,171.1543710481537,171.19557189941406,42963400
2014-12-26,171.64054568327762,172.08549485715466,171.5911096801218,171.74766540527344,57326700
2014-12-29,171.56634916500434,172.1843241967947,171.50043031955192,171.97833251953125,79643900
2014-12-30,171.55817763276545,171.6900027998129,170.98139066438497,171.05555725097656,73540800
2014-12-31,171.37689873891466,171.54168962233103,169.23457953628642,169.35816955566406,130333800
2015-01-02,170.05026505754233,170.46224844022055,168.23752811557006,169.26748657226562,121465900
2015-01-05,168.2293181695571,168.39410903276186,165.90573808107496,166.21060180664062,169632600
2015-01-06,166.5154147459059,167.0345177507774,163.85400602729024,164.64501953125,209151400
2015-01-07,165.96344714809652,167.0346068627928,165.51851045850196,166.69677734375,125346700
2015-01-08,168.09748816790014,169.869024603716,168.0810178817393,169.65478515625,147217800
2015-01-09,170.06676614689192,170.0832490055506,167.68550226657175,168.2952423095703,158567300
2015-01-12,168.42705729628014,168.58361300055998,166.3753754296801,166.97686767578125,144396100
2015-01-13,168.18818126136952,169.30877715908184,165.2136591590204,166.50729370117188,214553300
2015-01-14,164.5050085458786,165.69977076877643,163.61513523893473,165.50201416015625,192991100
2015-01-15,166.13643959644816,166.44953844924805,163.87053076429905,163.9858856201172,176613900
2015-01-16,163.77991338204083,166.293015081969,163.59863964809597,166.13645935058594,211879600
2015-01-20,166.77088362357995,167.0345590476675,164.93344108813844,166.49073791503906,130991100
2015-01-21,166.02930772449517,167.80907900341523,165.56788833501264,167.3311767578125,122942700
2015-01-22,168.08102454992158,169.95142049511813,166.71323638005796,169.81959533691406,174356000
2015-01-23,169.56418101828424,169.81962137592882,168.7566967947412,168.88853454589844,117516800
2015-01-26,168.6742387167544,169.37460290975088,167.96562680971778,169.28396606445312,92009700
2015-01-27,167.24058005329104,168.18813705752373,166.22710418148955,167.0510711669922,134044600
2015-01-28,168.2293383965425,168.32821041180577,164.7192435545721,164.90875244140625,168514300
2015-01-29,165.10648776880188,166.68850267284625,163.70573401180317,166.43307495117188,173585400
2015-01-30,165.263092207484,166.58143206313224,164.0765775364822,164.34024047851562,197729700
2015-02-02,164.83453727979213,166.4659877900949,163.03004823423376,166.37535095214844,163107000
2015-02-03,167.265291155787,168.7896350451689,166.89450854215673,168.78138732910156,124212900
2015-02-04,168.02328652331434,169.22628342706494,167.68545716173728,168.13864135742188,134306700
2015-02-05,168.79786576480814,169.9843801555203,168.72371175857302,169.8360595703125,97953200
2015-02-06,170.1985500610674,170.7588539236827,168.84724525123838,169.36634826660156,125672000
2015-02-09,168.72364644860298,169.44049337687204,168.2045434604177,168.60829162597656,87219000
2015-02-10,169.63828844574928,170.65999922902105,168.64951822966802,170.40457153320312,96164200
2015-02-11,170.23981611142796,170.93194534851392,169.59712288088554,170.50347900390625,91087800
2015-02-12,171.2945186345204,172.2008874668353,170.53647041692065,172.14320373535156,97545900
2015-02-13,172.26675145476713,172.90119686249804,172.0113111759659,172.8517608642578,93670400
2015-02-17,172.53866570677582,173.29672632702625,172.29148569227814,173.12368774414062,76968200
2015-02-18,172.75285611684987,173.21427544326295,172.48918074590887,173.14012145996094,80652900
2015-02-19,172.54693165380414,173.37913379359748,172.40685877320954,173.01658630371094,91462500
2015-02-20,172.60458920743812,174.1289330590768,171.98661400910962,174.05477905273438,140896400
2015-02-23,173.80758522426862,174.03005981445312,173.42855490664826,174.03005981445312,74411100
2015-02-24,173.9558445140973,174.7221400777799,173.65921600117727,174.52438354492188,72472300
2015-02-25,174.4008318920485,174.87873418858408,174.0382844551776,174.37611389160156,73061700
2015-02-26,174.28547509764192,174.4420308138925,173.56861537442805,174.1701202392578,72697900
2015-02-27,174.0712310836819,174.33490650889712,173.52742252146405,173.5768585205078,108076000
2015-03-02,173.6757241148662,174.7304006313667,173.62628811764523,174.6727294921875,87491400
2015-03-03,174.2442955672373,174.72219791696278,173.09898198568862,173.95590209960938,110325800
2015-03-04,173.36260702480507,173.43677359094355,172.2584945472415,173.2225341796875,114497200
2015-03-05,173.54396508735488,173.6922857189983,172.90951940506358,173.41213989257812,76873000
2015-03-06,172.55509798887175,172.9835641763117,170.64350185820675,170.97308349609375,188128000
2015-03-09,171.17089197093955,172.03604717614132,171.01433624497355,171.68174743652344,89818900
2015-03-10,170.3221848910408,170.40457402843026,168.85551240177332,168.89671325683594,157121300
2015-03-11,169.1521796176192,169.3252182193374,168.41884949174425,168.50125122070312,110145700
2015-03-12,169.12747624118268,170.70949150665908,169.07804022862712,170.64358520507812,93993500
2015-03-13,170.37162249544068,171.327414449138,168.56713315220063,169.5970916748047,162410900
2015-03-16,170.32223797593045,171.9536892484566,169.62186093978443,171.86305236816406,136099200
2015-03-17,171.12969825417974,171.73119060870866,170.54467618631773,171.3521728515625,94510400
2015-03-18,170.88255459088012,174.07955130311979,170.2480963358473,173.41213989257812,228808500
2015-03-19,173.0001241179241,173.42034277938714,172.23382823791596,172.62109375,117917300
2015-03-20,173.56541124859362,174.64962400770247,173.38332836688056,174.14476013183594,177715100
2015-03-23,174.15305982486876,174.72413689693036,173.80545043945312,173.80545043945312,71784500
2015-03-24,173.68125420208654,174.13644870721097,172.76256803309096,172.8287811279297,77805300
2015-03-25,173.0357187365326,173.26745828942722,170.25483147293886,170.29620361328125,159521700
2015-03-26,169.63407240858214,170.801041900528,168.9388412251926,169.89064025878906,153067200
2015-03-27,169.77478398768255,170.45344616516104,169.58441658852533,170.27964782714844,118939000
2015-03-30,171.30586724436205,172.65493191643938,171.28932344596075,172.3569793701172,96180400
2015-03-31,171.53765469925668,172.2328859210729,170.79277943949455,170.8507080078125,126768700
2015-04-01,170.8176285089476,170.84245684536316,169.26165207299155,170.24655151367188,137303600
2015-04-02,170.18034913276153,171.30594676035847,169.99826623499885,170.85902404785156,86900900
2015-04-06,169.9734482092837,172.5225963037585,169.8410346083079,172.00946044921875,114368200
2015-04-07,172.03424998076227,172.77912525505417,171.52111424197705,171.55421447753906,81236300
2015-04-08,171.77766375496878,172.5721956121277,171.38866972718148,172.133544921875,89351900
2015-04-09,171.9680309038624,173.12672854112427,171.4797235159347,172.89498901367188,85548900
2015-04-10,173.1433128000492,173.87991626544922,172.94468610394253,173.83853149414062,72722900
2015-04-13,173.6978233352913,174.32684151356358,173.0026046813825,173.05226135253906,74436600
2015-04-14,172.85363907821247,173.56541418362028,172.23290541520072,173.38333129882812,75099900
2015-04-15,173.846819433349,174.66617982856766,173.76404988910943,174.16131591796875,99529300
2015-04-16,173.8302980349813,174.61655834829395,173.63165866608534,174.1116943359375,68934900
2015-04-17,172.9281530259111,173.1681645257431,171.3307915654402,172.10877990722656,191113200
2015-04-20,173.0274735235105,174.01237316154683,172.94471659516188,173.6813201904297,92189500
2015-04-21,174.35993865494333,174.51719319671872,173.17641258386848,173.474365234375,72559800
2015-04-22,173.81364921233217,174.50888031951084,172.894963141385,174.32679748535156,78264600
2015-04-23,173.92960385636235,175.41109558208242,173.81373405341733,174.76553344726562,102585900
2015-04-24,175.17928977894266,175.4358576293068,174.72408264336593,175.17100524902344,61327400
2015-04-27,175.73387326822882,175.8580149729737,174.25238157101384,174.4427490234375,79358100
2015-04-28,174.41790446824817,175.04691009525052,173.25092203668677,174.99725341796875,86863500
2015-04-29,174.11162159184946,174.87305324453058,173.47434422867968,174.27716064453125,125684900
2015-04-30,173.70612282130784,174.0951169506686,171.83563718765157,172.53086853027344,161304900
2015-05-01,173.30885448866758,174.44273670365686,173.20954113188554,174.40135192871094,103399700
2015-05-04,174.8233905609093,175.47723696146258,174.71580533499838,174.89788818359375,70927200
2015-05-05,174.65787643144472,175.013770252869,172.75429091692274,172.89498901367188,113326200
2015-05-06,173.44128197674513,173.74750658162085,171.12387348040323,172.18325805664062,135060200
2015-05-07,172.0839485085861,173.29231577668872,171.75289555700596,172.87020874023438,88244900
2015-05-08,174.53377577862886,175.3448643153034,174.4510062298649,175.14622497558594,155877300
2015-05-11,175.10477079821692,175.36961049824325,174.23574145875236,174.3102264404297,75708100
2015-05-12,173.48263957883145,174.3268408719613,172.66326662118848,173.7888641357422,119727600
2015-05-13,174.19441336639656,174.8151470066639,173.59023615928334,173.8219757080078,94667900
2015-05-14,174.83173533709504,175.72559345762346,174.5586109700841,175.63455200195312,95934000
2015-05-15,175.82489013671875,175.96558825870497,175.34485456407552,175.82489013671875,76510100
2015-05-18,175.65939477626873,176.6194534626661,175.59318165498934,176.3711700439453,74549700
2015-05-19,176.487043447385,176.76016784240818,176.0318361223463,176.313232421875,72114600
2015-05-20,176.4124808780878,176.93390113389245,175.87451681935968,176.18902587890625,76857500
2015-05-21,176.04836026972717,176.90910544830965,175.88282117908557,176.7021942138672,64764600
2015-05-22,176.32149299834063,176.73531551654153,176.21390773123392,176.28012084960938,57433500
2015-05-26,175.79179009395935,176.2138971195759,173.97097364929775,174.38479614257812,124308600
2015-05-27,174.84003245236724,176.2718549808661,174.43448179519967,176.0401153564453,93214000
2015-05-28,175.73384804161094,175.94903117523288,175.15449912119854,175.84144592285156,74974600
2015-05-29,175.7752313862801,175.81660352901272,174.48410733731347,174.7489471435547,124919600
2015-06-01,175.41108300665405,175.74213595451732,174.31858554675645,175.1048583984375,93338800
2015-06-02,174.64967973513563,175.6180230265762,174.02894588455612,174.9310760498047,91531000
2015-06-03,175.46071383801245,176.01523438986766,174.90619328615722,175.39450073242188,87820900
2015-06-04,174.69101312012216,175.34484702699578,173.59851580268213,173.91302490234375,151882800
2015-06-05,173.76403654187754,174.28545684704468,172.96122001408557,173.6150665283203,121704700
2015-06-08,173.50746485022844,173.65644748937723,172.4729087936828,172.54739379882812,89063300
2015-06-09,172.5225830078125,173.06055978923862,171.89357740785732,172.5225830078125,105034700
2015-06-10,173.28402474351776,174.9724275682748,173.22609616215163,174.59170532226562,134551300
2015-06-11,175.03032567825258,175.53518953133928,174.7985861354119,175.15447998046875,73876400
2015-06-12,174.33517169988625,175.030390586222,173.5406268091721,173.81375122070312,135382400
2015-06-15,172.67979259526953,173.35018279288178,171.97628953694334,173.06878662109375,124384200
2015-06-16,172.9198318415462,174.09509863781517,172.74603349581696,174.0123291015625,85308200
2015-06-17,174.293701171875,174.89789091932678,173.27570168706376,174.293701171875,126708600
2015-06-18,174.8896384756267,176.56975658039715,174.32684601617157,176.1062774658203,165867900
2015-06-19,175.8651175741638,175.93996490246164,174.95027459400237,175.32452392578125,130478700
2015-06-22,176.23935425368018,176.80488428060616,176.0147995946178,176.22271728515625,70696000
2015-06-23,176.4306300357443,176.6801337954622,175.95658431353976,176.3474578857422,68476800
2015-06-24,176.08136621074453,176.45561558246334,175.04177757247513,175.0667266845703,92307300
2015-06-25,175.56568477605794,175.69043030134037,174.4595612541665,174.53440856933594,97107400
2015-06-26,174.89200265232557,175.13319422979956,173.9522235157458,174.50112915039062,104174800
2015-06-29,173.02911037205925,174.50948336281797,170.7669648083695,170.84181213378906,202621300
2015-06-30,172.37206314597526,172.42197404736314,170.7253587282307,171.1994171142578,182925100
2015-07-01,172.76299706736512,173.01250088201408,171.7899436114962,172.57171630859375,135979900
2015-07-02,173.04575899493275,173.21209062605203,171.99784560733022,172.41368103027344,104373700
2015-07-06,171.1328586031996,172.69639066240822,170.93325309572606,171.92294311523438,117975400
2015-07-07,172.12256625817042,173.12888065535947,169.75229978892563,173.00413513183594,173820200
2015-07-08,171.67354240014103,171.95630752099424,169.86881768369298,170.1016845703125,164020100
2015-07-09,172.18909176169095,172.4469203319704,170.30120845774883,170.40931701660156,144113100
2015-07-10,172.39701898396842,172.97087381460608,170.45091253333575,172.55503845214844,129456900
2015-07-13,173.81090769210834,174.56771857403146,173.76932160863564,174.45960998535156,106069400
2015-07-14,174.4179728969849,175.52409640438327,174.359749859091,175.21636962890625,81709600
2015-07-15,175.25793849896726,175.71535985792673,174.68408376593501,175.15814208984375,97914100
2015-07-16,176.20603473380666,176.56365966796875,175.96485585889977,176.56365966796875,106683300
2015-07-17,176.5553899401361,176.771632471626,176.14787936670868,176.71340942382812,89030000
2015-07-20,176.93797150333708,177.29558387379078,176.48887483272011,176.80490112304688,70446800
2015-07-21,176.67183808770818,176.92966671909812,175.80690596044315,176.10630798339844,77965000
2015-07-22,175.42426982254415,176.12288275625107,175.39100858298002,175.7902069091797,88667900
2015-07-23,175.92337438541236,176.02317084949414,174.44300094683192,174.8006134033203,90509100
2015-07-24,174.90042530921906,174.95863568408487,172.65491600000175,172.98757934570312,117755000
2015-07-27,172.10591359794236,172.61323316448957,171.54037099886844,171.9811553955078,132361100
2015-07-28,172.8128782471972,174.23504096722047,171.98953223744314,174.09365844726562,123544800
2015-07-29,174.21839731668058,175.51580174678963,174.0770148021471,175.291259765625,105791300
2015-07-30,174.7839494162609,175.49918685706012,174.1685084168741,175.33285522460938,91304400
2015-07-31,175.8318623995017,175.85681151159687,174.78396162063086,175.0667266845703,103266900
2015-08-03,175.03341153626167,175.09162188312953,173.5280769917199,174.47618103027344,113965700
2015-08-04,174.40138199041337,174.85880351507456,173.65288327027008,174.13525390625,81820800
2015-08-05,175.02505631581747,175.74029346212848,174.4262525333113,174.7090301513672,85786800
2015-08-06,174.8920254646675,175.00014671627855,172.6964153299862,173.27859497070312,116030800
2015-08-07,173.12060983404416,173.2703044979984,172.04774731454444,172.94595336914062,117858000
2015-08-10,174.0520309536673,175.20805263850974,174.0520309536673,175.12489318847656,80270700
2015-08-11,173.7942272588926,174.21006260904733,172.78790012779152,173.5447235107422,126081400
2015-08-12,172.24736322543484,173.9356541628801,170.79193912830678,173.752685546875,172123700
2015-08-13,173.59463308337382,174.2766091935983,172.99582912473872,173.5364227294922,89383300
2015-08-14,173.34509856164604,174.24330434022679,173.20371608126106,174.16845703125,72786500
2015-08-17,173.5779627760793,175.14149475097656,173.12054144421364,175.14149475097656,79072600
2015-08-18,174.8670525394674,175.21635266214506,174.40131904256387,174.63418579101562,71692700
2015-08-19,173.89403946974545,174.6591750606617,172.44694044161014,173.253662109375,172946000
2015-08-20,171.7483330321831,173.22870604693054,169.57767172781692,169.63589477539062,194327900
2015-08-21,167.7729763340102,169.6109747078585,164.27164875894206,164.5294647216797,346588500
2015-08-24,155.92993952821706,164.23832145522258,151.69672614502622,157.60159301757812,507244300
2015-08-25,162.53341809100982,162.55005506026404,155.45590416290756,155.7469940185547,369833100
2015-08-26,159.74731938075684,162.00114000948767,156.66181531070703,161.72669982910156,339257000
2015-08-27,163.85580648970432,165.85181160061163,162.35048417077047,165.72706604003906,274143900
2015-08-28,165.08663417206137,166.20106986589136,164.604263642578,165.73533630371094,160414400
2015-08-31,164.7622841872376,165.610591861225,163.84744133388966,164.39634704589844,163298800
2015-09-01,160.6122191096949,161.9844831873683,158.62452692168858,159.48947143554688,256000400
2015-09-02,161.85977286453277,162.5583860063134,160.03009957669445,162.5167999267578,160269300
2015-09-03,163.22365769531467,164.71235508747648,162.1424961317428,162.6331787109375,152087800
2015-09-04,160.38769024511666,161.22767303477093,159.35641406857826,160.17144775390625,207081000
2015-09-08,162.9575352677576,164.34642361175145,162.3171453686945,164.19671630859375,116025700
2015-09-09,165.76860907508595,165.89335460326328,161.6352047043079,162.00112915039062,149347700
2015-09-10,161.80985857660508,164.02210581026137,161.55204267536854,162.88272094726562,158611100
2015-09-11,162.49182165376186,163.68942946439893,161.78489649906183,163.62289428710938,119691200
2015-09-14,163.7975654478636,163.84746366661327,162.53342224828344,163.0157928466797,79452000
2015-09-15,163.51476423281335,165.49414440715805,162.97418339559007,165.05335998535156,113806200
2015-09-16,165.3527809302056,166.6751343476377,165.01179288461722,166.4838409423828,99581600
2015-09-17,166.35081079923904,168.73770213278615,165.73536978756877,166.109619140625,276046600
2015-09-18,163.61249308192924,166.0953850699589,162.98549719208262,163.39512634277344,223657500
2015-09-21,164.22271746071192,165.25934219794968,163.19444807397244,164.23944091796875,105726200
2015-09-22,162.08260246227937,162.56748075732094,160.97908370330285,162.10768127441406,153890900
2015-09-23,162.27490916401717,162.7430640899207,161.27171821475747,161.8485565185547,92790600
2015-09-24,160.6363250984917,161.723120411968,159.30709701235185,161.26332092285156,159378800
2015-09-25,162.71799768227325,163.01895626562967,160.3521312990509,161.22157287597656,155054800
2015-09-28,160.32697967158322,160.43566300840956,156.86596391285235,157.17527770996094,178515900
2015-09-29,157.39267977135148,158.62159264192638,156.2724375057759,157.26727294921875,159045600
2015-09-30,159.14826840780825,160.36882598691992,158.3707996481362,160.20162963867188,163452000
2015-10-01,160.5778113747788,160.92057215200472,158.68846855841454,160.61961364746094,131079000
2015-10-02,158.64667341224848,163.0439997119208,158.10326935549577,163.0189208984375,211003300
2015-10-05,164.2394859605399,166.14555241022586,164.13080259295467,165.91983032226562,126320800
2015-10-06,165.78610019265616,166.34621508818907,164.69094922107192,165.35137939453125,110274500
2015-10-07,166.27929262132514,167.05677410065115,165.09218202151945,166.70565795898438,124307300
2015-10-08,166.32109359413064,168.49468427079015,166.02013508130491,168.21044921875,153055200
2015-10-09,168.35262382120783,168.787331898908,167.6838254819349,168.31082153320312,107069200
2015-10-12,168.3860304474352,168.6702655493343,167.95967779458655,168.46963500976562,56395600
2015-10-13,167.74224477755916,169.00460428628983,167.24065587049776,167.40785217285156,88038700
2015-10-14,167.34936598496148,167.926204207173,166.31274101172406,166.60533142089844,99106200
2015-10-15,167.26580186118926,169.17186853737633,166.89796219451011,169.16351318359375,134142200
2015-10-16,169.5648232186653,169.9493736749996,168.80406490529487,169.9326629638672,114580100
2015-10-19,169.28884808857345,170.0161590576172,168.979534275304,170.0161590576172,76523900
2015-10-20,169.58151988458505,170.40914642421916,169.3307189382881,169.7988739013672,78448500
2015-10-21,170.2167982419863,170.36727109148612,168.5782438175122,168.74545288085938,102038000
2015-10-22,169.69017062421008,171.80523582065535,168.74550545453735,171.5962371826172,174911700
2015-10-23,173.25986464451492,173.84505825852705,172.465672400051,173.4772186279297,144442300
2015-10-26,173.30164315856112,173.36015613380692,172.68300270499742,173.05084228515625,69033000
2015-10-27,172.38207097188328,173.0508691527118,172.0393101502223,172.7164764404297,77905800
2015-10-28,173.05085883359754,174.70612434633904,172.39042880152962,174.68104553222656,135906700
2015-10-29,174.17949090915843,174.94860445852228,174.0624521680871,174.5807647705078,90525500
2015-10-30,174.7729858520625,175.0906678035745,173.66947988597488,173.82830810546875,131076900
2015-11-02,174.1544309869075,176.07720869081714,174.0290241216955,175.8849334716797,86270800
2015-11-03,175.53373275768294,176.94656523463198,175.30801071391454,176.39480590820312,95246100
2015-11-04,176.6873953955032,176.81278943444195,175.32472064315408,175.85975646972656,96224500
2015-11-05,175.91828149446698,176.37808092919406,174.79805214895825,175.6842041015625,78408700
2015-11-06,175.3415274766989,175.82640591825935,174.27145531472624,175.59231567382812,110471500
2015-11-09,174.98202035351434,175.13250600846715,173.00907266992726,173.95375061035156,131008700
2015-11-10,173.47718384559877,174.388427386424,173.20967228551413,174.35498046875,75874600
2015-11-11,174.6224971230366,174.67265474108532,173.6025830351762,173.66946411132812,67846000
2015-11-12,172.63287117466905,173.10102607244553,171.2284064813396,171.2451171875,121315200
2015-11-13,170.83545668590742,171.10296825429884,169.2387043583204,169.32229614257812,153577100
2015-11-16,169.13839960000348,171.95569675375208,169.02134813351492,171.8971710205078,117645200
2015-11-17,172.2065255564367,173.08430964732463,171.27857107623493,171.7718048095703,121123700
2015-11-18,172.24836431240416,174.63930996916028,172.20657477709537,174.4971923828125,121342500
2015-11-19,174.38002228908604,174.7645852231941,174.0539850703622,174.34658813476562,88220500
2015-11-20,175.0990180715506,175.65913276814356,174.6057844552427,174.9819793701172,94011500
2015-11-23,175.04054359954463,175.5421326776157,174.32158777367135,174.78138732910156,64931200
2015-11-24,173.7781912351542,175.41674624331006,173.39364086749754,175.01547241210938,98874400
2015-11-25,175.14082931646865,175.34147256760596,174.73118746232842,174.9903564453125,51980100
2015-11-27,175.0823261519101,175.39165279848365,174.6058159088999,175.19100952148438,37317800
2015-11-30,175.3498668319891,175.46690556539272,174.35503121992556,174.46371459960938,112822700
2015-12-01,175.09069429523274,176.24437081474125,174.81481457290403,176.1273193359375,97858400
2015-12-02,176.0771509151852,176.3948328952947,174.0791246452473,174.32992553710938,108441300
2015-12-03,174.58075868758107,174.84827033373773,171.16989909429094,171.88885498046875,166224200
2015-12-04,171.88887666787176,175.5338141950342,171.88887666787176,175.2412109375,192913900
2015-12-07,174.9151251015423,175.33312235019997,173.21805729249317,174.17945861816406,102027100
2015-12-08,172.62449815934227,174.12927796072816,172.03093648850808,173.00904846191406,103372400
2015-12-09,172.37371691936968,174.4553351681212,170.69335972337288,171.66311645507812,162401500
2015-12-10,171.72993003261107,173.41027381170593,171.4958526730235,172.1061248779297,116128900
2015-12-11,169.999466377622,170.65989634100308,168.461226986545,168.7705535888672,211173300
2015-12-14,168.92938116765745,169.7486520430947,167.15706450560026,169.6232452392578,182385200
2015-12-15,171.12806621577792,172.30682148520253,169.5981947981496,171.40394592285156,154069600
2015-12-16,172.5241724062137,174.21288478499454,171.21166773895928,173.91192626953125,197017000
2015-12-17,174.2212403367473,174.28812142428936,171.24510210057215,171.26182556152344,173092500
2015-12-18,170.52345188854935,170.65799730563018,168.05099859513368,168.21078491210938,251393500
2015-12-21,169.37975636885284,169.775013261799,168.26966990385102,169.59840393066406,99094300
2015-12-22,170.48140418132726,171.43170419116151,169.49747102460722,171.13735961914062,111026200
2015-12-23,172.13811564780246,173.29865811337848,172.0456084537032,173.25660705566406,110987200
2015-12-24,173.00427280217568,173.51726478825648,172.75197934748087,172.9706268310547,48539600
2015-12-28,172.28109485418102,172.61747768253213,171.5074040832276,172.575439453125,65899900
2015-12-29,173.66871249584628,174.745153084243,173.63507934153938,174.41717529296875,92640700
2015-12-30,174.1732746058439,174.25737672780107,173.03796012033254,173.18092346191406,63317700
2015-12-31,172.50813170157173,173.14726410227843,171.44850158691406,171.44850158691406,114877900
2016-01-04,168.60606005038835,169.0601781507124,167.008209539375,169.05177307128906,222353500
2016-01-05,169.3713254091288,169.79181034096098,168.23602379249098,169.3376922607422,110845800
2016-01-06,166.79790921071645,168.24437796512953,166.17559991249593,167.2015838623047,152112600
2016-01-07,164.26662582004272,166.0410725383736,162.80333380862086,163.190185546875,213436100
2016-01-08,164.1489317141223,164.70397497816032,161.11302958663285,161.39895629882812,209817200
2016-01-11,162.31558354036966,162.65197917431388,159.63290054068452,161.5587158203125,187941300
2016-01-12,162.99678665271762,163.61069106589846,160.74298072437495,162.8622283935547,172330500
2016-01-13,163.52655378276137,163.87135443565572,158.42187443317707,158.80030822753906,221168900
2016-01-14,159.4058037645922,162.52579405915853,157.81637159909005,161.4073028564453,240795600
2016-01-15,157.06791728404644,158.74143880451985,156.01670514015936,157.94252014160156,324846400
2016-01-19,159.7506058262848,159.87674614522953,156.58855162149578,158.1527557373047,195244400
2016-01-20,155.60465563792062,157.68185226499943,152.232371043732,156.1260528564453,286547800
2016-01-21,156.597024650623,158.8339950310881,155.27669563076464,157.0006866455078,195772900
2016-01-22,159.59926579231154,160.42341269715334,158.8423980189931,160.22158813476562,168319600
2016-01-25,159.71700140431025,159.9104208877375,157.60617158102588,157.79959106445312,130371700
2016-01-26,158.45552839379948,160.22997518752416,158.11914560620974,159.95245361328125,141036800
2016-01-27,159.43107369909765,161.09619049260044,157.31182597779636,158.211669921875,185681700
2016-01-28,159.75064189917398,159.95246645505898,157.39592370045483,159.0358123779297,143798800
2016-01-29,159.80110316157138,163.0472474720097,159.68336788946976,162.91268920898438,210529300
2016-02-01,161.91193859132608,163.6359295035617,161.33166729007863,162.85382080078125,136061600
2016-02-02,161.43258688019307,161.44099195956736,159.3974284395795,159.91883850097656,182564900
2016-02-03,160.97002488710882,161.28117959209968,157.34544727362672,160.8775177001953,205054900
2016-02-04,160.38135915486075,162.09693193226437,159.75063179325662,161.12982177734375,139531800
2016-02-05,160.61682760894226,161.18868091665482,157.42954486331232,158.06027221679688,180788300
2016-02-08,156.22693117218924,156.52126284227845,153.7292503538824,155.93258666992188,191526700
2016-02-09,154.20023904512558,157.21091278145332,154.06568078343693,155.9410400390625,184513100
2016-02-10,156.76520850756006,158.3882743210522,155.68035010646386,155.80650329589844,148214100
2016-02-11,153.34244670274717,154.82256192212859,152.29123433997384,153.77975463867188,219058900
2016-02-12,155.5457773093388,156.9670054690548,154.70480752309757,156.9501953125,127632400
2016-02-16,158.7498379541821,159.624440708382,157.7911331055381,159.59921264648438,120250700
2016-02-17,160.75981426882714,162.57631239023576,160.63366108051162,162.20628356933594,136009500
2016-02-18,162.47540840568837,162.53428246766302,161.23077634529034,161.54193115234375,102343000
2016-02-19,160.76819530757712,161.61757018695062,160.1626960243193,161.46620178222656,114793000
2016-02-22,163.0388675791757,163.94711681811626,162.97158843197434,163.8041534423828,103640300
2016-02-23,163.14815956732068,163.41727609306477,161.61758819956123,161.73533630371094,111455300
2016-02-24,160.31407141872498,162.75287861972492,159.21240307277986,162.47535705566406,150812200
2016-02-25,162.92105370829415,164.45162469656563,162.16418612361468,164.44320678710938,110728300
2016-02-26,165.30947943673962,165.40197381805424,163.90504824121246,164.06483459472656,129833700
2016-02-29,164.08164316183976,165.02352537488105,162.58471771660658,162.77813720703125,125918100
2016-03-01,163.99754130870676,166.6886553484673,163.52660020140348,166.60455322265625,141799700
2016-03-02,166.2933794558025,167.4034529630207,165.8812996179015,167.35299682617188,102415000
2016-03-03,167.17639213163855,168.02577989932098,166.6045387886515,168.0089569091797,95172200
2016-03-04,168.2023971837878,169.32930668334234,167.37825021549065,168.55560302734375,129293600
2016-03-07,167.63889712662322,169.09378394860045,167.56321293325217,168.6901092529297,100219000
2016-03-08,167.62203079469816,168.1266047469141,166.68855422609744,166.84832763671875,123974900
2016-03-09,167.65575391387418,168.01736479878008,166.87364526149202,167.67257690429688,94801200
2016-03-10,168.16034755805737,169.09382466427428,165.9906436670618,167.80712890625,156838700
2016-03-11,169.253560077013,170.55706570058754,167.79028098675542,170.5150146484375,137964500
2016-03-14,170.0104448295785,170.7504894710284,169.6824671459798,170.29637145996094,73612000
2016-03-15,169.3376611930471,170.32159421315438,169.07696263628955,170.0188446044922,93169100
2016-03-16,169.53954340704055,171.4064976824676,169.4974923440082,171.00282287597656,129303200
2016-03-17,170.91874449403795,172.5922665527953,170.5234875742287,172.0876922607422,134278500
2016-03-18,172.58641104437726,173.1020490765055,172.27365143252433,172.76393127441406,138372400
2016-03-21,172.50184137839855,173.23725449310788,172.2736048296266,173.00901794433594,72926700
2016-03-22,172.2398433714082,173.48244636922675,172.07924578866994,172.9160919189453,97471900
2016-03-23,172.53570440818353,172.72167307934697,171.6058610523664,171.77493286132812,81052500
2016-03-24,170.75208193230722,171.73264153802145,170.53230666828148,171.69882202148438,84360900
2016-03-28,172.1130373151868,172.32436416160795,171.35226582741745,171.80027770996094,62408200
2016-03-29,171.39443359033177,173.49925255215751,171.09012257052999,173.3893585205078,92922900
2016-03-30,174.38689252345583,174.86871096060034,173.78671868598366,174.15020751953125,86365300
2016-03-31,174.0572695049873,174.47992325276394,173.56698960976212,173.72760009765625,94584100
2016-04-01,172.73853216040445,175.09693358242268,172.42575972428358,174.9109649658203,114423500
2016-04-04,174.8348995022013,175.03777788495927,174.04030862602207,174.34461975097656,63497000
2016-04-05,173.0090306052794,174.3530660161623,172.34969199245515,172.60328674316406,99662200
2016-04-06,172.6032803113297,174.54748946316312,172.42576012293907,174.48831176757812,91839800
2016-04-07,173.4063849361208,173.76141254835287,171.67350193245986,172.4004669189453,113859000
2016-04-08,173.57538089461733,174.0064958303684,172.33277825338988,172.86532592773438,95040600
2016-04-11,173.4992423146061,174.19240016817193,172.36653415709884,172.4595184326172,83757500
2016-04-12,172.62866916231863,174.3446420620173,172.18910572594083,174.06568908691406,115350600
2016-04-13,174.9785911119901,175.90843419511936,174.84333886383234,175.8238983154297,96336400
2016-04-14,175.88309621601945,176.33110805344006,175.4858007528931,175.83236694335938,65212900
2016-04-15,175.83235650917135,175.96760876484055,175.3167185705019,175.637939453125,75761600
2016-04-18,175.63797682421827,176.9059379695842,174.97863806049742,176.87213134765625,82531000
2016-04-19,177.29479905539543,177.68363328090962,176.6185504781552,177.43003845214844,88316100
2016-04-20,177.47222573509046,178.2921746662942,176.99885581570746,177.59902954101562,81100300
2016-04-21,177.61598874235912,177.72588283306285,176.3733858186248,176.64389038085938,85695000
2016-04-22,176.28886281670205,176.91438204472652,175.74786659060032,176.64389038085938,99251700
2016-04-25,176.04372158929198,176.38185230196618,175.4350992048462,176.33958435058594,66166500
2016-04-26,176.70302576233865,177.10878253811143,176.1282230108752,176.60159301757812,75864200
2016-04-27,176.221228535998,177.35393731670564,175.8662009882404,176.96510314941406,77329400
2016-04-28,176.21280814152047,177.3116975791628,174.94484688420798,175.35903930664062,97216200
2016-04-29,174.7419313037964,175.08851040274934,173.313359860416,174.41226196289062,142424100
2016-05-02,174.91099343793363,175.97607604409657,174.47989133746998,175.79856872558594,62188000
2016-05-03,174.57283525816314,174.80952022697704,173.52464975458471,174.26852416992188,106422100
2016-05-04,173.27955089445425,174.00651570023666,172.79771953438598,173.29644775390625,92243800
2016-05-05,173.7613318716984,174.1163593190927,172.8399501940538,173.26260375976562,67619200
2016-05-06,172.49336305997522,173.9388438619898,172.34121397469085,173.89657592773438,89315000
2016-05-09,173.769776395584,174.4713698962665,173.5922562398702,174.04026794433594,74374900
2016-05-10,174.74190681182824,176.22119442364584,174.6742806874843,176.20428466796875,77472200
2016-05-11,175.747840344403,176.28037516192643,174.5559539794922,174.5559539794922,81727000
2016-05-12,175.22368366224313,175.3927553821937,173.6006957579357,174.6066131591797,89586300
2016-05-13,174.31077329612208,174.86021772192612,172.76385983936106,173.08506774902344,96474600
2016-05-16,173.25419568506157,175.26601835554294,173.1950179808643,174.7926483154297,77486800
2016-05-17,174.52213902450458,174.8095403914502,172.6370945862299,173.16119384765625,114924900
2016-05-18,172.81458817011605,174.3868599155451,172.12989147262263,173.21188354492188,120062100
2016-05-19,172.49344335668513,172.8991873380156,171.41145080755814,172.61178588867188,115430500
2016-05-20,173.2203933153996,174.2178627686886,173.16967693441953,173.7022247314453,104990400
2016-05-23,173.719051162443,173.99800404310588,173.279500773243,173.46546936035156,58682600
2016-05-24,174.27703025025926,176.02682281108332,174.25167205938075,175.71405029296875,93537800
2016-05-25,176.39030675585562,177.32015012450003,175.71405820578408,176.90594482421875,76621400
2016-05-26,177.0411856804611,177.26942229227382,176.6438901666405,176.95664978027344,55280700
2016-05-27,177.11727900413496,177.72590143449597,177.06656261799967,177.7174530029297,64211200
2016-05-31,177.98795596499167,178.09785007415562,176.8214274165424,177.37933349609375,109879400
2016-06-01,176.77067138759838,177.9202899156816,176.57625430591008,177.74278259277344,69936200
2016-06-02,177.34549124942043,178.30067981979306,176.87212117943628,178.28378295898438,63044700
2016-06-03,177.72590828544705,178.09784566260157,176.5509313340012,177.7512664794922,101757100
2016-06-06,178.10622799488203,179.01071290804657,177.9456175599564,178.6556854248047,64887000
2016-06-07,178.80785566828771,179.4925525310708,178.7824974806562,178.9346466064453,60974800
2016-06-08,179.06987152322824,179.64468711793805,178.94308060443555,179.51788330078125,66170900
2016-06-09,178.79098043487605,179.39115442090275,178.52048874845266,179.27281188964844,73786900
2016-06-10,177.90341512362969,178.24153295097503,177.0327365663972,177.57374572753906,113829200
2016-06-13,176.97351732172135,177.8272729571306,176.11976168631207,176.20428466796875,117751200
2016-06-14,175.82395094538265,176.44948310658165,174.91101734459284,175.85775756835938,125059300
2016-06-15,175.8577586106169,176.97357065098475,175.4266564486757,175.6126251220703,109124500
2016-06-16,175.61260180337405,176.3057600209619,173.78673483342055,176.13668823242188,149533100
2016-06-17,176.03298418465693,176.05847423962723,174.82640737611564,175.48068237304688,117055700
2016-06-20,177.43502243949953,178.1062822399764,176.52583382287239,176.61080932617188,82789600
2016-06-21,176.99319416014075,177.52000603986713,176.5513448283531,177.11215209960938,72461700
2016-06-22,177.29061447535392,178.01286757292578,176.67882697199653,176.8232879638672,95560500
2016-06-23,178.2762123937077,179.1768956408914,177.81737840633824,179.12591552734375,102731400
2016-06-24,173.02504824469295,179.15990572926566,172.25181530375218,172.69366455078125,333444400
2016-06-27,171.29170098613423,171.30020631780508,168.79357097849353,169.60079956054688,230775800
2016-06-28,171.19822298297166,172.68520380773475,170.89232926611692,172.6597137451172,159382400
2016-06-29,174.0532799496784,175.82915733786498,173.9513196680058,175.59974670410156,137328600
2016-06-30,176.0670172955163,178.04681447145046,175.51470240011741,177.99583435058594,165021900
2016-07-01,177.99581846783693,178.85402697728696,177.83437278921002,178.36968994140625,106055300
2016-07-05,177.54548870608525,177.65595427579206,176.49186499051555,177.08665466308594,109803700
2016-07-06,176.59379968060696,178.26771585187373,175.939524652718,178.1487579345703,96021500
2016-07-07,178.32725665335235,178.99002429875736,177.27363268652675,178.03836059570312,85593800
2016-07-08,179.32987466035493,180.93581329457842,179.10045115105365,180.68939208984375,133971000
2016-07-11,181.14826023002234,181.89600333096453,180.9443267573715,181.32669067382812,73633900
2016-07-12,182.28684870248486,182.9411238766471,181.35216988225307,182.6437225341797,101275600
2016-07-13,183.06007442805392,183.06856679318818,182.13390097614436,182.61822509765625,87324100
2016-07-14,183.87577903313377,184.10520254210473,183.24700692287342,183.6378631591797,91230900
2016-07-15,184.19866444688634,184.3940925587036,182.9495996664013,183.39144897460938,107155400
2016-07-18,183.51043630721267,184.04575357473655,183.25552270527538,183.88430786132812,58725900
2016-07-19,183.4679488977955,183.73135486630622,183.2215406268984,183.69737243652344,54345700
2016-07-20,183.69733894796877,184.6999825118304,183.69733894796877,184.46206665039062,58159500
2016-07-21,184.35163243052796,184.57255061947964,183.3234857396611,183.7653350830078,67777300
2016-07-22,183.88426812084657,184.6405034317106,183.6208622097674,184.5895233154297,62787500
2016-07-25,184.38561239477139,184.436592517276,183.51041905059387,184.0882110595703,55873100
2016-07-26,183.98622100908554,184.53003050344367,183.33194595690057,184.17315673828125,70080500
2016-07-27,184.54699108739524,184.61496888120095,183.21295119415518,183.97769165039062,84083900
2016-07-28,183.78227295812346,184.47903570520006,183.32343900099104,184.1901397705078,65035700
2016-07-29,183.92675458751242,184.844422605039,183.64635098448537,184.487548828125,79519400
2016-08-01,184.54705105677277,184.93790729136802,183.88428355859588,184.33462524414062,73311400
2016-08-02,184.08819970987324,184.24115303340008,182.32082839994354,183.15353393554688,92295500
2016-08-03,183.09403788081178,183.7483129607529,182.79664954661428,183.68882751464844,53993600
2016-08-04,183.79933233886757,184.19869395663233,182.04894548591287,183.88430786132812,46585500
2016-08-05,183.88429438086453,185.43074764581084,183.88429438086453,185.3882598876953,71892200
2016-08-08,185.57518988034602,185.67716308974096,185.01439557316738,185.27780151367188,39906500
2016-08-09,185.34578509502322,185.88108935785985,185.06538144999288,185.3882598876953,51251700
2016-08-10,185.49871245738044,185.57518263735977,184.58103140130106,184.92941284179688,57941100
2016-08-11,185.45625962486258,186.0340646795433,185.19285364503773,185.7876434326172,72504300
2016-08-12,185.48171396682633,185.8386007360844,185.22681336798837,185.6261749267578,61313500
2016-08-15,185.99157619578298,186.50989578697508,185.98308382936654,186.16151428222656,49813500
2016-08-16,185.74511871594618,185.81308356016547,185.20130920410156,185.20130920410156,53213600
2016-08-17,185.2352813509182,185.6856229701783,184.40257591828794,185.54966735839844,75134300
2016-08-18,185.5241846624526,186.0000163571197,185.41373206825997,185.96603393554688,52989300
2016-08-19,185.49867897584315,185.87255040885023,185.01435495794956,185.69410705566406,75443000
2016-08-22,185.45619969450132,185.9150466433893,185.09083357357272,185.6856231689453,61368800
2016-08-23,186.29745569083772,186.59485704345448,186.00005433822096,186.05953979492188,53399200
2016-08-24,185.91509522657853,186.0085631135221,184.69152033038796,185.10787963867188,71728900
2016-08-25,184.7254331780933,185.39670583113934,184.57249285640034,184.9803466796875,69224800
2016-08-26,185.1673209524872,186.18696220581037,183.74831815541748,184.6320037841797,122506300
2016-08-29,184.75945811639133,185.80458937813714,184.72546272917282,185.5411834716797,70502200
2016-08-30,185.45625451431127,185.7366581847528,184.6830342944878,185.23533630371094,58114500
2016-08-31,184.90392421035452,185.02288214638892,183.93526302680513,184.70849609375,85269500
2016-09-01,184.69999754335961,185.00589124231146,183.56139826160006,184.7169952392578,97844200
2016-09-02,185.5666650512311,185.97451892112989,184.98036782019116,185.54966735839844,79293900
2016-09-06,185.83011575431115,186.18698959720462,185.11636806852422,186.1105194091797,56702100
2016-09-07,185.94905786137406,186.27194924834248,185.49022380686773,186.093505859375,76554900
2016-09-08,185.76216907249977,186.03408040720683,185.3628074030526,185.668701171875,74102900
2016-09-09,184.36010787022246,184.41108798872762,181.1992108684818,181.22470092773438,221589100
2016-09-12,180.46844336840837,184.22412956612516,180.40046556362213,183.82476806640625,168110900
2016-09-13,182.5502278367942,182.81363374777334,180.56192550994362,181.1822052001953,182828800
2016-09-14,181.23320049009482,182.43128518431683,180.56194062738072,181.11424255371094,134185500
2016-09-15,180.95282830152544,183.30649720923515,180.77438489601016,182.92413330078125,134427900
2016-09-16,182.31093525496496,182.49028002347347,181.53380934059015,182.2169952392578,155236400
2016-09-19,182.86603739246033,183.50653393622775,181.9266372492272,182.25115966796875,80250500
2016-09-20,183.10516476355983,183.25887768736118,182.22555050597774,182.25970458984375,69665300
2016-09-21,182.96001163684883,184.48865794035723,182.27681258948982,184.309326171875,110284400
2016-09-22,185.31699021745638,185.76960670869244,185.0693373005467,185.470703125,76678700
2016-09-23,185.0778501346866,185.21449250101216,184.3604972578772,184.45443725585938,73630900
2016-09-26,183.62604561189676,183.80537730077265,182.76350214800533,182.95993041992188,89827300
2016-09-27,182.7977331719538,184.18973692863324,182.43050834334028,184.09580993652344,78494800
2016-09-28,184.31780265204182,185.1632626694878,183.36133210934773,185.00953674316406,87411000
2016-09-29,184.80465851284416,185.20603752182052,182.78922820236664,183.33578491210938,128070600
2016-09-30,184.16411814763177,185.41949253274157,183.9164651946017,184.71922302246094,117202900
2016-10-03,184.3092983398103,184.49716534430019,183.6431699217955,184.27513122558594,83512100
2016-10-04,184.38620897267634,184.60824315662376,182.74653884344818,183.33578491210938,119948100
2016-10-05,183.959184145925,184.57406198303966,183.89086293836363,184.14706420898438,72816000
2016-10-06,183.9249899749344,184.49716534430019,183.3869817197929,184.27513122558594,62927400
2016-10-07,184.54841932786178,184.71921580924092,182.91728491417803,183.64317321777344,89788300
2016-10-10,184.59967041015625,185.0608222465507,184.45449273886658,184.59967041015625,51855000
2016-10-11,184.1726842375255,184.24100544553374,181.54237636842893,182.2682647705078,130367400
2016-10-12,182.40488168196612,183.0283077312698,181.90956276636723,182.5073699951172,73866100
2016-10-13,181.18368806096598,182.40489536878093,180.37239494370476,181.90957641601562,101357000
2016-10-14,182.8831391414146,183.3443040289851,181.92666830932427,182.00352478027344,93346200
2016-10-17,181.9778809646954,182.234082196945,181.19220674181636,181.37155151367188,58275700
2016-10-18,182.95998653281447,183.01975943712776,182.13160991908106,182.5073699951172,76869700
2016-10-19,182.77209126293718,183.30156421817043,182.4134147741403,182.99412536621094,66519200
2016-10-20,182.6439938203751,183.2076339173306,181.99496200114302,182.6525421142578,73639800
2016-10-21,182.65250807391106,182.82330451756917,181.69602453374557,182.73789978027344,89089100
2016-10-24,183.6090309678364,183.88231578040575,183.1649496628797,183.5150909423828,60146600
2016-10-25,183.33574051636367,183.59194176253314,182.73794629592604,182.90020751953125,66542300
2016-10-26,182.08037296255412,183.11370014460235,181.84124225159334,182.53298950195312,75705500
2016-10-27,183.25035565251608,183.2845097388476,181.96936240462156,182.0462188720703,77220200
2016-10-28,182.0205811693207,182.69523180962065,180.79937398784872,181.5081787109375,140623200
2016-10-31,181.8412330215534,182.0632801638312,181.35446242297428,181.5167236328125,61272500
2016-11-01,181.84120744839947,181.89245811082677,178.9974146530381,180.2015380859375,122781800
2016-11-02,179.89414564956775,180.27845404672607,178.68147361145748,179.1170196533203,103330800
2016-11-03,179.3305204686143,179.54401934448634,178.0239083907524,178.29718017578125,88939300
2016-11-04,178.4082232378139,179.24513527393486,177.95560661402837,178.1007843017578,109122100
2016-11-07,178.10074275948946,182.06328088275612,178.10074275948946,182.02911376953125,109794900
2016-11-08,181.6362510433059,183.41256271954495,181.37151460186897,182.8489227294922,106772100
2016-11-09,181.36296165473044,185.40236844883296,181.33734284047043,184.78749084472656,258429000
2016-11-10,185.57319489302805,186.4357255180889,183.7968829751666,185.24867248535156,172113300
2016-11-11,184.53134571272258,185.06081874280605,183.88231383613845,184.8217010498047,100552700
2016-11-14,185.34266383508754,185.54762747001487,184.2239316851872,184.96690368652344,94580000
2016-11-15,185.35115151146815,186.4101104736328,185.1462009601001,186.4101104736328,91652600
2016-11-16,185.79526103549384,186.29057999491258,185.67570218535394,186.05999755859375,65617700
2016-11-17,186.21372163613847,187.076252401182,186.10269805108655,187.0164794921875,69797200
2016-11-18,187.08479086709053,187.2555873521638,186.4186624227128,186.59800720214844,86265800
2016-11-21,187.17010748031797,188.03263785390175,187.02492987472058,188.00701904296875,72402600
2016-11-22,188.31451216564693,188.55362982400158,187.64839682723974,188.37429809570312,67429000
2016-11-23,187.8619440393403,188.52805954926382,187.66552870460347,188.47682189941406,56620200
2016-11-25,188.81841694687407,189.2112475934561,188.74154744564046,189.17709350585938,37872300
2016-11-28,188.86966419585744,189.1429360033375,188.18646513074978,188.2889404296875,76572500
2016-11-29,188.3230397794785,189.10871386078892,188.02413622389,188.65609741210938,69886700
2016-11-30,189.27106207865867,189.43332333882296,188.14378155390034,188.2035675048828,113291800
2016-12-01,188.50243524321448,188.50243524321448,187.153120702339,187.51181030273438,79040500
2016-12-02,187.59716236922688,188.09248125019275,187.2470211382266,187.60569763183594,74840300
2016-12-05,188.43405237374407,189.07454883052898,188.2376371089915,188.7329559326172,67837800
2016-12-06,188.92085065488982,189.36493188152127,188.44261534817971,189.3307647705078,59877400
2016-12-07,189.1770355384427,191.86711542201004,189.05747672208267,191.80734252929688,110738100
2016-12-08,191.78176320127528,192.74676919239806,191.51701366752818,192.27706909179688,99714400
2016-12-09,192.49910470733676,193.4555753778149,192.46493759428506,193.43849182128906,88005800
2016-12-12,193.34457054945193,193.82281896198756,192.79801396606234,193.2164764404297,102016100
2016-12-13,193.87400279072287,195.0012697300262,193.85691923728294,194.50595092773438,110477500
2016-12-14,194.20712480160623,194.90739435361698,192.46496663925623,192.9005126953125,142501800
2016-12-15,193.1395951140877,194.54868225570195,192.90901271659143,193.69468688964844,124972600
2016-12-16,194.14910068653683,194.20923899620848,192.9980052029393,193.3158416748047,156420200
2016-12-19,193.4962283666932,194.15768418266404,193.3501950502885,193.73675537109375,90341100
2016-12-20,194.26940412582675,194.63020784253237,194.03747573218476,194.48416137695312,89838800
2016-12-21,194.35527756606604,194.5270807147422,193.9429473876953,193.9429473876953,67909000
2016-12-22,193.79692808337322,193.91719160692546,193.2127816063045,193.60794067382812,56219100
2016-12-23,193.65087830631836,193.90000402722998,193.4619040077609,193.89141845703125,36697800
2016-12-27,194.15777079017948,194.76767414206097,194.1405865371316,194.37252807617188,42672500
2016-12-28,194.63018703901284,194.64735817969307,192.65441791828655,192.76608276367188,64095000
2016-12-29,192.8348246458455,193.18702967877402,192.28504661472817,192.72315979003906,48696100
2016-12-30,193.04955455809022,193.1354626883079,191.33149681565922,192.0187225341797,108998300
2017-01-03,193.3158546351365,193.99449479504997,192.31939108978972,193.4876708984375,91366500
2017-01-04,193.81408994305164,194.78479676307333,193.80550437311655,194.63876342773438,78744400
2017-01-05,194.37249651963222,194.63879341379015,193.69385626573714,194.48416137695312,78379000
2017-01-06,194.59583090323432,195.6438472919025,194.05463845938746,195.1799774169922,71559900
2017-01-09,194.92228126898283,195.0597290602939,194.50135232349612,194.5357208251953,46939700
2017-01-10,194.55289196830208,195.38615117997924,194.149147273665,194.5357208251953,63771900
2017-01-11,194.44974796750498,195.08543395996094,193.78829216122202,195.08543395996094,74650000
2017-01-12,194.57007063243853,194.7848278847922,193.2471717253465,194.59584045410156,72113200
2017-01-13,194.76764592594293,195.34319379609323,194.73329053256882,195.04254150390625,62717900
2017-01-17,194.40684054333778,194.81058520046346,193.96874049544766,194.3553009033203,61240800
2017-01-18,194.6044187040439,194.82777462704385,194.0546406830118,194.78482055664062,54793300
2017-01-19,194.86209240708132,194.99954016274512,193.63368749865208,194.06320190429688,66608800
2017-01-20,194.74184610378717,195.26585424928098,194.11475868630788,194.77621459960938,129168600
2017-01-23,194.77621567021853,194.83634087662702,193.51344215049315,194.26937866210938,75061600
2017-01-24,194.48412377975026,195.9272990443544,194.37245894401616,195.5149688720703,95555300
2017-01-25,196.4599721210582,197.20733642578125,196.29675447855837,197.20733642578125,84437700
2017-01-26,197.0612085761651,197.32751852426006,196.72618785640532,197.00108337402344,59970700
2017-01-27,197.07842442804207,197.2244577797934,196.5114621628368,196.69186401367188,59711100
2017-01-30,196.00465496886667,196.03042479151102,194.4927685735131,195.47206115722656,79737300
2017-01-31,194.98241115912435,195.5150180862859,194.41546194492608,195.4548797607422,75880800
2017-02-01,195.4549018259213,196.36547062942938,194.9480777723075,195.53221130371094,79117700
2017-02-02,195.5321485461528,195.94449184417536,194.84493593159607,195.6610107421875,69657600
2017-02-03,196.56298850611725,197.19007589886635,196.25373759461604,197.00967407226562,80563200
2017-02-06,196.60599208790404,197.00115125370314,196.32251090308506,196.65753173828125,57790100
2017-02-07,197.04408204615962,197.28460912465883,196.47711974352174,196.66610717773438,57931200
2017-02-08,196.6661015444172,197.05266197323664,196.12490907942458,196.92381286621094,51566200
2017-02-09,196.92382203098825,198.3927543504143,196.92382203098825,198.09210205078125,65955200
2017-02-10,198.4356640440478,199.09711992769516,198.1092288870743,198.87376403808594,66015900
2017-02-13,199.36342945848503,200.21387279157153,199.3376596400043,199.95616149902344,55182100
2017-02-14,199.7757582406565,200.763649337106,199.4321519248641,200.7550506591797,71109000
2017-02-15,200.54029652138877,201.99205747727612,200.48875688400074,201.80307006835938,86785800
2017-02-16,201.8288137984225,202.00921561370262,200.88388998372164,201.63124084472656,84722400
2017-02-17,200.96983464832184,201.94912719726562,200.95265039792142,201.94912719726562,77204100
2017-02-21,202.31848957816084,203.32355181515192,202.30989090023309,203.15174865722656,88946100
2017-02-22,202.74800120272272,203.1946867855585,202.58478361725787,202.97134399414062,62115200
2017-02-23,203.48678526635115,203.50395640806377,202.3528607417118,203.1088104248047,74615900
2017-02-24,202.266929765373,203.40942655009553,202.22397570324117,203.36648559570312,82381600
2017-02-27,203.2805968021621,203.85614458778943,203.03148419049145,203.68434143066406,56515400
2017-02-28,203.30637042107935,203.54689746709954,202.74800687304838,203.1345672607422,96961900
2017-03-01,204.78391655920868,206.44184929482503,204.76673230956334,205.97796630859375,149158200
2017-03-02,205.78894280621927,205.79754148340535,204.62926175944347,204.68080139160156,70246000
2017-03-03,204.5949198902585,204.9728947189234,204.21694506159358,204.80967712402344,81974300
2017-03-06,204.01939671842646,204.5519905280137,203.59846777061998,204.19979858398438,55391500
2017-03-07,203.89909466987922,204.25129965513565,203.38367210083368,203.58984375,65103700
2017-03-08,203.8819097590685,204.13962104275308,203.07442052046898,203.2118682861328,78168800
2017-03-09,203.33215670968812,203.79603969868805,202.50749623017578,203.4696044921875,90683900
2017-03-10,204.4230831660555,204.4660372273053,203.23761923580528,204.18255615234375,81991700
2017-03-13,204.12244220245708,204.32861385641445,203.7960201350338,204.28565979003906,57256800
2017-03-14,203.7444943594069,203.79604711052556,202.89406402821444,203.50396728515625,59880800
2017-03-15,204.07091913324487,205.68589778433662,203.83897764218042,205.2649688720703,96081800
2017-03-16,205.402413749063,205.47972320907772,204.53479922416713,204.86122131347656,78344000
2017-03-17,205.12264223608113,205.3124518330771,204.50144958496094,204.50144958496094,89002100
2017-03-20,204.50144457028145,204.78615895879375,203.8888880207148,204.27713012695312,52537000
2017-03-21,204.88109301727087,205.0018797601246,201.5249329857266,201.6543426513672,131809300
2017-03-22,201.6888240080955,202.41354433347485,201.06763139640887,202.1288299560547,97569200
2017-03-23,202.12883849513824,203.04336844409934,201.5421638730748,201.91314697265625,100410300
2017-03-24,202.2151062549792,202.78452182936317,200.9899800725699,201.76646423339844,112504900
2017-03-27,200.10132571992898,201.81823491644124,199.82524742676122,201.5594024658203,87454500
2017-03-28,201.25743479982341,203.44885471585678,201.14527100359123,203.02610778808594,93483900
2017-03-29,202.74141628747404,203.44887766371772,202.51708866970682,203.21592712402344,61950400
2017-03-30,203.15554519863713,204.06145228376155,202.9829946026055,203.86300659179688,56737900
2017-03-31,203.52650607361866,204.05279389108298,203.33669648930265,203.3884735107422,73733100
2017-04-03,203.44023008636267,203.6386625847675,201.80960283565494,203.03472900390625,85546500
2017-04-04,202.75001479029498,203.25042066188962,202.3703956349636,203.1641387939453,56466200
2017-04-05,203.8371165982791,204.81204651620817,202.3531578345219,202.5602264404297,108800600
2017-04-06,202.69827087803006,203.64730569496527,202.25825173889314,203.12965393066406,69135800
2017-04-07,202.8794512234158,203.61280770350876,202.4394452342199,202.92259216308594,74412300
2017-04-10,203.06062448619653,203.8371086898843,202.51707764475574,203.04336547851562,67615300
2017-04-11,202.66374260068065,202.90531604474356,201.31782965096872,202.80178833007812,88045300
2017-04-12,202.52571668900205,202.71552628196744,201.68883252859067,201.91314697265625,81864400
2017-04-13,201.5766448668478,202.31000122239746,200.60171508789062,200.60171508789062,92880400
2017-04-17,201.11941448685027,202.37905883789062,200.92098196170755,202.37905883789062,68405400
2017-04-18,201.6456910607653,202.31002463439688,201.09352129125438,201.7751007080078,83225800
2017-04-19,202.33585671805957,202.70683972527294,201.1797404401862,201.40406799316406,68699900
2017-04-20,202.0166717401344,203.48338460340221,201.69745250424853,203.04336547851562,92572200
2017-04-21,202.9657147675082,203.01747862452962,201.99942099706792,202.3962860107422,110389800
2017-04-24,204.63083056216,204.82927621788227,202.37038788801016,204.62220764160156,119209900
2017-04-25,205.26071162341628,206.15798268688266,205.17442973674346,205.81288146972656,76698300
2017-04-26,205.7783306976484,206.65835577553025,205.64029813161565,205.6834259033203,84702500
2017-04-27,206.00267146917838,206.1579630526786,205.32107885777282,205.8560028076172,57410300
2017-04-28,206.1148099683487,206.140691897407,205.27792582275546,205.4073486328125,63532800
2017-05-01,205.92501831054688,206.3477784632554,205.51089424478687,205.92501831054688,66882500
2017-05-02,206.06305707084547,206.1838438011308,205.5971691582496,206.00267028808594,57375700
2017-05-03,206.00265092996418,206.09755572089628,205.07948494864596,205.75244140625,73137700
2017-05-04,206.0544948139411,206.1321406281059,205.14858748770783,205.9940948486328,61462700
2017-05-05,206.36501723942743,206.8222822007975,205.9249981207301,206.80502319335938,62001300
2017-05-08,206.84818412390703,206.99485278939494,206.34777817795415,206.77053833007812,48385700
2017-05-09,207.0293304725549,207.22776296193527,206.23557418550524,206.5806884765625,51363200
2017-05-10,206.53764279228972,206.95176696777344,206.33057412216274,206.95176696777344,54293800
2017-05-11,206.5031097645792,206.69291939511479,205.4505338733431,206.52899169921875,62358300
2017-05-12,206.27874268775477,206.57208000078649,205.91638250728633,206.183837890625,53912700
2017-05-15,206.60658023464333,207.4434643287316,206.58932122807815,207.3226776123047,61918900
2017-05-16,207.61603570807566,207.64191763813506,206.74464667828815,207.1328887939453,51241800
2017-05-17,207.13288305142774,207.13288305142774,203.39710432748612,203.45750427246094,172174100
2017-05-18,203.37984602410845,205.1226372061691,203.12101356502765,204.27713012695312,107047700
2017-05-19,204.76029728052126,206.27013808225857,204.7085334165387,205.60580444335938,115011400
2017-05-22,206.1148257964566,206.81367742899408,206.0458160901787,206.64974975585938,61010600
2017-05-23,207.02072800972687,207.27093755697564,206.64110881029163,207.1070098876953,48341700
2017-05-24,207.33992207200268,207.69364611080138,207.00343070903068,207.59011840820312,46927700
2017-05-25,208.09918949569263,208.8584279085556,207.89213404837835,208.58233642578125,64071700
2017-05-26,208.39253325515998,208.70312960048525,208.31488746002037,208.53921508789062,46629900
2017-05-30,208.22000172705916,208.60824390308446,208.06471012255628,208.35804748535156,35201900
2017-05-31,208.65137562977858,208.6858936502107,207.6160588178628,208.3062744140625,91796000
2017-06-01,208.76352414554896,209.98002756363837,208.4788097393089,209.9627685546875,68962000
2017-06-02,210.0145160210793,210.81689531507217,209.7211787156477,210.66159057617188,88666100
2017-06-05,210.4890581295814,210.7737725381242,210.3078714460481,210.50631713867188,44698800
2017-06-06,209.9454941438962,210.49766390691767,209.75568455366084,209.83334350585938,50375400
2017-06-07,210.1698547859184,210.44593312844285,209.50552111566847,210.22161865234375,54144300
2017-06-08,210.31648083869817,210.79962771377498,209.7988159498216,210.32510375976562,65950700
2017-06-09,210.59261039873047,211.3863537674347,208.74629115386514,210.0059356689453,132256400
2017-06-12,209.76433602843528,210.0145324167736,209.117261422826,209.9627685546875,86108100
2017-06-13,210.4976579486158,211.04120477479216,210.15255679328286,210.98944091796875,60067000
2017-06-14,211.25691089926207,211.26553382107394,209.90236178312665,210.7220001220703,78602300
2017-06-15,209.37601197768979,210.43722346103687,209.09993374896789,210.31643676757812,66464900
2017-06-16,210.47516806781985,210.52718436310528,209.4868187704982,210.36245727539062,84553100
2017-06-19,211.18605582964852,212.17440501626334,211.09068822265215,212.1137237548828,65123800
2017-06-20,211.75824877873487,211.76691375013706,210.66586707867998,210.68319702148438,56906400
2017-06-21,211.07337528109633,211.1860728410138,210.1630504553419,210.63121032714844,55977600
2017-06-22,210.63988871186203,211.13405673092268,210.36245084020524,210.5358428955078,44148100
2017-06-23,210.59649625304797,211.11667231734495,210.2150258685189,210.7872314453125,66986800
2017-06-26,211.45481868793817,211.8709754678572,210.7178991944742,210.92596435546875,56700500
2017-06-27,210.7091862550555,211.0039672328072,209.2093261413115,209.22666931152344,82247700
2017-06-28,210.24102638274587,211.29873487276166,210.00693988637508,211.09933471679688,70042600
2017-06-29,211.2467402358337,211.29875652280958,208.03894132566631,209.24403381347656,106949700
2017-06-30,210.05032934873213,210.4231348165138,209.44345057102782,209.63418579101562,86820700
2017-07-03,210.5705863950212,211.00407326541347,209.98971557617188,209.98971557617188,39153800
2017-07-05,210.35372193153322,210.68316276778634,209.54742993744446,210.47509765625,54427600
2017-07-06,209.71218669056708,209.8335624324853,208.36837532928143,208.55044555664062,65400800
2017-07-07,209.12265284091893,210.05030746972056,208.5591122118483,209.90292358398438,57972300
2017-07-10,209.90293335006723,210.50114712110005,209.59948736422132,210.1283416748047,36663300
2017-07-11,210.12844579219527,210.28450796277556,208.81065507759112,209.97239685058594,50354600
2017-07-12,210.93462720334514,211.71489795821162,210.93462720334514,211.5501708984375,59610400
2017-07-13,211.55885557542805,212.01835042519957,211.33343402190394,211.9056396484375,39471600
2017-07-14,211.90563280557174,213.24944419577673,211.8102652042291,212.89398193359375,60262700
2017-07-17,212.8159951790256,213.19746565192824,212.69461941300807,212.86801147460938,33531900
2017-07-18,212.46049305671633,213.03269865888714,212.12237396979063,212.98068237304688,42742500
2017-07-19,213.29282371100865,214.14245403505353,213.2841455094894,214.1337890625,51034300
2017-07-20,214.3851748339577,214.5065505771419,213.68292851775163,214.2291259765625,47135200
2017-07-21,213.65693594313413,214.06441451686462,213.43151438296377,214.0384063720703,82340800
2017-07-24,213.96038304344285,214.12511012415288,213.518231323352,213.9864044189453,46622300
2017-07-25,214.7319543305006,214.83600012885105,214.28113771051503,214.5065460205078,54915600
2017-07-26,214.79268139600626,214.82735451474008,214.25516206735588,214.51524353027344,47575400
2017-07-27,214.9747193749376,215.00939248846595,212.9980079507681,214.31581115722656,70766600
2017-07-28,213.83901628145244,214.19447860436682,213.3881995698679,214.06443786621094,50088400
2017-07-31,214.4632150657075,214.5585826730198,213.73496055293967,213.9430389404297,65838700
2017-08-01,214.5412976525432,214.57597077656942,213.8997324118334,214.419921875,55050400
2017-08-02,214.5499186673937,214.66262944807906,213.59624258997522,214.52391052246094,47211200
2017-08-03,214.4111903222331,214.4371984660233,213.83031972931158,214.10775756835938,40856000
2017-08-04,214.59329242240065,214.82736575126967,214.11645433383487,214.4979248046875,60191800
2017-08-07,214.56730279938967,214.89674377441406,214.46325697083216,214.89674377441406,31995000
2017-08-08,214.58455643506318,215.79832699082584,213.99502094174966,214.36781311035156,61719400
2017-08-09,213.68293843106287,214.41119292395376,213.32747615633122,214.3591766357422,62632600
2017-08-10,213.52690757642304,213.6569615449433,211.2814492803503,211.33346557617188,120479500
2017-08-11,211.5588184239532,212.23505650784375,211.3247319398489,211.6455078125,74869900
2017-08-14,212.91999972034407,213.96036518186153,212.88532660417815,213.74362182617188,73291900
2017-08-15,214.1250994302894,214.1424426034363,213.41418807884588,213.71762084960938,55242700
2017-08-16,214.2378227507355,214.63663638266544,213.66561706408348,214.09043884277344,56715500
2017-08-17,213.4835994868759,213.7957105346376,210.75262451171875,210.75262451171875,128490400
2017-08-18,210.58782478871694,211.70622783630915,209.98094607981142,210.42311096191406,136748000
2017-08-21,210.36245175744227,210.84795480599274,209.66020533157703,210.58786010742188,65469700
2017-08-22,211.1686812449416,212.94596582757583,211.15133807580003,212.7899169921875,63140100
2017-08-23,211.82760788301152,212.4518297759899,211.68022399563662,212.02700805664062,50203800
2017-08-24,212.40849057565453,212.56453944331724,211.3247737870032,211.53285217285156,50741700
2017-08-25,212.32177583139043,212.9373327529811,211.87962416926572,212.02700805664062,64445900
2017-08-28,212.55585111283773,212.58185925459006,211.61951832286454,212.03567504882812,40565600
2017-08-29,210.72652229337717,212.53849326479718,210.61381153425842,212.27841186523438,51135700
2017-08-30,212.26111158888938,213.55290679326467,212.0790413434407,213.2841339111328,62030800
2017-08-31,213.89968749141116,214.81001224629438,213.31881687594364,214.5672607421875,103803900
2017-09-01,214.9400412213581,215.2955034861434,214.7232978738984,214.8706817626953,62007000
2017-09-05,214.3678802872824,214.59330188215944,212.36517345598844,213.3275146484375,91398800
2017-09-06,214.00372406587485,214.38519450201161,213.4748697301334,214.0557403564453,57916900
2017-09-07,214.35916297193032,214.37650614321683,213.6222303253352,214.0297088623047,58034700
2017-09-08,213.74366447802606,214.23784577751377,213.5355992815826,213.77835083007812,63832800
2017-09-11,215.04411623070544,216.13651138400766,215.026786284343,216.05848693847656,71364800
2017-09-12,216.42257015376887,216.8213705023228,216.24049992232366,216.7866973876953,56896000
2017-09-13,216.5006268937401,216.92544867786958,216.387916103693,216.89076232910156,59228000
2017-09-14,216.56996414280775,217.0207940277763,216.3965721036551,216.82138061523438,95446300
2017-09-15,216.67764322455182,217.20040087831916,216.57309435272185,217.11328125,95432400
2017-09-18,217.47923233742642,217.92357837152673,217.19170962314323,217.5750732421875,46235200
2017-09-19,217.81901441542607,217.8800101208788,217.4705093102084,217.79287719726562,47108100
2017-09-20,217.8800133835203,217.98456225772762,216.8780379254347,217.8712921142578,59574100
2017-09-21,217.71443610009618,217.80155571731015,217.1132535744719,217.28750610351562,48211400
2017-09-22,216.99131857041976,217.49666031124144,216.965181350603,217.33111572265625,51214000
2017-09-25,217.078415797405,217.42693418335082,216.14615736606112,216.88673400878906,57064400
2017-09-26,217.31365618348264,217.55761239750964,216.78217729693458,217.01742553710938,54082000
2017-09-27,217.7144487638807,218.24592764987884,216.83445150490712,217.86256408691406,81001400
2017-09-28,217.58376221603876,218.20237405540473,217.49664258862123,218.12396240234375,44778800
2017-09-29,218.1152660598397,218.96912625058613,217.9323055151218,218.8907012939453,85578000
2017-10-02,219.11721709572956,219.8403778076172,218.9429512512324,219.8403778076172,59023000
2017-10-03,219.8403993082085,220.3370197886667,219.7619743526678,220.31088256835938,66810200
2017-10-04,220.16274955476476,220.81620659924897,220.04947941277652,220.57225036621094,55953600
2017-10-05,220.9033578007519,221.8966121185429,220.60712708895554,221.8791961669922,63522800
2017-10-06,221.43481355743776,221.91401806716368,221.1734413654219,221.62649536132812,80646000
2017-10-09,221.85306433220842,221.9140467533558,220.99920407918685,221.26058959960938,35803100
2017-10-10,221.82689862545803,222.21897020843707,221.2866984073851,221.8443145751953,43057400
2017-10-11,221.74848124495355,222.19284057617188,221.58294994908832,222.19284057617188,47674300
2017-10-12,221.87912357640553,222.22762861807522,221.62644612077213,221.8616943359375,47065100
2017-10-13,222.29738052132967,222.41065066702748,221.86174247740652,222.1318359375,54800400
2017-10-16,222.35836442550584,222.61973660229094,222.01856730106783,222.4280548095703,38221700
2017-10-17,222.37577361386636,222.62845110323354,222.15795461008904,222.5848846435547,31561000
2017-10-18,222.9595271588733,223.00309361859325,222.61102207034773,222.80270385742188,40888300
2017-10-19,222.02733648691893,222.89861276872077,221.6091275941479,222.86375427246094,61903800
2017-10-20,223.65653319123524,224.03989671270338,222.84623969456575,224.01373291015625,89176400
2017-10-23,224.33615704313655,224.3622942599157,223.06407492192818,223.14248657226562,63915300
2017-10-24,223.56940437990878,223.76978082259956,223.17731958374134,223.5345458984375,66935900
2017-10-25,223.2034899548066,223.3167600944917,221.30411456554228,222.4280548095703,103715300
2017-10-26,223.03794206480885,223.3080221958349,222.59358280813078,222.71556091308594,69798000
2017-10-27,223.45618618499736,224.69340996704878,222.72431743940916,224.53656005859375,85562500
2017-10-30,223.45617803770907,224.44072426563199,223.40390359987563,223.70013427734375,54285700
2017-10-31,224.07475171796614,224.3012919829008,223.75238385739476,224.04861450195312,60304800
2017-11-01,224.82406638614185,225.16385019959108,223.97892760294408,224.3448486328125,54202700
2017-11-02,224.27512252724662,224.5713531292217,223.21216491346348,224.43194580078125,56449500
2017-11-03,224.58881701199687,225.22485809828677,224.1793162064306,225.18130493164062,59589700
2017-11-06,225.05059788255923,225.6605017662704,224.98090749633522,225.52981567382812,49652600
2017-11-07,225.63440384661874,225.96549306462873,224.8676765184357,225.37303161621094,57502200
2017-11-08,225.198729532487,225.85218659269393,224.9199148053821,225.75633239746094,50469600
2017-11-09,224.55393812822638,225.1289833895001,223.36026785891667,224.9373016357422,95085500
2017-11-10,224.5539833932708,225.04189584860146,224.24031019242418,224.8676300048828,59984700
2017-11-13,224.1880140299429,225.30324618964931,224.15315554673057,225.0767059326172,50228600
2017-11-14,224.27517087871254,224.6585344672659,223.49972243256397,224.55398559570312,61315200
2017-11-15,223.58684649448855,224.1096174208197,222.72429174904417,223.43002319335938,80811500
2017-11-16,224.37095218827278,225.69530852611507,224.32739903051927,225.32936096191406,67777000
2017-11-17,224.9808637017954,225.30323153014632,224.58877891155598,224.6671905517578,75756800
2017-11-20,224.91118687324328,225.24224939984404,224.66720408117126,225.05056762695312,48075500
2017-11-21,225.81732454351769,226.7060431484956,225.01576545227593,226.52305603027344,69176800
2017-11-22,226.53172953926637,226.66241560384688,226.15708729105887,226.3226318359375,45033400
2017-11-24,226.81059656768687,226.9500039318348,226.67118920353894,226.84542846679688,27856500
2017-11-27,226.8890163124573,227.18524700086792,226.53178991457588,226.73219299316406,52274900
2017-11-28,227.19393851606367,229.05845533169352,227.09808432955788,229.03231811523438,98971700
2017-11-29,229.1630530855019,229.69454538586697,228.4486268201305,228.89295959472656,77512100
2017-11-30,229.8078011967744,231.80300439577496,229.7293895355647,230.8968963623047,127894400
2017-12-01,230.67907762661457,231.15826886437077,227.19397309242424,230.4176788330078,164390900
2017-12-04,232.02955515946084,232.45647197503965,230.0865997244341,230.13890075683594,94040600
2017-12-05,229.3111572265625,231.01885092521732,229.18047113035558,229.3111572265625,77994500
2017-12-06,229.4069649857178,229.78163388140953,228.8929153256221,229.3546905517578,75898600
2017-12-07,230.0778350830078,230.3914816466155,229.09328905407722,230.0778350830078,77218600
2017-12-08,231.02753710934363,231.34118369260776,230.04299101871084,231.33248901367188,76563900
2017-12-11,232.029541015625,232.09053672534347,231.30639353645628,232.029541015625,83077500
2017-12-12,232.8137293362668,232.90958355429706,232.06444449185824,232.4390869140625,85195800
2017-12-13,232.68295046999603,233.11858844010973,232.32572414379501,232.41285705566406,102905400
2017-12-14,232.7090834737679,232.8223535982249,231.4108908548739,231.46316528320312,100666700
2017-12-15,232.46238447340687,233.85479103966375,232.40984284638893,233.39065551757812,144610300
2017-12-18,234.78302719502065,235.22089183853052,234.6779439566002,234.87060546875,83653600
2017-12-19,235.11584660188396,235.15962238325565,233.89856986811236,233.96864318847656,82382900
2017-12-20,234.93198079578954,234.98452243615404,233.54833972427858,233.84608459472656,76751500
2017-12-21,234.4678024189318,235.0370479610358,234.08247930972732,234.3276824951172,67032300
2017-12-22,234.34521564491334,234.3802523073704,233.73219431505825,234.2664031982422,78720900
2017-12-26,233.86357582548726,234.20512319293601,233.7234826095118,233.98619079589844,45244400
2017-12-27,234.15254773320353,234.45905838981105,233.82853210841412,234.10000610351562,57751000
2017-12-28,234.59921199369285,234.6254828123087,234.21388883723003,234.58168029785156,45116100
2017-12-29,235.15966952902252,235.17717450005242,233.504554474286,233.6971893310547,96007400
2018-01-02,234.55543559516968,235.40489445852347,234.1701123958041,235.36985778808594,86655700
2018-01-03,235.53623649329967,237.00748259962404,235.53623649329967,236.8585968017578,90070400
2018-01-04,237.4978774594355,238.33857038973744,236.91989271824468,237.85690307617188,80636400
2018-01-05,238.6450993999332,239.56460485750245,238.15469292587647,239.4420166015625,83524000
2018-01-08,239.34559769302356,240.0374313948858,239.05661875308317,239.8798065185547,57319200
2018-01-09,240.30023657018512,241.0446121981159,240.0199966378804,240.4228515625,57254000
2018-01-10,239.6696542810785,240.317712314285,239.00411800325506,240.0549774169922,69574300
2018-01-11,240.60678813592105,241.80653381347656,240.440397318215,241.80653381347656,62361500
2018-01-12,242.06923311284928,243.54919182680206,241.77146147496964,243.38282775878906,90816100
2018-01-16,244.6350523488423,245.28308365640876,241.85897794792402,242.55081176757812,106555100
2018-01-17,243.4790151109545,245.2479786679201,242.5507441951556,244.86265563964844,113258800
2018-01-18,244.74879451116317,245.16912740259568,243.96061688946133,244.4510498046875,100728000
2018-01-19,245.0290998315473,245.5633087158203,244.451141888114,245.5633087158203,140920100
2018-01-22,245.35315351126408,247.5599822998047,245.30058515247438,247.5599822998047,91322400
2018-01-23,247.60367529300984,248.37432129564834,247.2796597521585,248.08534240722656,97084700
2018-01-24,248.72469958795423,249.32021599885377,246.81561556442963,247.9890899658203,134816100
2018-01-25,248.84731857566186,248.94363600058514,247.30602597572388,248.09417724609375,84587300
2018-01-26,248.92606931860863,251.01030946086934,248.6721003224566,250.9665069580078,107743100
2018-01-29,250.39728926247858,250.83515394207936,249.1450026928537,249.30262756347656,90118300
2018-01-30,247.4811692868912,249.35521657465551,246.27265826550448,246.7455596923828,131796400
2018-01-31,247.5949274563377,248.0940727914921,245.79966655314138,246.86805725097656,108364800
2018-02-01,246.14127154046471,247.88396451331243,245.79972424269462,246.58787536621094,90102500
2018-02-02,245.2743321202365,245.40571293902062,241.18468989581447,241.2197265625,173174800
2018-02-05,239.46829621275066,241.57004213945035,230.58838426162137,231.13133239746094,294681800
2018-02-06,227.63717692788254,236.18430722321384,226.55128066828357,235.6851348876953,355026800
2018-02-07,235.13339898901052,238.51370243690877,234.32771599318662,234.40655517578125,167376100
2018-02-08,234.70424157328853,234.84436148223213,225.57912960124474,225.61416625976562,246449500
2018-02-09,228.39030490954536,230.85110333455054,221.48956366279563,229.00332641601562,283565300
2018-02-12,231.04372861908254,233.82856905831616,229.14341035308112,232.3660888671875,143736000
2018-02-13,231.16634649666958,233.48702462091063,230.58836174636198,232.94407653808594,81223600
2018-02-14,231.46410020607644,236.44700402142874,231.4553343575839,236.08795166015625,120735700
2018-02-15,237.82183018275933,239.10915341894105,235.36977192448305,239.1003875732422,111200300
2018-02-16,238.4786032691052,241.1057911016743,238.43480077014706,239.17041015625,160420100
2018-02-20,238.22479453630504,239.66100434556776,236.88492890944633,237.67308044433594,86369700
2018-02-21,238.1108735420492,240.58043743479553,236.39445100442575,236.4907684326172,98883700
2018-02-22,237.41023192789297,239.11788812385572,236.13167456102045,236.79721069335938,110511300
2018-02-23,238.01447958757626,240.57159423828125,237.54157827129708,240.57159423828125,92766400
2018-02-26,241.64003095764554,243.46156325686482,241.0533071673779,243.36521911621094,86491400
2018-02-27,243.54912476314271,244.25849026375877,240.26513905257121,240.32644653320312,99099200
2018-02-28,241.42112642680044,241.86775706876602,237.5766874322221,237.89193725585938,121907800
2018-03-01,237.68178022943695,239.22307291824933,232.94407976111245,234.43283081054688,176855100
2018-03-02,232.76887437600675,236.20174553860167,231.9106766292142,235.64126586914062,139083200
2018-03-05,234.4590311491781,238.97779785331926,234.35392117687223,238.36477661132812,97307400
2018-03-06,239.33692298788952,239.4157621812176,237.48038024819,238.96913146972656,79213200
2018-03-07,236.8147762535979,239.2317714301234,236.622114700202,238.88148498535156,87063500
2018-03-08,239.55583875351536,240.16009435932494,238.56628668291333,240.03750610351562,66901200
2018-03-09,241.43868875811225,244.21473693847656,241.1234121693243,244.21473693847656,113625300
2018-03-12,244.50373487127465,245.12549545473968,243.52289519047727,243.90821838378906,71924800
2018-03-13,245.06415054281683,245.5633227931773,241.72762314328241,242.33187866210938,91968900
2018-03-14,243.28640744271272,243.47030315254528,240.536630741596,241.08831787109375,105895100
2018-03-15,241.5962994420393,242.2355649806559,240.32648076303303,240.82565307617188,83433000
2018-03-16,241.35053707930095,242.13307082578123,241.03402466421792,241.08677673339844,100343700
2018-03-19,240.33946110223937,241.2626493030491,236.18066005567465,237.8248291015625,109208400
2018-03-20,238.22047760805523,238.8623302848663,237.55224889423462,238.22927856445312,59757300
2018-03-21,238.1852761168424,240.26906332282726,237.56102541703248,237.77203369140625,78709600
2018-03-22,235.55635543832057,236.40041532902674,231.55581154014723,231.82839965820312,148785900
2018-03-23,232.26803765167045,232.59335103109134,226.69365175801394,226.8870849609375,183534800
2018-03-26,230.47437362412663,233.37584467049444,228.08284817522323,233.094482421875,141956100
2018-03-27,234.02652213816415,234.55404286800356,227.58169995606218,229.12916564941406,129941400
2018-03-28,229.26102769532312,230.9227983594075,227.35307176606125,228.45211791992188,146452300
2018-03-29,229.5863354656723,233.22638911794968,228.46091330484768,231.37118530273438,111601600
2018-04-02,230.84358584435384,231.35355815856366,223.91520974151334,226.3770751953125,186286300
2018-04-03,227.60803509251616,229.75337511563475,225.82318539146522,229.27857971191406,119956900
2018-04-04,225.7440879428702,232.43506828346253,225.61220776620473,231.731689453125,123715300
2018-04-05,233.4813309123388,234.4397226752616,232.39988677736926,233.56048583984375,82652600
2018-04-06,231.60861043926135,233.0944962072635,226.84313433809155,228.3554229736328,179521200
2018-04-09,229.8061636069654,232.85711698010886,228.54886117383796,229.48085021972656,105442900
2018-04-10,232.35593638938647,233.9122029452148,231.22174005637157,233.12966918945312,103529000
2018-04-11,231.6525760100446,233.56053212718132,231.58224885543234,231.90756225585938,91140200
2018-04-12,233.22637129322584,234.75623479887636,233.0505131934638,233.81544494628906,68890500
2018-04-13,235.11675325942593,235.2310583547333,232.12735303095369,233.12966918945312,85079200
2018-04-16,234.7563113101349,235.81140658822397,233.93862722731896,235.04644775390625,63405300
2018-04-17,236.8048470013346,238.15887925189176,236.29490143880682,237.56100463867188,64682000
2018-04-18,238.0006072261779,238.53692878501482,237.27962662351885,237.73684692382812,57303900
2018-04-19,237.0862469045913,237.28848107010103,235.3893259685204,236.4180450439453,77655900
2018-04-20,236.34760039482939,236.56740955607842,233.53403239797265,234.41326904296875,99953100
2018-04-23,234.98483410364858,235.538757576906,233.30548860758378,234.37815856933594,65558000
2018-04-24,235.39806959497662,235.6178787870128,229.7269817075723,231.22169494628906,112885500
2018-04-25,231.16023737683744,232.23290775015732,229.3490110331939,231.7932891845703,103840900
2018-04-26,232.81316662268776,234.97608207281635,232.3735481342447,234.14959716796875,67731900
2018-04-27,234.75626643027448,235.0552037744062,233.43741100089093,234.36940002441406,57053600
2018-04-30,234.9848569848604,235.53878051205507,232.49660159003034,232.56695556640625,82182300
2018-05-01,232.00422721914586,233.085698222423,230.4567617508169,232.98019409179688,74203400
2018-05-02,232.78679923873736,233.59568226151407,231.0283252196073,231.41519165039062,86368900
2018-05-03,230.58865425399074,231.5557932787328,227.7662847762269,230.90516662597656,136311500
2018-05-04,229.93804120526443,234.57163717893877,229.61272782167768,233.8946075439453,91222100
2018-05-07,234.65953705358106,235.65305216045982,233.9737065479549,234.6859130859375,55304900
2018-05-08,234.316621800768,235.04637658408237,233.1296466803695,234.6859130859375,67499200
2018-05-09,235.3541584090988,237.27968962403472,234.83541178862617,236.95437622070312,59666100
2018-05-10,237.69284120768543,239.4952925036921,237.5873370990751,239.16995239257812,72063900
2018-05-11,239.2930742589877,240.16351004485756,238.78310192402338,239.89974975585938,59871500
2018-05-14,240.3305962473945,240.9812229270874,239.46893447879592,240.0140838623047,54790600
2018-05-15,238.79199311600212,238.80956819785158,237.42038543053624,238.36117553710938,87036100
2018-05-16,238.39634035042647,239.82070004083886,238.36993748072248,239.3634796142578,53942600
2018-05-17,239.09965609109528,240.2338790692386,238.38747643398094,239.1612091064453,56536400
2018-05-18,238.81829490037902,239.17878520760263,238.211619362878,238.5633087158203,64368000
2018-05-21,240.04043649829885,240.89329722901473,239.65357017722093,240.35694885253906,58025900
2018-05-22,240.87574170079287,241.1307279233672,239.36345310871548,239.6887664794922,52966400
2018-05-23,238.42271642164374,240.374623694903,238.26443336432084,240.3482208251953,64694200
2018-05-24,239.95261077531273,240.22517214177196,238.07983137647537,239.8558807373047,76043800
2018-05-25,239.2842559814453,239.90850650833002,238.783084636457,239.2842559814453,56374800
2018-05-29,237.6664493187113,238.4226067669096,235.42440666385326,236.5322265625,115908600
2018-05-30,237.83358943763292,240.12838494425677,237.76326228943051,239.6887664794922,69678400
2018-05-31,239.28426686243395,239.5832041259748,237.62252342213708,238.22039794921875,93519900
2018-06-01,239.51292531080648,240.85815668419576,239.44257133332516,240.55921936035156,71258400
2018-06-04,241.3769875543905,241.9572873265218,241.13960316986905,241.70230102539062,45385200
2018-06-05,241.83407381801285,242.25611714632782,241.06914208658665,241.8780517578125,51135000
2018-06-06,242.48469509947213,244.00575740592097,241.86921868144145,243.90025329589844,62732200
2018-06-07,244.38384314419503,244.67397943912056,242.96825815285257,243.87387084960938,72969400
2018-06-08,243.416826580976,244.64775330664688,243.24976936475744,244.59500122070312,72139700
2018-06-11,244.8147839255123,245.63246800099498,244.70047880765588,244.9202880859375,58892500
2018-06-12,245.33344328087912,245.59720358806197,244.59488758858944,245.2367401123047,72329000
2018-06-13,245.47414161244484,245.72912781539785,244.25198949499742,244.4542236328125,79070600
2018-06-14,245.31584157611084,245.5971769291751,244.48055597373684,245.0696563720703,77097600
2018-06-15,244.28897784465636,245.09267943376045,243.18499658808494,244.75706481933594,120041600
2018-06-18,243.308526012756,244.37719882500437,242.8316257166672,244.2535400390625,52917600
2018-06-19,241.9926664764349,243.53824007619315,241.57756848867896,243.31744384765625,97531500
2018-06-20,243.99759556841528,244.39503973846092,243.39703602705103,243.73265075683594,53785500
2018-06-21,243.72376089800395,243.74144185031133,241.71009987995905,242.20468139648438,71061400
2018-06-22,243.458751680338,243.57357002925116,242.42541349278358,242.64620971679688,54898500
2018-06-25,241.4980824541548,241.6570492683329,237.6650632027626,239.34310913085938,137854200
2018-06-26,239.90836656004487,240.72088159957022,239.15765398139763,239.87303161621094,68547400
2018-06-27,240.45596646380378,241.8778814341139,237.73574146013553,237.88589477539062,105110700
2018-06-28,237.83291594816677,240.00554368185115,237.12635171788804,239.2460174560547,76650500
2018-06-29,240.33224982493448,241.69236199968046,239.47555946815228,239.5903778076172,97592500
2018-07-02,238.02719794520482,240.2616549168198,237.78872074552748,240.1026611328125,63554800
2018-07-03,240.9947434922836,241.09190788059328,238.83095590341009,239.25486755371094,42187100
2018-07-05,240.37648065137014,241.26847920080212,239.30780736280755,241.20664978027344,56925900
2018-07-06,241.233195701577,243.61777934495436,240.85340561738371,243.24685668945312,66493700
2018-07-09,244.2448436987284,245.49013800090842,244.20069522207166,245.43714904785156,50550400
2018-07-10,245.88756043727318,246.41747687382474,245.5960942684685,246.3203125,51966800
2018-07-11,244.77473167559435,245.56077930884817,244.21832078062482,244.5186004638672,77054700
2018-07-12,245.7727288911889,246.7883862844151,245.1721695398669,246.7353973388672,60124700
2018-07-13,246.55876489862447,247.2299671615263,246.10833193000164,246.9296875,48216000
2018-07-16,246.9738644918861,247.11515037248324,246.26730032556523,246.70889282226562,48201000
2018-07-17,245.94056940012754,248.09554331884976,245.88758044742715,247.70693969726562,52315500
2018-07-18,247.7863738221766,248.33394419290724,247.34478133575945,248.22796630859375,44593500
2018-07-19,247.5655942858729,247.94535738117995,246.8148816177688,247.29180908203125,61412100
2018-07-20,247.0886386829849,247.71571939052308,246.85018845434266,247.0091552734375,82337700
2018-07-23,246.80607130007968,247.67157539339786,246.46161619567616,247.4684600830078,47047600
2018-07-24,248.87273892052326,249.55278175014928,247.8482409617854,248.7137451171875,68026900
2018-07-25,248.46641780028833,251.15130767798,248.4222693324907,250.8333740234375,78882900
2018-07-26,250.11802154849315,250.9216962404491,250.0208571758155,250.2416534423828,57919500
2018-07-27,250.5684954512755,250.6656598502625,247.6275002434361,248.5460205078125,76768700
2018-07-30,248.62546261400763,248.784429473909,246.7265929609436,247.24769592285156,63742500
2018-07-31,248.00713846330046,249.0757845975121,247.6273754420126,248.4663848876953,68570500
2018-08-01,248.66955556162895,249.1729774582386,247.4066075355376,248.0513153076172,53853300
2018-08-02,246.75306347915898,249.57039875725604,246.549921231639,249.40261840820312,63426400
2018-08-03,249.52628369791557,250.52428716723554,249.34963589792847,250.47129821777344,53935400
2018-08-06,250.5065551706273,251.69883311496747,250.11795169378726,251.38973999023438,39400900
2018-08-07,252.0522055913909,252.59977603437054,251.91970626585007,252.21998596191406,43196600
2018-08-08,252.05221119827377,252.5114577519987,251.65476711815006,252.114013671875,42114600
2018-08-09,252.1758346161004,252.56443820720855,251.63710465500523,251.7695770263672,35717000
2018-08-10,250.33887969236042,250.87760977866353,249.37618401382463,250.08274841308594,77076000
2018-08-13,250.35648946503812,250.9658893599437,248.8550639654535,249.1465301513672,65732900
2018-08-14,249.87062600851215,250.97460687832228,249.48202258612636,250.7361297607422,43842000
2018-08-15,249.39374687675829,249.53505968969637,247.43307539532,248.86383056640625,102925400
2018-08-16,250.29465806200673,251.7430945986613,250.2593231103961,250.8775634765625,69967900
2018-08-17,250.6743844267732,252.20230416593347,250.2681268771893,251.76071166992188,65618500
2018-08-20,252.21112985079523,252.5643984363551,251.7606969064238,252.29945373535156,39807500
2018-08-21,252.81175192152355,253.74792603443402,252.3348243886177,252.8912353515625,67272000
2018-08-22,252.48497288786544,253.26218012580844,252.2200011734731,252.74110412597656,44993300
2018-08-23,252.56449972126603,253.42119053495327,252.0875721155339,252.40553283691406,49204900
2018-08-24,252.97943959300378,254.06576652835622,252.92645066470942,253.92445373535156,57487400
2018-08-27,255.1168097360859,256.03532969569824,254.95784290249944,255.92935180664062,57072400
2018-08-28,256.38856613797486,256.49457096639844,255.59370511711555,256.052978515625,46943500
2018-08-29,256.2649754069763,257.66039591626367,256.0265251482379,257.4307861328125,61485500
2018-08-30,256.95383162780604,257.3247542134845,255.79686149898535,256.3885803222656,61229500
2018-08-31,255.98236286771518,256.83905348183833,255.49662185001102,256.3974609375,66140800
2018-09-04,255.98230501544074,256.3090791119726,254.95780730979303,255.955810546875,57594400
2018-09-05,255.6025518390774,255.805694074358,254.2601204588702,255.26693725585938,72452400
2018-09-06,255.37303259535523,255.67331237301806,253.47418952775593,254.49868774414062,65909900
2018-09-07,253.45647312213768,254.97555259274915,253.2179958922097,254.00404357910156,73524800
2018-09-10,255.0108879690714,255.27585970269735,254.25136162855884,254.44566345214844,50210900
2018-09-11,253.8008929804244,255.72622999265644,253.4564648134547,255.28463745117188,50530500
2018-09-12,255.29340083774392,255.94694897693955,254.56036929940245,255.3463897705078,59810800
2018-09-13,256.40625295326265,257.04214717503464,256.1236273096607,256.8566589355469,51034200
2018-09-14,257.0598762875576,257.24533762857527,256.1237021531427,256.9009094238281,55079900
2018-09-17,256.84778776663825,256.88309574966524,255.26687956476889,255.54066467285156,68244000
2018-09-18,255.7527169447676,257.519087058753,255.7262224711646,256.9273681640625,61930400
2018-09-19,256.9802536293505,257.61614769242743,256.8565948338859,257.2010498046875,49080600
2018-09-20,258.45523141530987,259.6033609568986,257.2187510441675,259.285400390625,100360600
2018-09-21,260.0244601740495,260.1397982950898,258.8888670259763,259.0485534667969,105479700
2018-09-24,258.4718933406768,258.61384587039015,257.61132474312956,258.18798828125,53409600
2018-09-25,258.6405186625942,258.7469763152417,257.7089871272464,257.9485168457031,44370000
2018-09-26,258.0903413542007,259.2702825185177,256.75956720701475,257.1765441894531,79739700
2018-09-27,257.64679250455623,258.9775668714285,257.3717679680432,257.89520263671875,59249500
2018-09-28,257.2741607004745,258.4186342232433,257.23869287821276,257.92181396484375,70091400
2018-10-01,259.154977845118,259.88247430397746,258.15248393435553,258.81787109375,62078900
2018-10-02,258.6671447753906,259.3768805415971,258.2945429742717,258.6671447753906,47258200
2018-10-03,259.7140297651086,260.13100699779073,258.45424464487616,258.8091125488281,64694600
2018-10-04,258.33000607223084,258.38323489998584,255.20713085364216,256.78631591796875,111545900
2018-10-05,257.00805749692273,257.5226117482122,253.92953125946568,255.34902954101562,105951700
2018-10-08,254.66588127116367,255.70389734273365,253.29075838650212,255.34902954101562,87742200
2018-10-09,254.96754123389658,256.2716742822216,254.41746501850835,254.9763946533203,74339000
2018-10-10,254.47071640677487,254.54170621652474,246.53044391448842,246.90304565429688,214731000
2018-10-11,245.8206752119577,247.43535491100366,239.85880384790093,241.46463012695312,274840500
2018-10-12,245.5456151938126,245.82952023558337,241.64201563082707,244.81814575195312,183186500
2018-10-15,244.46326345220731,245.78518452559038,243.35428470841273,243.44300842285156,102263700
2018-10-16,245.3948135846346,249.13872678069512,244.92460769607447,248.76609802246094,118255800
2018-10-17,248.80163586234124,249.4315282954246,246.24654414968518,248.81051635742188,110626000
2018-10-18,247.87889487020155,248.47331932132207,243.9486811524354,245.21734619140625,134557500
2018-10-19,245.86499957010082,247.79017128688514,244.39227271815466,245.0842742919922,139901600
2018-10-22,245.74970804063415,246.0690809469352,243.45190716026255,243.98422241210938,82415800
2018-10-23,240.3822586323735,243.86000103241318,238.30622646615907,242.7421417236328,146352700
2018-10-24,242.4937072564188,242.87521650709292,234.83734103185068,235.38739013671875,177806700
2018-10-25,237.21503434387782,241.1452491899324,236.19477913904547,239.61041259765625,138061500
2018-10-26,235.91974787880403,240.42662622883205,232.6992688117605,235.3962860107422,201574600
2018-10-29,238.47478839901248,239.76121462650954,230.53451649985132,234.09210205078125,160749100
2018-10-30,233.9236057045838,237.8715546904534,233.43563870092626,237.56103515625,157116000
2018-10-31,240.11607680886604,242.40502414189297,239.64587089544221,240.0983428955078,128296300
2018-11-01,240.95888921985446,242.84859319283507,239.8765249621915,242.65341186523438,99495000
2018-11-02,243.7534859391745,244.17934345039046,239.17561922362194,241.21615600585938,122634100
2018-11-05,241.70411669077308,243.0970003719423,240.73709055773415,242.5469512939453,65622500
2018-11-06,242.48483819201113,244.24144301684072,242.42272889071398,244.08175659179688,60085900
2018-11-07,246.24648958436512,249.3871247081338,245.82063203506075,249.30728149414062,102752100
2018-11-08,248.5088135200468,249.49360071455664,247.71923474036157,248.85482788085938,65584900
2018-11-09,247.55070880501097,247.7370096822464,245.02223145809336,246.4239959716797,98812600
2018-11-12,245.9182543346288,246.15778399423746,241.3048919723185,241.81947326660156,99673600
2018-11-13,242.2807558502829,244.2680367260355,240.64834269167596,241.36695861816406,98176600
2018-11-14,243.2300640514488,243.62928010661983,238.16425733712018,239.71682739257812,125335900
2018-11-15,238.45702674823613,242.68002615726408,236.8867227096391,242.2186737060547,135101400
2018-11-16,241.12745002947233,243.7535038549721,240.6128687812642,242.8485870361328,126668000
2018-11-19,242.2452926725976,242.53807820671295,237.82713892753733,238.74093627929688,103061700
2018-11-20,235.42289807982084,236.87789138228501,233.4622309792524,234.3227996826172,136021300
2018-11-21,235.8664768641583,237.01095059988435,235.11239291801454,235.12124633789062,75563700
2018-11-23,233.48877876335783,234.94377165063793,233.39120164453092,233.55088806152344,42807900
2018-11-26,235.795501037842,237.54325266330042,235.40513834461535,237.3214569091797,79981400
2018-11-27,236.29226338849242,238.11985778808594,235.68898558321638,238.11985778808594,75502400
2018-11-28,239.18449277505684,243.60264587402344,238.057753270163,243.60264587402344,127629600
2018-11-29,242.83087780641895,244.4632914553153,241.6952845256789,243.0704345703125,82346400
2018-11-30,242.91961870638872,245.11096219306737,242.60024576485566,244.55203247070312,98204200
2018-12-03,248.65967132888062,248.76612896599661,246.20218395652398,247.79022216796875,103176300
2018-12-04,246.96508997047422,247.3909474928535,239.45065001569253,239.76116943359375,177986000
2018-12-06,235.91968861471403,239.51276852883728,232.83228237669715,239.39743041992188,204185400
2018-12-07,239.0603796601317,240.62183077019748,233.00093026201344,233.8348846435547,161018900
2018-12-10,233.657372960395,235.2454380472968,229.4432538802468,234.27841186523438,151445900
2018-12-11,237.46342014543708,237.64972100638724,232.86781841081208,234.3316650390625,121504400
2018-12-12,237.29487396070434,238.65226307289007,235.4317839641583,235.51162719726562,97976700
2018-12-13,236.45203311733553,237.3126018184313,234.3227990647864,235.43177795410156,96662700
2018-12-14,233.293641283114,234.2429336202688,230.53451506399446,231.08456420898438,116961100
2018-12-17,230.1353003431474,231.24427926449513,224.9275396604473,226.55108642578125,165492300
2018-12-18,228.1834492293881,228.84883639423893,224.70568040157815,226.3026123046875,134515100
2018-12-19,226.38246266332683,230.13524260112197,221.21906514046967,222.91357421875,214992800
2018-12-20,221.67152791499083,223.23296500175658,217.04929888317656,219.28500366210938,252053400
2018-12-21,220.18186223190455,222.8321839675242,214.14947386453696,214.79197692871094,255345600
2018-12-24,213.31065410867478,214.91691180258488,209.05408824030314,209.11654663085938,147311600
2018-12-26,210.57107225286427,219.68209838867188,208.59894240153716,219.68209838867188,218485400
2018-12-27,216.46069713767926,221.5650056323348,213.23926322091438,221.3686981201172,186267300
2018-12-28,222.7161726307013,224.34026776675762,219.92306940648027,221.08314514160156,153100200
2018-12-31,222.69832548812266,223.26051908414857,220.8332882654994,223.0195770263672,144299400
2019-01-02,219.5036463731044,224.1707189074987,219.47687654809107,223.25157165527344,126925200
2019-01-03,221.51144088559573,221.81485489677348,217.44226452889308,217.9241485595703,144140700
2019-01-04,220.94034498117475,225.866196858448,220.56555382761132,225.22369384765625,142628800
2019-01-07,225.49141469210105,228.40051582840488,224.59905087670086,226.99951171875,103139100
2019-01-08,229.1768824554094,229.6141320120839,226.66040995079652,229.1322479248047,102512600
2019-01-09,229.83720681574073,231.04190333289162,228.61467282727094,230.2030792236328,95006600
2019-01-10,228.67714800280606,231.26499748458872,227.99894282433766,231.01513671875,96823900
2019-01-11,229.94426573870612,231.13112467939558,229.36423479524905,231.10435485839844,73858100
2019-01-14,229.2125586590983,230.4975647437102,228.81101127814628,229.69444274902344,70908200
2019-01-15,230.06925535334858,232.6392676098816,230.06032300031862,232.32693481445312,85208300
2019-01-16,232.75522277360974,233.77253051091907,232.54999654199065,232.88909912109375,77636700
2019-01-17,232.02353358017845,235.5126795050289,231.97889904796466,234.65599060058594,96118400
2019-01-18,236.4585701004151,238.24329770473705,234.69167996833485,237.7792510986328,127900300
2019-01-22,236.31581002034758,236.52996863776605,232.96051310594098,234.56675720214844,115531200
2019-01-23,235.5929951823012,236.2890379149848,232.60357075666337,235.0575714111328,86030300
2019-01-24,234.8791098980127,235.76256873524682,233.87073426763428,235.18251037597656,59204100
2019-01-25,237.02077150031676,237.99347215348422,235.2806781682309,237.1724853515625,96883400
2019-01-28,235.03976376386785,235.4323788642441,233.61197593716147,235.36993408203125,85613700
2019-01-29,235.51268570154357,236.0748520668469,234.22767954385318,235.0575714111328,66136300
2019-01-30,236.56567202894044,239.61754127391015,235.80715727798884,238.77871704101562,92473700
2019-01-31,238.7162123476783,241.35760116657454,238.50202655014016,240.87571716308594,104012100
2019-02-01,241.07202393455245,242.00902206526078,240.2064301430401,240.99171447753906,85782500
2019-02-04,241.03636219764772,242.74971259966776,240.36708937749282,242.68724060058594,60744800
2019-02-05,243.11564161573628,244.0080055837186,242.6159199722891,243.70460510253906,79552800
2019-02-06,243.42795057373232,243.91873981486725,242.65159835498443,243.38331604003906,58347800
2019-02-07,241.77709744963002,242.3214264023821,239.41233836356707,241.06321716308594,95482000
2019-02-08,239.82278385087898,241.45579770825748,239.00179712931825,241.35765075683594,75788900
2019-02-11,242.00902597214602,242.26779181577442,240.96494854856473,241.49143981933594,68021400
2019-02-12,243.0977895056119,244.9717319393332,243.0263851421111,244.59695434570312,72270200
2019-02-13,245.426784936503,246.22990681214208,245.00737291226793,245.39108276367188,65277200
2019-02-14,244.31131709030282,245.97112762732067,243.49926290724264,244.84674072265625,83234400
2019-02-15,246.61362701514128,247.55062527003284,246.40840078649993,247.51492309570312,97088700
2019-02-19,246.72074905298658,248.5946912150516,246.7118167006475,247.9432830810547,59120800
2019-02-20,247.90758469716386,248.8981226746034,247.4078631485972,248.44300842285156,76610800
2019-02-21,247.80950745100557,248.16644762426458,246.60481053756558,247.5596466064453,64214700
2019-02-22,248.1752150059911,249.29066944882723,247.54164450763705,249.09437561035156,78114600
2019-02-25,250.5133279021836,251.03088698269073,249.3532384904223,249.4335479736328,69030700
2019-02-26,249.08549936705506,250.12954971036925,248.88024589954088,249.2550506591797,56844100
2019-02-27,248.5411821086898,249.49601801173603,247.61314326595388,249.14801025390625,56921600
2019-02-28,248.9337749360863,249.37105167582394,248.36267631809804,248.6839141845703,69268300
2019-03-01,250.25451655008104,250.64715881686314,248.8088914918301,250.23667907714844,78880500
2019-03-04,251.28958094091726,251.5305092954405,247.04192173156738,249.3263702392578,106494600
2019-03-05,249.45135123100573,249.6476723303093,248.44297591334555,248.9873046875,59114600
2019-03-06,249.10337210607034,249.11230445937753,247.15802538001947,247.47926330566406,75039800
2019-03-07,247.0330781283753,247.17585961549707,244.57017236568086,245.40899658203125,94885100
2019-03-08,243.5617990820547,245.08773368851894,243.09777966921686,244.91818237304688,85795800
2019-03-11,245.63207714734213,248.63040655157224,245.60530732168948,248.46978759765625,65098900
2019-03-12,249.02299793013128,249.924293930902,248.8356091888543,249.40670776367188,79667500
2019-03-13,250.29022784926497,251.9857137542711,250.12958165588518,251.05764770507812,80639200
2019-03-14,251.0844072122771,251.50381930289518,250.45976886914966,250.8970184326172,67518400
2019-03-15,251.4464445636101,252.94324092937174,251.25820304120282,252.13658142089844,81309000
2019-03-18,252.351703158269,253.34660426732648,252.12762953537845,253.05081176757812,62199800
2019-03-19,254.10841104901942,254.87023933773344,252.22618750919187,253.11351013183594,90268100
2019-03-20,252.89845368516478,254.09948500568512,251.24927512477552,252.35169982910156,84609200
2019-03-21,251.53609370694923,255.60525091513992,251.4912625717152,255.20193481445312,79550400
2019-03-22,253.84848123456993,254.36831991076338,250.2274444826354,250.29019165039062,122659300
2019-03-25,249.94965341580806,251.13276877053153,248.84722863990814,250.10203552246094,85575200
2019-03-26,251.84975542739926,252.91634795468534,250.56806099636958,251.96627807617188,68125900
2019-03-27,251.95726358737582,252.539876732289,249.10705443590894,250.648681640625,72224700
2019-03-28,251.27613255591731,252.04693258620367,250.12887685434526,251.59878540039062,56238500
2019-03-29,253.10457848881558,253.50789454083147,251.98421053421598,253.18524169921875,82186800
2019-04-01,255.17507631798742,256.48365873807614,254.90617153397596,256.1878662109375,77617900
2019-04-02,256.3760101004266,256.5463081929377,255.52451963787078,256.3132629394531,40070400
2019-04-03,257.5232425188391,257.91761413424587,256.11605413444335,256.7165832519531,68243200
2019-04-04,257.03931484795163,257.64878849405113,256.3491779856979,257.3978271484375,48997500
2019-04-05,258.06115177688133,258.69751328043895,257.77433094188007,258.64373779296875,58621700
2019-04-08,258.2224359901956,258.9484323049997,257.56813119604186,258.84088134765625,53566300
2019-04-09,257.8818272500247,258.20448010644867,256.9676168040888,257.51434326171875,66142300
2019-04-10,257.9266401002401,258.4823656270723,257.51435231828697,258.3927307128906,52601500
2019-04-11,258.8766514174543,258.88562311266236,257.7562836256189,258.3209533691406,55093100
2019-04-12,259.92546773688537,260.3467273476722,258.36592368334215,260.0688781738281,69727800
2019-04-15,260.14051873172986,260.2391253546279,259.10081378222185,259.8985290527344,49596700
2019-04-16,260.7769586585004,260.8307341532609,259.47732037871833,260.0688781738281,52153200
2019-04-17,261.1802532577738,261.20714100292923,259.02017988781523,259.4324951171875,58268300
2019-04-18,260.0149561591169,260.21214197970477,258.72429030667405,259.9432373046875,68708500
2019-04-22,259.18151727193475,260.3198015483036,259.09188234285483,260.16741943359375,40160100
2019-04-23,260.5348552038877,262.73975916905067,260.30183725475945,262.5067138671875,52246600
2019-04-24,262.42614772570613,262.7577724070379,261.780814411069,261.9242248535156,50392900
2019-04-25,261.82553404227406,262.41709166992746,260.5796989626639,261.7627868652344,57770900
2019-04-26,261.80748545459767,263.0533199034786,261.03665838357404,262.98162841796875,50916400
2019-04-29,263.07139009934167,263.91390906199985,262.98175518470526,263.39404296875,57197700
2019-04-30,263.05349888175925,263.8153547781804,261.6463371185243,263.5285339355469,81111700
2019-05-01,264.15585763921524,264.36201517554906,261.53866624356385,261.5476379394531,71671900
2019-05-02,261.4311489173669,262.34538672821753,259.49514969482624,260.9830017089844,65030200
2019-05-03,262.45296687976565,263.81532469782667,261.09058170896674,263.5374755859375,56543700
2019-05-06,259.2531340651493,262.89208684427564,258.9394255801766,262.4529113769531,107198100
2019-05-07,260.0597817341801,260.65133924554493,256.1698678134456,258.07000732421875,144729900
2019-05-08,257.7115783691406,259.41453259316427,257.1200206665922,257.7115783691406,91568300
2019-05-09,255.64997713847424,257.53217287474973,253.92010872963175,256.9316711425781,103471100
2019-05-10,255.99962249136024,258.9753267004435,253.02391828227698,258.2224426269531,112429300
2019-05-13,253.131505698292,254.0905200288982,250.8997137848511,251.73326110839844,127290500
2019-05-14,252.74609382656956,255.5335841272381,252.62062681179003,254.00987243652344,77003200
2019-05-15,252.38753798748832,256.1340420322565,252.18138042754515,255.4976806640625,73956400
2019-05-16,256.1968305524886,259.2173388055751,256.1251390237881,257.86395263671875,76749600
2019-05-17,255.56941814436465,258.67058934984783,255.55147474922455,256.1968078613281,100353000
2019-05-20,254.60131054907365,256.3042639400395,253.75879187147635,254.5027313232422,62877600
2019-05-21,256.1878317468838,257.1737611168127,255.93687039387783,256.7973327636719,46847100
2019-05-22,255.84737100449541,256.9587678444647,255.53366234241608,256.0086975097656,49482500
2019-05-23,253.7946728977069,253.83947666731174,251.47327416596514,252.88046264648438,98733800
2019-05-24,254.3145670546218,254.7268821770515,252.83568674916825,253.45413208007812,55268100
2019-05-28,253.73209378568433,254.68216409346266,251.07906881411918,251.09698486328125,70029400
2019-05-29,249.98547626642363,250.38879233781626,248.01361763049988,249.41183471679688,104972900
2019-05-30,250.16473961902375,250.998314274955,248.9995677340899,250.09304809570312,62523800
2019-05-31,247.55652073533304,248.38109625419122,246.69605842948016,246.7229461669922,86862800
2019-06-03,246.75881491471756,247.87021124414102,244.7690402055251,246.09556579589844,96428000
2019-06-04,248.3811324117829,251.57193870713078,247.93298515285497,251.4375,77231900
2019-06-05,253.0507781669029,253.64233573511405,251.2492450779357,253.61544799804688,71169700
2019-06-06,253.91126241776183,255.93686927504896,253.2659293196054,255.2646484375,69430400
2019-06-07,256.27746425638986,258.89465607265004,256.10716612351325,257.819091796875,74272200
2019-06-10,259.36067899996857,260.6603166850076,258.91253184688355,259.0021667480469,60799100
2019-06-11,260.8127666619331,261.18025074401487,258.2941809298953,258.93951416015625,58641300
2019-06-12,258.70643444478026,259.26213260858515,257.97146645593216,258.48236083984375,47096300
2019-06-13,259.38762374939733,259.907489878774,258.6885151310274,259.5489501953125,48945200
2019-06-14,259.2622375488281,259.8627397355885,258.5003815131245,259.2622375488281,52324700
2019-06-17,259.495125935518,260.1225429109013,259.1903891440477,259.3606872558594,39205700
2019-06-18,261.1712383067742,263.12515353382963,260.81269866463964,262.07647705078125,85434800
2019-06-19,262.210941361261,263.19687076799914,261.2429553500235,262.6680603027344,78674400
2019-06-20,265.33896606301266,265.5809556714044,262.7307464283125,265.1776123046875,116570000
2019-06-21,264.90935625937976,266.16125098349477,264.57611868862494,264.7922668457031,83309500
2019-06-24,264.9994000671468,265.31460693540845,264.31489432532715,264.468017578125,47582700
2019-06-25,264.52194695651394,264.5489654623911,261.7659494139915,261.8740234375,82028700
2019-06-26,262.76568952002185,263.270053340462,261.50477996892147,261.61285400390625,51584900
2019-06-27,262.3694314566564,263.044921742749,261.9911722884758,262.5405578613281,40355200
2019-06-28,263.51319292272876,264.3868279303758,262.999841309143,263.8914794921875,59350900
2019-07-01,267.20585754703865,267.42203306422226,265.0893164534945,266.2872009277344,78705600
2019-07-02,266.24220085033335,267.0347804260212,265.404599588386,266.9807434082031,61504500
2019-07-03,267.6562409177344,269.1333260737654,267.5121330376996,269.11529541015625,40898900
2019-07-05,267.89033395866653,268.97112897029047,266.6024062679419,268.8089904785156,51677300
2019-07-08,267.5031576476492,268.6289747449363,266.7916335461484,267.33203125,45841800
2019-07-09,266.17921005141125,267.96248683915957,266.12517302667766,267.665283203125,41101300
2019-07-10,268.7280047678734,269.88985558425395,268.1966224529746,268.94415283203125,58448500
2019-07-11,269.58363080958173,269.8177820454118,268.5749032177327,269.5746154785156,50826100
2019-07-12,270.0610735778993,270.8536533963706,269.75485455454003,270.7815856933594,40326000
2019-07-15,271.21389592419735,271.21389592419735,270.3672791135901,270.87164306640625,33900000
2019-07-16,270.7815808274925,270.98874111270794,269.69179733956526,269.9980163574219,36650100
2019-07-17,269.9709674033634,270.1330784852856,268.16064453125,268.16064453125,36036300
2019-07-18,267.66527620399694,269.5206206333886,267.22396468495583,269.142333984375,51392600
2019-07-19,270.2321187961376,270.2591373052025,267.47612092845327,267.6472473144531,58678600
2019-07-22,268.04355124978355,268.84514628615204,267.5301994978204,268.30474853515625,43638100
2019-07-23,269.42151612922413,270.22308349609375,268.5929027695212,270.22308349609375,44564500
2019-07-24,269.466692412443,271.4931640625,269.37662150861763,271.4931640625,47213200
2019-07-25,271.0427226212248,271.09675964355466,269.39451098285616,270.19610595703125,55394100
2019-07-26,270.8805916659106,272.2045535873242,270.75448696588677,272.00640869140625,45084100
2019-07-29,271.88933399800305,272.0064233726971,270.961661818355,271.51104736328125,38126500
2019-07-30,270.1150162620722,271.2498485590155,269.7367296678358,270.84454345703125,45849000
2019-07-31,271.08776437141046,271.2769214493316,265.8729989303073,267.8814392089844,104245200
2019-08-01,268.0346112139535,270.9797396278574,264.75621776268565,265.5487976074219,142646600
2019-08-02,264.6571304997098,264.9002971362273,262.0001907364451,263.54931640625,116749700
2019-08-05,259.46927002649414,259.57734405148346,253.7321114852776,255.6234893798828,178745400
2019-08-06,257.5059389600673,259.4243360091834,256.0378688244235,259.2081604003906,120711700
2019-08-07,256.14586625780424,260.12676707572143,254.02033705525537,259.3612060546875,140572300
2019-08-08,260.8473060496784,264.4499206542969,260.29792051564283,264.4499206542969,87713900
2019-08-09,263.51327105647977,264.10770585001865,260.874362075684,262.6486511230469,93730000
2019-08-12,261.15357642378325,262.6396497436987,258.50565196905086,259.45135498046875,65527600
2019-08-13,259.1541243644712,264.92731871564195,258.8118715111946,263.48626708984375,94299800
2019-08-14,259.4513252870701,260.0547478910904,255.5695099292407,255.69558715820312,135622100
2019-08-15,256.5781013037112,257.262606566608,254.33548351499164,256.3709411621094,99556600
2019-08-16,258.019294138563,260.5861353169893,256.42511942287445,260.1538391113281,83018300
2019-08-19,263.16203921415007,263.96360681327474,262.48654885595346,263.2881164550781,53571800
2019-08-20,262.78372151003504,263.3151038974845,261.1445526567622,261.2706298828125,51596400
2019-08-21,263.4232587515526,263.76548414054434,262.73875300201854,263.396240234375,49524700
2019-08-22,264.09874699254823,264.72918821676154,261.54988112141444,263.3151550292969,51666400
2019-08-23,262.0181829782447,263.67538246569245,255.30830200906564,256.55120849609375,149161500
2019-08-26,258.7308793470794,259.38836669921875,257.2087718019611,259.38836669921875,72423800
2019-08-27,260.7753021102791,261.1445734568892,257.6139985597237,258.37054443359375,66668900
2019-08-28,257.71308250775724,260.35199145283605,256.91148746063425,260.18988037109375,59696700
2019-08-29,262.73872607625174,264.035669739417,261.7389860715827,263.5132751464844,57899400
2019-08-30,264.99038771940667,265.0083909022667,262.4685678302421,263.396240234375,62901200
2019-09-03,261.7029833463762,262.61262500129374,260.53211690558965,261.8560791015625,69101400
2019-09-04,264.01763373547163,264.8462197315112,263.2700757868123,264.8282165527344,46887300
2019-09-05,267.30505471636684,269.1423687179154,264.79222286459446,268.23272705078125,83258100
2019-09-06,268.5479208659887,269.07930324088835,267.8724306034567,268.4398193359375,49584300
2019-09-09,269.42159848406766,269.51164187797576,267.63829401515704,268.5749816894531,51260300
2019-09-10,267.81841132882255,268.57498473811705,266.5665167900906,268.5119323730469,57947100
2019-09-11,268.8181022138992,270.50232018051446,268.1696304715146,270.4212646484375,68821100
2019-09-12,271.321967859559,272.4117513041566,270.5654219362683,271.3580017089844,72908700
2019-09-13,271.7992180199048,272.1504860856826,270.8084936512851,271.1777648925781,62104800
2019-09-16,270.0520246738491,271.22289107314236,269.70078399410147,270.3402404785156,58191200
2019-09-17,270.142068731276,271.1147626182504,269.9709423321039,271.02471923828125,41475500
2019-09-18,270.6374764872449,271.29496371666545,268.6110052506445,271.1868896484375,73375800
2019-09-19,271.57397561444435,272.56469969477223,270.8354333467675,271.1686706542969,76560500
2019-09-20,271.7696332635808,272.0501507115491,269.100451345295,269.88763427734375,89565000
2019-09-23,269.2270389853923,270.53902859724644,268.97369250459167,269.82421875,43476800
2019-09-24,270.9100771613818,271.2991401437469,266.747931631159,267.70703125,94869400
2019-09-25,267.7883518824578,269.73369361350143,266.3135028024092,269.29034423828125,71854000
2019-09-26,269.29949827937514,269.507587597765,267.32701256150625,268.7294616699219,56179700
2019-09-27,269.4804578779437,269.5890586383506,265.7345462186397,267.2817687988281,84746600
2019-09-30,267.7975229006122,269.22711538810705,267.75229329262123,268.5213623046875,51662400
2019-10-01,269.3989896786448,270.0504560848609,265.110185278463,265.32733154296875,88242400
2019-10-02,263.75303184079075,263.7620888083091,259.3556532089676,260.6404724121094,122539500
2019-10-03,260.4142414543203,262.80296115805885,257.70885927355687,262.77581787109375,85278800
2019-10-04,263.42725373830876,266.5850420764219,263.37293955799163,266.3316955566406,65091200
2019-10-07,265.5354770003789,267.1551000311265,264.9020968438826,265.1825866699219,59610500
2019-10-08,263.33679390363403,264.0696902542639,261.02950409268243,261.0657043457031,95708100
2019-10-09,263.07442896754986,264.476878334848,262.4501056717316,263.544921875,62359400
2019-10-10,263.4634191387641,266.20500117894466,263.3005594403848,265.32733154296875,55296300
2019-10-11,268.06897647988654,270.30386601879087,267.9513739674856,268.0780334472656,98720400
2019-10-14,267.7613050131464,268.4308854111592,267.4355855865738,267.7794189453125,40394800
2019-10-15,268.8199151174833,271.1724341538124,268.7022850237621,270.43048095703125,46754500
2019-10-16,269.9690420180844,270.6838519974688,269.5618927483342,269.9961853027344,48928200
2019-10-17,271.1543085338405,271.66100152133464,270.10472231326054,270.7923889160156,45736600
2019-10-18,270.2586137211803,270.901023258945,268.7566207357212,269.6071472167969,64304000
2019-10-21,270.9191530022715,271.63393547659007,270.4848327697691,271.43487548828125,39048600
2019-10-22,271.968722907503,272.258269740881,270.4577004188405,270.5481872558594,48594700
2019-10-23,270.29476731931624,271.38958319579564,270.0866504119283,271.3352966308594,34352200
2019-10-24,272.2673850105373,272.41215845822745,270.9553946245843,271.7787780761719,35453100
2019-10-25,271.2086047238799,273.4344642972805,271.1543181599138,272.8915710449219,45205400
2019-10-28,274.10402913693105,274.92741221048794,274.0768858537456,274.42974853515625,42147000
2019-10-29,274.1582941517787,275.27122390029245,274.03160709840614,274.3482971191406,44284900
2019-10-30,274.5473822708717,275.56076834015374,273.2444494353092,275.1898193359375,49643900
2019-10-31,275.18074553352045,275.18074553352045,273.0092001446827,274.4568786621094,69053800
2019-11-01,275.8955169845089,277.0446192410411,275.7326297032093,276.9993896484375,71141500
2019-11-04,278.5466859006218,278.6824023272669,277.74138908135876,278.11236572265625,60606900
2019-11-05,278.31144163213037,278.61004540055967,277.51520173325594,277.80474853515625,42933200
2019-11-06,277.80466795268586,278.13944426471744,276.92699844774336,277.8680114746094,46487100
2019-11-07,279.1980439936019,280.1752294988642,278.3746611746068,278.84515380859375,54272300
2019-11-08,278.50142839994095,279.5872150373997,277.804732335404,279.5329284667969,49032100
2019-11-11,278.1575237620495,279.1709095366087,278.02177977110307,278.9989929199219,35797300
2019-11-12,279.36101598647036,280.4829752793879,278.8181226595838,279.58721923828125,46484600
2019-11-13,278.6008525779168,280.07570154240864,278.37464942661904,279.6775817871094,53917700
2019-11-14,279.3970475855091,280.16614369995597,278.76366781768576,280.0846862792969,51219900
2019-11-15,281.4149096673068,282.1568629025422,280.7272706119639,282.11163330078125,62023600
2019-11-18,281.8763222079318,282.5549317880183,281.4239158212075,282.3196716308594,49228000
2019-11-19,282.9168297430437,282.92588670614794,281.5958109263683,282.23822021484375,67804700
2019-11-20,281.6501841603827,282.16593418758833,279.6414982342091,281.188720703125,79406200
2019-11-21,281.29736597532883,281.4059391324079,279.94014628642975,280.7363586425781,54664700
2019-11-22,281.4782563218255,281.6139727413129,280.3562971037963,281.3606262207031,44850200
2019-11-25,282.28352322604525,283.54119873046875,282.28352322604525,283.54119873046875,48647200
2019-11-26,283.5773846335351,284.3645673561452,283.26069462912875,284.18359375,37569000
2019-11-27,284.66313758126563,285.4503479003906,284.4459913485111,285.4503479003906,44444600
2019-11-29,284.8893902243896,285.13370739133796,284.1655509144457,284.3917541503906,36592700
2019-12-02,284.6450416588715,284.70838517885187,281.5505974957822,281.9758605957031,75767800
2019-12-03,279.2703605868704,280.16614369995597,277.8950555866099,280.0846862792969,73941700
2019-12-04,281.1253493266502,282.41016804558075,280.78151604300257,281.81298828125,49080000
2019-12-05,282.50970219442365,282.5277885093226,281.01673902807784,282.3196716308594,40709000
2019-12-06,284.2199495947948,285.2966796316331,284.2108926257205,284.8985595703125,48927000
2019-12-09,284.5093480042442,285.17890066127535,283.93025453990657,284.0026550292969,34838500
2019-12-10,283.94837758133656,284.6088732952171,283.03450775915456,283.68597412109375,52649800
2019-12-11,284.1383512229646,284.7445879245337,283.6045150056367,284.4912414550781,53429100
2019-12-12,284.5003229017807,287.72145472298655,284.2650903166584,286.9433288574219,96389600
2019-12-13,286.7080880016024,288.33676795280417,285.93899143681557,287.1152648925781,81503900
2019-12-16,288.83433053350143,289.6757997737845,287.0518482906718,289.0876770019531,82749700
2019-12-17,289.4677214948956,289.7662975676277,289.0696016561228,289.1510314941406,61097700
2019-12-18,289.540104991012,289.76630819803626,289.11484185729864,289.16912841796875,48133000
2019-12-19,289.3592531702932,290.4269537424869,289.1059065763015,290.35455322265625,85310500
2019-12-20,291.3819840339873,292.75497802122635,290.4090951458185,291.62750244140625,147142100
2019-12-23,292.4093592772884,292.46391273935615,291.92745186338635,292.07293701171875,52990000
2019-12-24,292.30030617360654,292.3457581508804,291.78202044007725,292.08209228515625,20270000
2019-12-26,292.46394678754814,293.6460033496912,292.4548730417836,293.63690185546875,30911200
2019-12-27,294.36421068864865,294.4187641405281,293.0366971121668,293.5640563964844,42528800
2019-12-30,293.6460210741499,293.7824047534291,291.4637712118447,291.9456787109375,49729100
2019-12-31,291.4456015823898,292.900425602452,291.10007775592334,292.6549072265625,57077300
2020-01-02,294.1825702372799,295.41007921570383,293.26420694072004,295.3918762207031,59151200
2020-01-03,292.01851312055277,294.2734922975742,291.9639596342792,293.15509033203125,77709700
2020-01-06,291.4092110411044,294.3552371881082,291.29100260562666,294.2734069824219,55653900
2020-01-07,293.70958866181826,294.1824223186019,293.0003659250968,293.4459228515625,40496400
2020-01-08,293.63695478138766,296.21925449633176,293.3914641292551,295.00994873046875,68296000
2020-01-09,296.5647551368362,297.08304088810894,295.9828144164329,297.0102844238281,48473300
2020-01-10,297.5922581006665,297.7468170445733,295.69190455067536,296.1556091308594,53029300
2020-01-13,296.77387604888196,298.20139552344506,296.34652203143133,298.19232177734375,47086800
2020-01-14,297.7558766573116,298.80152187526085,297.183037449198,297.7377014160156,62832800
2020-01-15,297.6467461600431,299.1651972676741,297.56491595799633,298.4105224609375,72056600
2020-01-16,299.78349174098173,300.8927917480469,299.5561763932098,300.8927917480469,54050300
2020-01-17,301.60209133261856,302.03851915247486,300.82921340367295,301.82940673828125,95846000
2020-01-21,300.8746127318583,302.0384662952364,300.80188402409743,301.2383117675781,77742400
2020-01-22,302.09304908519476,302.7386447658529,301.1201603136158,301.27471923828125,48914900
2020-01-23,300.62911709140155,302.02938749135257,299.51981701453644,301.6202087402344,51963000
2020-01-24,302.27483696389464,302.35666715329256,297.65577389588447,298.9378356933594,87578400
2020-01-27,293.7186726961124,295.61902545785193,293.3822504593696,294.1460266113281,84062500
2020-01-28,295.56458182841783,298.1014295336754,294.23706762447324,297.2285461425781,63834000
2020-01-29,298.5832802273967,298.8105955905337,296.78293256190744,296.98297119140625,53888900
2020-01-30,294.92799254211405,298.15588692212685,294.1824193381583,297.9467468261719,75491800
2020-01-31,297.3285417837924,297.4831284643793,291.6274815683934,292.5367431640625,113845600
2020-02-03,294.0096261523135,296.5646480050936,293.89141775190467,294.7097473144531,69083000
2020-02-04,298.3014390790439,300.06540868055777,297.9831919914277,299.20159912109375,62573200
2020-02-05,302.1202469180403,302.8658478554075,300.6654510138987,302.6567077636719,65951100
2020-02-06,303.6115464439113,303.86613858386636,302.6022516312046,303.6752014160156,50359700
2020-02-07,302.6205005372842,303.68432123946525,301.51120009878736,302.0567626953125,64139400
2020-02-10,301.17461923531704,304.3752089033495,301.13824101509744,304.3115539550781,42070000
2020-02-11,305.6572577782839,306.4392091152202,304.31154117120803,304.83892822265625,54864500
2020-02-12,306.2665812903475,307.0121824833329,305.9028821896233,306.8030700683594,43992700
2020-02-13,305.3845525961196,307.43949245570366,305.11178524682026,306.4756774902344,54501900
2020-02-14,306.8847530746782,307.08479164638896,305.6936231358161,306.9665832519531,64582200
2020-02-18,305.97555952859676,307.03030607184627,304.7935030713638,306.17559814453125,57226200
2020-02-19,307.13944365167055,308.31237098409207,306.8575748122398,307.6395263671875,48814700
2020-02-20,307.0939679878166,307.91232553087383,303.4023685434506,306.37567138671875,74163400
2020-02-21,305.0299414355744,305.3390870004765,302.40216251122024,303.22052001953125,113788200
2020-02-24,293.8187317949431,303.29321971101865,292.09111299686066,293.1640625,161088400
2020-02-25,294.5461162383918,295.155305787831,283.4076649920906,284.2805480957031,218913200
2020-02-26,285.671768973568,289.2451599784566,282.5075567395727,283.2349548339844,194773800
2020-02-27,277.7429540817692,283.28945366437136,270.51434326171875,270.51434326171875,284353500
2020-02-28,262.5037634964114,270.8598775435434,259.63049429346006,269.3777770996094,384975800
2020-03-02,271.15081146386314,281.1072340538252,267.7410815013355,281.0435791015625,238703600
2020-03-03,281.41644425276655,285.3626359732163,270.5689608318298,272.9966735839844,300139100
2020-03-04,278.343143597917,284.68979925998445,275.8062960824147,284.4715576171875,176613400
2020-03-05,277.3065542615763,280.47986769668034,272.7875239528955,275.01519775390625,186366800
2020-03-06,266.5500180417733,271.66916501204014,263.89498985282967,270.46893310546875,228667200
2020-03-09,250.31969051543348,258.4030389140831,248.63757886753456,249.3468017578125,309417300
2020-03-10,258.8121691635351,262.34007996344667,248.68298420253547,262.2491760253906,276444100
2020-03-11,255.22975484448276,256.35723040474625,246.30079883117557,249.4650115966797,255316300
2020-03-12,232.77091945781268,242.4636493556754,225.20585791580433,225.5968475341797,392220700
2020-03-13,239.21762975002818,246.84634785297558,225.96969552263758,244.88233947753906,329566100
2020-03-16,219.29565492416742,233.5892450551575,215.82228363619473,218.0863494873047,297240000
2020-03-17,222.80544944835165,232.92554905643092,215.55864748542567,229.861328125,262070500
2020-03-18,214.81303238868713,225.8332774835406,207.3298140234867,218.22276306152344,327597100
2020-03-19,217.5408131695705,224.93311358035257,211.14870595523684,218.6864776611328,289322000
2020-03-20,221.81992633759734,223.5942684841913,208.98797436710205,209.26235961914062,347158800
2020-03-23,208.70449460459687,210.06725219916268,199.6224258670049,203.9119415283203,326025200
2020-03-24,214.4024524745698,223.25586710368103,213.83539985668068,222.38697814941406,235494500
2020-03-25,223.96012504187064,234.45983814371337,219.2773351144632,225.71617126464844,299430300
2020-03-26,228.21300077805662,240.35898040936877,227.78313388518464,238.8956298828125,257632800
2020-03-27,231.64281313729845,238.53895253940948,229.6123819008434,231.77999877929688,224341200
2020-03-30,233.8653344995222,240.02064431878614,231.88063620581642,239.3072509765625,171369500
2020-03-31,238.31025001572158,240.8437040400313,234.3408547822209,235.74020385742188,194881100
2020-04-01,226.80460984818046,235.65802730423897,223.07300552760884,225.13087463378906,189554600
2020-04-02,224.25277750810542,231.1031837108158,223.70400702849605,230.32577514648438,177660400
2020-04-03,229.34714837779504,231.68855710462185,224.2802250645069,226.99661254882812,135561200
2020-04-06,235.8225935231229,244.2004086447503,226.97833320682912,242.24313354492188,188061200
2020-04-07,250.79468057924873,251.54466592390668,242.27055425611888,242.49005126953125,201427200
2020-04-08,245.07840276494375,252.4318604274332,242.59982238542267,250.6300811767578,153774500
2020-04-09,253.87691974147597,257.1878247130065,251.94710992928742,254.44400024414062,189999200
2020-04-13,253.47455622786137,253.8129568310891,248.23384065027605,252.1209259033203,114839100
2020-04-14,256.9866545266391,260.5719034927361,251.9837459245979,259.55670166015625,134143400
2020-04-15,253.86784815593566,259.69389891968154,251.938010010102,254.0416259765625,121775000
2020-04-16,255.31277855452834,256.11763793724333,252.2122724229523,255.26705932617188,131798300
2020-04-17,261.0108843332455,262.76691639123914,258.2853419351938,262.1632995605469,146684800
2020-04-20,258.477384853948,262.3004679707895,257.3249976139845,257.54449462890625,100109300
2020-04-21,253.09956197216107,254.2976965983367,248.79173683274226,249.7246551513672,126385700
2020-04-22,254.58110343112392,257.00480867797,253.26406587970249,255.26705932617188,92951600
2020-04-23,256.5384105522482,259.69381958213233,254.94700143019716,255.24880981445312,104709700
2020-04-24,256.7580183558884,259.47440633757606,254.71843163785363,258.8067321777344,85063200
2020-04-27,260.77308193998005,263.6540921481232,260.31577784625483,262.53826904296875,77896600
2020-04-28,266.16921952958876,266.51677504774557,261.029126853578,261.3309631347656,105270000
2020-04-29,266.6356759130228,269.69961837336587,265.61131939279846,268.1722106933594,118745600
2020-04-30,266.80036532536803,268.27289912485736,263.94679204552654,265.6754150390625,122901700
2020-05-01,260.94680035075305,265.83995862251214,257.4804282938248,258.6419982910156,125180000
2020-05-04,256.7671721920407,259.6573382982621,255.2946659571926,259.35552978515625,80873200
2020-05-05,262.16329381700166,264.5504076936841,259.4834707215646,261.751708984375,79569900
2020-05-06,263.4437285183799,263.827848295089,259.54748902772616,259.97735595703125,73632600
2020-05-07,263.1785007061858,265.03515417332994,262.6114481071013,263.1144714355469,75250400
2020-05-08,266.23335170995387,267.93453782182627,265.1083733470764,267.46807861328125,76452400
2020-05-11,265.54736149059846,268.89483110476766,265.12664950208534,267.5229187011719,79514200
2020-05-12,268.70274053027424,269.11429745742555,262.0535213092714,262.19073486328125,95870800
2020-05-13,261.6327942663051,262.66630589864803,255.1390710892638,257.55364990234375,144721100
2020-05-14,255.12999344010436,260.7639559394108,249.67890794003233,260.63592529296875,121977900
2020-05-15,258.2578937473351,261.8797341345246,257.3158484879118,261.8340148925781,111146300
2020-05-18,268.0258902625386,271.4099513684289,267.7057997595582,269.80938720703125,119703800
2020-05-19,269.2148881042302,270.9160456986361,267.01983434205823,267.0381164550781,95189300
2020-05-20,270.5594441426367,272.43438006323834,270.33079205906915,271.57464599609375,85861700
2020-05-21,271.4466122793838,272.25147207031785,268.611320892823,269.69970703125,78293900
2020-05-22,269.4161179191645,270.3856002837618,268.18139138715867,270.2118225097656,63958200
2020-05-26,276.147685456707,276.3854925534355,270.2301684648863,273.5410461425781,88951400
2020-05-27,276.32142205120357,277.6476150920947,271.51972905102286,277.61102294921875,104817400
2020-05-28,278.63538150701766,280.63837569046694,276.4311724038547,277.0988464355469,90405200
2020-05-29,276.6323411356739,278.9188612453655,273.8976720162019,278.3335266113281,119090800
2020-06-01,277.6933394698057,280.06217137761803,277.1811611065829,279.4585266113281,55758300
2020-06-02,280.37311161244173,281.8182080910608,279.04694656843077,281.7724609375,74267200
2020-06-03,283.74796666125695,286.4735084502443,283.4735954358911,285.5223083496094,92567600
2020-06-04,284.5436868628639,286.2723094131286,282.6870337042213,284.7723388671875,75794400
2020-06-05,290.1412042675265,293.83620174403694,290.0771749870268,292.0710144042969,150524700
2020-06-08,292.87583692887944,295.7934392999696,292.3362214439441,295.60137939453125,73641200
2020-06-09,292.9489483181037,295.674490365222,292.08921451504034,293.3971252441406,77479200
2020-06-10,293.9734045940547,294.86057573896727,291.0466469438034,291.7600402832031,95000800
2020-06-11,284.86387360342525,285.49495551971415,274.3916260395954,274.94036865234375,209243600
2020-06-12,281.9188104439579,282.68707794933687,273.1020022913101,278.2329406738281,194678900
2020-06-15,272.57144431996073,281.9553305814457,271.4007472900218,280.8303527832031,135782700
2020-06-16,288.54060937107715,288.68695003469736,281.39752145340583,286.23577880859375,137627500
2020-06-17,287.25102322318884,287.5437045654918,284.3151106090864,285.04681396484375,83398900
2020-06-18,283.53770864356693,285.63214141110257,283.0804045248097,285.15655517578125,80828700
2020-06-19,288.606893993327,288.7997990416287,281.5885255828859,283.52685546875,135549600
2020-06-22,282.9298155199833,285.74083072241143,281.7907193825039,285.3458251953125,74649400
2020-06-23,287.9822576249924,288.91008594994315,286.25522305494576,286.659423828125,68471200
2020-06-24,284.6292467086996,285.2447431567849,277.5190362259304,279.34710693359375,132813500
2020-06-25,278.7775875200807,282.60829987594445,276.7657787916315,282.3418884277344,89468000
2020-06-26,281.2487273580822,281.4600230740783,275.0571489247479,275.6358642578125,127961000
2020-06-29,276.88516190649545,279.82477053732015,274.6069420891826,279.6869812011719,79773300
2020-06-30,279.2552015830545,284.95993198050036,279.0990496919848,283.2696228027344,113394800
2020-07-01,284.3812217292925,286.5124569965103,283.9219052338294,285.25390625,72396500
2020-07-02,288.6712318949843,290.012456292064,286.1633816866912,286.8247985839844,69344200
2020-07-06,290.6279302554761,291.83133729460695,289.8838397361495,291.2525939941406,61713800
2020-07-07,289.71844493786637,291.68430474186584,287.87198386046487,288.2486267089844,82910000
2020-07-08,289.0111389985439,290.56363114196824,287.256574491188,290.4533996582031,54638600
2020-07-09,291.05963368656217,291.29848720257166,285.4008518720043,288.7998046875,83354200
2020-07-10,288.73557224712687,292.01509919724424,287.3117021320966,291.7486877441406,57550400
2020-07-13,294.081988558485,296.45204937769444,288.57019052506786,289.222412109375,102997500
2020-07-14,287.807747773912,293.74213796529875,286.6135359213563,292.9704895019531,93657000
2020-07-15,296.1764500267383,296.7551932653832,293.2919291339535,295.6620178222656,87196500
2020-07-16,293.76956917243285,295.1383229718875,293.1265150463496,294.6882019042969,54622500
2020-07-17,295.6895871795454,296.32344617655446,293.7236991518469,295.5426025390625,62774900
2020-07-20,295.2761374776364,298.67509008942426,294.5320471440715,297.9309997558594,56308800
2020-07-21,299.88780591530656,300.3287318894932,297.582027715605,298.5649719238281,57292200
2020-07-22,298.20667510548435,300.57676422399317,298.09644361801094,300.264404296875,57792900
2020-07-23,299.9061432651097,300.6043133781374,295.32217315904694,296.6817321777344,75738000
2020-07-24,294.83524609108844,295.7906041405015,293.27355891752757,294.77093505859375,73766600
2020-07-27,295.45993962173293,297.09510525887373,294.6699006548691,296.9205627441406,48293000
2020-07-28,296.19487323057496,297.30643950213306,294.7434452210572,295.03741455078125,57495000
2020-07-29,295.910055607234,299.2263352942239,295.8733024378187,298.66595458984375,48454200
2020-07-30,295.7079903642907,298.0137684247476,293.63189861413105,297.6003723144531,61861700
2020-07-31,299.38250887264957,300.053121099359,295.18434905701736,299.9520568847656,84986800
2020-08-03,301.6055948819654,302.7998065744939,301.063604773236,302.037353515625,53077900
2020-08-04,301.18291522501505,303.20391845703125,301.18291522501505,303.20391845703125,41917900
2020-08-05,304.49930864404297,305.344463414178,304.2328972007619,305.08721923828125,42697700
2020-08-06,304.5084445350137,307.24595264171285,304.1869174123309,307.12652587890625,43679400
2020-08-07,306.16209269255705,307.63191151987166,305.261822002642,307.3471374511719,57308300
2020-08-10,307.79708281522653,308.4493042092727,305.8679484593915,308.2655944824219,44282100
2020-08-11,309.4415500274836,310.0754090778702,304.99536940766205,305.7210693359375,69601100
2020-08-12,308.1462545152505,310.755168860554,308.11869664674026,309.9835205078125,53774400
2020-08-13,309.22102584901387,310.72759735332505,308.50449326474353,309.4231262207031,41816100
2020-08-14,309.0373370596852,309.96516537922156,308.31160912555913,309.4323425292969,47260400
2020-08-17,310.4428410719962,310.8102886684304,309.4415344570698,310.415283203125,35481000
2020-08-18,310.8103002489864,311.5084703323429,309.22105499298743,311.0859069824219,38733900
2020-08-19,311.46241761541813,311.97684970430777,309.2301467974385,309.79052734375,68054200
2020-08-20,308.0727973930236,311.23289764783453,307.9442033309167,310.7552185058594,42207800
2020-08-21,310.42447869422375,312.07800689641704,310.0845609319981,311.8575439453125,55106600
2020-08-24,314.28274638944663,315.0911479893347,311.8300117530821,315.0176696777344,48588700
2020-08-25,315.578035456616,316.2026992516571,314.42054875121903,316.1200256347656,38463400
2020-08-26,316.70785911362395,319.5555984201468,316.1658691154648,319.2892150878906,50790200
2020-08-27,320.1527714738535,321.4296566689116,318.3338681796613,319.9873962402344,58034100
2020-08-28,321.0071247417891,322.18297388597506,319.82208029637775,322.0543518066406,48588900
2020-08-31,321.84311210346374,322.7157967275495,320.65806755514126,320.8877258300781,66099200
2020-09-01,321.71445732028485,324.0110398362748,320.8233821827026,323.9100036621094,54908700
2020-09-02,325.8114841227356,329.559493342527,324.6723604690829,328.5949401855469,69540000
2020-09-03,326.91396998023686,327.3824818511358,314.714523042197,317.2867126464844,148011100
2020-09-04,317.96646795020814,319.52812734335566,307.6226506452831,314.6961364746094,139156300
2020-09-08,309.3129947051595,314.76051120053427,305.79464168204737,306.0977783203125,114465300
2020-09-09,310.08448592607925,314.59497627275397,309.2209688638553,312.1422424316406,91462300
2020-09-10,314.0071344529514,314.6593560242993,305.76699543534016,306.7223815917969,90569500
2020-09-11,308.4953124238538,309.5517346698308,304.0674950426978,306.8785095214844,84680200
2020-09-14,310.0294570524929,312.6843200062255,307.02553709097856,310.9205322265625,65605700
2020-09-15,313.3640785558133,314.1908426333069,310.92970675868344,312.49139404296875,52920900
2020-09-16,313.7223455643582,315.1462154132683,310.97561399935194,311.251220703125,82096000
2020-09-17,306.419220280496,310.2223743451593,305.89559274386187,308.5137023925781,91523300
2020-09-18,309.31525102875935,309.4259237792602,302.4901593299551,304.9619445800781,105877900
2020-09-21,300.3964860710057,301.71538308915785,296.73491293099994,301.56781005859375,99450800
2020-09-22,303.043459504694,305.19242981762375,300.54397867680115,304.6390380859375,63612100
2020-09-23,305.1923890488942,305.46909895110974,297.07607189061287,297.5741271972656,93112200
2020-09-24,296.26444372300983,301.41092156228456,294.954751030624,298.3673095703125,76681300
2020-09-25,297.51886972503877,303.9750423791619,296.6519238635727,303.19110107421875,71069400
2020-09-28,307.33225602777424,308.9370670302283,306.34537719783094,308.2268981933594,64584600
2020-09-29,308.02388896731526,308.7617257497087,305.8564547173646,306.5481872558594,51304000
2020-09-30,307.2123221968008,312.0083468241908,307.0186449225947,308.87249755859375,104081100
2020-10-01,311.4549036577027,312.4233180156539,308.9831193152461,310.85540771484375,88698700
2020-10-02,305.93029309925635,310.82775782543484,305.4599059080019,307.9040222167969,89431100
2020-10-05,309.95151622947265,313.5485198308616,309.9054119851824,313.36407470703125,45713100
2020-10-06,313.50250890517106,315.5869392662672,308.4021338856836,308.9093933105469,90128900
2020-10-07,311.85146494707334,315.0887821811793,311.82379677185315,314.286376953125,56999600
2020-10-08,316.2140965427438,317.13640685603946,315.30099019284074,317.07183837890625,45242500
2020-10-09,318.7135321923036,320.3644754439447,318.09560007830606,319.9033203125,59528600
2020-10-12,322.4304166025766,326.51624399741416,321.9415933267458,325.0497741699219,80388500
2020-10-13,324.9114587531888,325.08669995512446,321.96928675859624,322.9284973144531,73255500
2020-10-14,323.50033584861643,324.5886552411015,320.1708091953333,320.8994140625,57727900
2020-10-15,317.0072741197945,320.98242937125696,316.4723465155033,320.5028381347656,60357700
2020-10-16,321.84932413381205,323.50026709141184,320.1338408607783,320.30908203125,89501900
2020-10-19,321.5634874612231,322.19065172366453,314.54471943593575,315.4393615722656,68425600
2020-10-20,316.77671434018436,319.93102821542567,316.0204412221937,316.70294189453125,60051900
2020-10-21,316.6567266013599,318.8149570886233,315.7989849301,316.1033630371094,63575000
2020-10-22,316.3155349317443,318.4184013053326,314.1850003748197,317.83734130859375,55399300
2020-10-23,319.0547837817538,319.1101201460179,316.47232629384683,318.91644287109375,49143900
2020-10-26,315.5500092529845,316.3339785921289,309.54576053915537,313.02288818359375,91473000
2020-10-27,313.3641216886395,313.6961398493141,311.7316146253023,311.9437561035156,65994100
2020-10-28,306.2993232859685,311.9715272428659,300.79312846419606,301.2819519042969,127094300
2020-10-29,301.5124642403669,307.49824909412393,299.83385273532434,304.3439636230469,90597700
2020-10-30,302.7760758374179,304.0765369599881,297.5373591944508,301.1712646484375,120287300
2020-11-02,304.5468444824219,306.5390097792582,301.81678597834804,304.5468444824219,86068300
2020-11-03,307.7657776282638,311.9715110465133,304.62992771419084,309.9239807128906,93294200
2020-11-04,314.3786813421589,320.90865415281115,313.2073573716277,316.8504943847656,126959700
2020-11-05,322.10759705001647,324.8284233294965,321.75711467946127,323.0299072265625,82039700
2020-11-06,322.7440352568417,324.20130128726,320.64116890696374,322.9561767578125,74973000
2020-11-09,335.69313007193074,336.071280502496,326.55303573118715,327.0141906738281,172304200
2020-11-10,326.02747194823814,327.58617866916313,323.27900515845005,326.5347595214844,85552000
2020-11-11,328.7112854292225,329.78116842979665,327.4753933802838,328.9603271484375,58649000
2020-11-12,327.9550663459089,329.00651354142656,323.97070745695135,325.7691955566406,67546200
2020-11-13,327.669173455097,331.01716438135384,327.1526819336186,330.2793273925781,62892200
2020-11-16,332.9355382509408,334.5956853129893,331.6535135928725,334.4020080566406,74541100
2020-11-17,332.0040195958482,333.8025358299785,330.5006493949441,332.603515625,66111000
2020-11-18,332.8711018836472,333.4152617271212,328.5638992577075,328.6007995605469,70591300
2020-11-19,327.9735317794911,330.3530798490243,326.63617065322336,329.9841613769531,59940900
2020-11-20,329.7259129229104,329.9288223028838,327.65071486954946,327.7244873046875,70417300
2020-11-23,329.52307778759223,330.9434437674279,327.30030621646875,329.6890869140625,63230600
2020-11-24,332.22548411342024,335.54580781049594,331.3769741471417,335.00164794921875,62415900
2020-11-25,334.91847222586523,334.94614040309006,333.39666618515844,334.4849853515625,45330900
2020-11-27,335.5733419142613,335.88692400664513,334.4112220479706,335.41656494140625,28514100
2020-11-30,334.6418399539096,334.90931782692627,331.26620896255025,333.9316711425781,83872700
2020-12-01,337.16896165443563,339.1150227531008,336.57866958962217,337.583984375,74231400
2020-12-02,336.4772371080401,338.45096643579234,335.90540924809943,338.294189453125,45927000
2020-12-03,338.1927942556074,339.58549206347914,337.1044746630616,338.2020263671875,62882000
2020-12-04,338.7829809388243,341.1164245605469,338.69074429179847,341.1164245605469,50749900
2020-12-07,340.3508978397775,340.90428958580924,339.1519058456032,340.41546630859375,48944300
2020-12-08,339.15188893607467,341.97415573878243,339.10578468731796,341.41156005859375,42458900
2020-12-09,342.0663961179011,342.22317308272335,337.51941379129926,338.3494873046875,74098300
2020-12-10,336.9845044596191,339.2810480632366,336.1175305396437,338.2388610839844,57735400
2020-12-11,336.5510258365132,338.24807342601844,335.03845156732064,337.8422546386719,57698600
2020-12-14,340.0005174178294,341.0703727066199,336.15447068733243,336.3297119140625,69216200
2020-12-15,338.8568165510045,340.8766784667969,337.4918152485287,340.8766784667969,63865300
2020-12-16,341.0887458772807,342.32463809868386,340.2125399775271,341.41156005859375,58420500
2020-12-17,343.04408843782375,343.52367965151916,342.2232187766809,343.3207702636719,64119500
2020-12-18,343.6079012926033,343.77461802271546,339.949235092986,341.9499206542969,136542300
2020-12-21,338.0505010968188,350.54549505048345,335.32734770004896,340.7273254394531,96386700
2020-12-22,341.0514401770329,341.1625846556748,339.03224010396457,340.1529846191406,47949000
2020-12-23,341.11636406536365,342.3575248130481,340.13454991769294,340.458740234375,46201400
2020-12-24,340.93098740123696,341.8109282065022,340.34747895141084,341.78314208984375,26457900
2020-12-28,344.3210549674562,345.1083660073762,343.70048890382196,344.7193603515625,39000400
2020-12-29,346.2383800178018,346.41436818810644,343.47816979581654,344.06170654296875,53680500
2020-12-30,344.8768330723695,345.580785813549,344.1636371354638,344.5526428222656,49455300
2020-12-31,344.35813994007736,347.0257205730323,343.8487183090097,346.3032531738281,78520700
2021-01-04,347.6278318976167,347.75751932664036,337.9115637845254,341.5887451171875,110210800
2021-01-05,340.9494813694871,345.0249380719067,340.90315233727534,343.94122314453125,66426200
2021-01-06,342.44088464548366,349.17468134346575,341.8944053169438,345.9976501464844,107997700
2021-01-07,348.3595799979264,351.87928786836846,348.1835917777384,351.1383056640625,68766800
2021-01-08,352.5183216455743,353.3519335138123,349.28574719059816,353.138916015625,71677200
2021-01-11,349.9804442235394,352.5090660622088,349.8600282756686,350.75848388671875,51034700
2021-01-12,350.9437227941285,351.8421500854146,348.600304213812,350.8325500488281,52547700
2021-01-13,350.75850265414215,352.768431491567,349.98046294933357,351.7773742675781,45303600
2021-01-14,352.51837079015854,353.0185492874925,350.2120377042884,350.54547119140625,49989100
2021-01-15,348.9338006185688,349.73035497253096,346.1365606500185,347.9890441894531,107160000
2021-01-19,350.43427237101565,351.25864103080227,348.96155149790013,350.7214050292969,51233300
2021-01-20,352.999972027398,356.40856307524916,352.61096633026204,355.574951171875,61836100
2021-01-21,356.130608241486,356.5566997109328,354.982077752793,355.8990478515625,47840100
2021-01-22,354.0558675399395,355.79720634900036,353.6761050748442,354.639404296875,52860500
2021-01-25,355.3712516562635,356.39009516001715,350.54551087699815,356.03814697265625,70402000
2021-01-26,356.9828067931668,357.390355390859,355.2507393863011,355.4822998046875,42665300
2021-01-27,352.1756209612476,352.268250784751,344.57118450473314,346.7941589355469,123351100
2021-01-28,348.6003272642872,353.7595005336595,348.1650207830178,349.77667236328125,94198100
2021-01-29,347.92416289657984,348.88746214768764,341.1070095092321,342.7742614746094,126765100
2021-02-01,346.1550437581806,349.508034136275,343.061399921302,348.47991943359375,75817600
2021-02-02,351.64767805001776,354.95436791269526,348.563305430762,353.40753173828125,64450700
2021-02-03,354.2319040558715,355.3989777290151,352.41647810504685,353.6854248046875,52427100
2021-02-04,354.7135208194631,357.75159252733863,353.79655056291546,357.7052917480469,47142600
2021-02-05,359.56703683096254,359.8171119122872,357.6589812031138,359.1131591796875,48669800
2021-02-08,360.558136499525,361.7529963401308,359.7060098700413,361.7066955566406,38365200
2021-02-09,360.8730120616109,362.0586285633891,360.46549172244113,361.4658203125,35551100
2021-02-10,363.1979212677015,363.346123344099,358.918688778351,361.3083801269531,59154400
2021-02-11,362.3827831768322,362.7996032364326,359.4743990216484,361.8918762207031,42913300
2021-02-12,361.09537339619646,363.92039959528154,361.0212582224557,363.6795959472656,50593300
2021-02-16,364.9021580602048,365.09668916164804,362.6513976005245,363.3645935058594,50972400
2021-02-17,361.6233614767793,363.6981342096576,360.61373296897347,363.44805908203125,52290600
2021-02-18,360.8545567926999,362.6421967685174,359.1410037271101,361.9012145996094,59712800
2021-02-19,363.1516568082577,363.43878952666716,360.8175092048532,361.2621154785156,83241000
2021-02-22,358.51112352371484,360.88230010289743,358.2147193846534,358.48333740234375,67414200
2021-02-23,356.2881475310484,360.2617324705037,352.157117326697,358.9186706542969,107284100
2021-02-24,357.8350210952394,363.29987092323375,356.8532069417338,362.873779296875,72433900
2021-02-25,361.6140854057681,362.9756620610373,352.6943718341732,354.1300354003906,146670500
2021-02-26,356.0010524866953,357.14031184524765,350.3324570181541,352.3053283691406,152701600
2021-03-01,357.1495498565867,362.0864341700933,352.49982648838284,360.8452453613281,105348800
2021-03-02,361.0676132242538,361.2991736921879,357.5293624902229,358.029541015625,79595300
2021-03-03,357.3348118079067,358.29808287365273,353.18523860165686,353.2871398925781,119940200
2021-03-04,353.10182402567017,355.676774544047,344.4507308701646,348.91522216796875,183433000
2021-03-05,352.39793809635813,356.3807946921803,345.1547488924629,355.3341369628906,152039600
2021-03-08,356.28809394634715,359.08533337643155,353.28708023548506,353.56494140625,123149200
2021-03-09,357.3903607802828,361.15089977025394,356.8901823543628,358.6130065917969,113633600
2021-03-10,360.94714665159455,362.53101211553303,359.53926937994413,360.8452453613281,109899400
2021-03-11,363.29977289296414,366.4675035095816,362.84589526271924,364.5038757324219,86245000
2021-03-12,363.15160002369436,365.13374261718343,362.3457742453451,364.99481201171875,64653600
2021-03-15,365.2449404075043,367.43088589690996,363.1145954350534,367.1715393066406,73427200
2021-03-16,367.7828178436457,368.48674235114737,365.9395775428918,366.7083740234375,73722500
2021-03-17,365.4301814608711,368.7553861785309,364.2908938545459,367.9588317871094,97959300
2021-03-18,365.38376607216964,367.4585380378122,361.92887501630224,362.60504150390625,115349100
2021-03-19,362.30581695435694,363.87629430000226,359.7688854669541,361.9341125488281,113624500
2021-03-22,362.4453063598302,366.1995871570597,362.3895521009953,364.8242492675781,73778600
2021-03-23,364.1922851409189,365.6326505079344,361.1721404249181,361.9527282714844,90686600
2021-03-24,363.3466815716018,364.9729135223698,360.0663405424219,360.11279296875,97588600
2021-03-25,358.681705445465,362.9284721903629,356.7487968597733,362.13861083984375,116128600
2021-03-26,363.28162946554033,368.3740689250356,362.6869079495488,367.9744873046875,114409100
2021-03-29,366.506230599657,368.6900335718035,365.02868604213734,367.78863525390625,108107600
2021-03-30,366.52485411067954,367.4820067384965,365.22384572711366,366.81292724609375,76262200
2021-03-31,367.3797699892554,369.8516462036749,367.3518928588357,368.29974365234375,112734200
2021-04-01,370.22331734295256,372.3327906716872,370.01887561856495,372.2770080566406,99682900
2021-04-05,374.92543787321307,378.1593264135541,374.85110832067795,377.6203308105469,91684800
2021-04-06,377.062782829176,378.43809222549146,376.72822894950895,377.3973083496094,62021000
2021-04-07,377.2301135360446,378.1779643738996,376.77477759813956,377.8341369628906,55836300
2021-04-08,379.0792639385405,379.6832872078952,378.1499886443853,379.6275329589844,57863100
2021-04-09,379.5067206774916,382.5547422644756,379.38591036142475,382.387451171875,61104600
2021-04-12,381.79281150001924,382.796416474297,381.1887881496238,382.5269470214844,56704900
2021-04-13,382.42472067416116,384.2832715540899,382.04371434066746,383.66064453125,56551000
2021-04-14,383.6327485367833,384.68283426978144,381.81137670460754,382.3503723144531,61659900
2021-04-15,384.4783721321406,386.72723094490885,384.4319197085877,386.4577331542969,60229800
2021-04-16,387.7401183380756,388.353443438255,386.3276300935371,387.7494201660156,82037300
2021-04-19,386.820116358711,387.26615031925485,384.524805405981,385.8443603515625,78498500
2021-04-20,384.6364310503438,385.73296934964173,381.55122954047414,383.0195007324219,81851800
2021-04-21,382.40615242461456,386.84808797516496,382.2667384186611,386.6436462402344,66793000
2021-04-22,386.47645890852664,387.30349947998656,382.05309779430553,383.1124572753906,97582800
2021-04-23,383.6699439588904,388.66945033208026,383.59561440222234,387.2662353515625,73209200
2021-04-26,387.9167155807785,388.6415492403517,387.33126755588586,388.0746765136719,52182400
2021-04-27,388.3721257652972,388.5672940504344,386.8574020736745,387.9911193847656,51303100
2021-04-28,388.26058398462,389.37572589844,387.41493989916654,387.87957763671875,51238900
2021-04-29,390.59296951048833,390.9646739287683,386.9873770987906,390.3513488769531,78544300
2021-04-30,388.0933284049745,388.93897250611576,386.89455507926465,387.7866516113281,85527000
2021-05-03,389.7659458311173,390.1469521204787,388.13044053050237,388.6229553222656,68128300
2021-05-04,386.6436491697438,387.13616403136706,382.55484279938787,386.2254638671875,101591200
2021-05-05,387.86100653728766,388.0933254085799,385.78871199603554,386.3462829589844,60162200
2021-05-06,386.4205253076762,389.5614802761364,384.4225891373288,389.431396484375,74321400
2021-05-07,390.1934506174759,392.9162206585883,389.51506938475586,392.2657165527344,67733800
2021-05-10,392.6188101941591,392.8418271889012,388.2605068134428,388.3813171386719,81852400
2021-05-11,383.8836790361329,385.90019080250545,381.058673838158,384.9151611328125,116888000
2021-05-12,382.14596949714075,383.4097705495694,375.4272975032886,376.7375793457031,134811000
2021-05-13,378.2801563667472,383.1867295062854,378.23367557967265,381.26312255859375,106394000
2021-05-14,383.9858999881605,387.9631977718594,383.95802285908553,387.1175537109375,82201600
2021-05-17,386.0117253429356,386.94100075093894,384.12526903982337,386.13250732421875,65129200
2021-05-18,386.39274546912407,386.6343661765269,382.6477663005699,382.8057556152344,59810200
2021-05-19,378.1407743642917,381.9786581081242,376.66320145918377,381.8020935058594,106467100
2021-05-20,382.6756568033617,387.1640735518261,382.5548748046777,385.9095458984375,78022200
2021-05-21,387.3870617505494,388.62301401036063,385.13823098788333,385.59356689453125,76578700
2021-05-24,387.8237936745519,390.5930445875986,387.582172994574,389.5243835449219,51376700
2021-05-25,390.6023692130514,390.9554984502717,388.08404047916116,388.6601867675781,57451400
2021-05-26,389.2455300855949,389.9331847144658,388.21404814228856,389.431396484375,43088600
2021-05-27,390.4536616740374,390.96475180607416,389.3570951367238,389.6358947753906,56707700
2021-05-28,391.19707455869894,391.457270541841,390.10053636968837,390.3328552246094,58520200
2021-06-01,392.68396807601084,392.8233537338611,389.55231407294144,389.98907470703125,54216600
2021-06-02,390.63953491738175,391.43872658911135,389.6359298618181,390.60235595703125,49097100
2021-06-03,388.2977618897576,390.2863966542775,386.83879259158886,389.1526794433594,58138800
2021-06-04,390.99262682035794,393.0091669281305,389.21770739294345,392.7117919921875,55938800
2021-06-07,392.70248451426147,392.8790491074856,391.40150463726826,392.3307800292969,51555000
2021-06-08,393.18568426469994,393.2786174726193,390.5930264269201,392.4143981933594,47134300
2021-06-09,393.25080039441156,393.3251583157947,391.6059929640918,391.8290100097656,48436300
2021-06-10,393.0463367362392,394.5982392171646,391.7360549474813,393.6503601074219,51020100
2021-06-11,394.19869662303313,394.41241184797695,392.9162918364142,394.3009033203125,45570800
2021-06-14,394.4123098852329,395.28583093843525,393.17638621080886,395.1836242675781,42358500
2021-06-15,395.3323529313738,395.3695035287047,393.585310642845,394.4588317871094,51508500
2021-06-16,394.59826214861766,394.82127919481803,390.2213824615084,392.2564697265625,80386100
2021-06-17,391.84760199223103,393.10210119599844,389.66379895429577,392.1263732910156,90949700
2021-06-18,388.85947347394546,389.54937784816065,386.63125419537954,386.83636474609375,118676300
2021-06-21,388.5890993413175,392.5607725814609,387.7779893870937,392.3742980957031,72822000
2021-06-22,392.3649712484025,395.30175928856414,391.6470701272005,394.47198486328125,57700300
2021-06-23,394.54664482628675,395.34842259301394,393.91267704068656,393.99658203125,49445400
2021-06-24,396.13155325117157,396.74685645396283,395.8798098525635,396.32733154296875,45110300
2021-06-25,397.0732018408674,398.1826596628426,396.7468856958135,397.7351379394531,58129500
2021-06-28,398.2573039797839,398.70479729962966,397.0639410401673,398.5369873046875,53159600
2021-06-29,398.91915273160606,399.5531204304721,398.21991612055984,398.7513427734375,35970500
2021-06-30,398.29450122342985,399.7582434032112,398.26653289619884,399.08697509765625,64827900
2021-07-01,399.8421598624358,401.45507598441856,399.7768909463528,401.29656982421875,53441000
2021-07-02,402.4527776449218,404.7182982314906,401.3805917033417,404.364013671875,57697700
2021-07-06,404.41976257819425,404.6342053573518,400.9049438541357,403.6272888183594,68710400
2021-07-07,404.3080528214478,405.3336058400532,402.3035796430938,405.05389404296875,63549500
2021-07-08,399.75830982322657,402.50865241662655,398.5835829803211,401.75347900390625,97595200
2021-07-09,403.25446917430344,406.34043156356205,401.5576479376436,406.0420837402344,76238600
2021-07-12,405.95820582921755,407.74826443657537,405.529348587086,407.49652099609375,52889600
2021-07-13,406.71342143365604,408.2051323525151,405.84637459810114,406.107421875,52911300
2021-07-14,407.7948684980379,408.2796908558834,405.47341158364054,406.71337890625,64130400
2021-07-15,405.3801554114466,406.05142380082106,403.43161916568266,405.32421875,55126400
2021-07-16,406.49891518452205,406.54551958157515,401.75343241278944,402.1449890136719,75874700
2021-07-19,397.34357236601903,402.21026074657135,393.4091995491586,396.2061462402344,147987000
2021-07-20,396.86807940233047,403.15190560272424,396.0756054886236,401.8839416503906,99608200
2021-07-21,403.0773163550678,405.2775959293525,401.83734914667167,405.1377258300781,64724400
2021-07-22,405.31490711357736,406.2285867170565,404.33598703643406,405.9861755371094,47878500
2021-07-23,407.90668669595885,410.4985227710104,407.2261145579136,410.16290283203125,63766600
2021-07-26,409.57560895526535,411.1791931015135,409.5290045509511,411.16986083984375,43719200
2021-07-27,410.1349768235407,410.16294515467484,406.48028699392114,409.2958984375,67397100
2021-07-28,409.9206174567427,410.498648719232,407.7110334911531,409.1281433105469,52472400
2021-07-29,410.0510501972417,411.8970168587412,410.0417179366842,410.8248596191406,47435300
2021-07-30,408.2702864028163,410.2747590491166,408.13974857508884,408.8296813964844,68951200
2021-08-02,410.53585279390853,411.08591559023773,407.6177003787268,407.97198486328125,58783300
2021-08-03,408.76450901033223,411.4122822568077,406.58289362665914,411.29107666015625,58053900
2021-08-04,410.01369377387937,411.2629930818675,409.03477391711556,409.2678527832031,46732200
2021-08-05,410.42399765718676,411.94367672299376,410.1070137495975,411.8597717285156,38969700
2021-08-06,412.17678641929984,412.95992821159984,411.8970746314669,412.5403747558594,46930000
2021-08-09,412.5123024707758,412.8292863221601,411.44014535097375,412.20465087890625,41222600
2021-08-10,412.6521383148961,413.4259760914882,411.97156622812196,412.7174072265625,43339300
2021-08-11,413.78028154445127,413.83621819957546,412.66149153794436,413.74298095703125,44034300
2021-08-12,413.5938605071988,415.1228718168817,412.6988454575395,414.9830017089844,38909400
2021-08-13,415.43050961256574,415.75682576675683,414.9457157376628,415.7381896972656,39470300
2021-08-16,414.4422193750275,416.84758091171517,412.89457218859576,416.7170715332031,73740000
2021-08-17,414.17188917128794,414.8431575675143,411.0113539592329,413.9854431152344,92673900
2021-08-18,412.97849742393936,414.53547694662274,409.2119630019986,409.454345703125,89351900
2021-08-19,406.7412780804755,411.2816785225219,406.6014364441112,410.0882873535156,92812200
2021-08-20,410.4333770373761,413.6778176710646,409.94855463315577,413.35150146484375,72008700
2021-08-23,415.02955857787043,417.8917739029661,413.42597482930967,416.9874267578125,54973000
2021-08-24,417.6494140625,418.18084077483024,417.1366518711725,417.6494140625,38744700
2021-08-25,417.8359134013071,419.03858009290565,417.46296438324526,418.52581787109375,40529700
2021-08-26,418.2461253948904,418.47920431591973,415.96196904001306,416.0552062988281,57829600
2021-08-27,416.85693316240236,420.14800598686645,416.80099650435585,419.77508544921875,77235100
2021-08-30,420.4463669901376,422.40423543923686,420.2039558296545,421.62109375,48357400
2021-08-31,421.5279172752659,421.86353728246513,420.3998232039332,420.9964904785156,59300200
2021-09-01,421.9287838685606,422.4415461141893,420.987135922643,421.22021484375,48721400
2021-09-02,422.63737991545406,423.3179521993094,421.3228113021193,422.51617431640625,42501000
2021-09-03,421.38804973614276,422.92636491207014,420.98713237168766,422.41357421875,47170500
2021-09-07,422.0686233593047,422.16186061767115,420.23196033235047,420.9032287597656,51671500
2021-09-08,420.3717142760803,421.0989191671488,418.47908665552103,420.3903503417969,56181900
2021-09-09,420.194679042839,421.9381047734719,418.3486837946311,418.5910949707031,57970400
2021-09-10,420.5116222919028,420.9311472268283,415.16944383774626,415.2906494140625,89948200
2021-09-13,418.2740814053361,418.535128633361,414.0506644540541,416.3534851074219,83738600
2021-09-14,417.7892579298286,417.9943684978522,413.2209172260456,414.10662841796875,78197100
2021-09-15,414.5262541240091,418.0597390380431,413.4261282881109,417.56561279296875,78792200
2021-09-16,417.04340609771833,418.01299380157405,413.9667476565997,416.903564453125,77786700
2021-09-17,416.13481245625456,416.5556814670835,412.48710977006306,412.842529296875,118425000
2021-09-20,406.74432982392835,408.31563107334745,401.1137908654286,405.95867919921875,166445500
2021-09-21,408.2876588026697,409.57838100805157,405.05151967220564,405.5752868652344,92526100
2021-09-22,407.83859908430554,411.561112902549,405.68741498694294,409.531494140625,102350100
2021-09-23,411.39277968477785,416.1067119256756,411.1589540771979,414.50732421875,76396000
2021-09-24,412.8798959122565,415.9009329556939,412.6647660835853,415.1900939941406,62094800
2021-09-27,414.16127425016805,415.32104015057223,413.31014559826434,414.0022888183594,61371100
2021-09-28,411.2431502653508,411.57051184242243,404.9298585168966,405.6593933105469,130436300
2021-09-29,407.03433890810066,408.76465441878804,405.78103685503703,406.34222412109375,82329200
2021-09-30,407.81052769400486,408.5120044691004,401.0389476922281,401.37567138671875,140506000
2021-10-01,403.09668518630104,407.8199514345855,399.5893007811886,406.145751953125,129240100
2021-10-04,404.98598629215144,405.8838687084721,398.77556393327893,400.9080810546875,128570000
2021-10-05,402.40448811569496,407.3148256262935,401.6095039247003,405.0794677734375,90682500
2021-10-06,401.4972736297954,406.9687986871979,399.87921865411016,406.7630310058594,113032200
2021-10-07,410.0272332659466,413.1043576140897,409.84952352630745,410.2797546386719,72437500
2021-10-08,411.04670800109915,411.4301854093212,408.90485751836167,409.531494140625,74557400
2021-10-11,408.8767873502811,411.7762304048919,406.5011113392327,406.56658935546875,65233300
2021-10-12,407.48327480593025,407.8854480523545,404.780236733796,405.5658874511719,71181200
2021-10-13,406.5853700316375,407.8386720435343,403.62047688481636,407.02496337890625,72974000
2021-10-14,410.6725909235282,414.0209897091665,410.20493969427326,413.871337890625,70236800
2021-10-15,415.97578121085803,417.38809710044063,415.35847814408345,417.0233154296875,66260200
2021-10-18,415.24628962377227,418.59466031762287,414.59156639728883,418.2579650878906,62213200
2021-10-19,419.87598933410356,421.5501601721971,419.26801990573733,421.4847106933594,46996800
2021-10-20,421.9430117230665,423.4395013974078,421.830779992545,423.14019775390625,49571600
2021-10-21,422.54160853266404,424.46832943743675,422.1113773662151,424.2438659667969,41305400
2021-10-22,423.81362241263184,425.25399624119467,421.86817724672443,423.80426025390625,58845100
2021-10-25,424.88920251258514,426.40438793845834,423.12149569678843,426.0770263671875,45214500
2021-10-26,427.62030473700503,428.82682438361206,426.0863949710087,426.46051025390625,56075100
2021-10-27,426.91878511269175,427.58284181405264,424.496326817205,424.5711669921875,72438000
2021-10-28,425.9928363723962,428.742627797446,425.98350275745725,428.6678161621094,51437900
2021-10-29,426.37633178072844,429.8276001732101,426.0863902989246,429.53765869140625,70162400
2021-11-01,430.5196789876019,430.893822778383,428.55556680181957,430.2765197753906,48433600
2021-11-02,430.4448731294371,432.32484009362486,430.31391709227427,432.01617431640625,48908400
2021-11-03,431.4550309735482,435.05595130001086,431.0154376576969,434.6537780761719,52509800
2021-11-04,435.2524122548862,436.7863222478705,434.90635485341727,436.7021484375,52847100
2021-11-05,438.91873147438207,440.20009126070624,436.71143139873345,438.2172546386719,66390600
2021-11-08,439.3116013484249,439.8073105381087,437.908647580282,438.5914001464844,50405200
2021-11-09,438.95624356250187,439.19006922341134,435.7388001849338,437.1417541503906,51149100
2021-11-10,435.4580319265574,437.1415931911068,432.1470823382827,433.6248474121094,69429700
2021-11-11,435.1120049244367,435.18684509775545,433.74647146457994,433.7651672363281,34848500
2021-11-12,435.0278324259744,437.59055177805936,434.0831679013753,437.0387268066406,53466700
2021-11-15,438.32015203819657,438.4791374698599,436.06606971793025,437.18841552734375,46980500
2021-11-16,436.926563287216,440.0504702557984,436.8517516451615,438.91876220703125,48857500
2021-11-17,438.6569161093225,438.83462588544296,437.2352664435286,437.8525695800781,47858300
2021-11-18,438.8813734885716,439.6015747427725,436.16900171530943,439.3396911621094,50625600
2021-11-19,439.2273454032156,440.4713135766684,438.1891734422036,438.553955078125,57315600
2021-11-22,440.42457739014736,442.9031231346711,437.11359877761777,437.3193664550781,72762000
2021-11-23,436.9920474001148,438.7504207161458,434.4012696782756,437.8992919921875,73206500
2021-11-24,435.9070933030563,439.1900143055321,435.09338467174774,439.06842041015625,61858800
2021-11-26,432.4277829370123,433.88685264976294,428.153443379823,429.27581787109375,112669600
2021-11-29,434.04585573790405,436.3747499241281,431.8572512237715,434.54156494140625,86268800
2021-11-30,432.10974551490875,434.0084084065052,425.84320748519656,426.0863952636719,148559600
2021-12-01,431.77307418093795,434.6070397085966,421.1573847437486,421.3537902832031,131939200
2021-12-02,421.5688309159097,429.3692489495653,421.1759913769771,427.8072814941406,127637800
2021-12-03,429.4628587252186,430.51972656716913,419.8760081618024,424.0848693847656,137331600
2021-12-06,426.61951391631123,430.9780267874127,424.2157797535011,429.107421875,98977500
2021-12-07,434.3638433156849,438.5446466888678,428.9764917091224,437.98345947265625,95484700
2021-12-08,438.3762317093102,439.5921133715834,436.62719230325564,439.1431579589844,72238800
2021-12-09,437.8617859732188,439.2460437157852,435.9818476739704,436.1782531738281,61272600
2021-12-10,438.8719839338528,440.4339230591345,436.3279600988827,440.2842712402344,77159800
2021-12-13,439.7698232123747,440.115880522037,436.10342536649597,436.384033203125,87724700
2021-12-14,433.1292229901505,435.60776885896564,430.4729673662913,433.3817443847656,97264100
2021-12-15,433.437885904042,440.3965100644385,430.9312535760348,440.1533508300781,116899300
2021-12-16,441.99592808013927,442.2765074248097,434.7286090783232,436.2718811035156,116568600
2021-12-17,433.20548381703225,436.19958323758465,429.9298193213432,431.628662109375,135511600
2021-12-20,426.5696462517917,427.4331314987916,423.43476458066107,427.0389404296875,107134800
2021-12-21,430.4460118667737,434.76352423036354,428.2872700067012,434.62274169921875,69806300
2021-12-22,434.3693066437573,439.08100980710736,434.1721824687357,438.9683837890625,58890200
2021-12-23,439.9632519663119,443.1919979095506,439.86002100536876,441.69964599609375,56439700
2021-12-27,443.07001273264143,447.9976015537163,443.0230947726751,447.95068359375,56808600
2021-12-28,448.382431076323,449.4054889482958,446.8243709664045,447.5846252441406,47274600
2021-12-29,447.68796281982804,449.170920079101,446.6930612795737,448.1572570800781,54503000
2021-12-30,448.57956514884495,449.583861651596,446.4583747572178,446.91827392578125,55329000
2021-12-31,446.4301930229222,447.5752433544864,445.5197611440757,445.79193115234375,65237400
2022-01-03,447.04963382232506,448.50446299701963,444.7501094779795,448.373046875,72668200
2022-01-04,449.79032507237594,450.50366140781244,446.3738496168056,448.2228698730469,71178700
2022-01-05,447.85686371156027,448.62651310720656,439.522193776869,439.6160583496094,104538900
2022-01-06,439.15605445865026,441.90611105914354,436.84710682230235,439.2029724121094,86858900
2022-01-07,439.21240288799294,440.38563825349837,436.11504433699366,437.46661376953125,85111600
2022-01-10,434.2848710913376,437.13815924974546,428.55947603097115,436.92230224609375,119362000
2022-01-11,436.65941642560045,440.99568950369195,433.6746840587262,440.9018249511719,74303100
2022-01-12,442.6289354105524,444.1400777496304,440.14168168092726,442.09393310546875,67605400
2022-01-13,443.1920315438877,443.83965979140663,434.9793835505829,436.00244140625,91173100
2022-01-14,432.8676309216029,436.5281203286654,431.6568437411503,436.18084716796875,95890900
2022-01-18,431.50661955919577,431.71311015183727,427.34867984369737,428.4562072753906,109709100
2022-01-19,429.9954920501737,431.3845844979552,423.735095055278,424.0072937011719,109357600
2022-01-20,425.88451127200136,430.56805849452223,417.2025680670074,419.31439208984375,122379700
2022-01-21,418.1974651021742,420.5439362137734,411.0548207873205,411.0829772949219,202271200
2022-01-24,405.4983319626778,413.3355505734703,394.92045135440037,412.8287048339844,251783900
2022-01-25,406.4650696517462,412.71607151675664,400.9180090511274,407.7884826660156,167997300
2022-01-26,413.6546462199283,416.7707663219055,402.52297383173703,406.7654113769531,186391100
2022-01-27,411.34580659722957,414.47129370991206,403.0768441751336,404.75689697265625,149878300
2022-01-28,406.10838063603705,414.856030506667,401.54685522592445,414.8091125488281,164457400
2022-01-31,414.14275997921226,422.6276076174351,412.8005853653847,422.28033447265625,152251400
2022-02-01,423.00299206387587,425.7718391626573,419.49268078948916,425.13360595703125,123155400
2022-02-02,427.5269726075797,429.98606938188885,425.2274198046737,429.26336669921875,117361000
2022-02-03,423.2564492415284,425.15238749253155,418.33822656188164,419.173583984375,118024400
2022-02-04,418.9389343536051,424.9740508376599,416.57367327477516,421.1446228027344,118454400
2022-02-07,421.90485354850045,423.2939459588078,418.46961678958075,419.79302978515625,84472900
2022-02-08,419.29565126198895,424.16692787247695,417.8783734599183,423.2471008300781,81012000
2022-02-09,427.26417963134577,429.7608280199488,427.0670841027158,429.44171142578125,92589900
2022-02-10,423.6224701723359,429.6012734878491,419.7367292271085,421.7265319824219,140103700
2022-02-11,421.81105342594435,423.87593090171083,411.9840308668378,413.4106750488281,153214600
2022-02-14,412.9038345326054,414.4806562198295,408.6050834849175,412.05908203125,123006300
2022-02-15,416.4798044209463,418.8731931731084,415.96356366027453,418.7042541503906,88482700
2022-02-16,416.66754036033973,420.5439150243388,414.79975861551924,419.173583984375,84863600
2022-02-17,416.0011290518587,419.1454057486569,409.618739738148,410.21942138671875,102259100
2022-02-18,410.4728026773066,411.7211411385126,405.30120069692,407.5632019042969,132642900
2022-02-22,405.36689318747625,408.75518302234633,399.70717854023343,403.1893615722656,124391800
2022-02-23,406.0896264136833,406.65278513498924,395.47419479431903,396.037353515625,132578000
2022-02-24,385.77862865421275,402.42920784966424,385.4219890905369,401.9974365234375,213942900
2022-02-25,403.22691227876925,410.95150442325064,401.58438272743587,410.8670349121094,121804500
2022-02-28,405.498374768783,411.2894782206661,404.25006470919953,409.8158874511719,145615000
2022-03-01,408.3235660185028,410.32276418948436,400.8805371353614,403.5743103027344,137785900
2022-03-02,405.81738773333024,412.7160169408087,405.06652860798056,410.9984130859375,117726500
2022-03-03,413.42005221055416,414.020733918867,407.1596546990393,408.9523620605469,105501700
2022-03-04,405.23554101174136,406.7560496342077,401.6032084928617,405.6297607421875,113978200
2022-03-07,405.04777437562143,405.7517156092554,393.6063805668149,393.6720886230469,137896600
2022-03-08,393.85044666663845,400.97432894741854,389.62679900774907,390.6874084472656,164772700
2022-03-09,399.0314934618867,403.1331202623526,396.85396145942144,401.1620788574219,116990800
2022-03-10,396.57234376713836,400.2422276939095,394.620092580412,399.3505859375,93972700
2022-03-11,401.82838993543686,402.4384665585123,393.7659204470378,394.27276611328125,95636300
2022-03-14,395.04251079882187,398.4777193572372,390.2557039226716,391.3913879394531,95729200
2022-03-15,393.9912112622118,400.627037600933,392.7241399369661,399.9981994628906,106219100
2022-03-16,403.4897960044395,408.9242024189119,398.71235566484523,408.8678894042969,144954800
2022-03-17,406.96253340051334,413.9831848144531,406.587103776138,413.9831848144531,102676900
2022-03-18,412.3788286596397,418.83753350872564,411.6444565524196,418.5174255371094,106345500
2022-03-21,418.3479270869368,420.34391117574114,414.90201864341753,418.39501953125,88349800
2022-03-22,419.77901181940337,424.222912400997,419.77901181940337,423.29083251953125,74650400
2022-03-23,420.76766221116077,422.25522626407883,417.754837158317,417.8395690917969,79426100
2022-03-24,419.8544419508937,424.14769938413417,418.74347374063234,424.1382751464844,64736900
2022-03-25,424.7690942601519,426.4826390256011,422.19877711197813,426.2095947265625,77101300
2022-03-28,425.61644404723825,429.2412414550781,423.7334353919897,429.2412414550781,68529800
2022-03-29,433.1108300293189,435.0409312276602,430.43696106588243,434.55133056640625,86581500
2022-03-30,433.4120635055574,434.2217721023706,429.76844665097167,431.8680114746094,79666900
2022-03-31,431.1053481916122,431.92445220332144,424.7690149308357,425.220947265625,121699900
2022-04-01,426.79325811561665,426.9344779963225,422.86720176985517,426.42608642578125,89048800
2022-04-04,426.6237972828837,430.1826819640368,425.80469323655575,430.0791015625,59601000
2022-04-05,428.59157264929064,431.04888498929796,423.5074553649345,424.64666748046875,74214500
2022-04-06,420.7488018120138,422.6694495834861,417.5288449887846,420.4004211425781,106898000
2022-04-07,419.52485288651064,424.3265300513527,417.58535653376873,422.5188293457031,78097200
2022-04-08,421.7656645610829,424.2700693409283,419.8544120623101,421.3890686035156,79272700
2022-04-11,418.13146105748064,418.96941367640034,413.68758834274337,414.18658447265625,89770500
2022-04-12,417.16163958908623,419.67546827237953,411.1077748954318,412.65185546875,84363600
2022-04-13,412.4070334061759,418.1313656035258,412.22814533134397,417.378173828125,74070400
2022-04-14,417.6041663493815,418.7151631152427,412.0775414258065,412.1811218261719,97869500
2022-04-18,411.2584985167614,414.02652350805334,410.128681843096,412.35064697265625,66002500
2022-04-19,412.2469673182449,419.7225120961973,412.07750347771895,419.0069885253906,77821000
2022-04-20,420.77706452379897,421.38903649977607,417.53828781709484,418.6963195800781,65224400
2022-04-21,422.3022765002863,423.68628874029804,411.5314668018448,412.435302734375,85417300
2022-04-22,411.35261559680123,412.4541594531157,400.55356095514185,401.11846923828125,132471800
2022-04-25,398.8871230668873,403.6134641154083,394.33964139419555,403.4440002441406,119647700
2022-04-26,400.9207048061077,401.11844136754604,391.73164371973945,391.7598876953125,103996300
2022-04-27,392.8332367337777,398.18100288274366,390.7337005773798,392.8614807128906,122030000
2022-04-28,397.5877891116116,404.5078502485607,393.1721324210072,402.7848815917969,105449100
2022-04-29,398.8117805304688,400.95840906428657,387.15595335566474,387.8997497558594,145491100
2022-05-02,387.96568189359846,391.59047917730305,381.32805937170104,390.2347106933594,158312500
2022-05-03,390.73361204296634,394.42429189547653,389.1801073464656,392.0234680175781,100028200
2022-05-04,392.68262060096464,404.5267613823129,389.5097555471763,403.96185302734375,144247900
2022-05-05,399.7155659383141,400.1392542887666,385.48945235975316,389.60382080078125,172929100
2022-05-06,387.0523685069678,390.5359166827726,381.99649573119626,387.2783203125,151770800
2022-05-09,381.4034642570452,382.6368328067565,373.3065201170976,374.87884521484375,155586100
2022-05-10,380.82898951109865,382.3259776030274,371.7246608276359,375.744873046875,132497200
2022-05-11,374.7845967667288,380.4053781846459,369.03199096468177,369.7757873535156,142361000
2022-05-12,366.5935320489902,372.647397923669,362.62038267397736,369.3898010253906,125090800
2022-05-13,373.50412408755506,379.59565742635624,372.46846371843355,378.2210693359375,104174400
2022-05-16,376.5828802088455,380.33947297147097,374.3420954969533,376.6864318847656,78622400
2022-05-17,382.74969701428194,384.67037360597254,379.03074397272616,384.43499755859375,83029700
2022-05-18,379.89692735498426,380.17936710911766,367.70443702868755,368.93780517578125,117674500
2022-05-19,365.88736256542336,371.0844842086102,364.4656820097794,366.67822265625,98510700
2022-05-20,370.24646637027627,373.8053505175582,358.27995798162,366.8382263183594,131432200
2022-05-23,369.851096171746,374.46448991142154,367.5444280343373,373.7018737792969,76414900
2022-05-24,369.5969043569321,372.035396905163,364.32447483504643,370.84912109375,91448800
2022-05-25,369.3615701104793,376.08392497670934,368.96615437272027,374.1255798339844,91472900
2022-05-26,375.34947110301795,383.22985621992024,375.1423390412836,381.6010437011719,82168300
2022-05-27,384.04893339400786,391.08197003323517,383.85122558194,390.968994140625,84768700
2022-05-31,389.3590270440363,392.0988075494602,386.0449428026529,388.7752990722656,95937000
2022-06-01,390.8843163808003,391.89170405110434,383.1263021350257,385.6307067871094,86585800
2022-06-02,385.4706670691487,393.02152050473194,383.22988244769175,392.9744567871094,79609600
2022-06-03,388.2762998678674,389.8203804421854,385.55536785619387,386.5251159667969,71874300
2022-06-06,390.517176236762,392.2401165686381,386.53460246104265,387.70208740234375,57508900
2022-06-07,384.22785213796186,391.8728612940174,383.7664955630781,391.4209289550781,59272400
2022-06-08,389.7168739200945,391.496330865678,386.37454509732197,387.1654052734375,64350000
2022-06-09,385.3953050112038,387.6549092229484,377.9574279785156,377.9574279785156,86289800
2022-06-10,371.78117890548924,372.6285269294592,366.9512578167044,366.9983215332031,132893900
2022-06-13,357.63038818463684,359.47572843382756,351.4635182270805,353.0640869140625,170004900
2022-06-14,354.8058760643675,355.8321122307695,348.91205036955256,352.00018310546875,104011800
2022-06-15,355.28597872744456,361.44342367912293,350.3525063636279,357.01837158203125,125666800
2022-06-16,348.8367975365555,349.2416375247615,342.7829025276834,345.20257568359375,134473300
2022-06-17,345.61575893672597,349.2751150795737,342.45755440518343,345.9466857910156,111113900
2022-06-21,351.6484557704295,356.0358907381536,351.57279392157506,354.6553649902344,76811900
2022-06-22,350.44759870939254,358.1067313139649,350.0315450667165,354.0124206542969,90059400
2022-06-23,356.1398797856065,358.2106537537257,352.59398849085756,357.4825744628906,79292100
2022-06-24,360.64083785574906,368.85785361765244,360.6124718749588,368.848388671875,98050300
2022-06-27,369.76564197484305,370.05876676666566,366.352143463888,367.4395446777344,66009600
2022-06-28,368.99025938902804,371.7607760766396,359.8182072157404,359.9316711425781,86548900
2022-06-29,360.48012203098745,361.46349531064214,357.8230692449071,359.6385498046875,65676000
2022-06-30,355.76176056378404,359.94119868727216,352.282064871728,356.716796875,112508300
2022-07-01,356.0642664574983,360.9245159721641,353.45448087489706,360.4895324707031,74839700
2022-07-05,355.421319245886,361.1893095314971,352.60350658660883,361.1703796386719,81438000
2022-07-06,361.31220220280136,364.8675591963436,358.93883808157653,362.3901672363281,70426200
2022-07-07,364.15839292566767,368.61202540572873,362.4090803527021,367.8177490234375,64525900
2022-07-08,366.191374892305,369.37797430776754,364.66901900062675,367.51519775390625,72397800
2022-07-11,364.84859293448187,365.813065010574,362.62649521077446,363.3167724609375,58366900
2022-07-12,362.7683853874002,365.1417783353174,358.3620201292297,360.10186767578125,62219200
2022-07-13,354.68376178018957,361.1325642695577,354.2677081449695,358.2107238769531,84224600
2022-07-14,353.2748467855768,358.4187564891479,350.84475070087467,357.3408203125,89704800
2022-07-15,361.7281961588475,364.2812495542768,359.8276179575323,364.16778564453125,79060400
2022-07-18,367.2409348746152,367.9122823241178,359.9411243028026,361.1609191894531,63203600
2022-07-19,365.0661917579055,371.4866296145937,364.41377404289227,370.9192810058594,78506000
2022-07-20,371.1083094752707,374.6920322047229,369.74668471412105,373.2831115722656,71843800
2022-07-21,372.70635127041953,377.13161760377886,370.31405726547354,377.0843505859375,64903900
2022-07-22,377.20721612451024,378.39861602557465,371.3730300466334,373.5856628417969,72197300
2022-07-25,374.20983824071493,374.8906507241828,371.8080790828495,374.0396423339844,53631500
2022-07-26,372.4037671603326,372.61179398374196,368.7255101067166,369.6143493652344,52946400
2022-07-27,372.895505992854,380.95179241182774,372.6023811811029,379.2119445800781,82342100
2022-07-28,380.0155679818675,384.6582965028211,376.479112587322,383.9680480957031,73966600
2022-07-29,385.3959148037413,390.5492896244354,384.630004404881,389.5658874511719,87003700
2022-08-01,386.8804412732961,390.9085837211499,386.1712628905919,388.4122619628906,69997500
2022-08-02,386.85203447859953,390.520854875102,384.67723254370253,385.8497314453125,63435400
2022-08-03,387.96791512064965,393.0550936237523,387.68425525698314,391.8920593261719,67820600
2022-08-04,391.8163857696468,392.4971982786844,389.9914400358886,391.6272888183594,45656600
2022-08-05,387.36267776862576,391.608282965117,387.3059458085889,390.9653015136719,56814900
2022-08-08,392.64847494128367,394.8894742630945,389.41460845921597,390.511474609375,53886100
2022-08-09,389.78339679657284,390.2845484240548,387.89225422395475,388.96075439453125,44931800
2022-08-10,395.9863295063462,397.2723214201462,394.03845502715103,397.1304626464844,68665700
2022-08-11,399.9671764150068,401.8205168538203,396.3929182209303,397.1304626464844,59489700
2022-08-12,399.05946211792985,403.9575146188211,398.11389080007996,403.853515625,61694500
2022-08-15,401.65031698074415,406.03778173235645,401.59358501038247,405.5177001953125,54048300
2022-08-16,404.44920466821014,408.2314897011034,403.6454633274114,406.3119812011719,59289000
2022-08-17,402.7282345419043,406.1228316979683,401.43280661081104,403.4279479980469,63563400
2022-08-18,403.62646741067334,405.2812168418877,402.34050456098305,404.6004333496094,49023200
2022-08-19,401.8488402510194,402.11359902042835,398.2934834704918,399.1634216308594,68016900
2022-08-22,394.3505254404988,394.52075021683424,389.9536243733682,390.8519287109375,77695600
2022-08-23,390.42639423875585,392.80925244544267,389.35789402468396,389.9063415527344,49105200
2022-08-24,389.67933184867115,392.51604543751745,388.9985482896292,391.1544494628906,49177800
2022-08-25,392.6389673027772,396.7238417233846,391.55156621776786,396.67657470703125,50942300
2022-08-26,396.5631405668187,397.102094248587,383.1927492346699,383.2494812011719,103087000
2022-08-29,380.3087738309777,383.7506382256978,379.36320256720757,380.7153625488281,65370800
2022-08-30,381.8690167874806,382.1054096381777,374.4462755042804,376.5359802246094,85652400
2022-08-31,378.16233169722864,379.40102781992005,373.53850294031076,373.6708679199219,76029700
2022-09-01,371.50548804103204,375.18374505731157,368.8106043103933,374.8433532714844,78740100
2022-09-02,378.4932391584454,379.70356914138836,369.08479416646423,370.8908386230469,99632100
2022-09-06,371.7324237676469,372.6685300550319,367.2787913361997,369.4914245605469,76637400
2022-09-07,369.1794089387667,376.89527448554435,368.96194600017765,376.1293640136719,70964200
2022-09-08,373.86940805077325,379.0416547769603,372.6685141668355,378.5877990722656,80821700
2022-09-09,380.8193186091283,385.32971149707004,380.5545598393792,384.46923828125,76706900
2022-09-12,386.53060660794216,389.32005328167793,386.2280168884876,388.6014099121094,69256300
2022-09-13,379.9588585471244,381.1597524265052,370.58827344881297,371.70404052734375,122947100
2022-09-14,372.99947713125925,374.63532571628434,369.8318077999259,373.1224060058594,85023700
2022-09-15,371.5716492033494,374.4083627921359,367.6191685285438,368.88623046875,87633800
2022-09-16,364.7238110432356,366.72714802798475,362.7963887663263,366.072021484375,103084800
2022-09-19,362.9388950406954,368.91094970703125,362.86292236913584,368.91094970703125,73278500
2022-09-20,365.5973034872937,366.60372391938756,361.9324194562877,364.67633056640625,77274900
2022-09-21,366.5942260628629,369.6324950611645,358.3054986149796,358.31500244140625,106746600
2022-09-22,357.54590716854085,359.1789716401422,354.5646322346763,355.3052062988281,89472600
2022-09-23,351.8491550778172,351.887141405295,344.92764635528243,349.35211181640625,122346900
2022-09-26,347.88994974224795,351.4978686011886,344.68078591741266,345.8960876464844,92581200
2022-09-27,349.41858073488055,351.6782893189801,342.62998013123286,345.01312255859375,108294100
2022-09-28,345.9625220409481,353.482191686378,344.2724927894435,351.8016662597656,110802200
2022-09-29,348.2697731293536,348.5545981921768,341.5191583646997,344.4529724121094,112952300
2022-09-30,343.51297496490554,347.4152519853497,338.9935866635343,339.1264953613281,153711200
2022-10-03,342.8294068400838,349.9218411560904,341.05392954790506,348.07989501953125,89756500
2022-10-04,353.5772481816866,358.8942051643231,348.04193496218414,358.86572265625,103602800
2022-10-05,354.5171835950493,360.2803561426698,352.2005099841954,358.0301513671875,88065700
2022-10-06,356.6344579970455,359.57777574073987,353.8430566051313,354.3367919921875,82333500
2022-10-07,350.32060050692866,354.4222552620788,342.69647392447916,344.4529724121094,107789500
2022-10-10,345.5637937626023,345.80115762255645,339.5917399082143,341.82293701171875,76042800
2022-10-11,340.13290031732214,344.68079989118917,337.73077926422997,339.6581726074219,92482800
2022-10-12,340.0665108338142,341.6331067135325,338.2910045967103,338.5378723144531,76991800
2022-10-13,331.55934562012055,348.934398580659,330.5149387795829,347.47222900390625,147254500
2022-10-14,349.9218726099101,351.54546265385306,338.91768496528886,339.5538330078125,123737000
2022-10-17,345.6113290586685,349.380668806043,339.22148268311986,348.279296875,93168200
2022-10-18,356.16925149824414,356.4730842166548,348.94387997178285,352.3714294433594,97162900
2022-10-19,350.33955250549025,353.05501012296355,347.0734234834684,349.87432861328125,79746900
2022-10-20,349.42815136875413,353.8336393624102,346.18100039281916,346.9405822753906,88283100
2022-10-21,346.66515472372885,355.8558761401148,345.1650279247019,355.3716735839844,131038400
2022-10-24,356.8908558861546,360.85006925134127,354.2513416759188,359.72021484375,85436900
2022-10-25,359.6442798008037,365.77775460734784,359.5303497695806,365.4644470214844,78846300
2022-10-26,362.3312221104294,367.9899690715865,362.0748795431326,362.71099853515625,104087300
2022-10-27,363.70795365066004,365.54039595428065,360.1569701011895,360.7741394042969,81971800
2022-10-28,360.66966547964233,369.83190549665636,360.4892666119688,369.357177734375,100302000
2022-10-31,366.90759418543263,368.7685188952542,365.78724362365824,366.689208984375,96631300
2022-11-01,370.42058959281826,370.65795347224923,363.9168135013934,365.0846252441406,85407600
2022-11-02,364.49600742245565,368.98694294470477,355.8179981060472,355.92242431640625,126990400
2022-11-03,352.69424875731005,355.2862727989772,350.1497148774445,352.25750732421875,87100100
2022-11-04,357.9447770911312,359.72025450594066,351.2985875960704,357.32763671875,103505200
2022-11-07,358.61883592099326,361.3342937720169,356.5490298438672,360.7456359863281,68286900
2022-11-08,361.8469872621732,365.6543132529755,358.628348045763,362.6920166015625,84641100
2022-11-09,360.7266178571878,361.87547986372505,354.7260521981255,355.21978759765625,78495500
2022-11-10,368.43611202808063,375.07282417821534,366.1479502875966,374.7405090332031,141455800
2022-11-11,375.59513065911824,379.1650929237687,373.7151981734616,378.3675537109375,93839900
2022-11-14,376.61103437675337,379.9531074146063,374.87351452909996,375.14886474609375,71903500
2022-11-15,380.8740965559295,381.9754684954277,374.55071897532395,378.3485412597656,93194500
2022-11-16,376.72492116529327,377.6743765872507,374.8355141476234,375.462158203125,68508500
2022-11-17,370.7243833730803,374.9874582361336,370.42057963663734,374.3133239746094,74496300
2022-11-18,377.6364699366345,377.70293878421535,373.1740458969346,376.0129089355469,92922500
2022-11-21,374.69308951984544,375.8134399275281,372.8131574140973,374.6455993652344,51243200
2022-11-22,376.58251647845884,379.84864551592176,375.1773119937102,379.6872253417969,60429000
2022-11-23,379.3549333957438,382.56409762142516,379.1270733477937,382.07989501953125,68261600
2022-11-25,381.51965705763075,382.5450851329431,381.24433584905154,381.994384765625,30545400
2022-11-28,378.91824880487053,380.55131366861434,375.13940491752146,375.89898681640625,67881600
2022-11-29,376.0318273628986,377.2186467005862,373.4208248199859,375.2532958984375,52310000
2022-11-30,375.50014044810706,387.0740051269531,373.5917546265289,387.0740051269531,144566700
2022-12-01,388.10888202091604,389.2767226198042,384.2920816594287,386.7891540527344,76398200
2022-12-02,381.9185505939232,387.2449830968987,381.81412437625926,386.343017578125,85342700
2022-12-05,383.5325239499222,384.4629717064349,378.04467284641726,379.39288330078125,77289800
2022-12-06,379.23152341918535,379.7726910257881,371.8447608883039,373.9240417480469,77972200
2022-12-07,373.0790824780339,375.6426241653655,372.1581093951866,373.2879638671875,65927900
2022-12-08,375.16787185342383,377.27563531293924,373.3923656741001,376.2122497558594,60737900
2022-12-09,374.9779244191876,377.5224579807687,373.2783911110442,373.4018249511719,81447700
2022-12-12,374.18985811549396,378.7852478027344,373.52525671285184,378.7852478027344,75405800
2022-12-13,389.4856883640399,389.7420309522311,378.8992639208041,381.6526794433594,123782500
2022-12-14,381.3108436618965,385.0042397963437,376.27874065040004,379.2125549316406,108111300
2022-12-15,374.37025027855924,375.2722444929256,368.28426670085497,369.9363098144531,117705900
2022-12-16,367.39057737229774,368.72591299649264,363.44179709016913,365.56878662109375,119858000
2022-12-19,365.759577222778,366.0934184203677,360.8092731762787,362.4689025878906,79878100
2022-12-20,361.71546981883347,364.57691637638356,360.3991997450581,362.9649658203125,74427200
2022-12-21,365.5498006476777,369.51767673215966,365.0156662813186,368.3921813964844,78167400
2022-12-22,365.358881619211,368.37294098663983,357.46129334034805,363.1365051269531,100120900
2022-12-23,362.1160163012456,365.36853035773834,360.57083998702353,365.2254638671875,59857300
2022-12-27,365.111034770745,365.4543943707275,362.11604019958503,363.78521728515625,51638200
2022-12-28,363.71843147410067,365.6833180737436,359.03522324607314,359.2641296386719,70911500
2022-12-29,362.0969229072174,366.5989324853657,361.57230700428545,365.73095703125,66970900
2022-12-30,363.0603000709137,364.91067512789425,360.9523471240934,364.7676086425781,84022200
2023-01-03,366.61805852310664,368.5829161214832,360.380097012264,363.2320251464844,74850700
2023-01-04,365.4829951067627,368.05830845065526,362.44986897863134,366.0362243652344,85934100
2023-01-05,364.0904452321647,364.2048984321615,361.26715956907026,361.8585205078125,76970500
2023-01-06,364.9392455332869,371.27259288151197,361.8870541421074,370.1566162109375,104189600
2023-01-09,372.3408937056104,375.5171151232303,369.76560972422254,369.9468078613281,73978100
2023-01-10,369.3650063190875,372.60797279309605,368.43025676671084,372.54119873046875,65358100
2023-01-11,374.1150503530879,377.3294038131555,373.3043013861297,377.2530822753906,68881100
2023-01-12,378.3499708858858,380.08589280712,374.2962553998828,378.6265563964844,90157700
2023-01-13,375.4408650484913,380.66778464278104,375.1737978638569,380.0954895019531,63903900
2023-01-17,380.07639986503904,381.74557694149377,378.7219690868492,379.399169921875,62677300
2023-01-18,380.5818589835857,381.64058001364293,373.20885610361194,373.4091491699219,99632300
2023-01-19,371.3775455516614,373.01810918357603,369.37455652309,370.6908264160156,86958900
2023-01-20,372.08341391228544,377.74908002985853,370.44285016934947,377.5964660644531,91806400
2023-01-23,378.3976232018816,384.05374118740224,377.4438078609924,382.1270446777344,84178800
2023-01-24,380.4579061003212,382.6230566629975,379.2751842732551,381.7169494628906,59524900
2023-01-25,377.66320358749766,382.19382654932406,375.383570904274,381.8599853515625,84800300
2023-01-26,384.5115864864833,386.21892411230044,381.55475308151983,386.0567626953125,72287400
2023-01-27,385.01712054618537,389.3092897646847,384.80727999784443,386.9438171386719,68346200
2023-01-30,384.19682153424986,386.41922765929314,381.79321726738084,382.0888977050781,74202000
2023-01-31,382.60399077183433,387.7545883082666,382.260602078399,387.7069091796875,86811800
2023-02-01,386.49550726473996,394.5648060301805,383.7676093537023,391.82733154296875,101459200
2023-02-02,395.6998505537126,398.990525390848,393.811314654258,397.53118896484375,101654500
2023-02-03,392.5809380366469,397.71247034386647,392.10403026249105,393.30584716796875,94736800
2023-02-06,390.86396795639956,392.2946908625446,389.25201782015887,390.902099609375,60295300
2023-02-07,389.98649761106446,397.25456629561944,388.74654923536696,396.0146179199219,90990700
2023-02-08,394.04976837031427,395.38510413414,390.99754738888123,391.6842956542969,76227500
2023-02-09,395.2706317979571,395.42324575045114,387.067813777245,388.2886962890625,78694900
2023-02-10,387.115514984604,389.57637508525863,386.304795158678,389.1948547363281,70769700
2023-02-13,389.84341318387385,393.8971284439127,389.38557133439986,393.7635803222656,64913500
2023-02-14,392.24703262517374,395.8810669412816,389.6431352333331,393.5823974609375,88389300
2023-02-15,391.39808914040646,394.93673552677575,390.55872707279593,394.8604431152344,61555700
2023-02-16,389.9102528350607,393.8399681026619,389.290278571449,389.4237976074219,76431500
2023-02-17,387.30627658309317,388.6893205477336,385.3890983264304,388.45086669921875,89257800
2023-02-21,384.4448207915137,385.4940235203808,380.40065293639157,380.6581726074219,82655900
2023-02-22,381.06832644021057,382.60398440393413,378.68378788820354,380.13360595703125,83742300
2023-02-23,383.01409817857655,383.62455398812614,377.94934088551855,382.1556701660156,96242400
2023-02-24,377.15767915293793,378.9031484388594,375.4598889913447,378.0733337402344,108194400
2023-02-27,381.4021728412389,382.7566035647617,378.4262733452024,379.36102294921875,80444700
2023-02-28,378.8840949077096,380.8394047987781,377.8539579939496,377.9588928222656,96438600
2023-03-01,377.1481633851746,378.3690459735666,375.2119192229247,376.50909423828125,99706800
2023-03-02,374.54420891841545,380.2766485518157,374.2103677204858,379.4372863769531,85127800
2023-03-03,381.24948026672485,385.7705842840577,380.6008928914555,385.5225830078125,90120000
2023-03-06,386.3429340367841,388.6321143894144,385.35098693265746,385.78973388671875,72795900
2023-03-07,385.7419944311332,385.98044825489535,379.26558042747604,379.8760070800781,108310600
2023-03-08,379.99054222005736,381.24955646245974,378.2736569852848,380.4960632324219,74746600
2023-03-09,381.2781862155012,382.93784492488635,372.4935538973947,373.4759826660156,111945300
2023-03-10,372.9322526934048,375.00204480111273,366.57032063826443,368.0868835449219,189253000
2023-03-13,364.17625337042944,372.3600057541109,363.0698240200609,367.5622863769531,157790000
2023-03-14,372.46494954234544,375.27871688636895,369.17427445242896,373.6381530761719,149752400
2023-03-15,368.06778985522413,371.50150155324764,365.9884504368566,371.30120849609375,172996900
2023-03-16,368.9549315868622,378.1592456618237,368.4494105185253,377.81585693359375,143254200
2023-03-17,376.4906939277479,377.620484528316,372.01936339877824,373.3981018066406,140553400
2023-03-20,374.17363412671835,377.40028401988184,373.47471024400215,376.9885559082031,93055800
2023-03-21,380.3396653906553,382.41735696574256,378.75028553737957,381.9386291503906,91524200
2023-03-22,381.7662983699507,385.36631171212144,375.3896402926609,375.42791748046875,111746600
2023-03-23,378.28107767842766,382.30240233525234,373.74274810626827,376.4427795410156,119351300
2023-03-24,375.169400500622,378.9992229180059,372.8332064884797,378.9130554199219,107682400
2023-03-27,381.18220877571866,381.9481907671168,378.73112484169525,379.6215515136719,74010400
2023-03-28,378.9321602551606,379.62152939764496,376.9406656319968,378.7694091796875,62871700
2023-03-29,382.9152109829554,384.51417469094537,381.7183914833068,384.2748107910156,77497900
2023-03-30,386.8982643494234,387.14721217774354,384.6674054592339,386.5248718261719,69840000
2023-03-31,387.44397246110736,392.2695566903632,387.3386371549544,391.9727478027344,112062600
2023-04-03,391.45576785501316,393.8685456943349,391.0632075126421,393.4664306640625,67391100
2023-04-04,394.1078626707281,394.3951168773612,389.9142025392246,391.28338623046875,66601500
2023-04-05,390.555750574138,391.3121487439596,388.612116709327,390.2589416503906,65200200
2023-04-06,389.4641946465513,392.05892029879095,388.42057157363575,391.78125,63743300
2023-04-10,389.3110132842087,392.2599929388598,388.69825688508763,392.1833801269531,63681000
2023-04-11,392.80582215030137,393.6866651152167,391.52283489671987,392.2887878417969,59297900
2023-04-12,394.3472458215589,394.63450004221784,390.1057243914606,390.68975830078125,86420400
2023-04-13,391.771718270874,396.2334653614746,390.63234364464273,395.87921142578125,85814800
2023-04-14,395.2473162929602,397.43031429203455,392.6143129106926,394.9122009277344,78161500
2023-04-17,394.82598073584927,396.348331709265,393.600438675659,396.3291931152344,66436400
2023-04-18,397.89938650253947,398.0334443121423,395.2185225027445,396.5876770019531,63560000
2023-04-19,394.6823328652232,397.4206417468214,394.6248878690516,396.5206604003906,55227300
2023-04-20,393.7153643600863,396.09944900781187,392.81535363221457,394.35687255859375,75840400
2023-04-21,394.6536241017087,395.1227679931791,392.71957431843055,394.6632080078125,73457400
2023-04-24,394.46213502684145,395.4962034683657,393.1312868972539,395.0749206542969,64332100
2023-04-25,393.1121085624426,393.6674491748633,388.7461133509764,388.8035583496094,97766700
2023-04-26,389.4163487256269,390.48869433886614,386.6014268812606,387.15673828125,80447000
2023-04-27,389.6844798717997,395.13240528174725,389.43553203327593,394.86431884765625,92968400
2023-04-28,393.9834220992783,398.2441114946902,393.9259770969372,398.2345275878906,89433100
2023-05-01,397.7940605397827,399.85258413885225,397.60255774112403,397.8323669433594,62122300
2023-05-02,397.12381613612365,397.17170644373317,390.46951779319113,393.36102294921875,103998500
2023-05-03,393.85893960371277,396.2621626197753,390.42167734881843,390.6610412597656,91531800
2023-05-04,389.6174209347764,389.94295234971383,386.56313507144216,387.8940124511719,94901900
2023-05-05,391.51318454758655,396.11854378303155,391.25468204681897,395.0749206542969,87891800
2023-05-08,395.4004621354889,395.6589646428425,393.7823597445963,395.18023681640625,50046800
2023-05-09,393.63879898601755,394.5579483522174,393.217516105836,393.4472961425781,49220100
2023-05-10,396.2717616781344,396.9036859335044,391.4748993691881,395.28558349609375,96142900
2023-05-11,394.42385640636445,394.8834164060592,392.52808374994316,394.59619140625,70157100
2023-05-12,395.83135343149405,396.0419948569671,391.6664152391856,394.0791931152344,70481500
2023-05-15,394.68238356588824,395.84089676313823,392.77705610324665,395.43878173828125,54289400
2023-05-16,394.33760136357716,395.2567796654713,392.78652815556177,392.7961120605469,57705500
2023-05-17,394.80676311367984,398.16741189506894,393.1695224653507,397.5642395019531,87287000
2023-05-18,397.2483654807399,401.8154478860798,397.02816936927354,401.3941650390625,97177200
2023-05-19,402.29416293584904,402.82075186824875,399.5941309256764,400.8100891113281,103793300
2023-05-22,400.8292573658007,402.5048047952054,399.59413136502695,400.9728698730469,60745400
2023-05-23,399.33556115944674,400.90580233866484,396.080218025508,396.4727783203125,86383500
2023-05-24,394.8738657064858,395.2568421165078,392.44192021304394,393.6004333496094,89213700
2023-05-25,397.09513966858555,398.4547395231807,394.86428090134467,397.00897216796875,90961600
2023-05-26,397.6600433469777,402.8686044347789,397.5834597512282,402.1505126953125,93830000
2023-05-30,404.074979094816,404.60156797851874,400.9249420409186,402.3036804199219,72216000
2023-05-31,400.48451382304125,401.38452439451896,398.5121576904561,400.07281494140625,110811800
2023-06-01,400.3026421930234,404.9271694953685,399.0579614953215,403.87396240234375,88865000
2023-06-02,406.43990546910896,410.4995078956091,405.9133165725639,409.71441650390625,91426200
2023-06-05,410.05908136180767,411.34206835375164,408.23033766769487,408.9292907714844,65460200
2023-06-06,408.51766787400214,410.3463826890826,407.8665757411859,409.8197937011719,64022200
2023-06-07,410.21228457452565,411.3420751836078,407.9813966367141,408.4026794433594,85373300
2023-06-08,408.4697625854569,411.32299120581996,407.7038096821584,410.87298583984375,61952800
2023-06-09,411.66764397898567,413.6112778783288,410.6240207738437,411.6101989746094,85742800
2023-06-12,412.586760311463,415.42082057078096,411.8686686457449,415.3442077636719,76104300
2023-06-13,416.7996543712614,418.7241206070974,416.13900754994665,418.0826416015625,95899700
2023-06-14,418.4176322305589,420.380404293596,415.1431216045968,418.58038330078125,100612100
2023-06-15,417.7666014534157,425.0145475724995,417.6708792659641,423.7698669433594,110303100
2023-06-16,425.7476786538035,426.3146724181942,421.85559038647375,422.32647705078125,114165800
2023-06-20,420.39474593750015,421.2788606271551,418.0690838007341,420.13525390625,76160400
2023-06-21,419.15507151836675,419.9526987151209,417.39640282400495,417.9826354980469,76982300
2023-06-22,417.0312964707104,419.59718287065334,416.69493630245177,419.4914855957031,70637200
2023-06-23,416.051016626355,418.0979773634387,415.60895921346514,416.3200988769531,92074500
2023-06-26,415.75306687518275,417.6654716468784,414.37882655509753,414.61907958984375,72823600
2023-06-27,415.4936902341691,419.7797970502277,415.04201326216105,419.1647644042969,72813700
2023-06-28,418.0883469905335,420.3851802319676,417.47331443133595,419.3761291503906,75636000
2023-06-29,418.96288231167824,421.1924377171977,418.559273599848,421.029052734375,67882300
2023-06-30,424.2292689763498,426.97775005705444,423.9121184961037,425.9975280761719,104964000
2023-07-03,425.6515034890419,426.76625174608176,425.37280176090064,426.4875793457031,32793400
2023-07-05,424.68086605187517,426.58368059216104,424.6712465458686,425.8533020019531,58418400
2023-07-06,422.2880126868195,422.94149397333916,420.0200085430969,422.5186462402344,80658300
2023-07-07,421.5287711761449,425.38243934770526,421.21162073773354,421.4518737792969,86134200
2023-07-10,421.0963375627214,422.69162140529556,420.52934385873226,422.5186462402344,62443500
2023-07-11,423.27782759435644,425.69956773672544,422.3071959049608,425.2094421386719,64463800
2023-07-12,428.9862448970164,430.03374466313784,427.56393630005715,428.6306457519531,91924500
2023-07-13,430.4374003996056,432.8207214455181,430.00496246418476,432.0326843261719,72425200
2023-07-14,432.9167761484475,433.7624422290722,431.00434197291605,431.7635498046875,69815800
2023-07-17,431.6194336230175,434.3102561737573,431.57136541418197,433.26275634765625,52680200
2023-07-18,432.93600974084484,437.12600898753516,432.5035425061128,436.4821472167969,80668200
2023-07-19,437.27022513718515,438.63484620812557,436.4052905869127,437.45281982421875,65891700
2023-07-20,436.4629408876448,437.35667523001575,433.8393669208048,434.5505065917969,70591600
2023-07-21,436.26110720174216,436.4629408876448,434.54091641230104,434.5505065917969,71275600
2023-07-24,435.6941036910491,437.29900699604326,434.6658135812287,436.49176025390625,54023400
2023-07-25,436.2226217872533,438.93265359810636,436.1745535859872,437.683349609375,55191200
2023-07-26,436.7512409467643,439.1729812727202,435.70374110756154,437.7507019042969,71052900
2023-07-27,441.12379698695344,441.5274350037331,433.94503488324995,434.848388671875,92194400
2023-07-28,438.1062519781901,439.93216931576706,434.8484065015939,439.105712890625,80011800
2023-07-31,439.5765831414508,440.29734227377537,438.2695913310648,439.9417724609375,62040400
2023-08-01,438.4810581528829,439.42286073607613,437.7314697549184,438.6828918457031,55291500
2023-08-02,435.5787978326574,435.83826057949295,431.83085596175755,432.5804443359375,93933400
2023-08-03,430.5719002384005,433.2146837020939,429.92800918121173,431.3406982421875,64276100
2023-08-04,433.14745409560885,435.2424538180626,428.8709377374494,429.389892578125,100128900
2023-08-07,431.2157929076751,433.2915828601554,430.523862923515,433.1378173828125,58357500
2023-08-08,430.61038131148536,433.128258189368,427.9099390769486,431.2542724609375,71361300
2023-08-09,431.5233041246725,431.6866891018031,427.61197745800644,428.3711853027344,78789600
2023-08-10,430.71610074530616,434.08926326921943,427.3621772369706,428.5249938964844,93005500
2023-08-11,426.66056157281855,429.2841352767268,426.0647387376173,428.2750549316406,68690900
2023-08-14,427.3621646686425,430.6391906738281,427.05463370611966,430.6391906738281,47867400
2023-08-15,428.87093856214887,429.2265377401817,425.0557186470054,425.62274169921875,75707500
2023-08-16,425.20945229682616,426.8623944636419,422.3936935729571,422.4994201660156,80107200
2023-08-17,423.96015411160533,424.2196168527754,418.76107448676936,419.280029296875,95711300
2023-08-18,416.47389934127483,420.51016276710396,416.1279489876274,419.48187255859375,98852000
2023-08-21,420.4909004571907,422.95108948384575,418.34786189824484,422.21112060546875,68719000
2023-08-22,423.9793707816351,423.9793707816351,420.5101306907519,421.0675048828125,64994200
2023-08-23,422.12460773274086,426.37229454971487,421.98046176867535,425.7572326660156,68441000
2023-08-24,427.3525738696318,427.86190922962817,419.8278309286685,419.856689453125,88517300
2023-08-25,421.57687525748486,424.09472283005493,418.04035697735236,422.81658935546875,102325100
2023-08-28,424.9980575834004,426.11283533772524,422.81657028498825,425.497802734375,61595400
2023-08-29,425.3920253511655,431.92692561420495,425.20943069514846,431.6482238769531,83081900
2023-08-30,431.9845986592022,434.0603885077203,431.2830492029172,433.4261169433594,69053900
2023-08-31,434.0411436980902,435.17513102782067,432.6092449398333,432.7918395996094,66084600
2023-09-01,435.5019052625726,435.9824113556043,432.1479527903315,433.5990905761719,58944100
2023-09-05,433.15705635053166,433.474177484678,431.65787960630774,431.7251281738281,55166200
2023-09-06,430.9179062539162,431.0236328565703,426.50686334901025,428.8229064941406,70758500
2023-09-07,425.83416623260746,428.1790387012732,425.48821586564173,427.50634765625,70355400
2023-09-08,427.5544150357815,429.67824424857724,427.1988451367808,428.1502380371094,61659700
2023-09-11,430.764047693772,431.2733829258277,429.06306686092813,430.96588134765625,60180100
2023-09-12,429.5243994362143,431.042785754672,428.02522280308654,428.601806640625,67565400
2023-09-13,428.8228607530232,430.25475953176647,427.72729277869223,429.1015625,60199300
2023-09-14,431.5617375492493,433.4933520471616,430.26436526823954,432.8014221191406,83430800
2023-09-15,431.2227284727568,431.5506216241027,427.15295081713646,427.5869140625,111848900
2023-09-18,427.2783073434339,429.12997218957395,426.80575976702727,427.8376770019531,55752200
2023-09-19,426.92147805226983,427.5097785871883,424.27902594225344,426.9504089355469,66514600
2023-09-20,428.2041638924205,428.61884971067485,422.8227839687489,423.02532958984375,82562600
2023-09-21,420.18995642926694,420.45033436985153,415.87907838119946,416.03338623046875,104095800
2023-09-22,417.055696495469,418.64695406116914,414.68324615845955,415.09796142578125,100829700
2023-09-25,413.8924379607471,416.8820607506406,413.458445268684,416.843505859375,70874500
2023-09-26,413.8152657492611,414.5192898301892,409.8901424025337,410.71954345703125,96168400
2023-09-27,411.88643967289465,412.4458093049011,407.2573219237748,410.8834533691406,104705800
2023-09-28,410.333802865898,414.93399013925836,409.745502299644,413.26556396484375,92258300
2023-09-29,416.3034507511099,416.47703605865223,410.74848546003295,412.2626037597656,115111300
2023-10-02,411.4331930512835,413.34271968319354,409.35008111589474,412.0986328125,83798600
2023-10-03,409.92872106622235,412.15648738227026,405.2224344904491,406.5822448730469,103760600
2023-10-04,407.0451710291783,410.28554771633696,405.5889145488821,409.54296875,87453000
2023-10-05,409.25361095296023,410.2276663727646,406.1771957071079,409.3886413574219,70142700
2023-10-06,406.9487069673823,415.78263268562836,405.627480956343,414.2492370605469,113273300
2023-10-09,412.3590123769111,417.47036086082164,411.80932558041656,416.9013671875,80374400
2023-10-10,417.5282094394434,421.6558488736504,417.1328010827686,419.0712585449219,78607300
2023-10-11,420.13214698196236,421.0386578835823,417.7596966141307,420.7879333496094,62451700
2023-10-12,421.39548619007036,421.7715876841516,415.8791053042313,418.22259521484375,81154200
2023-10-13,419.7174500912721,420.91332876659834,414.57719959828006,416.1395263671875,95143100
2023-10-16,418.3769095461698,421.578731455087,418.135809030701,420.51788330078125,75433200
2023-10-17,417.40284337508905,422.54312271495667,417.0556727686725,420.4985656738281,75324700
2023-10-18,418.7337779857061,419.6885267101767,413.8153210625451,414.89544677734375,93559800
2023-10-19,415.60908569425885,417.4125128642148,410.5749056891377,411.2499694824219,121323000
2023-10-20,410.8159967559263,411.3560595506144,406.09040315558224,406.1965026855469,123919900
2023-10-23,404.67268410500066,409.34041539624207,402.92711894728416,405.492431640625,92035100
2023-10-24,407.60452747929617,409.69729291312706,405.7625160007192,408.5496520996094,78564200
2023-10-25,406.8716581551216,406.9005890438636,402.1749947203963,402.6861267089844,94223200
2023-10-26,401.6252356371067,402.4738846980561,396.9478799231693,397.8640441894531,115156800
2023-10-27,399.4456375835296,399.84104590641886,394.64290537878924,396.0605773925781,107367700
2023-10-30,398.8381328209202,401.84706268429056,397.54583752991965,400.7958679199219,86562700
2023-10-31,401.3648163745919,403.6311669556289,399.4649432617073,403.31292724609375,79665200
2023-11-01,404.27731320299,408.4242298564383,403.7468744665271,407.6141357421875,98068100
2023-11-02,411.39458907062107,415.5801196181461,411.37531162600504,415.4258117675781,94938900
2023-11-03,417.72113093175125,420.75899159658866,417.59575395239466,419.2159423828125,100167800
2023-11-06,419.96812824031423,420.62391451827705,418.24184046839486,420.1802978515625,67831700
2023-11-07,420.18031060348386,422.0126685210308,419.04232330462156,421.37615966796875,64256100
2023-11-08,421.97412330805065,422.4949086781329,419.38953276666115,421.684814453125,61746000
2023-11-09,422.82275020857907,422.86133452826135,417.97180945877307,418.3961486816406,83174400
2023-11-10,420.4600141525394,425.23378661631307,418.38652621092507,424.9251708984375,89462200
2023-11-13,423.5943238724324,425.6195446365516,422.8131605648516,424.5201416015625,52236100
2023-11-14,430.431891252709,434.0387451768695,430.2100682059501,432.756103515625,97176900
2023-11-15,434.08698805976627,435.3117974864374,432.82362374197305,433.67230224609375,77327600
2023-11-16,433.22867282179436,434.52096798557363,432.1678247228073,434.2027282714844,66665800
2023-11-17,434.2123590781554,435.3503758373704,433.29619481153003,434.7427978515625,83133200
2023-11-20,434.4920035775441,438.92825837478466,434.4823501401847,438.0892333984375,69936200
2023-11-21,437.0476678056294,437.96386142887025,435.87109625162043,437.13446044921875,49244600
2023-11-22,438.78368021370784,440.1338372741124,437.73248545127797,438.8222351074219,59394900
2023-11-24,438.87039999223333,439.28508576492015,438.542506862815,439.0921936035156,29737400
2023-11-27,438.4653845031241,439.2754786903425,437.9156682731926,438.30145263671875,50506000
2023-11-28,437.91569543871145,440.0277384058116,437.35635516684414,438.7354431152344,62115000
2023-11-29,440.8763777024274,442.0047410159344,438.0314094012158,438.4267883300781,63146000
2023-11-30,439.26581233862987,440.500245661758,437.201978031331,440.1530456542969,79752700
2023-12-01,439.5455132066452,443.28739788218263,438.95724208115644,442.7569885253906,89183400
2023-12-04,439.38160552881834,442.77629034785133,438.16644945685704,440.43280029296875,72430900
2023-12-05,439.05371300809566,441.3007569694989,438.6775820590756,440.34600830078125,69793500
2023-12-06,442.4773501564048,442.5062810437914,438.13754046110813,438.571533203125,69124700
2023-12-07,440.6449813906353,442.5641322141357,440.0470567781608,441.9179992675781,66995400
2023-12-08,441.17532857795476,444.3482193835821,440.9342280791031,443.81781005859375,83194400
2023-12-11,443.3259545711253,445.7176821092958,443.1137849553907,445.5440673828125,65002200
2023-12-12,445.19687499100826,447.6753950554409,444.20354216398823,447.5789489746094,68327600
2023-12-13,447.95509399152206,454.0019136162734,447.59826994583597,453.75115966796875,93278000
2023-12-14,455.6799755722313,456.8662007070536,452.54566886194607,455.2074279785156,119026000
2023-12-15,454.6128802736885,455.784559299069,452.61815952788186,454.45794677734375,141553700
2023-12-18,456.0556626634462,457.9922869448393,455.00020597615196,457.0142822265625,70375300
2023-12-19,457.5565362720974,459.8708164807692,457.4790843028072,459.7933349609375,55761800
2023-12-20,458.9411749679152,460.81970272542947,452.9957542950649,453.42181396484375,102921000
2023-12-21,456.39451800386655,457.99225657048584,453.98343038961036,457.72113037109375,86667500
2023-12-22,458.84435899601766,460.3162123050925,456.7528308577729,458.6410217285156,67160400
2023-12-26,459.0477166286851,461.4781598644946,458.97023511368405,460.57763671875,55387000
2023-12-27,460.3742993690924,461.5556412930502,459.8417395433534,461.410400390625,68000300
2023-12-28,461.76869846768426,462.41745105376606,461.16834966842947,461.584716796875,77158100
2023-12-29,461.39101424995863,461.9139110481109,458.3020963459827,460.2484130859375,122283100
2024-01-02,457.1982355112993,458.66039620914324,455.5811413344983,457.6726989746094,123623700
2024-01-03,455.5230751447963,456.2590018309508,453.3347097921151,453.93505859375,103585900
2024-01-04,453.4605375615008,456.03625125353045,452.2501474553143,452.4728698730469,84232200
2024-01-05,452.6761936894624,455.53272607542186,451.6497852739501,453.09259033203125,86118900
2024-01-08,453.58644474883687,459.7061845131588,453.4605594436324,459.5609436035156,74879100
2024-01-09,456.9174526401683,459.8804854755376,456.4139409568945,458.86376953125,65931400
2024-01-10,459.1349189215174,462.3206743518726,458.8541001077607,461.4588623046875,67310600
2024-01-11,462.45619075983615,462.96939501130794,457.29510006298005,461.2554931640625,77940700
2024-01-12,462.69828839912003,463.4342151118614,460.171007794378,461.5750427246094,58026400
2024-01-16,460.2000527294099,461.5072505223364,458.0697541289019,459.8804931640625,85014900
2024-01-17,456.8690498182248,457.8083137942025,454.9808292885089,457.32415771484375,68843900
2024-01-18,458.9896569986018,461.9429972701223,457.4500442083185,461.39105224609375,91856200
2024-01-19,462.514291382207,467.42364106257526,461.4394790826515,467.142822265625,110834500
2024-01-22,468.67274557207963,469.8443949304159,467.4817110595385,468.1304931640625,75844900
2024-01-23,468.67274693324026,469.737866598163,467.5882421140563,469.49578857421875,49945300
2024-01-24,472.3523319806955,473.2819033399484,469.51518456670595,470.009033203125,81765000
2024-01-25,472.1296163726771,472.8364948673133,470.0090399898508,472.56536865234375,72525000
2024-01-26,472.1393159497028,473.6208323517754,471.12260001612924,471.96502685546875,76641600
2024-01-29,472.27489403038163,475.8479682163698,471.7326415921786,475.70269775390625,61322800
2024-01-30,475.0151572718124,476.04156568160744,474.5794050287412,475.334716796875,58618400
2024-01-31,473.1367160125659,473.58213136319495,467.5592281243461,467.57861328125,126011100
2024-02-01,469.27313995314404,473.7273819238251,468.4694242895628,473.6983337402344,91891600
2024-02-02,474.1340709086256,480.33126318424115,473.79515572273505,478.6851501464844,99228200
2024-02-05,478.05572128716557,478.71416645842936,474.6956769375314,476.942138671875,75757100
2024-02-06,477.8813679101815,478.6560353058455,476.4579479680973,478.3268127441406,55918600
2024-02-07,480.5636415654776,482.73265130891053,479.66308881437243,482.3162841796875,70556500
2024-02-08,482.31623652505846,482.90689268947517,481.5028579516359,482.5292663574219,52343600
2024-02-09,483.0328525667237,485.7538074749057,482.6939373878326,485.3180847167969,63979400
2024-02-12,485.28896212192205,487.5451161916344,484.3884094588291,485.10498046875,56502300
2024-02-13,478.8593667536311,481.33824328857344,475.17010013129357,478.4236145019531,113099200
2024-02-14,481.04785920487234,483.2556099907284,478.7335787034053,482.7714538574219,68387800
2024-02-15,483.4685762738627,486.28636814510776,482.9940832312684,486.1023864746094,61683000
2024-02-16,485.8022467252244,486.9351554606331,482.9457138905167,483.681640625,75532900
2024-02-20,481.9483091532552,482.6164468795506,478.78193916164605,481.01873779296875,71736700
2024-02-21,479.7212103303219,481.6094012609107,477.92013439516916,481.4544677734375,59293400
2024-02-22,488.0390264949041,492.3770461062639,487.08037735176976,491.4184265136719,76402500
2024-02-23,493.1323109036816,493.9650747069926,491.03109011668937,491.75732421875,61321800
2024-02-26,492.1930670722987,492.6288193715667,489.8303829996231,489.9562683105469,50386700
2024-02-27,490.6437622032437,491.089177503547,488.75554175218684,490.866455078125,48854500
2024-02-28,489.3171291941457,490.79864549092105,488.9588584535033,490.2176818847656,56506600
2024-02-29,491.9703174424767,493.5873820410347,489.33650744640795,491.97998046875,83924800
2024-03-01,492.8515431020925,497.02493667557957,492.44483898500675,496.598876953125,76844800
2024-03-04,495.80491059914067,497.90613146747353,495.775832865413,496.0663146972656,49799300
2024-03-05,494.07152244829007,494.5169672600257,488.9104323126882,491.1084899902344,72855600
2024-03-06,494.3716836843407,495.8435368483092,492.3092039305024,493.5970458984375,68382400
2024-03-07,496.8797004283906,499.54255878511856,493.65520448812254,498.49676513671875,58652100
2024-03-08,499.1262072798715,501.7986991966138,494.93339907868494,495.50469970703125,86532500
2024-03-11,494.30400588507405,495.65963700941484,492.3867371553007,495.0786437988281,62557200
2024-03-12,497.17989237365043,500.9853520856395,494.67193786467755,500.4043884277344,73114400
2024-03-13,500.7238851600706,500.89817425614416,498.1869120376378,499.6199951171875,55104100
2024-03-14,500.5883050955873,500.7432681365898,495.6015329710001,498.6323547363281,110171800
2024-03-15,495.57751113868864,497.0247990949515,493.5474544938414,495.2084045410156,107646300
2024-03-18,499.25887018669476,500.696405939081,497.74361217385916,498.15155029296875,88893300
2024-03-19,497.4619006203073,501.201461454095,496.4614118820625,500.9197998046875,60755300
2024-03-20,500.9781564477384,505.68903869341005,500.30794271303097,505.55303955078125,69594600
2024-03-21,508.37956788041765,509.0788903449226,506.9419728955261,507.22369384765625,60256100
2024-03-22,507.1362685930967,507.6219289738799,506.02894869657956,506.2621154785156,79070800
2024-03-25,504.8924815953154,506.00952410002293,504.70792829326916,504.8633728027344,48512100
2024-03-26,506.2815184422617,506.6215162909625,503.5327232804724,503.9309387207031,65463700
2024-03-27,506.7478031087625,508.20478432945873,504.59144007407906,508.1658935546875,82999800
2024-03-28,508.20475523799445,509.56456872863964,507.78709442613604,508.0687561035156,96294900
2024-04-01,508.8069321681379,509.341146689148,506.0289099464076,507.1847839355469,62477500
2024-04-02,503.3772549881494,504.0960228561583,501.6677209860127,503.9600830078125,74230300
2024-04-03,502.87210705946654,506.00951312621123,502.8235528830779,504.5136413574219,59155800
2024-04-04,508.50581204447843,508.845750562364,498.0543922336854,498.3554992675781,96858100
2024-04-05,499.7056529768442,505.5141316093866,499.26854681862443,503.561767578125,74546500
2024-04-08,504.26119543845846,505.2616249915614,503.0373217973172,503.8434753417969,48401800
2024-04-09,505.57248200895594,505.81531221165,499.59883530879597,504.42633056640625,68049200
2024-04-10,498.75370676862974,501.3568389879978,497.4036161258989,499.3753662109375,82652800
2024-04-11,500.89063294902877,504.5816396156678,497.3939022721514,503.14410400390625,70099000
2024-04-12,499.61825717169796,501.0266841379513,494.4799620247676,496.19921875,92561100
2024-04-15,500.3564247602264,500.5215326754904,489.13765316276323,489.98272705078125,92101400
2024-04-16,490.45864647041304,491.97390429784934,487.8069304512228,489.0890808105469,73484000
2024-04-17,491.53681324608516,491.7019508026377,484.805568116472,486.1945495605469,75910300
2024-04-18,487.5835926622845,489.6719263116465,484.26166270979206,485.1941223144531,74548100
2024-04-19,485.1163881622374,486.1071245547147,479.6964023315547,480.9591369628906,102212600
2024-04-22,483.5525260012936,487.9720525600813,481.22136246688433,485.3883361816406,67961000
2024-04-23,487.3892787074855,491.5756683731246,485.20380722643876,491.1482849121094,64633600
2024-04-24,492.0322045112339,492.81897189579723,488.7005816711836,490.9151916503906,55928100
2024-04-25,484.8638724968989,489.8078914311426,483.222338099903,489.0502624511719,69122400
2024-04-26,491.82824557353393,495.2570064811488,491.1968930428971,493.6834716796875,64306100
2024-04-29,495.4609621651781,496.1020373711397,492.70241499072074,495.43182373046875,46415400
2024-04-30,493.97486496700367,494.9461856908876,487.5835876464844,487.5835876464844,77483600
2024-05-01,487.0007337039303,493.6154247072787,485.5340300927016,486.0002746582031,80242800
2024-05-02,489.6912841378985,491.38140217174987,485.2232033620505,490.5460510253906,62550200
2024-05-03,496.5002799659129,497.8504002906167,493.97484028154764,496.6265563964844,72756700
2024-05-06,499.0160258932404,501.79398895747323,498.5789197070483,501.7551574707031,47264700
2024-05-07,502.71671493011996,503.69775827546636,501.6385632333307,502.30877685546875,52561300
2024-05-08,500.4826885782833,502.89154482386346,500.36613484283316,502.3573303222656,42047200
2024-05-09,502.54177680168107,505.29063026197537,501.8910087029546,505.2517395019531,43643700
2024-05-10,506.84480145398453,507.6510141541504,504.68849817209366,505.90264892578125,52233200
2024-05-13,507.57334496613424,507.6801760152973,504.8342134653113,505.97064208984375,36716400
2024-05-14,506.1648587577762,508.80688159235103,505.63064428986746,508.29205322265625,57535900
2024-05-15,510.7495751277046,514.8776880610556,510.11819296519036,514.5863037109375,59504900
2024-05-16,514.6834008229457,516.2763809484062,513.381805041238,513.5275268554688,50244800
2024-05-17,513.6440876053468,514.3337466322346,512.1968292743588,514.2657470703125,59187600
2024-05-20,514.3823996621339,516.3153187057068,513.993847600682,514.8583374023438,37764200
2024-05-21,514.1007280315008,516.2764772503131,513.8967293104672,516.1210327148438,33437000
2024-05-22,515.4313166919542,516.1403617816678,512.4687413388463,514.6348266601562,48390000
2024-05-23,517.6750375151379,517.7818685505794,509.6713061390158,510.87579345703125,57211200
2024-05-24,512.7115556042107,515.062194143986,511.7694030777515,514.2559814453125,41291100
2024-05-28,515.0621852566261,515.2952927113275,511.99277901051346,514.6153564453125,36269600
2024-05-29,510.6037502246151,512.1870073727748,510.30264324283183,511.0116882324219,45190300
2024-05-30,509.4772041666412,510.1376951954115,506.37868844824237,507.6219482421875,46377600
2024-05-31,508.5738001358681,512.3716377541396,503.49375287353905,512.245361328125,90785800
2024-06-03,513.8480669180504,514.1297285627861,507.61214568816797,512.6630249023438,46835700
2024-06-04,511.36150323340104,513.974358217118,509.90452222280885,513.2361450195312,34632700
2024-06-05,515.5479441376007,519.355504956824,513.5664118243003,519.3360595703125,47610400
2024-06-06,519.6370626085396,520.0644460332289,517.4030371414061,519.3262329101562,30808500
2024-06-07,518.3549484930342,521.4923544849469,517.2670741151577,518.6949462890625,43224500
2024-06-10,517.8887511155715,520.6181598447974,517.2962597313128,520.297607421875,35686100
2024-06-11,518.7531901267605,521.6088750080388,516.7911035808329,521.5505981445312,36383400
2024-06-12,526.096381978746,528.5149607902181,524.804508979413,525.8341064453125,63251300
2024-06-13,527.572819593174,527.7476501909825,524.1149205499801,526.8928833007812,44760900
2024-06-14,525.367907030757,527.2425487322553,524.3674183253244,527.2134399414062,40089900
2024-06-17,526.5336166388124,532.7986479029511,526.0770650167459,531.4096069335938,55839500
2024-06-18,531.4678314025467,532.8859810291509,531.0501705974204,532.7597045898438,41376400
2024-06-20,533.6824026084769,534.3428935144076,529.5445672911499,531.3123779296875,70328200
2024-06-21,530.4929219620788,531.7109897848462,529.148170327666,530.60009765625,64338600
2024-06-24,530.4247136467889,532.9777790963483,528.7583754205319,528.8753051757812,45528700
2024-06-25,530.0933585291979,531.2724695843536,528.5829663352164,530.9119262695312,37936200
2024-06-26,529.8010101320955,532.2858564645144,529.1578965249615,531.5745239257812,38550600
2024-06-27,531.4380824208646,532.9874907686532,530.6974877125363,532.4125366210938,35041500
2024-06-28,533.1824029810238,536.2227551968151,529.0799883321372,530.3175048828125,76144500
2024-07-01,531.6915669508893,531.9351805545184,528.6610279959765,531.4089965820312,40297800
2024-07-02,529.8108184673043,534.9851684570312,529.7621076471618,534.9851684570312,40434800
2024-07-03,534.6734227637801,537.7332240580232,534.6344659965342,537.3726806640625,32789900
2024-07-05,537.6746345682784,540.8708135451888,537.0412155224441,540.4713134765625,41488400
2024-07-08,541.2508572097279,542.0401627530802,540.0327894282602,541.094970703125,36110500
2024-07-09,542.0499781069125,542.946459442177,541.3288914148972,541.6212158203125,27289700
2024-07-10,542.8392819787523,547.3217481165079,542.5469575742852,546.980712890625,38701200
2024-07-11,547.0975351406863,547.964813600151,541.6308616855196,542.2642211914062,53054200
2024-07-12,543.3848727911708,549.2705544498172,542.917153831161,545.6845703125,53084400
2024-07-15,547.6726520198463,550.4108665899995,545.3339375966927,547.1854248046875,40584300
2024-07-16,548.4910822924977,550.722561208659,547.7407334557406,550.4302368164062,36475300
2024-07-17,544.5249949514538,546.191333044454,542.3909378748594,542.7125244140625,57119000
2024-07-18,544.2424015949905,545.2266098112565,536.3687953408241,538.5418090820312,56270400
2024-07-19,538.3079467810027,539.9255739822243,533.9131490329083,534.965576171875,65509100
2024-07-22,538.8732057821688,541.0852359846874,536.9438053796708,540.4810791015625,43346700
2024-07-23,540.3738360482369,542.5176472841652,539.1460736583557,539.63330078125,34439600
2024-07-24,534.83883673381,535.1409151109071,526.4877583706287,527.4037475585938,74515300
2024-07-25,527.520781647899,533.4747422855404,523.7204457786454,524.6558837890625,61158300
2024-07-26,528.4271261891337,533.2116708123141,527.6572691986129,530.5319213867188,53763800
2024-07-29,532.0715107948711,533.0751677112492,528.8557642968128,530.8436889648438,39515800
2024-07-30,532.3054207151831,533.3578480228961,524.7631538745112,528.1542358398438,46853600
2024-07-31,534.9559286681133,539.3604813512061,533.5917282671721,536.7391967773438,65663400
2024-08-01,538.4542703754322,540.6955035812163,525.6499253938641,529.1384887695312,76428700
2024-08-02,522.063852889589,523.2721666167066,515.0964813658185,519.2866821289062,82789100
2024-08-05,498.5697287097326,510.2047134794361,497.2347015627261,504.1630859375,146267400
2024-08-06,505.9561368728723,516.2171692769037,504.6406473484446,508.81134033203125,84826300
2024-08-07,514.9698872095724,518.0102396495081,504.81608903475944,505.4104919433594,70698300
2024-08-08,510.52624530905064,517.7177216624609,508.5091775662785,517.0941162109375,63276600
2024-08-09,516.2756321007693,520.8555792219031,515.05756422153,519.3743896484375,45619600
2024-08-12,520.563206135425,522.0443360943832,517.3864758873478,519.647216796875,42542100
2024-08-13,522.8239831490899,528.4270952564345,522.5803695792055,528.1931762695312,52333100
2024-08-14,528.9824644571885,531.0386081211183,526.3222233938623,529.8594970703125,42446900
2024-08-15,535.4626581650564,539.2240376315274,534.8585012342127,538.9414672851562,60846800
2024-08-16,537.3335929699142,540.8416642629177,537.1777064456791,540.1497802734375,44430700
2024-08-19,540.5589290320204,545.3142700195312,539.7111586836203,545.3142700195312,39121800
2024-08-20,544.8661897055061,546.5130199847447,543.0926755989435,544.4276733398438,33732300
2024-08-21,545.4702606482219,547.7504502285475,540.5589732888145,546.2985229492188,41514600
2024-08-22,548.1889915317105,548.79314842079,540.8026115148097,542.0109252929688,56121500
2024-08-23,545.236462053231,548.7055171032431,543.053634385247,547.77001953125,50639400
2024-08-26,548.7931322733509,549.504464836925,544.7686315002069,546.4641723632812,35788600
2024-08-27,545.197411094177,547.7017657101911,544.057316249273,547.2145385742188,32693900
2024-08-28,546.8734145036697,547.3021766926912,540.8609898000797,544.0377197265625,41066000
2024-08-29,545.9963772385526,549.2802828145968,542.9463311315743,544.08642578125,38715200
2024-08-30,546.4448203697416,549.7871918701893,542.9075460914414,549.2804565429688,62700100
2024-09-03,546.1523100029519,546.4836505961764,535.4723301709399,537.9766845703125,60600100
2024-09-04,536.144708671945,540.2666308743978,535.4236220855641,536.8755493164062,47224900
2024-09-05,536.817154296066,539.6527901961324,533.1239343608661,535.56982421875,44264300
2024-09-06,535.8913798019039,537.5089477091443,525.659610039857,526.5560913085938,68493800
2024-09-09,530.7364876707761,533.7183150530045,528.8167820276888,532.4514770507812,40445800
2024-09-10,534.3517437427556,535.1216007015946,529.4989803786028,534.770751953125,36394600
2024-09-11,534.683107736862,541.1729474655668,526.1663863296421,540.2569580078125,75248600
2024-09-12,540.831888043875,545.1097566752126,538.619857760852,544.8076782226562,51819600
2024-09-13,545.4118431545087,548.6470386001909,545.1584755178029,547.653076171875,39310500
2024-09-16,547.3899785889079,548.7249762940762,545.5970158864217,548.4619140625,36656100
2024-09-17,550.6641466211254,552.1063795479049,546.4642506202782,548.68603515625,49321000
2024-09-18,549.3389057758787,554.1624668793891,546.5032696834501,547.0587158203125,59044900
2024-09-19,556.4231830771506,558.2454079377469,553.5680389935643,556.3939208984375,75315500
2024-09-20,555.0312814396932,556.4680940708006,552.4214655718796,555.4320068359375,77503100
2024-09-23,556.4975550473902,557.4652143001452,555.2854753286341,556.820068359375,44116900
2024-09-24,557.6118194350487,558.4719742881841,554.796778035406,558.413330078125,46805700
2024-09-25,558.2568638249757,558.9899461465259,556.0771251545262,557.181640625,38428600
2024-09-26,561.4239069445024,561.7464799490699,557.044979898959,559.3908081054688,48336000
2024-09-27,560.4561405350975,561.2673753932927,557.5531033653197,558.5794067382812,42100900
2024-09-30,557.5531235786384,561.4238200592039,555.2659399397932,560.8178100585938,63557400
2024-10-01,560.4660310099997,561.1111173600859,553.2329264823798,555.7938232421875,72668800
2024-10-02,554.9042355240985,557.0448382675937,552.519272009238,556.0282592773438,38097800
2024-10-03,554.5620734708386,556.9470368946191,552.7342597435006,555.01171875,40846500
2024-10-04,559.4395649274686,560.4267920576441,555.2854315259468,560.0553588867188,42939100
2024-10-07,558.4132383947003,559.0583842578297,553.8485957624074,554.9921875,49964700
2024-10-08,557.553120131347,560.8373745453375,556.683241044493,560.2410888671875,37398700
2024-10-09,560.231378146855,564.6787929089692,559.6351520491386,564.1216430664062,37912200
2024-10-10,562.7824731556751,564.5516429072721,561.5313172618801,563.1343383789062,44138100
2024-10-11,563.0560670625003,567.2395520271365,562.9192107150462,566.5064697265625,42268000
2024-10-14,568.1095992711693,572.0682925934088,567.6306615716253,571.1397094726562,36217200
2024-10-15,571.4035256005812,571.7065305951428,565.4899467305453,566.7020263671875,54203600
2024-10-16,566.7021056174783,569.6832957534668,565.900594951752,569.1652221679688,30725400
2024-10-17,572.6936844531912,572.8989689898087,569.0282726746998,569.2139892578125,34393700
2024-10-18,570.8952139016382,572.1854459872815,569.4388331888846,571.4035034179688,37416800
2024-10-21,570.6802188403536,571.6576620923939,567.5035282712228,570.4652099609375,36439000
2024-10-22,567.9434160693424,571.3156073773309,567.2885457643838,570.1622314453125,34183800
2024-10-23,568.1486509721636,568.5885123492586,561.4629131521561,564.952392578125,49314600
2024-10-24,566.8975538777448,566.975766047179,563.5644984283806,566.1742553710938,34979900
2024-10-25,568.39295320261,571.27642231265,565.0403304898274,565.9786376953125,47268200
2024-10-28,569.4388580651755,569.5659304498093,567.4253275234959,567.7283325195312,30174700
2024-10-29,566.7704218431865,569.7613956814984,565.382469188388,568.6471557617188,42899700
2024-10-30,568.1779762445088,570.1622147162088,566.2230897069062,566.9268798828125,41435800
2024-10-31,562.5772452055423,562.6456733933426,555.617853906816,555.8133544921875,60182500
2024-11-01,558.4328313722141,562.5673968338307,557.748609230934,558.1591186523438,45667500
2024-11-04,558.2960627771841,559.586295105694,555.0802957635589,556.9569702148438,38217000
2024-11-05,557.8659451341218,563.7306045728799,557.6509362573997,563.6915283203125,39478300
2024-11-06,575.9094848869298,578.5778854519942,572.1854290723838,577.7079467773438,68182000
2024-11-07,579.7020264980958,583.1915058614667,579.6238143381844,582.1749267578125,47233200
2024-11-08,582.722322897382,586.1140819812399,582.722322897382,584.69677734375,46444900
2024-11-11,586.2802096893201,586.6320749270757,583.5335966542183,585.25390625,37586800
2024-11-12,585.1757310882224,585.7719571662951,580.9629529710414,583.4359130859375,43006100
2024-11-13,583.8952929846365,585.7133231848053,581.5396809070076,583.7193603515625,47388600
2024-11-14,583.846361756873,584.3252993650702,579.2817188550297,579.9658813476562,38904100
2024-11-15,576.4177743775998,576.886987680586,570.689971552463,572.537353515625,75988800
2024-11-18,572.9967218779136,576.1929802203847,572.1366267509276,574.8832397460938,37001700
2024-11-19,571.5208668268807,577.7080396739373,570.856212572816,576.9847412109375,49412000
2024-11-20,577.0630094223009,577.4637349458769,571.4427101629503,577.1802978515625,50032600
2024-11-21,580.014817427747,581.6959910919024,574.1990184692589,580.2786865234375,46750300
2024-11-22,580.2689646034843,582.7028485393122,579.7705186323628,582.0772705078125,38226400
2024-11-25,585.9967380709614,587.3064784870423,581.7741764917598,584.0516357421875,42441400
2024-11-26,585.2929516850081,587.7659115133398,584.5794372696156,587.1012573242188,45621300
2024-11-27,586.9155638447446,587.2967213513849,583.807301635719,585.3223266601562,34000200
2024-11-29,586.1335489255529,589.7403166328984,585.8598958585202,588.9583740234375,30177400
2024-12-02,589.3689531396692,590.6885373789082,588.8802314936704,590.0140991210938,31746000
2024-12-03,589.7794288278096,590.5320194756874,588.7531254655074,590.2876586914062,26906600
2024-12-04,591.9689462717889,594.1974858067216,591.3042920365143,593.953125,42787600
2024-12-05,593.9531512779432,594.7546619184587,592.6238427485821,592.9757080078125,28762200
2024-12-06,593.738204240678,595.3314417096212,593.3276947288156,594.099853515625,31241500
2024-12-09,593.982457801793,594.1486064406603,590.4539021843977,591.0403442382812,34742700
2024-12-10,591.7147950136848,592.1350884376395,588.5478885385655,589.2027587890625,37234500
2024-12-11,592.1155320836123,594.7057206012569,591.8418193692619,593.7576293945312,28677700
2024-12-12,592.8974892997352,593.4643633790662,590.6982421875,590.6982421875,31543800
2024-12-13,592.7215967057723,593.4351111707817,589.2125492712078,590.5809936523438,35904700
2024-12-16,592.3306244931046,594.0705021581772,591.5584657830842,593.102783203125,43695200
2024-12-17,590.5613981975558,591.5192734247074,589.2907339933267,590.6591186523438,55773500
2024-12-18,590.3561794711514,592.7313595079198,572.6742637557415,573.0554809570312,108248700
2024-12-19,578.0207549395101,579.6237759904493,572.635033748792,572.87939453125,85919500
2024-12-20,570.561034960996,584.27166262691,569.7175591199479,579.7603149414062,125716700
2024-12-23,579.5052825841503,583.8302883719545,576.3374745859168,583.2320556640625,57635800
2024-12-24,584.5757510081671,589.7540503475091,583.9970921591193,589.7147827148438,33160100
2024-12-26,587.949453201798,590.8720184847898,586.5568290557057,589.7540283203125,41219100
2024-12-27,586.0271828680434,586.2626090728168,579.3778441686201,583.5459594726562,64969300
2024-12-30,576.5631199685903,580.338917958557,573.150128529516,576.88671875,56578800
2024-12-31,578.5441278348751,579.2601035674252,573.1599137063401,574.7879638671875,57052700
2025-01-02,578.0341524534392,579.7406180456738,569.3154229960469,573.3756713867188,50204000
2025-01-03,576.2100986967752,581.1823624210723,575.1312564616488,580.544921875,37888500
2025-01-06,584.7816606701658,588.145567536734,582.1630605707853,583.88916015625,47679400
2025-01-07,585.9093771536865,586.2330357407637,575.4744255738375,577.2887573242188,60393100
2025-01-08,577.3574447409104,579.2012273003362,573.9248797422833,578.1322021484375,47304700
2025-01-10,574.5917674597674,574.6604259424307,567.4029789022777,569.3056030273438,73105000
2025-01-13,564.6766400021115,570.5414039943755,564.2646890570356,570.1883544921875,47910100
2025-01-14,573.101074063849,573.7287574980859,567.2068596443902,570.972900390625,48420600
2025-01-15,578.956079102548,582.4965105633459,577.847846118657,581.35888671875,56900200
2025-01-16,582.7220679112103,582.8985926554029,579.5445027973688,580.2408447265625,43319700
2025-01-17,585.4583566167607,587.8120797540519,584.1343312340456,586.06640625,58070600
2025-01-21,589.0968201243991,591.4407861448484,587.1353543049476,591.4309692382812,42532900
2025-01-22,594.2457979602253,596.109214840216,593.6965898049438,594.7557983398438,48196000
2025-01-23,594.1280457618639,598.001953125,593.8534716457165,598.001953125,41152100
2025-01-24,598.0606782414739,599.0120202031255,595.1086628774257,596.256103515625,34604700
2025-01-27,583.3497595871564,588.1357411390088,583.1830517473746,587.8218994140625,70361100
2025-01-28,589.0478589949998,593.7063408187366,585.742793521421,592.8727416992188,44433300
2025-01-29,592.0880784150642,592.4902124528912,587.6747800612517,590.2149047851562,37177400
2025-01-30,592.3234809305729,594.9125703683252,589.1458559611356,593.3826293945312,39281300
2025-01-31,595.7952876097377,598.2079122989969,589.4695478929073,590.2247314453125,66566900
2025-02-03,581.2509121761593,588.7240915852041,579.1129217803689,586.252685546875,65857200
2025-02-04,586.3115788306599,590.695426254437,585.7721876960313,590.1854858398438,33457800
2025-02-05,589.0674493379312,592.7255640609287,587.0471418694162,592.5784301757812,30653100
2025-02-06,594.3144028610088,594.7655616068429,591.0191542265169,594.6380615234375,35771500
2025-02-07,595.1970270806008,596.4131263461926,588.4887874469584,589.1949462890625,50788500
2025-02-10,592.3922016880001,593.8338505117428,591.1270177676121,593.1963500976562,26048700
2025-02-11,590.940628411795,594.1868520894046,590.8229452462591,593.6474609375,30056700
2025-02-12,587.6551628450902,592.9020598913557,586.9784547529548,591.7349853515625,45076100
2025-02-13,592.8335121773658,598.1883363356536,591.5782049635822,597.9823608398438,40921300
2025-02-14,598.1881861265014,599.2179436285784,597.3349533511362,597.9528198242188,26910400
2025-02-18,599.1100803238464,599.7083129882812,596.658248231066,599.7083129882812,26749000
2025-02-19,598.3256621675536,601.4149354951375,597.8156618042251,601.1207275390625,31011100
2025-02-20,599.7574359511714,599.8947529370754,595.3245635051746,598.6198120117188,36554000
2025-02-21,598.4039822903428,598.5412992676794,587.9199448031515,588.3809204101562,76519800
2025-02-24,590.4209369132893,591.4114868830001,584.9974543500997,585.70361328125,50737200
2025-02-25,585.6447380509082,586.3704708973501,578.2009482027341,582.790771484375,58266500
2025-02-26,584.4481941378576,588.0278934374002,580.4566037497201,583.0849609375,43321600
2025-02-27,585.3504072406853,586.4979078319449,573.3855137517263,573.7777709960938,74196700
2025-02-28,574.2780198233005,583.2615078706541,571.2181376161361,582.73193359375,88744100
2025-03-03,584.6933298193593,585.8310134980443,568.727029424783,572.5224609375,74249200
2025-03-04,568.5407303426414,574.1112864169365,561.2244408531591,565.74560546875,109648200
2025-03-05,565.5788471805596,573.611051865237,562.038415848593,571.8261108398438,71230500
2025-03-06,564.3921264239905,568.991765926103,559.1354126670572,561.675537109375,80094900
2025-03-07,559.9004310284239,566.2653779091431,554.7319495414885,564.8236694335938,81158800
2025-03-10,556.654306267924,558.566687855828,544.8855094970885,549.7793579101562,99326600
2025-03-11,548.6219753669684,553.1529563050404,541.3841622094388,545.208984375,88102100
2025-03-12,551.3386407379146,552.2605321303586,543.022044250635,548.1022338867188,69588200
2025-03-13,547.7296277070824,548.3376774495224,539.0893713600639,540.7958374023438,74079400
2025-03-14,545.3953858640715,552.9666753566005,540.8644044287432,551.96630859375,62660300
2025-03-17,551.9466155584751,558.7333299355132,551.5150907128783,556.22265625,49008700
2025-03-18,553.9179548314441,554.1337472059147,548.2885573100283,550.2108154296875,66041400
2025-03-19,551.9859243939003,559.9494708906026,550.8090329217521,556.2030639648438,66556000
2025-03-20,552.4763086964069,559.5768056668136,551.7603329396793,554.5946655273438,62958200
2025-03-21,550.1543857754978,555.6728342872004,548.9247817378139,554.7776489257812,83763000
2025-03-24,561.4863807824129,565.7654388953832,560.8961948547495,564.712890625,58766800
2025-03-25,565.9129505962637,567.0048245728844,564.3292350043083,566.0703735351562,38355700
2025-03-26,565.8047238585734,566.926137079624,557.9352585138073,559.3124389648438,51848300
2025-03-27,557.9254317069114,561.5847644413973,555.7219909391279,557.8270874023438,42164200
2025-03-28,556.3024543870055,557.0303704343938,546.013105289902,546.5934448242188,71662700
2025-03-31,540.8585640195936,551.5610423029548,537.9468400615768,550.2625732421875,95328200
2025-04-01,548.3541875419536,553.7545984642982,544.6456828297712,551.8167114257812,54609600
2025-04-02,545.9933271249679,558.1614830372098,545.7572527723408,555.308837890625,76014500
2025-04-03,536.2156217305293,539.0289417295002,527.94287109375,527.94287109375,125986000
2025-04-04,515.1253487932553,517.2894637749819,496.8190194100305,497.0354309082031,217965100
2025-04-07,481.20796639726615,514.6335008889374,473.9385334512268,496.1501159667969,256611400
2025-04-08,513.3449459742151,516.4140330278881,481.17852048669357,488.37908935546875,165816600
2025-04-09,485.38869689536773,539.6683349609375,485.0050459934576,539.6683349609375,241867300
2025-04-10,523.4867529065492,524.795068576413,501.0096123168745,516.0206298828125,162331200
2025-04-11,514.4761933704091,527.6772059586904,511.5841621734685,525.2278442382812,97866300
2025-04-14,535.1728543881914,535.3991423599505,525.1491197771261,530.3233032226562,68034000
2025-04-15,530.8642142693149,534.3661235223595,528.0508951584542,528.8378295898438,56892900
2025-04-16,523.0047395671859,529.1134345891107,511.8005721602226,517.0829467773438,83484800
2025-04-17,519.0306499479765,522.5030206369137,515.3614705598376,517.8206787109375,79868100
2025-04-21,512.6562685653938,513.1874958754851,500.1635109491862,505.4950866699219,69368100
2025-04-22,511.6530596521891,520.6635725020783,510.71854848453165,518.6470336914062,75948100
2025-04-23,531.6118557355538,536.5302712837308,525.1687433752924,526.68359375,90590700
2025-04-24,527.9624825083663,538.4977524760462,526.7132455190999,537.7698364257812,64150400
2025-04-25,537.7303874976484,542.0585570888795,534.8186639244827,541.6552734375,61119600
2025-04-28,542.3931048050576,544.5178341418862,536.127047500035,541.8618774414062,47613800
2025-04-29,539.953448479556,546.3867741937128,539.5993369831574,545.2752075195312,47775100
2025-04-30,538.6354556420874,547.4394329210733,532.6841838633078,545.49169921875,93101500
2025-05-01,551.2266273384653,554.8662676970938,548.7575725536838,549.3576049804688,63186100
2025-05-02,555.5154232826195,559.1058911654948,553.2037916578166,557.5123291015625,60717300
2025-05-05,553.3907039776933,557.4041485271615,552.5349043366007,554.3153686523438,38659200
2025-05-06,548.8263293740373,554.157875203981,547.872185543118,549.68212890625,48264700
2025-05-07,551.0101522781708,554.6202527049248,546.9671688153295,551.9938354492188,55588000
2025-05-08,556.0170826268422,561.0043636579312,552.5348657113146,555.8400268554688,65130800
2025-05-09,557.2368724786456,558.2402486138279,553.5775995797053,555.1318359375,37603400
2025-05-12,571.9822603015932,573.487324465949,567.6245507869492,573.4774780273438,78993600
2025-05-13,573.890562385163,579.4680890959,573.3299158219985,577.2646484375,67947200
2025-05-14,578.2187618347115,579.3696542531599,575.9857819804191,578.0023803710938,66283500
2025-05-15,576.0054901792878,581.3271894858746,575.5529743261593,580.8255615234375,71268100
2025-05-16,581.6027001482121,584.7996705930015,579.664873035907,584.5045776367188,76052100
2025-05-19,578.5040593733968,585.8226647003453,578.5040593733968,585.1439208984375,68168500
2025-05-20,583.4127701733858,584.3570677411167,579.9796649330231,583.1766357421875,60614500
2025-05-21,578.8385787658873,582.9110418636186,572.3266004007668,573.349609375,95197700
2025-05-22,573.1527690961759,577.0481757894836,571.9231652201731,573.5758056640625,70860400
2025-05-23,566.5817726606184,572.3166619439528,566.207968279521,569.6607055664062,76029000
2025-05-27,576.507266661779,581.6617574386509,568.9919119990551,581.50439453125,72588500
2025-05-28,581.9076603733905,583.0979387188073,577.4122207207761,578.14013671875,68445500
2025-05-29,583.3831371525944,583.5208672055215,576.5072014152614,580.4222412109375,69973300
2025-05-30,579.320555390729,581.4846704969287,573.7233954302501,579.7730712890625,90601200
2025-06-02,578.1696356443219,583.1175308206884,575.51367904973,583.0388793945312,61630500
2025-06-03,582.6749573775863,587.3376063335356,582.1929021565289,586.36376953125,63606200
2025-06-04,587.2194601619697,588.1932967835147,585.7734148456988,586.2062377929688,57314200
2025-06-05,587.8785767379185,589.2262178754949,581.405924678812,583.373291015625,92278700
2025-06-06,588.8917438854173,591.0263796061765,587.1211261759919,589.3639526367188,66588700
2025-06-09,589.9344062766999,591.4394702547755,588.7244952632093,589.8950805664062,53016400
2025-06-10,590.426305457828,593.6232758793388,589.3147986704665,593.2396850585938,66247000
2025-06-11,594.3315698285918,595.1873694307895,589.491865174911,591.5477294921875,73658200
2025-06-12,590.2197163908625,593.898681640625,589.7377212700143,593.898681640625,64129000
2025-06-13,588.7344360351562,592.0297509680191,585.7636933525403,587.2589111328125,89506000
2025-06-16,590.6033640975234,594.5872686908244,590.42624830293,592.8461303710938,79984100
2025-06-17,590.4164759991057,591.9313264126861,587.0227571759267,587.7802124023438,82209400
2025-06-18,588.675394655937,591.4100028153547,586.7375074721152,587.6917114257812,76605000
2025-06-20,590.3564623402502,591.421997724495,584.9104595060545,586.3114624023438,94051400
2025-06-23,587.0611954614843,592.4874469643536,583.9534693671619,592.1027221679688,87426000
2025-06-24,596.2266384998721,599.6993983536543,595.3189312980566,598.643798828125,67735300
2025-06-25,599.7586945360007,600.4493204937829,597.4204779573378,598.9793090820312,62114800
2025-06-26,600.8242007377552,604.0996909412141,600.2125189749694,603.6655883789062,78548400
2025-06-27,604.6620460106875,608.1249909093486,602.6395460052738,606.664794921875,86258400
2025-06-30,609.1017606660369,610.9170549934429,606.793110456443,609.5654296875,92502500
2025-07-01,608.0953617899536,610.5322734636828,607.2666588703396,609.3681030273438,70030100
2025-07-02,608.9635746030316,612.1699961712587,608.3420172970813,612.1305541992188,66510400
2025-07-03,614.1036930875782,617.882354174148,614.0839419945853,616.9549560546875,51065800
2025-07-07,615.0014790783108,615.6625385416997,609.5851029977032,612.357421875,74814500
2025-07-08,613.0184402574613,613.7682592313246,611.2130216520668,612.0220336914062,59024600
2025-07-09,614.4194576258184,616.3432624074327,612.5843521193799,615.692138671875,66113300
2025-07-10,615.8302548644143,618.4644365752275,614.6562088976586,617.4285278320312,57529000
2025-07-11,614.38979053738,616.48135905139,613.1960537313187,615.2579956054688,63670200
2025-07-14,614.804107370719,616.7772896477138,613.4623578743809,616.4320068359375,51898500
2025-07-15,619.1057784945341,619.4411858079188,613.7189684346675,613.7979125976562,74317300
2025-07-16,615.3763700559891,616.3530856848711,609.7626638597798,615.8499145507812,88987500
2025-07-17,616.0276278697462,619.9739930445255,615.8105464724214,619.6187744140625,68885700
2025-07-18,620.8618249379944,621.0295285799061,618.0599396747441,619.1649169921875,65621600
2025-07-21,620.3389892578125,623.0718060276608,619.9147622533486,620.3389892578125,63375000
2025-07-22,620.6645066309135,621.2860639110608,617.7935527028395,620.427734375,60046300
2025-07-23,623.0816882564411,625.7060546875,621.2860849659141,625.7060546875,70511000
2025-07-24,626.0907872079496,627.6200518287297,625.488980993582,625.9132080078125,71307100
2025-07-25,626.5742531786653,629.0308557161836,626.3276053702117,628.5572509765625,56865400
2025-07-28,628.9322127301592,629.4847014583399,627.0182231688269,628.3994750976562,54917100
2025-07-29,629.7904151529335,630.1061315362336,625.8342353576953,626.7418823242188,60556300
2025-07-30,627.3930824208583,629.129492632239,623.0718079865017,625.9526977539062,80418900
2025-07-31,630.8857242490737,631.2704491095576,622.312243037441,623.6046752929688,103385200
2025-08-01,617.9020271938194,617.9415293786636,610.9860135753424,613.3834228515625,140103600
2025-08-04,617.280474690056,622.7560435889075,617.1917152069655,622.7067260742188,73218000
2025-08-05,623.3184070376644,624.1274190145356,618.6320990296246,619.5496215820312,68051400
2025-08-06,620.615200817688,624.9463507668227,619.7075537473198,624.2952270507812,64357500
2025-08-07,627.7087670325432,628.4388348760696,620.6743670535704,623.7722778320312,74205800
2025-08-08,625.5580097272857,629.0998986072367,625.2422933193634,628.6361694335938,64051600
2025-08-11,628.912516593768,630.3825280073482,626.1500127592028,627.3931274414062,58742300
2025-08-12,629.7313617332716,634.2302158135884,628.2514747303153,634.0723876953125,64730800
2025-08-13,636.2625497647373,637.5254154950222,634.0624705008762,636.2428588867188,60092800
2025-08-14,634.1709312549185,636.9630011917295,633.7270133914775,636.302001953125,59327500
2025-08-15,637.328112699525,637.4268079608856,633.9046697471923,634.8123168945312,68592500
2025-08-18,634.2399697526556,635.3646981112688,633.5690949992928,634.674072265625,43804900
2025-08-19,634.4965717210093,635.4732874420525,629.9187737835771,631.23095703125,69750700
2025-08-20,630.8264521540534,631.0829152899969,624.4629267215348,629.5537109375,88890300
2025-08-21,627.7483287539096,629.4156102095885,625.3114169787772,627.028076171875,54805800
2025-08-22,629.2085346450407,637.8313337606579,628.70536340136,636.6572875976562,84083200
2025-08-25,635.4041800322128,636.6374190424261,633.7368384817344,633.855224609375,51274300
2025-08-26,633.5889446007113,636.8545593934813,632.9673872646679,636.5092163085938,51581600
2025-08-27,635.9270971923372,638.6895405097797,635.7790844255956,637.95947265625,48341100
2025-08-28,638.5612839961418,640.7712386679527,636.6867968305069,640.21875,61519500
2025-08-29,638.7881685836082,639.1532627231435,634.5162720889837,636.400634765625,74522200
2025-09-02,628.9518765829083,631.9017745733,626.406454480519,631.6847534179688,81983500
2025-09-03,634.05255551225,635.5719445130327,631.8722274787872,635.1082153320312,70820900
2025-09-04,635.7790859642552,640.4457033002755,634.8813144651941,640.4160766601562,65219200
2025-09-05,642.7444163544111,643.4646688785257,634.7037341963564,638.561279296875,85178900
2025-09-08,639.9227380309984,641.1264105300318,638.5513618994769,640.1299438476562,63133100
2025-09-09,640.2680535026645,642.1327252974712,638.5415189260096,641.60986328125,66133900
2025-09-10,644.855788891868,645.7733115580726,641.9058905935132,643.4647216796875,78034500
2025-09-11,645.4082598463015,649.502637640468,644.8262047273438,648.81201171875,69934400
2025-09-12,648.7823644090812,650.2721267910674,648.0917987261137,648.5949096679688,72780100
2025-09-15,650.7950437367242,652.1762353081463,650.499078415473,652.0479736328125,63772400
2025-09-16,652.6004677140577,652.9063688014267,650.3708221309846,651.1502075195312,61169000
2025-09-17,651.1601352003632,652.8471677889224,645.5266771850337,650.3412475585938,101952200
2025-09-18,653.0148488941834,655.9746224265324,651.4165760040546,653.3798828125,90459200
2025-09-19,655.2606553211801,657.4569312262267,653.3215535907623,656.6160278320312,97945600
2025-09-22,655.131983947701,660.1676217378205,655.1022751701781,659.7224731445312,69452200
2025-09-23,659.6037721086419,660.2172101260659,654.914373896894,656.1312866210938,81708900
2025-09-24,657.4173382288552,657.5162467217733,652.6289715744526,654.043701171875,68082200
2025-09-25,650.91749472694,652.3717757310584,647.4251431178142,651.0263061523438,89622100
2025-09-26,652.4707616041429,655.3002210405111,650.8581544995363,654.756103515625,69179200
2025-09-29,657.2689872647139,658.1792111877495,654.7956708332731,656.5962524414062,73499000
2025-09-30,655.8542079251938,659.5345338964465,654.5482897020846,659.0695190429688,86288000
2025-10-01,656.0916952927918,662.2255322042525,655.9828838603935,661.3153686523438,72545400
2025-10-02,663.2939389771905,663.4126533220159,659.6631277666079,662.0770263671875,56896000
2025-10-03,662.838842966907,665.5001336306916,661.0283585893458,662.0671997070312,70494400
2025-10-06,664.451431246289,665.3319462864663,662.314512664693,664.4415283203125,54623300
2025-10-07,665.3616291701808,665.8068381763353,660.5436138980969,661.9781494140625,72020100
2025-10-08,663.0960778489103,666.0245059882836,662.2749199573431,665.925537109375,60702200
2025-10-09,666.3410972158545,666.7466945063586,662.0671995495462,663.996337890625,66501900
2025-10-10,664.9560020556908,666.7565834688588,645.8719162752307,646.0499877929688,159422600
2025-10-13,653.5985682812151,658.030731623523,652.7279561413051,655.9630126953125,79560500
2025-10-14,650.1556923521978,658.7232938317348,646.1983862715207,655.1616821289062,88779600
2025-10-15,659.7027866181304,663.0763638369173,651.896985063197,658.0703735351562,81702600
2025-10-16,659.7027147054259,661.5725563129243,650.0963324960569,653.5886840820312,110563300
2025-10-17,652.4608239631079,658.6540174880462,651.1153544209424,657.2986450195312,96500900
2025-10-20,660.197387427611,665.0352086527322,660.1479331778372,664.1348876953125,60493400
2025-10-21,664.273301038831,665.806744837326,662.8288627988705,664.1248779296875,56249000
2025-10-22,664.8274246920023,664.8274246920023,656.2202718491607,660.6722412109375,80564000
2025-10-23,660.988802941274,665.5298380529869,660.6722112216523,664.5899658203125,65604500
2025-10-24,669.2398161192735,671.2283116328227,668.4384640813665,670.0213623046875,74356500
2025-10-27,675.4428672302427,678.2228723013301,674.8393925526769,677.9260864257812,63339800
2025-10-28,679.7167206093349,681.5568533012904,677.520444889974,679.7266235351562,61738100
2025-10-29,681.3688612448931,682.338442194909,675.5813258562629,680.0531005859375,85657100
2025-10-30,676.6003572463494,678.6185613884796,672.5737915039062,672.5737915039062,76335800
2025-10-31,677.7282029402567,677.7678146457715,671.9901213244605,674.780029296875,87164100
2025-11-03,678.3514739521635,678.4800912258883,672.6826525168186,676.04638671875,57315000
2025-11-04,668.8935461650569,672.7024895383894,667.3799079726423,668.0328369140625,78427000
2025-11-05,667.7755543304748,673.5927987432043,666.9742023136038,670.3478393554688,74402400
2025-11-06,669.2496813312496,670.150002278421,661.5824008089137,663.1554565429688,85035300
2025-11-07,660.781013040124,663.9172214121945,654.1525740278607,663.808349609375,100592400
2025-11-10,670.0115034227329,674.8987789977223,667.8251303916195,674.1666870117188,75842900
2025-11-11,672.6925273614432,676.2738842563608,671.485517700804,675.7099609375,58953400
2025-11-12,677.4808612736824,677.6490902522322,673.6818813898049,676.0859375,62312500
2025-11-13,673.2366670865612,673.5928101259233,663.3632081763918,664.866943359375,103457800
2025-11-14,658.2781019123212,668.448347404196,656.1906373926532,664.7581787109375,96846700
2025-11-17,662.5519561070769,666.5191649555097,655.1022987242936,658.56494140625,90456100
2025-11-18,655.0330664835586,658.0208519047019,648.8596786437042,653.03466796875,114467500
2025-11-19,653.7272650457925,660.2172451791961,651.7189030472904,655.5574951171875,94703000
2025-11-20,665.7276649913678,668.3494043558474,644.9320631333248,645.5652465820312,165293500
2025-11-21,648.0583498819193,657.4569521849606,643.9031662606766,651.9959106445312,123956200
2025-11-24,655.6167144034767,662.9080451404715,654.5284795169995,661.5922241210938,80437900
2025-11-25,661.4933143363089,668.9924253407057,657.3875856310649,667.8151245117188,81077100
2025-11-26,670.3973686817876,674.4239350690651,669.4970476879164,672.4254760742188,71879600
2025-11-28,673.5928002628821,676.3728052050843,673.2366572287348,676.0958251953125,49212000
2025-12-01,671.5647168500374,675.7000943604489,671.4954567492206,673.0091552734375,61201200
2025-12-02,674.6415287588202,676.5212733146432,672.0792068673397,674.2557373046875,62953800
2025-12-03,673.3059439079583,677.5995871066391,672.4353317565424,676.5905151367188,57238500
2025-12-04,677.9854045442221,678.05466464181,674.0677104452674,677.0851440429688,61970300
2025-12-05,678.1535936302283,681.0424704296607,677.2731389541586,678.3712768554688,79241000
2025-12-08,679.2617413091358,679.3111955598065,674.2953027143022,676.3333129882812,55231500
2025-12-09,675.8583224740703,678.074403844281,675.3043021315176,675.7494506835938,58310100
2025-12-10,675.2747265375898,681.616283144729,674.0380683519487,680.2312622070312,85671300
2025-12-11,677.82719343181,681.8933109790751,674.8888622374254,681.8141479492188,86173700
2025-12-12,680.8247713558317,681.5272148787925,671.9208332382598,674.4832153320312,113160300
2025-12-15,678.4207075198718,678.4405133715769,671.999988545765,673.4641723632812,90811000
2025-12-16,671.9802275249427,673.8105178026394,667.7755898483048,671.6240844726562,122030600
2025-12-17,672.6331978735437,673.1773153631458,664.035948310003,664.2338256835938,110625200
2025-12-18,670.3675775068244,673.4740770479272,667.6964444022054,669.2496337890625,108650100
2025-12-19,671.3463691548195,675.8114935895343,671.2272434527378,675.3153686523438,103599500
2025-12-22,678.6394050189502,680.0483829319917,675.3153920494597,679.5225219726562,69556700
2025-12-23,678.6194459960617,682.8663040830753,678.569845619967,682.628173828125,64840000
2025-12-24,682.6183200290311,685.4760045408373,682.4694583215327,685.0294799804688,39445600
2025-12-26,685.2874813951044,686.2995351048382,683.9281038851597,684.9600219726562,41613300
2025-12-29,682.2114479341877,683.8586166189733,680.7528697076866,682.51904296875,62559500
2025-12-30,682.1222002850684,683.2235831301442,681.2589477241032,681.6856079101562,47160700
2025-12-31,681.8145855439083,682.0328514439952,676.4266760541103,676.635009765625,74144800
2026-01-02,680.3956585252009,681.5466416904673,674.5512924418268,677.8753051757812,89377200
2026-01-05,681.2191671325683,684.086783636805,681.060433809282,682.3900146484375,71927200
2026-01-06,682.5984300063299,686.9544213697425,682.4496288665487,686.4483642578125,69273800
2026-01-07,686.8254142672773,688.5817158514149,683.9776620917838,684.2356567382812,75588300
2026-01-08,683.4815439165204,685.2675815209567,682.1618346683338,684.1661987304688,64019200
2026-01-09,685.2775150455628,689.9212370510019,683.8387406584166,688.6908569335938,80125500
2026-01-12,685.3271398200249,690.6952455853734,685.2775394384523,689.7723999023438,63976000
2026-01-13,690.0998291255927,690.6952153647912,685.9919002674054,688.3931884765625,78309700
2026-01-14,685.6446980414748,686.3590889175136,680.7231166120667,685.0096435546875,94676700
2026-01-15,689.1870202593807,690.0602050162862,685.8927433241695,686.8750610351562,77862000
2026-01-16,688.2839991969948,688.869453251486,684.7515921796883,686.2994995117188,79289200
2026-01-20,676.2082832182709,679.4628915199756,671.3264313278333,672.32861328125,111623300
2026-01-21,674.3826370735425,683.402154325963,672.8743979165272,680.0880737304688,127844500
2026-01-22,684.5035723961656,685.7736813437502,681.5962874434288,683.6403198242188,77112200
2026-01-23,682.8167194920136,685.6049389887335,681.8343413244536,683.8883056640625,63059600
2026-01-26,685.138576123168,688.7503800429489,684.5729864520383,687.3612060546875,60473800
2026-01-27,688.799947686109,691.1317710154308,688.1946898528689,690.0997924804688,55506100
2026-01-28,691.6477064811113,692.4316225777728,688.5618241580821,690.0303344726562,61172200
2026-01-29,690.9928952881424,691.657685737667,679.5224893166136,688.6610717773438,97486200
2026-01-30,686.4285189892349,688.8298072906449,681.7947290319643,686.6071166992188,101835100
2026-02-02,684.2357342361453,691.528747109235,684.0769403301045,690.0205078125,79286500
2026-02-03,690.8142565672537,691.5584439188771,678.7286612443456,684.18603515625,107904600
2026-02-04,684.9996810996682,686.0911923060062,676.4762885369656,680.8719482421875,105204600
2026-02-05,675.6626239798336,678.3913111024622,670.5525129616972,672.3683471679688,113610800
2026-02-06,676.1785962582386,686.9444827733389,675.5732778299765,685.267578125,89127600
2026-02-09,684.0769172088077,690.4769412520913,683.0053309088385,688.5718383789062,73885200
2026-02-10,689.5640042757049,691.1416475283962,686.2994637039938,686.7559204101562,65185700
2026-02-11,690.9928885783248,691.7370759669038,683.8387453470867,686.5972290039062,76353900
2026-02-12,688.8595645054852,689.9609473653614,675.097063165144,675.9901123046875,118829000
2026-02-13,676.4067760275798,680.96122930703,672.2691112734435,676.46630859375,96267500
2026-02-17,674.8688419019007,679.6316291710169,670.5426469985775,677.5578002929688,81354700
2026-02-18,678.7187643851827,683.8090109802145,677.53798463666,680.9711303710938,73570300
2026-02-19,678.5401160314528,680.86194660128,676.2678252760687,679.1751098632812,58649400
2026-02-20,677.0319706522042,684.71197532004,676.4465165538227,684.0868530273438,100034000
2026-02-23,682.4992209190492,684.6523861034582,675.0970153480879,677.1013793945312,90558100
2026-02-24,676.6151751251432,683.0151380016027,674.7298762460771,682.0228881835938,73798700
2026-02-25,684.8310015582731,688.3038760705598,684.7516046120257,687.7780151367188,56369500
2026-02-26,687.9069589925494,687.926762805978,679.0461151309984,683.957763671875,71671000
2026-02-27,677.795973699009,681.5367144347911,676.35719931042,680.6734619140625,83308900
2026-03-02,673.4400139353526,683.2831159083878,672.765291276125,681.0604858398438,87477200
2026-03-03,669.8281968363514,677.3196712649806,664.4700232973693,675.057373046875,105003100
2026-03-04,676.3472549970834,681.7649608594664,674.3528231531807,679.8201293945312,79182200
2026-03-05,676.7938369684096,680.2171112774074,670.3739485451397,676.02978515625,106606500
2026-03-06,668.1909311447467,670.8700177972564,664.5692556037578,667.1689453125,100687000
2026-03-09,661.2254329083217,674.6505427155427,657.2564332632285,673.0133666992188,102667700
2026-03-10,672.4675558251363,678.0638596518006,669.5305349566006,671.9317626953125,81505300
2026-03-11,672.3286912573745,674.8093159596237,668.1215614523004,671.08837890625,68441700
2026-03-12,665.9583993556241,666.4446526664856,660.7094193200438,660.89794921875,108882200
2026-03-13,664.0831110227487,667.1293254881115,656.2343803863124,657.1571655273438,97200200
2026-03-16,663.1999840519829,666.8613885560293,661.9497395049242,663.844970703125,82023100
2026-03-17,667.1788836379297,669.2129836950214,664.5097291491037,665.5912475585938,87128000
2026-03-18,663.1800557566115,664.5295009374192,656.0656417127632,656.3037719726562,82062600
2026-03-19,651.8783782687178,657.8418097710767,650.0923405870744,654.6864624023438,111272500
2026-03-20,653.2010079047443,653.380093364961,641.4703940766159,645.301025390625,163617500
2026-03-23,654.7531040433624,659.2801583045331,650.6439158314106,652.07666015625,134802700
2026-03-24,648.0371459178807,653.7183875512989,646.604401549905,649.8877563476562,96457500
2026-03-25,655.3500504609481,657.5588924447279,650.9423865337293,653.5093994140625,90653800
2026-03-26,648.773401781548,651.5493174066021,641.5699034672713,641.8385620117188,96494400
2026-03-27,639.2615657472361,639.4207325687934,629.9188801961861,630.8939819335938,103649400
2026-03-30,636.8836547011163,637.1423539459004,626.108284608157,628.78466796875,99275900
2026-03-31,635.719508676349,648.255975728372,634.7643255692599,647.0620727539062,152534100
2026-04-01,650.6041659517412,655.2008748639518,649.7086779392242,651.9373779296875,97841500
2026-04-02,643.161809607987,654.8824636102106,641.858414876014,652.5244140625,68358700
2026-04-06,652.5542919409455,656.3948220300638,652.2160396308291,655.6088256835938,39105800
2026-04-07,653.3402849463747,656.285326673986,647.7784337275787,655.8972778320312,69980400
2026-04-08,672.980811715349,673.6673363432215,668.0756676404139,672.6027221679688,93606100
2026-04-09,671.438579338256,677.7266707213284,670.3739652533407,676.4829711914062,57134400
2026-04-10,677.885949822129,678.5923930707559,675.0304203424645,676.0353393554688,42253500
2026-04-13,673.9956432299357,682.8408497944083,673.1698703787699,682.641845703125,54185800
2026-04-14,684.2238203737314,691.0791070995066,684.193942434314,690.959716796875,63480500
2026-04-15,691.7557051691649,696.7504224001667,690.7010502942645,696.412109375,58240400
2026-04-16,697.5264615426626,699.2378238459212,695.0092450197437,698.1234130859375,49972400
2026-04-17,702.5808909886877,708.7993894133457,702.2028014262665,706.5607299804688,70661900
2026-04-20,705.20752199003,706.3317705126415,702.5808139687996,705.1477661132812,43546800
2026-04-21,706.7000123508461,707.6949720613851,699.098505587723,700.53125,58941400
2026-04-22,705.5756906371417,707.8640857857167,704.6503246823615,707.6253051757812,42518500
2026-04-23,705.9239069650033,708.7694771316526,698.7403270820959,704.8792114257812,56174000
2026-04-24,707.1676287635845,710.8688498134599,705.4364085481575,710.341552734375,45182000
2026-04-27,709.5753882284523,712.023010938504,708.7097781525541,711.5653076171875,33135900
2026-04-28,708.2321938525355,709.2868486650957,705.6751402340362,708.1028442382812,43117400
2026-04-29,707.4163145996059,708.6102783309316,704.7995658491443,707.993408203125,41859200
2026-04-30,711.0280636665188,716.1620290590424,706.8691393587039,715.0377197265625,67240900
2026-05-01,717.6146516977453,721.216400793299,716.8385540170647,717.0177001953125,43049800
2026-05-04,716.4406056700121,718.4802608161392,711.3861936216806,714.3909912109375,51950600
2026-05-05,718.1320898558575,721.3855668152729,717.8534719876392,720.1220092773438,36933200
2026-05-06,724.489821452625,730.8874657022126,724.1515691652952,730.1312866210938,53288900
2026-05-07,731.3451201928577,732.4196936796947,726.0718458933673,727.8926391601562,51724600
2026-05-08,731.2257166531052,734.359863963193,730.8675457398152,733.9021606445312,47227100
2026-05-11,732.7380586745534,737.0561496205491,732.7380586745534,735.5736694335938,44024000
2026-05-12,733.1758744234386,735.1160580011854,728.1413807257971,734.4593505859375,54185300
2026-05-13,734.7478704606156,740.1604537310201,731.7629913201908,738.5685424804688,44200200
2026-05-14,739.9018102364839,745.7521781705404,739.8122371427646,744.3989868164062,45307600
2026-05-15,738.0511867146383,739.712813256131,734.2405345152865,735.4443969726562,60410800
2026-05-18,736.1010471042457,737.682999009625,729.6935042484962,734.927001953125,47843900
2026-05-19,731.0765556379026,733.9320852676053,727.8429364442825,730.0317993164062,54255900
2026-05-20,732.0018002736176,738.1307251173267,730.1909663879147,737.5138549804688,45768000
2026-05-21,734.9170485709385,741.1156280791548,733.3151780259534,738.9764404296875,43332200
2026-05-22,742.4787264390759,745.1651298094138,740.7275876279662,741.8817749023438,41762000
2026-05-26,746.2297301040182,748.3390397979183,744.5979816306177,746.8068237304688,41123600
2026-05-27,747.0953563113346,747.5928361692701,744.4487294597059,746.677490234375,42106300
2026-05-28,746.4685193943138,751.3438462445121,745.4536410614309,750.7965698242188,41562600
2026-05-29,752.0900813404212,754.2590862562773,750.8861582097875,752.6671142578125,55075700
2026-06-01,751.5527711685265,756.4480167905853,750.8861651495049,754.7167358398438,43634900
2026-06-02,753.2144012702464,756.5674107365072,752.9357833937803,755.7415771484375,31581900
2026-06-03,754.3287420712209,754.9754294579049,749.7718095132926,750.4384155273438,51402500
2026-06-04,748.3091480570178,754.4878695071194,747.6823186029123,753.2740478515625,49923000
2026-06-05,748.5181345185488,749.0255736853693,731.82274221843,733.83251953125,93989400
2026-06-08,739.6132273185567,741.5832888174093,734.4693026781229,735.4940795898438,49319100
2026-06-09,739.881873688386,743.1354112835509,718.9479438267383,733.3350219726562,87683500
2026-06-10,729.69352181897,734.6583610930755,721.6741489247238,721.7736206054688,60341300
2026-06-11,725.0868662900759,736.2702039965386,720.7587550057447,734.04150390625,86330500
2026-06-12,736.9766163198905,740.6877965432628,731.3252525489901,738.0113525390625,57079500
2026-06-15,748.0604304424444,752.8661028247,747.9709180763429,751.0254516601562,60176400
2026-06-16,750.7468576807364,751.6323864215939,746.100412710964,746.5481567382812,67093100
2026-06-17,747.5032315039188,748.3589429763433,735.4940609532621,737.225341796875,85945200
2026-06-18,745.907751654771,746.3765582049119,742.0173878962117,744.8902587890625,80875700
2026-06-22,745.8479411927095,748.321778689857,741.2892538871644,742.546142578125,46628100
2026-06-23,731.9922892059834,737.7978798883457,730.4860198600484,731.7628784179688,66846800
2026-06-24,733.3489180103626,738.1171068570358,729.0296875445486,731.4237060546875,57439500
2026-06-25,737.0796452204372,737.5385276888334,727.7927091295785,732.4810791015625,53934400
2026-06-26,727.144386135875,734.7056273477464,714.8050317832251,727.1842651367188,71034000
2026-06-29,734.7055914816465,739.7231001504891,730.27658724538,739.1644897460938,58035200
2026-06-30,739.4537599262709,746.1671307285668,739.0547872797607,744.9202270507812,55626000
2026-07-01,743.1545925484338,747.5835968507926,740.541087308444,743.9127197265625,47100900
2026-07-02,745.5486859530862,749.4489739445169,738.1969465958291,742.9351806640625,57447800
2026-07-06,746.885320136641,750.5462122974698,745.5585975722108,749.4190673828125,50673300
2026-07-07,748.3616416292718,749.0998597580657,743.364102770238,745.85791015625,43721500
2026-07-08,741.3191472958572,744.3017921335774,737.6782249675691,743.5536499023438,43767400
2026-07-09,745.4987759890873,750.1073272936331,743.7431866839036,749.8480224609375,41441700
2026-07-10,750.187115173852,753.5487626123848,746.2468873823584,753.0799560546875,42191300
2026-07-13,750.6060836597362,752.0425191788765,746.1471851864706,747.3142700195312,44013600
2026-07-14,749.0499474324819,751.4739818301254,746.8055207475287,749.9677124023438,35143100
2026-07-15,752.3717122204262,753.7084197839658,748.3417413555546,752.9403076171875,43844800
2026-07-16,750.8953984161742,752.7009125511715,746.0274814662645,748.8604125976562,46409800
2026-07-17,740.241827732839,745.438883195828,738.9649691671198,741.4487915039062,62651000
2026-07-20,745.2094908804986,746.8753371556621,739.6732506975046,740.2518310546875,50422300
2026-07-21,744.4413918284653,747.1845799829406,742.3366329839115,746.426513671875,34324300
2026-07-22,744.7705725456777,748.1621748950539,744.5211918106933,745.55859375,32836200
2026-07-23,737.5385562389782,740.7206569606348,733.3888874570794,736.3515014648438,55437300
2026-07-24,736.6806667930385,741.8777222786117,735.4636571620507,737.099609375,44782000
2026-07-27,743.0648074406847,743.6833276942111,734.0472217265344,737.25927734375,41461200
2026-07-28,737.3589950224286,740.9500533043114,734.156924420905,739.0248413085938,47322200
2026-07-29,738.1370526174048,740.8403618199718,727.2939826612791,727.6531372070312,70697200
2026-07-30,734.2267392747757,740.6109103701467,732.7703947650456,739.852783203125,66811300
2026-07-31,742.835410914187,747.0449895804718,735.8527500027326,745.1796264648438,62445900
2026-08-03,747.5836183167282,756.7009928898597,746.9451890027125,755.793212890625,59927500
2026-08-04,758.7458651152236,771.494176400126,758.6361522059436,769.4193725585938,69154800
2026-08-05,773.928165423025,774.9256883846499,767.6039039413469,767.8831787109375,44689100
2026-08-06,768.3021872511085,769.9081846177485,765.5589990885744,766.65625,38416900
2026-08-07,769.1101628301597,772.0029428489042,767.703621378493,771.3446044921875,43586300
2026-08-10,770.6861849056471,773.1301282404592,769.7086319253093,771.1151733398438,39249500
2026-08-11,772.6115040483734,772.6912620504304,767.2946895097219,768.6513061523438,36740600
2026-08-12,772.7910096110111,772.9805414027246,769.369513273419,770.5764770507812,33179100
2026-08-13,772.9506321027081,777.4394855444215,772.1925048911166,775.9531860351562,35634500
2026-08-14,776.6114939657781,776.8708596736758,773.509212209858,774.4169921875,31367900
2026-08-17,774.2573577843602,774.8559080861019,770.5964655970525,770.7560424804688,34356600
2026-08-18,766.7959149360092,767.5939211307613,765.0202948350139,765.5490112304688,43920900
2026-08-19,768.4517358705159,770.5564946026684,766.1973243479778,767.1549682617188,40306000
2026-08-20,764.0627220124634,766.2472997692572,760.1523881029335,760.7109985351562,45520300
2026-08-21,764.1524418077088,765.9479709365374,762.2770937955632,763.8232421875,39188700
2026-08-24,762.8856098637509,763.3244615010249,760.1922857963137,761.5787963867188,32430900
2026-08-25,764.262137078792,764.8806573052586,761.159855395616,764.0127563476562,27422300
2026-08-26,762.8356805789958,765.449185749943,762.0376744224566,764.182373046875,28751600
2026-08-27,766.5964060257239,770.4468300957561,765.2596984507333,769.18994140625,34557100
2026-08-28,769.8483393622295,773.3795487683207,766.4068729286823,767.4442749023438,36744300
2026-08-31,765.4292990280279,766.097622354185,762.8257178677422,765.1499633789062,38810800
2026-09-01,760.1224772031874,762.7758614763637,757.5987149009983,759.89306640625,41126300
2026-09-02,760.5614001563074,764.5315220914426,759.8431519587122,763.2646484375,29566200
2026-09-03,765.99791709853,772.112737807933,765.5490195828438,771.2548217773438,43531600
2026-09-04,770.0977256925568,770.9555808433835,767.0951717806925,768.2822265625,34054200
2026-09-08,767.1649647963771,767.7934091111229,763.2447069992287,764.0626831054688,44746100
2026-09-09,762.1873669257697,762.5763546117217,759.055130192088,760.5115356445312,32812400
2026-09-10,756.1523365872063,758.2271404471661,754.7657651010062,755.9528198242188,42740400
2026-09-11,762.8257171109622,764.4816392943262,761.7084962835214,762.3967895507812,45512700
2026-09-14,757.119891309806,761.6287143614769,756.0525344863368,758.9952392578125,43992400
2026-09-15,758.2371341657202,758.4665449596201,754.2769973083872,755.513916015625,46195000
2026-09-16,757.6187023523285,759.7833101686804,747.7432005092232,752.1821899414062,59217700
2026-09-17,761.2596848801362,761.6786274833105,758.0775841455181,760.7109985351562,49652800
2026-09-18,761.3099975585938,762.0,757.969970703125,761.6900024414062,65308100
